document_id,source_node_id,source_node_type,source_page_number,source_text,raw_citation,level_type,major_number,minor_number,subsection,normalized_citation,target_node_id,resolution_status
greenwich-connecticut-18417c5e9074d765,greenwich-connecticut-18417c5e9074d765-node-000001,Section,4,§6-1.,§6-1,Section,6,1,,Section 6-1,,unresolved_ambiguous_multiple_nodes
greenwich-connecticut-18417c5e9074d765,greenwich-connecticut-18417c5e9074d765-node-000002,Section,4,§6-2.,§6-2,Section,6,2,,Section 6-2,,unresolved_ambiguous_multiple_nodes
greenwich-connecticut-18417c5e9074d765,greenwich-connecticut-18417c5e9074d765-node-000003,Section,4,§6-3.,§6-3,Section,6,3,,Section 6-3,,unresolved_ambiguous_multiple_nodes
greenwich-connecticut-18417c5e9074d765,greenwich-connecticut-18417c5e9074d765-node-000004,Section,4,§6-4.,§6-4,Section,6,4,,Section 6-4,,unresolved_ambiguous_multiple_nodes
greenwich-connecticut-18417c5e9074d765,greenwich-connecticut-18417c5e9074d765-node-000005,Section,4,§6-5.,§6-5,Section,6,5,,Section 6-5,greenwich-connecticut-18417c5e9074d765-node-000436,resolved_longest_heading_candidate
greenwich-connecticut-18417c5e9074d765,greenwich-connecticut-18417c5e9074d765-node-000006,Section,4,§6-6.,§6-6,Section,6,6,,Section 6-6,,unresolved_ambiguous_multiple_nodes
greenwich-connecticut-18417c5e9074d765,greenwich-connecticut-18417c5e9074d765-node-000007,Section,4,§6-7.,§6-7,Section,6,7,,Section 6-7,,unresolved_ambiguous_multiple_nodes
greenwich-connecticut-18417c5e9074d765,greenwich-connecticut-18417c5e9074d765-node-000008,Section,4,§6-8.,§6-8,Section,6,8,,Section 6-8,,unresolved_ambiguous_multiple_nodes
greenwich-connecticut-18417c5e9074d765,greenwich-connecticut-18417c5e9074d765-node-000009,Section,4,§6-9.,§6-9,Section,6,9,,Section 6-9,,unresolved_ambiguous_multiple_nodes
greenwich-connecticut-18417c5e9074d765,greenwich-connecticut-18417c5e9074d765-node-000010,Section,4,§6-10.,§6-10,Section,6,10,,Section 6-10,,unresolved_ambiguous_multiple_nodes
greenwich-connecticut-18417c5e9074d765,greenwich-connecticut-18417c5e9074d765-node-000011,Section,4,§6-11.,§6-11,Section,6,11,,Section 6-11,,unresolved_ambiguous_multiple_nodes
greenwich-connecticut-18417c5e9074d765,greenwich-connecticut-18417c5e9074d765-node-000012,Section,4,§6-12.,§6-12,Section,6,12,,Section 6-12,,unresolved_ambiguous_multiple_nodes
greenwich-connecticut-18417c5e9074d765,greenwich-connecticut-18417c5e9074d765-node-000013,Section,4,§6-13.,§6-13,Section,6,13,,Section 6-13,,unresolved_ambiguous_multiple_nodes
greenwich-connecticut-18417c5e9074d765,greenwich-connecticut-18417c5e9074d765-node-000014,Section,4,§6-14.,§6-14,Section,6,14,,Section 6-14,,unresolved_ambiguous_multiple_nodes
greenwich-connecticut-18417c5e9074d765,greenwich-connecticut-18417c5e9074d765-node-000015,Section,4,§6-14.1,§6-14,Section,6,14,,Section 6-14,,unresolved_ambiguous_multiple_nodes
greenwich-connecticut-18417c5e9074d765,greenwich-connecticut-18417c5e9074d765-node-000016,Section,4,§6-15.,§6-15,Section,6,15,,Section 6-15,,unresolved_ambiguous_multiple_nodes
greenwich-connecticut-18417c5e9074d765,greenwich-connecticut-18417c5e9074d765-node-000017,Section,4,§6-16.,§6-16,Section,6,16,,Section 6-16,,unresolved_ambiguous_multiple_nodes
greenwich-connecticut-18417c5e9074d765,greenwich-connecticut-18417c5e9074d765-node-000018,Section,4,§6-16.1,§6-16,Section,6,16,,Section 6-16,,unresolved_ambiguous_multiple_nodes
greenwich-connecticut-18417c5e9074d765,greenwich-connecticut-18417c5e9074d765-node-000019,Section,4,§6-17.,§6-17,Section,6,17,,Section 6-17,,unresolved_ambiguous_multiple_nodes
greenwich-connecticut-18417c5e9074d765,greenwich-connecticut-18417c5e9074d765-node-000020,Section,4,§6-17.1,§6-17,Section,6,17,,Section 6-17,,unresolved_ambiguous_multiple_nodes
greenwich-connecticut-18417c5e9074d765,greenwich-connecticut-18417c5e9074d765-node-000021,Section,4,§6-17.2.,§6-17,Section,6,17,,Section 6-17,,unresolved_ambiguous_multiple_nodes
greenwich-connecticut-18417c5e9074d765,greenwich-connecticut-18417c5e9074d765-node-000022,Section,4,§6-18.,§6-18,Section,6,18,,Section 6-18,,unresolved_ambiguous_multiple_nodes
greenwich-connecticut-18417c5e9074d765,greenwich-connecticut-18417c5e9074d765-node-000023,Section,4,§6-19.,§6-19,Section,6,19,,Section 6-19,,unresolved_ambiguous_multiple_nodes
greenwich-connecticut-18417c5e9074d765,greenwich-connecticut-18417c5e9074d765-node-000024,Section,4,§6-20.,§6-20,Section,6,20,,Section 6-20,,unresolved_ambiguous_multiple_nodes
greenwich-connecticut-18417c5e9074d765,greenwich-connecticut-18417c5e9074d765-node-000025,Section,4,§6-21.,§6-21,Section,6,21,,Section 6-21,greenwich-connecticut-18417c5e9074d765-node-000588,resolved_longest_heading_candidate
greenwich-connecticut-18417c5e9074d765,greenwich-connecticut-18417c5e9074d765-node-000026,Section,4,§6-22.,§6-22,Section,6,22,,Section 6-22,greenwich-connecticut-18417c5e9074d765-node-000590,resolved_longest_heading_candidate
greenwich-connecticut-18417c5e9074d765,greenwich-connecticut-18417c5e9074d765-node-000027,Section,4,§6-23.,§6-23,Section,6,23,,Section 6-23,greenwich-connecticut-18417c5e9074d765-node-000649,resolved_longest_heading_candidate
greenwich-connecticut-18417c5e9074d765,greenwich-connecticut-18417c5e9074d765-node-000028,Section,4,§6-24.,§6-24,Section,6,24,,Section 6-24,greenwich-connecticut-18417c5e9074d765-node-000615,resolved_longest_heading_candidate
greenwich-connecticut-18417c5e9074d765,greenwich-connecticut-18417c5e9074d765-node-000029,Section,4,§6-25.,§6-25,Section,6,25,,Section 6-25,greenwich-connecticut-18417c5e9074d765-node-000618,resolved_longest_heading_candidate
greenwich-connecticut-18417c5e9074d765,greenwich-connecticut-18417c5e9074d765-node-000030,Section,4,§6-26.,§6-26,Section,6,26,,Section 6-26,greenwich-connecticut-18417c5e9074d765-node-000621,resolved_longest_heading_candidate
greenwich-connecticut-18417c5e9074d765,greenwich-connecticut-18417c5e9074d765-node-000031,Section,4,§6-27.,§6-27,Section,6,27,,Section 6-27,greenwich-connecticut-18417c5e9074d765-node-000622,resolved_longest_heading_candidate
greenwich-connecticut-18417c5e9074d765,greenwich-connecticut-18417c5e9074d765-node-000032,Section,4,§6-28.,§6-28,Section,6,28,,Section 6-28,greenwich-connecticut-18417c5e9074d765-node-000626,resolved_longest_heading_candidate
greenwich-connecticut-18417c5e9074d765,greenwich-connecticut-18417c5e9074d765-node-000033,Section,4,§6-29.,§6-29,Section,6,29,,Section 6-29,greenwich-connecticut-18417c5e9074d765-node-000627,resolved_longest_heading_candidate
greenwich-connecticut-18417c5e9074d765,greenwich-connecticut-18417c5e9074d765-node-000034,Section,4,§6-30.,§6-30,Section,6,30,,Section 6-30,greenwich-connecticut-18417c5e9074d765-node-000630,resolved_longest_heading_candidate
greenwich-connecticut-18417c5e9074d765,greenwich-connecticut-18417c5e9074d765-node-000035,Section,4,§6-31.,§6-31,Section,6,31,,Section 6-31,greenwich-connecticut-18417c5e9074d765-node-000644,resolved_longest_heading_candidate
greenwich-connecticut-18417c5e9074d765,greenwich-connecticut-18417c5e9074d765-node-000036,Section,4,§6-32.,§6-32,Section,6,32,,Section 6-32,greenwich-connecticut-18417c5e9074d765-node-000656,resolved_longest_heading_candidate
greenwich-connecticut-18417c5e9074d765,greenwich-connecticut-18417c5e9074d765-node-000037,Section,4,§6-33.,§6-33,Section,6,33,,Section 6-33,greenwich-connecticut-18417c5e9074d765-node-000668,resolved_longest_heading_candidate
greenwich-connecticut-18417c5e9074d765,greenwich-connecticut-18417c5e9074d765-node-000038,Section,4,§6-34.,§6-34,Section,6,34,,Section 6-34,greenwich-connecticut-18417c5e9074d765-node-000676,resolved_longest_heading_candidate
greenwich-connecticut-18417c5e9074d765,greenwich-connecticut-18417c5e9074d765-node-000039,Section,5,§6-35.,§6-35,Section,6,35,,Section 6-35,,unresolved_ambiguous_multiple_nodes
greenwich-connecticut-18417c5e9074d765,greenwich-connecticut-18417c5e9074d765-node-000040,Section,5,§6-36.,§6-36,Section,6,36,,Section 6-36,greenwich-connecticut-18417c5e9074d765-node-000692,resolved_longest_heading_candidate
greenwich-connecticut-18417c5e9074d765,greenwich-connecticut-18417c5e9074d765-node-000041,Section,5,§6-37.,§6-37,Section,6,37,,Section 6-37,greenwich-connecticut-18417c5e9074d765-node-000693,resolved_longest_heading_candidate
greenwich-connecticut-18417c5e9074d765,greenwich-connecticut-18417c5e9074d765-node-000042,Section,5,§6-38.,§6-38,Section,6,38,,Section 6-38,greenwich-connecticut-18417c5e9074d765-node-000694,resolved_longest_heading_candidate
greenwich-connecticut-18417c5e9074d765,greenwich-connecticut-18417c5e9074d765-node-000043,Section,5,§6-39.,§6-39,Section,6,39,,Section 6-39,greenwich-connecticut-18417c5e9074d765-node-000701,resolved_longest_heading_candidate
greenwich-connecticut-18417c5e9074d765,greenwich-connecticut-18417c5e9074d765-node-000044,Section,5,§6-40.,§6-40,Section,6,40,,Section 6-40,greenwich-connecticut-18417c5e9074d765-node-000702,resolved_longest_heading_candidate
greenwich-connecticut-18417c5e9074d765,greenwich-connecticut-18417c5e9074d765-node-000045,Section,5,§6-41.,§6-41,Section,6,41,,Section 6-41,greenwich-connecticut-18417c5e9074d765-node-000705,resolved_longest_heading_candidate
greenwich-connecticut-18417c5e9074d765,greenwich-connecticut-18417c5e9074d765-node-000046,Section,5,§6-42.,§6-42,Section,6,42,,Section 6-42,greenwich-connecticut-18417c5e9074d765-node-000706,resolved_longest_heading_candidate
greenwich-connecticut-18417c5e9074d765,greenwich-connecticut-18417c5e9074d765-node-000047,Section,5,§6-43.,§6-43,Section,6,43,,Section 6-43,,unresolved_ambiguous_multiple_nodes
greenwich-connecticut-18417c5e9074d765,greenwich-connecticut-18417c5e9074d765-node-000048,Section,5,§6-43.1,§6-43,Section,6,43,,Section 6-43,,unresolved_ambiguous_multiple_nodes
greenwich-connecticut-18417c5e9074d765,greenwich-connecticut-18417c5e9074d765-node-000049,Section,5,§6-44.,§6-44,Section,6,44,,Section 6-44,greenwich-connecticut-18417c5e9074d765-node-000722,resolved_longest_heading_candidate
greenwich-connecticut-18417c5e9074d765,greenwich-connecticut-18417c5e9074d765-node-000050,Section,5,§6-45.,§6-45,Section,6,45,,Section 6-45,greenwich-connecticut-18417c5e9074d765-node-000731,resolved_longest_heading_candidate
greenwich-connecticut-18417c5e9074d765,greenwich-connecticut-18417c5e9074d765-node-000051,Section,5,§6-46.,§6-46,Section,6,46,,Section 6-46,greenwich-connecticut-18417c5e9074d765-node-000732,resolved_longest_heading_candidate
greenwich-connecticut-18417c5e9074d765,greenwich-connecticut-18417c5e9074d765-node-000052,Section,5,§6-47.,§6-47,Section,6,47,,Section 6-47,greenwich-connecticut-18417c5e9074d765-node-000735,resolved_longest_heading_candidate
greenwich-connecticut-18417c5e9074d765,greenwich-connecticut-18417c5e9074d765-node-000053,Section,5,§6-48.,§6-48,Section,6,48,,Section 6-48,,unresolved_ambiguous_multiple_nodes
greenwich-connecticut-18417c5e9074d765,greenwich-connecticut-18417c5e9074d765-node-000054,Section,5,§6-49.,§6-49,Section,6,49,,Section 6-49,greenwich-connecticut-18417c5e9074d765-node-000743,resolved_longest_heading_candidate
greenwich-connecticut-18417c5e9074d765,greenwich-connecticut-18417c5e9074d765-node-000055,Section,5,§6-50.,§6-50,Section,6,50,,Section 6-50,greenwich-connecticut-18417c5e9074d765-node-000751,resolved_longest_heading_candidate
greenwich-connecticut-18417c5e9074d765,greenwich-connecticut-18417c5e9074d765-node-000056,Section,5,§6-51.,§6-51,Section,6,51,,Section 6-51,greenwich-connecticut-18417c5e9074d765-node-000757,resolved_longest_heading_candidate
greenwich-connecticut-18417c5e9074d765,greenwich-connecticut-18417c5e9074d765-node-000057,Section,5,§6-52.,§6-52,Section,6,52,,Section 6-52,greenwich-connecticut-18417c5e9074d765-node-000758,resolved_longest_heading_candidate
greenwich-connecticut-18417c5e9074d765,greenwich-connecticut-18417c5e9074d765-node-000058,Section,5,§6-53.,§6-53,Section,6,53,,Section 6-53,greenwich-connecticut-18417c5e9074d765-node-000759,resolved_longest_heading_candidate
greenwich-connecticut-18417c5e9074d765,greenwich-connecticut-18417c5e9074d765-node-000059,Section,5,§6-54.,§6-54,Section,6,54,,Section 6-54,greenwich-connecticut-18417c5e9074d765-node-000760,resolved_longest_heading_candidate
greenwich-connecticut-18417c5e9074d765,greenwich-connecticut-18417c5e9074d765-node-000060,Section,5,§6-55.,§6-55,Section,6,55,,Section 6-55,greenwich-connecticut-18417c5e9074d765-node-000761,resolved_longest_heading_candidate
greenwich-connecticut-18417c5e9074d765,greenwich-connecticut-18417c5e9074d765-node-000061,Section,5,§6-56.,§6-56,Section,6,56,,Section 6-56,greenwich-connecticut-18417c5e9074d765-node-000764,resolved_longest_heading_candidate
greenwich-connecticut-18417c5e9074d765,greenwich-connecticut-18417c5e9074d765-node-000062,Section,5,§6-57.,§6-57,Section,6,57,,Section 6-57,greenwich-connecticut-18417c5e9074d765-node-000767,resolved_longest_heading_candidate
greenwich-connecticut-18417c5e9074d765,greenwich-connecticut-18417c5e9074d765-node-000063,Section,5,§6-58.,§6-58,Section,6,58,,Section 6-58,greenwich-connecticut-18417c5e9074d765-node-000771,resolved_longest_heading_candidate
greenwich-connecticut-18417c5e9074d765,greenwich-connecticut-18417c5e9074d765-node-000064,Section,5,§6-59.,§6-59,Section,6,59,,Section 6-59,greenwich-connecticut-18417c5e9074d765-node-000784,resolved_longest_heading_candidate
greenwich-connecticut-18417c5e9074d765,greenwich-connecticut-18417c5e9074d765-node-000065,Section,5,§6-60.,§6-60,Section,6,60,,Section 6-60,greenwich-connecticut-18417c5e9074d765-node-000785,resolved_longest_heading_candidate
greenwich-connecticut-18417c5e9074d765,greenwich-connecticut-18417c5e9074d765-node-000066,Section,5,§6-61.,§6-61,Section,6,61,,Section 6-61,greenwich-connecticut-18417c5e9074d765-node-000786,resolved_longest_heading_candidate
greenwich-connecticut-18417c5e9074d765,greenwich-connecticut-18417c5e9074d765-node-000067,Section,5,§6-62.,§6-62,Section,6,62,,Section 6-62,,unresolved_ambiguous_multiple_nodes
greenwich-connecticut-18417c5e9074d765,greenwich-connecticut-18417c5e9074d765-node-000068,Section,5,§6-63.,§6-63,Section,6,63,,Section 6-63,greenwich-connecticut-18417c5e9074d765-node-000801,resolved_longest_heading_candidate
greenwich-connecticut-18417c5e9074d765,greenwich-connecticut-18417c5e9074d765-node-000069,Section,5,§6-64.,§6-64,Section,6,64,,Section 6-64,greenwich-connecticut-18417c5e9074d765-node-000802,resolved_longest_heading_candidate
greenwich-connecticut-18417c5e9074d765,greenwich-connecticut-18417c5e9074d765-node-000070,Section,5,§6-65.,§6-65,Section,6,65,,Section 6-65,greenwich-connecticut-18417c5e9074d765-node-000808,resolved_longest_heading_candidate
greenwich-connecticut-18417c5e9074d765,greenwich-connecticut-18417c5e9074d765-node-000071,Section,5,§6-66.,§6-66,Section,6,66,,Section 6-66,greenwich-connecticut-18417c5e9074d765-node-000809,resolved_longest_heading_candidate
greenwich-connecticut-18417c5e9074d765,greenwich-connecticut-18417c5e9074d765-node-000072,Section,5,§6-67.,§6-67,Section,6,67,,Section 6-67,greenwich-connecticut-18417c5e9074d765-node-000811,resolved_longest_heading_candidate
greenwich-connecticut-18417c5e9074d765,greenwich-connecticut-18417c5e9074d765-node-000073,Section,5,§6-68.,§6-68,Section,6,68,,Section 6-68,greenwich-connecticut-18417c5e9074d765-node-000812,resolved_longest_heading_candidate
greenwich-connecticut-18417c5e9074d765,greenwich-connecticut-18417c5e9074d765-node-000074,Section,5,§6-69.,§6-69,Section,6,69,,Section 6-69,greenwich-connecticut-18417c5e9074d765-node-000813,resolved_longest_heading_candidate
greenwich-connecticut-18417c5e9074d765,greenwich-connecticut-18417c5e9074d765-node-000075,Section,5,§6-70.,§6-70,Section,6,70,,Section 6-70,greenwich-connecticut-18417c5e9074d765-node-000816,resolved_longest_heading_candidate
greenwich-connecticut-18417c5e9074d765,greenwich-connecticut-18417c5e9074d765-node-000076,Section,5,§6-71.,§6-71,Section,6,71,,Section 6-71,greenwich-connecticut-18417c5e9074d765-node-000825,resolved_longest_heading_candidate
greenwich-connecticut-18417c5e9074d765,greenwich-connecticut-18417c5e9074d765-node-000077,Section,5,§6-71.1,§6-71,Section,6,71,,Section 6-71,greenwich-connecticut-18417c5e9074d765-node-000825,resolved_longest_heading_candidate
greenwich-connecticut-18417c5e9074d765,greenwich-connecticut-18417c5e9074d765-node-000078,Section,5,§6-72.,§6-72,Section,6,72,,Section 6-72,greenwich-connecticut-18417c5e9074d765-node-000828,resolved_longest_heading_candidate
greenwich-connecticut-18417c5e9074d765,greenwich-connecticut-18417c5e9074d765-node-000079,Section,5,§6-73.,§6-73,Section,6,73,,Section 6-73,greenwich-connecticut-18417c5e9074d765-node-000832,resolved_longest_heading_candidate
greenwich-connecticut-18417c5e9074d765,greenwich-connecticut-18417c5e9074d765-node-000080,Section,5,§6-74.,§6-74,Section,6,74,,Section 6-74,greenwich-connecticut-18417c5e9074d765-node-000833,resolved_longest_heading_candidate
greenwich-connecticut-18417c5e9074d765,greenwich-connecticut-18417c5e9074d765-node-000081,Section,6,§6-74.1,§6-74,Section,6,74,,Section 6-74,greenwich-connecticut-18417c5e9074d765-node-000833,resolved_longest_heading_candidate
greenwich-connecticut-18417c5e9074d765,greenwich-connecticut-18417c5e9074d765-node-000082,Section,6,§6-75,§6-75,Section,6,75,,Section 6-75,greenwich-connecticut-18417c5e9074d765-node-000844,resolved_longest_heading_candidate
greenwich-connecticut-18417c5e9074d765,greenwich-connecticut-18417c5e9074d765-node-000083,Section,6,§6-76.,§6-76,Section,6,76,,Section 6-76,greenwich-connecticut-18417c5e9074d765-node-000845,resolved_longest_heading_candidate
greenwich-connecticut-18417c5e9074d765,greenwich-connecticut-18417c5e9074d765-node-000084,Section,6,§6-77.,§6-77,Section,6,77,,Section 6-77,greenwich-connecticut-18417c5e9074d765-node-000849,resolved_longest_heading_candidate
greenwich-connecticut-18417c5e9074d765,greenwich-connecticut-18417c5e9074d765-node-000085,Section,6,§6-78.,§6-78,Section,6,78,,Section 6-78,greenwich-connecticut-18417c5e9074d765-node-000854,resolved_longest_heading_candidate
greenwich-connecticut-18417c5e9074d765,greenwich-connecticut-18417c5e9074d765-node-000086,Section,6,§6-79.,§6-79,Section,6,79,,Section 6-79,greenwich-connecticut-18417c5e9074d765-node-000855,resolved_longest_heading_candidate
greenwich-connecticut-18417c5e9074d765,greenwich-connecticut-18417c5e9074d765-node-000087,Section,6,§6-80.,§6-80,Section,6,80,,Section 6-80,greenwich-connecticut-18417c5e9074d765-node-000856,resolved_longest_heading_candidate
greenwich-connecticut-18417c5e9074d765,greenwich-connecticut-18417c5e9074d765-node-000088,Section,6,§6-81.,§6-81,Section,6,81,,Section 6-81,greenwich-connecticut-18417c5e9074d765-node-000857,resolved_longest_heading_candidate
greenwich-connecticut-18417c5e9074d765,greenwich-connecticut-18417c5e9074d765-node-000089,Section,6,§6-82.,§6-82,Section,6,82,,Section 6-82,greenwich-connecticut-18417c5e9074d765-node-000862,resolved_longest_heading_candidate
greenwich-connecticut-18417c5e9074d765,greenwich-connecticut-18417c5e9074d765-node-000090,Section,6,§6-83.,§6-83,Section,6,83,,Section 6-83,greenwich-connecticut-18417c5e9074d765-node-000867,resolved_longest_heading_candidate
greenwich-connecticut-18417c5e9074d765,greenwich-connecticut-18417c5e9074d765-node-000091,Section,6,§6-84.,§6-84,Section,6,84,,Section 6-84,greenwich-connecticut-18417c5e9074d765-node-000873,resolved_longest_heading_candidate
greenwich-connecticut-18417c5e9074d765,greenwich-connecticut-18417c5e9074d765-node-000092,Section,6,§6-85.,§6-85,Section,6,85,,Section 6-85,greenwich-connecticut-18417c5e9074d765-node-000874,resolved_longest_heading_candidate
greenwich-connecticut-18417c5e9074d765,greenwich-connecticut-18417c5e9074d765-node-000093,Section,6,§6-86.,§6-86,Section,6,86,,Section 6-86,greenwich-connecticut-18417c5e9074d765-node-000914,resolved_longest_heading_candidate
greenwich-connecticut-18417c5e9074d765,greenwich-connecticut-18417c5e9074d765-node-000094,Section,6,§6-87.,§6-87,Section,6,87,,Section 6-87,greenwich-connecticut-18417c5e9074d765-node-000878,resolved_longest_heading_candidate
greenwich-connecticut-18417c5e9074d765,greenwich-connecticut-18417c5e9074d765-node-000095,Section,6,§6-88.,§6-88,Section,6,88,,Section 6-88,greenwich-connecticut-18417c5e9074d765-node-000886,resolved_longest_heading_candidate
greenwich-connecticut-18417c5e9074d765,greenwich-connecticut-18417c5e9074d765-node-000096,Section,6,§6-89.,§6-89,Section,6,89,,Section 6-89,,unresolved_ambiguous_multiple_nodes
greenwich-connecticut-18417c5e9074d765,greenwich-connecticut-18417c5e9074d765-node-000097,Section,6,§6-90.,§6-90,Section,6,90,,Section 6-90,greenwich-connecticut-18417c5e9074d765-node-000897,resolved_longest_heading_candidate
greenwich-connecticut-18417c5e9074d765,greenwich-connecticut-18417c5e9074d765-node-000098,Section,6,§6-91.,§6-91,Section,6,91,,Section 6-91,greenwich-connecticut-18417c5e9074d765-node-000906,resolved_longest_heading_candidate
greenwich-connecticut-18417c5e9074d765,greenwich-connecticut-18417c5e9074d765-node-000099,Section,6,§6-92.,§6-92,Section,6,92,,Section 6-92,greenwich-connecticut-18417c5e9074d765-node-000911,resolved_longest_heading_candidate
greenwich-connecticut-18417c5e9074d765,greenwich-connecticut-18417c5e9074d765-node-000100,Section,6,§6-93.,§6-93,Section,6,93,,Section 6-93,greenwich-connecticut-18417c5e9074d765-node-000924,resolved_longest_heading_candidate
greenwich-connecticut-18417c5e9074d765,greenwich-connecticut-18417c5e9074d765-node-000101,Section,6,§6-94.,§6-94,Section,6,94,,Section 6-94,greenwich-connecticut-18417c5e9074d765-node-000929,resolved_longest_heading_candidate
greenwich-connecticut-18417c5e9074d765,greenwich-connecticut-18417c5e9074d765-node-000102,Section,6,§6-95.,§6-95,Section,6,95,,Section 6-95,greenwich-connecticut-18417c5e9074d765-node-000990,resolved_longest_heading_candidate
greenwich-connecticut-18417c5e9074d765,greenwich-connecticut-18417c5e9074d765-node-000103,Section,6,§6-96.,§6-96,Section,6,96,,Section 6-96,greenwich-connecticut-18417c5e9074d765-node-001031,resolved_longest_heading_candidate
greenwich-connecticut-18417c5e9074d765,greenwich-connecticut-18417c5e9074d765-node-000104,Section,6,§6-97.,§6-97,Section,6,97,,Section 6-97,greenwich-connecticut-18417c5e9074d765-node-001036,resolved_longest_heading_candidate
greenwich-connecticut-18417c5e9074d765,greenwich-connecticut-18417c5e9074d765-node-000105,Section,6,§6-98.,§6-98,Section,6,98,,Section 6-98,greenwich-connecticut-18417c5e9074d765-node-002650,resolved_longest_heading_candidate
greenwich-connecticut-18417c5e9074d765,greenwich-connecticut-18417c5e9074d765-node-000106,Section,6,§6-98.1.,§6-98,Section,6,98,,Section 6-98,greenwich-connecticut-18417c5e9074d765-node-002650,resolved_longest_heading_candidate
greenwich-connecticut-18417c5e9074d765,greenwich-connecticut-18417c5e9074d765-node-000107,Section,6,§6-99.,§6-99,Section,6,99,,Section 6-99,,unresolved_ambiguous_multiple_nodes
greenwich-connecticut-18417c5e9074d765,greenwich-connecticut-18417c5e9074d765-node-000108,Section,6,§6-100.,§6-100,Section,6,100,,Section 6-100,,unresolved_ambiguous_multiple_nodes
greenwich-connecticut-18417c5e9074d765,greenwich-connecticut-18417c5e9074d765-node-000109,Section,6,§6-100.1,§6-100,Section,6,100,,Section 6-100,,unresolved_ambiguous_multiple_nodes
greenwich-connecticut-18417c5e9074d765,greenwich-connecticut-18417c5e9074d765-node-000110,Section,6,§6-101.,§6-101,Section,6,101,,Section 6-101,,unresolved_ambiguous_multiple_nodes
greenwich-connecticut-18417c5e9074d765,greenwich-connecticut-18417c5e9074d765-node-000111,Section,6,§6-102.,§6-102,Section,6,102,,Section 6-102,,unresolved_ambiguous_multiple_nodes
greenwich-connecticut-18417c5e9074d765,greenwich-connecticut-18417c5e9074d765-node-000112,Section,6,§6-103.,§6-103,Section,6,103,,Section 6-103,,unresolved_ambiguous_multiple_nodes
greenwich-connecticut-18417c5e9074d765,greenwich-connecticut-18417c5e9074d765-node-000113,Section,6,§6-103.1,§6-103,Section,6,103,,Section 6-103,,unresolved_ambiguous_multiple_nodes
greenwich-connecticut-18417c5e9074d765,greenwich-connecticut-18417c5e9074d765-node-000114,Section,6,§6-104.,§6-104,Section,6,104,,Section 6-104,,unresolved_ambiguous_multiple_nodes
greenwich-connecticut-18417c5e9074d765,greenwich-connecticut-18417c5e9074d765-node-000115,Section,7,§6-104.1,§6-104,Section,6,104,,Section 6-104,,unresolved_ambiguous_multiple_nodes
greenwich-connecticut-18417c5e9074d765,greenwich-connecticut-18417c5e9074d765-node-000116,Section,7,§6-105.,§6-105,Section,6,105,,Section 6-105,greenwich-connecticut-18417c5e9074d765-node-001188,resolved_longest_heading_candidate
greenwich-connecticut-18417c5e9074d765,greenwich-connecticut-18417c5e9074d765-node-000117,Section,7,§6-106.,§6-106,Section,6,106,,Section 6-106,greenwich-connecticut-18417c5e9074d765-node-001194,resolved_longest_heading_candidate
greenwich-connecticut-18417c5e9074d765,greenwich-connecticut-18417c5e9074d765-node-000118,Section,7,§6-107.,§6-107,Section,6,107,,Section 6-107,greenwich-connecticut-18417c5e9074d765-node-001198,resolved_longest_heading_candidate
greenwich-connecticut-18417c5e9074d765,greenwich-connecticut-18417c5e9074d765-node-000119,Section,7,§6-108.,§6-108,Section,6,108,,Section 6-108,greenwich-connecticut-18417c5e9074d765-node-001293,resolved_longest_heading_candidate
greenwich-connecticut-18417c5e9074d765,greenwich-connecticut-18417c5e9074d765-node-000120,Section,7,§6-109,§6-109,Section,6,109,,Section 6-109,greenwich-connecticut-18417c5e9074d765-node-001341,resolved_longest_heading_candidate
greenwich-connecticut-18417c5e9074d765,greenwich-connecticut-18417c5e9074d765-node-000121,Section,7,§6-110.,§6-110,Section,6,110,,Section 6-110,,unresolved_ambiguous_multiple_nodes
greenwich-connecticut-18417c5e9074d765,greenwich-connecticut-18417c5e9074d765-node-000122,Section,7,§6-111.,§6-111,Section,6,111,,Section 6-111,greenwich-connecticut-18417c5e9074d765-node-001541,resolved_longest_heading_candidate
greenwich-connecticut-18417c5e9074d765,greenwich-connecticut-18417c5e9074d765-node-000123,Section,7,§6-112.,§6-112,Section,6,112,,Section 6-112,greenwich-connecticut-18417c5e9074d765-node-001561,resolved_longest_heading_candidate
greenwich-connecticut-18417c5e9074d765,greenwich-connecticut-18417c5e9074d765-node-000124,Section,7,§6-113.,§6-113,Section,6,113,,Section 6-113,,unresolved_ambiguous_multiple_nodes
greenwich-connecticut-18417c5e9074d765,greenwich-connecticut-18417c5e9074d765-node-000125,Section,7,§6-114.,§6-114,Section,6,114,,Section 6-114,greenwich-connecticut-18417c5e9074d765-node-001627,resolved_longest_heading_candidate
greenwich-connecticut-18417c5e9074d765,greenwich-connecticut-18417c5e9074d765-node-000126,Section,7,§6-115,§6-115,Section,6,115,,Section 6-115,greenwich-connecticut-18417c5e9074d765-node-001670,resolved_longest_heading_candidate
greenwich-connecticut-18417c5e9074d765,greenwich-connecticut-18417c5e9074d765-node-000127,Section,7,§6-116,§6-116,Section,6,116,,Section 6-116,greenwich-connecticut-18417c5e9074d765-node-001738,resolved_longest_heading_candidate
greenwich-connecticut-18417c5e9074d765,greenwich-connecticut-18417c5e9074d765-node-000128,Section,7,§6-117.,§6-117,Section,6,117,,Section 6-117,greenwich-connecticut-18417c5e9074d765-node-001741,resolved_longest_heading_candidate
greenwich-connecticut-18417c5e9074d765,greenwich-connecticut-18417c5e9074d765-node-000129,Section,7,§6-118.,§6-118,Section,6,118,,Section 6-118,greenwich-connecticut-18417c5e9074d765-node-001743,resolved_longest_heading_candidate
greenwich-connecticut-18417c5e9074d765,greenwich-connecticut-18417c5e9074d765-node-000130,Section,7,§6-118.1,§6-118,Section,6,118,,Section 6-118,greenwich-connecticut-18417c5e9074d765-node-001743,resolved_longest_heading_candidate
greenwich-connecticut-18417c5e9074d765,greenwich-connecticut-18417c5e9074d765-node-000131,Section,7,§6-119.,§6-119,Section,6,119,,Section 6-119,,unresolved_ambiguous_multiple_nodes
greenwich-connecticut-18417c5e9074d765,greenwich-connecticut-18417c5e9074d765-node-000132,Section,7,§6-120.,§6-120,Section,6,120,,Section 6-120,greenwich-connecticut-18417c5e9074d765-node-001746,resolved_longest_heading_candidate
greenwich-connecticut-18417c5e9074d765,greenwich-connecticut-18417c5e9074d765-node-000133,Section,7,§6-121.,§6-121,Section,6,121,,Section 6-121,greenwich-connecticut-18417c5e9074d765-node-001749,resolved_longest_heading_candidate
greenwich-connecticut-18417c5e9074d765,greenwich-connecticut-18417c5e9074d765-node-000134,Section,7,§6-122.,§6-122,Section,6,122,,Section 6-122,greenwich-connecticut-18417c5e9074d765-node-001750,resolved_longest_heading_candidate
greenwich-connecticut-18417c5e9074d765,greenwich-connecticut-18417c5e9074d765-node-000135,Section,7,§6-123.,§6-123,Section,6,123,,Section 6-123,greenwich-connecticut-18417c5e9074d765-node-001751,resolved_longest_heading_candidate
greenwich-connecticut-18417c5e9074d765,greenwich-connecticut-18417c5e9074d765-node-000136,Section,7,§6-124.,§6-124,Section,6,124,,Section 6-124,greenwich-connecticut-18417c5e9074d765-node-001755,resolved_longest_heading_candidate
greenwich-connecticut-18417c5e9074d765,greenwich-connecticut-18417c5e9074d765-node-000137,Section,7,§6-125.,§6-125,Section,6,125,,Section 6-125,greenwich-connecticut-18417c5e9074d765-node-001758,resolved_longest_heading_candidate
greenwich-connecticut-18417c5e9074d765,greenwich-connecticut-18417c5e9074d765-node-000138,Section,7,§6-126.,§6-126,Section,6,126,,Section 6-126,,unresolved_ambiguous_multiple_nodes
greenwich-connecticut-18417c5e9074d765,greenwich-connecticut-18417c5e9074d765-node-000139,Section,7,§6-127.,§6-127,Section,6,127,,Section 6-127,greenwich-connecticut-18417c5e9074d765-node-001762,resolved_longest_heading_candidate
greenwich-connecticut-18417c5e9074d765,greenwich-connecticut-18417c5e9074d765-node-000140,Section,7,§6-128.,§6-128,Section,6,128,,Section 6-128,greenwich-connecticut-18417c5e9074d765-node-001773,resolved_longest_heading_candidate
greenwich-connecticut-18417c5e9074d765,greenwich-connecticut-18417c5e9074d765-node-000141,Section,7,§6-129.,§6-129,Section,6,129,,Section 6-129,greenwich-connecticut-18417c5e9074d765-node-001781,resolved_longest_heading_candidate
greenwich-connecticut-18417c5e9074d765,greenwich-connecticut-18417c5e9074d765-node-000142,Section,7,§6-130.,§6-130,Section,6,130,,Section 6-130,greenwich-connecticut-18417c5e9074d765-node-001784,resolved_longest_heading_candidate
greenwich-connecticut-18417c5e9074d765,greenwich-connecticut-18417c5e9074d765-node-000143,Section,7,§6-131.,§6-131,Section,6,131,,Section 6-131,greenwich-connecticut-18417c5e9074d765-node-001787,resolved_longest_heading_candidate
greenwich-connecticut-18417c5e9074d765,greenwich-connecticut-18417c5e9074d765-node-000144,Section,7,§6-132.,§6-132,Section,6,132,,Section 6-132,greenwich-connecticut-18417c5e9074d765-node-001798,resolved_longest_heading_candidate
greenwich-connecticut-18417c5e9074d765,greenwich-connecticut-18417c5e9074d765-node-000145,Section,7,§6-133.,§6-133,Section,6,133,,Section 6-133,greenwich-connecticut-18417c5e9074d765-node-001805,resolved_longest_heading_candidate
greenwich-connecticut-18417c5e9074d765,greenwich-connecticut-18417c5e9074d765-node-000146,Section,7,§6-134.,§6-134,Section,6,134,,Section 6-134,,unresolved_ambiguous_multiple_nodes
greenwich-connecticut-18417c5e9074d765,greenwich-connecticut-18417c5e9074d765-node-000147,Section,7,§6-135.,§6-135,Section,6,135,,Section 6-135,greenwich-connecticut-18417c5e9074d765-node-001823,resolved_longest_heading_candidate
greenwich-connecticut-18417c5e9074d765,greenwich-connecticut-18417c5e9074d765-node-000148,Section,7,§6-136,§6-136,Section,6,136,,Section 6-136,greenwich-connecticut-18417c5e9074d765-node-001824,resolved_longest_heading_candidate
greenwich-connecticut-18417c5e9074d765,greenwich-connecticut-18417c5e9074d765-node-000149,Section,7,§6-137,§6-137,Section,6,137,,Section 6-137,greenwich-connecticut-18417c5e9074d765-node-001825,resolved_longest_heading_candidate
greenwich-connecticut-18417c5e9074d765,greenwich-connecticut-18417c5e9074d765-node-000150,Section,7,§6-138,§6-138,Section,6,138,,Section 6-138,greenwich-connecticut-18417c5e9074d765-node-001826,resolved_longest_heading_candidate
greenwich-connecticut-18417c5e9074d765,greenwich-connecticut-18417c5e9074d765-node-000151,Section,7,§6-139,§6-139,Section,6,139,,Section 6-139,,unresolved_ambiguous_multiple_nodes
greenwich-connecticut-18417c5e9074d765,greenwich-connecticut-18417c5e9074d765-node-000152,Section,7,§6-139.1,§6-139,Section,6,139,,Section 6-139,,unresolved_ambiguous_multiple_nodes
greenwich-connecticut-18417c5e9074d765,greenwich-connecticut-18417c5e9074d765-node-000153,Section,7,§6-140,§6-140,Section,6,140,,Section 6-140,greenwich-connecticut-18417c5e9074d765-node-002029,resolved_longest_heading_candidate
greenwich-connecticut-18417c5e9074d765,greenwich-connecticut-18417c5e9074d765-node-000154,Section,7,§6-140.1,§6-140,Section,6,140,,Section 6-140,greenwich-connecticut-18417c5e9074d765-node-002029,resolved_longest_heading_candidate
greenwich-connecticut-18417c5e9074d765,greenwich-connecticut-18417c5e9074d765-node-000155,Section,7,§6-140.2,§6-140,Section,6,140,,Section 6-140,greenwich-connecticut-18417c5e9074d765-node-002029,resolved_longest_heading_candidate
greenwich-connecticut-18417c5e9074d765,greenwich-connecticut-18417c5e9074d765-node-000156,Section,8,§6-141,§6-141,Section,6,141,,Section 6-141,greenwich-connecticut-18417c5e9074d765-node-002143,resolved_longest_heading_candidate
greenwich-connecticut-18417c5e9074d765,greenwich-connecticut-18417c5e9074d765-node-000157,Section,8,§6-142,§6-142,Section,6,142,,Section 6-142,greenwich-connecticut-18417c5e9074d765-node-002162,resolved_longest_heading_candidate
greenwich-connecticut-18417c5e9074d765,greenwich-connecticut-18417c5e9074d765-node-000158,Section,8,§6-143,§6-143,Section,6,143,,Section 6-143,greenwich-connecticut-18417c5e9074d765-node-002163,resolved_longest_heading_candidate
greenwich-connecticut-18417c5e9074d765,greenwich-connecticut-18417c5e9074d765-node-000159,Section,8,§6-144.,§6-144,Section,6,144,,Section 6-144,greenwich-connecticut-18417c5e9074d765-node-002166,resolved_longest_heading_candidate
greenwich-connecticut-18417c5e9074d765,greenwich-connecticut-18417c5e9074d765-node-000160,Section,8,§6-145.,§6-145,Section,6,145,,Section 6-145,greenwich-connecticut-18417c5e9074d765-node-002170,resolved_longest_heading_candidate
greenwich-connecticut-18417c5e9074d765,greenwich-connecticut-18417c5e9074d765-node-000161,Section,8,§6-146.,§6-146,Section,6,146,,Section 6-146,greenwich-connecticut-18417c5e9074d765-node-002171,resolved_longest_heading_candidate
greenwich-connecticut-18417c5e9074d765,greenwich-connecticut-18417c5e9074d765-node-000162,Section,8,§6-147.,§6-147,Section,6,147,,Section 6-147,greenwich-connecticut-18417c5e9074d765-node-002175,resolved_longest_heading_candidate
greenwich-connecticut-18417c5e9074d765,greenwich-connecticut-18417c5e9074d765-node-000163,Section,8,§6-147.1,§6-147,Section,6,147,,Section 6-147,greenwich-connecticut-18417c5e9074d765-node-002175,resolved_longest_heading_candidate
greenwich-connecticut-18417c5e9074d765,greenwich-connecticut-18417c5e9074d765-node-000164,Section,8,§6-148.,§6-148,Section,6,148,,Section 6-148,greenwich-connecticut-18417c5e9074d765-node-002189,resolved_longest_heading_candidate
greenwich-connecticut-18417c5e9074d765,greenwich-connecticut-18417c5e9074d765-node-000165,Section,8,§6-149.,§6-149,Section,6,149,,Section 6-149,greenwich-connecticut-18417c5e9074d765-node-002192,resolved_longest_heading_candidate
greenwich-connecticut-18417c5e9074d765,greenwich-connecticut-18417c5e9074d765-node-000166,Section,8,§6-150.,§6-150,Section,6,150,,Section 6-150,greenwich-connecticut-18417c5e9074d765-node-002193,resolved_longest_heading_candidate
greenwich-connecticut-18417c5e9074d765,greenwich-connecticut-18417c5e9074d765-node-000167,Section,8,§6-151.,§6-151,Section,6,151,,Section 6-151,greenwich-connecticut-18417c5e9074d765-node-002196,resolved_longest_heading_candidate
greenwich-connecticut-18417c5e9074d765,greenwich-connecticut-18417c5e9074d765-node-000168,Section,8,§6-152.,§6-152,Section,6,152,,Section 6-152,greenwich-connecticut-18417c5e9074d765-node-002197,resolved_longest_heading_candidate
greenwich-connecticut-18417c5e9074d765,greenwich-connecticut-18417c5e9074d765-node-000169,Section,8,§6-153.,§6-153,Section,6,153,,Section 6-153,greenwich-connecticut-18417c5e9074d765-node-002210,resolved_longest_heading_candidate
greenwich-connecticut-18417c5e9074d765,greenwich-connecticut-18417c5e9074d765-node-000170,Section,8,§6-154.,§6-154,Section,6,154,,Section 6-154,greenwich-connecticut-18417c5e9074d765-node-002220,resolved_longest_heading_candidate
greenwich-connecticut-18417c5e9074d765,greenwich-connecticut-18417c5e9074d765-node-000171,Section,8,§6-155.,§6-155,Section,6,155,,Section 6-155,greenwich-connecticut-18417c5e9074d765-node-002221,resolved_longest_heading_candidate
greenwich-connecticut-18417c5e9074d765,greenwich-connecticut-18417c5e9074d765-node-000172,Section,8,§6-156.,§6-156,Section,6,156,,Section 6-156,greenwich-connecticut-18417c5e9074d765-node-002233,resolved_longest_heading_candidate
greenwich-connecticut-18417c5e9074d765,greenwich-connecticut-18417c5e9074d765-node-000173,Section,8,§6-157.,§6-157,Section,6,157,,Section 6-157,greenwich-connecticut-18417c5e9074d765-node-002239,resolved_longest_heading_candidate
greenwich-connecticut-18417c5e9074d765,greenwich-connecticut-18417c5e9074d765-node-000174,Section,8,§6-158.,§6-158,Section,6,158,,Section 6-158,,unresolved_ambiguous_multiple_nodes
greenwich-connecticut-18417c5e9074d765,greenwich-connecticut-18417c5e9074d765-node-000175,Section,8,§6-159.,§6-159,Section,6,159,,Section 6-159,greenwich-connecticut-18417c5e9074d765-node-002269,resolved_longest_heading_candidate
greenwich-connecticut-18417c5e9074d765,greenwich-connecticut-18417c5e9074d765-node-000176,Section,8,§6-160.,§6-160,Section,6,160,,Section 6-160,greenwich-connecticut-18417c5e9074d765-node-002274,resolved_longest_heading_candidate
greenwich-connecticut-18417c5e9074d765,greenwich-connecticut-18417c5e9074d765-node-000177,Section,8,§6-161.,§6-161,Section,6,161,,Section 6-161,greenwich-connecticut-18417c5e9074d765-node-002275,resolved_longest_heading_candidate
greenwich-connecticut-18417c5e9074d765,greenwich-connecticut-18417c5e9074d765-node-000178,Section,8,§6-162.,§6-162,Section,6,162,,Section 6-162,,unresolved_ambiguous_multiple_nodes
greenwich-connecticut-18417c5e9074d765,greenwich-connecticut-18417c5e9074d765-node-000179,Section,8,§6-162.1,§6-162,Section,6,162,,Section 6-162,,unresolved_ambiguous_multiple_nodes
greenwich-connecticut-18417c5e9074d765,greenwich-connecticut-18417c5e9074d765-node-000180,Section,8,§6-163.,§6-163,Section,6,163,,Section 6-163,greenwich-connecticut-18417c5e9074d765-node-002293,resolved_longest_heading_candidate
greenwich-connecticut-18417c5e9074d765,greenwich-connecticut-18417c5e9074d765-node-000181,Section,8,§6-164.,§6-164,Section,6,164,,Section 6-164,,unresolved_ambiguous_multiple_nodes
greenwich-connecticut-18417c5e9074d765,greenwich-connecticut-18417c5e9074d765-node-000182,Section,8,§6-165.,§6-165,Section,6,165,,Section 6-165,greenwich-connecticut-18417c5e9074d765-node-002360,resolved_longest_heading_candidate
greenwich-connecticut-18417c5e9074d765,greenwich-connecticut-18417c5e9074d765-node-000183,Section,8,§6-166.,§6-166,Section,6,166,,Section 6-166,greenwich-connecticut-18417c5e9074d765-node-002363,resolved_longest_heading_candidate
greenwich-connecticut-18417c5e9074d765,greenwich-connecticut-18417c5e9074d765-node-000184,Section,8,§6-167.,§6-167,Section,6,167,,Section 6-167,greenwich-connecticut-18417c5e9074d765-node-002380,resolved_longest_heading_candidate
greenwich-connecticut-18417c5e9074d765,greenwich-connecticut-18417c5e9074d765-node-000185,Section,8,§6-168.,§6-168,Section,6,168,,Section 6-168,greenwich-connecticut-18417c5e9074d765-node-002384,resolved_longest_heading_candidate
greenwich-connecticut-18417c5e9074d765,greenwich-connecticut-18417c5e9074d765-node-000186,Section,8,§6-169.,§6-169,Section,6,169,,Section 6-169,greenwich-connecticut-18417c5e9074d765-node-002391,resolved_longest_heading_candidate
greenwich-connecticut-18417c5e9074d765,greenwich-connecticut-18417c5e9074d765-node-000187,Section,8,§6-170.,§6-170,Section,6,170,,Section 6-170,greenwich-connecticut-18417c5e9074d765-node-002393,resolved_longest_heading_candidate
greenwich-connecticut-18417c5e9074d765,greenwich-connecticut-18417c5e9074d765-node-000188,Section,9,§6-171.,§6-171,Section,6,171,,Section 6-171,greenwich-connecticut-18417c5e9074d765-node-002394,resolved_longest_heading_candidate
greenwich-connecticut-18417c5e9074d765,greenwich-connecticut-18417c5e9074d765-node-000189,Section,9,§6-172.,§6-172,Section,6,172,,Section 6-172,greenwich-connecticut-18417c5e9074d765-node-002397,resolved_longest_heading_candidate
greenwich-connecticut-18417c5e9074d765,greenwich-connecticut-18417c5e9074d765-node-000190,Section,9,§6-173.,§6-173,Section,6,173,,Section 6-173,greenwich-connecticut-18417c5e9074d765-node-002398,resolved_longest_heading_candidate
greenwich-connecticut-18417c5e9074d765,greenwich-connecticut-18417c5e9074d765-node-000191,Section,9,§6-174.,§6-174,Section,6,174,,Section 6-174,greenwich-connecticut-18417c5e9074d765-node-002401,resolved_longest_heading_candidate
greenwich-connecticut-18417c5e9074d765,greenwich-connecticut-18417c5e9074d765-node-000192,Section,9,§6-175.,§6-175,Section,6,175,,Section 6-175,greenwich-connecticut-18417c5e9074d765-node-002402,resolved_longest_heading_candidate
greenwich-connecticut-18417c5e9074d765,greenwich-connecticut-18417c5e9074d765-node-000193,Section,9,§6-176.,§6-176,Section,6,176,,Section 6-176,greenwich-connecticut-18417c5e9074d765-node-002409,resolved_longest_heading_candidate
greenwich-connecticut-18417c5e9074d765,greenwich-connecticut-18417c5e9074d765-node-000194,Section,9,§6-177.,§6-177,Section,6,177,,Section 6-177,greenwich-connecticut-18417c5e9074d765-node-002411,resolved_longest_heading_candidate
greenwich-connecticut-18417c5e9074d765,greenwich-connecticut-18417c5e9074d765-node-000195,Section,9,§6-178.,§6-178,Section,6,178,,Section 6-178,greenwich-connecticut-18417c5e9074d765-node-002419,resolved_longest_heading_candidate
greenwich-connecticut-18417c5e9074d765,greenwich-connecticut-18417c5e9074d765-node-000196,Section,9,§6-179.,§6-179,Section,6,179,,Section 6-179,greenwich-connecticut-18417c5e9074d765-node-002428,resolved_longest_heading_candidate
greenwich-connecticut-18417c5e9074d765,greenwich-connecticut-18417c5e9074d765-node-000197,Section,9,§6-180.,§6-180,Section,6,180,,Section 6-180,greenwich-connecticut-18417c5e9074d765-node-002433,resolved_longest_heading_candidate
greenwich-connecticut-18417c5e9074d765,greenwich-connecticut-18417c5e9074d765-node-000198,Section,9,§6-181.,§6-181,Section,6,181,,Section 6-181,greenwich-connecticut-18417c5e9074d765-node-002446,resolved_longest_heading_candidate
greenwich-connecticut-18417c5e9074d765,greenwich-connecticut-18417c5e9074d765-node-000199,Section,9,§6-182.,§6-182,Section,6,182,,Section 6-182,greenwich-connecticut-18417c5e9074d765-node-002457,resolved_longest_heading_candidate
greenwich-connecticut-18417c5e9074d765,greenwich-connecticut-18417c5e9074d765-node-000200,Section,9,§6-182.1.,§6-182,Section,6,182,,Section 6-182,greenwich-connecticut-18417c5e9074d765-node-002457,resolved_longest_heading_candidate
greenwich-connecticut-18417c5e9074d765,greenwich-connecticut-18417c5e9074d765-node-000201,Section,9,§6-183.1,§6-183,Section,6,183,,Section 6-183,,unresolved_ambiguous_multiple_nodes
greenwich-connecticut-18417c5e9074d765,greenwich-connecticut-18417c5e9074d765-node-000202,Section,9,§6-183.2,§6-183,Section,6,183,,Section 6-183,,unresolved_ambiguous_multiple_nodes
greenwich-connecticut-18417c5e9074d765,greenwich-connecticut-18417c5e9074d765-node-000203,Section,9,§6-183.3,§6-183,Section,6,183,,Section 6-183,,unresolved_ambiguous_multiple_nodes
greenwich-connecticut-18417c5e9074d765,greenwich-connecticut-18417c5e9074d765-node-000204,Section,9,§6-183.4,§6-183,Section,6,183,,Section 6-183,,unresolved_ambiguous_multiple_nodes
greenwich-connecticut-18417c5e9074d765,greenwich-connecticut-18417c5e9074d765-node-000205,Section,9,§6-183.5,§6-183,Section,6,183,,Section 6-183,,unresolved_ambiguous_multiple_nodes
greenwich-connecticut-18417c5e9074d765,greenwich-connecticut-18417c5e9074d765-node-000206,Section,9,§6-183.6,§6-183,Section,6,183,,Section 6-183,,unresolved_ambiguous_multiple_nodes
greenwich-connecticut-18417c5e9074d765,greenwich-connecticut-18417c5e9074d765-node-000207,Section,9,§6-183.7,§6-183,Section,6,183,,Section 6-183,,unresolved_ambiguous_multiple_nodes
greenwich-connecticut-18417c5e9074d765,greenwich-connecticut-18417c5e9074d765-node-000208,Section,9,§6-183.8,§6-183,Section,6,183,,Section 6-183,,unresolved_ambiguous_multiple_nodes
greenwich-connecticut-18417c5e9074d765,greenwich-connecticut-18417c5e9074d765-node-000209,Section,9,§6-183.9,§6-183,Section,6,183,,Section 6-183,,unresolved_ambiguous_multiple_nodes
greenwich-connecticut-18417c5e9074d765,greenwich-connecticut-18417c5e9074d765-node-000210,Section,9,§6-183.10,§6-183,Section,6,183,,Section 6-183,,unresolved_ambiguous_multiple_nodes
greenwich-connecticut-18417c5e9074d765,greenwich-connecticut-18417c5e9074d765-node-000211,Section,9,§6-184.,§6-184,Section,6,184,,Section 6-184,greenwich-connecticut-18417c5e9074d765-node-002518,resolved_longest_heading_candidate
greenwich-connecticut-18417c5e9074d765,greenwich-connecticut-18417c5e9074d765-node-000212,Section,9,§6-185.,§6-185,Section,6,185,,Section 6-185,greenwich-connecticut-18417c5e9074d765-node-002521,resolved_longest_heading_candidate
greenwich-connecticut-18417c5e9074d765,greenwich-connecticut-18417c5e9074d765-node-000213,Section,9,§6-186.,§6-186,Section,6,186,,Section 6-186,greenwich-connecticut-18417c5e9074d765-node-002532,resolved_longest_heading_candidate
greenwich-connecticut-18417c5e9074d765,greenwich-connecticut-18417c5e9074d765-node-000214,Section,9,§6-187.,§6-187,Section,6,187,,Section 6-187,greenwich-connecticut-18417c5e9074d765-node-002535,resolved_longest_heading_candidate
greenwich-connecticut-18417c5e9074d765,greenwich-connecticut-18417c5e9074d765-node-000215,Section,9,§6-188.,§6-188,Section,6,188,,Section 6-188,greenwich-connecticut-18417c5e9074d765-node-002536,resolved_longest_heading_candidate
greenwich-connecticut-18417c5e9074d765,greenwich-connecticut-18417c5e9074d765-node-000216,Section,9,§6-189.,§6-189,Section,6,189,,Section 6-189,greenwich-connecticut-18417c5e9074d765-node-002538,resolved_longest_heading_candidate
greenwich-connecticut-18417c5e9074d765,greenwich-connecticut-18417c5e9074d765-node-000217,Section,9,§6-190.,§6-190,Section,6,190,,Section 6-190,greenwich-connecticut-18417c5e9074d765-node-002542,resolved_longest_heading_candidate
greenwich-connecticut-18417c5e9074d765,greenwich-connecticut-18417c5e9074d765-node-000218,Section,9,§6-191.,§6-191,Section,6,191,,Section 6-191,,unresolved_ambiguous_multiple_nodes
greenwich-connecticut-18417c5e9074d765,greenwich-connecticut-18417c5e9074d765-node-000219,Section,9,§6-192.,§6-192,Section,6,192,,Section 6-192,greenwich-connecticut-18417c5e9074d765-node-002544,resolved_longest_heading_candidate
greenwich-connecticut-18417c5e9074d765,greenwich-connecticut-18417c5e9074d765-node-000220,Section,9,§6-193.,§6-193,Section,6,193,,Section 6-193,greenwich-connecticut-18417c5e9074d765-node-002547,resolved_longest_heading_candidate
greenwich-connecticut-18417c5e9074d765,greenwich-connecticut-18417c5e9074d765-node-000221,Section,9,§6-194.,§6-194,Section,6,194,,Section 6-194,greenwich-connecticut-18417c5e9074d765-node-002548,resolved_longest_heading_candidate
greenwich-connecticut-18417c5e9074d765,greenwich-connecticut-18417c5e9074d765-node-000222,Section,9,§6-195.,§6-195,Section,6,195,,Section 6-195,,unresolved_ambiguous_multiple_nodes
greenwich-connecticut-18417c5e9074d765,greenwich-connecticut-18417c5e9074d765-node-000223,Section,10,§6-196.,§6-196,Section,6,196,,Section 6-196,,unresolved_ambiguous_multiple_nodes
greenwich-connecticut-18417c5e9074d765,greenwich-connecticut-18417c5e9074d765-node-000224,Section,10,§6-197.,§6-197,Section,6,197,,Section 6-197,,unresolved_ambiguous_multiple_nodes
greenwich-connecticut-18417c5e9074d765,greenwich-connecticut-18417c5e9074d765-node-000225,Section,10,§6-198.,§6-198,Section,6,198,,Section 6-198,,unresolved_ambiguous_multiple_nodes
greenwich-connecticut-18417c5e9074d765,greenwich-connecticut-18417c5e9074d765-node-000226,Section,10,§6-199.,§6-199,Section,6,199,,Section 6-199,greenwich-connecticut-18417c5e9074d765-node-001116,resolved_longest_heading_candidate
greenwich-connecticut-18417c5e9074d765,greenwich-connecticut-18417c5e9074d765-node-000227,Section,10,§6-200.,§6-200,Section,6,200,,Section 6-200,greenwich-connecticut-18417c5e9074d765-node-002559,resolved_longest_heading_candidate
greenwich-connecticut-18417c5e9074d765,greenwich-connecticut-18417c5e9074d765-node-000228,Section,10,§6-201.,§6-201,Section,6,201,,Section 6-201,greenwich-connecticut-18417c5e9074d765-node-002560,resolved_longest_heading_candidate
greenwich-connecticut-18417c5e9074d765,greenwich-connecticut-18417c5e9074d765-node-000229,Section,10,§6-202.,§6-202,Section,6,202,,Section 6-202,greenwich-connecticut-18417c5e9074d765-node-002563,resolved_longest_heading_candidate
greenwich-connecticut-18417c5e9074d765,greenwich-connecticut-18417c5e9074d765-node-000230,Section,10,§6-203.,§6-203,Section,6,203,,Section 6-203,greenwich-connecticut-18417c5e9074d765-node-002568,resolved_longest_heading_candidate
greenwich-connecticut-18417c5e9074d765,greenwich-connecticut-18417c5e9074d765-node-000231,Section,10,§6-204.,§6-204,Section,6,204,,Section 6-204,greenwich-connecticut-18417c5e9074d765-node-002573,resolved_longest_heading_candidate
greenwich-connecticut-18417c5e9074d765,greenwich-connecticut-18417c5e9074d765-node-000232,Section,10,§6-205.,§6-205,Section,6,205,,Section 6-205,,unresolved_ambiguous_multiple_nodes
greenwich-connecticut-18417c5e9074d765,greenwich-connecticut-18417c5e9074d765-node-000233,Section,10,§6-205.1,§6-205,Section,6,205,,Section 6-205,,unresolved_ambiguous_multiple_nodes
greenwich-connecticut-18417c5e9074d765,greenwich-connecticut-18417c5e9074d765-node-000234,Section,12,§6-1,§6-1,Section,6,1,,Section 6-1,,unresolved_ambiguous_multiple_nodes
greenwich-connecticut-18417c5e9074d765,greenwich-connecticut-18417c5e9074d765-node-000235,Section,12,§6-1,§6-1,Section,6,1,,Section 6-1,,unresolved_ambiguous_multiple_nodes
greenwich-connecticut-18417c5e9074d765,greenwich-connecticut-18417c5e9074d765-node-000236,Section,12,Sec. 6-1. PURPOSES OF ARTICLE.,Sec. 6-1,Section,6,1,,Section 6-1,,unresolved_ambiguous_multiple_nodes
greenwich-connecticut-18417c5e9074d765,greenwich-connecticut-18417c5e9074d765-node-000251,Section,13,§6-2,§6-2,Section,6,2,,Section 6-2,,unresolved_ambiguous_multiple_nodes
greenwich-connecticut-18417c5e9074d765,greenwich-connecticut-18417c5e9074d765-node-000252,Section,13,§6-3,§6-3,Section,6,3,,Section 6-3,,unresolved_ambiguous_multiple_nodes
greenwich-connecticut-18417c5e9074d765,greenwich-connecticut-18417c5e9074d765-node-000253,Section,13,Sec. 6-2. CLASSES OF ZONES.,Sec. 6-2,Section,6,2,,Section 6-2,,unresolved_ambiguous_multiple_nodes
greenwich-connecticut-18417c5e9074d765,greenwich-connecticut-18417c5e9074d765-node-000254,Section,13,Sec. 6-3. ADOPTION OF ZONING MAP.,Sec. 6-3,Section,6,3,,Section 6-3,,unresolved_ambiguous_multiple_nodes
greenwich-connecticut-18417c5e9074d765,greenwich-connecticut-18417c5e9074d765-node-000255,Section,14,§6-4,§6-4,Section,6,4,,Section 6-4,,unresolved_ambiguous_multiple_nodes
greenwich-connecticut-18417c5e9074d765,greenwich-connecticut-18417c5e9074d765-node-000256,Section,14,§6-4,§6-4,Section,6,4,,Section 6-4,,unresolved_ambiguous_multiple_nodes
greenwich-connecticut-18417c5e9074d765,greenwich-connecticut-18417c5e9074d765-node-000257,Section,14,Sec. 6-4. ZONE BOUNDARIES.,Sec. 6-4,Section,6,4,,Section 6-4,,unresolved_ambiguous_multiple_nodes
greenwich-connecticut-18417c5e9074d765,greenwich-connecticut-18417c5e9074d765-node-000260,Section,16,§6-5,§6-5,Section,6,5,,Section 6-5,greenwich-connecticut-18417c5e9074d765-node-000436,resolved_longest_heading_candidate
greenwich-connecticut-18417c5e9074d765,greenwich-connecticut-18417c5e9074d765-node-000261,Section,16,§6-5,§6-5,Section,6,5,,Section 6-5,greenwich-connecticut-18417c5e9074d765-node-000436,resolved_longest_heading_candidate
greenwich-connecticut-18417c5e9074d765,greenwich-connecticut-18417c5e9074d765-node-000262,Section,16,Sec. 6-5. DEFINITIONS.,Sec. 6-5,Section,6,5,,Section 6-5,greenwich-connecticut-18417c5e9074d765-node-000436,resolved_longest_heading_candidate
greenwich-connecticut-18417c5e9074d765,greenwich-connecticut-18417c5e9074d765-node-000271,Section,17,§6-5,§6-5,Section,6,5,,Section 6-5,greenwich-connecticut-18417c5e9074d765-node-000436,resolved_longest_heading_candidate
greenwich-connecticut-18417c5e9074d765,greenwich-connecticut-18417c5e9074d765-node-000272,Section,17,§6-5,§6-5,Section,6,5,,Section 6-5,greenwich-connecticut-18417c5e9074d765-node-000436,resolved_longest_heading_candidate
greenwich-connecticut-18417c5e9074d765,greenwich-connecticut-18417c5e9074d765-node-000279,Section,18,§6-5,§6-5,Section,6,5,,Section 6-5,greenwich-connecticut-18417c5e9074d765-node-000436,resolved_longest_heading_candidate
greenwich-connecticut-18417c5e9074d765,greenwich-connecticut-18417c5e9074d765-node-000280,Section,18,§6-5,§6-5,Section,6,5,,Section 6-5,greenwich-connecticut-18417c5e9074d765-node-000436,resolved_longest_heading_candidate
greenwich-connecticut-18417c5e9074d765,greenwich-connecticut-18417c5e9074d765-node-000284,Section,19,§6-5,§6-5,Section,6,5,,Section 6-5,greenwich-connecticut-18417c5e9074d765-node-000436,resolved_longest_heading_candidate
greenwich-connecticut-18417c5e9074d765,greenwich-connecticut-18417c5e9074d765-node-000285,Section,19,§6-5,§6-5,Section,6,5,,Section 6-5,greenwich-connecticut-18417c5e9074d765-node-000436,resolved_longest_heading_candidate
greenwich-connecticut-18417c5e9074d765,greenwich-connecticut-18417c5e9074d765-node-000294,Section,20,§6-5,§6-5,Section,6,5,,Section 6-5,greenwich-connecticut-18417c5e9074d765-node-000436,resolved_longest_heading_candidate
greenwich-connecticut-18417c5e9074d765,greenwich-connecticut-18417c5e9074d765-node-000295,Section,20,§6-5,§6-5,Section,6,5,,Section 6-5,greenwich-connecticut-18417c5e9074d765-node-000436,resolved_longest_heading_candidate
greenwich-connecticut-18417c5e9074d765,greenwich-connecticut-18417c5e9074d765-node-000303,Section,21,§6-5,§6-5,Section,6,5,,Section 6-5,greenwich-connecticut-18417c5e9074d765-node-000436,resolved_longest_heading_candidate
greenwich-connecticut-18417c5e9074d765,greenwich-connecticut-18417c5e9074d765-node-000304,Section,21,§6-5,§6-5,Section,6,5,,Section 6-5,greenwich-connecticut-18417c5e9074d765-node-000436,resolved_longest_heading_candidate
greenwich-connecticut-18417c5e9074d765,greenwich-connecticut-18417c5e9074d765-node-000308,Section,22,§6-5,§6-5,Section,6,5,,Section 6-5,greenwich-connecticut-18417c5e9074d765-node-000436,resolved_longest_heading_candidate
greenwich-connecticut-18417c5e9074d765,greenwich-connecticut-18417c5e9074d765-node-000309,Section,22,§6-5,§6-5,Section,6,5,,Section 6-5,greenwich-connecticut-18417c5e9074d765-node-000436,resolved_longest_heading_candidate
greenwich-connecticut-18417c5e9074d765,greenwich-connecticut-18417c5e9074d765-node-000312,Section,23,§6-5,§6-5,Section,6,5,,Section 6-5,greenwich-connecticut-18417c5e9074d765-node-000436,resolved_longest_heading_candidate
greenwich-connecticut-18417c5e9074d765,greenwich-connecticut-18417c5e9074d765-node-000313,Section,23,§6-5,§6-5,Section,6,5,,Section 6-5,greenwich-connecticut-18417c5e9074d765-node-000436,resolved_longest_heading_candidate
greenwich-connecticut-18417c5e9074d765,greenwich-connecticut-18417c5e9074d765-node-000320,Section,24,§6-5,§6-5,Section,6,5,,Section 6-5,greenwich-connecticut-18417c5e9074d765-node-000436,resolved_longest_heading_candidate
greenwich-connecticut-18417c5e9074d765,greenwich-connecticut-18417c5e9074d765-node-000321,Section,24,§6-5,§6-5,Section,6,5,,Section 6-5,greenwich-connecticut-18417c5e9074d765-node-000436,resolved_longest_heading_candidate
greenwich-connecticut-18417c5e9074d765,greenwich-connecticut-18417c5e9074d765-node-000324,Section,25,§6-5,§6-5,Section,6,5,,Section 6-5,greenwich-connecticut-18417c5e9074d765-node-000436,resolved_longest_heading_candidate
greenwich-connecticut-18417c5e9074d765,greenwich-connecticut-18417c5e9074d765-node-000325,Section,25,§6-5,§6-5,Section,6,5,,Section 6-5,greenwich-connecticut-18417c5e9074d765-node-000436,resolved_longest_heading_candidate
greenwich-connecticut-18417c5e9074d765,greenwich-connecticut-18417c5e9074d765-node-000328,Section,26,§6-5,§6-5,Section,6,5,,Section 6-5,greenwich-connecticut-18417c5e9074d765-node-000436,resolved_longest_heading_candidate
greenwich-connecticut-18417c5e9074d765,greenwich-connecticut-18417c5e9074d765-node-000329,Section,26,§6-5,§6-5,Section,6,5,,Section 6-5,greenwich-connecticut-18417c5e9074d765-node-000436,resolved_longest_heading_candidate
greenwich-connecticut-18417c5e9074d765,greenwich-connecticut-18417c5e9074d765-node-000335,Section,27,§6-5,§6-5,Section,6,5,,Section 6-5,greenwich-connecticut-18417c5e9074d765-node-000436,resolved_longest_heading_candidate
greenwich-connecticut-18417c5e9074d765,greenwich-connecticut-18417c5e9074d765-node-000336,Section,27,§6-5,§6-5,Section,6,5,,Section 6-5,greenwich-connecticut-18417c5e9074d765-node-000436,resolved_longest_heading_candidate
greenwich-connecticut-18417c5e9074d765,greenwich-connecticut-18417c5e9074d765-node-000338,Section,28,§6-5,§6-5,Section,6,5,,Section 6-5,greenwich-connecticut-18417c5e9074d765-node-000436,resolved_longest_heading_candidate
greenwich-connecticut-18417c5e9074d765,greenwich-connecticut-18417c5e9074d765-node-000339,Section,28,§6-5,§6-5,Section,6,5,,Section 6-5,greenwich-connecticut-18417c5e9074d765-node-000436,resolved_longest_heading_candidate
greenwich-connecticut-18417c5e9074d765,greenwich-connecticut-18417c5e9074d765-node-000346,Section,29,§6-5,§6-5,Section,6,5,,Section 6-5,greenwich-connecticut-18417c5e9074d765-node-000436,resolved_longest_heading_candidate
greenwich-connecticut-18417c5e9074d765,greenwich-connecticut-18417c5e9074d765-node-000347,Section,29,§6-5,§6-5,Section,6,5,,Section 6-5,greenwich-connecticut-18417c5e9074d765-node-000436,resolved_longest_heading_candidate
greenwich-connecticut-18417c5e9074d765,greenwich-connecticut-18417c5e9074d765-node-000354,Section,30,§6-5,§6-5,Section,6,5,,Section 6-5,greenwich-connecticut-18417c5e9074d765-node-000436,resolved_longest_heading_candidate
greenwich-connecticut-18417c5e9074d765,greenwich-connecticut-18417c5e9074d765-node-000355,Section,30,§6-7,§6-7,Section,6,7,,Section 6-7,,unresolved_ambiguous_multiple_nodes
greenwich-connecticut-18417c5e9074d765,greenwich-connecticut-18417c5e9074d765-node-000359,Section,30,Sec. 6-6. INTERPRETATION OF ARTICLE.,Sec. 6-6,Section,6,6,,Section 6-6,,unresolved_ambiguous_multiple_nodes
greenwich-connecticut-18417c5e9074d765,greenwich-connecticut-18417c5e9074d765-node-000360,Section,30,Sec. 6-7. OUTSTANDING BUILDING PERMIT.,Sec. 6-7,Section,6,7,,Section 6-7,,unresolved_ambiguous_multiple_nodes
greenwich-connecticut-18417c5e9074d765,greenwich-connecticut-18417c5e9074d765-node-000361,Section,31,§6-8,§6-8,Section,6,8,,Section 6-8,,unresolved_ambiguous_multiple_nodes
greenwich-connecticut-18417c5e9074d765,greenwich-connecticut-18417c5e9074d765-node-000362,Section,31,§6-10,§6-10,Section,6,10,,Section 6-10,,unresolved_ambiguous_multiple_nodes
greenwich-connecticut-18417c5e9074d765,greenwich-connecticut-18417c5e9074d765-node-000363,Section,31,Sec. 6-8. ENFORCEMENT OF ARTICLE. (10/26/2010),Sec. 6-8,Section,6,8,,Section 6-8,,unresolved_ambiguous_multiple_nodes
greenwich-connecticut-18417c5e9074d765,greenwich-connecticut-18417c5e9074d765-node-000367,Section,31,Sec. 6-9. ZONING REGULATIONS AFFECT ALL STRUCTURES AND USES.,Sec. 6-9,Section,6,9,,Section 6-9,,unresolved_ambiguous_multiple_nodes
greenwich-connecticut-18417c5e9074d765,greenwich-connecticut-18417c5e9074d765-node-000368,Section,31,Sec. 6-10. ZONING PERMIT APPLICATIONS; PLANS; CONTENTS; SURVEY. (4/24/2013),Sec. 6-10,Section,6,10,,Section 6-10,,unresolved_ambiguous_multiple_nodes
greenwich-connecticut-18417c5e9074d765,greenwich-connecticut-18417c5e9074d765-node-000372,Section,32,§6-10,§6-10,Section,6,10,,Section 6-10,,unresolved_ambiguous_multiple_nodes
greenwich-connecticut-18417c5e9074d765,greenwich-connecticut-18417c5e9074d765-node-000373,Section,32,§6-12,§6-12,Section,6,12,,Section 6-12,,unresolved_ambiguous_multiple_nodes
greenwich-connecticut-18417c5e9074d765,greenwich-connecticut-18417c5e9074d765-node-000384,Section,32,Sec. 6-11. ZONING PERMIT REQUIRED; ISSUANCE; TERM. (4/24/2013),Sec. 6-11,Section,6,11,,Section 6-11,,unresolved_ambiguous_multiple_nodes
greenwich-connecticut-18417c5e9074d765,greenwich-connecticut-18417c5e9074d765-node-000388,Section,32,Sec. 6-12. LIMITATIONS ON ZONING PERMIT ISSUANCE.,Sec. 6-12,Section,6,12,,Section 6-12,,unresolved_ambiguous_multiple_nodes
greenwich-connecticut-18417c5e9074d765,greenwich-connecticut-18417c5e9074d765-node-000390,Section,33,§6-12,§6-12,Section,6,12,,Section 6-12,,unresolved_ambiguous_multiple_nodes
greenwich-connecticut-18417c5e9074d765,greenwich-connecticut-18417c5e9074d765-node-000391,Section,33,§6-13,§6-13,Section,6,13,,Section 6-13,,unresolved_ambiguous_multiple_nodes
greenwich-connecticut-18417c5e9074d765,greenwich-connecticut-18417c5e9074d765-node-000396,Section,33,Sec. 6-13. SITE PLAN APPROVAL REQUIRED BY PLANNING AND ZONING COMMISSION.,Sec. 6-13,Section,6,13,,Section 6-13,,unresolved_ambiguous_multiple_nodes
greenwich-connecticut-18417c5e9074d765,greenwich-connecticut-18417c5e9074d765-node-000399,Section,33,Section 6-98. (9/17/2020),Section 6-98,Section,6,98,,Section 6-98,greenwich-connecticut-18417c5e9074d765-node-002650,resolved_longest_heading_candidate
greenwich-connecticut-18417c5e9074d765,greenwich-connecticut-18417c5e9074d765-node-000411,Section,34,§6-13,§6-13,Section,6,13,,Section 6-13,,unresolved_ambiguous_multiple_nodes
greenwich-connecticut-18417c5e9074d765,greenwich-connecticut-18417c5e9074d765-node-000412,Section,34,§6-14,§6-14,Section,6,14,,Section 6-14,,unresolved_ambiguous_multiple_nodes
greenwich-connecticut-18417c5e9074d765,greenwich-connecticut-18417c5e9074d765-node-000414,Section,34,Sec. 6-14. PROCEDURE FOR SITE PLAN APPLICATIONS,Sec. 6-14,Section,6,14,,Section 6-14,,unresolved_ambiguous_multiple_nodes
greenwich-connecticut-18417c5e9074d765,greenwich-connecticut-18417c5e9074d765-node-000426,Section,35,§6-14,§6-14,Section,6,14,,Section 6-14,,unresolved_ambiguous_multiple_nodes
greenwich-connecticut-18417c5e9074d765,greenwich-connecticut-18417c5e9074d765-node-000427,Section,35,§6-14,§6-14,Section,6,14,,Section 6-14,,unresolved_ambiguous_multiple_nodes
greenwich-connecticut-18417c5e9074d765,greenwich-connecticut-18417c5e9074d765-node-000433,Section,36,§6-14,§6-14,Section,6,14,,Section 6-14,,unresolved_ambiguous_multiple_nodes
greenwich-connecticut-18417c5e9074d765,greenwich-connecticut-18417c5e9074d765-node-000434,Section,36,§6-14,§6-14,Section,6,14,,Section 6-14,,unresolved_ambiguous_multiple_nodes
greenwich-connecticut-18417c5e9074d765,greenwich-connecticut-18417c5e9074d765-node-000436,Section,36,Section 6-5(a)(9) for zoning purposes. All HVAC facilities are to be shown on,Section 6-5(a),Section,6,5,a,Section 6-5(a),greenwich-connecticut-18417c5e9074d765-node-000436,resolved_longest_heading_candidate
greenwich-connecticut-18417c5e9074d765,greenwich-connecticut-18417c5e9074d765-node-000449,Section,37,§6-14,§6-14,Section,6,14,,Section 6-14,,unresolved_ambiguous_multiple_nodes
greenwich-connecticut-18417c5e9074d765,greenwich-connecticut-18417c5e9074d765-node-000450,Section,37,§6-14.1,§6-14,Section,6,14,,Section 6-14,,unresolved_ambiguous_multiple_nodes
greenwich-connecticut-18417c5e9074d765,greenwich-connecticut-18417c5e9074d765-node-000452,Subsection,37,"(19) In accordance with Sec. 6-183.1 to 6-183.0 of the Building Zone regulations, tree",Sec. 6-183,Section,6,183,,Section 6-183,,unresolved_ambiguous_multiple_nodes
greenwich-connecticut-18417c5e9074d765,greenwich-connecticut-18417c5e9074d765-node-000459,Subsection,37,(D) Excluded from the requirements Sec. 6-14(a)(22):,Sec. 6-14(a),Section,6,14,a,Section 6-14(a),,unresolved_ambiguous_multiple_nodes
greenwich-connecticut-18417c5e9074d765,greenwich-connecticut-18417c5e9074d765-node-000467,Section,38,§6-14,§6-14,Section,6,14,,Section 6-14,,unresolved_ambiguous_multiple_nodes
greenwich-connecticut-18417c5e9074d765,greenwich-connecticut-18417c5e9074d765-node-000468,Section,38,§6-15,§6-15,Section,6,15,,Section 6-15,,unresolved_ambiguous_multiple_nodes
greenwich-connecticut-18417c5e9074d765,greenwich-connecticut-18417c5e9074d765-node-000472,Section,38,Sec. 6-14.1. RESERVED,Sec. 6-14,Section,6,14,,Section 6-14,,unresolved_ambiguous_multiple_nodes
greenwich-connecticut-18417c5e9074d765,greenwich-connecticut-18417c5e9074d765-node-000473,Section,38,Sec. 6-15. STANDARDS.,Sec. 6-15,Section,6,15,,Section 6-15,,unresolved_ambiguous_multiple_nodes
greenwich-connecticut-18417c5e9074d765,greenwich-connecticut-18417c5e9074d765-node-000480,Section,39,§6-15,§6-15,Section,6,15,,Section 6-15,,unresolved_ambiguous_multiple_nodes
greenwich-connecticut-18417c5e9074d765,greenwich-connecticut-18417c5e9074d765-node-000481,Section,39,§6-15,§6-15,Section,6,15,,Section 6-15,,unresolved_ambiguous_multiple_nodes
greenwich-connecticut-18417c5e9074d765,greenwich-connecticut-18417c5e9074d765-node-000502,Section,40,§6-15,§6-15,Section,6,15,,Section 6-15,,unresolved_ambiguous_multiple_nodes
greenwich-connecticut-18417c5e9074d765,greenwich-connecticut-18417c5e9074d765-node-000503,Section,40,§6-17,§6-17,Section,6,17,,Section 6-17,,unresolved_ambiguous_multiple_nodes
greenwich-connecticut-18417c5e9074d765,greenwich-connecticut-18417c5e9074d765-node-000504,Section,40,Sec. 6-16. SITE PLAN CHANGES.,Sec. 6-16,Section,6,16,,Section 6-16,,unresolved_ambiguous_multiple_nodes
greenwich-connecticut-18417c5e9074d765,greenwich-connecticut-18417c5e9074d765-node-000507,Section,40,Sec. 6-16.1. ACCEPTANCE OF SITE PLAN CONSTRUCTION.,Sec. 6-16,Section,6,16,,Section 6-16,,unresolved_ambiguous_multiple_nodes
greenwich-connecticut-18417c5e9074d765,greenwich-connecticut-18417c5e9074d765-node-000510,Section,40,Sec. 6-17. PROCEDURE FOR SPECIAL PERMIT APPLICATIONS. (9/17/2020),Sec. 6-17,Section,6,17,,Section 6-17,,unresolved_ambiguous_multiple_nodes
greenwich-connecticut-18417c5e9074d765,greenwich-connecticut-18417c5e9074d765-node-000512,Subsection,40,(1) Section 6-30 – Conservation Zone special provisions,Section 6-30,Section,6,30,,Section 6-30,greenwich-connecticut-18417c5e9074d765-node-000630,resolved_longest_heading_candidate
greenwich-connecticut-18417c5e9074d765,greenwich-connecticut-18417c5e9074d765-node-000513,Subsection,40,(2) Section 6-94(b) — Non-residential uses and Group Living Facilities permitted in,Section 6-94(b),Section,6,94,b,Section 6-94(b),greenwich-connecticut-18417c5e9074d765-node-000929,resolved_longest_heading_candidate
greenwich-connecticut-18417c5e9074d765,greenwich-connecticut-18417c5e9074d765-node-000514,Subsection,40,(3) Section 6-98 — RMF Zone,Section 6-98,Section,6,98,,Section 6-98,greenwich-connecticut-18417c5e9074d765-node-002650,resolved_longest_heading_candidate
greenwich-connecticut-18417c5e9074d765,greenwich-connecticut-18417c5e9074d765-node-000515,Subsection,40,(4) Section 6-100— Use Groups for Business Zones,Section 6-100,Section,6,100,,Section 6-100,,unresolved_ambiguous_multiple_nodes
greenwich-connecticut-18417c5e9074d765,greenwich-connecticut-18417c5e9074d765-node-000516,Subsection,40,"(5) Section 6-101, 107 — Buildings over 40,000 cubic feet in volume (cfv) in Central",Section 6-101,Section,6,101,,Section 6-101,,unresolved_ambiguous_multiple_nodes
greenwich-connecticut-18417c5e9074d765,greenwich-connecticut-18417c5e9074d765-node-000517,Subsection,40,(6) Section 6-103.1 — Parking deficient uses in CGBR,Section 6-103,Section,6,103,,Section 6-103,,unresolved_ambiguous_multiple_nodes
greenwich-connecticut-18417c5e9074d765,greenwich-connecticut-18417c5e9074d765-node-000518,Subsection,40,(7) Section 6-104 — Parking structures including underground in LB Zone and height,Section 6-104,Section,6,104,,Section 6-104,,unresolved_ambiguous_multiple_nodes
greenwich-connecticut-18417c5e9074d765,greenwich-connecticut-18417c5e9074d765-node-000519,Subsection,40,"(8) Section 6-105, 106 — Front yard parking in GB or GBO Zone",Section 6-105,Section,6,105,,Section 6-105,greenwich-connecticut-18417c5e9074d765-node-001188,resolved_longest_heading_candidate
greenwich-connecticut-18417c5e9074d765,greenwich-connecticut-18417c5e9074d765-node-000520,Subsection,40,(9) Section 6-109 — HO Zones,Section 6-109,Section,6,109,,Section 6-109,greenwich-connecticut-18417c5e9074d765-node-001341,resolved_longest_heading_candidate
greenwich-connecticut-18417c5e9074d765,greenwich-connecticut-18417c5e9074d765-node-000521,Subsection,40,(10) Section 6-110 — Dwellings under special requirements for Business Zones,Section 6-110,Section,6,110,,Section 6-110,,unresolved_ambiguous_multiple_nodes
greenwich-connecticut-18417c5e9074d765,greenwich-connecticut-18417c5e9074d765-node-000522,Section,41,§6-17,§6-17,Section,6,17,,Section 6-17,,unresolved_ambiguous_multiple_nodes
greenwich-connecticut-18417c5e9074d765,greenwich-connecticut-18417c5e9074d765-node-000523,Section,41,§6-17,§6-17,Section,6,17,,Section 6-17,,unresolved_ambiguous_multiple_nodes
greenwich-connecticut-18417c5e9074d765,greenwich-connecticut-18417c5e9074d765-node-000524,Subsection,41,(11) Section 6-112 — IND-RE Zone applications,Section 6-112,Section,6,112,,Section 6-112,greenwich-connecticut-18417c5e9074d765-node-001561,resolved_longest_heading_candidate
greenwich-connecticut-18417c5e9074d765,greenwich-connecticut-18417c5e9074d765-node-000525,Subsection,41,"(12) Section 6-113 — In Hospital Zones: certain accessory uses, expansion exceeding",Section 6-113,Section,6,113,,Section 6-113,,unresolved_ambiguous_multiple_nodes
greenwich-connecticut-18417c5e9074d765,greenwich-connecticut-18417c5e9074d765-node-000526,Subsection,41,(13) Section 6-114 — CCRC (Continuing Care Retirement Community),Section 6-114,Section,6,114,,Section 6-114,greenwich-connecticut-18417c5e9074d765-node-001627,resolved_longest_heading_candidate
greenwich-connecticut-18417c5e9074d765,greenwich-connecticut-18417c5e9074d765-node-000527,Subsection,41,(14) Section 6-118.1 — Uses within railroad rights of way,Section 6-118,Section,6,118,,Section 6-118,greenwich-connecticut-18417c5e9074d765-node-001743,resolved_longest_heading_candidate
greenwich-connecticut-18417c5e9074d765,greenwich-connecticut-18417c5e9074d765-node-000528,Subsection,41,(15) Section 6-123 — Setbacks from Connecticut Turnpike in Business Zones,Section 6-123,Section,6,123,,Section 6-123,greenwich-connecticut-18417c5e9074d765-node-001751,resolved_longest_heading_candidate
greenwich-connecticut-18417c5e9074d765,greenwich-connecticut-18417c5e9074d765-node-000529,Subsection,41,(16) Section 6-140.1 — Satellite Earth Stations that emit microwaves,Section 6-140,Section,6,140,,Section 6-140,greenwich-connecticut-18417c5e9074d765-node-002029,resolved_longest_heading_candidate
greenwich-connecticut-18417c5e9074d765,greenwich-connecticut-18417c5e9074d765-node-000530,Subsection,41,"(17) Section 6-141 — Changes in non-conforming uses, buildings",Section 6-141,Section,6,141,,Section 6-141,greenwich-connecticut-18417c5e9074d765-node-002143,resolved_longest_heading_candidate
greenwich-connecticut-18417c5e9074d765,greenwich-connecticut-18417c5e9074d765-node-000531,Subsection,41,"(18) Section 6-205 — Historic structures in CBG Zone exceeding FAR and Notes 7,",Section 6-205,Section,6,205,,Section 6-205,,unresolved_ambiguous_multiple_nodes
greenwich-connecticut-18417c5e9074d765,greenwich-connecticut-18417c5e9074d765-node-000537,Section,41,Section 8-7d of the General Statutes.,Section 8-7,Section,8,7,,Section 8-7,greenwich-connecticut-18417c5e9074d765-node-000537,resolved
greenwich-connecticut-18417c5e9074d765,greenwich-connecticut-18417c5e9074d765-node-000546,Section,42,§6-17,§6-17,Section,6,17,,Section 6-17,,unresolved_ambiguous_multiple_nodes
greenwich-connecticut-18417c5e9074d765,greenwich-connecticut-18417c5e9074d765-node-000547,Section,42,§6-18,§6-18,Section,6,18,,Section 6-18,,unresolved_ambiguous_multiple_nodes
greenwich-connecticut-18417c5e9074d765,greenwich-connecticut-18417c5e9074d765-node-000559,Section,42,Sec. 6-17.1. RESERVED,Sec. 6-17,Section,6,17,,Section 6-17,,unresolved_ambiguous_multiple_nodes
greenwich-connecticut-18417c5e9074d765,greenwich-connecticut-18417c5e9074d765-node-000560,Section,42,Sec. 6-17.2. RESERVED,Sec. 6-17,Section,6,17,,Section 6-17,,unresolved_ambiguous_multiple_nodes
greenwich-connecticut-18417c5e9074d765,greenwich-connecticut-18417c5e9074d765-node-000561,Section,42,Sec. 6-18. CERTIFICATE OF OCCUPANCY; PROCEDURE.,Sec. 6-18,Section,6,18,,Section 6-18,,unresolved_ambiguous_multiple_nodes
greenwich-connecticut-18417c5e9074d765,greenwich-connecticut-18417c5e9074d765-node-000564,Section,43,§6-18,§6-18,Section,6,18,,Section 6-18,,unresolved_ambiguous_multiple_nodes
greenwich-connecticut-18417c5e9074d765,greenwich-connecticut-18417c5e9074d765-node-000565,Section,43,§6-20,§6-20,Section,6,20,,Section 6-20,,unresolved_ambiguous_multiple_nodes
greenwich-connecticut-18417c5e9074d765,greenwich-connecticut-18417c5e9074d765-node-000568,Section,43,Sec. 6-19. PLANNING AND ZONING BOARD OF APPEALS; POWERS AND DUTIES.,Sec. 6-19,Section,6,19,,Section 6-19,,unresolved_ambiguous_multiple_nodes
greenwich-connecticut-18417c5e9074d765,greenwich-connecticut-18417c5e9074d765-node-000575,Section,43,Sec. 6-20. BOARD OF APPEALS; PROCEDURES,Sec. 6-20,Section,6,20,,Section 6-20,,unresolved_ambiguous_multiple_nodes
greenwich-connecticut-18417c5e9074d765,greenwich-connecticut-18417c5e9074d765-node-000579,Section,44,§6-20,§6-20,Section,6,20,,Section 6-20,,unresolved_ambiguous_multiple_nodes
greenwich-connecticut-18417c5e9074d765,greenwich-connecticut-18417c5e9074d765-node-000580,Section,44,§6-22,§6-22,Section,6,22,,Section 6-22,greenwich-connecticut-18417c5e9074d765-node-000590,resolved_longest_heading_candidate
greenwich-connecticut-18417c5e9074d765,greenwich-connecticut-18417c5e9074d765-node-000588,Section,44,Sec. 6-21. TIME LIMIT ON VARIANCE OR EXCEPTION.,Sec. 6-21,Section,6,21,,Section 6-21,greenwich-connecticut-18417c5e9074d765-node-000588,resolved_longest_heading_candidate
greenwich-connecticut-18417c5e9074d765,greenwich-connecticut-18417c5e9074d765-node-000590,Section,44,Sec. 6-22. ZONING AMENDMENTS.,Sec. 6-22,Section,6,22,,Section 6-22,greenwich-connecticut-18417c5e9074d765-node-000590,resolved_longest_heading_candidate
greenwich-connecticut-18417c5e9074d765,greenwich-connecticut-18417c5e9074d765-node-000591,Section,46,§6-23,§6-23,Section,6,23,,Section 6-23,greenwich-connecticut-18417c5e9074d765-node-000649,resolved_longest_heading_candidate
greenwich-connecticut-18417c5e9074d765,greenwich-connecticut-18417c5e9074d765-node-000592,Section,46,§6-23,§6-23,Section,6,23,,Section 6-23,greenwich-connecticut-18417c5e9074d765-node-000649,resolved_longest_heading_candidate
greenwich-connecticut-18417c5e9074d765,greenwich-connecticut-18417c5e9074d765-node-000593,Section,46,Sec. 6-23. CONSERVATION ZONES; PURPOSE.,Sec. 6-23,Section,6,23,,Section 6-23,greenwich-connecticut-18417c5e9074d765-node-000649,resolved_longest_heading_candidate
greenwich-connecticut-18417c5e9074d765,greenwich-connecticut-18417c5e9074d765-node-000608,Section,47,§6-23,§6-23,Section,6,23,,Section 6-23,greenwich-connecticut-18417c5e9074d765-node-000649,resolved_longest_heading_candidate
greenwich-connecticut-18417c5e9074d765,greenwich-connecticut-18417c5e9074d765-node-000609,Section,47,§6-25,§6-25,Section,6,25,,Section 6-25,greenwich-connecticut-18417c5e9074d765-node-000618,resolved_longest_heading_candidate
greenwich-connecticut-18417c5e9074d765,greenwich-connecticut-18417c5e9074d765-node-000615,Section,47,Sec. 6-24. PLANNING AND ZONING COMMISSION APPROVAL.,Sec. 6-24,Section,6,24,,Section 6-24,greenwich-connecticut-18417c5e9074d765-node-000615,resolved_longest_heading_candidate
greenwich-connecticut-18417c5e9074d765,greenwich-connecticut-18417c5e9074d765-node-000618,Section,47,Sec. 6-25. CLASSES OF CONSERVATION ZONES.,Sec. 6-25,Section,6,25,,Section 6-25,greenwich-connecticut-18417c5e9074d765-node-000618,resolved_longest_heading_candidate
greenwich-connecticut-18417c5e9074d765,greenwich-connecticut-18417c5e9074d765-node-000619,Section,48,§6-26,§6-26,Section,6,26,,Section 6-26,greenwich-connecticut-18417c5e9074d765-node-000621,resolved_longest_heading_candidate
greenwich-connecticut-18417c5e9074d765,greenwich-connecticut-18417c5e9074d765-node-000620,Section,48,§6-29,§6-29,Section,6,29,,Section 6-29,greenwich-connecticut-18417c5e9074d765-node-000627,resolved_longest_heading_candidate
greenwich-connecticut-18417c5e9074d765,greenwich-connecticut-18417c5e9074d765-node-000621,Section,48,Sec. 6-26. SIZE OF ZONE.,Sec. 6-26,Section,6,26,,Section 6-26,greenwich-connecticut-18417c5e9074d765-node-000621,resolved_longest_heading_candidate
greenwich-connecticut-18417c5e9074d765,greenwich-connecticut-18417c5e9074d765-node-000622,Section,48,Sec. 6-27. USE REGULATIONS.,Sec. 6-27,Section,6,27,,Section 6-27,greenwich-connecticut-18417c5e9074d765-node-000622,resolved_longest_heading_candidate
greenwich-connecticut-18417c5e9074d765,greenwich-connecticut-18417c5e9074d765-node-000626,Section,48,Sec. 6-28. NUMBER OF DWELLING UNITS.,Sec. 6-28,Section,6,28,,Section 6-28,greenwich-connecticut-18417c5e9074d765-node-000626,resolved_longest_heading_candidate
greenwich-connecticut-18417c5e9074d765,greenwich-connecticut-18417c5e9074d765-node-000627,Section,48,Sec. 6-29. FLOOR AREA RATIO AND HEIGHT REQUIREMENTS. (5/17/2000),Sec. 6-29,Section,6,29,,Section 6-29,greenwich-connecticut-18417c5e9074d765-node-000627,resolved_longest_heading_candidate
greenwich-connecticut-18417c5e9074d765,greenwich-connecticut-18417c5e9074d765-node-000628,Section,49,§6-29,§6-29,Section,6,29,,Section 6-29,greenwich-connecticut-18417c5e9074d765-node-000627,resolved_longest_heading_candidate
greenwich-connecticut-18417c5e9074d765,greenwich-connecticut-18417c5e9074d765-node-000629,Section,49,§6-30,§6-30,Section,6,30,,Section 6-30,greenwich-connecticut-18417c5e9074d765-node-000630,resolved_longest_heading_candidate
greenwich-connecticut-18417c5e9074d765,greenwich-connecticut-18417c5e9074d765-node-000630,Section,49,Sec. 6-30. LOT AND BUILDING REQUIREMENTS.,Sec. 6-30,Section,6,30,,Section 6-30,greenwich-connecticut-18417c5e9074d765-node-000630,resolved_longest_heading_candidate
greenwich-connecticut-18417c5e9074d765,greenwich-connecticut-18417c5e9074d765-node-000635,Section,50,§6-30,§6-30,Section,6,30,,Section 6-30,greenwich-connecticut-18417c5e9074d765-node-000630,resolved_longest_heading_candidate
greenwich-connecticut-18417c5e9074d765,greenwich-connecticut-18417c5e9074d765-node-000636,Section,50,§6-31,§6-31,Section,6,31,,Section 6-31,greenwich-connecticut-18417c5e9074d765-node-000644,resolved_longest_heading_candidate
greenwich-connecticut-18417c5e9074d765,greenwich-connecticut-18417c5e9074d765-node-000644,Section,50,Sec. 6-31. CONSERVATION LAND REQUIREMENTS.,Sec. 6-31,Section,6,31,,Section 6-31,greenwich-connecticut-18417c5e9074d765-node-000644,resolved_longest_heading_candidate
greenwich-connecticut-18417c5e9074d765,greenwich-connecticut-18417c5e9074d765-node-000649,Section,50,Section 6-23 in such manner as shall be approved by the Commission.,Section 6-23,Section,6,23,,Section 6-23,greenwich-connecticut-18417c5e9074d765-node-000649,resolved_longest_heading_candidate
greenwich-connecticut-18417c5e9074d765,greenwich-connecticut-18417c5e9074d765-node-000651,Section,51,§6-31,§6-31,Section,6,31,,Section 6-31,greenwich-connecticut-18417c5e9074d765-node-000644,resolved_longest_heading_candidate
greenwich-connecticut-18417c5e9074d765,greenwich-connecticut-18417c5e9074d765-node-000652,Section,51,§6-32,§6-32,Section,6,32,,Section 6-32,greenwich-connecticut-18417c5e9074d765-node-000656,resolved_longest_heading_candidate
greenwich-connecticut-18417c5e9074d765,greenwich-connecticut-18417c5e9074d765-node-000656,Section,51,"Sec. 6-32. TRUST, EASEMENT OR COVENANT FOR CONSERVATION LAND, FILING.",Sec. 6-32,Section,6,32,,Section 6-32,greenwich-connecticut-18417c5e9074d765-node-000656,resolved_longest_heading_candidate
greenwich-connecticut-18417c5e9074d765,greenwich-connecticut-18417c5e9074d765-node-000666,Section,52,§6-33,§6-33,Section,6,33,,Section 6-33,greenwich-connecticut-18417c5e9074d765-node-000668,resolved_longest_heading_candidate
greenwich-connecticut-18417c5e9074d765,greenwich-connecticut-18417c5e9074d765-node-000667,Section,52,§6-34,§6-34,Section,6,34,,Section 6-34,greenwich-connecticut-18417c5e9074d765-node-000676,resolved_longest_heading_candidate
greenwich-connecticut-18417c5e9074d765,greenwich-connecticut-18417c5e9074d765-node-000668,Section,52,Sec. 6-33. APPLICATION FOR ZONE APPROVAL.,Sec. 6-33,Section,6,33,,Section 6-33,greenwich-connecticut-18417c5e9074d765-node-000668,resolved_longest_heading_candidate
greenwich-connecticut-18417c5e9074d765,greenwich-connecticut-18417c5e9074d765-node-000676,Section,52,Sec. 6-34. ZONE APPROVAL PROCEDURE.,Sec. 6-34,Section,6,34,,Section 6-34,greenwich-connecticut-18417c5e9074d765-node-000676,resolved_longest_heading_candidate
greenwich-connecticut-18417c5e9074d765,greenwich-connecticut-18417c5e9074d765-node-000681,Section,53,§6-34,§6-34,Section,6,34,,Section 6-34,greenwich-connecticut-18417c5e9074d765-node-000676,resolved_longest_heading_candidate
greenwich-connecticut-18417c5e9074d765,greenwich-connecticut-18417c5e9074d765-node-000682,Section,53,§6-34,§6-34,Section,6,34,,Section 6-34,greenwich-connecticut-18417c5e9074d765-node-000676,resolved_longest_heading_candidate
greenwich-connecticut-18417c5e9074d765,greenwich-connecticut-18417c5e9074d765-node-000684,Section,55,§6-35,§6-35,Section,6,35,,Section 6-35,,unresolved_ambiguous_multiple_nodes
greenwich-connecticut-18417c5e9074d765,greenwich-connecticut-18417c5e9074d765-node-000685,Section,55,§6-38,§6-38,Section,6,38,,Section 6-38,greenwich-connecticut-18417c5e9074d765-node-000694,resolved_longest_heading_candidate
greenwich-connecticut-18417c5e9074d765,greenwich-connecticut-18417c5e9074d765-node-000686,Section,55,Sec. 6-35. RESIDENTIAL-PLANNED HOUSING DESIGN-ELDERLY ZONE (R-PHD-E): PURPOSE.,Sec. 6-35,Section,6,35,,Section 6-35,,unresolved_ambiguous_multiple_nodes
greenwich-connecticut-18417c5e9074d765,greenwich-connecticut-18417c5e9074d765-node-000692,Section,55,Sec. 6-36. LOCATION OF ZONE.,Sec. 6-36,Section,6,36,,Section 6-36,greenwich-connecticut-18417c5e9074d765-node-000692,resolved_longest_heading_candidate
greenwich-connecticut-18417c5e9074d765,greenwich-connecticut-18417c5e9074d765-node-000693,Section,55,Sec. 6-37. SIZE OF ZONE.,Sec. 6-37,Section,6,37,,Section 6-37,greenwich-connecticut-18417c5e9074d765-node-000693,resolved_longest_heading_candidate
greenwich-connecticut-18417c5e9074d765,greenwich-connecticut-18417c5e9074d765-node-000694,Section,55,Sec. 6-38. USE REGULATIONS.,Sec. 6-38,Section,6,38,,Section 6-38,greenwich-connecticut-18417c5e9074d765-node-000694,resolved_longest_heading_candidate
greenwich-connecticut-18417c5e9074d765,greenwich-connecticut-18417c5e9074d765-node-000697,Section,55,§8-2.,§8-2,Section,8,2,,Section 8-2,greenwich-connecticut-18417c5e9074d765-node-000697,resolved
greenwich-connecticut-18417c5e9074d765,greenwich-connecticut-18417c5e9074d765-node-000698,Section,56,§6-38,§6-38,Section,6,38,,Section 6-38,greenwich-connecticut-18417c5e9074d765-node-000694,resolved_longest_heading_candidate
greenwich-connecticut-18417c5e9074d765,greenwich-connecticut-18417c5e9074d765-node-000699,Section,56,§6-43,§6-43,Section,6,43,,Section 6-43,,unresolved_ambiguous_multiple_nodes
greenwich-connecticut-18417c5e9074d765,greenwich-connecticut-18417c5e9074d765-node-000701,Section,56,Sec. 6-39. NUMBER OF UNITS.,Sec. 6-39,Section,6,39,,Section 6-39,greenwich-connecticut-18417c5e9074d765-node-000701,resolved_longest_heading_candidate
greenwich-connecticut-18417c5e9074d765,greenwich-connecticut-18417c5e9074d765-node-000702,Section,56,Sec. 6-40. FLOOR AREA RATIO AND HEIGHT REGULATION.,Sec. 6-40,Section,6,40,,Section 6-40,greenwich-connecticut-18417c5e9074d765-node-000702,resolved_longest_heading_candidate
greenwich-connecticut-18417c5e9074d765,greenwich-connecticut-18417c5e9074d765-node-000705,Section,56,Sec. 6-41. YARD REQUIREMENTS.,Sec. 6-41,Section,6,41,,Section 6-41,greenwich-connecticut-18417c5e9074d765-node-000705,resolved_longest_heading_candidate
greenwich-connecticut-18417c5e9074d765,greenwich-connecticut-18417c5e9074d765-node-000706,Section,56,Sec. 6-42. APPLICATION FOR ZONE APPROVAL.,Sec. 6-42,Section,6,42,,Section 6-42,greenwich-connecticut-18417c5e9074d765-node-000706,resolved_longest_heading_candidate
greenwich-connecticut-18417c5e9074d765,greenwich-connecticut-18417c5e9074d765-node-000711,Section,56,Sec. 6-43. ZONE APPROVAL PROCEDURE.,Sec. 6-43,Section,6,43,,Section 6-43,,unresolved_ambiguous_multiple_nodes
greenwich-connecticut-18417c5e9074d765,greenwich-connecticut-18417c5e9074d765-node-000715,Section,57,§6-43,§6-43,Section,6,43,,Section 6-43,,unresolved_ambiguous_multiple_nodes
greenwich-connecticut-18417c5e9074d765,greenwich-connecticut-18417c5e9074d765-node-000716,Section,57,§6-43.1,§6-43,Section,6,43,,Section 6-43,,unresolved_ambiguous_multiple_nodes
greenwich-connecticut-18417c5e9074d765,greenwich-connecticut-18417c5e9074d765-node-000718,Section,57,Sec. 6-43.1. SPECIAL PERMIT – ZONING RIGHTS.,Sec. 6-43,Section,6,43,,Section 6-43,,unresolved_ambiguous_multiple_nodes
greenwich-connecticut-18417c5e9074d765,greenwich-connecticut-18417c5e9074d765-node-000719,Section,57,"Section 6-35 of these regulations. (6/17/83, 12/10/2013)",Section 6-35,Section,6,35,,Section 6-35,,unresolved_ambiguous_multiple_nodes
greenwich-connecticut-18417c5e9074d765,greenwich-connecticut-18417c5e9074d765-node-000720,Section,59,§6-44,§6-44,Section,6,44,,Section 6-44,greenwich-connecticut-18417c5e9074d765-node-000722,resolved_longest_heading_candidate
greenwich-connecticut-18417c5e9074d765,greenwich-connecticut-18417c5e9074d765-node-000721,Section,59,§6-46,§6-46,Section,6,46,,Section 6-46,greenwich-connecticut-18417c5e9074d765-node-000732,resolved_longest_heading_candidate
greenwich-connecticut-18417c5e9074d765,greenwich-connecticut-18417c5e9074d765-node-000722,Section,59,Sec. 6-44. PLANNED RESIDENTIAL ZONE (R-PR); PURPOSES.,Sec. 6-44,Section,6,44,,Section 6-44,greenwich-connecticut-18417c5e9074d765-node-000722,resolved_longest_heading_candidate
greenwich-connecticut-18417c5e9074d765,greenwich-connecticut-18417c5e9074d765-node-000731,Section,59,Sec. 6-45. PLANNING AND ZONING COMMISSION APPROVAL.,Sec. 6-45,Section,6,45,,Section 6-45,greenwich-connecticut-18417c5e9074d765-node-000731,resolved_longest_heading_candidate
greenwich-connecticut-18417c5e9074d765,greenwich-connecticut-18417c5e9074d765-node-000732,Section,59,Sec. 6-46. SIZE OF ZONE.,Sec. 6-46,Section,6,46,,Section 6-46,greenwich-connecticut-18417c5e9074d765-node-000732,resolved_longest_heading_candidate
greenwich-connecticut-18417c5e9074d765,greenwich-connecticut-18417c5e9074d765-node-000733,Section,60,§6-47,§6-47,Section,6,47,,Section 6-47,greenwich-connecticut-18417c5e9074d765-node-000735,resolved_longest_heading_candidate
greenwich-connecticut-18417c5e9074d765,greenwich-connecticut-18417c5e9074d765-node-000734,Section,60,§6-49,§6-49,Section,6,49,,Section 6-49,greenwich-connecticut-18417c5e9074d765-node-000743,resolved_longest_heading_candidate
greenwich-connecticut-18417c5e9074d765,greenwich-connecticut-18417c5e9074d765-node-000735,Section,60,Sec. 6-47. LOCATION OF ZONE.,Sec. 6-47,Section,6,47,,Section 6-47,greenwich-connecticut-18417c5e9074d765-node-000735,resolved_longest_heading_candidate
greenwich-connecticut-18417c5e9074d765,greenwich-connecticut-18417c5e9074d765-node-000739,Section,60,Sec. 6-48. DENSITY.,Sec. 6-48,Section,6,48,,Section 6-48,,unresolved_ambiguous_multiple_nodes
greenwich-connecticut-18417c5e9074d765,greenwich-connecticut-18417c5e9074d765-node-000743,Section,60,Sec. 6-49. UTILITY AND ROAD REQUIREMENTS.,Sec. 6-49,Section,6,49,,Section 6-49,greenwich-connecticut-18417c5e9074d765-node-000743,resolved_longest_heading_candidate
greenwich-connecticut-18417c5e9074d765,greenwich-connecticut-18417c5e9074d765-node-000749,Section,61,§6-50,§6-50,Section,6,50,,Section 6-50,greenwich-connecticut-18417c5e9074d765-node-000751,resolved_longest_heading_candidate
greenwich-connecticut-18417c5e9074d765,greenwich-connecticut-18417c5e9074d765-node-000750,Section,61,§6-55,§6-55,Section,6,55,,Section 6-55,greenwich-connecticut-18417c5e9074d765-node-000761,resolved_longest_heading_candidate
greenwich-connecticut-18417c5e9074d765,greenwich-connecticut-18417c5e9074d765-node-000751,Section,61,Sec. 6-50. USE REGULATIONS.,Sec. 6-50,Section,6,50,,Section 6-50,greenwich-connecticut-18417c5e9074d765-node-000751,resolved_longest_heading_candidate
greenwich-connecticut-18417c5e9074d765,greenwich-connecticut-18417c5e9074d765-node-000757,Section,61,Sec. 6-51. LOT SIZE AND YARD REQUIREMENTS.,Sec. 6-51,Section,6,51,,Section 6-51,greenwich-connecticut-18417c5e9074d765-node-000757,resolved_longest_heading_candidate
greenwich-connecticut-18417c5e9074d765,greenwich-connecticut-18417c5e9074d765-node-000758,Section,61,Sec. 6-52. HEIGHT REQUIREMENTS.,Sec. 6-52,Section,6,52,,Section 6-52,greenwich-connecticut-18417c5e9074d765-node-000758,resolved_longest_heading_candidate
greenwich-connecticut-18417c5e9074d765,greenwich-connecticut-18417c5e9074d765-node-000759,Section,61,Sec. 6-53. NUMBER OF UNITS PER BUILDING.,Sec. 6-53,Section,6,53,,Section 6-53,greenwich-connecticut-18417c5e9074d765-node-000759,resolved_longest_heading_candidate
greenwich-connecticut-18417c5e9074d765,greenwich-connecticut-18417c5e9074d765-node-000760,Section,61,Sec. 6-54. LOCATION OF STRUCTURES.,Sec. 6-54,Section,6,54,,Section 6-54,greenwich-connecticut-18417c5e9074d765-node-000760,resolved_longest_heading_candidate
greenwich-connecticut-18417c5e9074d765,greenwich-connecticut-18417c5e9074d765-node-000761,Section,61,Sec. 6-55. AREA OF RESIDENTIAL DEVELOPMENT.,Sec. 6-55,Section,6,55,,Section 6-55,greenwich-connecticut-18417c5e9074d765-node-000761,resolved_longest_heading_candidate
greenwich-connecticut-18417c5e9074d765,greenwich-connecticut-18417c5e9074d765-node-000762,Section,62,§6-56,§6-56,Section,6,56,,Section 6-56,greenwich-connecticut-18417c5e9074d765-node-000764,resolved_longest_heading_candidate
greenwich-connecticut-18417c5e9074d765,greenwich-connecticut-18417c5e9074d765-node-000763,Section,62,§6-58,§6-58,Section,6,58,,Section 6-58,greenwich-connecticut-18417c5e9074d765-node-000771,resolved_longest_heading_candidate
greenwich-connecticut-18417c5e9074d765,greenwich-connecticut-18417c5e9074d765-node-000764,Section,62,Sec. 6-56. CONSERVATION LAND REQUIREMENTS.,Sec. 6-56,Section,6,56,,Section 6-56,greenwich-connecticut-18417c5e9074d765-node-000764,resolved_longest_heading_candidate
greenwich-connecticut-18417c5e9074d765,greenwich-connecticut-18417c5e9074d765-node-000767,Section,62,Sec. 6-57. RECREATIONAL LAND REQUIREMENTS.,Sec. 6-57,Section,6,57,,Section 6-57,greenwich-connecticut-18417c5e9074d765-node-000767,resolved_longest_heading_candidate
greenwich-connecticut-18417c5e9074d765,greenwich-connecticut-18417c5e9074d765-node-000771,Section,62,Sec. 6-58. APPLICATION FOR ZONE APPROVAL.,Sec. 6-58,Section,6,58,,Section 6-58,greenwich-connecticut-18417c5e9074d765-node-000771,resolved_longest_heading_candidate
greenwich-connecticut-18417c5e9074d765,greenwich-connecticut-18417c5e9074d765-node-000782,Section,63,§6-59,§6-59,Section,6,59,,Section 6-59,greenwich-connecticut-18417c5e9074d765-node-000784,resolved_longest_heading_candidate
greenwich-connecticut-18417c5e9074d765,greenwich-connecticut-18417c5e9074d765-node-000783,Section,63,§6-61,§6-61,Section,6,61,,Section 6-61,greenwich-connecticut-18417c5e9074d765-node-000786,resolved_longest_heading_candidate
greenwich-connecticut-18417c5e9074d765,greenwich-connecticut-18417c5e9074d765-node-000784,Section,63,Sec. 6-59. PUBLIC HEARING.,Sec. 6-59,Section,6,59,,Section 6-59,greenwich-connecticut-18417c5e9074d765-node-000784,resolved_longest_heading_candidate
greenwich-connecticut-18417c5e9074d765,greenwich-connecticut-18417c5e9074d765-node-000785,Section,63,Sec. 6-60. ZONING PLAN APPROVAL.,Sec. 6-60,Section,6,60,,Section 6-60,greenwich-connecticut-18417c5e9074d765-node-000785,resolved_longest_heading_candidate
greenwich-connecticut-18417c5e9074d765,greenwich-connecticut-18417c5e9074d765-node-000786,Section,63,Sec. 6-61. REVIEW OF SITE PLANS; LAPSED APPROVAL.,Sec. 6-61,Section,6,61,,Section 6-61,greenwich-connecticut-18417c5e9074d765-node-000786,resolved_longest_heading_candidate
greenwich-connecticut-18417c5e9074d765,greenwich-connecticut-18417c5e9074d765-node-000790,Section,65,§6-62,§6-62,Section,6,62,,Section 6-62,,unresolved_ambiguous_multiple_nodes
greenwich-connecticut-18417c5e9074d765,greenwich-connecticut-18417c5e9074d765-node-000791,Section,65,§6-64,§6-64,Section,6,64,,Section 6-64,greenwich-connecticut-18417c5e9074d765-node-000802,resolved_longest_heading_candidate
greenwich-connecticut-18417c5e9074d765,greenwich-connecticut-18417c5e9074d765-node-000792,Section,65,Sec. 6-62.,Sec. 6-62,Section,6,62,,Section 6-62,,unresolved_ambiguous_multiple_nodes
greenwich-connecticut-18417c5e9074d765,greenwich-connecticut-18417c5e9074d765-node-000801,Section,65,Sec. 6-63. LOCATION OF ZONE.,Sec. 6-63,Section,6,63,,Section 6-63,greenwich-connecticut-18417c5e9074d765-node-000801,resolved_longest_heading_candidate
greenwich-connecticut-18417c5e9074d765,greenwich-connecticut-18417c5e9074d765-node-000802,Section,65,Sec. 6-64. TYPE AND NUMBER OF UNITS.,Sec. 6-64,Section,6,64,,Section 6-64,greenwich-connecticut-18417c5e9074d765-node-000802,resolved_longest_heading_candidate
greenwich-connecticut-18417c5e9074d765,greenwich-connecticut-18417c5e9074d765-node-000805,Section,66,§6-64,§6-64,Section,6,64,,Section 6-64,greenwich-connecticut-18417c5e9074d765-node-000802,resolved_longest_heading_candidate
greenwich-connecticut-18417c5e9074d765,greenwich-connecticut-18417c5e9074d765-node-000806,Section,66,§6-69,§6-69,Section,6,69,,Section 6-69,greenwich-connecticut-18417c5e9074d765-node-000813,resolved_longest_heading_candidate
greenwich-connecticut-18417c5e9074d765,greenwich-connecticut-18417c5e9074d765-node-000808,Section,66,Sec. 6-65. MAXIMUM BUILDING AREA.,Sec. 6-65,Section,6,65,,Section 6-65,greenwich-connecticut-18417c5e9074d765-node-000808,resolved_longest_heading_candidate
greenwich-connecticut-18417c5e9074d765,greenwich-connecticut-18417c5e9074d765-node-000809,Section,66,Sec. 6-66. BUILDING HEIGHT.,Sec. 6-66,Section,6,66,,Section 6-66,greenwich-connecticut-18417c5e9074d765-node-000809,resolved_longest_heading_candidate
greenwich-connecticut-18417c5e9074d765,greenwich-connecticut-18417c5e9074d765-node-000811,Section,66,Sec. 6-67. FLOOR AREA RATIO.,Sec. 6-67,Section,6,67,,Section 6-67,greenwich-connecticut-18417c5e9074d765-node-000811,resolved_longest_heading_candidate
greenwich-connecticut-18417c5e9074d765,greenwich-connecticut-18417c5e9074d765-node-000812,Section,66,Sec. 6-68. YARD REQUIREMENTS.,Sec. 6-68,Section,6,68,,Section 6-68,greenwich-connecticut-18417c5e9074d765-node-000812,resolved_longest_heading_candidate
greenwich-connecticut-18417c5e9074d765,greenwich-connecticut-18417c5e9074d765-node-000813,Section,66,Sec. 6-69. DISTANCE BETWEEN BUILDING AND/OR STRUCTURES.,Sec. 6-69,Section,6,69,,Section 6-69,greenwich-connecticut-18417c5e9074d765-node-000813,resolved_longest_heading_candidate
greenwich-connecticut-18417c5e9074d765,greenwich-connecticut-18417c5e9074d765-node-000814,Section,67,§6-70,§6-70,Section,6,70,,Section 6-70,greenwich-connecticut-18417c5e9074d765-node-000816,resolved_longest_heading_candidate
greenwich-connecticut-18417c5e9074d765,greenwich-connecticut-18417c5e9074d765-node-000815,Section,67,§6-71.1,§6-71,Section,6,71,,Section 6-71,greenwich-connecticut-18417c5e9074d765-node-000825,resolved_longest_heading_candidate
greenwich-connecticut-18417c5e9074d765,greenwich-connecticut-18417c5e9074d765-node-000816,Section,67,Sec. 6-70. USE REGULATIONS.,Sec. 6-70,Section,6,70,,Section 6-70,greenwich-connecticut-18417c5e9074d765-node-000816,resolved_longest_heading_candidate
greenwich-connecticut-18417c5e9074d765,greenwich-connecticut-18417c5e9074d765-node-000820,Section,67,Sec. 6-71. APPLICATION FOR ZONE APPROVAL.,Sec. 6-71,Section,6,71,,Section 6-71,greenwich-connecticut-18417c5e9074d765-node-000825,resolved_longest_heading_candidate
greenwich-connecticut-18417c5e9074d765,greenwich-connecticut-18417c5e9074d765-node-000825,Section,67,Section 6-71.1 APPLICATION FOR AFFORDABLE HOUSING UNITS (See Note Below),Section 6-71,Section,6,71,,Section 6-71,greenwich-connecticut-18417c5e9074d765-node-000825,resolved_longest_heading_candidate
greenwich-connecticut-18417c5e9074d765,greenwich-connecticut-18417c5e9074d765-node-000826,Section,68,§6-72,§6-72,Section,6,72,,Section 6-72,greenwich-connecticut-18417c5e9074d765-node-000828,resolved_longest_heading_candidate
greenwich-connecticut-18417c5e9074d765,greenwich-connecticut-18417c5e9074d765-node-000827,Section,68,§6-74,§6-74,Section,6,74,,Section 6-74,greenwich-connecticut-18417c5e9074d765-node-000833,resolved_longest_heading_candidate
greenwich-connecticut-18417c5e9074d765,greenwich-connecticut-18417c5e9074d765-node-000828,Section,68,Sec. 6-72. ZONE APPROVAL PROCEDURE.,Sec. 6-72,Section,6,72,,Section 6-72,greenwich-connecticut-18417c5e9074d765-node-000828,resolved_longest_heading_candidate
greenwich-connecticut-18417c5e9074d765,greenwich-connecticut-18417c5e9074d765-node-000832,Section,68,Sec. 6-73. ISSUANCE OF BUILDING PERMIT OR CERTIFICATE OF OCCUPANCY.,Sec. 6-73,Section,6,73,,Section 6-73,greenwich-connecticut-18417c5e9074d765-node-000832,resolved_longest_heading_candidate
greenwich-connecticut-18417c5e9074d765,greenwich-connecticut-18417c5e9074d765-node-000833,Section,68,Sec. 6-74. LIMITATION OF TIME.,Sec. 6-74,Section,6,74,,Section 6-74,greenwich-connecticut-18417c5e9074d765-node-000833,resolved_longest_heading_candidate
greenwich-connecticut-18417c5e9074d765,greenwich-connecticut-18417c5e9074d765-node-000834,Section,69,§6-74.1,§6-74,Section,6,74,,Section 6-74,greenwich-connecticut-18417c5e9074d765-node-000833,resolved_longest_heading_candidate
greenwich-connecticut-18417c5e9074d765,greenwich-connecticut-18417c5e9074d765-node-000835,Section,69,§6-77,§6-77,Section,6,77,,Section 6-77,greenwich-connecticut-18417c5e9074d765-node-000849,resolved_longest_heading_candidate
greenwich-connecticut-18417c5e9074d765,greenwich-connecticut-18417c5e9074d765-node-000836,Section,69,Sec. 6-74.1.,Sec. 6-74,Section,6,74,,Section 6-74,greenwich-connecticut-18417c5e9074d765-node-000833,resolved_longest_heading_candidate
greenwich-connecticut-18417c5e9074d765,greenwich-connecticut-18417c5e9074d765-node-000844,Section,69,Sec. 6-75. LOCATION OF ZONE.,Sec. 6-75,Section,6,75,,Section 6-75,greenwich-connecticut-18417c5e9074d765-node-000844,resolved_longest_heading_candidate
greenwich-connecticut-18417c5e9074d765,greenwich-connecticut-18417c5e9074d765-node-000845,Section,69,Sec. 6-76. NUMBER OF FAMILIES; LOT AREA; TERRACE AREA.,Sec. 6-76,Section,6,76,,Section 6-76,greenwich-connecticut-18417c5e9074d765-node-000845,resolved_longest_heading_candidate
greenwich-connecticut-18417c5e9074d765,greenwich-connecticut-18417c5e9074d765-node-000849,Section,69,Sec. 6-77. BUILDING COVERAGE AND HEIGHT.,Sec. 6-77,Section,6,77,,Section 6-77,greenwich-connecticut-18417c5e9074d765-node-000849,resolved_longest_heading_candidate
greenwich-connecticut-18417c5e9074d765,greenwich-connecticut-18417c5e9074d765-node-000852,Section,70,§6-78,§6-78,Section,6,78,,Section 6-78,greenwich-connecticut-18417c5e9074d765-node-000854,resolved_longest_heading_candidate
greenwich-connecticut-18417c5e9074d765,greenwich-connecticut-18417c5e9074d765-node-000853,Section,70,§6-83,§6-83,Section,6,83,,Section 6-83,greenwich-connecticut-18417c5e9074d765-node-000867,resolved_longest_heading_candidate
greenwich-connecticut-18417c5e9074d765,greenwich-connecticut-18417c5e9074d765-node-000854,Section,70,Sec. 6-78. YARD REQUIREMENTS.,Sec. 6-78,Section,6,78,,Section 6-78,greenwich-connecticut-18417c5e9074d765-node-000854,resolved_longest_heading_candidate
greenwich-connecticut-18417c5e9074d765,greenwich-connecticut-18417c5e9074d765-node-000855,Section,70,Sec. 6-79. NUMBER OF TOWN HOUSES PER BUILDING.,Sec. 6-79,Section,6,79,,Section 6-79,greenwich-connecticut-18417c5e9074d765-node-000855,resolved_longest_heading_candidate
greenwich-connecticut-18417c5e9074d765,greenwich-connecticut-18417c5e9074d765-node-000856,Section,70,Sec. 6-80. DISTANCE BETWEEN BUILDINGS AND/OR STRUCTURES.,Sec. 6-80,Section,6,80,,Section 6-80,greenwich-connecticut-18417c5e9074d765-node-000856,resolved_longest_heading_candidate
greenwich-connecticut-18417c5e9074d765,greenwich-connecticut-18417c5e9074d765-node-000857,Section,70,Sec. 6-81. USE REGULATIONS.,Sec. 6-81,Section,6,81,,Section 6-81,greenwich-connecticut-18417c5e9074d765-node-000857,resolved_longest_heading_candidate
greenwich-connecticut-18417c5e9074d765,greenwich-connecticut-18417c5e9074d765-node-000862,Section,70,Sec. 6-82. APPLICATION FOR ZONE APPROVAL.,Sec. 6-82,Section,6,82,,Section 6-82,greenwich-connecticut-18417c5e9074d765-node-000862,resolved_longest_heading_candidate
greenwich-connecticut-18417c5e9074d765,greenwich-connecticut-18417c5e9074d765-node-000867,Section,70,Sec. 6-83. ZONE PLAN APPROVAL PROCEDURE.,Sec. 6-83,Section,6,83,,Section 6-83,greenwich-connecticut-18417c5e9074d765-node-000867,resolved_longest_heading_candidate
greenwich-connecticut-18417c5e9074d765,greenwich-connecticut-18417c5e9074d765-node-000871,Section,71,§6-84,§6-84,Section,6,84,,Section 6-84,greenwich-connecticut-18417c5e9074d765-node-000873,resolved_longest_heading_candidate
greenwich-connecticut-18417c5e9074d765,greenwich-connecticut-18417c5e9074d765-node-000872,Section,71,§6-85,§6-85,Section,6,85,,Section 6-85,greenwich-connecticut-18417c5e9074d765-node-000874,resolved_longest_heading_candidate
greenwich-connecticut-18417c5e9074d765,greenwich-connecticut-18417c5e9074d765-node-000873,Section,71,Sec. 6-84. ISSUANCE OF BUILDING PERMIT OR CERTIFICATE OF OCCUPANCY.,Sec. 6-84,Section,6,84,,Section 6-84,greenwich-connecticut-18417c5e9074d765-node-000873,resolved_longest_heading_candidate
greenwich-connecticut-18417c5e9074d765,greenwich-connecticut-18417c5e9074d765-node-000874,Section,71,Sec. 6-85. LIMITATION OF TIME.,Sec. 6-85,Section,6,85,,Section 6-85,greenwich-connecticut-18417c5e9074d765-node-000874,resolved_longest_heading_candidate
greenwich-connecticut-18417c5e9074d765,greenwich-connecticut-18417c5e9074d765-node-000875,Section,73,§6-86,§6-86,Section,6,86,,Section 6-86,greenwich-connecticut-18417c5e9074d765-node-000914,resolved_longest_heading_candidate
greenwich-connecticut-18417c5e9074d765,greenwich-connecticut-18417c5e9074d765-node-000876,Section,73,§6-89,§6-89,Section,6,89,,Section 6-89,,unresolved_ambiguous_multiple_nodes
greenwich-connecticut-18417c5e9074d765,greenwich-connecticut-18417c5e9074d765-node-000877,Section,73,Sec. 6-86.,Sec. 6-86,Section,6,86,,Section 6-86,greenwich-connecticut-18417c5e9074d765-node-000914,resolved_longest_heading_candidate
greenwich-connecticut-18417c5e9074d765,greenwich-connecticut-18417c5e9074d765-node-000878,Section,73,Sec. 6-87. PURPOSE OF ZONE.,Sec. 6-87,Section,6,87,,Section 6-87,greenwich-connecticut-18417c5e9074d765-node-000878,resolved_longest_heading_candidate
greenwich-connecticut-18417c5e9074d765,greenwich-connecticut-18417c5e9074d765-node-000886,Section,73,Sec. 6-88. LOCATION OF ZONE.,Sec. 6-88,Section,6,88,,Section 6-88,greenwich-connecticut-18417c5e9074d765-node-000886,resolved_longest_heading_candidate
greenwich-connecticut-18417c5e9074d765,greenwich-connecticut-18417c5e9074d765-node-000891,Section,73,Sec. 6-89. DENSITY.,Sec. 6-89,Section,6,89,,Section 6-89,,unresolved_ambiguous_multiple_nodes
greenwich-connecticut-18417c5e9074d765,greenwich-connecticut-18417c5e9074d765-node-000893,Section,74,§6-89,§6-89,Section,6,89,,Section 6-89,,unresolved_ambiguous_multiple_nodes
greenwich-connecticut-18417c5e9074d765,greenwich-connecticut-18417c5e9074d765-node-000894,Section,74,§6-92,§6-92,Section,6,92,,Section 6-92,greenwich-connecticut-18417c5e9074d765-node-000911,resolved_longest_heading_candidate
greenwich-connecticut-18417c5e9074d765,greenwich-connecticut-18417c5e9074d765-node-000897,Section,74,Sec. 6-90. YARD REQUIREMENTS; HEIGHT AND BULK OF BUILDINGS.,Sec. 6-90,Section,6,90,,Section 6-90,greenwich-connecticut-18417c5e9074d765-node-000897,resolved_longest_heading_candidate
greenwich-connecticut-18417c5e9074d765,greenwich-connecticut-18417c5e9074d765-node-000906,Section,74,Sec. 6-91. USE REGULATIONS.,Sec. 6-91,Section,6,91,,Section 6-91,greenwich-connecticut-18417c5e9074d765-node-000906,resolved_longest_heading_candidate
greenwich-connecticut-18417c5e9074d765,greenwich-connecticut-18417c5e9074d765-node-000911,Section,74,Sec. 6-92. ZONE CHANGE PROCEDURE.,Sec. 6-92,Section,6,92,,Section 6-92,greenwich-connecticut-18417c5e9074d765-node-000911,resolved_longest_heading_candidate
greenwich-connecticut-18417c5e9074d765,greenwich-connecticut-18417c5e9074d765-node-000914,Section,74,Section 6-86 will be served and the purposes set forth in Section 6-87 will be,Section 6-86,Section,6,86,,Section 6-86,greenwich-connecticut-18417c5e9074d765-node-000914,resolved_longest_heading_candidate
greenwich-connecticut-18417c5e9074d765,greenwich-connecticut-18417c5e9074d765-node-000914,Section,74,Section 6-86 will be served and the purposes set forth in Section 6-87 will be,Section 6-87,Section,6,87,,Section 6-87,greenwich-connecticut-18417c5e9074d765-node-000878,resolved_longest_heading_candidate
greenwich-connecticut-18417c5e9074d765,greenwich-connecticut-18417c5e9074d765-node-000915,Section,75,§6-92,§6-92,Section,6,92,,Section 6-92,greenwich-connecticut-18417c5e9074d765-node-000911,resolved_longest_heading_candidate
greenwich-connecticut-18417c5e9074d765,greenwich-connecticut-18417c5e9074d765-node-000916,Section,75,§6-92,§6-92,Section,6,92,,Section 6-92,greenwich-connecticut-18417c5e9074d765-node-000911,resolved_longest_heading_candidate
greenwich-connecticut-18417c5e9074d765,greenwich-connecticut-18417c5e9074d765-node-000922,Section,77,§6-93,§6-93,Section,6,93,,Section 6-93,greenwich-connecticut-18417c5e9074d765-node-000924,resolved_longest_heading_candidate
greenwich-connecticut-18417c5e9074d765,greenwich-connecticut-18417c5e9074d765-node-000923,Section,77,§6-94,§6-94,Section,6,94,,Section 6-94,greenwich-connecticut-18417c5e9074d765-node-000929,resolved_longest_heading_candidate
greenwich-connecticut-18417c5e9074d765,greenwich-connecticut-18417c5e9074d765-node-000924,Section,77,"Sec. 6-93. PERMITTED USES IN RA-4, RA-2, RA-1, R-20 AND R-12 Zones.",Sec. 6-93,Section,6,93,,Section 6-93,greenwich-connecticut-18417c5e9074d765-node-000924,resolved_longest_heading_candidate
greenwich-connecticut-18417c5e9074d765,greenwich-connecticut-18417c5e9074d765-node-000929,Section,77,Sec. 6-94. PERMITTED USES BY SPECIAL PERMIT AS INDICATED BELOW.,Sec. 6-94,Section,6,94,,Section 6-94,greenwich-connecticut-18417c5e9074d765-node-000929,resolved_longest_heading_candidate
greenwich-connecticut-18417c5e9074d765,greenwich-connecticut-18417c5e9074d765-node-000934,Section,78,§6-94,§6-94,Section,6,94,,Section 6-94,greenwich-connecticut-18417c5e9074d765-node-000929,resolved_longest_heading_candidate
greenwich-connecticut-18417c5e9074d765,greenwich-connecticut-18417c5e9074d765-node-000935,Section,78,§6-94,§6-94,Section,6,94,,Section 6-94,greenwich-connecticut-18417c5e9074d765-node-000929,resolved_longest_heading_candidate
greenwich-connecticut-18417c5e9074d765,greenwich-connecticut-18417c5e9074d765-node-000954,Section,79,§6-94,§6-94,Section,6,94,,Section 6-94,greenwich-connecticut-18417c5e9074d765-node-000929,resolved_longest_heading_candidate
greenwich-connecticut-18417c5e9074d765,greenwich-connecticut-18417c5e9074d765-node-000955,Section,79,§6-94,§6-94,Section,6,94,,Section 6-94,greenwich-connecticut-18417c5e9074d765-node-000929,resolved_longest_heading_candidate
greenwich-connecticut-18417c5e9074d765,greenwich-connecticut-18417c5e9074d765-node-000967,Section,80,§6-94,§6-94,Section,6,94,,Section 6-94,greenwich-connecticut-18417c5e9074d765-node-000929,resolved_longest_heading_candidate
greenwich-connecticut-18417c5e9074d765,greenwich-connecticut-18417c5e9074d765-node-000968,Section,80,§6-94,§6-94,Section,6,94,,Section 6-94,greenwich-connecticut-18417c5e9074d765-node-000929,resolved_longest_heading_candidate
greenwich-connecticut-18417c5e9074d765,greenwich-connecticut-18417c5e9074d765-node-000988,Section,81,§6-95,§6-95,Section,6,95,,Section 6-95,greenwich-connecticut-18417c5e9074d765-node-000990,resolved_longest_heading_candidate
greenwich-connecticut-18417c5e9074d765,greenwich-connecticut-18417c5e9074d765-node-000989,Section,81,§6-95,§6-95,Section,6,95,,Section 6-95,greenwich-connecticut-18417c5e9074d765-node-000990,resolved_longest_heading_candidate
greenwich-connecticut-18417c5e9074d765,greenwich-connecticut-18417c5e9074d765-node-000990,Section,81,Sec. 6-95. PERMITTED ACCESSORY USES.,Sec. 6-95,Section,6,95,,Section 6-95,greenwich-connecticut-18417c5e9074d765-node-000990,resolved_longest_heading_candidate
greenwich-connecticut-18417c5e9074d765,greenwich-connecticut-18417c5e9074d765-node-001001,Section,82,§6-95,§6-95,Section,6,95,,Section 6-95,greenwich-connecticut-18417c5e9074d765-node-000990,resolved_longest_heading_candidate
greenwich-connecticut-18417c5e9074d765,greenwich-connecticut-18417c5e9074d765-node-001002,Section,82,§6-95,§6-95,Section,6,95,,Section 6-95,greenwich-connecticut-18417c5e9074d765-node-000990,resolved_longest_heading_candidate
greenwich-connecticut-18417c5e9074d765,greenwich-connecticut-18417c5e9074d765-node-001017,Section,82,"Section 6-110 and Section 6-93 in RA-4, RA-2, RA-1, R-20 and R-12 zones and R-7 zone",Section 6-110,Section,6,110,,Section 6-110,,unresolved_ambiguous_multiple_nodes
greenwich-connecticut-18417c5e9074d765,greenwich-connecticut-18417c5e9074d765-node-001017,Section,82,"Section 6-110 and Section 6-93 in RA-4, RA-2, RA-1, R-20 and R-12 zones and R-7 zone",Section 6-93,Section,6,93,,Section 6-93,greenwich-connecticut-18417c5e9074d765-node-000924,resolved_longest_heading_candidate
greenwich-connecticut-18417c5e9074d765,greenwich-connecticut-18417c5e9074d765-node-001021,Section,82,Section 6-158 for both business visitors and residential use;,Section 6-158,Section,6,158,,Section 6-158,,unresolved_ambiguous_multiple_nodes
greenwich-connecticut-18417c5e9074d765,greenwich-connecticut-18417c5e9074d765-node-001023,Section,82,Section 6-163;,Section 6-163,Section,6,163,,Section 6-163,greenwich-connecticut-18417c5e9074d765-node-002293,resolved_longest_heading_candidate
greenwich-connecticut-18417c5e9074d765,greenwich-connecticut-18417c5e9074d765-node-001025,Section,83,§6-95,§6-95,Section,6,95,,Section 6-95,greenwich-connecticut-18417c5e9074d765-node-000990,resolved_longest_heading_candidate
greenwich-connecticut-18417c5e9074d765,greenwich-connecticut-18417c5e9074d765-node-001026,Section,83,§6-96,§6-96,Section,6,96,,Section 6-96,greenwich-connecticut-18417c5e9074d765-node-001031,resolved_longest_heading_candidate
greenwich-connecticut-18417c5e9074d765,greenwich-connecticut-18417c5e9074d765-node-001031,Section,83,Sec. 6-96. PROHIBITED ACCESSORY USES.,Sec. 6-96,Section,6,96,,Section 6-96,greenwich-connecticut-18417c5e9074d765-node-001031,resolved_longest_heading_candidate
greenwich-connecticut-18417c5e9074d765,greenwich-connecticut-18417c5e9074d765-node-001034,Section,84,§6-97,§6-97,Section,6,97,,Section 6-97,greenwich-connecticut-18417c5e9074d765-node-001036,resolved_longest_heading_candidate
greenwich-connecticut-18417c5e9074d765,greenwich-connecticut-18417c5e9074d765-node-001035,Section,84,§6-98,§6-98,Section,6,98,,Section 6-98,greenwich-connecticut-18417c5e9074d765-node-002650,resolved_longest_heading_candidate
greenwich-connecticut-18417c5e9074d765,greenwich-connecticut-18417c5e9074d765-node-001036,Section,84,Sec. 6-97. USE REGULATIONS FOR R-7 ZONES.,Sec. 6-97,Section,6,97,,Section 6-97,greenwich-connecticut-18417c5e9074d765-node-001036,resolved_longest_heading_candidate
greenwich-connecticut-18417c5e9074d765,greenwich-connecticut-18417c5e9074d765-node-001045,Section,84,Sec. 6-98. USE REGULATIONS FOR R-6 ZONE.,Sec. 6-98,Section,6,98,,Section 6-98,greenwich-connecticut-18417c5e9074d765-node-002650,resolved_longest_heading_candidate
greenwich-connecticut-18417c5e9074d765,greenwich-connecticut-18417c5e9074d765-node-001056,Section,85,§6-98,§6-98,Section,6,98,,Section 6-98,greenwich-connecticut-18417c5e9074d765-node-002650,resolved_longest_heading_candidate
greenwich-connecticut-18417c5e9074d765,greenwich-connecticut-18417c5e9074d765-node-001057,Section,85,§6-98.1,§6-98,Section,6,98,,Section 6-98,greenwich-connecticut-18417c5e9074d765-node-002650,resolved_longest_heading_candidate
greenwich-connecticut-18417c5e9074d765,greenwich-connecticut-18417c5e9074d765-node-001070,Section,85,Section 8-30g of the Ct. General Statutes. (5/19/2021),Section 8-30,Section,8,30,,Section 8-30,,unresolved_ambiguous_multiple_nodes
greenwich-connecticut-18417c5e9074d765,greenwich-connecticut-18417c5e9074d765-node-001071,Section,85,Sec. 6-98.1. USE REGULATIONS FOR RMF ZONE.,Sec. 6-98,Section,6,98,,Section 6-98,greenwich-connecticut-18417c5e9074d765-node-002650,resolved_longest_heading_candidate
greenwich-connecticut-18417c5e9074d765,greenwich-connecticut-18417c5e9074d765-node-001076,Section,86,§6-98.1,§6-98,Section,6,98,,Section 6-98,greenwich-connecticut-18417c5e9074d765-node-002650,resolved_longest_heading_candidate
greenwich-connecticut-18417c5e9074d765,greenwich-connecticut-18417c5e9074d765-node-001077,Section,86,§6-99,§6-99,Section,6,99,,Section 6-99,,unresolved_ambiguous_multiple_nodes
greenwich-connecticut-18417c5e9074d765,greenwich-connecticut-18417c5e9074d765-node-001086,Section,86,Section 8-30g of the Ct. General Statutes. (5/19/2021),Section 8-30,Section,8,30,,Section 8-30,,unresolved_ambiguous_multiple_nodes
greenwich-connecticut-18417c5e9074d765,greenwich-connecticut-18417c5e9074d765-node-001091,Section,87,§6-99,§6-99,Section,6,99,,Section 6-99,,unresolved_ambiguous_multiple_nodes
greenwich-connecticut-18417c5e9074d765,greenwich-connecticut-18417c5e9074d765-node-001092,Section,87,§6-99,§6-99,Section,6,99,,Section 6-99,,unresolved_ambiguous_multiple_nodes
greenwich-connecticut-18417c5e9074d765,greenwich-connecticut-18417c5e9074d765-node-001093,Section,87,"Section 6-14 and 6-15 shall be submitted, showing the applicant’s FAR calculations",Section 6-14,Section,6,14,,Section 6-14,,unresolved_ambiguous_multiple_nodes
greenwich-connecticut-18417c5e9074d765,greenwich-connecticut-18417c5e9074d765-node-001094,Section,88,§6-99,§6-99,Section,6,99,,Section 6-99,,unresolved_ambiguous_multiple_nodes
greenwich-connecticut-18417c5e9074d765,greenwich-connecticut-18417c5e9074d765-node-001095,Section,88,§6-99,§6-99,Section,6,99,,Section 6-99,,unresolved_ambiguous_multiple_nodes
greenwich-connecticut-18417c5e9074d765,greenwich-connecticut-18417c5e9074d765-node-001097,Section,88,Section 15 shall be referred to the Planning and Zoning Commission for a formal site,Section 15,Section,15,,,Section 15,greenwich-connecticut-18417c5e9074d765-node-001097,resolved
greenwich-connecticut-18417c5e9074d765,greenwich-connecticut-18417c5e9074d765-node-001099,Section,89,§6-100,§6-100,Section,6,100,,Section 6-100,,unresolved_ambiguous_multiple_nodes
greenwich-connecticut-18417c5e9074d765,greenwich-connecticut-18417c5e9074d765-node-001100,Section,89,§6-100,§6-100,Section,6,100,,Section 6-100,,unresolved_ambiguous_multiple_nodes
greenwich-connecticut-18417c5e9074d765,greenwich-connecticut-18417c5e9074d765-node-001101,Section,89,Sec. 6-100. USE GROUPS FOR BUSINESS ZONES.,Sec. 6-100,Section,6,100,,Section 6-100,,unresolved_ambiguous_multiple_nodes
greenwich-connecticut-18417c5e9074d765,greenwich-connecticut-18417c5e9074d765-node-001104,Section,90,§6-100,§6-100,Section,6,100,,Section 6-100,,unresolved_ambiguous_multiple_nodes
greenwich-connecticut-18417c5e9074d765,greenwich-connecticut-18417c5e9074d765-node-001105,Section,90,§6-100,§6-100,Section,6,100,,Section 6-100,,unresolved_ambiguous_multiple_nodes
greenwich-connecticut-18417c5e9074d765,greenwich-connecticut-18417c5e9074d765-node-001106,Section,91,§6-100,§6-100,Section,6,100,,Section 6-100,,unresolved_ambiguous_multiple_nodes
greenwich-connecticut-18417c5e9074d765,greenwich-connecticut-18417c5e9074d765-node-001107,Section,91,§6-100,§6-100,Section,6,100,,Section 6-100,,unresolved_ambiguous_multiple_nodes
greenwich-connecticut-18417c5e9074d765,greenwich-connecticut-18417c5e9074d765-node-001109,Section,92,§6-100,§6-100,Section,6,100,,Section 6-100,,unresolved_ambiguous_multiple_nodes
greenwich-connecticut-18417c5e9074d765,greenwich-connecticut-18417c5e9074d765-node-001110,Section,92,§6-100,§6-100,Section,6,100,,Section 6-100,,unresolved_ambiguous_multiple_nodes
greenwich-connecticut-18417c5e9074d765,greenwich-connecticut-18417c5e9074d765-node-001111,Section,93,§6-100,§6-100,Section,6,100,,Section 6-100,,unresolved_ambiguous_multiple_nodes
greenwich-connecticut-18417c5e9074d765,greenwich-connecticut-18417c5e9074d765-node-001112,Section,93,§6-100,§6-100,Section,6,100,,Section 6-100,,unresolved_ambiguous_multiple_nodes
greenwich-connecticut-18417c5e9074d765,greenwich-connecticut-18417c5e9074d765-node-001113,Section,93,Sec. 6-140.1 (10/7/85) (10/17/18),Sec. 6-140,Section,6,140,,Section 6-140,greenwich-connecticut-18417c5e9074d765-node-002029,resolved_longest_heading_candidate
greenwich-connecticut-18417c5e9074d765,greenwich-connecticut-18417c5e9074d765-node-001114,Section,94,§6-100,§6-100,Section,6,100,,Section 6-100,,unresolved_ambiguous_multiple_nodes
greenwich-connecticut-18417c5e9074d765,greenwich-connecticut-18417c5e9074d765-node-001115,Section,94,§6-100,§6-100,Section,6,100,,Section 6-100,,unresolved_ambiguous_multiple_nodes
greenwich-connecticut-18417c5e9074d765,greenwich-connecticut-18417c5e9074d765-node-001116,Section,94,Sec. 6-199 inclusive of the Building Zone Regulations. (5/11/87),Sec. 6-199,Section,6,199,,Section 6-199,greenwich-connecticut-18417c5e9074d765-node-001116,resolved_longest_heading_candidate
greenwich-connecticut-18417c5e9074d765,greenwich-connecticut-18417c5e9074d765-node-001117,Section,95,§6-100,§6-100,Section,6,100,,Section 6-100,,unresolved_ambiguous_multiple_nodes
greenwich-connecticut-18417c5e9074d765,greenwich-connecticut-18417c5e9074d765-node-001118,Section,95,§6-100,§6-100,Section,6,100,,Section 6-100,,unresolved_ambiguous_multiple_nodes
greenwich-connecticut-18417c5e9074d765,greenwich-connecticut-18417c5e9074d765-node-001119,Section,96,§6-100,§6-100,Section,6,100,,Section 6-100,,unresolved_ambiguous_multiple_nodes
greenwich-connecticut-18417c5e9074d765,greenwich-connecticut-18417c5e9074d765-node-001120,Section,96,§6-101,§6-101,Section,6,101,,Section 6-101,,unresolved_ambiguous_multiple_nodes
greenwich-connecticut-18417c5e9074d765,greenwich-connecticut-18417c5e9074d765-node-001121,Section,96,Sec. 6-17. (9/15/86),Sec. 6-17,Section,6,17,,Section 6-17,,unresolved_ambiguous_multiple_nodes
greenwich-connecticut-18417c5e9074d765,greenwich-connecticut-18417c5e9074d765-node-001122,Section,96,Sec. 6-100.1. EMPLOYEE DENSITY.,Sec. 6-100,Section,6,100,,Section 6-100,,unresolved_ambiguous_multiple_nodes
greenwich-connecticut-18417c5e9074d765,greenwich-connecticut-18417c5e9074d765-node-001123,Section,96,Sec. 6-101. SPECIAL PERMIT REQUIRED FOR BUSINESS ZONES AND RESIDENTIAL ZONES.,Sec. 6-101,Section,6,101,,Section 6-101,,unresolved_ambiguous_multiple_nodes
greenwich-connecticut-18417c5e9074d765,greenwich-connecticut-18417c5e9074d765-node-001125,Section,97,§6-101,§6-101,Section,6,101,,Section 6-101,,unresolved_ambiguous_multiple_nodes
greenwich-connecticut-18417c5e9074d765,greenwich-connecticut-18417c5e9074d765-node-001126,Section,97,§6-102,§6-102,Section,6,102,,Section 6-102,,unresolved_ambiguous_multiple_nodes
greenwich-connecticut-18417c5e9074d765,greenwich-connecticut-18417c5e9074d765-node-001130,Section,97,Sec. 6-102. STATEMENT OF PURPOSES – ALL BUSINESS ZONES.,Sec. 6-102,Section,6,102,,Section 6-102,,unresolved_ambiguous_multiple_nodes
greenwich-connecticut-18417c5e9074d765,greenwich-connecticut-18417c5e9074d765-node-001141,Section,98,§6-103,§6-103,Section,6,103,,Section 6-103,,unresolved_ambiguous_multiple_nodes
greenwich-connecticut-18417c5e9074d765,greenwich-connecticut-18417c5e9074d765-node-001142,Section,98,§6-103,§6-103,Section,6,103,,Section 6-103,,unresolved_ambiguous_multiple_nodes
greenwich-connecticut-18417c5e9074d765,greenwich-connecticut-18417c5e9074d765-node-001143,Section,98,Sec. 6-103. USE REGULATIONS AND SPECIAL REQUIREMENTS FOR ALL LBR ZONES. (9/15/86;,Sec. 6-103,Section,6,103,,Section 6-103,,unresolved_ambiguous_multiple_nodes
greenwich-connecticut-18417c5e9074d765,greenwich-connecticut-18417c5e9074d765-node-001148,Section,99,§6-103,§6-103,Section,6,103,,Section 6-103,,unresolved_ambiguous_multiple_nodes
greenwich-connecticut-18417c5e9074d765,greenwich-connecticut-18417c5e9074d765-node-001149,Section,99,§6-103.1,§6-103,Section,6,103,,Section 6-103,,unresolved_ambiguous_multiple_nodes
greenwich-connecticut-18417c5e9074d765,greenwich-connecticut-18417c5e9074d765-node-001155,Section,99,Sec. 6-103.1. USE REGULATIONS AND SPECIAL REQUIREMENTS FOR CGBR ZONE (9/15/86;,Sec. 6-103,Section,6,103,,Section 6-103,,unresolved_ambiguous_multiple_nodes
greenwich-connecticut-18417c5e9074d765,greenwich-connecticut-18417c5e9074d765-node-001157,Section,100,§6-103.1,§6-103,Section,6,103,,Section 6-103,,unresolved_ambiguous_multiple_nodes
greenwich-connecticut-18417c5e9074d765,greenwich-connecticut-18417c5e9074d765-node-001158,Section,100,§6-103.1,§6-103,Section,6,103,,Section 6-103,,unresolved_ambiguous_multiple_nodes
greenwich-connecticut-18417c5e9074d765,greenwich-connecticut-18417c5e9074d765-node-001162,Section,101,§6-103.1,§6-103,Section,6,103,,Section 6-103,,unresolved_ambiguous_multiple_nodes
greenwich-connecticut-18417c5e9074d765,greenwich-connecticut-18417c5e9074d765-node-001163,Section,101,§6-104,§6-104,Section,6,104,,Section 6-104,,unresolved_ambiguous_multiple_nodes
greenwich-connecticut-18417c5e9074d765,greenwich-connecticut-18417c5e9074d765-node-001170,Section,101,Sec. 6-104. USE REGULATIONS AND SPECIAL REQUIREMENTS FOR LB ZONE. (3/21/2000),Sec. 6-104,Section,6,104,,Section 6-104,,unresolved_ambiguous_multiple_nodes
greenwich-connecticut-18417c5e9074d765,greenwich-connecticut-18417c5e9074d765-node-001173,Section,102,§6-104,§6-104,Section,6,104,,Section 6-104,,unresolved_ambiguous_multiple_nodes
greenwich-connecticut-18417c5e9074d765,greenwich-connecticut-18417c5e9074d765-node-001174,Section,102,§6-104.1,§6-104,Section,6,104,,Section 6-104,,unresolved_ambiguous_multiple_nodes
greenwich-connecticut-18417c5e9074d765,greenwich-connecticut-18417c5e9074d765-node-001181,Section,102,Sec. 6-104.1 USE REGULATIONS AND SPECIAL REQUIREMENTS FOR THE CGB ZONE (9/15/86),Sec. 6-104,Section,6,104,,Section 6-104,,unresolved_ambiguous_multiple_nodes
greenwich-connecticut-18417c5e9074d765,greenwich-connecticut-18417c5e9074d765-node-001183,Section,103,§6-104.1,§6-104,Section,6,104,,Section 6-104,,unresolved_ambiguous_multiple_nodes
greenwich-connecticut-18417c5e9074d765,greenwich-connecticut-18417c5e9074d765-node-001184,Section,103,§6-105,§6-105,Section,6,105,,Section 6-105,greenwich-connecticut-18417c5e9074d765-node-001188,resolved_longest_heading_candidate
greenwich-connecticut-18417c5e9074d765,greenwich-connecticut-18417c5e9074d765-node-001188,Section,103,Sec. 6-105. USE REGULATIONS AND SPECIAL REQUIREMENTS FOR THE GB ZONE.,Sec. 6-105,Section,6,105,,Section 6-105,greenwich-connecticut-18417c5e9074d765-node-001188,resolved_longest_heading_candidate
greenwich-connecticut-18417c5e9074d765,greenwich-connecticut-18417c5e9074d765-node-001192,Section,104,§6-106,§6-106,Section,6,106,,Section 6-106,greenwich-connecticut-18417c5e9074d765-node-001194,resolved_longest_heading_candidate
greenwich-connecticut-18417c5e9074d765,greenwich-connecticut-18417c5e9074d765-node-001193,Section,104,§6-107,§6-107,Section,6,107,,Section 6-107,greenwich-connecticut-18417c5e9074d765-node-001198,resolved_longest_heading_candidate
greenwich-connecticut-18417c5e9074d765,greenwich-connecticut-18417c5e9074d765-node-001194,Section,104,Sec. 6-106. USE REGULATIONS AND SPECIAL REQUIREMENTS FOR THE GBO ZONE.,Sec. 6-106,Section,6,106,,Section 6-106,greenwich-connecticut-18417c5e9074d765-node-001194,resolved_longest_heading_candidate
greenwich-connecticut-18417c5e9074d765,greenwich-connecticut-18417c5e9074d765-node-001198,Section,104,Sec. 6-107. USE REGULATIONS AND SPECIAL REQUIREMENTS FOR WATERFRONT BUSINESS,Sec. 6-107,Section,6,107,,Section 6-107,greenwich-connecticut-18417c5e9074d765-node-001198,resolved_longest_heading_candidate
greenwich-connecticut-18417c5e9074d765,greenwich-connecticut-18417c5e9074d765-node-001200,Section,104,Section 6-107(e). (5/11/87) (1/30/2019),Section 6-107(e),Section,6,107,e,Section 6-107(e),greenwich-connecticut-18417c5e9074d765-node-001198,resolved_longest_heading_candidate
greenwich-connecticut-18417c5e9074d765,greenwich-connecticut-18417c5e9074d765-node-001202,Section,105,§6-107,§6-107,Section,6,107,,Section 6-107,greenwich-connecticut-18417c5e9074d765-node-001198,resolved_longest_heading_candidate
greenwich-connecticut-18417c5e9074d765,greenwich-connecticut-18417c5e9074d765-node-001203,Section,105,§6-107,§6-107,Section,6,107,,Section 6-107,greenwich-connecticut-18417c5e9074d765-node-001198,resolved_longest_heading_candidate
greenwich-connecticut-18417c5e9074d765,greenwich-connecticut-18417c5e9074d765-node-001223,Section,106,§6-107,§6-107,Section,6,107,,Section 6-107,greenwich-connecticut-18417c5e9074d765-node-001198,resolved_longest_heading_candidate
greenwich-connecticut-18417c5e9074d765,greenwich-connecticut-18417c5e9074d765-node-001224,Section,106,§6-107,§6-107,Section,6,107,,Section 6-107,greenwich-connecticut-18417c5e9074d765-node-001198,resolved_longest_heading_candidate
greenwich-connecticut-18417c5e9074d765,greenwich-connecticut-18417c5e9074d765-node-001242,Section,107,§6-107,§6-107,Section,6,107,,Section 6-107,greenwich-connecticut-18417c5e9074d765-node-001198,resolved_longest_heading_candidate
greenwich-connecticut-18417c5e9074d765,greenwich-connecticut-18417c5e9074d765-node-001243,Section,107,§6-107,§6-107,Section,6,107,,Section 6-107,greenwich-connecticut-18417c5e9074d765-node-001198,resolved_longest_heading_candidate
greenwich-connecticut-18417c5e9074d765,greenwich-connecticut-18417c5e9074d765-node-001262,Section,108,§6-107,§6-107,Section,6,107,,Section 6-107,greenwich-connecticut-18417c5e9074d765-node-001198,resolved_longest_heading_candidate
greenwich-connecticut-18417c5e9074d765,greenwich-connecticut-18417c5e9074d765-node-001263,Section,108,§6-107,§6-107,Section,6,107,,Section 6-107,greenwich-connecticut-18417c5e9074d765-node-001198,resolved_longest_heading_candidate
greenwich-connecticut-18417c5e9074d765,greenwich-connecticut-18417c5e9074d765-node-001285,Section,109,§6-107,§6-107,Section,6,107,,Section 6-107,greenwich-connecticut-18417c5e9074d765-node-001198,resolved_longest_heading_candidate
greenwich-connecticut-18417c5e9074d765,greenwich-connecticut-18417c5e9074d765-node-001286,Section,109,§6-108,§6-108,Section,6,108,,Section 6-108,greenwich-connecticut-18417c5e9074d765-node-001293,resolved_longest_heading_candidate
greenwich-connecticut-18417c5e9074d765,greenwich-connecticut-18417c5e9074d765-node-001293,Section,109,Sec. 6-108. USE REGULATIONS FOR BEX-50 ZONE.,Sec. 6-108,Section,6,108,,Section 6-108,greenwich-connecticut-18417c5e9074d765-node-001293,resolved_longest_heading_candidate
greenwich-connecticut-18417c5e9074d765,greenwich-connecticut-18417c5e9074d765-node-001308,Section,110,§6-108,§6-108,Section,6,108,,Section 6-108,greenwich-connecticut-18417c5e9074d765-node-001293,resolved_longest_heading_candidate
greenwich-connecticut-18417c5e9074d765,greenwich-connecticut-18417c5e9074d765-node-001309,Section,110,§6-108,§6-108,Section,6,108,,Section 6-108,greenwich-connecticut-18417c5e9074d765-node-001293,resolved_longest_heading_candidate
greenwich-connecticut-18417c5e9074d765,greenwich-connecticut-18417c5e9074d765-node-001319,Section,111,§6-108,§6-108,Section,6,108,,Section 6-108,greenwich-connecticut-18417c5e9074d765-node-001293,resolved_longest_heading_candidate
greenwich-connecticut-18417c5e9074d765,greenwich-connecticut-18417c5e9074d765-node-001320,Section,111,§6-108,§6-108,Section,6,108,,Section 6-108,greenwich-connecticut-18417c5e9074d765-node-001293,resolved_longest_heading_candidate
greenwich-connecticut-18417c5e9074d765,greenwich-connecticut-18417c5e9074d765-node-001328,Section,112,§6-108,§6-108,Section,6,108,,Section 6-108,greenwich-connecticut-18417c5e9074d765-node-001293,resolved_longest_heading_candidate
greenwich-connecticut-18417c5e9074d765,greenwich-connecticut-18417c5e9074d765-node-001329,Section,112,§6-108,§6-108,Section,6,108,,Section 6-108,greenwich-connecticut-18417c5e9074d765-node-001293,resolved_longest_heading_candidate
greenwich-connecticut-18417c5e9074d765,greenwich-connecticut-18417c5e9074d765-node-001339,Section,113,§6-109,§6-109,Section,6,109,,Section 6-109,greenwich-connecticut-18417c5e9074d765-node-001341,resolved_longest_heading_candidate
greenwich-connecticut-18417c5e9074d765,greenwich-connecticut-18417c5e9074d765-node-001340,Section,113,§6-109,§6-109,Section,6,109,,Section 6-109,greenwich-connecticut-18417c5e9074d765-node-001341,resolved_longest_heading_candidate
greenwich-connecticut-18417c5e9074d765,greenwich-connecticut-18417c5e9074d765-node-001341,Section,113,Sec. 6-109 HISTORIC OVERLAY ZONE (HO),Sec. 6-109,Section,6,109,,Section 6-109,greenwich-connecticut-18417c5e9074d765-node-001341,resolved_longest_heading_candidate
greenwich-connecticut-18417c5e9074d765,greenwich-connecticut-18417c5e9074d765-node-001357,Section,114,§6-109,§6-109,Section,6,109,,Section 6-109,greenwich-connecticut-18417c5e9074d765-node-001341,resolved_longest_heading_candidate
greenwich-connecticut-18417c5e9074d765,greenwich-connecticut-18417c5e9074d765-node-001358,Section,114,§6-109,§6-109,Section,6,109,,Section 6-109,greenwich-connecticut-18417c5e9074d765-node-001341,resolved_longest_heading_candidate
greenwich-connecticut-18417c5e9074d765,greenwich-connecticut-18417c5e9074d765-node-001372,Section,115,§6-109,§6-109,Section,6,109,,Section 6-109,greenwich-connecticut-18417c5e9074d765-node-001341,resolved_longest_heading_candidate
greenwich-connecticut-18417c5e9074d765,greenwich-connecticut-18417c5e9074d765-node-001373,Section,115,§6-109,§6-109,Section,6,109,,Section 6-109,greenwich-connecticut-18417c5e9074d765-node-001341,resolved_longest_heading_candidate
greenwich-connecticut-18417c5e9074d765,greenwich-connecticut-18417c5e9074d765-node-001382,Section,115,Section 6-109(b):,Section 6-109(b),Section,6,109,b,Section 6-109(b),greenwich-connecticut-18417c5e9074d765-node-001341,resolved_longest_heading_candidate
greenwich-connecticut-18417c5e9074d765,greenwich-connecticut-18417c5e9074d765-node-001393,Section,116,§6-109,§6-109,Section,6,109,,Section 6-109,greenwich-connecticut-18417c5e9074d765-node-001341,resolved_longest_heading_candidate
greenwich-connecticut-18417c5e9074d765,greenwich-connecticut-18417c5e9074d765-node-001394,Section,116,§6-109,§6-109,Section,6,109,,Section 6-109,greenwich-connecticut-18417c5e9074d765-node-001341,resolved_longest_heading_candidate
greenwich-connecticut-18417c5e9074d765,greenwich-connecticut-18417c5e9074d765-node-001406,Section,117,§6-109,§6-109,Section,6,109,,Section 6-109,greenwich-connecticut-18417c5e9074d765-node-001341,resolved_longest_heading_candidate
greenwich-connecticut-18417c5e9074d765,greenwich-connecticut-18417c5e9074d765-node-001407,Section,117,§6-110,§6-110,Section,6,110,,Section 6-110,,unresolved_ambiguous_multiple_nodes
greenwich-connecticut-18417c5e9074d765,greenwich-connecticut-18417c5e9074d765-node-001412,Section,117,Sec. 6-110. USE REGULATIONS AND SPECIAL REQUIREMENTS FOR DWELLING UNITS,Sec. 6-110,Section,6,110,,Section 6-110,,unresolved_ambiguous_multiple_nodes
greenwich-connecticut-18417c5e9074d765,greenwich-connecticut-18417c5e9074d765-node-001418,Section,118,§6-110,§6-110,Section,6,110,,Section 6-110,,unresolved_ambiguous_multiple_nodes
greenwich-connecticut-18417c5e9074d765,greenwich-connecticut-18417c5e9074d765-node-001419,Section,118,§6-110,§6-110,Section,6,110,,Section 6-110,,unresolved_ambiguous_multiple_nodes
greenwich-connecticut-18417c5e9074d765,greenwich-connecticut-18417c5e9074d765-node-001430,Section,119,§6-110,§6-110,Section,6,110,,Section 6-110,,unresolved_ambiguous_multiple_nodes
greenwich-connecticut-18417c5e9074d765,greenwich-connecticut-18417c5e9074d765-node-001431,Section,119,§6-110,§6-110,Section,6,110,,Section 6-110,,unresolved_ambiguous_multiple_nodes
greenwich-connecticut-18417c5e9074d765,greenwich-connecticut-18417c5e9074d765-node-001447,Section,120,§6-110,§6-110,Section,6,110,,Section 6-110,,unresolved_ambiguous_multiple_nodes
greenwich-connecticut-18417c5e9074d765,greenwich-connecticut-18417c5e9074d765-node-001448,Section,120,§6-110,§6-110,Section,6,110,,Section 6-110,,unresolved_ambiguous_multiple_nodes
greenwich-connecticut-18417c5e9074d765,greenwich-connecticut-18417c5e9074d765-node-001459,Section,121,§6-110,§6-110,Section,6,110,,Section 6-110,,unresolved_ambiguous_multiple_nodes
greenwich-connecticut-18417c5e9074d765,greenwich-connecticut-18417c5e9074d765-node-001460,Section,121,§6-110,§6-110,Section,6,110,,Section 6-110,,unresolved_ambiguous_multiple_nodes
greenwich-connecticut-18417c5e9074d765,greenwich-connecticut-18417c5e9074d765-node-001465,Subsection,121,"(2) In order to meet the purpose of these regulations as noted in Section 6-110(a), no applicant to",Section 6-110(a),Section,6,110,a,Section 6-110(a),,unresolved_ambiguous_multiple_nodes
greenwich-connecticut-18417c5e9074d765,greenwich-connecticut-18417c5e9074d765-node-001477,Section,121,"Section 6-101, and/or any of the incentives outlined in Section 6-110(c) are used. Pursuant to",Section 6-101,Section,6,101,,Section 6-101,,unresolved_ambiguous_multiple_nodes
greenwich-connecticut-18417c5e9074d765,greenwich-connecticut-18417c5e9074d765-node-001477,Section,121,"Section 6-101, and/or any of the incentives outlined in Section 6-110(c) are used. Pursuant to",Section 6-110(c),Section,6,110,c,Section 6-110(c),,unresolved_ambiguous_multiple_nodes
greenwich-connecticut-18417c5e9074d765,greenwich-connecticut-18417c5e9074d765-node-001478,Section,121,"Section 6-14(a)(1), a pre-application(s) is required for special permit applications.",Section 6-14(a),Section,6,14,a,Section 6-14(a),,unresolved_ambiguous_multiple_nodes
greenwich-connecticut-18417c5e9074d765,greenwich-connecticut-18417c5e9074d765-node-001480,Section,122,§6-110,§6-110,Section,6,110,,Section 6-110,,unresolved_ambiguous_multiple_nodes
greenwich-connecticut-18417c5e9074d765,greenwich-connecticut-18417c5e9074d765-node-001481,Section,122,§6-110,§6-110,Section,6,110,,Section 6-110,,unresolved_ambiguous_multiple_nodes
greenwich-connecticut-18417c5e9074d765,greenwich-connecticut-18417c5e9074d765-node-001490,Section,122,Section 6-110(i).,Section 6-110(i),Section,6,110,i,Section 6-110(i),,unresolved_ambiguous_multiple_nodes
greenwich-connecticut-18417c5e9074d765,greenwich-connecticut-18417c5e9074d765-node-001494,Section,123,§6-110,§6-110,Section,6,110,,Section 6-110,,unresolved_ambiguous_multiple_nodes
greenwich-connecticut-18417c5e9074d765,greenwich-connecticut-18417c5e9074d765-node-001495,Section,123,§6-110,§6-110,Section,6,110,,Section 6-110,,unresolved_ambiguous_multiple_nodes
greenwich-connecticut-18417c5e9074d765,greenwich-connecticut-18417c5e9074d765-node-001506,Section,124,§6-110,§6-110,Section,6,110,,Section 6-110,,unresolved_ambiguous_multiple_nodes
greenwich-connecticut-18417c5e9074d765,greenwich-connecticut-18417c5e9074d765-node-001507,Section,124,§6-110,§6-110,Section,6,110,,Section 6-110,,unresolved_ambiguous_multiple_nodes
greenwich-connecticut-18417c5e9074d765,greenwich-connecticut-18417c5e9074d765-node-001517,Section,125,§6-110,§6-110,Section,6,110,,Section 6-110,,unresolved_ambiguous_multiple_nodes
greenwich-connecticut-18417c5e9074d765,greenwich-connecticut-18417c5e9074d765-node-001518,Section,125,§6-111,§6-111,Section,6,111,,Section 6-111,greenwich-connecticut-18417c5e9074d765-node-001541,resolved_longest_heading_candidate
greenwich-connecticut-18417c5e9074d765,greenwich-connecticut-18417c5e9074d765-node-001521,Section,125,Sec. 6-111. COASTAL OVERLAY ZONE.,Sec. 6-111,Section,6,111,,Section 6-111,greenwich-connecticut-18417c5e9074d765-node-001541,resolved_longest_heading_candidate
greenwich-connecticut-18417c5e9074d765,greenwich-connecticut-18417c5e9074d765-node-001533,Section,126,§6-111,§6-111,Section,6,111,,Section 6-111,greenwich-connecticut-18417c5e9074d765-node-001541,resolved_longest_heading_candidate
greenwich-connecticut-18417c5e9074d765,greenwich-connecticut-18417c5e9074d765-node-001534,Section,126,§6-111,§6-111,Section,6,111,,Section 6-111,greenwich-connecticut-18417c5e9074d765-node-001541,resolved_longest_heading_candidate
greenwich-connecticut-18417c5e9074d765,greenwich-connecticut-18417c5e9074d765-node-001541,Section,126,Sec. 6-111(c)D. An activity determined to be potentially inconsistent with any of,Sec. 6-111(c),Section,6,111,c,Section 6-111(c),greenwich-connecticut-18417c5e9074d765-node-001541,resolved_longest_heading_candidate
greenwich-connecticut-18417c5e9074d765,greenwich-connecticut-18417c5e9074d765-node-001550,Section,127,§6-111,§6-111,Section,6,111,,Section 6-111,greenwich-connecticut-18417c5e9074d765-node-001541,resolved_longest_heading_candidate
greenwich-connecticut-18417c5e9074d765,greenwich-connecticut-18417c5e9074d765-node-001551,Section,127,§6-112,§6-112,Section,6,112,,Section 6-112,greenwich-connecticut-18417c5e9074d765-node-001561,resolved_longest_heading_candidate
greenwich-connecticut-18417c5e9074d765,greenwich-connecticut-18417c5e9074d765-node-001561,Section,127,Sec. 6-112. INDUSTRIAL RE-USE OVERLAY ZONE (IND-RE) (11/2/86),Sec. 6-112,Section,6,112,,Section 6-112,greenwich-connecticut-18417c5e9074d765-node-001561,resolved_longest_heading_candidate
greenwich-connecticut-18417c5e9074d765,greenwich-connecticut-18417c5e9074d765-node-001568,Section,128,§6-112,§6-112,Section,6,112,,Section 6-112,greenwich-connecticut-18417c5e9074d765-node-001561,resolved_longest_heading_candidate
greenwich-connecticut-18417c5e9074d765,greenwich-connecticut-18417c5e9074d765-node-001569,Section,128,§6-112,§6-112,Section,6,112,,Section 6-112,greenwich-connecticut-18417c5e9074d765-node-001561,resolved_longest_heading_candidate
greenwich-connecticut-18417c5e9074d765,greenwich-connecticut-18417c5e9074d765-node-001583,Section,129,§6-112,§6-112,Section,6,112,,Section 6-112,greenwich-connecticut-18417c5e9074d765-node-001561,resolved_longest_heading_candidate
greenwich-connecticut-18417c5e9074d765,greenwich-connecticut-18417c5e9074d765-node-001584,Section,129,§6-113,§6-113,Section,6,113,,Section 6-113,,unresolved_ambiguous_multiple_nodes
greenwich-connecticut-18417c5e9074d765,greenwich-connecticut-18417c5e9074d765-node-001586,Section,129,Sec. 6-113.,Sec. 6-113,Section,6,113,,Section 6-113,,unresolved_ambiguous_multiple_nodes
greenwich-connecticut-18417c5e9074d765,greenwich-connecticut-18417c5e9074d765-node-001597,Section,130,§6-113,§6-113,Section,6,113,,Section 6-113,,unresolved_ambiguous_multiple_nodes
greenwich-connecticut-18417c5e9074d765,greenwich-connecticut-18417c5e9074d765-node-001598,Section,130,§6-113,§6-113,Section,6,113,,Section 6-113,,unresolved_ambiguous_multiple_nodes
greenwich-connecticut-18417c5e9074d765,greenwich-connecticut-18417c5e9074d765-node-001617,Section,131,§6-113,§6-113,Section,6,113,,Section 6-113,,unresolved_ambiguous_multiple_nodes
greenwich-connecticut-18417c5e9074d765,greenwich-connecticut-18417c5e9074d765-node-001618,Section,131,§6-114,§6-114,Section,6,114,,Section 6-114,greenwich-connecticut-18417c5e9074d765-node-001627,resolved_longest_heading_candidate
greenwich-connecticut-18417c5e9074d765,greenwich-connecticut-18417c5e9074d765-node-001627,Section,131,Sec. 6-114. CONTINUING CARE RETIREMENT COMMUNITY OVERLAY ZONE (CCRC) (4/2/91),Sec. 6-114,Section,6,114,,Section 6-114,greenwich-connecticut-18417c5e9074d765-node-001627,resolved_longest_heading_candidate
greenwich-connecticut-18417c5e9074d765,greenwich-connecticut-18417c5e9074d765-node-001628,Section,132,§6-114,§6-114,Section,6,114,,Section 6-114,greenwich-connecticut-18417c5e9074d765-node-001627,resolved_longest_heading_candidate
greenwich-connecticut-18417c5e9074d765,greenwich-connecticut-18417c5e9074d765-node-001629,Section,132,§6-114,§6-114,Section,6,114,,Section 6-114,greenwich-connecticut-18417c5e9074d765-node-001627,resolved_longest_heading_candidate
greenwich-connecticut-18417c5e9074d765,greenwich-connecticut-18417c5e9074d765-node-001638,Section,133,§6-114,§6-114,Section,6,114,,Section 6-114,greenwich-connecticut-18417c5e9074d765-node-001627,resolved_longest_heading_candidate
greenwich-connecticut-18417c5e9074d765,greenwich-connecticut-18417c5e9074d765-node-001639,Section,133,§6-115,§6-115,Section,6,115,,Section 6-115,greenwich-connecticut-18417c5e9074d765-node-001670,resolved_longest_heading_candidate
greenwich-connecticut-18417c5e9074d765,greenwich-connecticut-18417c5e9074d765-node-001649,Section,134,§6-114,§6-114,Section,6,114,,Section 6-114,greenwich-connecticut-18417c5e9074d765-node-001627,resolved_longest_heading_candidate
greenwich-connecticut-18417c5e9074d765,greenwich-connecticut-18417c5e9074d765-node-001650,Section,134,§6-115,§6-115,Section,6,115,,Section 6-115,greenwich-connecticut-18417c5e9074d765-node-001670,resolved_longest_heading_candidate
greenwich-connecticut-18417c5e9074d765,greenwich-connecticut-18417c5e9074d765-node-001656,Section,135,§6-114,§6-114,Section,6,114,,Section 6-114,greenwich-connecticut-18417c5e9074d765-node-001627,resolved_longest_heading_candidate
greenwich-connecticut-18417c5e9074d765,greenwich-connecticut-18417c5e9074d765-node-001657,Section,135,§6-115,§6-115,Section,6,115,,Section 6-115,greenwich-connecticut-18417c5e9074d765-node-001670,resolved_longest_heading_candidate
greenwich-connecticut-18417c5e9074d765,greenwich-connecticut-18417c5e9074d765-node-001670,Section,135,Sec. 6-115. MANAGED RESIDENTIAL COMMUNITY OVERLAY ZONE (MRCO) (12/1/2021):,Sec. 6-115,Section,6,115,,Section 6-115,greenwich-connecticut-18417c5e9074d765-node-001670,resolved_longest_heading_candidate
greenwich-connecticut-18417c5e9074d765,greenwich-connecticut-18417c5e9074d765-node-001671,Section,136,§6-115,§6-115,Section,6,115,,Section 6-115,greenwich-connecticut-18417c5e9074d765-node-001670,resolved_longest_heading_candidate
greenwich-connecticut-18417c5e9074d765,greenwich-connecticut-18417c5e9074d765-node-001672,Section,136,§6-115,§6-115,Section,6,115,,Section 6-115,greenwich-connecticut-18417c5e9074d765-node-001670,resolved_longest_heading_candidate
greenwich-connecticut-18417c5e9074d765,greenwich-connecticut-18417c5e9074d765-node-001675,Subsection,136,"(1) Activities of daily living – Pursuant to Section 19a-693 of the Connecticut General Statutes,",Section 19,Section,19,,,Section 19,,unresolved_no_matching_node
greenwich-connecticut-18417c5e9074d765,greenwich-connecticut-18417c5e9074d765-node-001676,Subsection,136,"(2) Assisted living services – Pursuant to Section 19a-693 of the Connecticut General Statutes,",Section 19,Section,19,,,Section 19,,unresolved_no_matching_node
greenwich-connecticut-18417c5e9074d765,greenwich-connecticut-18417c5e9074d765-node-001684,Section,137,§6-115,§6-115,Section,6,115,,Section 6-115,greenwich-connecticut-18417c5e9074d765-node-001670,resolved_longest_heading_candidate
greenwich-connecticut-18417c5e9074d765,greenwich-connecticut-18417c5e9074d765-node-001685,Section,137,§6-115,§6-115,Section,6,115,,Section 6-115,greenwich-connecticut-18417c5e9074d765-node-001670,resolved_longest_heading_candidate
greenwich-connecticut-18417c5e9074d765,greenwich-connecticut-18417c5e9074d765-node-001696,Subsection,137,"(3) Notwithstanding the provisions of Section 6-115(f)(1), parking standards may be modified as",Section 6-115(f),Section,6,115,f,Section 6-115(f),greenwich-connecticut-18417c5e9074d765-node-001670,resolved_longest_heading_candidate
greenwich-connecticut-18417c5e9074d765,greenwich-connecticut-18417c5e9074d765-node-001707,Section,138,§6-115,§6-115,Section,6,115,,Section 6-115,greenwich-connecticut-18417c5e9074d765-node-001670,resolved_longest_heading_candidate
greenwich-connecticut-18417c5e9074d765,greenwich-connecticut-18417c5e9074d765-node-001708,Section,138,§6-115,§6-115,Section,6,115,,Section 6-115,greenwich-connecticut-18417c5e9074d765-node-001670,resolved_longest_heading_candidate
greenwich-connecticut-18417c5e9074d765,greenwich-connecticut-18417c5e9074d765-node-001724,Section,138,Section 6-134(b) of these Regulations;,Section 6-134(b),Section,6,134,b,Section 6-134(b),,unresolved_ambiguous_multiple_nodes
greenwich-connecticut-18417c5e9074d765,greenwich-connecticut-18417c5e9074d765-node-001725,Section,139,§6-115,§6-115,Section,6,115,,Section 6-115,greenwich-connecticut-18417c5e9074d765-node-001670,resolved_longest_heading_candidate
greenwich-connecticut-18417c5e9074d765,greenwich-connecticut-18417c5e9074d765-node-001726,Section,139,§6-116,§6-116,Section,6,116,,Section 6-116,greenwich-connecticut-18417c5e9074d765-node-001738,resolved_longest_heading_candidate
greenwich-connecticut-18417c5e9074d765,greenwich-connecticut-18417c5e9074d765-node-001735,Subsection,139,"(1) The development complies with the standards of Sec. 6-15, 6-17 and 6-115(h)(4) of the Building",Sec. 6-15,Section,6,15,,Section 6-15,,unresolved_ambiguous_multiple_nodes
greenwich-connecticut-18417c5e9074d765,greenwich-connecticut-18417c5e9074d765-node-001738,Section,139,Sec. 6-116. RESERVED,Sec. 6-116,Section,6,116,,Section 6-116,greenwich-connecticut-18417c5e9074d765-node-001738,resolved_longest_heading_candidate
greenwich-connecticut-18417c5e9074d765,greenwich-connecticut-18417c5e9074d765-node-001739,Section,140,§6-117,§6-117,Section,6,117,,Section 6-117,greenwich-connecticut-18417c5e9074d765-node-001741,resolved_longest_heading_candidate
greenwich-connecticut-18417c5e9074d765,greenwich-connecticut-18417c5e9074d765-node-001740,Section,140,§6-118,§6-118,Section,6,118,,Section 6-118,greenwich-connecticut-18417c5e9074d765-node-001743,resolved_longest_heading_candidate
greenwich-connecticut-18417c5e9074d765,greenwich-connecticut-18417c5e9074d765-node-001741,Section,140,Sec. 6-117. RESERVED,Sec. 6-117,Section,6,117,,Section 6-117,greenwich-connecticut-18417c5e9074d765-node-001741,resolved_longest_heading_candidate
greenwich-connecticut-18417c5e9074d765,greenwich-connecticut-18417c5e9074d765-node-001742,Section,140,Sec. 6-118. RESERVED,Sec. 6-118,Section,6,118,,Section 6-118,greenwich-connecticut-18417c5e9074d765-node-001743,resolved_longest_heading_candidate
greenwich-connecticut-18417c5e9074d765,greenwich-connecticut-18417c5e9074d765-node-001743,Section,141,Sec. 6-118.1 USE REGULATIONS IN RAILROAD RIGHTS-OF-WAY.,Sec. 6-118,Section,6,118,,Section 6-118,greenwich-connecticut-18417c5e9074d765-node-001743,resolved_longest_heading_candidate
greenwich-connecticut-18417c5e9074d765,greenwich-connecticut-18417c5e9074d765-node-001744,Section,142,§ 6-119,§ 6-119,Section,6,119,,Section 6-119,,unresolved_ambiguous_multiple_nodes
greenwich-connecticut-18417c5e9074d765,greenwich-connecticut-18417c5e9074d765-node-001745,Section,142,§ 6-123,§ 6-123,Section,6,123,,Section 6-123,greenwich-connecticut-18417c5e9074d765-node-001751,resolved_longest_heading_candidate
greenwich-connecticut-18417c5e9074d765,greenwich-connecticut-18417c5e9074d765-node-001746,Section,142,Sec. 6-120. REDUCTION OR DUPLICATION OF REQUIRED YARD.,Sec. 6-120,Section,6,120,,Section 6-120,greenwich-connecticut-18417c5e9074d765-node-001746,resolved_longest_heading_candidate
greenwich-connecticut-18417c5e9074d765,greenwich-connecticut-18417c5e9074d765-node-001749,Section,142,Sec. 6-121. YARD REQUIREMENTS ON THROUGH LOTS.,Sec. 6-121,Section,6,121,,Section 6-121,greenwich-connecticut-18417c5e9074d765-node-001749,resolved_longest_heading_candidate
greenwich-connecticut-18417c5e9074d765,greenwich-connecticut-18417c5e9074d765-node-001750,Section,142,Sec. 6-122. LIGHT AND VENTILATION.,Sec. 6-122,Section,6,122,,Section 6-122,greenwich-connecticut-18417c5e9074d765-node-001750,resolved_longest_heading_candidate
greenwich-connecticut-18417c5e9074d765,greenwich-connecticut-18417c5e9074d765-node-001751,Section,142,Sec. 6-123. REAR YARD REQUIRED.,Sec. 6-123,Section,6,123,,Section 6-123,greenwich-connecticut-18417c5e9074d765-node-001751,resolved_longest_heading_candidate
greenwich-connecticut-18417c5e9074d765,greenwich-connecticut-18417c5e9074d765-node-001755,Section,143,Sec. 6-124. MINIMUM STREET WIDTH.,Sec. 6-124,Section,6,124,,Section 6-124,greenwich-connecticut-18417c5e9074d765-node-001755,resolved_longest_heading_candidate
greenwich-connecticut-18417c5e9074d765,greenwich-connecticut-18417c5e9074d765-node-001758,Section,143,Sec. 6-125. YARD REQUIREMENTS ALONG ZONE BOUNDARY LINE.,Sec. 6-125,Section,6,125,,Section 6-125,greenwich-connecticut-18417c5e9074d765-node-001758,resolved_longest_heading_candidate
greenwich-connecticut-18417c5e9074d765,greenwich-connecticut-18417c5e9074d765-node-001759,Section,143,Sec. 6-126. VISIBILITY AT INTERSECTIONS.,Sec. 6-126,Section,6,126,,Section 6-126,,unresolved_ambiguous_multiple_nodes
greenwich-connecticut-18417c5e9074d765,greenwich-connecticut-18417c5e9074d765-node-001760,Section,144,§6-127,§6-127,Section,6,127,,Section 6-127,greenwich-connecticut-18417c5e9074d765-node-001762,resolved_longest_heading_candidate
greenwich-connecticut-18417c5e9074d765,greenwich-connecticut-18417c5e9074d765-node-001761,Section,144,§6-128,§6-128,Section,6,128,,Section 6-128,greenwich-connecticut-18417c5e9074d765-node-001773,resolved_longest_heading_candidate
greenwich-connecticut-18417c5e9074d765,greenwich-connecticut-18417c5e9074d765-node-001762,Section,144,Sec. 6-127. HEIGHT EXCEPTIONS.,Sec. 6-127,Section,6,127,,Section 6-127,greenwich-connecticut-18417c5e9074d765-node-001762,resolved_longest_heading_candidate
greenwich-connecticut-18417c5e9074d765,greenwich-connecticut-18417c5e9074d765-node-001773,Section,144,Sec. 6-128. PROJECTIONS IN REQUIRED YARDS.,Sec. 6-128,Section,6,128,,Section 6-128,greenwich-connecticut-18417c5e9074d765-node-001773,resolved_longest_heading_candidate
greenwich-connecticut-18417c5e9074d765,greenwich-connecticut-18417c5e9074d765-node-001778,Section,145,§6-128,§6-128,Section,6,128,,Section 6-128,greenwich-connecticut-18417c5e9074d765-node-001773,resolved_longest_heading_candidate
greenwich-connecticut-18417c5e9074d765,greenwich-connecticut-18417c5e9074d765-node-001779,Section,145,§6-131,§6-131,Section,6,131,,Section 6-131,greenwich-connecticut-18417c5e9074d765-node-001787,resolved_longest_heading_candidate
greenwich-connecticut-18417c5e9074d765,greenwich-connecticut-18417c5e9074d765-node-001781,Section,145,Sec. 6-129. FRONT AND STREET SIDE YARD REQUIREMENTS.,Sec. 6-129,Section,6,129,,Section 6-129,greenwich-connecticut-18417c5e9074d765-node-001781,resolved_longest_heading_candidate
greenwich-connecticut-18417c5e9074d765,greenwich-connecticut-18417c5e9074d765-node-001784,Section,145,Sec. 6-130. BUILDING LINES.,Sec. 6-130,Section,6,130,,Section 6-130,greenwich-connecticut-18417c5e9074d765-node-001784,resolved_longest_heading_candidate
greenwich-connecticut-18417c5e9074d765,greenwich-connecticut-18417c5e9074d765-node-001787,Section,145,Sec. 6-131. MINIMUM FRONTAGE EXCEPTIONS.,Sec. 6-131,Section,6,131,,Section 6-131,greenwich-connecticut-18417c5e9074d765-node-001787,resolved_longest_heading_candidate
greenwich-connecticut-18417c5e9074d765,greenwich-connecticut-18417c5e9074d765-node-001789,Section,146,§6-131,§6-131,Section,6,131,,Section 6-131,greenwich-connecticut-18417c5e9074d765-node-001787,resolved_longest_heading_candidate
greenwich-connecticut-18417c5e9074d765,greenwich-connecticut-18417c5e9074d765-node-001790,Section,146,§6-131,§6-131,Section,6,131,,Section 6-131,greenwich-connecticut-18417c5e9074d765-node-001787,resolved_longest_heading_candidate
greenwich-connecticut-18417c5e9074d765,greenwich-connecticut-18417c5e9074d765-node-001791,Section,146,Section 6-205 of the rear lot.,Section 6-205,Section,6,205,,Section 6-205,,unresolved_ambiguous_multiple_nodes
greenwich-connecticut-18417c5e9074d765,greenwich-connecticut-18417c5e9074d765-node-001796,Section,147,§6-132,§6-132,Section,6,132,,Section 6-132,greenwich-connecticut-18417c5e9074d765-node-001798,resolved_longest_heading_candidate
greenwich-connecticut-18417c5e9074d765,greenwich-connecticut-18417c5e9074d765-node-001797,Section,147,§6-134,§6-134,Section,6,134,,Section 6-134,,unresolved_ambiguous_multiple_nodes
greenwich-connecticut-18417c5e9074d765,greenwich-connecticut-18417c5e9074d765-node-001798,Section,147,Sec. 6-132. YARD REQUIREMENTS ON CORNER LOTS.,Sec. 6-132,Section,6,132,,Section 6-132,greenwich-connecticut-18417c5e9074d765-node-001798,resolved_longest_heading_candidate
greenwich-connecticut-18417c5e9074d765,greenwich-connecticut-18417c5e9074d765-node-001802,Section,147,Section 6-130.,Section 6-130,Section,6,130,,Section 6-130,greenwich-connecticut-18417c5e9074d765-node-001784,resolved_longest_heading_candidate
greenwich-connecticut-18417c5e9074d765,greenwich-connecticut-18417c5e9074d765-node-001805,Section,147,Sec. 6-133. SEPARATION REQUIRED IN PROXIMITY OF HIGH PRESSURE GAS TRANSMISSION,Sec. 6-133,Section,6,133,,Section 6-133,greenwich-connecticut-18417c5e9074d765-node-001805,resolved_longest_heading_candidate
greenwich-connecticut-18417c5e9074d765,greenwich-connecticut-18417c5e9074d765-node-001806,Section,147,Sec. 6-134. MEASUREMENTS. (8/1/2017),Sec. 6-134,Section,6,134,,Section 6-134,,unresolved_ambiguous_multiple_nodes
greenwich-connecticut-18417c5e9074d765,greenwich-connecticut-18417c5e9074d765-node-001808,Section,148,§6-134,§6-134,Section,6,134,,Section 6-134,,unresolved_ambiguous_multiple_nodes
greenwich-connecticut-18417c5e9074d765,greenwich-connecticut-18417c5e9074d765-node-001809,Section,148,§6-134,§6-134,Section,6,134,,Section 6-134,,unresolved_ambiguous_multiple_nodes
greenwich-connecticut-18417c5e9074d765,greenwich-connecticut-18417c5e9074d765-node-001817,Subsection,148,(h) All measurements specified in this Article involving distances between similar uses or between a,Article i,Article,1,,,Article 1,,unresolved_no_matching_node
greenwich-connecticut-18417c5e9074d765,greenwich-connecticut-18417c5e9074d765-node-001818,Section,149,§6-134,§6-134,Section,6,134,,Section 6-134,,unresolved_ambiguous_multiple_nodes
greenwich-connecticut-18417c5e9074d765,greenwich-connecticut-18417c5e9074d765-node-001819,Section,149,§6-139,§6-139,Section,6,139,,Section 6-139,,unresolved_ambiguous_multiple_nodes
greenwich-connecticut-18417c5e9074d765,greenwich-connecticut-18417c5e9074d765-node-001823,Section,149,Sec. 6-135. SCREENING REQUIREMENT ALONG BOUNDARY LINE.,Sec. 6-135,Section,6,135,,Section 6-135,greenwich-connecticut-18417c5e9074d765-node-001823,resolved_longest_heading_candidate
greenwich-connecticut-18417c5e9074d765,greenwich-connecticut-18417c5e9074d765-node-001824,Section,149,Sec. 6-136. AWNINGS.,Sec. 6-136,Section,6,136,,Section 6-136,greenwich-connecticut-18417c5e9074d765-node-001824,resolved_longest_heading_candidate
greenwich-connecticut-18417c5e9074d765,greenwich-connecticut-18417c5e9074d765-node-001825,Section,149,Sec. 6-137. BUSINESS ACCESS.,Sec. 6-137,Section,6,137,,Section 6-137,greenwich-connecticut-18417c5e9074d765-node-001825,resolved_longest_heading_candidate
greenwich-connecticut-18417c5e9074d765,greenwich-connecticut-18417c5e9074d765-node-001826,Section,149,Sec. 6-138. LAND UNDER WATER.,Sec. 6-138,Section,6,138,,Section 6-138,greenwich-connecticut-18417c5e9074d765-node-001826,resolved_longest_heading_candidate
greenwich-connecticut-18417c5e9074d765,greenwich-connecticut-18417c5e9074d765-node-001827,Section,149,Sec. 6-139. BUSINESS ZONE SETBACK MEASUREMENTS.,Sec. 6-139,Section,6,139,,Section 6-139,,unresolved_ambiguous_multiple_nodes
greenwich-connecticut-18417c5e9074d765,greenwich-connecticut-18417c5e9074d765-node-001828,Section,150,§6-139.1,§6-139,Section,6,139,,Section 6-139,,unresolved_ambiguous_multiple_nodes
greenwich-connecticut-18417c5e9074d765,greenwich-connecticut-18417c5e9074d765-node-001829,Section,150,§6-139.1,§6-139,Section,6,139,,Section 6-139,,unresolved_ambiguous_multiple_nodes
greenwich-connecticut-18417c5e9074d765,greenwich-connecticut-18417c5e9074d765-node-001830,Section,150,Sec. 6-139.1 FLOOD HAZARD OVERLAY ZONE.,Sec. 6-139,Section,6,139,,Section 6-139,,unresolved_ambiguous_multiple_nodes
greenwich-connecticut-18417c5e9074d765,greenwich-connecticut-18417c5e9074d765-node-001848,Section,151,§6-139.1,§6-139,Section,6,139,,Section 6-139,,unresolved_ambiguous_multiple_nodes
greenwich-connecticut-18417c5e9074d765,greenwich-connecticut-18417c5e9074d765-node-001849,Section,151,§6-139.1,§6-139,Section,6,139,,Section 6-139,,unresolved_ambiguous_multiple_nodes
greenwich-connecticut-18417c5e9074d765,greenwich-connecticut-18417c5e9074d765-node-001862,Section,152,§6-139.1,§6-139,Section,6,139,,Section 6-139,,unresolved_ambiguous_multiple_nodes
greenwich-connecticut-18417c5e9074d765,greenwich-connecticut-18417c5e9074d765-node-001863,Section,152,§6-139.1,§6-139,Section,6,139,,Section 6-139,,unresolved_ambiguous_multiple_nodes
greenwich-connecticut-18417c5e9074d765,greenwich-connecticut-18417c5e9074d765-node-001874,Section,153,§6-139.1,§6-139,Section,6,139,,Section 6-139,,unresolved_ambiguous_multiple_nodes
greenwich-connecticut-18417c5e9074d765,greenwich-connecticut-18417c5e9074d765-node-001875,Section,153,§6-139.1,§6-139,Section,6,139,,Section 6-139,,unresolved_ambiguous_multiple_nodes
greenwich-connecticut-18417c5e9074d765,greenwich-connecticut-18417c5e9074d765-node-001885,Section,154,§6-139.1,§6-139,Section,6,139,,Section 6-139,,unresolved_ambiguous_multiple_nodes
greenwich-connecticut-18417c5e9074d765,greenwich-connecticut-18417c5e9074d765-node-001886,Section,154,§6-139.1,§6-139,Section,6,139,,Section 6-139,,unresolved_ambiguous_multiple_nodes
greenwich-connecticut-18417c5e9074d765,greenwich-connecticut-18417c5e9074d765-node-001895,Section,155,§6-139.1,§6-139,Section,6,139,,Section 6-139,,unresolved_ambiguous_multiple_nodes
greenwich-connecticut-18417c5e9074d765,greenwich-connecticut-18417c5e9074d765-node-001896,Section,155,§6-139.1,§6-139,Section,6,139,,Section 6-139,,unresolved_ambiguous_multiple_nodes
greenwich-connecticut-18417c5e9074d765,greenwich-connecticut-18417c5e9074d765-node-001903,Section,156,§6-139.1,§6-139,Section,6,139,,Section 6-139,,unresolved_ambiguous_multiple_nodes
greenwich-connecticut-18417c5e9074d765,greenwich-connecticut-18417c5e9074d765-node-001904,Section,156,§6-139.1,§6-139,Section,6,139,,Section 6-139,,unresolved_ambiguous_multiple_nodes
greenwich-connecticut-18417c5e9074d765,greenwich-connecticut-18417c5e9074d765-node-001913,Section,157,§6-139.1,§6-139,Section,6,139,,Section 6-139,,unresolved_ambiguous_multiple_nodes
greenwich-connecticut-18417c5e9074d765,greenwich-connecticut-18417c5e9074d765-node-001914,Section,157,§6-139.1,§6-139,Section,6,139,,Section 6-139,,unresolved_ambiguous_multiple_nodes
greenwich-connecticut-18417c5e9074d765,greenwich-connecticut-18417c5e9074d765-node-001923,Section,158,§6-139.1,§6-139,Section,6,139,,Section 6-139,,unresolved_ambiguous_multiple_nodes
greenwich-connecticut-18417c5e9074d765,greenwich-connecticut-18417c5e9074d765-node-001924,Section,158,§6-139.1,§6-139,Section,6,139,,Section 6-139,,unresolved_ambiguous_multiple_nodes
greenwich-connecticut-18417c5e9074d765,greenwich-connecticut-18417c5e9074d765-node-001925,Section,159,§6-139.1,§6-139,Section,6,139,,Section 6-139,,unresolved_ambiguous_multiple_nodes
greenwich-connecticut-18417c5e9074d765,greenwich-connecticut-18417c5e9074d765-node-001926,Section,159,§6-139.1,§6-139,Section,6,139,,Section 6-139,,unresolved_ambiguous_multiple_nodes
greenwich-connecticut-18417c5e9074d765,greenwich-connecticut-18417c5e9074d765-node-001942,Section,160,§6-139.1,§6-139,Section,6,139,,Section 6-139,,unresolved_ambiguous_multiple_nodes
greenwich-connecticut-18417c5e9074d765,greenwich-connecticut-18417c5e9074d765-node-001943,Section,160,§6-139.1,§6-139,Section,6,139,,Section 6-139,,unresolved_ambiguous_multiple_nodes
greenwich-connecticut-18417c5e9074d765,greenwich-connecticut-18417c5e9074d765-node-001954,Section,161,§6-139.1,§6-139,Section,6,139,,Section 6-139,,unresolved_ambiguous_multiple_nodes
greenwich-connecticut-18417c5e9074d765,greenwich-connecticut-18417c5e9074d765-node-001955,Section,161,§6-139.1,§6-139,Section,6,139,,Section 6-139,,unresolved_ambiguous_multiple_nodes
greenwich-connecticut-18417c5e9074d765,greenwich-connecticut-18417c5e9074d765-node-001960,Section,162,§6-139.1,§6-139,Section,6,139,,Section 6-139,,unresolved_ambiguous_multiple_nodes
greenwich-connecticut-18417c5e9074d765,greenwich-connecticut-18417c5e9074d765-node-001961,Section,162,§6-139.1,§6-139,Section,6,139,,Section 6-139,,unresolved_ambiguous_multiple_nodes
greenwich-connecticut-18417c5e9074d765,greenwich-connecticut-18417c5e9074d765-node-001971,Section,163,§6-139.1,§6-139,Section,6,139,,Section 6-139,,unresolved_ambiguous_multiple_nodes
greenwich-connecticut-18417c5e9074d765,greenwich-connecticut-18417c5e9074d765-node-001972,Section,163,§6-139.1,§6-139,Section,6,139,,Section 6-139,,unresolved_ambiguous_multiple_nodes
greenwich-connecticut-18417c5e9074d765,greenwich-connecticut-18417c5e9074d765-node-001988,Section,164,§6-139.1,§6-139,Section,6,139,,Section 6-139,,unresolved_ambiguous_multiple_nodes
greenwich-connecticut-18417c5e9074d765,greenwich-connecticut-18417c5e9074d765-node-001989,Section,164,§6-139.1,§6-139,Section,6,139,,Section 6-139,,unresolved_ambiguous_multiple_nodes
greenwich-connecticut-18417c5e9074d765,greenwich-connecticut-18417c5e9074d765-node-002009,Section,165,§6-139.1,§6-139,Section,6,139,,Section 6-139,,unresolved_ambiguous_multiple_nodes
greenwich-connecticut-18417c5e9074d765,greenwich-connecticut-18417c5e9074d765-node-002010,Section,165,§6-139.1,§6-139,Section,6,139,,Section 6-139,,unresolved_ambiguous_multiple_nodes
greenwich-connecticut-18417c5e9074d765,greenwich-connecticut-18417c5e9074d765-node-002026,Section,166,§6-140,§6-140,Section,6,140,,Section 6-140,greenwich-connecticut-18417c5e9074d765-node-002029,resolved_longest_heading_candidate
greenwich-connecticut-18417c5e9074d765,greenwich-connecticut-18417c5e9074d765-node-002027,Section,166,§6-140.1,§6-140,Section,6,140,,Section 6-140,greenwich-connecticut-18417c5e9074d765-node-002029,resolved_longest_heading_candidate
greenwich-connecticut-18417c5e9074d765,greenwich-connecticut-18417c5e9074d765-node-002028,Section,166,Sec. 6-140. AIRCRAFT LANDING – TAKEOFF FACILITIES.,Sec. 6-140,Section,6,140,,Section 6-140,greenwich-connecticut-18417c5e9074d765-node-002029,resolved_longest_heading_candidate
greenwich-connecticut-18417c5e9074d765,greenwich-connecticut-18417c5e9074d765-node-002029,Section,166,Sec. 6-140.1 TELECOMMUNICATION FACILITIES AND SITES . (Sec. 6-140.1 Telecommunication,Sec. 6-140,Section,6,140,,Section 6-140,greenwich-connecticut-18417c5e9074d765-node-002029,resolved_longest_heading_candidate
greenwich-connecticut-18417c5e9074d765,greenwich-connecticut-18417c5e9074d765-node-002029,Section,166,Sec. 6-140.1 TELECOMMUNICATION FACILITIES AND SITES . (Sec. 6-140.1 Telecommunication,Sec. 6-140,Section,6,140,,Section 6-140,greenwich-connecticut-18417c5e9074d765-node-002029,resolved_longest_heading_candidate
greenwich-connecticut-18417c5e9074d765,greenwich-connecticut-18417c5e9074d765-node-002030,Section,167,§6-140.1,§6-140,Section,6,140,,Section 6-140,greenwich-connecticut-18417c5e9074d765-node-002029,resolved_longest_heading_candidate
greenwich-connecticut-18417c5e9074d765,greenwich-connecticut-18417c5e9074d765-node-002031,Section,167,§6-140.1,§6-140,Section,6,140,,Section 6-140,greenwich-connecticut-18417c5e9074d765-node-002029,resolved_longest_heading_candidate
greenwich-connecticut-18417c5e9074d765,greenwich-connecticut-18417c5e9074d765-node-002035,Section,168,§6-140.1,§6-140,Section,6,140,,Section 6-140,greenwich-connecticut-18417c5e9074d765-node-002029,resolved_longest_heading_candidate
greenwich-connecticut-18417c5e9074d765,greenwich-connecticut-18417c5e9074d765-node-002036,Section,168,§6-140.1,§6-140,Section,6,140,,Section 6-140,greenwich-connecticut-18417c5e9074d765-node-002029,resolved_longest_heading_candidate
greenwich-connecticut-18417c5e9074d765,greenwich-connecticut-18417c5e9074d765-node-002037,Section,169,§6-140.1,§6-140,Section,6,140,,Section 6-140,greenwich-connecticut-18417c5e9074d765-node-002029,resolved_longest_heading_candidate
greenwich-connecticut-18417c5e9074d765,greenwich-connecticut-18417c5e9074d765-node-002038,Section,169,§6-140.1,§6-140,Section,6,140,,Section 6-140,greenwich-connecticut-18417c5e9074d765-node-002029,resolved_longest_heading_candidate
greenwich-connecticut-18417c5e9074d765,greenwich-connecticut-18417c5e9074d765-node-002039,Section,170,§6-140.1,§6-140,Section,6,140,,Section 6-140,greenwich-connecticut-18417c5e9074d765-node-002029,resolved_longest_heading_candidate
greenwich-connecticut-18417c5e9074d765,greenwich-connecticut-18417c5e9074d765-node-002040,Section,170,§6-140.1,§6-140,Section,6,140,,Section 6-140,greenwich-connecticut-18417c5e9074d765-node-002029,resolved_longest_heading_candidate
greenwich-connecticut-18417c5e9074d765,greenwich-connecticut-18417c5e9074d765-node-002045,Section,171,§6-140.1,§6-140,Section,6,140,,Section 6-140,greenwich-connecticut-18417c5e9074d765-node-002029,resolved_longest_heading_candidate
greenwich-connecticut-18417c5e9074d765,greenwich-connecticut-18417c5e9074d765-node-002046,Section,171,§6-140.1,§6-140,Section,6,140,,Section 6-140,greenwich-connecticut-18417c5e9074d765-node-002029,resolved_longest_heading_candidate
greenwich-connecticut-18417c5e9074d765,greenwich-connecticut-18417c5e9074d765-node-002055,Section,172,§6-140.1,§6-140,Section,6,140,,Section 6-140,greenwich-connecticut-18417c5e9074d765-node-002029,resolved_longest_heading_candidate
greenwich-connecticut-18417c5e9074d765,greenwich-connecticut-18417c5e9074d765-node-002056,Section,172,§6-140.1,§6-140,Section,6,140,,Section 6-140,greenwich-connecticut-18417c5e9074d765-node-002029,resolved_longest_heading_candidate
greenwich-connecticut-18417c5e9074d765,greenwich-connecticut-18417c5e9074d765-node-002058,Section,173,§6-140.1,§6-140,Section,6,140,,Section 6-140,greenwich-connecticut-18417c5e9074d765-node-002029,resolved_longest_heading_candidate
greenwich-connecticut-18417c5e9074d765,greenwich-connecticut-18417c5e9074d765-node-002059,Section,173,§6-140.1,§6-140,Section,6,140,,Section 6-140,greenwich-connecticut-18417c5e9074d765-node-002029,resolved_longest_heading_candidate
greenwich-connecticut-18417c5e9074d765,greenwich-connecticut-18417c5e9074d765-node-002065,Section,174,§6-140.1,§6-140,Section,6,140,,Section 6-140,greenwich-connecticut-18417c5e9074d765-node-002029,resolved_longest_heading_candidate
greenwich-connecticut-18417c5e9074d765,greenwich-connecticut-18417c5e9074d765-node-002066,Section,174,§6-140.1,§6-140,Section,6,140,,Section 6-140,greenwich-connecticut-18417c5e9074d765-node-002029,resolved_longest_heading_candidate
greenwich-connecticut-18417c5e9074d765,greenwich-connecticut-18417c5e9074d765-node-002078,Section,175,§6-140.1,§6-140,Section,6,140,,Section 6-140,greenwich-connecticut-18417c5e9074d765-node-002029,resolved_longest_heading_candidate
greenwich-connecticut-18417c5e9074d765,greenwich-connecticut-18417c5e9074d765-node-002079,Section,175,§6-140.1,§6-140,Section,6,140,,Section 6-140,greenwich-connecticut-18417c5e9074d765-node-002029,resolved_longest_heading_candidate
greenwich-connecticut-18417c5e9074d765,greenwich-connecticut-18417c5e9074d765-node-002080,Section,176,§6-140.1,§6-140,Section,6,140,,Section 6-140,greenwich-connecticut-18417c5e9074d765-node-002029,resolved_longest_heading_candidate
greenwich-connecticut-18417c5e9074d765,greenwich-connecticut-18417c5e9074d765-node-002081,Section,176,§6-140.1,§6-140,Section,6,140,,Section 6-140,greenwich-connecticut-18417c5e9074d765-node-002029,resolved_longest_heading_candidate
greenwich-connecticut-18417c5e9074d765,greenwich-connecticut-18417c5e9074d765-node-002097,Section,177,§6-140.1,§6-140,Section,6,140,,Section 6-140,greenwich-connecticut-18417c5e9074d765-node-002029,resolved_longest_heading_candidate
greenwich-connecticut-18417c5e9074d765,greenwich-connecticut-18417c5e9074d765-node-002098,Section,177,§6-140.1,§6-140,Section,6,140,,Section 6-140,greenwich-connecticut-18417c5e9074d765-node-002029,resolved_longest_heading_candidate
greenwich-connecticut-18417c5e9074d765,greenwich-connecticut-18417c5e9074d765-node-002103,Section,178,§6-140.1,§6-140,Section,6,140,,Section 6-140,greenwich-connecticut-18417c5e9074d765-node-002029,resolved_longest_heading_candidate
greenwich-connecticut-18417c5e9074d765,greenwich-connecticut-18417c5e9074d765-node-002104,Section,178,§6-140.1,§6-140,Section,6,140,,Section 6-140,greenwich-connecticut-18417c5e9074d765-node-002029,resolved_longest_heading_candidate
greenwich-connecticut-18417c5e9074d765,greenwich-connecticut-18417c5e9074d765-node-002108,Section,179,§6-140.1,§6-140,Section,6,140,,Section 6-140,greenwich-connecticut-18417c5e9074d765-node-002029,resolved_longest_heading_candidate
greenwich-connecticut-18417c5e9074d765,greenwich-connecticut-18417c5e9074d765-node-002109,Section,179,§6-140.1,§6-140,Section,6,140,,Section 6-140,greenwich-connecticut-18417c5e9074d765-node-002029,resolved_longest_heading_candidate
greenwich-connecticut-18417c5e9074d765,greenwich-connecticut-18417c5e9074d765-node-002117,Section,180,§6-140.1,§6-140,Section,6,140,,Section 6-140,greenwich-connecticut-18417c5e9074d765-node-002029,resolved_longest_heading_candidate
greenwich-connecticut-18417c5e9074d765,greenwich-connecticut-18417c5e9074d765-node-002118,Section,180,§6-140.1,§6-140,Section,6,140,,Section 6-140,greenwich-connecticut-18417c5e9074d765-node-002029,resolved_longest_heading_candidate
greenwich-connecticut-18417c5e9074d765,greenwich-connecticut-18417c5e9074d765-node-002132,Section,181,§6-140.1,§6-140,Section,6,140,,Section 6-140,greenwich-connecticut-18417c5e9074d765-node-002029,resolved_longest_heading_candidate
greenwich-connecticut-18417c5e9074d765,greenwich-connecticut-18417c5e9074d765-node-002133,Section,181,§6-140.2,§6-140,Section,6,140,,Section 6-140,greenwich-connecticut-18417c5e9074d765-node-002029,resolved_longest_heading_candidate
greenwich-connecticut-18417c5e9074d765,greenwich-connecticut-18417c5e9074d765-node-002135,Section,181,Sec. 6-140.2 FENCES AND WALLS.,Sec. 6-140,Section,6,140,,Section 6-140,greenwich-connecticut-18417c5e9074d765-node-002029,resolved_longest_heading_candidate
greenwich-connecticut-18417c5e9074d765,greenwich-connecticut-18417c5e9074d765-node-002141,Section,183,§6-141,§6-141,Section,6,141,,Section 6-141,greenwich-connecticut-18417c5e9074d765-node-002143,resolved_longest_heading_candidate
greenwich-connecticut-18417c5e9074d765,greenwich-connecticut-18417c5e9074d765-node-002142,Section,183,§6-141,§6-141,Section,6,141,,Section 6-141,greenwich-connecticut-18417c5e9074d765-node-002143,resolved_longest_heading_candidate
greenwich-connecticut-18417c5e9074d765,greenwich-connecticut-18417c5e9074d765-node-002143,Section,183,Sec. 6-141. NON-CONFORMING BUILDING AND USE: RESTRICTIONS.,Sec. 6-141,Section,6,141,,Section 6-141,greenwich-connecticut-18417c5e9074d765-node-002143,resolved_longest_heading_candidate
greenwich-connecticut-18417c5e9074d765,greenwich-connecticut-18417c5e9074d765-node-002144,Subsection,183,(a) In addition to a building becoming legally non-conforming pursuant to Sec. 8-13a of,Sec. 8-13,Section,8,13,,Section 8-13,,unresolved_no_matching_node
greenwich-connecticut-18417c5e9074d765,greenwich-connecticut-18417c5e9074d765-node-002150,Section,184,§6-141,§6-141,Section,6,141,,Section 6-141,greenwich-connecticut-18417c5e9074d765-node-002143,resolved_longest_heading_candidate
greenwich-connecticut-18417c5e9074d765,greenwich-connecticut-18417c5e9074d765-node-002151,Section,184,§6-141,§6-141,Section,6,141,,Section 6-141,greenwich-connecticut-18417c5e9074d765-node-002143,resolved_longest_heading_candidate
greenwich-connecticut-18417c5e9074d765,greenwich-connecticut-18417c5e9074d765-node-002160,Section,185,§6-142,§6-142,Section,6,142,,Section 6-142,greenwich-connecticut-18417c5e9074d765-node-002162,resolved_longest_heading_candidate
greenwich-connecticut-18417c5e9074d765,greenwich-connecticut-18417c5e9074d765-node-002161,Section,185,§6-143,§6-143,Section,6,143,,Section 6-143,greenwich-connecticut-18417c5e9074d765-node-002163,resolved_longest_heading_candidate
greenwich-connecticut-18417c5e9074d765,greenwich-connecticut-18417c5e9074d765-node-002162,Section,185,Sec. 6-142. NON-CONFORMING BUILDING.,Sec. 6-142,Section,6,142,,Section 6-142,greenwich-connecticut-18417c5e9074d765-node-002162,resolved_longest_heading_candidate
greenwich-connecticut-18417c5e9074d765,greenwich-connecticut-18417c5e9074d765-node-002163,Section,185,Sec. 6-143. NON-CONFORMING YARDS.,Sec. 6-143,Section,6,143,,Section 6-143,greenwich-connecticut-18417c5e9074d765-node-002163,resolved_longest_heading_candidate
greenwich-connecticut-18417c5e9074d765,greenwich-connecticut-18417c5e9074d765-node-002164,Section,187,§6-144,§6-144,Section,6,144,,Section 6-144,greenwich-connecticut-18417c5e9074d765-node-002166,resolved_longest_heading_candidate
greenwich-connecticut-18417c5e9074d765,greenwich-connecticut-18417c5e9074d765-node-002165,Section,187,§6-147,§6-147,Section,6,147,,Section 6-147,greenwich-connecticut-18417c5e9074d765-node-002175,resolved_longest_heading_candidate
greenwich-connecticut-18417c5e9074d765,greenwich-connecticut-18417c5e9074d765-node-002166,Section,187,Sec. 6-144. ACCESSORY BUILDINGS IN RESIDENTIAL AND COMMERCIAL ZONES. (11/25/2008;,Sec. 6-144,Section,6,144,,Section 6-144,greenwich-connecticut-18417c5e9074d765-node-002166,resolved_longest_heading_candidate
greenwich-connecticut-18417c5e9074d765,greenwich-connecticut-18417c5e9074d765-node-002170,Section,187,Sec. 6-145. ACCESSORY BUILDINGS ON CORNER LOTS.,Sec. 6-145,Section,6,145,,Section 6-145,greenwich-connecticut-18417c5e9074d765-node-002170,resolved_longest_heading_candidate
greenwich-connecticut-18417c5e9074d765,greenwich-connecticut-18417c5e9074d765-node-002171,Section,187,Sec. 6-146. USE OF ACCESSORY BUILDING AS RESIDENCE: GUEST HOUSES.,Sec. 6-146,Section,6,146,,Section 6-146,greenwich-connecticut-18417c5e9074d765-node-002171,resolved_longest_heading_candidate
greenwich-connecticut-18417c5e9074d765,greenwich-connecticut-18417c5e9074d765-node-002175,Section,187,Sec. 6-147. BUILDING ATTACHED TO STRUCTURE: ERECTION.,Sec. 6-147,Section,6,147,,Section 6-147,greenwich-connecticut-18417c5e9074d765-node-002175,resolved_longest_heading_candidate
greenwich-connecticut-18417c5e9074d765,greenwich-connecticut-18417c5e9074d765-node-002177,Section,188,§6-147,§6-147,Section,6,147,,Section 6-147,greenwich-connecticut-18417c5e9074d765-node-002175,resolved_longest_heading_candidate
greenwich-connecticut-18417c5e9074d765,greenwich-connecticut-18417c5e9074d765-node-002178,Section,188,§6-147.1,§6-147,Section,6,147,,Section 6-147,greenwich-connecticut-18417c5e9074d765-node-002175,resolved_longest_heading_candidate
greenwich-connecticut-18417c5e9074d765,greenwich-connecticut-18417c5e9074d765-node-002183,Section,188,Sec. 147.1. ACCESSORY BUILDINGS IN BUSINESS ZONES.,Sec. 147.1,Section,147,1,,Section 147-1,greenwich-connecticut-18417c5e9074d765-node-002183,resolved
greenwich-connecticut-18417c5e9074d765,greenwich-connecticut-18417c5e9074d765-node-002187,Section,189,§6-148,§6-148,Section,6,148,,Section 6-148,greenwich-connecticut-18417c5e9074d765-node-002189,resolved_longest_heading_candidate
greenwich-connecticut-18417c5e9074d765,greenwich-connecticut-18417c5e9074d765-node-002188,Section,189,§6-150,§6-150,Section,6,150,,Section 6-150,greenwich-connecticut-18417c5e9074d765-node-002193,resolved_longest_heading_candidate
greenwich-connecticut-18417c5e9074d765,greenwich-connecticut-18417c5e9074d765-node-002189,Section,189,Sec. 6-148. COURTS RESTRICTED IN THREE-STORY BUILDINGS.,Sec. 6-148,Section,6,148,,Section 6-148,greenwich-connecticut-18417c5e9074d765-node-002189,resolved_longest_heading_candidate
greenwich-connecticut-18417c5e9074d765,greenwich-connecticut-18417c5e9074d765-node-002192,Section,189,Sec. 6-149. COURTS IN BUSINESS OR INDUSTRIAL BUILDINGS.,Sec. 6-149,Section,6,149,,Section 6-149,greenwich-connecticut-18417c5e9074d765-node-002192,resolved_longest_heading_candidate
greenwich-connecticut-18417c5e9074d765,greenwich-connecticut-18417c5e9074d765-node-002193,Section,189,Sec. 6-150. COURTS IN MIXED-USE BUILDINGS.,Sec. 6-150,Section,6,150,,Section 6-150,greenwich-connecticut-18417c5e9074d765-node-002193,resolved_longest_heading_candidate
greenwich-connecticut-18417c5e9074d765,greenwich-connecticut-18417c5e9074d765-node-002194,Section,191,§6-151,§6-151,Section,6,151,,Section 6-151,greenwich-connecticut-18417c5e9074d765-node-002196,resolved_longest_heading_candidate
greenwich-connecticut-18417c5e9074d765,greenwich-connecticut-18417c5e9074d765-node-002195,Section,191,§6-153,§6-153,Section,6,153,,Section 6-153,greenwich-connecticut-18417c5e9074d765-node-002210,resolved_longest_heading_candidate
greenwich-connecticut-18417c5e9074d765,greenwich-connecticut-18417c5e9074d765-node-002196,Section,191,Sec. 6-151. PURPOSE OF ARTICLE.,Sec. 6-151,Section,6,151,,Section 6-151,greenwich-connecticut-18417c5e9074d765-node-002196,resolved_longest_heading_candidate
greenwich-connecticut-18417c5e9074d765,greenwich-connecticut-18417c5e9074d765-node-002197,Section,191,Sec. 6-152. BUSINESS ZONE REGULATIONS.,Sec. 6-152,Section,6,152,,Section 6-152,greenwich-connecticut-18417c5e9074d765-node-002197,resolved_longest_heading_candidate
greenwich-connecticut-18417c5e9074d765,greenwich-connecticut-18417c5e9074d765-node-002210,Section,191,Sec. 6-153. RESIDENTIAL ZONE REGULATIONS: EXCEPTION.,Sec. 6-153,Section,6,153,,Section 6-153,greenwich-connecticut-18417c5e9074d765-node-002210,resolved_longest_heading_candidate
greenwich-connecticut-18417c5e9074d765,greenwich-connecticut-18417c5e9074d765-node-002212,Section,192,§6-153,§6-153,Section,6,153,,Section 6-153,greenwich-connecticut-18417c5e9074d765-node-002210,resolved_longest_heading_candidate
greenwich-connecticut-18417c5e9074d765,greenwich-connecticut-18417c5e9074d765-node-002213,Section,192,§6-153,§6-153,Section,6,153,,Section 6-153,greenwich-connecticut-18417c5e9074d765-node-002210,resolved_longest_heading_candidate
greenwich-connecticut-18417c5e9074d765,greenwich-connecticut-18417c5e9074d765-node-002218,Section,193,§6-154,§6-154,Section,6,154,,Section 6-154,greenwich-connecticut-18417c5e9074d765-node-002220,resolved_longest_heading_candidate
greenwich-connecticut-18417c5e9074d765,greenwich-connecticut-18417c5e9074d765-node-002219,Section,193,§6-155,§6-155,Section,6,155,,Section 6-155,greenwich-connecticut-18417c5e9074d765-node-002221,resolved_longest_heading_candidate
greenwich-connecticut-18417c5e9074d765,greenwich-connecticut-18417c5e9074d765-node-002220,Section,193,Sec. 6-154. PARKING AND GARAGES FOR RESIDENTIAL PURPOSES. (6/11/86),Sec. 6-154,Section,6,154,,Section 6-154,greenwich-connecticut-18417c5e9074d765-node-002220,resolved_longest_heading_candidate
greenwich-connecticut-18417c5e9074d765,greenwich-connecticut-18417c5e9074d765-node-002221,Section,193,Sec. 6-155. PARKING AND GARAGES FOR TWO-FAMILY AND MULTI-FAMILY RESIDENTIAL,Sec. 6-155,Section,6,155,,Section 6-155,greenwich-connecticut-18417c5e9074d765-node-002221,resolved_longest_heading_candidate
greenwich-connecticut-18417c5e9074d765,greenwich-connecticut-18417c5e9074d765-node-002227,Section,194,§6-155,§6-155,Section,6,155,,Section 6-155,greenwich-connecticut-18417c5e9074d765-node-002221,resolved_longest_heading_candidate
greenwich-connecticut-18417c5e9074d765,greenwich-connecticut-18417c5e9074d765-node-002228,Section,194,§6-158,§6-158,Section,6,158,,Section 6-158,,unresolved_ambiguous_multiple_nodes
greenwich-connecticut-18417c5e9074d765,greenwich-connecticut-18417c5e9074d765-node-002233,Section,194,Sec. 6-156. RESTRICTIONS ON NON-PASSENGER VEHICLES AND TRUCK PARKING.,Sec. 6-156,Section,6,156,,Section 6-156,greenwich-connecticut-18417c5e9074d765-node-002233,resolved_longest_heading_candidate
greenwich-connecticut-18417c5e9074d765,greenwich-connecticut-18417c5e9074d765-node-002239,Section,194,Sec. 6-157. COMMERCIAL LOADING AREAS.,Sec. 6-157,Section,6,157,,Section 6-157,greenwich-connecticut-18417c5e9074d765-node-002239,resolved_longest_heading_candidate
greenwich-connecticut-18417c5e9074d765,greenwich-connecticut-18417c5e9074d765-node-002243,Section,194,Sec. 6-158. CUSTOMER OR PATRON PARKING; REQUIRED SPACES.,Sec. 6-158,Section,6,158,,Section 6-158,,unresolved_ambiguous_multiple_nodes
greenwich-connecticut-18417c5e9074d765,greenwich-connecticut-18417c5e9074d765-node-002246,Section,195,§6-158,§6-158,Section,6,158,,Section 6-158,,unresolved_ambiguous_multiple_nodes
greenwich-connecticut-18417c5e9074d765,greenwich-connecticut-18417c5e9074d765-node-002247,Section,195,§6-158,§6-158,Section,6,158,,Section 6-158,,unresolved_ambiguous_multiple_nodes
greenwich-connecticut-18417c5e9074d765,greenwich-connecticut-18417c5e9074d765-node-002255,Section,196,§6-158,§6-158,Section,6,158,,Section 6-158,,unresolved_ambiguous_multiple_nodes
greenwich-connecticut-18417c5e9074d765,greenwich-connecticut-18417c5e9074d765-node-002256,Section,196,§6-158,§6-158,Section,6,158,,Section 6-158,,unresolved_ambiguous_multiple_nodes
greenwich-connecticut-18417c5e9074d765,greenwich-connecticut-18417c5e9074d765-node-002258,Section,197,§6-158,§6-158,Section,6,158,,Section 6-158,,unresolved_ambiguous_multiple_nodes
greenwich-connecticut-18417c5e9074d765,greenwich-connecticut-18417c5e9074d765-node-002259,Section,197,§6-158,§6-158,Section,6,158,,Section 6-158,,unresolved_ambiguous_multiple_nodes
greenwich-connecticut-18417c5e9074d765,greenwich-connecticut-18417c5e9074d765-node-002262,Section,198,§6-158,§6-158,Section,6,158,,Section 6-158,,unresolved_ambiguous_multiple_nodes
greenwich-connecticut-18417c5e9074d765,greenwich-connecticut-18417c5e9074d765-node-002263,Section,198,§6-158,§6-158,Section,6,158,,Section 6-158,,unresolved_ambiguous_multiple_nodes
greenwich-connecticut-18417c5e9074d765,greenwich-connecticut-18417c5e9074d765-node-002266,Subsection,198,"(a) and (b) hereof, and Sec. 6-159, unless exempted there from by Subsection (c) hereof.",Sec. 6-159,Section,6,159,,Section 6-159,greenwich-connecticut-18417c5e9074d765-node-002269,resolved_longest_heading_candidate
greenwich-connecticut-18417c5e9074d765,greenwich-connecticut-18417c5e9074d765-node-002267,Section,199,§6-158,§6-158,Section,6,158,,Section 6-158,,unresolved_ambiguous_multiple_nodes
greenwich-connecticut-18417c5e9074d765,greenwich-connecticut-18417c5e9074d765-node-002268,Section,199,§6-161,§6-161,Section,6,161,,Section 6-161,greenwich-connecticut-18417c5e9074d765-node-002275,resolved_longest_heading_candidate
greenwich-connecticut-18417c5e9074d765,greenwich-connecticut-18417c5e9074d765-node-002269,Section,199,Sec. 6-159. REQUIREMENTS FOR BELOW GRADE PARKING.,Sec. 6-159,Section,6,159,,Section 6-159,greenwich-connecticut-18417c5e9074d765-node-002269,resolved_longest_heading_candidate
greenwich-connecticut-18417c5e9074d765,greenwich-connecticut-18417c5e9074d765-node-002274,Section,199,Sec. 6-160. USE OF TRACT OF LAND FOR PUBLIC PARKING.,Sec. 6-160,Section,6,160,,Section 6-160,greenwich-connecticut-18417c5e9074d765-node-002274,resolved_longest_heading_candidate
greenwich-connecticut-18417c5e9074d765,greenwich-connecticut-18417c5e9074d765-node-002275,Section,199,"Sec. 6-161. LANDSCAPING, PAVING, AND DRAINAGE.",Sec. 6-161,Section,6,161,,Section 6-161,greenwich-connecticut-18417c5e9074d765-node-002275,resolved_longest_heading_candidate
greenwich-connecticut-18417c5e9074d765,greenwich-connecticut-18417c5e9074d765-node-002276,Section,200,§6-161,§6-161,Section,6,161,,Section 6-161,greenwich-connecticut-18417c5e9074d765-node-002275,resolved_longest_heading_candidate
greenwich-connecticut-18417c5e9074d765,greenwich-connecticut-18417c5e9074d765-node-002277,Section,200,§6-162.1,§6-162,Section,6,162,,Section 6-162,,unresolved_ambiguous_multiple_nodes
greenwich-connecticut-18417c5e9074d765,greenwich-connecticut-18417c5e9074d765-node-002278,Section,200,Sec. 6-162. POOLED OR GROUP PARKING FACILITIES.,Sec. 6-162,Section,6,162,,Section 6-162,,unresolved_ambiguous_multiple_nodes
greenwich-connecticut-18417c5e9074d765,greenwich-connecticut-18417c5e9074d765-node-002284,Section,200,Sec. 6-162.1 ELECTRIC VEHICLE OFF-STREET PARKING REQUIREMENTS,Sec. 6-162,Section,6,162,,Section 6-162,,unresolved_ambiguous_multiple_nodes
greenwich-connecticut-18417c5e9074d765,greenwich-connecticut-18417c5e9074d765-node-002287,Section,201,§6-162.1,§6-162,Section,6,162,,Section 6-162,,unresolved_ambiguous_multiple_nodes
greenwich-connecticut-18417c5e9074d765,greenwich-connecticut-18417c5e9074d765-node-002288,Section,201,§6-162.1,§6-162,Section,6,162,,Section 6-162,,unresolved_ambiguous_multiple_nodes
greenwich-connecticut-18417c5e9074d765,greenwich-connecticut-18417c5e9074d765-node-002291,Section,202,§6-163,§6-163,Section,6,163,,Section 6-163,greenwich-connecticut-18417c5e9074d765-node-002293,resolved_longest_heading_candidate
greenwich-connecticut-18417c5e9074d765,greenwich-connecticut-18417c5e9074d765-node-002292,Section,202,§6-163,§6-163,Section,6,163,,Section 6-163,greenwich-connecticut-18417c5e9074d765-node-002293,resolved_longest_heading_candidate
greenwich-connecticut-18417c5e9074d765,greenwich-connecticut-18417c5e9074d765-node-002293,Section,202,Sec. 6-163. RESIDENTIAL ZONES SPECIFICATIONS.,Sec. 6-163,Section,6,163,,Section 6-163,greenwich-connecticut-18417c5e9074d765-node-002293,resolved_longest_heading_candidate
greenwich-connecticut-18417c5e9074d765,greenwich-connecticut-18417c5e9074d765-node-002303,Section,203,§6-163,§6-163,Section,6,163,,Section 6-163,greenwich-connecticut-18417c5e9074d765-node-002293,resolved_longest_heading_candidate
greenwich-connecticut-18417c5e9074d765,greenwich-connecticut-18417c5e9074d765-node-002304,Section,203,§6-163,§6-163,Section,6,163,,Section 6-163,greenwich-connecticut-18417c5e9074d765-node-002293,resolved_longest_heading_candidate
greenwich-connecticut-18417c5e9074d765,greenwich-connecticut-18417c5e9074d765-node-002317,Section,204,§6-163,§6-163,Section,6,163,,Section 6-163,greenwich-connecticut-18417c5e9074d765-node-002293,resolved_longest_heading_candidate
greenwich-connecticut-18417c5e9074d765,greenwich-connecticut-18417c5e9074d765-node-002318,Section,204,§6-164,§6-164,Section,6,164,,Section 6-164,,unresolved_ambiguous_multiple_nodes
greenwich-connecticut-18417c5e9074d765,greenwich-connecticut-18417c5e9074d765-node-002321,Section,204,Sec. 6-164. BUSINESS ZONES SPECIFICATIONS.,Sec. 6-164,Section,6,164,,Section 6-164,,unresolved_ambiguous_multiple_nodes
greenwich-connecticut-18417c5e9074d765,greenwich-connecticut-18417c5e9074d765-node-002325,Section,204,Sec. 6-163,Sec. 6-163,Section,6,163,,Section 6-163,greenwich-connecticut-18417c5e9074d765-node-002293,resolved_longest_heading_candidate
greenwich-connecticut-18417c5e9074d765,greenwich-connecticut-18417c5e9074d765-node-002326,Section,204,Sec. 6-163,Sec. 6-163,Section,6,163,,Section 6-163,greenwich-connecticut-18417c5e9074d765-node-002293,resolved_longest_heading_candidate
greenwich-connecticut-18417c5e9074d765,greenwich-connecticut-18417c5e9074d765-node-002329,Section,205,§6-164,§6-164,Section,6,164,,Section 6-164,,unresolved_ambiguous_multiple_nodes
greenwich-connecticut-18417c5e9074d765,greenwich-connecticut-18417c5e9074d765-node-002330,Section,205,§6-164,§6-164,Section,6,164,,Section 6-164,,unresolved_ambiguous_multiple_nodes
greenwich-connecticut-18417c5e9074d765,greenwich-connecticut-18417c5e9074d765-node-002337,Section,206,§6-164,§6-164,Section,6,164,,Section 6-164,,unresolved_ambiguous_multiple_nodes
greenwich-connecticut-18417c5e9074d765,greenwich-connecticut-18417c5e9074d765-node-002338,Section,206,§6-164,§6-164,Section,6,164,,Section 6-164,,unresolved_ambiguous_multiple_nodes
greenwich-connecticut-18417c5e9074d765,greenwich-connecticut-18417c5e9074d765-node-002346,Section,207,§6-164,§6-164,Section,6,164,,Section 6-164,,unresolved_ambiguous_multiple_nodes
greenwich-connecticut-18417c5e9074d765,greenwich-connecticut-18417c5e9074d765-node-002347,Section,207,§6-164,§6-164,Section,6,164,,Section 6-164,,unresolved_ambiguous_multiple_nodes
greenwich-connecticut-18417c5e9074d765,greenwich-connecticut-18417c5e9074d765-node-002355,Section,208,§6-164,§6-164,Section,6,164,,Section 6-164,,unresolved_ambiguous_multiple_nodes
greenwich-connecticut-18417c5e9074d765,greenwich-connecticut-18417c5e9074d765-node-002356,Section,208,§6-166,§6-166,Section,6,166,,Section 6-166,greenwich-connecticut-18417c5e9074d765-node-002363,resolved_longest_heading_candidate
greenwich-connecticut-18417c5e9074d765,greenwich-connecticut-18417c5e9074d765-node-002360,Section,208,Sec. 6-165. MEASUREMENT OF SIGN AREA.,Sec. 6-165,Section,6,165,,Section 6-165,greenwich-connecticut-18417c5e9074d765-node-002360,resolved_longest_heading_candidate
greenwich-connecticut-18417c5e9074d765,greenwich-connecticut-18417c5e9074d765-node-002363,Section,208,Sec. 6-166. LOCATION OF SIGN.,Sec. 6-166,Section,6,166,,Section 6-166,greenwich-connecticut-18417c5e9074d765-node-002363,resolved_longest_heading_candidate
greenwich-connecticut-18417c5e9074d765,greenwich-connecticut-18417c5e9074d765-node-002369,Section,209,§6-166,§6-166,Section,6,166,,Section 6-166,greenwich-connecticut-18417c5e9074d765-node-002363,resolved_longest_heading_candidate
greenwich-connecticut-18417c5e9074d765,greenwich-connecticut-18417c5e9074d765-node-002370,Section,209,§6-168,§6-168,Section,6,168,,Section 6-168,greenwich-connecticut-18417c5e9074d765-node-002384,resolved_longest_heading_candidate
greenwich-connecticut-18417c5e9074d765,greenwich-connecticut-18417c5e9074d765-node-002380,Section,209,Sec. 6-167. HEIGHT RESTRICTIONS.,Sec. 6-167,Section,6,167,,Section 6-167,greenwich-connecticut-18417c5e9074d765-node-002380,resolved_longest_heading_candidate
greenwich-connecticut-18417c5e9074d765,greenwich-connecticut-18417c5e9074d765-node-002382,Section,209,"Section 6-126, to the bottom of the sign.",Section 6-126,Section,6,126,,Section 6-126,,unresolved_ambiguous_multiple_nodes
greenwich-connecticut-18417c5e9074d765,greenwich-connecticut-18417c5e9074d765-node-002384,Section,209,Sec. 6-168. ILLUMINATED SIGNS.,Sec. 6-168,Section,6,168,,Section 6-168,greenwich-connecticut-18417c5e9074d765-node-002384,resolved_longest_heading_candidate
greenwich-connecticut-18417c5e9074d765,greenwich-connecticut-18417c5e9074d765-node-002389,Section,210,§6-169,§6-169,Section,6,169,,Section 6-169,greenwich-connecticut-18417c5e9074d765-node-002391,resolved_longest_heading_candidate
greenwich-connecticut-18417c5e9074d765,greenwich-connecticut-18417c5e9074d765-node-002390,Section,210,§6-173,§6-173,Section,6,173,,Section 6-173,greenwich-connecticut-18417c5e9074d765-node-002398,resolved_longest_heading_candidate
greenwich-connecticut-18417c5e9074d765,greenwich-connecticut-18417c5e9074d765-node-002391,Section,210,Sec. 6-169. DESIGN AND LETTERING .,Sec. 6-169,Section,6,169,,Section 6-169,greenwich-connecticut-18417c5e9074d765-node-002391,resolved_longest_heading_candidate
greenwich-connecticut-18417c5e9074d765,greenwich-connecticut-18417c5e9074d765-node-002392,Section,210,Sec. 6-164(a)(1)(c). (1/1/87) (6/25/94) (1/30/19),Sec. 6-164(a),Section,6,164,a,Section 6-164(a),,unresolved_ambiguous_multiple_nodes
greenwich-connecticut-18417c5e9074d765,greenwich-connecticut-18417c5e9074d765-node-002393,Section,210,Sec. 6-170. SPECIAL DEVICES.,Sec. 6-170,Section,6,170,,Section 6-170,greenwich-connecticut-18417c5e9074d765-node-002393,resolved_longest_heading_candidate
greenwich-connecticut-18417c5e9074d765,greenwich-connecticut-18417c5e9074d765-node-002394,Section,210,Sec. 6-171. SIGN REPAIRS; ALTERATIONS.,Sec. 6-171,Section,6,171,,Section 6-171,greenwich-connecticut-18417c5e9074d765-node-002394,resolved_longest_heading_candidate
greenwich-connecticut-18417c5e9074d765,greenwich-connecticut-18417c5e9074d765-node-002397,Section,210,Sec. 6-172. REMOVAL OF SIGNS.,Sec. 6-172,Section,6,172,,Section 6-172,greenwich-connecticut-18417c5e9074d765-node-002397,resolved_longest_heading_candidate
greenwich-connecticut-18417c5e9074d765,greenwich-connecticut-18417c5e9074d765-node-002398,Section,210,"Sec. 6-173. REPLACEMENT, ALTERATION OR RELOCATION.",Sec. 6-173,Section,6,173,,Section 6-173,greenwich-connecticut-18417c5e9074d765-node-002398,resolved_longest_heading_candidate
greenwich-connecticut-18417c5e9074d765,greenwich-connecticut-18417c5e9074d765-node-002399,Section,211,§6-174,§6-174,Section,6,174,,Section 6-174,greenwich-connecticut-18417c5e9074d765-node-002401,resolved_longest_heading_candidate
greenwich-connecticut-18417c5e9074d765,greenwich-connecticut-18417c5e9074d765-node-002400,Section,211,§6-175,§6-175,Section,6,175,,Section 6-175,greenwich-connecticut-18417c5e9074d765-node-002402,resolved_longest_heading_candidate
greenwich-connecticut-18417c5e9074d765,greenwich-connecticut-18417c5e9074d765-node-002401,Section,211,Sec. 6-174. PROHIBITED SIGNS.,Sec. 6-174,Section,6,174,,Section 6-174,greenwich-connecticut-18417c5e9074d765-node-002401,resolved_longest_heading_candidate
greenwich-connecticut-18417c5e9074d765,greenwich-connecticut-18417c5e9074d765-node-002402,Section,211,Sec. 6-175. PERMIT PROCEDURE.,Sec. 6-175,Section,6,175,,Section 6-175,greenwich-connecticut-18417c5e9074d765-node-002402,resolved_longest_heading_candidate
greenwich-connecticut-18417c5e9074d765,greenwich-connecticut-18417c5e9074d765-node-002407,Section,212,§6-176,§6-176,Section,6,176,,Section 6-176,greenwich-connecticut-18417c5e9074d765-node-002409,resolved_longest_heading_candidate
greenwich-connecticut-18417c5e9074d765,greenwich-connecticut-18417c5e9074d765-node-002408,Section,212,§6-178,§6-178,Section,6,178,,Section 6-178,greenwich-connecticut-18417c5e9074d765-node-002419,resolved_longest_heading_candidate
greenwich-connecticut-18417c5e9074d765,greenwich-connecticut-18417c5e9074d765-node-002409,Section,212,Sec. 6-176. PURPOSE OF DIVISION.,Sec. 6-176,Section,6,176,,Section 6-176,greenwich-connecticut-18417c5e9074d765-node-002409,resolved_longest_heading_candidate
greenwich-connecticut-18417c5e9074d765,greenwich-connecticut-18417c5e9074d765-node-002411,Section,212,Sec. 6-177. USES REQUIRING LANDSCAPE PLANS.,Sec. 6-177,Section,6,177,,Section 6-177,greenwich-connecticut-18417c5e9074d765-node-002411,resolved_longest_heading_candidate
greenwich-connecticut-18417c5e9074d765,greenwich-connecticut-18417c5e9074d765-node-002419,Section,212,Sec. 6-178. GENERAL REQUIREMENTS,Sec. 6-178,Section,6,178,,Section 6-178,greenwich-connecticut-18417c5e9074d765-node-002419,resolved_longest_heading_candidate
greenwich-connecticut-18417c5e9074d765,greenwich-connecticut-18417c5e9074d765-node-002423,Section,213,§6-178,§6-178,Section,6,178,,Section 6-178,greenwich-connecticut-18417c5e9074d765-node-002419,resolved_longest_heading_candidate
greenwich-connecticut-18417c5e9074d765,greenwich-connecticut-18417c5e9074d765-node-002424,Section,213,§6-179,§6-179,Section,6,179,,Section 6-179,greenwich-connecticut-18417c5e9074d765-node-002428,resolved_longest_heading_candidate
greenwich-connecticut-18417c5e9074d765,greenwich-connecticut-18417c5e9074d765-node-002428,Section,213,Sec. 6-179. LANDSCAPE PLAN REQUIREMENTS,Sec. 6-179,Section,6,179,,Section 6-179,greenwich-connecticut-18417c5e9074d765-node-002428,resolved_longest_heading_candidate
greenwich-connecticut-18417c5e9074d765,greenwich-connecticut-18417c5e9074d765-node-002431,Section,214,§6-180,§6-180,Section,6,180,,Section 6-180,greenwich-connecticut-18417c5e9074d765-node-002433,resolved_longest_heading_candidate
greenwich-connecticut-18417c5e9074d765,greenwich-connecticut-18417c5e9074d765-node-002432,Section,214,§6-182,§6-182,Section,6,182,,Section 6-182,greenwich-connecticut-18417c5e9074d765-node-002457,resolved_longest_heading_candidate
greenwich-connecticut-18417c5e9074d765,greenwich-connecticut-18417c5e9074d765-node-002433,Section,214,Sec. 6-180. DEFINITIONS,Sec. 6-180,Section,6,180,,Section 6-180,greenwich-connecticut-18417c5e9074d765-node-002433,resolved_longest_heading_candidate
greenwich-connecticut-18417c5e9074d765,greenwich-connecticut-18417c5e9074d765-node-002446,Section,214,Sec. 6-181. SCHEDULE OF REQUIRED SCREENING AND PLANTING FOR RESIDENTIAL LOTS,Sec. 6-181,Section,6,181,,Section 6-181,greenwich-connecticut-18417c5e9074d765-node-002446,resolved_longest_heading_candidate
greenwich-connecticut-18417c5e9074d765,greenwich-connecticut-18417c5e9074d765-node-002449,Section,214,Sec. 6-182. PLANTING SPECIFICATIONS,Sec. 6-182,Section,6,182,,Section 6-182,greenwich-connecticut-18417c5e9074d765-node-002457,resolved_longest_heading_candidate
greenwich-connecticut-18417c5e9074d765,greenwich-connecticut-18417c5e9074d765-node-002451,Section,215,§6-182,§6-182,Section,6,182,,Section 6-182,greenwich-connecticut-18417c5e9074d765-node-002457,resolved_longest_heading_candidate
greenwich-connecticut-18417c5e9074d765,greenwich-connecticut-18417c5e9074d765-node-002452,Section,215,§6-182,§6-182,Section,6,182,,Section 6-182,greenwich-connecticut-18417c5e9074d765-node-002457,resolved_longest_heading_candidate
greenwich-connecticut-18417c5e9074d765,greenwich-connecticut-18417c5e9074d765-node-002454,Section,215,Section 4.4 of the Town Drainage Manual,Section 4.4,Section,4,4,,Section 4-4,greenwich-connecticut-18417c5e9074d765-node-002454,resolved
greenwich-connecticut-18417c5e9074d765,greenwich-connecticut-18417c5e9074d765-node-002455,Section,216,§6-182.1,§6-182,Section,6,182,,Section 6-182,greenwich-connecticut-18417c5e9074d765-node-002457,resolved_longest_heading_candidate
greenwich-connecticut-18417c5e9074d765,greenwich-connecticut-18417c5e9074d765-node-002456,Section,216,§6-182.1,§6-182,Section,6,182,,Section 6-182,greenwich-connecticut-18417c5e9074d765-node-002457,resolved_longest_heading_candidate
greenwich-connecticut-18417c5e9074d765,greenwich-connecticut-18417c5e9074d765-node-002457,Section,216,Sec. 6-182.1. SCHEDULE OF REQUIRED SCREENING AND PLANTING FOR COMMERCIALLY,Sec. 6-182,Section,6,182,,Section 6-182,greenwich-connecticut-18417c5e9074d765-node-002457,resolved_longest_heading_candidate
greenwich-connecticut-18417c5e9074d765,greenwich-connecticut-18417c5e9074d765-node-002458,Subsection,216,"(a) Pursuant to Section 6-177, any portion of a developed lot that is not improved with buildings,",Section 6-177,Section,6,177,,Section 6-177,greenwich-connecticut-18417c5e9074d765-node-002411,resolved_longest_heading_candidate
greenwich-connecticut-18417c5e9074d765,greenwich-connecticut-18417c5e9074d765-node-002463,Section,217,§6-182.1,§6-182,Section,6,182,,Section 6-182,greenwich-connecticut-18417c5e9074d765-node-002457,resolved_longest_heading_candidate
greenwich-connecticut-18417c5e9074d765,greenwich-connecticut-18417c5e9074d765-node-002464,Section,217,§6-183,§6-183,Section,6,183,,Section 6-183,,unresolved_ambiguous_multiple_nodes
greenwich-connecticut-18417c5e9074d765,greenwich-connecticut-18417c5e9074d765-node-002466,Section,217,Sec. 6-183. APPROVAL OF SCREENING FOR NON-CONFORMING USES,Sec. 6-183,Section,6,183,,Section 6-183,,unresolved_ambiguous_multiple_nodes
greenwich-connecticut-18417c5e9074d765,greenwich-connecticut-18417c5e9074d765-node-002467,Section,219,§6-183.1,§6-183,Section,6,183,,Section 6-183,,unresolved_ambiguous_multiple_nodes
greenwich-connecticut-18417c5e9074d765,greenwich-connecticut-18417c5e9074d765-node-002468,Section,219,§6-183.3,§6-183,Section,6,183,,Section 6-183,,unresolved_ambiguous_multiple_nodes
greenwich-connecticut-18417c5e9074d765,greenwich-connecticut-18417c5e9074d765-node-002469,Section,219,Sec. 6-183.1. DEFINITIONS.,Sec. 6-183,Section,6,183,,Section 6-183,,unresolved_ambiguous_multiple_nodes
greenwich-connecticut-18417c5e9074d765,greenwich-connecticut-18417c5e9074d765-node-002481,Section,219,Sec. 6-183.2. ACTIVITIES REQUIRING A CERTIFIED EROSION AND SEDIMENT CONTROL PLAN.,Sec. 6-183,Section,6,183,,Section 6-183,,unresolved_ambiguous_multiple_nodes
greenwich-connecticut-18417c5e9074d765,greenwich-connecticut-18417c5e9074d765-node-002482,Section,219,Sec. 6-183.3. EXEMPTIONS.,Sec. 6-183,Section,6,183,,Section 6-183,,unresolved_ambiguous_multiple_nodes
greenwich-connecticut-18417c5e9074d765,greenwich-connecticut-18417c5e9074d765-node-002483,Section,220,§6-183.4,§6-183,Section,6,183,,Section 6-183,,unresolved_ambiguous_multiple_nodes
greenwich-connecticut-18417c5e9074d765,greenwich-connecticut-18417c5e9074d765-node-002484,Section,220,§6-183.4,§6-183,Section,6,183,,Section 6-183,,unresolved_ambiguous_multiple_nodes
greenwich-connecticut-18417c5e9074d765,greenwich-connecticut-18417c5e9074d765-node-002485,Section,220,Sec. 6-183.4. EROSION AND SEDIMENT CONTROL PLAN,Sec. 6-183,Section,6,183,,Section 6-183,,unresolved_ambiguous_multiple_nodes
greenwich-connecticut-18417c5e9074d765,greenwich-connecticut-18417c5e9074d765-node-002491,Subsection,220,(D) The Planning and Zoning Commission may waive any of the requirements of Sec. 183.4(2)B,Sec. 183.4(2),Section,183,4,2,Section 183-4(2),,unresolved_no_matching_node
greenwich-connecticut-18417c5e9074d765,greenwich-connecticut-18417c5e9074d765-node-002492,Section,221,§6-183.5,§6-183,Section,6,183,,Section 6-183,,unresolved_ambiguous_multiple_nodes
greenwich-connecticut-18417c5e9074d765,greenwich-connecticut-18417c5e9074d765-node-002493,Section,221,§6-183.7,§6-183,Section,6,183,,Section 6-183,,unresolved_ambiguous_multiple_nodes
greenwich-connecticut-18417c5e9074d765,greenwich-connecticut-18417c5e9074d765-node-002494,Section,221,Sec. 6-183.5. MINIMUM ACCEPTABLE STANDARDS.,Sec. 6-183,Section,6,183,,Section 6-183,,unresolved_ambiguous_multiple_nodes
greenwich-connecticut-18417c5e9074d765,greenwich-connecticut-18417c5e9074d765-node-002498,Section,221,Sec. 6-183.6. ISSUANCE OR DENIAL OF CERTIFICATION.,Sec. 6-183,Section,6,183,,Section 6-183,,unresolved_ambiguous_multiple_nodes
greenwich-connecticut-18417c5e9074d765,greenwich-connecticut-18417c5e9074d765-node-002503,Section,221,Sec. 6-183.7. CONDITIONS RELATING TO SOIL EROSION AND SEDIMENT CONTROL.,Sec. 6-183,Section,6,183,,Section 6-183,,unresolved_ambiguous_multiple_nodes
greenwich-connecticut-18417c5e9074d765,greenwich-connecticut-18417c5e9074d765-node-002508,Section,222,§6-183.8,§6-183,Section,6,183,,Section 6-183,,unresolved_ambiguous_multiple_nodes
greenwich-connecticut-18417c5e9074d765,greenwich-connecticut-18417c5e9074d765-node-002509,Section,222,§6-183.10,§6-183,Section,6,183,,Section 6-183,,unresolved_ambiguous_multiple_nodes
greenwich-connecticut-18417c5e9074d765,greenwich-connecticut-18417c5e9074d765-node-002510,Section,222,Sec. 6-183.8 INSPECTION.,Sec. 6-183,Section,6,183,,Section 6-183,,unresolved_ambiguous_multiple_nodes
greenwich-connecticut-18417c5e9074d765,greenwich-connecticut-18417c5e9074d765-node-002512,Section,222,Sec. 6-183.9 PENALTIES.,Sec. 6-183,Section,6,183,,Section 6-183,,unresolved_ambiguous_multiple_nodes
greenwich-connecticut-18417c5e9074d765,greenwich-connecticut-18417c5e9074d765-node-002514,Section,222,Sec. 6-183.10 GENERAL PROVISIONS,Sec. 6-183,Section,6,183,,Section 6-183,,unresolved_ambiguous_multiple_nodes
greenwich-connecticut-18417c5e9074d765,greenwich-connecticut-18417c5e9074d765-node-002516,Section,223,§6-184,§6-184,Section,6,184,,Section 6-184,greenwich-connecticut-18417c5e9074d765-node-002518,resolved_longest_heading_candidate
greenwich-connecticut-18417c5e9074d765,greenwich-connecticut-18417c5e9074d765-node-002517,Section,223,§6-185,§6-185,Section,6,185,,Section 6-185,greenwich-connecticut-18417c5e9074d765-node-002521,resolved_longest_heading_candidate
greenwich-connecticut-18417c5e9074d765,greenwich-connecticut-18417c5e9074d765-node-002518,Section,223,Sec. 6-184. SITE PLAN CONTENTS: SPECIFICATIONS.,Sec. 6-184,Section,6,184,,Section 6-184,greenwich-connecticut-18417c5e9074d765-node-002518,resolved_longest_heading_candidate
greenwich-connecticut-18417c5e9074d765,greenwich-connecticut-18417c5e9074d765-node-002521,Section,223,Sec. 6-185. SITE PLAN DIMENSIONS FOR PARKING. (11/17/97),Sec. 6-185,Section,6,185,,Section 6-185,greenwich-connecticut-18417c5e9074d765-node-002521,resolved_longest_heading_candidate
greenwich-connecticut-18417c5e9074d765,greenwich-connecticut-18417c5e9074d765-node-002525,Section,224,§6-185,§6-185,Section,6,185,,Section 6-185,greenwich-connecticut-18417c5e9074d765-node-002521,resolved_longest_heading_candidate
greenwich-connecticut-18417c5e9074d765,greenwich-connecticut-18417c5e9074d765-node-002526,Section,224,§6-186,§6-186,Section,6,186,,Section 6-186,greenwich-connecticut-18417c5e9074d765-node-002532,resolved_longest_heading_candidate
greenwich-connecticut-18417c5e9074d765,greenwich-connecticut-18417c5e9074d765-node-002532,Section,224,Sec. 6-186. SPECIFICATIONS OF PARKING AND LOADING AREAS.,Sec. 6-186,Section,6,186,,Section 6-186,greenwich-connecticut-18417c5e9074d765-node-002532,resolved_longest_heading_candidate
greenwich-connecticut-18417c5e9074d765,greenwich-connecticut-18417c5e9074d765-node-002533,Section,225,§6-187,§6-187,Section,6,187,,Section 6-187,greenwich-connecticut-18417c5e9074d765-node-002535,resolved_longest_heading_candidate
greenwich-connecticut-18417c5e9074d765,greenwich-connecticut-18417c5e9074d765-node-002534,Section,225,§6-192,§6-192,Section,6,192,,Section 6-192,greenwich-connecticut-18417c5e9074d765-node-002544,resolved_longest_heading_candidate
greenwich-connecticut-18417c5e9074d765,greenwich-connecticut-18417c5e9074d765-node-002535,Section,225,Sec. 6-187. MARKING OF PARKING AND TRAFFIC SIGNS.,Sec. 6-187,Section,6,187,,Section 6-187,greenwich-connecticut-18417c5e9074d765-node-002535,resolved_longest_heading_candidate
greenwich-connecticut-18417c5e9074d765,greenwich-connecticut-18417c5e9074d765-node-002536,Section,225,Sec. 6-188. SIDEWALK SPECIFICATIONS.,Sec. 6-188,Section,6,188,,Section 6-188,greenwich-connecticut-18417c5e9074d765-node-002536,resolved_longest_heading_candidate
greenwich-connecticut-18417c5e9074d765,greenwich-connecticut-18417c5e9074d765-node-002538,Section,225,Sec. 6-189. CURB CUTS; ACCESS DRIVES.,Sec. 6-189,Section,6,189,,Section 6-189,greenwich-connecticut-18417c5e9074d765-node-002538,resolved_longest_heading_candidate
greenwich-connecticut-18417c5e9074d765,greenwich-connecticut-18417c5e9074d765-node-002542,Section,225,Sec. 6-190. LANDSCAPING REQUIREMENTS.,Sec. 6-190,Section,6,190,,Section 6-190,greenwich-connecticut-18417c5e9074d765-node-002542,resolved_longest_heading_candidate
greenwich-connecticut-18417c5e9074d765,greenwich-connecticut-18417c5e9074d765-node-002543,Section,225,Sec. 6-191. SIGNS.,Sec. 6-191,Section,6,191,,Section 6-191,,unresolved_ambiguous_multiple_nodes
greenwich-connecticut-18417c5e9074d765,greenwich-connecticut-18417c5e9074d765-node-002544,Section,225,Sec. 6-192. ENCLOSED RUBBISH AREA.,Sec. 6-192,Section,6,192,,Section 6-192,greenwich-connecticut-18417c5e9074d765-node-002544,resolved_longest_heading_candidate
greenwich-connecticut-18417c5e9074d765,greenwich-connecticut-18417c5e9074d765-node-002545,Section,227,§6-193,§6-193,Section,6,193,,Section 6-193,greenwich-connecticut-18417c5e9074d765-node-002547,resolved_longest_heading_candidate
greenwich-connecticut-18417c5e9074d765,greenwich-connecticut-18417c5e9074d765-node-002546,Section,227,§6-201,§6-201,Section,6,201,,Section 6-201,greenwich-connecticut-18417c5e9074d765-node-002560,resolved_longest_heading_candidate
greenwich-connecticut-18417c5e9074d765,greenwich-connecticut-18417c5e9074d765-node-002547,Section,227,Sec. 6-193. TRAILERS PROHIBITED.,Sec. 6-193,Section,6,193,,Section 6-193,greenwich-connecticut-18417c5e9074d765-node-002547,resolved_longest_heading_candidate
greenwich-connecticut-18417c5e9074d765,greenwich-connecticut-18417c5e9074d765-node-002548,Section,227,Sec. 6-194. LOCATION OF ALCOHOLIC ESTABLISHMENTS,Sec. 6-194,Section,6,194,,Section 6-194,greenwich-connecticut-18417c5e9074d765-node-002548,resolved_longest_heading_candidate
greenwich-connecticut-18417c5e9074d765,greenwich-connecticut-18417c5e9074d765-node-002554,Section,227,Sec. 6-195,Sec. 6-195,Section,6,195,,Section 6-195,,unresolved_ambiguous_multiple_nodes
greenwich-connecticut-18417c5e9074d765,greenwich-connecticut-18417c5e9074d765-node-002555,Section,227,Sec. 6-196,Sec. 6-196,Section,6,196,,Section 6-196,,unresolved_ambiguous_multiple_nodes
greenwich-connecticut-18417c5e9074d765,greenwich-connecticut-18417c5e9074d765-node-002556,Section,227,Sec. 6-197,Sec. 6-197,Section,6,197,,Section 6-197,,unresolved_ambiguous_multiple_nodes
greenwich-connecticut-18417c5e9074d765,greenwich-connecticut-18417c5e9074d765-node-002557,Section,227,Sec. 6-198,Sec. 6-198,Section,6,198,,Section 6-198,,unresolved_ambiguous_multiple_nodes
greenwich-connecticut-18417c5e9074d765,greenwich-connecticut-18417c5e9074d765-node-002558,Section,227,Sec. 6-199,Sec. 6-199,Section,6,199,,Section 6-199,greenwich-connecticut-18417c5e9074d765-node-001116,resolved_longest_heading_candidate
greenwich-connecticut-18417c5e9074d765,greenwich-connecticut-18417c5e9074d765-node-002559,Section,227,Sec. 6-200. RESERVED.,Sec. 6-200,Section,6,200,,Section 6-200,greenwich-connecticut-18417c5e9074d765-node-002559,resolved_longest_heading_candidate
greenwich-connecticut-18417c5e9074d765,greenwich-connecticut-18417c5e9074d765-node-002560,Section,227,Sec. 6-201. RESERVED.,Sec. 6-201,Section,6,201,,Section 6-201,greenwich-connecticut-18417c5e9074d765-node-002560,resolved_longest_heading_candidate
greenwich-connecticut-18417c5e9074d765,greenwich-connecticut-18417c5e9074d765-node-002561,Section,229,§6-202,§6-202,Section,6,202,,Section 6-202,greenwich-connecticut-18417c5e9074d765-node-002563,resolved_longest_heading_candidate
greenwich-connecticut-18417c5e9074d765,greenwich-connecticut-18417c5e9074d765-node-002562,Section,229,§6-202,§6-202,Section,6,202,,Section 6-202,greenwich-connecticut-18417c5e9074d765-node-002563,resolved_longest_heading_candidate
greenwich-connecticut-18417c5e9074d765,greenwich-connecticut-18417c5e9074d765-node-002563,Section,229,Sec. 6-202. PENALTIES; ABATEMENT.,Sec. 6-202,Section,6,202,,Section 6-202,greenwich-connecticut-18417c5e9074d765-node-002563,resolved_longest_heading_candidate
greenwich-connecticut-18417c5e9074d765,greenwich-connecticut-18417c5e9074d765-node-002566,Section,231,§6-203,§6-203,Section,6,203,,Section 6-203,greenwich-connecticut-18417c5e9074d765-node-002568,resolved_longest_heading_candidate
greenwich-connecticut-18417c5e9074d765,greenwich-connecticut-18417c5e9074d765-node-002567,Section,231,§6-204,§6-204,Section,6,204,,Section 6-204,greenwich-connecticut-18417c5e9074d765-node-002573,resolved_longest_heading_candidate
greenwich-connecticut-18417c5e9074d765,greenwich-connecticut-18417c5e9074d765-node-002568,Section,231,"Sec. 6-203. OPEN SPACES, HEIGHT AND BULK OF BUILDINGS.",Sec. 6-203,Section,6,203,,Section 6-203,greenwich-connecticut-18417c5e9074d765-node-002568,resolved_longest_heading_candidate
greenwich-connecticut-18417c5e9074d765,greenwich-connecticut-18417c5e9074d765-node-002573,Section,231,Sec. 6-204. EXCEPTIONS TO MAXIMUM HEIGHT AND PARKING SPACES REQUIREMENTS.,Sec. 6-204,Section,6,204,,Section 6-204,greenwich-connecticut-18417c5e9074d765-node-002573,resolved_longest_heading_candidate
greenwich-connecticut-18417c5e9074d765,greenwich-connecticut-18417c5e9074d765-node-002574,Section,233,§6-205,§6-205,Section,6,205,,Section 6-205,,unresolved_ambiguous_multiple_nodes
greenwich-connecticut-18417c5e9074d765,greenwich-connecticut-18417c5e9074d765-node-002579,Section,233,"SEC. 6-205. SCHEDULE OF REQUIRED OPEN SPACES, LIMITING HEIGHTS AND BULK OF BUILDINGS.",SEC. 6-205,Section,6,205,,Section 6-205,,unresolved_ambiguous_multiple_nodes
greenwich-connecticut-18417c5e9074d765,greenwich-connecticut-18417c5e9074d765-node-002581,Section,233,§6-205,§6-205,Section,6,205,,Section 6-205,,unresolved_ambiguous_multiple_nodes
greenwich-connecticut-18417c5e9074d765,greenwich-connecticut-18417c5e9074d765-node-002582,Section,234,§6-205,§6-205,Section,6,205,,Section 6-205,,unresolved_ambiguous_multiple_nodes
greenwich-connecticut-18417c5e9074d765,greenwich-connecticut-18417c5e9074d765-node-002597,Section,234,"SEC. 6-205. SCHEDULE OF REQUIRED OPEN SPACES, LIMITING HEIGHTS AND BULK OF BUILDINGS:",SEC. 6-205,Section,6,205,,Section 6-205,,unresolved_ambiguous_multiple_nodes
greenwich-connecticut-18417c5e9074d765,greenwich-connecticut-18417c5e9074d765-node-002598,Section,234,§6-205,§6-205,Section,6,205,,Section 6-205,,unresolved_ambiguous_multiple_nodes
greenwich-connecticut-18417c5e9074d765,greenwich-connecticut-18417c5e9074d765-node-002599,Section,235,§6-205,§6-205,Section,6,205,,Section 6-205,,unresolved_ambiguous_multiple_nodes
greenwich-connecticut-18417c5e9074d765,greenwich-connecticut-18417c5e9074d765-node-002600,Section,235,§6-205,§6-205,Section,6,205,,Section 6-205,,unresolved_ambiguous_multiple_nodes
greenwich-connecticut-18417c5e9074d765,greenwich-connecticut-18417c5e9074d765-node-002603,Section,236,§6-205,§6-205,Section,6,205,,Section 6-205,,unresolved_ambiguous_multiple_nodes
greenwich-connecticut-18417c5e9074d765,greenwich-connecticut-18417c5e9074d765-node-002604,Section,236,§6-205,§6-205,Section,6,205,,Section 6-205,,unresolved_ambiguous_multiple_nodes
greenwich-connecticut-18417c5e9074d765,greenwich-connecticut-18417c5e9074d765-node-002609,Section,237,§6-205,§6-205,Section,6,205,,Section 6-205,,unresolved_ambiguous_multiple_nodes
greenwich-connecticut-18417c5e9074d765,greenwich-connecticut-18417c5e9074d765-node-002610,Section,237,§6-205.1,§6-205,Section,6,205,,Section 6-205,,unresolved_ambiguous_multiple_nodes
greenwich-connecticut-18417c5e9074d765,greenwich-connecticut-18417c5e9074d765-node-002611,Section,237,Sec. 205.1 SCHEDULE OF BUILDING LINES.,Sec. 205.1,Section,205,1,,Section 205-1,greenwich-connecticut-18417c5e9074d765-node-002611,resolved
greenwich-connecticut-18417c5e9074d765,greenwich-connecticut-18417c5e9074d765-node-002612,Section,238,§6-205.1,§6-205,Section,6,205,,Section 6-205,,unresolved_ambiguous_multiple_nodes
greenwich-connecticut-18417c5e9074d765,greenwich-connecticut-18417c5e9074d765-node-002613,Section,238,§6-205.1,§6-205,Section,6,205,,Section 6-205,,unresolved_ambiguous_multiple_nodes
greenwich-connecticut-18417c5e9074d765,greenwich-connecticut-18417c5e9074d765-node-002614,Section,240,section 6-134(d),section 6-134(d),Section,6,134,d,Section 6-134(d),,unresolved_ambiguous_multiple_nodes
greenwich-connecticut-18417c5e9074d765,greenwich-connecticut-18417c5e9074d765-node-002615,Section,240,section 6-134(d),section 6-134(d),Section,6,134,d,Section 6-134(d),,unresolved_ambiguous_multiple_nodes
greenwich-connecticut-18417c5e9074d765,greenwich-connecticut-18417c5e9074d765-node-002616,Section,247,Sec. 6-205,Sec. 6-205,Section,6,205,,Section 6-205,,unresolved_ambiguous_multiple_nodes
greenwich-connecticut-18417c5e9074d765,greenwich-connecticut-18417c5e9074d765-node-002620,Section,271,"Sec. 6-117,",Sec. 6-117,Section,6,117,,Section 6-117,greenwich-connecticut-18417c5e9074d765-node-001741,resolved_longest_heading_candidate
greenwich-connecticut-18417c5e9074d765,greenwich-connecticut-18417c5e9074d765-node-002621,Section,271,Sec. 6-110,Sec. 6-110,Section,6,110,,Section 6-110,,unresolved_ambiguous_multiple_nodes
greenwich-connecticut-18417c5e9074d765,greenwich-connecticut-18417c5e9074d765-node-002622,Section,271,Sec 6-103,Sec 6-103,Section,6,103,,Section 6-103,,unresolved_ambiguous_multiple_nodes
greenwich-connecticut-18417c5e9074d765,greenwich-connecticut-18417c5e9074d765-node-002623,Section,271,Sec. 6-169,Sec. 6-169,Section,6,169,,Section 6-169,greenwich-connecticut-18417c5e9074d765-node-002391,resolved_longest_heading_candidate
greenwich-connecticut-18417c5e9074d765,greenwich-connecticut-18417c5e9074d765-node-002624,Section,271,Section 6-5(a),Section 6-5(a),Section,6,5,a,Section 6-5(a),greenwich-connecticut-18417c5e9074d765-node-000436,resolved_longest_heading_candidate
greenwich-connecticut-18417c5e9074d765,greenwich-connecticut-18417c5e9074d765-node-002625,Section,271,Section 6-,Section 6,Section,6,,,Section 6,,unresolved_ambiguous_multiple_nodes
greenwich-connecticut-18417c5e9074d765,greenwich-connecticut-18417c5e9074d765-node-002626,Section,272,Section 6-194,Section 6-194,Section,6,194,,Section 6-194,greenwich-connecticut-18417c5e9074d765-node-002548,resolved_longest_heading_candidate
greenwich-connecticut-18417c5e9074d765,greenwich-connecticut-18417c5e9074d765-node-002627,Section,272,Section 6-103,Section 6-103,Section,6,103,,Section 6-103,,unresolved_ambiguous_multiple_nodes
greenwich-connecticut-18417c5e9074d765,greenwich-connecticut-18417c5e9074d765-node-002629,Section,272,Section 6-100,Section 6-100,Section,6,100,,Section 6-100,,unresolved_ambiguous_multiple_nodes
greenwich-connecticut-18417c5e9074d765,greenwich-connecticut-18417c5e9074d765-node-002630,Section,272,Section 6-109,Section 6-109,Section,6,109,,Section 6-109,greenwich-connecticut-18417c5e9074d765-node-001341,resolved_longest_heading_candidate
greenwich-connecticut-18417c5e9074d765,greenwich-connecticut-18417c5e9074d765-node-002631,Section,272,Section 6-,Section 6,Section,6,,,Section 6,,unresolved_ambiguous_multiple_nodes
greenwich-connecticut-18417c5e9074d765,greenwich-connecticut-18417c5e9074d765-node-002633,Section,272,Section 6-98,Section 6-98,Section,6,98,,Section 6-98,greenwich-connecticut-18417c5e9074d765-node-002650,resolved_longest_heading_candidate
greenwich-connecticut-18417c5e9074d765,greenwich-connecticut-18417c5e9074d765-node-002634,Section,272,Section 6-17.2 Remove Section 6-17.2,Section 6-17,Section,6,17,,Section 6-17,,unresolved_ambiguous_multiple_nodes
greenwich-connecticut-18417c5e9074d765,greenwich-connecticut-18417c5e9074d765-node-002634,Section,272,Section 6-17.2 Remove Section 6-17.2,Section 6-17,Section,6,17,,Section 6-17,,unresolved_ambiguous_multiple_nodes
greenwich-connecticut-18417c5e9074d765,greenwich-connecticut-18417c5e9074d765-node-002635,Section,272,Section 6-,Section 6,Section,6,,,Section 6,,unresolved_ambiguous_multiple_nodes
greenwich-connecticut-18417c5e9074d765,greenwich-connecticut-18417c5e9074d765-node-002636,Section,272,Section 6-,Section 6,Section,6,,,Section 6,,unresolved_ambiguous_multiple_nodes
greenwich-connecticut-18417c5e9074d765,greenwich-connecticut-18417c5e9074d765-node-002637,Section,272,Section 6-,Section 6,Section,6,,,Section 6,,unresolved_ambiguous_multiple_nodes
greenwich-connecticut-18417c5e9074d765,greenwich-connecticut-18417c5e9074d765-node-002639,Section,272,Section 6-,Section 6,Section,6,,,Section 6,,unresolved_ambiguous_multiple_nodes
greenwich-connecticut-18417c5e9074d765,greenwich-connecticut-18417c5e9074d765-node-002640,Section,272,Section 6-,Section 6,Section,6,,,Section 6,,unresolved_ambiguous_multiple_nodes
greenwich-connecticut-18417c5e9074d765,greenwich-connecticut-18417c5e9074d765-node-002641,Section,272,Section 6-,Section 6,Section,6,,,Section 6,,unresolved_ambiguous_multiple_nodes
greenwich-connecticut-18417c5e9074d765,greenwich-connecticut-18417c5e9074d765-node-002642,Section,272,Section 6-,Section 6,Section,6,,,Section 6,,unresolved_ambiguous_multiple_nodes
greenwich-connecticut-18417c5e9074d765,greenwich-connecticut-18417c5e9074d765-node-002643,Section,272,Section 6-,Section 6,Section,6,,,Section 6,,unresolved_ambiguous_multiple_nodes
greenwich-connecticut-18417c5e9074d765,greenwich-connecticut-18417c5e9074d765-node-002644,Section,272,Section 6-,Section 6,Section,6,,,Section 6,,unresolved_ambiguous_multiple_nodes
greenwich-connecticut-18417c5e9074d765,greenwich-connecticut-18417c5e9074d765-node-002645,Section,272,Section 6-,Section 6,Section,6,,,Section 6,,unresolved_ambiguous_multiple_nodes
greenwich-connecticut-18417c5e9074d765,greenwich-connecticut-18417c5e9074d765-node-002646,Section,272,Section 6-134,Section 6-134,Section,6,134,,Section 6-134,,unresolved_ambiguous_multiple_nodes
greenwich-connecticut-18417c5e9074d765,greenwich-connecticut-18417c5e9074d765-node-002647,Section,272,Section 6-,Section 6,Section,6,,,Section 6,,unresolved_ambiguous_multiple_nodes
greenwich-connecticut-18417c5e9074d765,greenwich-connecticut-18417c5e9074d765-node-002648,Section,272,Section 6-,Section 6,Section,6,,,Section 6,,unresolved_ambiguous_multiple_nodes
greenwich-connecticut-18417c5e9074d765,greenwich-connecticut-18417c5e9074d765-node-002649,Section,273,Section 6-98,Section 6-98,Section,6,98,,Section 6-98,greenwich-connecticut-18417c5e9074d765-node-002650,resolved_longest_heading_candidate
greenwich-connecticut-18417c5e9074d765,greenwich-connecticut-18417c5e9074d765-node-002650,Section,273,Section 6-98.1 Created Section 6-98.1 to define permitted uses in the RMF Zone,Section 6-98,Section,6,98,,Section 6-98,greenwich-connecticut-18417c5e9074d765-node-002650,resolved_longest_heading_candidate
greenwich-connecticut-18417c5e9074d765,greenwich-connecticut-18417c5e9074d765-node-002650,Section,273,Section 6-98.1 Created Section 6-98.1 to define permitted uses in the RMF Zone,Section 6-98,Section,6,98,,Section 6-98,greenwich-connecticut-18417c5e9074d765-node-002650,resolved_longest_heading_candidate
greenwich-connecticut-18417c5e9074d765,greenwich-connecticut-18417c5e9074d765-node-002651,Section,273,Section 6-155,Section 6-155,Section,6,155,,Section 6-155,greenwich-connecticut-18417c5e9074d765-node-002221,resolved_longest_heading_candidate
greenwich-connecticut-18417c5e9074d765,greenwich-connecticut-18417c5e9074d765-node-002652,Section,273,Section 6-155,Section 6-155,Section,6,155,,Section 6-155,greenwich-connecticut-18417c5e9074d765-node-002221,resolved_longest_heading_candidate
greenwich-connecticut-18417c5e9074d765,greenwich-connecticut-18417c5e9074d765-node-002653,Section,273,Section 6-17.2 Add 12-month moratorium for applications under Sec. 6-17.2,Section 6-17,Section,6,17,,Section 6-17,,unresolved_ambiguous_multiple_nodes
greenwich-connecticut-18417c5e9074d765,greenwich-connecticut-18417c5e9074d765-node-002653,Section,273,Section 6-17.2 Add 12-month moratorium for applications under Sec. 6-17.2,Sec. 6-17,Section,6,17,,Section 6-17,,unresolved_ambiguous_multiple_nodes
greenwich-connecticut-18417c5e9074d765,greenwich-connecticut-18417c5e9074d765-node-002654,Section,273,Section 6-,Section 6,Section,6,,,Section 6,,unresolved_ambiguous_multiple_nodes
greenwich-connecticut-18417c5e9074d765,greenwich-connecticut-18417c5e9074d765-node-002655,Section,273,Section 6-127,Section 6-127,Section,6,127,,Section 6-127,greenwich-connecticut-18417c5e9074d765-node-001762,resolved_longest_heading_candidate
greenwich-connecticut-18417c5e9074d765,greenwich-connecticut-18417c5e9074d765-node-002656,Section,273,Section 6-,Section 6,Section,6,,,Section 6,,unresolved_ambiguous_multiple_nodes
greenwich-connecticut-18417c5e9074d765,greenwich-connecticut-18417c5e9074d765-node-002657,Section,273,Section 6-,Section 6,Section,6,,,Section 6,,unresolved_ambiguous_multiple_nodes
greenwich-connecticut-18417c5e9074d765,greenwich-connecticut-18417c5e9074d765-node-002659,Section,273,Section 6-17,Section 6-17,Section,6,17,,Section 6-17,,unresolved_ambiguous_multiple_nodes
greenwich-connecticut-18417c5e9074d765,greenwich-connecticut-18417c5e9074d765-node-002660,Section,273,Section 6-194,Section 6-194,Section,6,194,,Section 6-194,greenwich-connecticut-18417c5e9074d765-node-002548,resolved_longest_heading_candidate
greenwich-connecticut-18417c5e9074d765,greenwich-connecticut-18417c5e9074d765-node-002661,Section,273,Section 6-125,Section 6-125,Section,6,125,,Section 6-125,greenwich-connecticut-18417c5e9074d765-node-001758,resolved_longest_heading_candidate
greenwich-connecticut-18417c5e9074d765,greenwich-connecticut-18417c5e9074d765-node-002665,Section,275,Sec. 6-101.,Sec. 6-101,Section,6,101,,Section 6-101,,unresolved_ambiguous_multiple_nodes
greenwich-connecticut-18417c5e9074d765,greenwich-connecticut-18417c5e9074d765-node-002669,Section,277,"Section 8-3(e) of Title 8 of Chapter 124 of the CGS,",Section 8-3(e),Section,8,3,e,Section 8-3(e),,unresolved_ambiguous_multiple_nodes
greenwich-connecticut-18417c5e9074d765,greenwich-connecticut-18417c5e9074d765-node-002682,Section,293,Sec. 6-102(g); (g) To encourage in appropriate areas mixed,Sec. 6-102(g),Section,6,102,g,Section 6-102(g),,unresolved_ambiguous_multiple_nodes
greenwich-connecticut-18417c5e9074d765,greenwich-connecticut-18417c5e9074d765-node-002684,Section,296,Section 6-17 the Commission may authorize computation of,Section 6-17,Section,6,17,,Section 6-17,,unresolved_ambiguous_multiple_nodes
greenwich-connecticut-18417c5e9074d765,greenwich-connecticut-18417c5e9074d765-node-002685,Section,296,"Section 6-17, shall have the authority to reduce the rear yard",Section 6-17,Section,6,17,,Section 6-17,,unresolved_ambiguous_multiple_nodes
greenwich-connecticut-18417c5e9074d765,greenwich-connecticut-18417c5e9074d765-node-002686,Section,297,Sec. 6-205(a),Sec. 6-205(a),Section,6,205,a,Section 6-205(a),,unresolved_ambiguous_multiple_nodes
greenwich-connecticut-18417c5e9074d765,greenwich-connecticut-18417c5e9074d765-node-002688,Section,298,Section 6-16.1 amended by labeling this as sub-paragraph 6-16.1(c),Section 6-16,Section,6,16,,Section 6-16,,unresolved_ambiguous_multiple_nodes
greenwich-connecticut-18417c5e9074d765,greenwich-connecticut-18417c5e9074d765-node-002689,Section,300,Sec 6-39,Sec 6-39,Section,6,39,,Section 6-39,greenwich-connecticut-18417c5e9074d765-node-000701,resolved_longest_heading_candidate
greenwich-connecticut-18417c5e9074d765,greenwich-connecticut-18417c5e9074d765-node-002690,Section,300,Sec. 6-43.1 Special Permit- Zoning Rights For Congregate Housing.,Sec. 6-43,Section,6,43,,Section 6-43,,unresolved_ambiguous_multiple_nodes
greenwich-connecticut-18417c5e9074d765,greenwich-connecticut-18417c5e9074d765-node-002693,Subsection,305,"(e) Notwithstanding the provisions of Sec. 6-30 (a)(b) and (c),",Sec. 6-30,Section,6,30,,Section 6-30,greenwich-connecticut-18417c5e9074d765-node-000630,resolved_longest_heading_candidate
greenwich-connecticut-18417c5e9074d765,greenwich-connecticut-18417c5e9074d765-node-002695,Subsection,306,(3) All documents required for Site Plan Approval under Sec. 6-14.,Sec. 6-14,Section,6,14,,Section 6-14,,unresolved_ambiguous_multiple_nodes
