town,analysis_unit_id,district_code,district_name,variable_id,framework_label,final_determination,categorical_value,raw_value,normalized_value,source_page,section_or_node_path,source_excerpt,rationale,extraction_method,source_confidence,extraction_confidence,missingness_diagnosis,comparability_status,cross_reference_trail,date_version,score_readiness,score_eligibility_rationale
Bridgeport,DX1__Storefront,DX1,,V2,Minimum lot-width threshold,confirmed,,18.0,18.0,20.0,X.X0.4 BUILDING SITING -- Storefront,,directly transcribed from BUILDING SITING table,targeted_visual_table_recovery,0.9,0.9,confirmed_governing_rule,directly_comparable,,2026-10-01,score_ready,confirmed with a direct or documented-transform comparability status
Bridgeport,DX1__Storefront,DX1,,V4,Site-intensity / ground-plane control,confirmed,,95.0,95.0,20.0,X.X0.4 BUILDING SITING -- Storefront,,directly transcribed; corrects Phase 2's flattened-text attribution where they disagree (see Section 2.1),targeted_visual_table_recovery,0.9,0.9,confirmed_governing_rule,comparable_with_documented_transform,see 14.20.7 for measuring site coverage,2026-10-01,score_ready,confirmed with a direct or documented-transform comparability status
Bridgeport,DX1__Storefront,DX1,,V5,Building-placement control,confirmed,,0.0,,20.0,X.X0.4 BUILDING SITING -- Storefront,,rule format = build_to; build-to is never treated as a conventional setback,targeted_visual_table_recovery,0.9,0.9,confirmed_governing_rule,structurally_non_equivalent,,2026-10-01,score_ready_with_caveat,"confirmed but only comparable via a predeclared ordinal/categorical rubric, not a direct metric"
Bridgeport,DX1__Storefront,DX1,,V5,Building-placement control,confirmed,,0.0,0.0,20.0,X.X0.4 BUILDING SITING -- Storefront,,directly transcribed,targeted_visual_table_recovery,0.9,0.9,confirmed_governing_rule,directly_comparable,,2026-10-01,score_ready,confirmed with a direct or documented-transform comparability status
Bridgeport,DX1__Storefront,DX1,,V5,Building-placement control,confirmed,,15.0,15.0,20.0,X.X0.4 BUILDING SITING -- Storefront,,directly transcribed,targeted_visual_table_recovery,0.9,0.9,confirmed_governing_rule,directly_comparable,,2026-10-01,score_ready,confirmed with a direct or documented-transform comparability status
Bridgeport,DX1__Storefront,DX1,,V5,Building-placement control,structurally_non_equivalent,,,,20.0,X.X0.4 BUILDING SITING -- Storefront,,"front is a build-to zone, not a conventional setback, for this building type -- not summed per explicit non-conflation policy",targeted_visual_table_recovery,0.9,0.9,structurally_non_equivalent_rule_present,structurally_non_equivalent,,2026-10-01,score_ready_with_caveat,"confirmed but only comparable via a predeclared ordinal/categorical rubric, not a direct metric"
Bridgeport,MX1__Storefront,MX1,,V2,Minimum lot-width threshold,not_applicable,no_minimum_lot_width_stated,,,20.0,X.X0.4 BUILDING SITING -- Storefront,,table explicitly shows '-' for this zone/building type,targeted_visual_table_recovery,0.9,0.9,not_applicable_to_analysis_unit,not_applicable,,2026-10-01,not_score_ready_manual_review,unclassified -- defaulting to manual review rather than assuming readiness
Bridgeport,MX1__Storefront,MX1,,V4,Site-intensity / ground-plane control,confirmed,,95.0,95.0,20.0,X.X0.4 BUILDING SITING -- Storefront,,directly transcribed; corrects Phase 2's flattened-text attribution where they disagree (see Section 2.1),targeted_visual_table_recovery,0.9,0.9,confirmed_governing_rule,comparable_with_documented_transform,see 14.20.7 for measuring site coverage,2026-10-01,score_ready,confirmed with a direct or documented-transform comparability status
Bridgeport,MX1__Storefront,MX1,,V5,Building-placement control,confirmed,,0.0,,20.0,X.X0.4 BUILDING SITING -- Storefront,,rule format = build_to; build-to is never treated as a conventional setback,targeted_visual_table_recovery,0.9,0.9,confirmed_governing_rule,structurally_non_equivalent,,2026-10-01,score_ready_with_caveat,"confirmed but only comparable via a predeclared ordinal/categorical rubric, not a direct metric"
Bridgeport,MX1__Storefront,MX1,,V5,Building-placement control,confirmed,,0.0,0.0,20.0,X.X0.4 BUILDING SITING -- Storefront,,directly transcribed,targeted_visual_table_recovery,0.9,0.9,confirmed_governing_rule,directly_comparable,,2026-10-01,score_ready,confirmed with a direct or documented-transform comparability status
Bridgeport,MX1__Storefront,MX1,,V5,Building-placement control,confirmed,,15.0,15.0,20.0,X.X0.4 BUILDING SITING -- Storefront,,directly transcribed,targeted_visual_table_recovery,0.9,0.9,confirmed_governing_rule,directly_comparable,,2026-10-01,score_ready,confirmed with a direct or documented-transform comparability status
Bridgeport,MX1__Storefront,MX1,,V5,Building-placement control,structurally_non_equivalent,,,,20.0,X.X0.4 BUILDING SITING -- Storefront,,"front is a build-to zone, not a conventional setback, for this building type -- not summed per explicit non-conflation policy",targeted_visual_table_recovery,0.9,0.9,structurally_non_equivalent_rule_present,structurally_non_equivalent,,2026-10-01,score_ready_with_caveat,"confirmed but only comparable via a predeclared ordinal/categorical rubric, not a direct metric"
Bridgeport,MX2__Storefront,MX2,,V2,Minimum lot-width threshold,not_applicable,no_minimum_lot_width_stated,,,20.0,X.X0.4 BUILDING SITING -- Storefront,,table explicitly shows '-' for this zone/building type,targeted_visual_table_recovery,0.9,0.9,not_applicable_to_analysis_unit,not_applicable,,2026-10-01,not_score_ready_manual_review,unclassified -- defaulting to manual review rather than assuming readiness
Bridgeport,MX2__Storefront,MX2,,V4,Site-intensity / ground-plane control,confirmed,,95.0,95.0,20.0,X.X0.4 BUILDING SITING -- Storefront,,directly transcribed; corrects Phase 2's flattened-text attribution where they disagree (see Section 2.1),targeted_visual_table_recovery,0.9,0.9,confirmed_governing_rule,comparable_with_documented_transform,see 14.20.7 for measuring site coverage,2026-10-01,score_ready,confirmed with a direct or documented-transform comparability status
Bridgeport,MX2__Storefront,MX2,,V5,Building-placement control,confirmed,,0.0,,20.0,X.X0.4 BUILDING SITING -- Storefront,,rule format = build_to; build-to is never treated as a conventional setback,targeted_visual_table_recovery,0.9,0.9,confirmed_governing_rule,structurally_non_equivalent,,2026-10-01,score_ready_with_caveat,"confirmed but only comparable via a predeclared ordinal/categorical rubric, not a direct metric"
Bridgeport,MX2__Storefront,MX2,,V5,Building-placement control,confirmed,,0.0,0.0,20.0,X.X0.4 BUILDING SITING -- Storefront,,directly transcribed,targeted_visual_table_recovery,0.9,0.9,confirmed_governing_rule,directly_comparable,,2026-10-01,score_ready,confirmed with a direct or documented-transform comparability status
Bridgeport,MX2__Storefront,MX2,,V5,Building-placement control,confirmed,,15.0,15.0,20.0,X.X0.4 BUILDING SITING -- Storefront,,directly transcribed,targeted_visual_table_recovery,0.9,0.9,confirmed_governing_rule,directly_comparable,,2026-10-01,score_ready,confirmed with a direct or documented-transform comparability status
Bridgeport,MX2__Storefront,MX2,,V5,Building-placement control,structurally_non_equivalent,,,,20.0,X.X0.4 BUILDING SITING -- Storefront,,"front is a build-to zone, not a conventional setback, for this building type -- not summed per explicit non-conflation policy",targeted_visual_table_recovery,0.9,0.9,structurally_non_equivalent_rule_present,structurally_non_equivalent,,2026-10-01,score_ready_with_caveat,"confirmed but only comparable via a predeclared ordinal/categorical rubric, not a direct metric"
Bridgeport,MXN__Storefront,MXN,,V2,Minimum lot-width threshold,confirmed,,50.0,50.0,20.0,X.X0.4 BUILDING SITING -- Storefront,,directly transcribed from BUILDING SITING table,targeted_visual_table_recovery,0.9,0.9,confirmed_governing_rule,directly_comparable,,2026-10-01,score_ready,confirmed with a direct or documented-transform comparability status
Bridgeport,MXN__Storefront,MXN,,V4,Site-intensity / ground-plane control,confirmed,,85.0,85.0,20.0,X.X0.4 BUILDING SITING -- Storefront,,directly transcribed; corrects Phase 2's flattened-text attribution where they disagree (see Section 2.1),targeted_visual_table_recovery,0.9,0.9,confirmed_governing_rule,comparable_with_documented_transform,see 14.20.7 for measuring site coverage,2026-10-01,score_ready,confirmed with a direct or documented-transform comparability status
Bridgeport,MXN__Storefront,MXN,,V5,Building-placement control,confirmed,,0.0,,20.0,X.X0.4 BUILDING SITING -- Storefront,,rule format = build_to; build-to is never treated as a conventional setback,targeted_visual_table_recovery,0.9,0.9,confirmed_governing_rule,structurally_non_equivalent,,2026-10-01,score_ready_with_caveat,"confirmed but only comparable via a predeclared ordinal/categorical rubric, not a direct metric"
Bridgeport,MXN__Storefront,MXN,,V5,Building-placement control,confirmed,,0.0,0.0,20.0,X.X0.4 BUILDING SITING -- Storefront,,directly transcribed,targeted_visual_table_recovery,0.9,0.9,confirmed_governing_rule,directly_comparable,,2026-10-01,score_ready,confirmed with a direct or documented-transform comparability status
Bridgeport,MXN__Storefront,MXN,,V5,Building-placement control,confirmed,,20.0,20.0,20.0,X.X0.4 BUILDING SITING -- Storefront,,directly transcribed,targeted_visual_table_recovery,0.9,0.9,confirmed_governing_rule,directly_comparable,,2026-10-01,score_ready,confirmed with a direct or documented-transform comparability status
Bridgeport,MXN__Storefront,MXN,,V5,Building-placement control,structurally_non_equivalent,,,,20.0,X.X0.4 BUILDING SITING -- Storefront,,"front is a build-to zone, not a conventional setback, for this building type -- not summed per explicit non-conflation policy",targeted_visual_table_recovery,0.9,0.9,structurally_non_equivalent_rule_present,structurally_non_equivalent,,2026-10-01,score_ready_with_caveat,"confirmed but only comparable via a predeclared ordinal/categorical rubric, not a direct metric"
Bridgeport,MX2__Commercial Center,MX2,,V2,Minimum lot-width threshold,confirmed,,60.0,60.0,28.0,X.X0.4 BUILDING SITING -- Commercial Center,,directly transcribed from BUILDING SITING table,targeted_visual_table_recovery,0.9,0.9,confirmed_governing_rule,directly_comparable,,2026-10-01,score_ready,confirmed with a direct or documented-transform comparability status
Bridgeport,MX2__Commercial Center,MX2,,V4,Site-intensity / ground-plane control,confirmed,,80.0,80.0,28.0,X.X0.4 BUILDING SITING -- Commercial Center,,directly transcribed; corrects Phase 2's flattened-text attribution where they disagree (see Section 2.1),targeted_visual_table_recovery,0.9,0.9,confirmed_governing_rule,comparable_with_documented_transform,see 14.20.7 for measuring site coverage,2026-10-01,score_ready,confirmed with a direct or documented-transform comparability status
Bridgeport,MX2__Commercial Center,MX2,,V5,Building-placement control,confirmed,,5.0,,28.0,X.X0.4 BUILDING SITING -- Commercial Center,,rule format = build_to; build-to is never treated as a conventional setback,targeted_visual_table_recovery,0.9,0.9,confirmed_governing_rule,structurally_non_equivalent,,2026-10-01,score_ready_with_caveat,"confirmed but only comparable via a predeclared ordinal/categorical rubric, not a direct metric"
Bridgeport,MX2__Commercial Center,MX2,,V5,Building-placement control,confirmed,,5.0,5.0,28.0,X.X0.4 BUILDING SITING -- Commercial Center,,directly transcribed,targeted_visual_table_recovery,0.9,0.9,confirmed_governing_rule,directly_comparable,,2026-10-01,score_ready,confirmed with a direct or documented-transform comparability status
Bridgeport,MX2__Commercial Center,MX2,,V5,Building-placement control,confirmed,,5.0,5.0,28.0,X.X0.4 BUILDING SITING -- Commercial Center,,directly transcribed,targeted_visual_table_recovery,0.9,0.9,confirmed_governing_rule,directly_comparable,,2026-10-01,score_ready,confirmed with a direct or documented-transform comparability status
Bridgeport,MX2__Commercial Center,MX2,,V5,Building-placement control,structurally_non_equivalent,,,,28.0,X.X0.4 BUILDING SITING -- Commercial Center,,"front is a build-to zone, not a conventional setback, for this building type -- not summed per explicit non-conflation policy",targeted_visual_table_recovery,0.9,0.9,structurally_non_equivalent_rule_present,structurally_non_equivalent,,2026-10-01,score_ready_with_caveat,"confirmed but only comparable via a predeclared ordinal/categorical rubric, not a direct metric"
Bridgeport,MX1__Commercial House,MX1,,V2,Minimum lot-width threshold,confirmed,,50.0,50.0,36.0,X.X0.4 BUILDING SITING -- Commercial House,,directly transcribed from BUILDING SITING table,targeted_visual_table_recovery,0.9,0.9,confirmed_governing_rule,directly_comparable,,2026-10-01,score_ready,confirmed with a direct or documented-transform comparability status
Bridgeport,MX1__Commercial House,MX1,,V4,Site-intensity / ground-plane control,confirmed,,80.0,80.0,36.0,X.X0.4 BUILDING SITING -- Commercial House,,directly transcribed; corrects Phase 2's flattened-text attribution where they disagree (see Section 2.1),targeted_visual_table_recovery,0.9,0.9,confirmed_governing_rule,comparable_with_documented_transform,see 14.20.7 for measuring site coverage,2026-10-01,score_ready,confirmed with a direct or documented-transform comparability status
Bridgeport,MX1__Commercial House,MX1,,V5,Building-placement control,confirmed,,15.0,15.0,36.0,X.X0.4 BUILDING SITING -- Commercial House,,rule format = setback; build-to is never treated as a conventional setback,targeted_visual_table_recovery,0.9,0.9,confirmed_governing_rule,directly_comparable,,2026-10-01,score_ready,confirmed with a direct or documented-transform comparability status
Bridgeport,MX1__Commercial House,MX1,,V5,Building-placement control,confirmed,,2.0,2.0,36.0,X.X0.4 BUILDING SITING -- Commercial House,,directly transcribed,targeted_visual_table_recovery,0.9,0.9,confirmed_governing_rule,directly_comparable,,2026-10-01,score_ready,confirmed with a direct or documented-transform comparability status
Bridgeport,MX1__Commercial House,MX1,,V5,Building-placement control,confirmed,,20.0,20.0,36.0,X.X0.4 BUILDING SITING -- Commercial House,,directly transcribed,targeted_visual_table_recovery,0.9,0.9,confirmed_governing_rule,directly_comparable,,2026-10-01,score_ready,confirmed with a direct or documented-transform comparability status
Bridgeport,MX1__Commercial House,MX1,,V5,Building-placement control,confirmed,,37.0,37.0,36.0,X.X0.4 BUILDING SITING -- Commercial House,,"front, side, and rear are all explicitly setbacks (not build-to) for this building type/zone, so the sum is scenario-valid",targeted_visual_table_recovery,0.9,0.9,confirmed_governing_rule,directly_comparable,,2026-10-01,score_ready,confirmed with a direct or documented-transform comparability status
Bridgeport,MXN__Commercial House,MXN,,V2,Minimum lot-width threshold,confirmed,,50.0,50.0,36.0,X.X0.4 BUILDING SITING -- Commercial House,,directly transcribed from BUILDING SITING table,targeted_visual_table_recovery,0.9,0.9,confirmed_governing_rule,directly_comparable,,2026-10-01,score_ready,confirmed with a direct or documented-transform comparability status
Bridgeport,MXN__Commercial House,MXN,,V4,Site-intensity / ground-plane control,confirmed,,80.0,80.0,36.0,X.X0.4 BUILDING SITING -- Commercial House,,directly transcribed; corrects Phase 2's flattened-text attribution where they disagree (see Section 2.1),targeted_visual_table_recovery,0.9,0.9,confirmed_governing_rule,comparable_with_documented_transform,see 14.20.7 for measuring site coverage,2026-10-01,score_ready,confirmed with a direct or documented-transform comparability status
Bridgeport,MXN__Commercial House,MXN,,V5,Building-placement control,confirmed,,15.0,15.0,36.0,X.X0.4 BUILDING SITING -- Commercial House,,rule format = setback; build-to is never treated as a conventional setback,targeted_visual_table_recovery,0.9,0.9,confirmed_governing_rule,directly_comparable,,2026-10-01,score_ready,confirmed with a direct or documented-transform comparability status
Bridgeport,MXN__Commercial House,MXN,,V5,Building-placement control,confirmed,,2.0,2.0,36.0,X.X0.4 BUILDING SITING -- Commercial House,,directly transcribed,targeted_visual_table_recovery,0.9,0.9,confirmed_governing_rule,directly_comparable,,2026-10-01,score_ready,confirmed with a direct or documented-transform comparability status
Bridgeport,MXN__Commercial House,MXN,,V5,Building-placement control,confirmed,,20.0,20.0,36.0,X.X0.4 BUILDING SITING -- Commercial House,,directly transcribed,targeted_visual_table_recovery,0.9,0.9,confirmed_governing_rule,directly_comparable,,2026-10-01,score_ready,confirmed with a direct or documented-transform comparability status
Bridgeport,MXN__Commercial House,MXN,,V5,Building-placement control,confirmed,,37.0,37.0,36.0,X.X0.4 BUILDING SITING -- Commercial House,,"front, side, and rear are all explicitly setbacks (not build-to) for this building type/zone, so the sum is scenario-valid",targeted_visual_table_recovery,0.9,0.9,confirmed_governing_rule,directly_comparable,,2026-10-01,score_ready,confirmed with a direct or documented-transform comparability status
Bridgeport,MX2__Commercial House,MX2,,V2,Minimum lot-width threshold,confirmed,,50.0,50.0,36.0,X.X0.4 BUILDING SITING -- Commercial House,,directly transcribed from BUILDING SITING table,targeted_visual_table_recovery,0.9,0.9,confirmed_governing_rule,directly_comparable,,2026-10-01,score_ready,confirmed with a direct or documented-transform comparability status
Bridgeport,MX2__Commercial House,MX2,,V4,Site-intensity / ground-plane control,confirmed,,80.0,80.0,36.0,X.X0.4 BUILDING SITING -- Commercial House,,directly transcribed; corrects Phase 2's flattened-text attribution where they disagree (see Section 2.1),targeted_visual_table_recovery,0.9,0.9,confirmed_governing_rule,comparable_with_documented_transform,see 14.20.7 for measuring site coverage,2026-10-01,score_ready,confirmed with a direct or documented-transform comparability status
Bridgeport,MX2__Commercial House,MX2,,V5,Building-placement control,confirmed,,15.0,15.0,36.0,X.X0.4 BUILDING SITING -- Commercial House,,rule format = setback; build-to is never treated as a conventional setback,targeted_visual_table_recovery,0.9,0.9,confirmed_governing_rule,directly_comparable,,2026-10-01,score_ready,confirmed with a direct or documented-transform comparability status
Bridgeport,MX2__Commercial House,MX2,,V5,Building-placement control,confirmed,,2.0,2.0,36.0,X.X0.4 BUILDING SITING -- Commercial House,,directly transcribed,targeted_visual_table_recovery,0.9,0.9,confirmed_governing_rule,directly_comparable,,2026-10-01,score_ready,confirmed with a direct or documented-transform comparability status
Bridgeport,MX2__Commercial House,MX2,,V5,Building-placement control,confirmed,,20.0,20.0,36.0,X.X0.4 BUILDING SITING -- Commercial House,,directly transcribed,targeted_visual_table_recovery,0.9,0.9,confirmed_governing_rule,directly_comparable,,2026-10-01,score_ready,confirmed with a direct or documented-transform comparability status
Bridgeport,MX2__Commercial House,MX2,,V5,Building-placement control,confirmed,,37.0,37.0,36.0,X.X0.4 BUILDING SITING -- Commercial House,,"front, side, and rear are all explicitly setbacks (not build-to) for this building type/zone, so the sum is scenario-valid",targeted_visual_table_recovery,0.9,0.9,confirmed_governing_rule,directly_comparable,,2026-10-01,score_ready,confirmed with a direct or documented-transform comparability status
Bridgeport,RX1__Commercial House,RX1,,V2,Minimum lot-width threshold,confirmed,,45.0,45.0,36.0,X.X0.4 BUILDING SITING -- Commercial House,,directly transcribed from BUILDING SITING table,targeted_visual_table_recovery,0.9,0.9,confirmed_governing_rule,directly_comparable,,2026-10-01,score_ready,confirmed with a direct or documented-transform comparability status
Bridgeport,RX1__Commercial House,RX1,,V4,Site-intensity / ground-plane control,confirmed,,80.0,80.0,36.0,X.X0.4 BUILDING SITING -- Commercial House,,directly transcribed; corrects Phase 2's flattened-text attribution where they disagree (see Section 2.1),targeted_visual_table_recovery,0.9,0.9,confirmed_governing_rule,comparable_with_documented_transform,see 14.20.7 for measuring site coverage,2026-10-01,score_ready,confirmed with a direct or documented-transform comparability status
Bridgeport,RX1__Commercial House,RX1,,V5,Building-placement control,confirmed,,10.0,10.0,36.0,X.X0.4 BUILDING SITING -- Commercial House,,rule format = setback; build-to is never treated as a conventional setback,targeted_visual_table_recovery,0.9,0.9,confirmed_governing_rule,directly_comparable,,2026-10-01,score_ready,confirmed with a direct or documented-transform comparability status
Bridgeport,RX1__Commercial House,RX1,,V5,Building-placement control,confirmed,,2.0,2.0,36.0,X.X0.4 BUILDING SITING -- Commercial House,,directly transcribed,targeted_visual_table_recovery,0.9,0.9,confirmed_governing_rule,directly_comparable,,2026-10-01,score_ready,confirmed with a direct or documented-transform comparability status
Bridgeport,RX1__Commercial House,RX1,,V5,Building-placement control,confirmed,,15.0,15.0,36.0,X.X0.4 BUILDING SITING -- Commercial House,,directly transcribed,targeted_visual_table_recovery,0.9,0.9,confirmed_governing_rule,directly_comparable,,2026-10-01,score_ready,confirmed with a direct or documented-transform comparability status
Bridgeport,RX1__Commercial House,RX1,,V5,Building-placement control,confirmed,,27.0,27.0,36.0,X.X0.4 BUILDING SITING -- Commercial House,,"front, side, and rear are all explicitly setbacks (not build-to) for this building type/zone, so the sum is scenario-valid",targeted_visual_table_recovery,0.9,0.9,confirmed_governing_rule,directly_comparable,,2026-10-01,score_ready,confirmed with a direct or documented-transform comparability status
Bridgeport,RX2__Commercial House,RX2,,V2,Minimum lot-width threshold,confirmed,,45.0,45.0,36.0,X.X0.4 BUILDING SITING -- Commercial House,,directly transcribed from BUILDING SITING table,targeted_visual_table_recovery,0.9,0.9,confirmed_governing_rule,directly_comparable,,2026-10-01,score_ready,confirmed with a direct or documented-transform comparability status
Bridgeport,RX2__Commercial House,RX2,,V4,Site-intensity / ground-plane control,confirmed,,80.0,80.0,36.0,X.X0.4 BUILDING SITING -- Commercial House,,directly transcribed; corrects Phase 2's flattened-text attribution where they disagree (see Section 2.1),targeted_visual_table_recovery,0.9,0.9,confirmed_governing_rule,comparable_with_documented_transform,see 14.20.7 for measuring site coverage,2026-10-01,score_ready,confirmed with a direct or documented-transform comparability status
Bridgeport,RX2__Commercial House,RX2,,V5,Building-placement control,confirmed,,10.0,10.0,36.0,X.X0.4 BUILDING SITING -- Commercial House,,rule format = setback; build-to is never treated as a conventional setback,targeted_visual_table_recovery,0.9,0.9,confirmed_governing_rule,directly_comparable,,2026-10-01,score_ready,confirmed with a direct or documented-transform comparability status
Bridgeport,RX2__Commercial House,RX2,,V5,Building-placement control,confirmed,,2.0,2.0,36.0,X.X0.4 BUILDING SITING -- Commercial House,,directly transcribed,targeted_visual_table_recovery,0.9,0.9,confirmed_governing_rule,directly_comparable,,2026-10-01,score_ready,confirmed with a direct or documented-transform comparability status
Bridgeport,RX2__Commercial House,RX2,,V5,Building-placement control,confirmed,,15.0,15.0,36.0,X.X0.4 BUILDING SITING -- Commercial House,,directly transcribed,targeted_visual_table_recovery,0.9,0.9,confirmed_governing_rule,directly_comparable,,2026-10-01,score_ready,confirmed with a direct or documented-transform comparability status
Bridgeport,RX2__Commercial House,RX2,,V5,Building-placement control,confirmed,,27.0,27.0,36.0,X.X0.4 BUILDING SITING -- Commercial House,,"front, side, and rear are all explicitly setbacks (not build-to) for this building type/zone, so the sum is scenario-valid",targeted_visual_table_recovery,0.9,0.9,confirmed_governing_rule,directly_comparable,,2026-10-01,score_ready,confirmed with a direct or documented-transform comparability status
Bridgeport,DX2__General,DX2,,V2,Minimum lot-width threshold,not_applicable,no_minimum_lot_width_stated,,,44.0,X.X0.4 BUILDING SITING -- General,,table explicitly shows '-' for this zone/building type,targeted_visual_table_recovery,0.9,0.9,not_applicable_to_analysis_unit,not_applicable,,2026-10-01,not_score_ready_manual_review,unclassified -- defaulting to manual review rather than assuming readiness
Bridgeport,DX2__General,DX2,,V4,Site-intensity / ground-plane control,confirmed,,95.0,95.0,44.0,X.X0.4 BUILDING SITING -- General,,directly transcribed; corrects Phase 2's flattened-text attribution where they disagree (see Section 2.1),targeted_visual_table_recovery,0.9,0.9,confirmed_governing_rule,comparable_with_documented_transform,see 14.20.7 for measuring site coverage,2026-10-01,score_ready,confirmed with a direct or documented-transform comparability status
Bridgeport,DX2__General,DX2,,V5,Building-placement control,confirmed,,0.0,,44.0,X.X0.4 BUILDING SITING -- General,,rule format = build_to; build-to is never treated as a conventional setback,targeted_visual_table_recovery,0.9,0.9,confirmed_governing_rule,structurally_non_equivalent,,2026-10-01,score_ready_with_caveat,"confirmed but only comparable via a predeclared ordinal/categorical rubric, not a direct metric"
Bridgeport,DX2__General,DX2,,V5,Building-placement control,confirmed,,3.0,3.0,44.0,X.X0.4 BUILDING SITING -- General,,directly transcribed,targeted_visual_table_recovery,0.9,0.9,confirmed_governing_rule,directly_comparable,,2026-10-01,score_ready,confirmed with a direct or documented-transform comparability status
Bridgeport,DX2__General,DX2,,V5,Building-placement control,confirmed,,20.0,20.0,44.0,X.X0.4 BUILDING SITING -- General,,directly transcribed,targeted_visual_table_recovery,0.9,0.9,confirmed_governing_rule,directly_comparable,,2026-10-01,score_ready,confirmed with a direct or documented-transform comparability status
Bridgeport,DX2__General,DX2,,V5,Building-placement control,structurally_non_equivalent,,,,44.0,X.X0.4 BUILDING SITING -- General,,"front is a build-to zone, not a conventional setback, for this building type -- not summed per explicit non-conflation policy",targeted_visual_table_recovery,0.9,0.9,structurally_non_equivalent_rule_present,structurally_non_equivalent,,2026-10-01,score_ready_with_caveat,"confirmed but only comparable via a predeclared ordinal/categorical rubric, not a direct metric"
Bridgeport,RX2__General,RX2,,V2,Minimum lot-width threshold,not_applicable,no_minimum_lot_width_stated,,,44.0,X.X0.4 BUILDING SITING -- General,,table explicitly shows '-' for this zone/building type,targeted_visual_table_recovery,0.9,0.9,not_applicable_to_analysis_unit,not_applicable,,2026-10-01,not_score_ready_manual_review,unclassified -- defaulting to manual review rather than assuming readiness
Bridgeport,RX2__General,RX2,,V4,Site-intensity / ground-plane control,confirmed,,85.0,85.0,44.0,X.X0.4 BUILDING SITING -- General,,directly transcribed; corrects Phase 2's flattened-text attribution where they disagree (see Section 2.1),targeted_visual_table_recovery,0.9,0.9,confirmed_governing_rule,comparable_with_documented_transform,see 14.20.7 for measuring site coverage,2026-10-01,score_ready,confirmed with a direct or documented-transform comparability status
Bridgeport,RX2__General,RX2,,V5,Building-placement control,confirmed,,0.0,,44.0,X.X0.4 BUILDING SITING -- General,,rule format = build_to; build-to is never treated as a conventional setback,targeted_visual_table_recovery,0.9,0.9,confirmed_governing_rule,structurally_non_equivalent,,2026-10-01,score_ready_with_caveat,"confirmed but only comparable via a predeclared ordinal/categorical rubric, not a direct metric"
Bridgeport,RX2__General,RX2,,V5,Building-placement control,confirmed,,3.0,3.0,44.0,X.X0.4 BUILDING SITING -- General,,directly transcribed,targeted_visual_table_recovery,0.9,0.9,confirmed_governing_rule,directly_comparable,,2026-10-01,score_ready,confirmed with a direct or documented-transform comparability status
Bridgeport,RX2__General,RX2,,V5,Building-placement control,confirmed,,20.0,20.0,44.0,X.X0.4 BUILDING SITING -- General,,directly transcribed,targeted_visual_table_recovery,0.9,0.9,confirmed_governing_rule,directly_comparable,,2026-10-01,score_ready,confirmed with a direct or documented-transform comparability status
Bridgeport,RX2__General,RX2,,V5,Building-placement control,structurally_non_equivalent,,,,44.0,X.X0.4 BUILDING SITING -- General,,"front is a build-to zone, not a conventional setback, for this building type -- not summed per explicit non-conflation policy",targeted_visual_table_recovery,0.9,0.9,structurally_non_equivalent_rule_present,structurally_non_equivalent,,2026-10-01,score_ready_with_caveat,"confirmed but only comparable via a predeclared ordinal/categorical rubric, not a direct metric"
Bridgeport,P2__General,P2,,V2,Minimum lot-width threshold,not_applicable,no_minimum_lot_width_stated,,,44.0,X.X0.4 BUILDING SITING -- General,,table explicitly shows '-' for this zone/building type,targeted_visual_table_recovery,0.9,0.9,not_applicable_to_analysis_unit,not_applicable,,2026-10-01,not_score_ready_manual_review,unclassified -- defaulting to manual review rather than assuming readiness
Bridgeport,P2__General,P2,,V4,Site-intensity / ground-plane control,confirmed,,85.0,85.0,44.0,X.X0.4 BUILDING SITING -- General,,directly transcribed; corrects Phase 2's flattened-text attribution where they disagree (see Section 2.1),targeted_visual_table_recovery,0.9,0.9,confirmed_governing_rule,comparable_with_documented_transform,see 14.20.7 for measuring site coverage,2026-10-01,score_ready,confirmed with a direct or documented-transform comparability status
Bridgeport,P2__General,P2,,V5,Building-placement control,confirmed,,0.0,,44.0,X.X0.4 BUILDING SITING -- General,,rule format = build_to; build-to is never treated as a conventional setback,targeted_visual_table_recovery,0.9,0.9,confirmed_governing_rule,structurally_non_equivalent,,2026-10-01,score_ready_with_caveat,"confirmed but only comparable via a predeclared ordinal/categorical rubric, not a direct metric"
Bridgeport,P2__General,P2,,V5,Building-placement control,confirmed,,3.0,3.0,44.0,X.X0.4 BUILDING SITING -- General,,directly transcribed,targeted_visual_table_recovery,0.9,0.9,confirmed_governing_rule,directly_comparable,,2026-10-01,score_ready,confirmed with a direct or documented-transform comparability status
Bridgeport,P2__General,P2,,V5,Building-placement control,confirmed,,20.0,20.0,44.0,X.X0.4 BUILDING SITING -- General,,directly transcribed,targeted_visual_table_recovery,0.9,0.9,confirmed_governing_rule,directly_comparable,,2026-10-01,score_ready,confirmed with a direct or documented-transform comparability status
Bridgeport,P2__General,P2,,V5,Building-placement control,structurally_non_equivalent,,,,44.0,X.X0.4 BUILDING SITING -- General,,"front is a build-to zone, not a conventional setback, for this building type -- not summed per explicit non-conflation policy",targeted_visual_table_recovery,0.9,0.9,structurally_non_equivalent_rule_present,structurally_non_equivalent,,2026-10-01,score_ready_with_caveat,"confirmed but only comparable via a predeclared ordinal/categorical rubric, not a direct metric"
Bridgeport,IX__General,IX,,V2,Minimum lot-width threshold,not_applicable,no_minimum_lot_width_stated,,,44.0,X.X0.4 BUILDING SITING -- General,,table explicitly shows '-' for this zone/building type,targeted_visual_table_recovery,0.9,0.9,not_applicable_to_analysis_unit,not_applicable,,2026-10-01,not_score_ready_manual_review,unclassified -- defaulting to manual review rather than assuming readiness
Bridgeport,IX__General,IX,,V4,Site-intensity / ground-plane control,confirmed,,85.0,85.0,44.0,X.X0.4 BUILDING SITING -- General,,directly transcribed; corrects Phase 2's flattened-text attribution where they disagree (see Section 2.1),targeted_visual_table_recovery,0.9,0.9,confirmed_governing_rule,comparable_with_documented_transform,see 14.20.7 for measuring site coverage,2026-10-01,score_ready,confirmed with a direct or documented-transform comparability status
Bridgeport,IX__General,IX,,V5,Building-placement control,confirmed,,0.0,,44.0,X.X0.4 BUILDING SITING -- General,,rule format = build_to; build-to is never treated as a conventional setback,targeted_visual_table_recovery,0.9,0.9,confirmed_governing_rule,structurally_non_equivalent,,2026-10-01,score_ready_with_caveat,"confirmed but only comparable via a predeclared ordinal/categorical rubric, not a direct metric"
Bridgeport,IX__General,IX,,V5,Building-placement control,confirmed,,3.0,3.0,44.0,X.X0.4 BUILDING SITING -- General,,directly transcribed,targeted_visual_table_recovery,0.9,0.9,confirmed_governing_rule,directly_comparable,,2026-10-01,score_ready,confirmed with a direct or documented-transform comparability status
Bridgeport,IX__General,IX,,V5,Building-placement control,confirmed,,20.0,20.0,44.0,X.X0.4 BUILDING SITING -- General,,directly transcribed,targeted_visual_table_recovery,0.9,0.9,confirmed_governing_rule,directly_comparable,,2026-10-01,score_ready,confirmed with a direct or documented-transform comparability status
Bridgeport,IX__General,IX,,V5,Building-placement control,structurally_non_equivalent,,,,44.0,X.X0.4 BUILDING SITING -- General,,"front is a build-to zone, not a conventional setback, for this building type -- not summed per explicit non-conflation policy",targeted_visual_table_recovery,0.9,0.9,structurally_non_equivalent_rule_present,structurally_non_equivalent,,2026-10-01,score_ready_with_caveat,"confirmed but only comparable via a predeclared ordinal/categorical rubric, not a direct metric"
Bridgeport,NX4__General,NX4,,V2,Minimum lot-width threshold,not_applicable,no_minimum_lot_width_stated,,,44.0,X.X0.4 BUILDING SITING -- General,,table explicitly shows '-' for this zone/building type,targeted_visual_table_recovery,0.9,0.9,not_applicable_to_analysis_unit,not_applicable,,2026-10-01,not_score_ready_manual_review,unclassified -- defaulting to manual review rather than assuming readiness
Bridgeport,NX4__General,NX4,,V4,Site-intensity / ground-plane control,confirmed,,85.0,85.0,44.0,X.X0.4 BUILDING SITING -- General,,directly transcribed; corrects Phase 2's flattened-text attribution where they disagree (see Section 2.1),targeted_visual_table_recovery,0.9,0.9,confirmed_governing_rule,comparable_with_documented_transform,see 14.20.7 for measuring site coverage,2026-10-01,score_ready,confirmed with a direct or documented-transform comparability status
Bridgeport,NX4__General,NX4,,V5,Building-placement control,confirmed,,0.0,,44.0,X.X0.4 BUILDING SITING -- General,,rule format = build_to; build-to is never treated as a conventional setback,targeted_visual_table_recovery,0.9,0.9,confirmed_governing_rule,structurally_non_equivalent,,2026-10-01,score_ready_with_caveat,"confirmed but only comparable via a predeclared ordinal/categorical rubric, not a direct metric"
Bridgeport,NX4__General,NX4,,V5,Building-placement control,confirmed,,3.0,3.0,44.0,X.X0.4 BUILDING SITING -- General,,directly transcribed,targeted_visual_table_recovery,0.9,0.9,confirmed_governing_rule,directly_comparable,,2026-10-01,score_ready,confirmed with a direct or documented-transform comparability status
Bridgeport,NX4__General,NX4,,V5,Building-placement control,confirmed,,20.0,20.0,44.0,X.X0.4 BUILDING SITING -- General,,directly transcribed,targeted_visual_table_recovery,0.9,0.9,confirmed_governing_rule,directly_comparable,,2026-10-01,score_ready,confirmed with a direct or documented-transform comparability status
Bridgeport,NX4__General,NX4,,V5,Building-placement control,structurally_non_equivalent,,,,44.0,X.X0.4 BUILDING SITING -- General,,"front is a build-to zone, not a conventional setback, for this building type -- not summed per explicit non-conflation policy",targeted_visual_table_recovery,0.9,0.9,structurally_non_equivalent_rule_present,structurally_non_equivalent,,2026-10-01,score_ready_with_caveat,"confirmed but only comparable via a predeclared ordinal/categorical rubric, not a direct metric"
Bridgeport,NX3__General,NX3,,V2,Minimum lot-width threshold,not_applicable,no_minimum_lot_width_stated,,,44.0,X.X0.4 BUILDING SITING -- General,,table explicitly shows '-' for this zone/building type,targeted_visual_table_recovery,0.9,0.9,not_applicable_to_analysis_unit,not_applicable,,2026-10-01,not_score_ready_manual_review,unclassified -- defaulting to manual review rather than assuming readiness
Bridgeport,NX3__General,NX3,,V4,Site-intensity / ground-plane control,confirmed,,80.0,80.0,44.0,X.X0.4 BUILDING SITING -- General,,directly transcribed; corrects Phase 2's flattened-text attribution where they disagree (see Section 2.1),targeted_visual_table_recovery,0.9,0.9,confirmed_governing_rule,comparable_with_documented_transform,see 14.20.7 for measuring site coverage,2026-10-01,score_ready,confirmed with a direct or documented-transform comparability status
Bridgeport,NX3__General,NX3,,V5,Building-placement control,confirmed,,8.0,,44.0,X.X0.4 BUILDING SITING -- General,,rule format = build_to; build-to is never treated as a conventional setback,targeted_visual_table_recovery,0.9,0.9,confirmed_governing_rule,structurally_non_equivalent,,2026-10-01,score_ready_with_caveat,"confirmed but only comparable via a predeclared ordinal/categorical rubric, not a direct metric"
Bridgeport,NX3__General,NX3,,V5,Building-placement control,confirmed,,2.0,2.0,44.0,X.X0.4 BUILDING SITING -- General,,directly transcribed,targeted_visual_table_recovery,0.9,0.9,confirmed_governing_rule,directly_comparable,,2026-10-01,score_ready,confirmed with a direct or documented-transform comparability status
Bridgeport,NX3__General,NX3,,V5,Building-placement control,confirmed,,20.0,20.0,44.0,X.X0.4 BUILDING SITING -- General,,directly transcribed,targeted_visual_table_recovery,0.9,0.9,confirmed_governing_rule,directly_comparable,,2026-10-01,score_ready,confirmed with a direct or documented-transform comparability status
Bridgeport,NX3__General,NX3,,V5,Building-placement control,structurally_non_equivalent,,,,44.0,X.X0.4 BUILDING SITING -- General,,"front is a build-to zone, not a conventional setback, for this building type -- not summed per explicit non-conflation policy",targeted_visual_table_recovery,0.9,0.9,structurally_non_equivalent_rule_present,structurally_non_equivalent,,2026-10-01,score_ready_with_caveat,"confirmed but only comparable via a predeclared ordinal/categorical rubric, not a direct metric"
Bridgeport,CX__General,CX,,V2,Minimum lot-width threshold,not_applicable,no_minimum_lot_width_stated,,,44.0,X.X0.4 BUILDING SITING -- General,,table explicitly shows '-' for this zone/building type,targeted_visual_table_recovery,0.9,0.9,not_applicable_to_analysis_unit,not_applicable,,2026-10-01,not_score_ready_manual_review,unclassified -- defaulting to manual review rather than assuming readiness
Bridgeport,CX__General,CX,,V4,Site-intensity / ground-plane control,confirmed,,85.0,85.0,44.0,X.X0.4 BUILDING SITING -- General,,directly transcribed; corrects Phase 2's flattened-text attribution where they disagree (see Section 2.1),targeted_visual_table_recovery,0.9,0.9,confirmed_governing_rule,comparable_with_documented_transform,see 14.20.7 for measuring site coverage,2026-10-01,score_ready,confirmed with a direct or documented-transform comparability status
Bridgeport,CX__General,CX,,V5,Building-placement control,confirmed,,15.0,,44.0,X.X0.4 BUILDING SITING -- General,,rule format = build_to; build-to is never treated as a conventional setback,targeted_visual_table_recovery,0.9,0.9,confirmed_governing_rule,structurally_non_equivalent,,2026-10-01,score_ready_with_caveat,"confirmed but only comparable via a predeclared ordinal/categorical rubric, not a direct metric"
Bridgeport,CX__General,CX,,V5,Building-placement control,confirmed,,3.0,3.0,44.0,X.X0.4 BUILDING SITING -- General,,directly transcribed,targeted_visual_table_recovery,0.9,0.9,confirmed_governing_rule,directly_comparable,,2026-10-01,score_ready,confirmed with a direct or documented-transform comparability status
Bridgeport,CX__General,CX,,V5,Building-placement control,confirmed,,20.0,20.0,44.0,X.X0.4 BUILDING SITING -- General,,directly transcribed,targeted_visual_table_recovery,0.9,0.9,confirmed_governing_rule,directly_comparable,,2026-10-01,score_ready,confirmed with a direct or documented-transform comparability status
Bridgeport,CX__General,CX,,V5,Building-placement control,structurally_non_equivalent,,,,44.0,X.X0.4 BUILDING SITING -- General,,"front is a build-to zone, not a conventional setback, for this building type -- not summed per explicit non-conflation policy",targeted_visual_table_recovery,0.9,0.9,structurally_non_equivalent_rule_present,structurally_non_equivalent,,2026-10-01,score_ready_with_caveat,"confirmed but only comparable via a predeclared ordinal/categorical rubric, not a direct metric"
Bridgeport,I__General,I,,V2,Minimum lot-width threshold,not_applicable,no_minimum_lot_width_stated,,,44.0,X.X0.4 BUILDING SITING -- General,,table explicitly shows '-' for this zone/building type,targeted_visual_table_recovery,0.9,0.9,not_applicable_to_analysis_unit,not_applicable,,2026-10-01,not_score_ready_manual_review,unclassified -- defaulting to manual review rather than assuming readiness
Bridgeport,I__General,I,,V4,Site-intensity / ground-plane control,confirmed,,85.0,85.0,44.0,X.X0.4 BUILDING SITING -- General,,directly transcribed; corrects Phase 2's flattened-text attribution where they disagree (see Section 2.1),targeted_visual_table_recovery,0.9,0.9,confirmed_governing_rule,comparable_with_documented_transform,see 14.20.7 for measuring site coverage,2026-10-01,score_ready,confirmed with a direct or documented-transform comparability status
Bridgeport,I__General,I,,V5,Building-placement control,confirmed,,15.0,,44.0,X.X0.4 BUILDING SITING -- General,,rule format = build_to; build-to is never treated as a conventional setback,targeted_visual_table_recovery,0.9,0.9,confirmed_governing_rule,structurally_non_equivalent,,2026-10-01,score_ready_with_caveat,"confirmed but only comparable via a predeclared ordinal/categorical rubric, not a direct metric"
Bridgeport,I__General,I,,V5,Building-placement control,confirmed,,3.0,3.0,44.0,X.X0.4 BUILDING SITING -- General,,directly transcribed,targeted_visual_table_recovery,0.9,0.9,confirmed_governing_rule,directly_comparable,,2026-10-01,score_ready,confirmed with a direct or documented-transform comparability status
Bridgeport,I__General,I,,V5,Building-placement control,confirmed,,20.0,20.0,44.0,X.X0.4 BUILDING SITING -- General,,directly transcribed,targeted_visual_table_recovery,0.9,0.9,confirmed_governing_rule,directly_comparable,,2026-10-01,score_ready,confirmed with a direct or documented-transform comparability status
Bridgeport,I__General,I,,V5,Building-placement control,structurally_non_equivalent,,,,44.0,X.X0.4 BUILDING SITING -- General,,"front is a build-to zone, not a conventional setback, for this building type -- not summed per explicit non-conflation policy",targeted_visual_table_recovery,0.9,0.9,structurally_non_equivalent_rule_present,structurally_non_equivalent,,2026-10-01,score_ready_with_caveat,"confirmed but only comparable via a predeclared ordinal/categorical rubric, not a direct metric"
Bridgeport,NX2__Small General,NX2,,V2,Minimum lot-width threshold,confirmed,,50.0,50.0,52.0,X.X0.4 BUILDING SITING -- Small General,,directly transcribed from BUILDING SITING table,targeted_visual_table_recovery,0.9,0.9,confirmed_governing_rule,directly_comparable,,2026-10-01,score_ready,confirmed with a direct or documented-transform comparability status
Bridgeport,NX2__Small General,NX2,,V4,Site-intensity / ground-plane control,confirmed,,80.0,80.0,52.0,X.X0.4 BUILDING SITING -- Small General,,directly transcribed; corrects Phase 2's flattened-text attribution where they disagree (see Section 2.1),targeted_visual_table_recovery,0.9,0.9,confirmed_governing_rule,comparable_with_documented_transform,see 14.20.7 for measuring site coverage,2026-10-01,score_ready,confirmed with a direct or documented-transform comparability status
Bridgeport,NX2__Small General,NX2,,V5,Building-placement control,confirmed,,14.0,,52.0,X.X0.4 BUILDING SITING -- Small General,,rule format = build_to; build-to is never treated as a conventional setback,targeted_visual_table_recovery,0.9,0.9,confirmed_governing_rule,structurally_non_equivalent,,2026-10-01,score_ready_with_caveat,"confirmed but only comparable via a predeclared ordinal/categorical rubric, not a direct metric"
Bridgeport,NX2__Small General,NX2,,V5,Building-placement control,confirmed,,2.0,2.0,52.0,X.X0.4 BUILDING SITING -- Small General,,directly transcribed,targeted_visual_table_recovery,0.9,0.9,confirmed_governing_rule,directly_comparable,,2026-10-01,score_ready,confirmed with a direct or documented-transform comparability status
Bridgeport,NX2__Small General,NX2,,V5,Building-placement control,confirmed,,20.0,20.0,52.0,X.X0.4 BUILDING SITING -- Small General,,directly transcribed,targeted_visual_table_recovery,0.9,0.9,confirmed_governing_rule,directly_comparable,,2026-10-01,score_ready,confirmed with a direct or documented-transform comparability status
Bridgeport,NX2__Small General,NX2,,V5,Building-placement control,structurally_non_equivalent,,,,52.0,X.X0.4 BUILDING SITING -- Small General,,"front is a build-to zone, not a conventional setback, for this building type -- not summed per explicit non-conflation policy",targeted_visual_table_recovery,0.9,0.9,structurally_non_equivalent_rule_present,structurally_non_equivalent,,2026-10-01,score_ready_with_caveat,"confirmed but only comparable via a predeclared ordinal/categorical rubric, not a direct metric"
Bridgeport,RX1__Small General,RX1,,V2,Minimum lot-width threshold,not_applicable,no_minimum_lot_width_stated,,,52.0,X.X0.4 BUILDING SITING -- Small General,,table explicitly shows '-' for this zone/building type,targeted_visual_table_recovery,0.9,0.9,not_applicable_to_analysis_unit,not_applicable,,2026-10-01,not_score_ready_manual_review,unclassified -- defaulting to manual review rather than assuming readiness
Bridgeport,RX1__Small General,RX1,,V4,Site-intensity / ground-plane control,confirmed,,85.0,85.0,52.0,X.X0.4 BUILDING SITING -- Small General,,directly transcribed; corrects Phase 2's flattened-text attribution where they disagree (see Section 2.1),targeted_visual_table_recovery,0.9,0.9,confirmed_governing_rule,comparable_with_documented_transform,see 14.20.7 for measuring site coverage,2026-10-01,score_ready,confirmed with a direct or documented-transform comparability status
Bridgeport,RX1__Small General,RX1,,V5,Building-placement control,confirmed,,0.0,,52.0,X.X0.4 BUILDING SITING -- Small General,,rule format = build_to; build-to is never treated as a conventional setback,targeted_visual_table_recovery,0.9,0.9,confirmed_governing_rule,structurally_non_equivalent,,2026-10-01,score_ready_with_caveat,"confirmed but only comparable via a predeclared ordinal/categorical rubric, not a direct metric"
Bridgeport,RX1__Small General,RX1,,V5,Building-placement control,confirmed,,2.0,2.0,52.0,X.X0.4 BUILDING SITING -- Small General,,directly transcribed,targeted_visual_table_recovery,0.9,0.9,confirmed_governing_rule,directly_comparable,,2026-10-01,score_ready,confirmed with a direct or documented-transform comparability status
Bridgeport,RX1__Small General,RX1,,V5,Building-placement control,confirmed,,15.0,15.0,52.0,X.X0.4 BUILDING SITING -- Small General,,directly transcribed,targeted_visual_table_recovery,0.9,0.9,confirmed_governing_rule,directly_comparable,,2026-10-01,score_ready,confirmed with a direct or documented-transform comparability status
Bridgeport,RX1__Small General,RX1,,V5,Building-placement control,structurally_non_equivalent,,,,52.0,X.X0.4 BUILDING SITING -- Small General,,"front is a build-to zone, not a conventional setback, for this building type -- not summed per explicit non-conflation policy",targeted_visual_table_recovery,0.9,0.9,structurally_non_equivalent_rule_present,structurally_non_equivalent,,2026-10-01,score_ready_with_caveat,"confirmed but only comparable via a predeclared ordinal/categorical rubric, not a direct metric"
Bridgeport,NX1__Row,NX1,,V2,Minimum lot-width threshold,confirmed,,60.0,60.0,60.0,X.X0.4 BUILDING SITING -- Row,,directly transcribed from BUILDING SITING table,targeted_visual_table_recovery,0.9,0.9,confirmed_governing_rule,directly_comparable,,2026-10-01,score_ready,confirmed with a direct or documented-transform comparability status
Bridgeport,NX1__Row,NX1,,V4,Site-intensity / ground-plane control,confirmed,,75.0,75.0,60.0,X.X0.4 BUILDING SITING -- Row,,directly transcribed; corrects Phase 2's flattened-text attribution where they disagree (see Section 2.1),targeted_visual_table_recovery,0.9,0.9,confirmed_governing_rule,comparable_with_documented_transform,see 14.20.7 for measuring site coverage,2026-10-01,score_ready,confirmed with a direct or documented-transform comparability status
Bridgeport,NX1__Row,NX1,,V5,Building-placement control,confirmed,,20.0,,60.0,X.X0.4 BUILDING SITING -- Row,,rule format = build_to; build-to is never treated as a conventional setback,targeted_visual_table_recovery,0.9,0.9,confirmed_governing_rule,structurally_non_equivalent,,2026-10-01,score_ready_with_caveat,"confirmed but only comparable via a predeclared ordinal/categorical rubric, not a direct metric"
Bridgeport,NX1__Row,NX1,,V5,Building-placement control,confirmed,,6.0,6.0,60.0,X.X0.4 BUILDING SITING -- Row,,directly transcribed,targeted_visual_table_recovery,0.9,0.9,confirmed_governing_rule,directly_comparable,,2026-10-01,score_ready,confirmed with a direct or documented-transform comparability status
Bridgeport,NX1__Row,NX1,,V5,Building-placement control,confirmed,,30.0,30.0,60.0,X.X0.4 BUILDING SITING -- Row,,directly transcribed,targeted_visual_table_recovery,0.9,0.9,confirmed_governing_rule,directly_comparable,,2026-10-01,score_ready,confirmed with a direct or documented-transform comparability status
Bridgeport,NX1__Row,NX1,,V5,Building-placement control,structurally_non_equivalent,,,,60.0,X.X0.4 BUILDING SITING -- Row,,"front is a build-to zone, not a conventional setback, for this building type -- not summed per explicit non-conflation policy",targeted_visual_table_recovery,0.9,0.9,structurally_non_equivalent_rule_present,structurally_non_equivalent,,2026-10-01,score_ready_with_caveat,"confirmed but only comparable via a predeclared ordinal/categorical rubric, not a direct metric"
Bridgeport,NX2__Row,NX2,,V2,Minimum lot-width threshold,confirmed,,60.0,60.0,60.0,X.X0.4 BUILDING SITING -- Row,,directly transcribed from BUILDING SITING table,targeted_visual_table_recovery,0.9,0.9,confirmed_governing_rule,directly_comparable,,2026-10-01,score_ready,confirmed with a direct or documented-transform comparability status
Bridgeport,NX2__Row,NX2,,V4,Site-intensity / ground-plane control,confirmed,,80.0,80.0,60.0,X.X0.4 BUILDING SITING -- Row,,directly transcribed; corrects Phase 2's flattened-text attribution where they disagree (see Section 2.1),targeted_visual_table_recovery,0.9,0.9,confirmed_governing_rule,comparable_with_documented_transform,see 14.20.7 for measuring site coverage,2026-10-01,score_ready,confirmed with a direct or documented-transform comparability status
Bridgeport,NX2__Row,NX2,,V5,Building-placement control,confirmed,,15.0,,60.0,X.X0.4 BUILDING SITING -- Row,,rule format = build_to; build-to is never treated as a conventional setback,targeted_visual_table_recovery,0.9,0.9,confirmed_governing_rule,structurally_non_equivalent,,2026-10-01,score_ready_with_caveat,"confirmed but only comparable via a predeclared ordinal/categorical rubric, not a direct metric"
Bridgeport,NX2__Row,NX2,,V5,Building-placement control,confirmed,,2.0,2.0,60.0,X.X0.4 BUILDING SITING -- Row,,directly transcribed,targeted_visual_table_recovery,0.9,0.9,confirmed_governing_rule,directly_comparable,,2026-10-01,score_ready,confirmed with a direct or documented-transform comparability status
Bridgeport,NX2__Row,NX2,,V5,Building-placement control,confirmed,,20.0,20.0,60.0,X.X0.4 BUILDING SITING -- Row,,directly transcribed,targeted_visual_table_recovery,0.9,0.9,confirmed_governing_rule,directly_comparable,,2026-10-01,score_ready,confirmed with a direct or documented-transform comparability status
Bridgeport,NX2__Row,NX2,,V5,Building-placement control,structurally_non_equivalent,,,,60.0,X.X0.4 BUILDING SITING -- Row,,"front is a build-to zone, not a conventional setback, for this building type -- not summed per explicit non-conflation policy",targeted_visual_table_recovery,0.9,0.9,structurally_non_equivalent_rule_present,structurally_non_equivalent,,2026-10-01,score_ready_with_caveat,"confirmed but only comparable via a predeclared ordinal/categorical rubric, not a direct metric"
Bridgeport,NX3__Row,NX3,,V2,Minimum lot-width threshold,confirmed,,60.0,60.0,60.0,X.X0.4 BUILDING SITING -- Row,,directly transcribed from BUILDING SITING table,targeted_visual_table_recovery,0.9,0.9,confirmed_governing_rule,directly_comparable,,2026-10-01,score_ready,confirmed with a direct or documented-transform comparability status
Bridgeport,NX3__Row,NX3,,V4,Site-intensity / ground-plane control,confirmed,,80.0,80.0,60.0,X.X0.4 BUILDING SITING -- Row,,directly transcribed; corrects Phase 2's flattened-text attribution where they disagree (see Section 2.1),targeted_visual_table_recovery,0.9,0.9,confirmed_governing_rule,comparable_with_documented_transform,see 14.20.7 for measuring site coverage,2026-10-01,score_ready,confirmed with a direct or documented-transform comparability status
Bridgeport,NX3__Row,NX3,,V5,Building-placement control,confirmed,,10.0,,60.0,X.X0.4 BUILDING SITING -- Row,,rule format = build_to; build-to is never treated as a conventional setback,targeted_visual_table_recovery,0.9,0.9,confirmed_governing_rule,structurally_non_equivalent,,2026-10-01,score_ready_with_caveat,"confirmed but only comparable via a predeclared ordinal/categorical rubric, not a direct metric"
Bridgeport,NX3__Row,NX3,,V5,Building-placement control,confirmed,,2.0,2.0,60.0,X.X0.4 BUILDING SITING -- Row,,directly transcribed,targeted_visual_table_recovery,0.9,0.9,confirmed_governing_rule,directly_comparable,,2026-10-01,score_ready,confirmed with a direct or documented-transform comparability status
Bridgeport,NX3__Row,NX3,,V5,Building-placement control,confirmed,,20.0,20.0,60.0,X.X0.4 BUILDING SITING -- Row,,directly transcribed,targeted_visual_table_recovery,0.9,0.9,confirmed_governing_rule,directly_comparable,,2026-10-01,score_ready,confirmed with a direct or documented-transform comparability status
Bridgeport,NX3__Row,NX3,,V5,Building-placement control,structurally_non_equivalent,,,,60.0,X.X0.4 BUILDING SITING -- Row,,"front is a build-to zone, not a conventional setback, for this building type -- not summed per explicit non-conflation policy",targeted_visual_table_recovery,0.9,0.9,structurally_non_equivalent_rule_present,structurally_non_equivalent,,2026-10-01,score_ready_with_caveat,"confirmed but only comparable via a predeclared ordinal/categorical rubric, not a direct metric"
Bridgeport,NX4__Row,NX4,,V2,Minimum lot-width threshold,confirmed,,60.0,60.0,60.0,X.X0.4 BUILDING SITING -- Row,,directly transcribed from BUILDING SITING table,targeted_visual_table_recovery,0.9,0.9,confirmed_governing_rule,directly_comparable,,2026-10-01,score_ready,confirmed with a direct or documented-transform comparability status
Bridgeport,NX4__Row,NX4,,V4,Site-intensity / ground-plane control,confirmed,,80.0,80.0,60.0,X.X0.4 BUILDING SITING -- Row,,directly transcribed; corrects Phase 2's flattened-text attribution where they disagree (see Section 2.1),targeted_visual_table_recovery,0.9,0.9,confirmed_governing_rule,comparable_with_documented_transform,see 14.20.7 for measuring site coverage,2026-10-01,score_ready,confirmed with a direct or documented-transform comparability status
Bridgeport,NX4__Row,NX4,,V5,Building-placement control,confirmed,,10.0,,60.0,X.X0.4 BUILDING SITING -- Row,,rule format = build_to; build-to is never treated as a conventional setback,targeted_visual_table_recovery,0.9,0.9,confirmed_governing_rule,structurally_non_equivalent,,2026-10-01,score_ready_with_caveat,"confirmed but only comparable via a predeclared ordinal/categorical rubric, not a direct metric"
Bridgeport,NX4__Row,NX4,,V5,Building-placement control,confirmed,,2.0,2.0,60.0,X.X0.4 BUILDING SITING -- Row,,directly transcribed,targeted_visual_table_recovery,0.9,0.9,confirmed_governing_rule,directly_comparable,,2026-10-01,score_ready,confirmed with a direct or documented-transform comparability status
Bridgeport,NX4__Row,NX4,,V5,Building-placement control,confirmed,,20.0,20.0,60.0,X.X0.4 BUILDING SITING -- Row,,directly transcribed,targeted_visual_table_recovery,0.9,0.9,confirmed_governing_rule,directly_comparable,,2026-10-01,score_ready,confirmed with a direct or documented-transform comparability status
Bridgeport,NX4__Row,NX4,,V5,Building-placement control,structurally_non_equivalent,,,,60.0,X.X0.4 BUILDING SITING -- Row,,"front is a build-to zone, not a conventional setback, for this building type -- not summed per explicit non-conflation policy",targeted_visual_table_recovery,0.9,0.9,structurally_non_equivalent_rule_present,structurally_non_equivalent,,2026-10-01,score_ready_with_caveat,"confirmed but only comparable via a predeclared ordinal/categorical rubric, not a direct metric"
Bridgeport,RX1__Row,RX1,,V2,Minimum lot-width threshold,confirmed,,60.0,60.0,60.0,X.X0.4 BUILDING SITING -- Row,,directly transcribed from BUILDING SITING table,targeted_visual_table_recovery,0.9,0.9,confirmed_governing_rule,directly_comparable,,2026-10-01,score_ready,confirmed with a direct or documented-transform comparability status
Bridgeport,RX1__Row,RX1,,V4,Site-intensity / ground-plane control,confirmed,,80.0,80.0,60.0,X.X0.4 BUILDING SITING -- Row,,directly transcribed; corrects Phase 2's flattened-text attribution where they disagree (see Section 2.1),targeted_visual_table_recovery,0.9,0.9,confirmed_governing_rule,comparable_with_documented_transform,see 14.20.7 for measuring site coverage,2026-10-01,score_ready,confirmed with a direct or documented-transform comparability status
Bridgeport,RX1__Row,RX1,,V5,Building-placement control,confirmed,,10.0,,60.0,X.X0.4 BUILDING SITING -- Row,,rule format = build_to; build-to is never treated as a conventional setback,targeted_visual_table_recovery,0.9,0.9,confirmed_governing_rule,structurally_non_equivalent,,2026-10-01,score_ready_with_caveat,"confirmed but only comparable via a predeclared ordinal/categorical rubric, not a direct metric"
Bridgeport,RX1__Row,RX1,,V5,Building-placement control,confirmed,,2.0,2.0,60.0,X.X0.4 BUILDING SITING -- Row,,directly transcribed,targeted_visual_table_recovery,0.9,0.9,confirmed_governing_rule,directly_comparable,,2026-10-01,score_ready,confirmed with a direct or documented-transform comparability status
Bridgeport,RX1__Row,RX1,,V5,Building-placement control,confirmed,,20.0,20.0,60.0,X.X0.4 BUILDING SITING -- Row,,directly transcribed,targeted_visual_table_recovery,0.9,0.9,confirmed_governing_rule,directly_comparable,,2026-10-01,score_ready,confirmed with a direct or documented-transform comparability status
Bridgeport,RX1__Row,RX1,,V5,Building-placement control,structurally_non_equivalent,,,,60.0,X.X0.4 BUILDING SITING -- Row,,"front is a build-to zone, not a conventional setback, for this building type -- not summed per explicit non-conflation policy",targeted_visual_table_recovery,0.9,0.9,structurally_non_equivalent_rule_present,structurally_non_equivalent,,2026-10-01,score_ready_with_caveat,"confirmed but only comparable via a predeclared ordinal/categorical rubric, not a direct metric"
Bridgeport,RX2__Row,RX2,,V2,Minimum lot-width threshold,confirmed,,60.0,60.0,60.0,X.X0.4 BUILDING SITING -- Row,,directly transcribed from BUILDING SITING table,targeted_visual_table_recovery,0.9,0.9,confirmed_governing_rule,directly_comparable,,2026-10-01,score_ready,confirmed with a direct or documented-transform comparability status
Bridgeport,RX2__Row,RX2,,V4,Site-intensity / ground-plane control,confirmed,,80.0,80.0,60.0,X.X0.4 BUILDING SITING -- Row,,directly transcribed; corrects Phase 2's flattened-text attribution where they disagree (see Section 2.1),targeted_visual_table_recovery,0.9,0.9,confirmed_governing_rule,comparable_with_documented_transform,see 14.20.7 for measuring site coverage,2026-10-01,score_ready,confirmed with a direct or documented-transform comparability status
Bridgeport,RX2__Row,RX2,,V5,Building-placement control,confirmed,,10.0,,60.0,X.X0.4 BUILDING SITING -- Row,,rule format = build_to; build-to is never treated as a conventional setback,targeted_visual_table_recovery,0.9,0.9,confirmed_governing_rule,structurally_non_equivalent,,2026-10-01,score_ready_with_caveat,"confirmed but only comparable via a predeclared ordinal/categorical rubric, not a direct metric"
Bridgeport,RX2__Row,RX2,,V5,Building-placement control,confirmed,,2.0,2.0,60.0,X.X0.4 BUILDING SITING -- Row,,directly transcribed,targeted_visual_table_recovery,0.9,0.9,confirmed_governing_rule,directly_comparable,,2026-10-01,score_ready,confirmed with a direct or documented-transform comparability status
Bridgeport,RX2__Row,RX2,,V5,Building-placement control,confirmed,,20.0,20.0,60.0,X.X0.4 BUILDING SITING -- Row,,directly transcribed,targeted_visual_table_recovery,0.9,0.9,confirmed_governing_rule,directly_comparable,,2026-10-01,score_ready,confirmed with a direct or documented-transform comparability status
Bridgeport,RX2__Row,RX2,,V5,Building-placement control,structurally_non_equivalent,,,,60.0,X.X0.4 BUILDING SITING -- Row,,"front is a build-to zone, not a conventional setback, for this building type -- not summed per explicit non-conflation policy",targeted_visual_table_recovery,0.9,0.9,structurally_non_equivalent_rule_present,structurally_non_equivalent,,2026-10-01,score_ready_with_caveat,"confirmed but only comparable via a predeclared ordinal/categorical rubric, not a direct metric"
Bridgeport,NX1__Double House A,NX1,,V2,Minimum lot-width threshold,confirmed,,50.0,50.0,68.0,X.X0.4 BUILDING SITING -- Double House A,,directly transcribed from BUILDING SITING table,targeted_visual_table_recovery,0.9,0.9,confirmed_governing_rule,directly_comparable,,2026-10-01,score_ready,confirmed with a direct or documented-transform comparability status
Bridgeport,NX1__Double House A,NX1,,V4,Site-intensity / ground-plane control,confirmed,,80.0,80.0,68.0,X.X0.4 BUILDING SITING -- Double House A,,directly transcribed; corrects Phase 2's flattened-text attribution where they disagree (see Section 2.1),targeted_visual_table_recovery,0.9,0.9,confirmed_governing_rule,comparable_with_documented_transform,see 14.20.7 for measuring site coverage,2026-10-01,score_ready,confirmed with a direct or documented-transform comparability status
Bridgeport,NX1__Double House A,NX1,,V5,Building-placement control,confirmed,,15.0,,68.0,X.X0.4 BUILDING SITING -- Double House A,,rule format = build_to; build-to is never treated as a conventional setback,targeted_visual_table_recovery,0.9,0.9,confirmed_governing_rule,structurally_non_equivalent,,2026-10-01,score_ready_with_caveat,"confirmed but only comparable via a predeclared ordinal/categorical rubric, not a direct metric"
Bridgeport,NX1__Double House A,NX1,,V5,Building-placement control,confirmed,,2.0,2.0,68.0,X.X0.4 BUILDING SITING -- Double House A,,directly transcribed,targeted_visual_table_recovery,0.9,0.9,confirmed_governing_rule,directly_comparable,,2026-10-01,score_ready,confirmed with a direct or documented-transform comparability status
Bridgeport,NX1__Double House A,NX1,,V5,Building-placement control,confirmed,,20.0,20.0,68.0,X.X0.4 BUILDING SITING -- Double House A,,directly transcribed,targeted_visual_table_recovery,0.9,0.9,confirmed_governing_rule,directly_comparable,,2026-10-01,score_ready,confirmed with a direct or documented-transform comparability status
Bridgeport,NX1__Double House A,NX1,,V5,Building-placement control,structurally_non_equivalent,,,,68.0,X.X0.4 BUILDING SITING -- Double House A,,"front is a build-to zone, not a conventional setback, for this building type -- not summed per explicit non-conflation policy",targeted_visual_table_recovery,0.9,0.9,structurally_non_equivalent_rule_present,structurally_non_equivalent,,2026-10-01,score_ready_with_caveat,"confirmed but only comparable via a predeclared ordinal/categorical rubric, not a direct metric"
Bridgeport,NX2__Double House A,NX2,,V2,Minimum lot-width threshold,confirmed,,50.0,50.0,68.0,X.X0.4 BUILDING SITING -- Double House A,,directly transcribed from BUILDING SITING table,targeted_visual_table_recovery,0.9,0.9,confirmed_governing_rule,directly_comparable,,2026-10-01,score_ready,confirmed with a direct or documented-transform comparability status
Bridgeport,NX2__Double House A,NX2,,V4,Site-intensity / ground-plane control,confirmed,,90.0,90.0,68.0,X.X0.4 BUILDING SITING -- Double House A,,directly transcribed; corrects Phase 2's flattened-text attribution where they disagree (see Section 2.1),targeted_visual_table_recovery,0.9,0.9,confirmed_governing_rule,comparable_with_documented_transform,see 14.20.7 for measuring site coverage,2026-10-01,score_ready,confirmed with a direct or documented-transform comparability status
Bridgeport,NX2__Double House A,NX2,,V5,Building-placement control,confirmed,,10.0,,68.0,X.X0.4 BUILDING SITING -- Double House A,,rule format = build_to; build-to is never treated as a conventional setback,targeted_visual_table_recovery,0.9,0.9,confirmed_governing_rule,structurally_non_equivalent,,2026-10-01,score_ready_with_caveat,"confirmed but only comparable via a predeclared ordinal/categorical rubric, not a direct metric"
Bridgeport,NX2__Double House A,NX2,,V5,Building-placement control,confirmed,,2.0,2.0,68.0,X.X0.4 BUILDING SITING -- Double House A,,directly transcribed,targeted_visual_table_recovery,0.9,0.9,confirmed_governing_rule,directly_comparable,,2026-10-01,score_ready,confirmed with a direct or documented-transform comparability status
Bridgeport,NX2__Double House A,NX2,,V5,Building-placement control,confirmed,,15.0,15.0,68.0,X.X0.4 BUILDING SITING -- Double House A,,directly transcribed,targeted_visual_table_recovery,0.9,0.9,confirmed_governing_rule,directly_comparable,,2026-10-01,score_ready,confirmed with a direct or documented-transform comparability status
Bridgeport,NX2__Double House A,NX2,,V5,Building-placement control,structurally_non_equivalent,,,,68.0,X.X0.4 BUILDING SITING -- Double House A,,"front is a build-to zone, not a conventional setback, for this building type -- not summed per explicit non-conflation policy",targeted_visual_table_recovery,0.9,0.9,structurally_non_equivalent_rule_present,structurally_non_equivalent,,2026-10-01,score_ready_with_caveat,"confirmed but only comparable via a predeclared ordinal/categorical rubric, not a direct metric"
Bridgeport,N1__House A,N1,,V2,Minimum lot-width threshold,confirmed,,45.0,45.0,76.0,X.X0.4 BUILDING SITING -- House A,,directly transcribed from BUILDING SITING table,targeted_visual_table_recovery,0.9,0.9,confirmed_governing_rule,directly_comparable,,2026-10-01,score_ready,confirmed with a direct or documented-transform comparability status
Bridgeport,N1__House A,N1,,V4,Site-intensity / ground-plane control,confirmed,,75.0,75.0,76.0,X.X0.4 BUILDING SITING -- House A,,directly transcribed; corrects Phase 2's flattened-text attribution where they disagree (see Section 2.1),targeted_visual_table_recovery,0.9,0.9,confirmed_governing_rule,comparable_with_documented_transform,see 14.20.7 for measuring site coverage,2026-10-01,score_ready,confirmed with a direct or documented-transform comparability status
Bridgeport,N1__House A,N1,,V5,Building-placement control,confirmed,,20.0,,76.0,X.X0.4 BUILDING SITING -- House A,,rule format = build_to; build-to is never treated as a conventional setback,targeted_visual_table_recovery,0.9,0.9,confirmed_governing_rule,structurally_non_equivalent,,2026-10-01,score_ready_with_caveat,"confirmed but only comparable via a predeclared ordinal/categorical rubric, not a direct metric"
Bridgeport,N1__House A,N1,,V5,Building-placement control,confirmed,,6.0,6.0,76.0,X.X0.4 BUILDING SITING -- House A,,directly transcribed,targeted_visual_table_recovery,0.9,0.9,confirmed_governing_rule,directly_comparable,,2026-10-01,score_ready,confirmed with a direct or documented-transform comparability status
Bridgeport,N1__House A,N1,,V5,Building-placement control,confirmed,,30.0,30.0,76.0,X.X0.4 BUILDING SITING -- House A,,directly transcribed,targeted_visual_table_recovery,0.9,0.9,confirmed_governing_rule,directly_comparable,,2026-10-01,score_ready,confirmed with a direct or documented-transform comparability status
Bridgeport,N1__House A,N1,,V5,Building-placement control,structurally_non_equivalent,,,,76.0,X.X0.4 BUILDING SITING -- House A,,"front is a build-to zone, not a conventional setback, for this building type -- not summed per explicit non-conflation policy",targeted_visual_table_recovery,0.9,0.9,structurally_non_equivalent_rule_present,structurally_non_equivalent,,2026-10-01,score_ready_with_caveat,"confirmed but only comparable via a predeclared ordinal/categorical rubric, not a direct metric"
Bridgeport,NX1__House A,NX1,,V2,Minimum lot-width threshold,confirmed,,45.0,45.0,76.0,X.X0.4 BUILDING SITING -- House A,,directly transcribed from BUILDING SITING table,targeted_visual_table_recovery,0.9,0.9,confirmed_governing_rule,directly_comparable,,2026-10-01,score_ready,confirmed with a direct or documented-transform comparability status
Bridgeport,NX1__House A,NX1,,V4,Site-intensity / ground-plane control,confirmed,,80.0,80.0,76.0,X.X0.4 BUILDING SITING -- House A,,directly transcribed; corrects Phase 2's flattened-text attribution where they disagree (see Section 2.1),targeted_visual_table_recovery,0.9,0.9,confirmed_governing_rule,comparable_with_documented_transform,see 14.20.7 for measuring site coverage,2026-10-01,score_ready,confirmed with a direct or documented-transform comparability status
Bridgeport,NX1__House A,NX1,,V5,Building-placement control,confirmed,,15.0,,76.0,X.X0.4 BUILDING SITING -- House A,,rule format = build_to; build-to is never treated as a conventional setback,targeted_visual_table_recovery,0.9,0.9,confirmed_governing_rule,structurally_non_equivalent,,2026-10-01,score_ready_with_caveat,"confirmed but only comparable via a predeclared ordinal/categorical rubric, not a direct metric"
Bridgeport,NX1__House A,NX1,,V5,Building-placement control,confirmed,,2.0,2.0,76.0,X.X0.4 BUILDING SITING -- House A,,directly transcribed,targeted_visual_table_recovery,0.9,0.9,confirmed_governing_rule,directly_comparable,,2026-10-01,score_ready,confirmed with a direct or documented-transform comparability status
Bridgeport,NX1__House A,NX1,,V5,Building-placement control,confirmed,,20.0,20.0,76.0,X.X0.4 BUILDING SITING -- House A,,directly transcribed,targeted_visual_table_recovery,0.9,0.9,confirmed_governing_rule,directly_comparable,,2026-10-01,score_ready,confirmed with a direct or documented-transform comparability status
Bridgeport,NX1__House A,NX1,,V5,Building-placement control,structurally_non_equivalent,,,,76.0,X.X0.4 BUILDING SITING -- House A,,"front is a build-to zone, not a conventional setback, for this building type -- not summed per explicit non-conflation policy",targeted_visual_table_recovery,0.9,0.9,structurally_non_equivalent_rule_present,structurally_non_equivalent,,2026-10-01,score_ready_with_caveat,"confirmed but only comparable via a predeclared ordinal/categorical rubric, not a direct metric"
Bridgeport,NX2__House A,NX2,,V2,Minimum lot-width threshold,confirmed,,35.0,35.0,76.0,X.X0.4 BUILDING SITING -- House A,,directly transcribed from BUILDING SITING table,targeted_visual_table_recovery,0.9,0.9,confirmed_governing_rule,directly_comparable,,2026-10-01,score_ready,confirmed with a direct or documented-transform comparability status
Bridgeport,NX2__House A,NX2,,V4,Site-intensity / ground-plane control,confirmed,,80.0,80.0,76.0,X.X0.4 BUILDING SITING -- House A,,directly transcribed; corrects Phase 2's flattened-text attribution where they disagree (see Section 2.1),targeted_visual_table_recovery,0.9,0.9,confirmed_governing_rule,comparable_with_documented_transform,see 14.20.7 for measuring site coverage,2026-10-01,score_ready,confirmed with a direct or documented-transform comparability status
Bridgeport,NX2__House A,NX2,,V5,Building-placement control,confirmed,,10.0,,76.0,X.X0.4 BUILDING SITING -- House A,,rule format = build_to; build-to is never treated as a conventional setback,targeted_visual_table_recovery,0.9,0.9,confirmed_governing_rule,structurally_non_equivalent,,2026-10-01,score_ready_with_caveat,"confirmed but only comparable via a predeclared ordinal/categorical rubric, not a direct metric"
Bridgeport,NX2__House A,NX2,,V5,Building-placement control,confirmed,,2.0,2.0,76.0,X.X0.4 BUILDING SITING -- House A,,directly transcribed,targeted_visual_table_recovery,0.9,0.9,confirmed_governing_rule,directly_comparable,,2026-10-01,score_ready,confirmed with a direct or documented-transform comparability status
Bridgeport,NX2__House A,NX2,,V5,Building-placement control,confirmed,,15.0,15.0,76.0,X.X0.4 BUILDING SITING -- House A,,directly transcribed,targeted_visual_table_recovery,0.9,0.9,confirmed_governing_rule,directly_comparable,,2026-10-01,score_ready,confirmed with a direct or documented-transform comparability status
Bridgeport,NX2__House A,NX2,,V5,Building-placement control,structurally_non_equivalent,,,,76.0,X.X0.4 BUILDING SITING -- House A,,"front is a build-to zone, not a conventional setback, for this building type -- not summed per explicit non-conflation policy",targeted_visual_table_recovery,0.9,0.9,structurally_non_equivalent_rule_present,structurally_non_equivalent,,2026-10-01,score_ready_with_caveat,"confirmed but only comparable via a predeclared ordinal/categorical rubric, not a direct metric"
Bridgeport,N2__House B,N2,,V2,Minimum lot-width threshold,confirmed,,45.0,45.0,84.0,X.X0.4 BUILDING SITING -- House B,,directly transcribed from BUILDING SITING table,targeted_visual_table_recovery,0.9,0.9,confirmed_governing_rule,directly_comparable,,2026-10-01,score_ready,confirmed with a direct or documented-transform comparability status
Bridgeport,N2__House B,N2,,V4,Site-intensity / ground-plane control,confirmed,,65.0,65.0,84.0,X.X0.4 BUILDING SITING -- House B,,directly transcribed; corrects Phase 2's flattened-text attribution where they disagree (see Section 2.1),targeted_visual_table_recovery,0.9,0.9,confirmed_governing_rule,comparable_with_documented_transform,see 14.20.7 for measuring site coverage,2026-10-01,score_ready,confirmed with a direct or documented-transform comparability status
Bridgeport,N2__House B,N2,,V5,Building-placement control,confirmed,,20.0,20.0,84.0,X.X0.4 BUILDING SITING -- House B,,rule format = setback; build-to is never treated as a conventional setback,targeted_visual_table_recovery,0.9,0.9,confirmed_governing_rule,directly_comparable,,2026-10-01,score_ready,confirmed with a direct or documented-transform comparability status
Bridgeport,N2__House B,N2,,V5,Building-placement control,confirmed,,6.0,6.0,84.0,X.X0.4 BUILDING SITING -- House B,,directly transcribed,targeted_visual_table_recovery,0.9,0.9,confirmed_governing_rule,directly_comparable,,2026-10-01,score_ready,confirmed with a direct or documented-transform comparability status
Bridgeport,N2__House B,N2,,V5,Building-placement control,confirmed,,20.0,20.0,84.0,X.X0.4 BUILDING SITING -- House B,,directly transcribed,targeted_visual_table_recovery,0.9,0.9,confirmed_governing_rule,directly_comparable,,2026-10-01,score_ready,confirmed with a direct or documented-transform comparability status
Bridgeport,N2__House B,N2,,V5,Building-placement control,confirmed,,46.0,46.0,84.0,X.X0.4 BUILDING SITING -- House B,,"front, side, and rear are all explicitly setbacks (not build-to) for this building type/zone, so the sum is scenario-valid",targeted_visual_table_recovery,0.9,0.9,confirmed_governing_rule,directly_comparable,,2026-10-01,score_ready,confirmed with a direct or documented-transform comparability status
Bridgeport,N3__House C,N3,,V2,Minimum lot-width threshold,confirmed,,75.0,75.0,92.0,X.X0.4 BUILDING SITING -- House C,,directly transcribed from BUILDING SITING table,targeted_visual_table_recovery,0.9,0.9,confirmed_governing_rule,directly_comparable,,2026-10-01,score_ready,confirmed with a direct or documented-transform comparability status
Bridgeport,N3__House C,N3,,V1,Minimum lot-size threshold,confirmed,,9000.0,9000.0,92.0,X.X0.4 BUILDING SITING -- House C,,directly transcribed from BUILDING SITING table,targeted_visual_table_recovery,0.9,0.9,confirmed_governing_rule,directly_comparable,,2026-10-01,score_ready,confirmed with a direct or documented-transform comparability status
Bridgeport,N3__House C,N3,,V4,Site-intensity / ground-plane control,confirmed,,65.0,65.0,92.0,X.X0.4 BUILDING SITING -- House C,,directly transcribed; corrects Phase 2's flattened-text attribution where they disagree (see Section 2.1),targeted_visual_table_recovery,0.9,0.9,confirmed_governing_rule,comparable_with_documented_transform,see 14.20.7 for measuring site coverage,2026-10-01,score_ready,confirmed with a direct or documented-transform comparability status
Bridgeport,N3__House C,N3,,V5,Building-placement control,confirmed,,45.0,45.0,92.0,X.X0.4 BUILDING SITING -- House C,,rule format = setback; build-to is never treated as a conventional setback,targeted_visual_table_recovery,0.9,0.9,confirmed_governing_rule,directly_comparable,,2026-10-01,score_ready,confirmed with a direct or documented-transform comparability status
Bridgeport,N3__House C,N3,,V5,Building-placement control,confirmed,,20.0,20.0,92.0,X.X0.4 BUILDING SITING -- House C,,directly transcribed,targeted_visual_table_recovery,0.9,0.9,confirmed_governing_rule,directly_comparable,,2026-10-01,score_ready,confirmed with a direct or documented-transform comparability status
Bridgeport,N3__House C,N3,,V5,Building-placement control,confirmed,,20.0,20.0,92.0,X.X0.4 BUILDING SITING -- House C,,directly transcribed,targeted_visual_table_recovery,0.9,0.9,confirmed_governing_rule,directly_comparable,,2026-10-01,score_ready,confirmed with a direct or documented-transform comparability status
Bridgeport,N3__House C,N3,,V5,Building-placement control,confirmed,,85.0,85.0,92.0,X.X0.4 BUILDING SITING -- House C,,"front, side, and rear are all explicitly setbacks (not build-to) for this building type/zone, so the sum is scenario-valid",targeted_visual_table_recovery,0.9,0.9,confirmed_governing_rule,directly_comparable,,2026-10-01,score_ready,confirmed with a direct or documented-transform comparability status
Bridgeport,N4__House D,N4,,V2,Minimum lot-width threshold,confirmed,,60.0,60.0,100.0,X.X0.4 BUILDING SITING -- House D,,directly transcribed from BUILDING SITING table,targeted_visual_table_recovery,0.9,0.9,confirmed_governing_rule,directly_comparable,,2026-10-01,score_ready,confirmed with a direct or documented-transform comparability status
Bridgeport,N4__House D,N4,,V1,Minimum lot-size threshold,confirmed,,7500.0,7500.0,100.0,X.X0.4 BUILDING SITING -- House D,,directly transcribed from BUILDING SITING table,targeted_visual_table_recovery,0.9,0.9,confirmed_governing_rule,directly_comparable,,2026-10-01,score_ready,confirmed with a direct or documented-transform comparability status
Bridgeport,N4__House D,N4,,V4,Site-intensity / ground-plane control,confirmed,,65.0,65.0,100.0,X.X0.4 BUILDING SITING -- House D,,directly transcribed; corrects Phase 2's flattened-text attribution where they disagree (see Section 2.1),targeted_visual_table_recovery,0.9,0.9,confirmed_governing_rule,comparable_with_documented_transform,see 14.20.7 for measuring site coverage,2026-10-01,score_ready,confirmed with a direct or documented-transform comparability status
Bridgeport,N4__House D,N4,,V5,Building-placement control,confirmed,,20.0,20.0,100.0,X.X0.4 BUILDING SITING -- House D,,rule format = setback; build-to is never treated as a conventional setback,targeted_visual_table_recovery,0.9,0.9,confirmed_governing_rule,directly_comparable,,2026-10-01,score_ready,confirmed with a direct or documented-transform comparability status
Bridgeport,N4__House D,N4,,V5,Building-placement control,confirmed,,6.0,6.0,100.0,X.X0.4 BUILDING SITING -- House D,,directly transcribed,targeted_visual_table_recovery,0.9,0.9,confirmed_governing_rule,directly_comparable,,2026-10-01,score_ready,confirmed with a direct or documented-transform comparability status
Bridgeport,N4__House D,N4,,V5,Building-placement control,confirmed,,20.0,20.0,100.0,X.X0.4 BUILDING SITING -- House D,,directly transcribed,targeted_visual_table_recovery,0.9,0.9,confirmed_governing_rule,directly_comparable,,2026-10-01,score_ready,confirmed with a direct or documented-transform comparability status
Bridgeport,N4__House D,N4,,V5,Building-placement control,confirmed,,46.0,46.0,100.0,X.X0.4 BUILDING SITING -- House D,,"front, side, and rear are all explicitly setbacks (not build-to) for this building type/zone, so the sum is scenario-valid",targeted_visual_table_recovery,0.9,0.9,confirmed_governing_rule,directly_comparable,,2026-10-01,score_ready,confirmed with a direct or documented-transform comparability status
Bridgeport,CX__Workshop,CX,,V2,Minimum lot-width threshold,confirmed,,25.0,25.0,108.0,X.X0.4 BUILDING SITING -- Workshop,,directly transcribed from BUILDING SITING table,targeted_visual_table_recovery,0.9,0.9,confirmed_governing_rule,directly_comparable,,2026-10-01,score_ready,confirmed with a direct or documented-transform comparability status
Bridgeport,CX__Workshop,CX,,V4,Site-intensity / ground-plane control,confirmed,,90.0,90.0,108.0,X.X0.4 BUILDING SITING -- Workshop,,directly transcribed; corrects Phase 2's flattened-text attribution where they disagree (see Section 2.1),targeted_visual_table_recovery,0.9,0.9,confirmed_governing_rule,comparable_with_documented_transform,see 14.20.7 for measuring site coverage,2026-10-01,score_ready,confirmed with a direct or documented-transform comparability status
Bridgeport,CX__Workshop,CX,,V5,Building-placement control,confirmed,,10.0,,108.0,X.X0.4 BUILDING SITING -- Workshop,,rule format = build_to_or_setback; build-to is never treated as a conventional setback,targeted_visual_table_recovery,0.9,0.9,confirmed_governing_rule,structurally_non_equivalent,,2026-10-01,score_ready_with_caveat,"confirmed but only comparable via a predeclared ordinal/categorical rubric, not a direct metric"
Bridgeport,CX__Workshop,CX,,V5,Building-placement control,confirmed,,5.0,5.0,108.0,X.X0.4 BUILDING SITING -- Workshop,,directly transcribed,targeted_visual_table_recovery,0.9,0.9,confirmed_governing_rule,directly_comparable,,2026-10-01,score_ready,confirmed with a direct or documented-transform comparability status
Bridgeport,CX__Workshop,CX,,V5,Building-placement control,confirmed,,10.0,10.0,108.0,X.X0.4 BUILDING SITING -- Workshop,,directly transcribed,targeted_visual_table_recovery,0.9,0.9,confirmed_governing_rule,directly_comparable,,2026-10-01,score_ready,confirmed with a direct or documented-transform comparability status
Bridgeport,CX__Workshop,CX,,V5,Building-placement control,structurally_non_equivalent,,,,108.0,X.X0.4 BUILDING SITING -- Workshop,,"front is a build-to zone, not a conventional setback, for this building type -- not summed per explicit non-conflation policy",targeted_visual_table_recovery,0.9,0.9,structurally_non_equivalent_rule_present,structurally_non_equivalent,,2026-10-01,score_ready_with_caveat,"confirmed but only comparable via a predeclared ordinal/categorical rubric, not a direct metric"
Bridgeport,I__Workshop,I,,V2,Minimum lot-width threshold,confirmed,,25.0,25.0,108.0,X.X0.4 BUILDING SITING -- Workshop,,directly transcribed from BUILDING SITING table,targeted_visual_table_recovery,0.9,0.9,confirmed_governing_rule,directly_comparable,,2026-10-01,score_ready,confirmed with a direct or documented-transform comparability status
Bridgeport,I__Workshop,I,,V4,Site-intensity / ground-plane control,confirmed,,85.0,85.0,108.0,X.X0.4 BUILDING SITING -- Workshop,,directly transcribed; corrects Phase 2's flattened-text attribution where they disagree (see Section 2.1),targeted_visual_table_recovery,0.9,0.9,confirmed_governing_rule,comparable_with_documented_transform,see 14.20.7 for measuring site coverage,2026-10-01,score_ready,confirmed with a direct or documented-transform comparability status
Bridgeport,I__Workshop,I,,V5,Building-placement control,confirmed,,15.0,,108.0,X.X0.4 BUILDING SITING -- Workshop,,rule format = build_to_or_setback; build-to is never treated as a conventional setback,targeted_visual_table_recovery,0.9,0.9,confirmed_governing_rule,structurally_non_equivalent,,2026-10-01,score_ready_with_caveat,"confirmed but only comparable via a predeclared ordinal/categorical rubric, not a direct metric"
Bridgeport,I__Workshop,I,,V5,Building-placement control,confirmed,,5.0,5.0,108.0,X.X0.4 BUILDING SITING -- Workshop,,directly transcribed,targeted_visual_table_recovery,0.9,0.9,confirmed_governing_rule,directly_comparable,,2026-10-01,score_ready,confirmed with a direct or documented-transform comparability status
Bridgeport,I__Workshop,I,,V5,Building-placement control,confirmed,,10.0,10.0,108.0,X.X0.4 BUILDING SITING -- Workshop,,directly transcribed,targeted_visual_table_recovery,0.9,0.9,confirmed_governing_rule,directly_comparable,,2026-10-01,score_ready,confirmed with a direct or documented-transform comparability status
Bridgeport,I__Workshop,I,,V5,Building-placement control,structurally_non_equivalent,,,,108.0,X.X0.4 BUILDING SITING -- Workshop,,"front is a build-to zone, not a conventional setback, for this building type -- not summed per explicit non-conflation policy",targeted_visual_table_recovery,0.9,0.9,structurally_non_equivalent_rule_present,structurally_non_equivalent,,2026-10-01,score_ready_with_caveat,"confirmed but only comparable via a predeclared ordinal/categorical rubric, not a direct metric"
Bridgeport,DX1__Civic,DX1,,V2,Minimum lot-width threshold,confirmed,,50.0,50.0,116.0,X.X0.4 BUILDING SITING -- Civic,,directly transcribed from BUILDING SITING table,targeted_visual_table_recovery,0.9,0.9,confirmed_governing_rule,directly_comparable,,2026-10-01,score_ready,confirmed with a direct or documented-transform comparability status
Bridgeport,DX1__Civic,DX1,,V4,Site-intensity / ground-plane control,confirmed,,90.0,90.0,116.0,X.X0.4 BUILDING SITING -- Civic,,directly transcribed; corrects Phase 2's flattened-text attribution where they disagree (see Section 2.1),targeted_visual_table_recovery,0.9,0.9,confirmed_governing_rule,comparable_with_documented_transform,see 14.20.7 for measuring site coverage,2026-10-01,score_ready,confirmed with a direct or documented-transform comparability status
Bridgeport,DX1__Civic,DX1,,V5,Building-placement control,confirmed,,10.0,10.0,116.0,X.X0.4 BUILDING SITING -- Civic,,rule format = setback; build-to is never treated as a conventional setback,targeted_visual_table_recovery,0.9,0.9,confirmed_governing_rule,directly_comparable,,2026-10-01,score_ready,confirmed with a direct or documented-transform comparability status
Bridgeport,DX1__Civic,DX1,,V5,Building-placement control,confirmed,,5.0,5.0,116.0,X.X0.4 BUILDING SITING -- Civic,,directly transcribed,targeted_visual_table_recovery,0.9,0.9,confirmed_governing_rule,directly_comparable,,2026-10-01,score_ready,confirmed with a direct or documented-transform comparability status
Bridgeport,DX1__Civic,DX1,,V5,Building-placement control,confirmed,,10.0,10.0,116.0,X.X0.4 BUILDING SITING -- Civic,,directly transcribed,targeted_visual_table_recovery,0.9,0.9,confirmed_governing_rule,directly_comparable,,2026-10-01,score_ready,confirmed with a direct or documented-transform comparability status
Bridgeport,DX1__Civic,DX1,,V5,Building-placement control,confirmed,,25.0,25.0,116.0,X.X0.4 BUILDING SITING -- Civic,,"front, side, and rear are all explicitly setbacks (not build-to) for this building type/zone, so the sum is scenario-valid",targeted_visual_table_recovery,0.9,0.9,confirmed_governing_rule,directly_comparable,,2026-10-01,score_ready,confirmed with a direct or documented-transform comparability status
Bridgeport,P1__Civic,P1,,V2,Minimum lot-width threshold,confirmed,,50.0,50.0,116.0,X.X0.4 BUILDING SITING -- Civic,,directly transcribed from BUILDING SITING table,targeted_visual_table_recovery,0.9,0.9,confirmed_governing_rule,directly_comparable,,2026-10-01,score_ready,confirmed with a direct or documented-transform comparability status
Bridgeport,P1__Civic,P1,,V4,Site-intensity / ground-plane control,confirmed,,90.0,90.0,116.0,X.X0.4 BUILDING SITING -- Civic,,directly transcribed; corrects Phase 2's flattened-text attribution where they disagree (see Section 2.1),targeted_visual_table_recovery,0.9,0.9,confirmed_governing_rule,comparable_with_documented_transform,see 14.20.7 for measuring site coverage,2026-10-01,score_ready,confirmed with a direct or documented-transform comparability status
Bridgeport,P1__Civic,P1,,V5,Building-placement control,confirmed,,10.0,10.0,116.0,X.X0.4 BUILDING SITING -- Civic,,rule format = setback; build-to is never treated as a conventional setback,targeted_visual_table_recovery,0.9,0.9,confirmed_governing_rule,directly_comparable,,2026-10-01,score_ready,confirmed with a direct or documented-transform comparability status
Bridgeport,P1__Civic,P1,,V5,Building-placement control,confirmed,,5.0,5.0,116.0,X.X0.4 BUILDING SITING -- Civic,,directly transcribed,targeted_visual_table_recovery,0.9,0.9,confirmed_governing_rule,directly_comparable,,2026-10-01,score_ready,confirmed with a direct or documented-transform comparability status
Bridgeport,P1__Civic,P1,,V5,Building-placement control,confirmed,,10.0,10.0,116.0,X.X0.4 BUILDING SITING -- Civic,,directly transcribed,targeted_visual_table_recovery,0.9,0.9,confirmed_governing_rule,directly_comparable,,2026-10-01,score_ready,confirmed with a direct or documented-transform comparability status
Bridgeport,P1__Civic,P1,,V5,Building-placement control,confirmed,,25.0,25.0,116.0,X.X0.4 BUILDING SITING -- Civic,,"front, side, and rear are all explicitly setbacks (not build-to) for this building type/zone, so the sum is scenario-valid",targeted_visual_table_recovery,0.9,0.9,confirmed_governing_rule,directly_comparable,,2026-10-01,score_ready,confirmed with a direct or documented-transform comparability status
Bridgeport,P3__Civic,P3,,V2,Minimum lot-width threshold,confirmed,,120.0,120.0,116.0,X.X0.4 BUILDING SITING -- Civic,,directly transcribed from BUILDING SITING table,targeted_visual_table_recovery,0.9,0.9,confirmed_governing_rule,directly_comparable,,2026-10-01,score_ready,confirmed with a direct or documented-transform comparability status
Bridgeport,P3__Civic,P3,,V4,Site-intensity / ground-plane control,confirmed,,85.0,85.0,116.0,X.X0.4 BUILDING SITING -- Civic,,directly transcribed; corrects Phase 2's flattened-text attribution where they disagree (see Section 2.1),targeted_visual_table_recovery,0.9,0.9,confirmed_governing_rule,comparable_with_documented_transform,see 14.20.7 for measuring site coverage,2026-10-01,score_ready,confirmed with a direct or documented-transform comparability status
Bridgeport,P3__Civic,P3,,V5,Building-placement control,confirmed,,0.0,0.0,116.0,X.X0.4 BUILDING SITING -- Civic,,rule format = setback; build-to is never treated as a conventional setback,targeted_visual_table_recovery,0.9,0.9,confirmed_governing_rule,directly_comparable,,2026-10-01,score_ready,confirmed with a direct or documented-transform comparability status
Bridgeport,P3__Civic,P3,,V5,Building-placement control,confirmed,,5.0,5.0,116.0,X.X0.4 BUILDING SITING -- Civic,,directly transcribed,targeted_visual_table_recovery,0.9,0.9,confirmed_governing_rule,directly_comparable,,2026-10-01,score_ready,confirmed with a direct or documented-transform comparability status
Bridgeport,P3__Civic,P3,,V5,Building-placement control,confirmed,,20.0,20.0,116.0,X.X0.4 BUILDING SITING -- Civic,,directly transcribed,targeted_visual_table_recovery,0.9,0.9,confirmed_governing_rule,directly_comparable,,2026-10-01,score_ready,confirmed with a direct or documented-transform comparability status
Bridgeport,P3__Civic,P3,,V5,Building-placement control,confirmed,,25.0,25.0,116.0,X.X0.4 BUILDING SITING -- Civic,,"front, side, and rear are all explicitly setbacks (not build-to) for this building type/zone, so the sum is scenario-valid",targeted_visual_table_recovery,0.9,0.9,confirmed_governing_rule,directly_comparable,,2026-10-01,score_ready,confirmed with a direct or documented-transform comparability status
Bridgeport,DX1__Storefront,DX1,,V3,Vertical development capacity,confirmed,,10.0,10.0,22.0,X.X0.6 HEIGHT -- Storefront,,stories never converted to feet without explicit legal conversion,targeted_visual_table_recovery,0.9,0.9,confirmed_governing_rule,structurally_non_equivalent,,2026-10-01,score_ready_with_caveat,"confirmed but only comparable via a predeclared ordinal/categorical rubric, not a direct metric"
Bridgeport,DX1__Storefront,DX1,,V3,Vertical development capacity,genuine_absence_after_targeted_search,,,,22.0,X.X0.6 HEIGHT -- Storefront,,"no total-building-height-in-feet value found on this page, in the document-wide 'Height'/'ft' tight-regex pass, or in the Chapter 14.20.10 measurement-methodology section",targeted_visual_table_recovery,0.9,0.9,genuine_absence_after_targeted_search,missing,searched: X.X0.6 HEIGHT tables (13/13); 14.20.10 BUILDING HEIGHT methodology section,2026-10-01,not_score_ready_genuine_absence,exhaustive search found no applicable governing rule
Bridgeport,MX1__Storefront,MX1,,V3,Vertical development capacity,confirmed,,3.0,3.0,22.0,X.X0.6 HEIGHT -- Storefront,,stories never converted to feet without explicit legal conversion,targeted_visual_table_recovery,0.9,0.9,confirmed_governing_rule,structurally_non_equivalent,,2026-10-01,score_ready_with_caveat,"confirmed but only comparable via a predeclared ordinal/categorical rubric, not a direct metric"
Bridgeport,MX1__Storefront,MX1,,V3,Vertical development capacity,genuine_absence_after_targeted_search,,,,22.0,X.X0.6 HEIGHT -- Storefront,,"no total-building-height-in-feet value found on this page, in the document-wide 'Height'/'ft' tight-regex pass, or in the Chapter 14.20.10 measurement-methodology section",targeted_visual_table_recovery,0.9,0.9,genuine_absence_after_targeted_search,missing,searched: X.X0.6 HEIGHT tables (13/13); 14.20.10 BUILDING HEIGHT methodology section,2026-10-01,not_score_ready_genuine_absence,exhaustive search found no applicable governing rule
Bridgeport,MX2__Storefront,MX2,,V3,Vertical development capacity,confirmed,,3.0,3.0,22.0,X.X0.6 HEIGHT -- Storefront,,stories never converted to feet without explicit legal conversion,targeted_visual_table_recovery,0.9,0.9,confirmed_governing_rule,structurally_non_equivalent,,2026-10-01,score_ready_with_caveat,"confirmed but only comparable via a predeclared ordinal/categorical rubric, not a direct metric"
Bridgeport,MX2__Storefront,MX2,,V3,Vertical development capacity,genuine_absence_after_targeted_search,,,,22.0,X.X0.6 HEIGHT -- Storefront,,"no total-building-height-in-feet value found on this page, in the document-wide 'Height'/'ft' tight-regex pass, or in the Chapter 14.20.10 measurement-methodology section",targeted_visual_table_recovery,0.9,0.9,genuine_absence_after_targeted_search,missing,searched: X.X0.6 HEIGHT tables (13/13); 14.20.10 BUILDING HEIGHT methodology section,2026-10-01,not_score_ready_genuine_absence,exhaustive search found no applicable governing rule
Bridgeport,MXN__Storefront,MXN,,V3,Vertical development capacity,confirmed,,3.0,3.0,22.0,X.X0.6 HEIGHT -- Storefront,,stories never converted to feet without explicit legal conversion,targeted_visual_table_recovery,0.9,0.9,confirmed_governing_rule,structurally_non_equivalent,,2026-10-01,score_ready_with_caveat,"confirmed but only comparable via a predeclared ordinal/categorical rubric, not a direct metric"
Bridgeport,MXN__Storefront,MXN,,V3,Vertical development capacity,genuine_absence_after_targeted_search,,,,22.0,X.X0.6 HEIGHT -- Storefront,,"no total-building-height-in-feet value found on this page, in the document-wide 'Height'/'ft' tight-regex pass, or in the Chapter 14.20.10 measurement-methodology section",targeted_visual_table_recovery,0.9,0.9,genuine_absence_after_targeted_search,missing,searched: X.X0.6 HEIGHT tables (13/13); 14.20.10 BUILDING HEIGHT methodology section,2026-10-01,not_score_ready_genuine_absence,exhaustive search found no applicable governing rule
Bridgeport,MX2__Commercial Center,MX2,,V3,Vertical development capacity,confirmed,,3.0,3.0,30.0,X.X0.6 HEIGHT -- Commercial Center,,stories never converted to feet without explicit legal conversion,targeted_visual_table_recovery,0.9,0.9,confirmed_governing_rule,structurally_non_equivalent,,2026-10-01,score_ready_with_caveat,"confirmed but only comparable via a predeclared ordinal/categorical rubric, not a direct metric"
Bridgeport,MX2__Commercial Center,MX2,,V3,Vertical development capacity,genuine_absence_after_targeted_search,,,,30.0,X.X0.6 HEIGHT -- Commercial Center,,"no total-building-height-in-feet value found on this page, in the document-wide 'Height'/'ft' tight-regex pass, or in the Chapter 14.20.10 measurement-methodology section",targeted_visual_table_recovery,0.9,0.9,genuine_absence_after_targeted_search,missing,searched: X.X0.6 HEIGHT tables (13/13); 14.20.10 BUILDING HEIGHT methodology section,2026-10-01,not_score_ready_genuine_absence,exhaustive search found no applicable governing rule
Bridgeport,MX1__Commercial House,MX1,,V3,Vertical development capacity,confirmed,,2.5,2.5,38.0,X.X0.6 HEIGHT -- Commercial House,,stories never converted to feet without explicit legal conversion,targeted_visual_table_recovery,0.9,0.9,confirmed_governing_rule,structurally_non_equivalent,,2026-10-01,score_ready_with_caveat,"confirmed but only comparable via a predeclared ordinal/categorical rubric, not a direct metric"
Bridgeport,MX1__Commercial House,MX1,,V3,Vertical development capacity,genuine_absence_after_targeted_search,,,,38.0,X.X0.6 HEIGHT -- Commercial House,,"no total-building-height-in-feet value found on this page, in the document-wide 'Height'/'ft' tight-regex pass, or in the Chapter 14.20.10 measurement-methodology section",targeted_visual_table_recovery,0.9,0.9,genuine_absence_after_targeted_search,missing,searched: X.X0.6 HEIGHT tables (13/13); 14.20.10 BUILDING HEIGHT methodology section,2026-10-01,not_score_ready_genuine_absence,exhaustive search found no applicable governing rule
Bridgeport,MXN__Commercial House,MXN,,V3,Vertical development capacity,confirmed,,2.5,2.5,38.0,X.X0.6 HEIGHT -- Commercial House,,stories never converted to feet without explicit legal conversion,targeted_visual_table_recovery,0.9,0.9,confirmed_governing_rule,structurally_non_equivalent,,2026-10-01,score_ready_with_caveat,"confirmed but only comparable via a predeclared ordinal/categorical rubric, not a direct metric"
Bridgeport,MXN__Commercial House,MXN,,V3,Vertical development capacity,genuine_absence_after_targeted_search,,,,38.0,X.X0.6 HEIGHT -- Commercial House,,"no total-building-height-in-feet value found on this page, in the document-wide 'Height'/'ft' tight-regex pass, or in the Chapter 14.20.10 measurement-methodology section",targeted_visual_table_recovery,0.9,0.9,genuine_absence_after_targeted_search,missing,searched: X.X0.6 HEIGHT tables (13/13); 14.20.10 BUILDING HEIGHT methodology section,2026-10-01,not_score_ready_genuine_absence,exhaustive search found no applicable governing rule
Bridgeport,MX2__Commercial House,MX2,,V3,Vertical development capacity,confirmed,,2.5,2.5,38.0,X.X0.6 HEIGHT -- Commercial House,,stories never converted to feet without explicit legal conversion,targeted_visual_table_recovery,0.9,0.9,confirmed_governing_rule,structurally_non_equivalent,,2026-10-01,score_ready_with_caveat,"confirmed but only comparable via a predeclared ordinal/categorical rubric, not a direct metric"
Bridgeport,MX2__Commercial House,MX2,,V3,Vertical development capacity,genuine_absence_after_targeted_search,,,,38.0,X.X0.6 HEIGHT -- Commercial House,,"no total-building-height-in-feet value found on this page, in the document-wide 'Height'/'ft' tight-regex pass, or in the Chapter 14.20.10 measurement-methodology section",targeted_visual_table_recovery,0.9,0.9,genuine_absence_after_targeted_search,missing,searched: X.X0.6 HEIGHT tables (13/13); 14.20.10 BUILDING HEIGHT methodology section,2026-10-01,not_score_ready_genuine_absence,exhaustive search found no applicable governing rule
Bridgeport,RX1__Commercial House,RX1,,V3,Vertical development capacity,confirmed,,2.5,2.5,38.0,X.X0.6 HEIGHT -- Commercial House,,stories never converted to feet without explicit legal conversion,targeted_visual_table_recovery,0.9,0.9,confirmed_governing_rule,structurally_non_equivalent,,2026-10-01,score_ready_with_caveat,"confirmed but only comparable via a predeclared ordinal/categorical rubric, not a direct metric"
Bridgeport,RX1__Commercial House,RX1,,V3,Vertical development capacity,genuine_absence_after_targeted_search,,,,38.0,X.X0.6 HEIGHT -- Commercial House,,"no total-building-height-in-feet value found on this page, in the document-wide 'Height'/'ft' tight-regex pass, or in the Chapter 14.20.10 measurement-methodology section",targeted_visual_table_recovery,0.9,0.9,genuine_absence_after_targeted_search,missing,searched: X.X0.6 HEIGHT tables (13/13); 14.20.10 BUILDING HEIGHT methodology section,2026-10-01,not_score_ready_genuine_absence,exhaustive search found no applicable governing rule
Bridgeport,RX2__Commercial House,RX2,,V3,Vertical development capacity,confirmed,,2.5,2.5,38.0,X.X0.6 HEIGHT -- Commercial House,,stories never converted to feet without explicit legal conversion,targeted_visual_table_recovery,0.9,0.9,confirmed_governing_rule,structurally_non_equivalent,,2026-10-01,score_ready_with_caveat,"confirmed but only comparable via a predeclared ordinal/categorical rubric, not a direct metric"
Bridgeport,RX2__Commercial House,RX2,,V3,Vertical development capacity,genuine_absence_after_targeted_search,,,,38.0,X.X0.6 HEIGHT -- Commercial House,,"no total-building-height-in-feet value found on this page, in the document-wide 'Height'/'ft' tight-regex pass, or in the Chapter 14.20.10 measurement-methodology section",targeted_visual_table_recovery,0.9,0.9,genuine_absence_after_targeted_search,missing,searched: X.X0.6 HEIGHT tables (13/13); 14.20.10 BUILDING HEIGHT methodology section,2026-10-01,not_score_ready_genuine_absence,exhaustive search found no applicable governing rule
Bridgeport,DX2__General,DX2,,V3,Vertical development capacity,confirmed,,15.0,15.0,46.0,X.X0.6 HEIGHT -- General,,stories never converted to feet without explicit legal conversion,targeted_visual_table_recovery,0.9,0.9,confirmed_governing_rule,structurally_non_equivalent,,2026-10-01,score_ready_with_caveat,"confirmed but only comparable via a predeclared ordinal/categorical rubric, not a direct metric"
Bridgeport,DX2__General,DX2,,V3,Vertical development capacity,genuine_absence_after_targeted_search,,,,46.0,X.X0.6 HEIGHT -- General,,"no total-building-height-in-feet value found on this page, in the document-wide 'Height'/'ft' tight-regex pass, or in the Chapter 14.20.10 measurement-methodology section",targeted_visual_table_recovery,0.9,0.9,genuine_absence_after_targeted_search,missing,searched: X.X0.6 HEIGHT tables (13/13); 14.20.10 BUILDING HEIGHT methodology section,2026-10-01,not_score_ready_genuine_absence,exhaustive search found no applicable governing rule
Bridgeport,RX2__General,RX2,,V3,Vertical development capacity,confirmed,,5.5,5.5,46.0,X.X0.6 HEIGHT -- General,,stories never converted to feet without explicit legal conversion,targeted_visual_table_recovery,0.9,0.9,confirmed_governing_rule,structurally_non_equivalent,,2026-10-01,score_ready_with_caveat,"confirmed but only comparable via a predeclared ordinal/categorical rubric, not a direct metric"
Bridgeport,RX2__General,RX2,,V3,Vertical development capacity,genuine_absence_after_targeted_search,,,,46.0,X.X0.6 HEIGHT -- General,,"no total-building-height-in-feet value found on this page, in the document-wide 'Height'/'ft' tight-regex pass, or in the Chapter 14.20.10 measurement-methodology section",targeted_visual_table_recovery,0.9,0.9,genuine_absence_after_targeted_search,missing,searched: X.X0.6 HEIGHT tables (13/13); 14.20.10 BUILDING HEIGHT methodology section,2026-10-01,not_score_ready_genuine_absence,exhaustive search found no applicable governing rule
Bridgeport,P2__General,P2,,V3,Vertical development capacity,confirmed,,5.5,5.5,46.0,X.X0.6 HEIGHT -- General,,stories never converted to feet without explicit legal conversion,targeted_visual_table_recovery,0.9,0.9,confirmed_governing_rule,structurally_non_equivalent,,2026-10-01,score_ready_with_caveat,"confirmed but only comparable via a predeclared ordinal/categorical rubric, not a direct metric"
Bridgeport,P2__General,P2,,V3,Vertical development capacity,genuine_absence_after_targeted_search,,,,46.0,X.X0.6 HEIGHT -- General,,"no total-building-height-in-feet value found on this page, in the document-wide 'Height'/'ft' tight-regex pass, or in the Chapter 14.20.10 measurement-methodology section",targeted_visual_table_recovery,0.9,0.9,genuine_absence_after_targeted_search,missing,searched: X.X0.6 HEIGHT tables (13/13); 14.20.10 BUILDING HEIGHT methodology section,2026-10-01,not_score_ready_genuine_absence,exhaustive search found no applicable governing rule
Bridgeport,IX__General,IX,,V3,Vertical development capacity,confirmed,,5.5,5.5,46.0,X.X0.6 HEIGHT -- General,,stories never converted to feet without explicit legal conversion,targeted_visual_table_recovery,0.9,0.9,confirmed_governing_rule,structurally_non_equivalent,,2026-10-01,score_ready_with_caveat,"confirmed but only comparable via a predeclared ordinal/categorical rubric, not a direct metric"
Bridgeport,IX__General,IX,,V3,Vertical development capacity,genuine_absence_after_targeted_search,,,,46.0,X.X0.6 HEIGHT -- General,,"no total-building-height-in-feet value found on this page, in the document-wide 'Height'/'ft' tight-regex pass, or in the Chapter 14.20.10 measurement-methodology section",targeted_visual_table_recovery,0.9,0.9,genuine_absence_after_targeted_search,missing,searched: X.X0.6 HEIGHT tables (13/13); 14.20.10 BUILDING HEIGHT methodology section,2026-10-01,not_score_ready_genuine_absence,exhaustive search found no applicable governing rule
Bridgeport,NX4__General,NX4,,V3,Vertical development capacity,confirmed,,5.5,5.5,46.0,X.X0.6 HEIGHT -- General,,stories never converted to feet without explicit legal conversion,targeted_visual_table_recovery,0.9,0.9,confirmed_governing_rule,structurally_non_equivalent,,2026-10-01,score_ready_with_caveat,"confirmed but only comparable via a predeclared ordinal/categorical rubric, not a direct metric"
Bridgeport,NX4__General,NX4,,V3,Vertical development capacity,genuine_absence_after_targeted_search,,,,46.0,X.X0.6 HEIGHT -- General,,"no total-building-height-in-feet value found on this page, in the document-wide 'Height'/'ft' tight-regex pass, or in the Chapter 14.20.10 measurement-methodology section",targeted_visual_table_recovery,0.9,0.9,genuine_absence_after_targeted_search,missing,searched: X.X0.6 HEIGHT tables (13/13); 14.20.10 BUILDING HEIGHT methodology section,2026-10-01,not_score_ready_genuine_absence,exhaustive search found no applicable governing rule
Bridgeport,NX3__General,NX3,,V3,Vertical development capacity,confirmed,,3.5,3.5,46.0,X.X0.6 HEIGHT -- General,,stories never converted to feet without explicit legal conversion,targeted_visual_table_recovery,0.9,0.9,confirmed_governing_rule,structurally_non_equivalent,,2026-10-01,score_ready_with_caveat,"confirmed but only comparable via a predeclared ordinal/categorical rubric, not a direct metric"
Bridgeport,NX3__General,NX3,,V3,Vertical development capacity,genuine_absence_after_targeted_search,,,,46.0,X.X0.6 HEIGHT -- General,,"no total-building-height-in-feet value found on this page, in the document-wide 'Height'/'ft' tight-regex pass, or in the Chapter 14.20.10 measurement-methodology section",targeted_visual_table_recovery,0.9,0.9,genuine_absence_after_targeted_search,missing,searched: X.X0.6 HEIGHT tables (13/13); 14.20.10 BUILDING HEIGHT methodology section,2026-10-01,not_score_ready_genuine_absence,exhaustive search found no applicable governing rule
Bridgeport,CX__General,CX,,V3,Vertical development capacity,confirmed,,3.0,3.0,46.0,X.X0.6 HEIGHT -- General,,stories never converted to feet without explicit legal conversion,targeted_visual_table_recovery,0.9,0.9,confirmed_governing_rule,structurally_non_equivalent,,2026-10-01,score_ready_with_caveat,"confirmed but only comparable via a predeclared ordinal/categorical rubric, not a direct metric"
Bridgeport,CX__General,CX,,V3,Vertical development capacity,genuine_absence_after_targeted_search,,,,46.0,X.X0.6 HEIGHT -- General,,"no total-building-height-in-feet value found on this page, in the document-wide 'Height'/'ft' tight-regex pass, or in the Chapter 14.20.10 measurement-methodology section",targeted_visual_table_recovery,0.9,0.9,genuine_absence_after_targeted_search,missing,searched: X.X0.6 HEIGHT tables (13/13); 14.20.10 BUILDING HEIGHT methodology section,2026-10-01,not_score_ready_genuine_absence,exhaustive search found no applicable governing rule
Bridgeport,I__General,I,,V3,Vertical development capacity,confirmed,,3.0,3.0,46.0,X.X0.6 HEIGHT -- General,,stories never converted to feet without explicit legal conversion,targeted_visual_table_recovery,0.9,0.9,confirmed_governing_rule,structurally_non_equivalent,,2026-10-01,score_ready_with_caveat,"confirmed but only comparable via a predeclared ordinal/categorical rubric, not a direct metric"
Bridgeport,I__General,I,,V3,Vertical development capacity,genuine_absence_after_targeted_search,,,,46.0,X.X0.6 HEIGHT -- General,,"no total-building-height-in-feet value found on this page, in the document-wide 'Height'/'ft' tight-regex pass, or in the Chapter 14.20.10 measurement-methodology section",targeted_visual_table_recovery,0.9,0.9,genuine_absence_after_targeted_search,missing,searched: X.X0.6 HEIGHT tables (13/13); 14.20.10 BUILDING HEIGHT methodology section,2026-10-01,not_score_ready_genuine_absence,exhaustive search found no applicable governing rule
Bridgeport,NX2__Small General,NX2,,V3,Vertical development capacity,confirmed,,3.0,3.0,54.0,X.X0.6 HEIGHT -- Small General,,stories never converted to feet without explicit legal conversion,targeted_visual_table_recovery,0.9,0.9,confirmed_governing_rule,structurally_non_equivalent,,2026-10-01,score_ready_with_caveat,"confirmed but only comparable via a predeclared ordinal/categorical rubric, not a direct metric"
Bridgeport,NX2__Small General,NX2,,V3,Vertical development capacity,genuine_absence_after_targeted_search,,,,54.0,X.X0.6 HEIGHT -- Small General,,"no total-building-height-in-feet value found on this page, in the document-wide 'Height'/'ft' tight-regex pass, or in the Chapter 14.20.10 measurement-methodology section",targeted_visual_table_recovery,0.9,0.9,genuine_absence_after_targeted_search,missing,searched: X.X0.6 HEIGHT tables (13/13); 14.20.10 BUILDING HEIGHT methodology section,2026-10-01,not_score_ready_genuine_absence,exhaustive search found no applicable governing rule
Bridgeport,RX1__Small General,RX1,,V3,Vertical development capacity,confirmed,,3.0,3.0,54.0,X.X0.6 HEIGHT -- Small General,,stories never converted to feet without explicit legal conversion,targeted_visual_table_recovery,0.9,0.9,confirmed_governing_rule,structurally_non_equivalent,,2026-10-01,score_ready_with_caveat,"confirmed but only comparable via a predeclared ordinal/categorical rubric, not a direct metric"
Bridgeport,RX1__Small General,RX1,,V3,Vertical development capacity,genuine_absence_after_targeted_search,,,,54.0,X.X0.6 HEIGHT -- Small General,,"no total-building-height-in-feet value found on this page, in the document-wide 'Height'/'ft' tight-regex pass, or in the Chapter 14.20.10 measurement-methodology section",targeted_visual_table_recovery,0.9,0.9,genuine_absence_after_targeted_search,missing,searched: X.X0.6 HEIGHT tables (13/13); 14.20.10 BUILDING HEIGHT methodology section,2026-10-01,not_score_ready_genuine_absence,exhaustive search found no applicable governing rule
Bridgeport,NX1__Row,NX1,,V3,Vertical development capacity,confirmed,,2.5,2.5,62.0,X.X0.6 HEIGHT -- Row,,stories never converted to feet without explicit legal conversion,targeted_visual_table_recovery,0.9,0.9,confirmed_governing_rule,structurally_non_equivalent,,2026-10-01,score_ready_with_caveat,"confirmed but only comparable via a predeclared ordinal/categorical rubric, not a direct metric"
Bridgeport,NX1__Row,NX1,,V3,Vertical development capacity,genuine_absence_after_targeted_search,,,,62.0,X.X0.6 HEIGHT -- Row,,"no total-building-height-in-feet value found on this page, in the document-wide 'Height'/'ft' tight-regex pass, or in the Chapter 14.20.10 measurement-methodology section",targeted_visual_table_recovery,0.9,0.9,genuine_absence_after_targeted_search,missing,searched: X.X0.6 HEIGHT tables (13/13); 14.20.10 BUILDING HEIGHT methodology section,2026-10-01,not_score_ready_genuine_absence,exhaustive search found no applicable governing rule
Bridgeport,NX2__Row,NX2,,V3,Vertical development capacity,confirmed,,2.5,2.5,62.0,X.X0.6 HEIGHT -- Row,,stories never converted to feet without explicit legal conversion,targeted_visual_table_recovery,0.9,0.9,confirmed_governing_rule,structurally_non_equivalent,,2026-10-01,score_ready_with_caveat,"confirmed but only comparable via a predeclared ordinal/categorical rubric, not a direct metric"
Bridgeport,NX2__Row,NX2,,V3,Vertical development capacity,genuine_absence_after_targeted_search,,,,62.0,X.X0.6 HEIGHT -- Row,,"no total-building-height-in-feet value found on this page, in the document-wide 'Height'/'ft' tight-regex pass, or in the Chapter 14.20.10 measurement-methodology section",targeted_visual_table_recovery,0.9,0.9,genuine_absence_after_targeted_search,missing,searched: X.X0.6 HEIGHT tables (13/13); 14.20.10 BUILDING HEIGHT methodology section,2026-10-01,not_score_ready_genuine_absence,exhaustive search found no applicable governing rule
Bridgeport,NX3__Row,NX3,,V3,Vertical development capacity,confirmed,,3.5,3.5,62.0,X.X0.6 HEIGHT -- Row,,stories never converted to feet without explicit legal conversion,targeted_visual_table_recovery,0.9,0.9,confirmed_governing_rule,structurally_non_equivalent,,2026-10-01,score_ready_with_caveat,"confirmed but only comparable via a predeclared ordinal/categorical rubric, not a direct metric"
Bridgeport,NX3__Row,NX3,,V3,Vertical development capacity,genuine_absence_after_targeted_search,,,,62.0,X.X0.6 HEIGHT -- Row,,"no total-building-height-in-feet value found on this page, in the document-wide 'Height'/'ft' tight-regex pass, or in the Chapter 14.20.10 measurement-methodology section",targeted_visual_table_recovery,0.9,0.9,genuine_absence_after_targeted_search,missing,searched: X.X0.6 HEIGHT tables (13/13); 14.20.10 BUILDING HEIGHT methodology section,2026-10-01,not_score_ready_genuine_absence,exhaustive search found no applicable governing rule
Bridgeport,NX4__Row,NX4,,V3,Vertical development capacity,confirmed,,3.5,3.5,62.0,X.X0.6 HEIGHT -- Row,,stories never converted to feet without explicit legal conversion,targeted_visual_table_recovery,0.9,0.9,confirmed_governing_rule,structurally_non_equivalent,,2026-10-01,score_ready_with_caveat,"confirmed but only comparable via a predeclared ordinal/categorical rubric, not a direct metric"
Bridgeport,NX4__Row,NX4,,V3,Vertical development capacity,genuine_absence_after_targeted_search,,,,62.0,X.X0.6 HEIGHT -- Row,,"no total-building-height-in-feet value found on this page, in the document-wide 'Height'/'ft' tight-regex pass, or in the Chapter 14.20.10 measurement-methodology section",targeted_visual_table_recovery,0.9,0.9,genuine_absence_after_targeted_search,missing,searched: X.X0.6 HEIGHT tables (13/13); 14.20.10 BUILDING HEIGHT methodology section,2026-10-01,not_score_ready_genuine_absence,exhaustive search found no applicable governing rule
Bridgeport,RX1__Row,RX1,,V3,Vertical development capacity,confirmed,,3.5,3.5,62.0,X.X0.6 HEIGHT -- Row,,stories never converted to feet without explicit legal conversion,targeted_visual_table_recovery,0.9,0.9,confirmed_governing_rule,structurally_non_equivalent,,2026-10-01,score_ready_with_caveat,"confirmed but only comparable via a predeclared ordinal/categorical rubric, not a direct metric"
Bridgeport,RX1__Row,RX1,,V3,Vertical development capacity,genuine_absence_after_targeted_search,,,,62.0,X.X0.6 HEIGHT -- Row,,"no total-building-height-in-feet value found on this page, in the document-wide 'Height'/'ft' tight-regex pass, or in the Chapter 14.20.10 measurement-methodology section",targeted_visual_table_recovery,0.9,0.9,genuine_absence_after_targeted_search,missing,searched: X.X0.6 HEIGHT tables (13/13); 14.20.10 BUILDING HEIGHT methodology section,2026-10-01,not_score_ready_genuine_absence,exhaustive search found no applicable governing rule
Bridgeport,RX2__Row,RX2,,V3,Vertical development capacity,confirmed,,3.5,3.5,62.0,X.X0.6 HEIGHT -- Row,,stories never converted to feet without explicit legal conversion,targeted_visual_table_recovery,0.9,0.9,confirmed_governing_rule,structurally_non_equivalent,,2026-10-01,score_ready_with_caveat,"confirmed but only comparable via a predeclared ordinal/categorical rubric, not a direct metric"
Bridgeport,RX2__Row,RX2,,V3,Vertical development capacity,genuine_absence_after_targeted_search,,,,62.0,X.X0.6 HEIGHT -- Row,,"no total-building-height-in-feet value found on this page, in the document-wide 'Height'/'ft' tight-regex pass, or in the Chapter 14.20.10 measurement-methodology section",targeted_visual_table_recovery,0.9,0.9,genuine_absence_after_targeted_search,missing,searched: X.X0.6 HEIGHT tables (13/13); 14.20.10 BUILDING HEIGHT methodology section,2026-10-01,not_score_ready_genuine_absence,exhaustive search found no applicable governing rule
Bridgeport,NX1__Double House A,NX1,,V3,Vertical development capacity,confirmed,,2.5,2.5,70.0,X.X0.6 HEIGHT -- Double House A,,stories never converted to feet without explicit legal conversion,targeted_visual_table_recovery,0.9,0.9,confirmed_governing_rule,structurally_non_equivalent,,2026-10-01,score_ready_with_caveat,"confirmed but only comparable via a predeclared ordinal/categorical rubric, not a direct metric"
Bridgeport,NX1__Double House A,NX1,,V3,Vertical development capacity,genuine_absence_after_targeted_search,,,,70.0,X.X0.6 HEIGHT -- Double House A,,"no total-building-height-in-feet value found on this page, in the document-wide 'Height'/'ft' tight-regex pass, or in the Chapter 14.20.10 measurement-methodology section",targeted_visual_table_recovery,0.9,0.9,genuine_absence_after_targeted_search,missing,searched: X.X0.6 HEIGHT tables (13/13); 14.20.10 BUILDING HEIGHT methodology section,2026-10-01,not_score_ready_genuine_absence,exhaustive search found no applicable governing rule
Bridgeport,NX2__Double House A,NX2,,V3,Vertical development capacity,confirmed,,2.5,2.5,70.0,X.X0.6 HEIGHT -- Double House A,,stories never converted to feet without explicit legal conversion,targeted_visual_table_recovery,0.9,0.9,confirmed_governing_rule,structurally_non_equivalent,,2026-10-01,score_ready_with_caveat,"confirmed but only comparable via a predeclared ordinal/categorical rubric, not a direct metric"
Bridgeport,NX2__Double House A,NX2,,V3,Vertical development capacity,genuine_absence_after_targeted_search,,,,70.0,X.X0.6 HEIGHT -- Double House A,,"no total-building-height-in-feet value found on this page, in the document-wide 'Height'/'ft' tight-regex pass, or in the Chapter 14.20.10 measurement-methodology section",targeted_visual_table_recovery,0.9,0.9,genuine_absence_after_targeted_search,missing,searched: X.X0.6 HEIGHT tables (13/13); 14.20.10 BUILDING HEIGHT methodology section,2026-10-01,not_score_ready_genuine_absence,exhaustive search found no applicable governing rule
Bridgeport,N1__House A,N1,,V3,Vertical development capacity,confirmed,,2.5,2.5,78.0,X.X0.6 HEIGHT -- House A,,stories never converted to feet without explicit legal conversion,targeted_visual_table_recovery,0.9,0.9,confirmed_governing_rule,structurally_non_equivalent,,2026-10-01,score_ready_with_caveat,"confirmed but only comparable via a predeclared ordinal/categorical rubric, not a direct metric"
Bridgeport,N1__House A,N1,,V3,Vertical development capacity,genuine_absence_after_targeted_search,,,,78.0,X.X0.6 HEIGHT -- House A,,"no total-building-height-in-feet value found on this page, in the document-wide 'Height'/'ft' tight-regex pass, or in the Chapter 14.20.10 measurement-methodology section",targeted_visual_table_recovery,0.9,0.9,genuine_absence_after_targeted_search,missing,searched: X.X0.6 HEIGHT tables (13/13); 14.20.10 BUILDING HEIGHT methodology section,2026-10-01,not_score_ready_genuine_absence,exhaustive search found no applicable governing rule
Bridgeport,NX1__House A,NX1,,V3,Vertical development capacity,confirmed,,2.5,2.5,78.0,X.X0.6 HEIGHT -- House A,,stories never converted to feet without explicit legal conversion,targeted_visual_table_recovery,0.9,0.9,confirmed_governing_rule,structurally_non_equivalent,,2026-10-01,score_ready_with_caveat,"confirmed but only comparable via a predeclared ordinal/categorical rubric, not a direct metric"
Bridgeport,NX1__House A,NX1,,V3,Vertical development capacity,genuine_absence_after_targeted_search,,,,78.0,X.X0.6 HEIGHT -- House A,,"no total-building-height-in-feet value found on this page, in the document-wide 'Height'/'ft' tight-regex pass, or in the Chapter 14.20.10 measurement-methodology section",targeted_visual_table_recovery,0.9,0.9,genuine_absence_after_targeted_search,missing,searched: X.X0.6 HEIGHT tables (13/13); 14.20.10 BUILDING HEIGHT methodology section,2026-10-01,not_score_ready_genuine_absence,exhaustive search found no applicable governing rule
Bridgeport,NX2__House A,NX2,,V3,Vertical development capacity,confirmed,,2.5,2.5,78.0,X.X0.6 HEIGHT -- House A,,stories never converted to feet without explicit legal conversion,targeted_visual_table_recovery,0.9,0.9,confirmed_governing_rule,structurally_non_equivalent,,2026-10-01,score_ready_with_caveat,"confirmed but only comparable via a predeclared ordinal/categorical rubric, not a direct metric"
Bridgeport,NX2__House A,NX2,,V3,Vertical development capacity,genuine_absence_after_targeted_search,,,,78.0,X.X0.6 HEIGHT -- House A,,"no total-building-height-in-feet value found on this page, in the document-wide 'Height'/'ft' tight-regex pass, or in the Chapter 14.20.10 measurement-methodology section",targeted_visual_table_recovery,0.9,0.9,genuine_absence_after_targeted_search,missing,searched: X.X0.6 HEIGHT tables (13/13); 14.20.10 BUILDING HEIGHT methodology section,2026-10-01,not_score_ready_genuine_absence,exhaustive search found no applicable governing rule
Bridgeport,N2__House B,N2,,V3,Vertical development capacity,confirmed,,2.0,2.0,86.0,X.X0.6 HEIGHT -- House B,,stories never converted to feet without explicit legal conversion,targeted_visual_table_recovery,0.9,0.9,confirmed_governing_rule,structurally_non_equivalent,,2026-10-01,score_ready_with_caveat,"confirmed but only comparable via a predeclared ordinal/categorical rubric, not a direct metric"
Bridgeport,N2__House B,N2,,V3,Vertical development capacity,genuine_absence_after_targeted_search,,,,86.0,X.X0.6 HEIGHT -- House B,,"no total-building-height-in-feet value found on this page, in the document-wide 'Height'/'ft' tight-regex pass, or in the Chapter 14.20.10 measurement-methodology section",targeted_visual_table_recovery,0.9,0.9,genuine_absence_after_targeted_search,missing,searched: X.X0.6 HEIGHT tables (13/13); 14.20.10 BUILDING HEIGHT methodology section,2026-10-01,not_score_ready_genuine_absence,exhaustive search found no applicable governing rule
Bridgeport,N3__House C,N3,,V3,Vertical development capacity,confirmed,,2.5,2.5,94.0,X.X0.6 HEIGHT -- House C,,stories never converted to feet without explicit legal conversion,targeted_visual_table_recovery,0.9,0.9,confirmed_governing_rule,structurally_non_equivalent,,2026-10-01,score_ready_with_caveat,"confirmed but only comparable via a predeclared ordinal/categorical rubric, not a direct metric"
Bridgeport,N3__House C,N3,,V3,Vertical development capacity,genuine_absence_after_targeted_search,,,,94.0,X.X0.6 HEIGHT -- House C,,"no total-building-height-in-feet value found on this page, in the document-wide 'Height'/'ft' tight-regex pass, or in the Chapter 14.20.10 measurement-methodology section",targeted_visual_table_recovery,0.9,0.9,genuine_absence_after_targeted_search,missing,searched: X.X0.6 HEIGHT tables (13/13); 14.20.10 BUILDING HEIGHT methodology section,2026-10-01,not_score_ready_genuine_absence,exhaustive search found no applicable governing rule
Bridgeport,N4__House D,N4,,V3,Vertical development capacity,confirmed,,2.0,2.0,102.0,X.X0.6 HEIGHT -- House D,,stories never converted to feet without explicit legal conversion,targeted_visual_table_recovery,0.9,0.9,confirmed_governing_rule,structurally_non_equivalent,,2026-10-01,score_ready_with_caveat,"confirmed but only comparable via a predeclared ordinal/categorical rubric, not a direct metric"
Bridgeport,N4__House D,N4,,V3,Vertical development capacity,genuine_absence_after_targeted_search,,,,102.0,X.X0.6 HEIGHT -- House D,,"no total-building-height-in-feet value found on this page, in the document-wide 'Height'/'ft' tight-regex pass, or in the Chapter 14.20.10 measurement-methodology section",targeted_visual_table_recovery,0.9,0.9,genuine_absence_after_targeted_search,missing,searched: X.X0.6 HEIGHT tables (13/13); 14.20.10 BUILDING HEIGHT methodology section,2026-10-01,not_score_ready_genuine_absence,exhaustive search found no applicable governing rule
Bridgeport,CX__Workshop,CX,,V3,Vertical development capacity,confirmed,,3.0,3.0,110.0,X.X0.6 HEIGHT -- Workshop,,stories never converted to feet without explicit legal conversion,targeted_visual_table_recovery,0.9,0.9,confirmed_governing_rule,structurally_non_equivalent,,2026-10-01,score_ready_with_caveat,"confirmed but only comparable via a predeclared ordinal/categorical rubric, not a direct metric"
Bridgeport,CX__Workshop,CX,,V3,Vertical development capacity,genuine_absence_after_targeted_search,,,,110.0,X.X0.6 HEIGHT -- Workshop,,"no total-building-height-in-feet value found on this page, in the document-wide 'Height'/'ft' tight-regex pass, or in the Chapter 14.20.10 measurement-methodology section",targeted_visual_table_recovery,0.9,0.9,genuine_absence_after_targeted_search,missing,searched: X.X0.6 HEIGHT tables (13/13); 14.20.10 BUILDING HEIGHT methodology section,2026-10-01,not_score_ready_genuine_absence,exhaustive search found no applicable governing rule
Bridgeport,I__Workshop,I,,V3,Vertical development capacity,confirmed,,3.0,3.0,110.0,X.X0.6 HEIGHT -- Workshop,,stories never converted to feet without explicit legal conversion,targeted_visual_table_recovery,0.9,0.9,confirmed_governing_rule,structurally_non_equivalent,,2026-10-01,score_ready_with_caveat,"confirmed but only comparable via a predeclared ordinal/categorical rubric, not a direct metric"
Bridgeport,I__Workshop,I,,V3,Vertical development capacity,genuine_absence_after_targeted_search,,,,110.0,X.X0.6 HEIGHT -- Workshop,,"no total-building-height-in-feet value found on this page, in the document-wide 'Height'/'ft' tight-regex pass, or in the Chapter 14.20.10 measurement-methodology section",targeted_visual_table_recovery,0.9,0.9,genuine_absence_after_targeted_search,missing,searched: X.X0.6 HEIGHT tables (13/13); 14.20.10 BUILDING HEIGHT methodology section,2026-10-01,not_score_ready_genuine_absence,exhaustive search found no applicable governing rule
Bridgeport,DX1__Civic,DX1,,V3,Vertical development capacity,confirmed,,3.0,3.0,118.0,X.X0.6 HEIGHT -- Civic,,stories never converted to feet without explicit legal conversion,targeted_visual_table_recovery,0.9,0.9,confirmed_governing_rule,structurally_non_equivalent,,2026-10-01,score_ready_with_caveat,"confirmed but only comparable via a predeclared ordinal/categorical rubric, not a direct metric"
Bridgeport,DX1__Civic,DX1,,V3,Vertical development capacity,genuine_absence_after_targeted_search,,,,118.0,X.X0.6 HEIGHT -- Civic,,"no total-building-height-in-feet value found on this page, in the document-wide 'Height'/'ft' tight-regex pass, or in the Chapter 14.20.10 measurement-methodology section",targeted_visual_table_recovery,0.9,0.9,genuine_absence_after_targeted_search,missing,searched: X.X0.6 HEIGHT tables (13/13); 14.20.10 BUILDING HEIGHT methodology section,2026-10-01,not_score_ready_genuine_absence,exhaustive search found no applicable governing rule
Bridgeport,P3__Civic,P3,,V3,Vertical development capacity,confirmed,,12.0,12.0,118.0,X.X0.6 HEIGHT -- Civic,,stories never converted to feet without explicit legal conversion,targeted_visual_table_recovery,0.9,0.9,confirmed_governing_rule,structurally_non_equivalent,,2026-10-01,score_ready_with_caveat,"confirmed but only comparable via a predeclared ordinal/categorical rubric, not a direct metric"
Bridgeport,P3__Civic,P3,,V3,Vertical development capacity,genuine_absence_after_targeted_search,,,,118.0,X.X0.6 HEIGHT -- Civic,,"no total-building-height-in-feet value found on this page, in the document-wide 'Height'/'ft' tight-regex pass, or in the Chapter 14.20.10 measurement-methodology section",targeted_visual_table_recovery,0.9,0.9,genuine_absence_after_targeted_search,missing,searched: X.X0.6 HEIGHT tables (13/13); 14.20.10 BUILDING HEIGHT methodology section,2026-10-01,not_score_ready_genuine_absence,exhaustive search found no applicable governing rule
Bridgeport,P1__Civic,P1,,V3,Vertical development capacity,confirmed,,3.0,3.0,118.0,X.X0.6 HEIGHT -- Civic,,stories never converted to feet without explicit legal conversion,targeted_visual_table_recovery,0.9,0.9,confirmed_governing_rule,structurally_non_equivalent,,2026-10-01,score_ready_with_caveat,"confirmed but only comparable via a predeclared ordinal/categorical rubric, not a direct metric"
Bridgeport,P1__Civic,P1,,V3,Vertical development capacity,genuine_absence_after_targeted_search,,,,118.0,X.X0.6 HEIGHT -- Civic,,"no total-building-height-in-feet value found on this page, in the document-wide 'Height'/'ft' tight-regex pass, or in the Chapter 14.20.10 measurement-methodology section",targeted_visual_table_recovery,0.9,0.9,genuine_absence_after_targeted_search,missing,searched: X.X0.6 HEIGHT tables (13/13); 14.20.10 BUILDING HEIGHT methodology section,2026-10-01,not_score_ready_genuine_absence,exhaustive search found no applicable governing rule
Bridgeport,CITYWIDE,ALL,,V6,Vehicle-parking burden,confirmed_qualitative_rule,no_minimum_parking_requirement,,0.0,228.0,8.20.1 MINIMUM RATIOS,This zoning code does not establish minimum off-street parking requirements,"explicit citywide statement, no exceptions found for residential uses",direct_reading,0.95,0.9,confirmed_qualitative_rule,directly_comparable,exceptions checked: 8.20.2 (maximums only); no district-specific supersession found,2026-10-01,score_ready,confirmed with a direct or documented-transform comparability status
Bridgeport,CITYWIDE,ALL,,V8,ADU entitlement pathway,confirmed,allowed_subject_to_objective_conditions,,,155.0,4.70.2 Accessory Apartments,No more than one accessory apartment is allowed per lot...size may not exceed 49% of GFA or 800 sqft...,Bridgeport's own term is 'Accessory Apartment'; conditions documented in Phase 2,direct_reading,0.95,0.9,confirmed_governing_rule,comparable_with_documented_transform,,2026-10-01,score_ready,confirmed with a direct or documented-transform comparability status
Bridgeport,CITYWIDE,ALL,,V7,3+-unit housing entitlement pathway,unresolved_scope_or_cross_reference,,,,,,,Household Living use category spans all unit counts; the master use-permission table (Article 4.0) gating by-right/special-permit status per zone was not located in this pass -- see Section 3,direct_reading,0.95,0.9,unresolved_scope_or_cross_reference,needs_manual_harmonization,"searched: 4.0 Uses TOC (p.141), 4.10 Use Tables instructions (p.142), 4.30 Residential Use Group definitions (p.143); master table not found",2026-10-01,not_score_ready_manual_review,evidence found but governing scope/symbol not yet confirmed
Bridgeport,page_29__PARKING,,,V5,Building-placement control,pending_visual_recovery,,,,29.0,X.X0.5 PARKING & ACCESSORY STRUCTURES,,confirmed real family member (document-wide hierarchy search + 2/13 already transcribed); not transcribed in this pass,targeted_visual_table_recovery_not_yet_performed,,,pending_visual_recovery,needs_manual_harmonization,,2026-10-01,not_score_ready_pending_recovery,evidence not yet transcribed
Bridgeport,page_37__PARKING,,,V5,Building-placement control,pending_visual_recovery,,,,37.0,X.X0.5 PARKING & ACCESSORY STRUCTURES,,confirmed real family member (document-wide hierarchy search + 2/13 already transcribed); not transcribed in this pass,targeted_visual_table_recovery_not_yet_performed,,,pending_visual_recovery,needs_manual_harmonization,,2026-10-01,not_score_ready_pending_recovery,evidence not yet transcribed
Bridgeport,page_53__PARKING,,,V5,Building-placement control,pending_visual_recovery,,,,53.0,X.X0.5 PARKING & ACCESSORY STRUCTURES,,confirmed real family member (document-wide hierarchy search + 2/13 already transcribed); not transcribed in this pass,targeted_visual_table_recovery_not_yet_performed,,,pending_visual_recovery,needs_manual_harmonization,,2026-10-01,not_score_ready_pending_recovery,evidence not yet transcribed
Bridgeport,page_61__PARKING,,,V5,Building-placement control,pending_visual_recovery,,,,61.0,X.X0.5 PARKING & ACCESSORY STRUCTURES,,confirmed real family member (document-wide hierarchy search + 2/13 already transcribed); not transcribed in this pass,targeted_visual_table_recovery_not_yet_performed,,,pending_visual_recovery,needs_manual_harmonization,,2026-10-01,not_score_ready_pending_recovery,evidence not yet transcribed
Bridgeport,page_69__PARKING,,,V5,Building-placement control,pending_visual_recovery,,,,69.0,X.X0.5 PARKING & ACCESSORY STRUCTURES,,confirmed real family member (document-wide hierarchy search + 2/13 already transcribed); not transcribed in this pass,targeted_visual_table_recovery_not_yet_performed,,,pending_visual_recovery,needs_manual_harmonization,,2026-10-01,not_score_ready_pending_recovery,evidence not yet transcribed
Bridgeport,page_77__PARKING,,,V5,Building-placement control,pending_visual_recovery,,,,77.0,X.X0.5 PARKING & ACCESSORY STRUCTURES,,confirmed real family member (document-wide hierarchy search + 2/13 already transcribed); not transcribed in this pass,targeted_visual_table_recovery_not_yet_performed,,,pending_visual_recovery,needs_manual_harmonization,,2026-10-01,not_score_ready_pending_recovery,evidence not yet transcribed
Bridgeport,page_85__PARKING,,,V5,Building-placement control,pending_visual_recovery,,,,85.0,X.X0.5 PARKING & ACCESSORY STRUCTURES,,confirmed real family member (document-wide hierarchy search + 2/13 already transcribed); not transcribed in this pass,targeted_visual_table_recovery_not_yet_performed,,,pending_visual_recovery,needs_manual_harmonization,,2026-10-01,not_score_ready_pending_recovery,evidence not yet transcribed
Bridgeport,page_93__PARKING,,,V5,Building-placement control,pending_visual_recovery,,,,93.0,X.X0.5 PARKING & ACCESSORY STRUCTURES,,confirmed real family member (document-wide hierarchy search + 2/13 already transcribed); not transcribed in this pass,targeted_visual_table_recovery_not_yet_performed,,,pending_visual_recovery,needs_manual_harmonization,,2026-10-01,not_score_ready_pending_recovery,evidence not yet transcribed
Bridgeport,page_101__PARKING,,,V5,Building-placement control,pending_visual_recovery,,,,101.0,X.X0.5 PARKING & ACCESSORY STRUCTURES,,confirmed real family member (document-wide hierarchy search + 2/13 already transcribed); not transcribed in this pass,targeted_visual_table_recovery_not_yet_performed,,,pending_visual_recovery,needs_manual_harmonization,,2026-10-01,not_score_ready_pending_recovery,evidence not yet transcribed
Bridgeport,page_109__PARKING,,,V5,Building-placement control,pending_visual_recovery,,,,109.0,X.X0.5 PARKING & ACCESSORY STRUCTURES,,confirmed real family member (document-wide hierarchy search + 2/13 already transcribed); not transcribed in this pass,targeted_visual_table_recovery_not_yet_performed,,,pending_visual_recovery,needs_manual_harmonization,,2026-10-01,not_score_ready_pending_recovery,evidence not yet transcribed
Bridgeport,page_117__PARKING,,,V5,Building-placement control,pending_visual_recovery,,,,117.0,X.X0.5 PARKING & ACCESSORY STRUCTURES,,confirmed real family member (document-wide hierarchy search + 2/13 already transcribed); not transcribed in this pass,targeted_visual_table_recovery_not_yet_performed,,,pending_visual_recovery,needs_manual_harmonization,,2026-10-01,not_score_ready_pending_recovery,evidence not yet transcribed
Bridgeport,OH__HELD,OH,Historic Overlay,V1,Minimum lot-size threshold,pending_visual_recovery,,,,,,,district has no verified narrative anchor and/or no building-type-specific table was located for it in this pass,,,,pending_visual_recovery,needs_manual_harmonization,,2026-10-01,not_score_ready_pending_recovery,evidence not yet transcribed
Bridgeport,OH__HELD,OH,Historic Overlay,V2,Minimum lot-width threshold,pending_visual_recovery,,,,,,,district has no verified narrative anchor and/or no building-type-specific table was located for it in this pass,,,,pending_visual_recovery,needs_manual_harmonization,,2026-10-01,not_score_ready_pending_recovery,evidence not yet transcribed
Bridgeport,OH__HELD,OH,Historic Overlay,V3,Vertical development capacity,pending_visual_recovery,,,,,,,district has no verified narrative anchor and/or no building-type-specific table was located for it in this pass,,,,pending_visual_recovery,needs_manual_harmonization,,2026-10-01,not_score_ready_pending_recovery,evidence not yet transcribed
Bridgeport,OH__HELD,OH,Historic Overlay,V4,Site-intensity / ground-plane control,pending_visual_recovery,,,,,,,district has no verified narrative anchor and/or no building-type-specific table was located for it in this pass,,,,pending_visual_recovery,needs_manual_harmonization,,2026-10-01,not_score_ready_pending_recovery,evidence not yet transcribed
Bridgeport,OH__HELD,OH,Historic Overlay,V5,Building-placement control,pending_visual_recovery,,,,,,,district has no verified narrative anchor and/or no building-type-specific table was located for it in this pass,,,,pending_visual_recovery,needs_manual_harmonization,,2026-10-01,not_score_ready_pending_recovery,evidence not yet transcribed
Bridgeport,OH__HELD,OH,Historic Overlay,V6,Vehicle-parking burden,pending_visual_recovery,,,,,,,district has no verified narrative anchor and/or no building-type-specific table was located for it in this pass,,,,pending_visual_recovery,needs_manual_harmonization,,2026-10-01,not_score_ready_pending_recovery,evidence not yet transcribed
Bridgeport,OH__HELD,OH,Historic Overlay,V7,3+-unit housing entitlement pathway,pending_visual_recovery,,,,,,,district has no verified narrative anchor and/or no building-type-specific table was located for it in this pass,,,,pending_visual_recovery,needs_manual_harmonization,,2026-10-01,not_score_ready_pending_recovery,evidence not yet transcribed
Bridgeport,OH__HELD,OH,Historic Overlay,V8,ADU entitlement pathway,pending_visual_recovery,,,,,,,district has no verified narrative anchor and/or no building-type-specific table was located for it in this pass,,,,pending_visual_recovery,needs_manual_harmonization,,2026-10-01,not_score_ready_pending_recovery,evidence not yet transcribed
Bridgeport,P4__HELD,P4,Utility and Energy Infrastructure,V1,Minimum lot-size threshold,pending_visual_recovery,,,,,,,district has no verified narrative anchor and/or no building-type-specific table was located for it in this pass,,,,pending_visual_recovery,needs_manual_harmonization,,2026-10-01,not_score_ready_pending_recovery,evidence not yet transcribed
Bridgeport,P4__HELD,P4,Utility and Energy Infrastructure,V2,Minimum lot-width threshold,pending_visual_recovery,,,,,,,district has no verified narrative anchor and/or no building-type-specific table was located for it in this pass,,,,pending_visual_recovery,needs_manual_harmonization,,2026-10-01,not_score_ready_pending_recovery,evidence not yet transcribed
Bridgeport,P4__HELD,P4,Utility and Energy Infrastructure,V3,Vertical development capacity,pending_visual_recovery,,,,,,,district has no verified narrative anchor and/or no building-type-specific table was located for it in this pass,,,,pending_visual_recovery,needs_manual_harmonization,,2026-10-01,not_score_ready_pending_recovery,evidence not yet transcribed
Bridgeport,P4__HELD,P4,Utility and Energy Infrastructure,V4,Site-intensity / ground-plane control,pending_visual_recovery,,,,,,,district has no verified narrative anchor and/or no building-type-specific table was located for it in this pass,,,,pending_visual_recovery,needs_manual_harmonization,,2026-10-01,not_score_ready_pending_recovery,evidence not yet transcribed
Bridgeport,P4__HELD,P4,Utility and Energy Infrastructure,V5,Building-placement control,pending_visual_recovery,,,,,,,district has no verified narrative anchor and/or no building-type-specific table was located for it in this pass,,,,pending_visual_recovery,needs_manual_harmonization,,2026-10-01,not_score_ready_pending_recovery,evidence not yet transcribed
Bridgeport,P4__HELD,P4,Utility and Energy Infrastructure,V6,Vehicle-parking burden,pending_visual_recovery,,,,,,,district has no verified narrative anchor and/or no building-type-specific table was located for it in this pass,,,,pending_visual_recovery,needs_manual_harmonization,,2026-10-01,not_score_ready_pending_recovery,evidence not yet transcribed
Bridgeport,P4__HELD,P4,Utility and Energy Infrastructure,V7,3+-unit housing entitlement pathway,pending_visual_recovery,,,,,,,district has no verified narrative anchor and/or no building-type-specific table was located for it in this pass,,,,pending_visual_recovery,needs_manual_harmonization,,2026-10-01,not_score_ready_pending_recovery,evidence not yet transcribed
Bridgeport,P4__HELD,P4,Utility and Energy Infrastructure,V8,ADU entitlement pathway,pending_visual_recovery,,,,,,,district has no verified narrative anchor and/or no building-type-specific table was located for it in this pass,,,,pending_visual_recovery,needs_manual_harmonization,,2026-10-01,not_score_ready_pending_recovery,evidence not yet transcribed
Bridgeport,P5__HELD,P5,Detention and Correction Facilities,V1,Minimum lot-size threshold,pending_visual_recovery,,,,,,,district has no verified narrative anchor and/or no building-type-specific table was located for it in this pass,,,,pending_visual_recovery,needs_manual_harmonization,,2026-10-01,not_score_ready_pending_recovery,evidence not yet transcribed
Bridgeport,P5__HELD,P5,Detention and Correction Facilities,V2,Minimum lot-width threshold,pending_visual_recovery,,,,,,,district has no verified narrative anchor and/or no building-type-specific table was located for it in this pass,,,,pending_visual_recovery,needs_manual_harmonization,,2026-10-01,not_score_ready_pending_recovery,evidence not yet transcribed
Bridgeport,P5__HELD,P5,Detention and Correction Facilities,V3,Vertical development capacity,pending_visual_recovery,,,,,,,district has no verified narrative anchor and/or no building-type-specific table was located for it in this pass,,,,pending_visual_recovery,needs_manual_harmonization,,2026-10-01,not_score_ready_pending_recovery,evidence not yet transcribed
Bridgeport,P5__HELD,P5,Detention and Correction Facilities,V4,Site-intensity / ground-plane control,pending_visual_recovery,,,,,,,district has no verified narrative anchor and/or no building-type-specific table was located for it in this pass,,,,pending_visual_recovery,needs_manual_harmonization,,2026-10-01,not_score_ready_pending_recovery,evidence not yet transcribed
Bridgeport,P5__HELD,P5,Detention and Correction Facilities,V5,Building-placement control,pending_visual_recovery,,,,,,,district has no verified narrative anchor and/or no building-type-specific table was located for it in this pass,,,,pending_visual_recovery,needs_manual_harmonization,,2026-10-01,not_score_ready_pending_recovery,evidence not yet transcribed
Bridgeport,P5__HELD,P5,Detention and Correction Facilities,V6,Vehicle-parking burden,pending_visual_recovery,,,,,,,district has no verified narrative anchor and/or no building-type-specific table was located for it in this pass,,,,pending_visual_recovery,needs_manual_harmonization,,2026-10-01,not_score_ready_pending_recovery,evidence not yet transcribed
Bridgeport,P5__HELD,P5,Detention and Correction Facilities,V7,3+-unit housing entitlement pathway,pending_visual_recovery,,,,,,,district has no verified narrative anchor and/or no building-type-specific table was located for it in this pass,,,,pending_visual_recovery,needs_manual_harmonization,,2026-10-01,not_score_ready_pending_recovery,evidence not yet transcribed
Bridgeport,P5__HELD,P5,Detention and Correction Facilities,V8,ADU entitlement pathway,pending_visual_recovery,,,,,,,district has no verified narrative anchor and/or no building-type-specific table was located for it in this pass,,,,pending_visual_recovery,needs_manual_harmonization,,2026-10-01,not_score_ready_pending_recovery,evidence not yet transcribed
Bridgeport,CX__V9,CX,Heavy Commercial,V9,Residential density / unit-cap control,confirmed_qualitative_rule,building_type_only_density_control,,,,3.0 Site & Building Types (document-wide),,"zero 'FAR'/'density'/'units per acre' tokens found document-wide; unit count is instead gated entirely by which building type a district permits -- House A/B/C/D are inherently 1-2-unit forms per their own definitions, the other 9 types explicitly allow multiple units/principal buildings",document_wide_term_search_plus_prior_building_siting_recovery,0.8,0.8,confirmed_qualitative_rule,structurally_non_equivalent,"searched: 'density','units per acre','dwelling units per','maximum units' (0 hits document-wide)",2026-10-01,score_ready_with_caveat,"confirmed but only comparable via a predeclared ordinal/categorical rubric, not a direct metric"
Bridgeport,DX1__V9,DX1,Downtown Core,V9,Residential density / unit-cap control,confirmed_qualitative_rule,building_type_only_density_control,,,,3.0 Site & Building Types (document-wide),,"zero 'FAR'/'density'/'units per acre' tokens found document-wide; unit count is instead gated entirely by which building type a district permits -- House A/B/C/D are inherently 1-2-unit forms per their own definitions, the other 9 types explicitly allow multiple units/principal buildings",document_wide_term_search_plus_prior_building_siting_recovery,0.8,0.8,confirmed_qualitative_rule,structurally_non_equivalent,"searched: 'density','units per acre','dwelling units per','maximum units' (0 hits document-wide)",2026-10-01,score_ready_with_caveat,"confirmed but only comparable via a predeclared ordinal/categorical rubric, not a direct metric"
Bridgeport,DX2__V9,DX2,Downtown Support,V9,Residential density / unit-cap control,confirmed_qualitative_rule,building_type_only_density_control,,,,3.0 Site & Building Types (document-wide),,"zero 'FAR'/'density'/'units per acre' tokens found document-wide; unit count is instead gated entirely by which building type a district permits -- House A/B/C/D are inherently 1-2-unit forms per their own definitions, the other 9 types explicitly allow multiple units/principal buildings",document_wide_term_search_plus_prior_building_siting_recovery,0.8,0.8,confirmed_qualitative_rule,structurally_non_equivalent,"searched: 'density','units per acre','dwelling units per','maximum units' (0 hits document-wide)",2026-10-01,score_ready_with_caveat,"confirmed but only comparable via a predeclared ordinal/categorical rubric, not a direct metric"
Bridgeport,I__V9,I,Industrial,V9,Residential density / unit-cap control,confirmed_qualitative_rule,building_type_only_density_control,,,,3.0 Site & Building Types (document-wide),,"zero 'FAR'/'density'/'units per acre' tokens found document-wide; unit count is instead gated entirely by which building type a district permits -- House A/B/C/D are inherently 1-2-unit forms per their own definitions, the other 9 types explicitly allow multiple units/principal buildings",document_wide_term_search_plus_prior_building_siting_recovery,0.8,0.8,confirmed_qualitative_rule,structurally_non_equivalent,"searched: 'density','units per acre','dwelling units per','maximum units' (0 hits document-wide)",2026-10-01,score_ready_with_caveat,"confirmed but only comparable via a predeclared ordinal/categorical rubric, not a direct metric"
Bridgeport,IX__V9,IX,Office-Industrial Centers,V9,Residential density / unit-cap control,confirmed_qualitative_rule,building_type_only_density_control,,,,3.0 Site & Building Types (document-wide),,"zero 'FAR'/'density'/'units per acre' tokens found document-wide; unit count is instead gated entirely by which building type a district permits -- House A/B/C/D are inherently 1-2-unit forms per their own definitions, the other 9 types explicitly allow multiple units/principal buildings",document_wide_term_search_plus_prior_building_siting_recovery,0.8,0.8,confirmed_qualitative_rule,structurally_non_equivalent,"searched: 'density','units per acre','dwelling units per','maximum units' (0 hits document-wide)",2026-10-01,score_ready_with_caveat,"confirmed but only comparable via a predeclared ordinal/categorical rubric, not a direct metric"
Bridgeport,MX1__V9,MX1,Mixed-Use Corridor,V9,Residential density / unit-cap control,confirmed_qualitative_rule,building_type_only_density_control,,,,3.0 Site & Building Types (document-wide),,"zero 'FAR'/'density'/'units per acre' tokens found document-wide; unit count is instead gated entirely by which building type a district permits -- House A/B/C/D are inherently 1-2-unit forms per their own definitions, the other 9 types explicitly allow multiple units/principal buildings",document_wide_term_search_plus_prior_building_siting_recovery,0.8,0.8,confirmed_qualitative_rule,structurally_non_equivalent,"searched: 'density','units per acre','dwelling units per','maximum units' (0 hits document-wide)",2026-10-01,score_ready_with_caveat,"confirmed but only comparable via a predeclared ordinal/categorical rubric, not a direct metric"
Bridgeport,MX2__V9,MX2,Mixed-Use Centers,V9,Residential density / unit-cap control,confirmed_qualitative_rule,building_type_only_density_control,,,,3.0 Site & Building Types (document-wide),,"zero 'FAR'/'density'/'units per acre' tokens found document-wide; unit count is instead gated entirely by which building type a district permits -- House A/B/C/D are inherently 1-2-unit forms per their own definitions, the other 9 types explicitly allow multiple units/principal buildings",document_wide_term_search_plus_prior_building_siting_recovery,0.8,0.8,confirmed_qualitative_rule,structurally_non_equivalent,"searched: 'density','units per acre','dwelling units per','maximum units' (0 hits document-wide)",2026-10-01,score_ready_with_caveat,"confirmed but only comparable via a predeclared ordinal/categorical rubric, not a direct metric"
Bridgeport,MXN__V9,MXN,Mixed-Use Neighborhood Corners,V9,Residential density / unit-cap control,confirmed_qualitative_rule,building_type_only_density_control,,,,3.0 Site & Building Types (document-wide),,"zero 'FAR'/'density'/'units per acre' tokens found document-wide; unit count is instead gated entirely by which building type a district permits -- House A/B/C/D are inherently 1-2-unit forms per their own definitions, the other 9 types explicitly allow multiple units/principal buildings",document_wide_term_search_plus_prior_building_siting_recovery,0.8,0.8,confirmed_qualitative_rule,structurally_non_equivalent,"searched: 'density','units per acre','dwelling units per','maximum units' (0 hits document-wide)",2026-10-01,score_ready_with_caveat,"confirmed but only comparable via a predeclared ordinal/categorical rubric, not a direct metric"
Bridgeport,N1__V9,N1,Neighborhood: Traditional,V9,Residential density / unit-cap control,confirmed_qualitative_rule,building_type_only_density_control,,,,3.0 Site & Building Types (document-wide),,"zero 'FAR'/'density'/'units per acre' tokens found document-wide; unit count is instead gated entirely by which building type a district permits -- House A/B/C/D are inherently 1-2-unit forms per their own definitions, the other 9 types explicitly allow multiple units/principal buildings",document_wide_term_search_plus_prior_building_siting_recovery,0.8,0.8,confirmed_qualitative_rule,structurally_non_equivalent,"searched: 'density','units per acre','dwelling units per','maximum units' (0 hits document-wide)",2026-10-01,score_ready_with_caveat,"confirmed but only comparable via a predeclared ordinal/categorical rubric, not a direct metric"
Bridgeport,N2__V9,N2,Neighborhood: Mid-Century,V9,Residential density / unit-cap control,confirmed_qualitative_rule,building_type_only_density_control,,,,3.0 Site & Building Types (document-wide),,"zero 'FAR'/'density'/'units per acre' tokens found document-wide; unit count is instead gated entirely by which building type a district permits -- House A/B/C/D are inherently 1-2-unit forms per their own definitions, the other 9 types explicitly allow multiple units/principal buildings",document_wide_term_search_plus_prior_building_siting_recovery,0.8,0.8,confirmed_qualitative_rule,structurally_non_equivalent,"searched: 'density','units per acre','dwelling units per','maximum units' (0 hits document-wide)",2026-10-01,score_ready_with_caveat,"confirmed but only comparable via a predeclared ordinal/categorical rubric, not a direct metric"
Bridgeport,N3__V9,N3,Neighborhood: Large Lot,V9,Residential density / unit-cap control,confirmed_qualitative_rule,building_type_only_density_control,,,,3.0 Site & Building Types (document-wide),,"zero 'FAR'/'density'/'units per acre' tokens found document-wide; unit count is instead gated entirely by which building type a district permits -- House A/B/C/D are inherently 1-2-unit forms per their own definitions, the other 9 types explicitly allow multiple units/principal buildings",document_wide_term_search_plus_prior_building_siting_recovery,0.8,0.8,confirmed_qualitative_rule,structurally_non_equivalent,"searched: 'density','units per acre','dwelling units per','maximum units' (0 hits document-wide)",2026-10-01,score_ready_with_caveat,"confirmed but only comparable via a predeclared ordinal/categorical rubric, not a direct metric"
Bridgeport,N4__V9,N4,Neighborhood: Suburban,V9,Residential density / unit-cap control,confirmed_qualitative_rule,building_type_only_density_control,,,,3.0 Site & Building Types (document-wide),,"zero 'FAR'/'density'/'units per acre' tokens found document-wide; unit count is instead gated entirely by which building type a district permits -- House A/B/C/D are inherently 1-2-unit forms per their own definitions, the other 9 types explicitly allow multiple units/principal buildings",document_wide_term_search_plus_prior_building_siting_recovery,0.8,0.8,confirmed_qualitative_rule,structurally_non_equivalent,"searched: 'density','units per acre','dwelling units per','maximum units' (0 hits document-wide)",2026-10-01,score_ready_with_caveat,"confirmed but only comparable via a predeclared ordinal/categorical rubric, not a direct metric"
Bridgeport,NX1__V9,NX1,Neighborhood Mix,V9,Residential density / unit-cap control,confirmed_qualitative_rule,building_type_only_density_control,,,,3.0 Site & Building Types (document-wide),,"zero 'FAR'/'density'/'units per acre' tokens found document-wide; unit count is instead gated entirely by which building type a district permits -- House A/B/C/D are inherently 1-2-unit forms per their own definitions, the other 9 types explicitly allow multiple units/principal buildings",document_wide_term_search_plus_prior_building_siting_recovery,0.8,0.8,confirmed_qualitative_rule,structurally_non_equivalent,"searched: 'density','units per acre','dwelling units per','maximum units' (0 hits document-wide)",2026-10-01,score_ready_with_caveat,"confirmed but only comparable via a predeclared ordinal/categorical rubric, not a direct metric"
Bridgeport,NX2__V9,NX2,,V9,Residential density / unit-cap control,confirmed_qualitative_rule,building_type_only_density_control,,,,3.0 Site & Building Types (document-wide),,"zero 'FAR'/'density'/'units per acre' tokens found document-wide; unit count is instead gated entirely by which building type a district permits -- House A/B/C/D are inherently 1-2-unit forms per their own definitions, the other 9 types explicitly allow multiple units/principal buildings",document_wide_term_search_plus_prior_building_siting_recovery,0.8,0.8,confirmed_qualitative_rule,structurally_non_equivalent,"searched: 'density','units per acre','dwelling units per','maximum units' (0 hits document-wide)",2026-10-01,score_ready_with_caveat,"confirmed but only comparable via a predeclared ordinal/categorical rubric, not a direct metric"
Bridgeport,NX3__V9,NX3,Mixed Residential,V9,Residential density / unit-cap control,confirmed_qualitative_rule,building_type_only_density_control,,,,3.0 Site & Building Types (document-wide),,"zero 'FAR'/'density'/'units per acre' tokens found document-wide; unit count is instead gated entirely by which building type a district permits -- House A/B/C/D are inherently 1-2-unit forms per their own definitions, the other 9 types explicitly allow multiple units/principal buildings",document_wide_term_search_plus_prior_building_siting_recovery,0.8,0.8,confirmed_qualitative_rule,structurally_non_equivalent,"searched: 'density','units per acre','dwelling units per','maximum units' (0 hits document-wide)",2026-10-01,score_ready_with_caveat,"confirmed but only comparable via a predeclared ordinal/categorical rubric, not a direct metric"
Bridgeport,NX4__V9,NX4,Mixed Residential,V9,Residential density / unit-cap control,confirmed_qualitative_rule,building_type_only_density_control,,,,3.0 Site & Building Types (document-wide),,"zero 'FAR'/'density'/'units per acre' tokens found document-wide; unit count is instead gated entirely by which building type a district permits -- House A/B/C/D are inherently 1-2-unit forms per their own definitions, the other 9 types explicitly allow multiple units/principal buildings",document_wide_term_search_plus_prior_building_siting_recovery,0.8,0.8,confirmed_qualitative_rule,structurally_non_equivalent,"searched: 'density','units per acre','dwelling units per','maximum units' (0 hits document-wide)",2026-10-01,score_ready_with_caveat,"confirmed but only comparable via a predeclared ordinal/categorical rubric, not a direct metric"
Bridgeport,OH__V9,OH,Historic Overlay,V9,Residential density / unit-cap control,confirmed_qualitative_rule,building_type_only_density_control,,,,3.0 Site & Building Types (document-wide),,"zero 'FAR'/'density'/'units per acre' tokens found document-wide; unit count is instead gated entirely by which building type a district permits -- House A/B/C/D are inherently 1-2-unit forms per their own definitions, the other 9 types explicitly allow multiple units/principal buildings",document_wide_term_search_plus_prior_building_siting_recovery,0.8,0.8,confirmed_qualitative_rule,structurally_non_equivalent,"searched: 'density','units per acre','dwelling units per','maximum units' (0 hits document-wide)",2026-10-01,score_ready_with_caveat,"confirmed but only comparable via a predeclared ordinal/categorical rubric, not a direct metric"
Bridgeport,P1__V9,P1,Parks and Open Space,V9,Residential density / unit-cap control,confirmed_qualitative_rule,building_type_only_density_control,,,,3.0 Site & Building Types (document-wide),,"zero 'FAR'/'density'/'units per acre' tokens found document-wide; unit count is instead gated entirely by which building type a district permits -- House A/B/C/D are inherently 1-2-unit forms per their own definitions, the other 9 types explicitly allow multiple units/principal buildings",document_wide_term_search_plus_prior_building_siting_recovery,0.8,0.8,confirmed_qualitative_rule,structurally_non_equivalent,"searched: 'density','units per acre','dwelling units per','maximum units' (0 hits document-wide)",2026-10-01,score_ready_with_caveat,"confirmed but only comparable via a predeclared ordinal/categorical rubric, not a direct metric"
Bridgeport,P2__V9,P2,Civic and Institutional Buildings,V9,Residential density / unit-cap control,confirmed_qualitative_rule,building_type_only_density_control,,,,3.0 Site & Building Types (document-wide),,"zero 'FAR'/'density'/'units per acre' tokens found document-wide; unit count is instead gated entirely by which building type a district permits -- House A/B/C/D are inherently 1-2-unit forms per their own definitions, the other 9 types explicitly allow multiple units/principal buildings",document_wide_term_search_plus_prior_building_siting_recovery,0.8,0.8,confirmed_qualitative_rule,structurally_non_equivalent,"searched: 'density','units per acre','dwelling units per','maximum units' (0 hits document-wide)",2026-10-01,score_ready_with_caveat,"confirmed but only comparable via a predeclared ordinal/categorical rubric, not a direct metric"
Bridgeport,P3__V9,P3,Institutional Campuses,V9,Residential density / unit-cap control,confirmed_qualitative_rule,building_type_only_density_control,,,,3.0 Site & Building Types (document-wide),,"zero 'FAR'/'density'/'units per acre' tokens found document-wide; unit count is instead gated entirely by which building type a district permits -- House A/B/C/D are inherently 1-2-unit forms per their own definitions, the other 9 types explicitly allow multiple units/principal buildings",document_wide_term_search_plus_prior_building_siting_recovery,0.8,0.8,confirmed_qualitative_rule,structurally_non_equivalent,"searched: 'density','units per acre','dwelling units per','maximum units' (0 hits document-wide)",2026-10-01,score_ready_with_caveat,"confirmed but only comparable via a predeclared ordinal/categorical rubric, not a direct metric"
Bridgeport,P4__V9,P4,Utility and Energy Infrastructure,V9,Residential density / unit-cap control,confirmed_qualitative_rule,building_type_only_density_control,,,,3.0 Site & Building Types (document-wide),,"zero 'FAR'/'density'/'units per acre' tokens found document-wide; unit count is instead gated entirely by which building type a district permits -- House A/B/C/D are inherently 1-2-unit forms per their own definitions, the other 9 types explicitly allow multiple units/principal buildings",document_wide_term_search_plus_prior_building_siting_recovery,0.8,0.8,confirmed_qualitative_rule,structurally_non_equivalent,"searched: 'density','units per acre','dwelling units per','maximum units' (0 hits document-wide)",2026-10-01,score_ready_with_caveat,"confirmed but only comparable via a predeclared ordinal/categorical rubric, not a direct metric"
Bridgeport,P5__V9,P5,Detention and Correction Facilities,V9,Residential density / unit-cap control,confirmed_qualitative_rule,building_type_only_density_control,,,,3.0 Site & Building Types (document-wide),,"zero 'FAR'/'density'/'units per acre' tokens found document-wide; unit count is instead gated entirely by which building type a district permits -- House A/B/C/D are inherently 1-2-unit forms per their own definitions, the other 9 types explicitly allow multiple units/principal buildings",document_wide_term_search_plus_prior_building_siting_recovery,0.8,0.8,confirmed_qualitative_rule,structurally_non_equivalent,"searched: 'density','units per acre','dwelling units per','maximum units' (0 hits document-wide)",2026-10-01,score_ready_with_caveat,"confirmed but only comparable via a predeclared ordinal/categorical rubric, not a direct metric"
Bridgeport,RX1__V9,RX1,,V9,Residential density / unit-cap control,confirmed_qualitative_rule,building_type_only_density_control,,,,3.0 Site & Building Types (document-wide),,"zero 'FAR'/'density'/'units per acre' tokens found document-wide; unit count is instead gated entirely by which building type a district permits -- House A/B/C/D are inherently 1-2-unit forms per their own definitions, the other 9 types explicitly allow multiple units/principal buildings",document_wide_term_search_plus_prior_building_siting_recovery,0.8,0.8,confirmed_qualitative_rule,structurally_non_equivalent,"searched: 'density','units per acre','dwelling units per','maximum units' (0 hits document-wide)",2026-10-01,score_ready_with_caveat,"confirmed but only comparable via a predeclared ordinal/categorical rubric, not a direct metric"
Bridgeport,RX2__V9,RX2,Residential-Office Centers,V9,Residential density / unit-cap control,confirmed_qualitative_rule,building_type_only_density_control,,,,3.0 Site & Building Types (document-wide),,"zero 'FAR'/'density'/'units per acre' tokens found document-wide; unit count is instead gated entirely by which building type a district permits -- House A/B/C/D are inherently 1-2-unit forms per their own definitions, the other 9 types explicitly allow multiple units/principal buildings",document_wide_term_search_plus_prior_building_siting_recovery,0.8,0.8,confirmed_qualitative_rule,structurally_non_equivalent,"searched: 'density','units per acre','dwelling units per','maximum units' (0 hits document-wide)",2026-10-01,score_ready_with_caveat,"confirmed but only comparable via a predeclared ordinal/categorical rubric, not a direct metric"
Bridgeport,CX__V10,CX,Heavy Commercial,V10,Floor-area capacity,genuine_absence_after_targeted_search,form_envelope_only,,,,,,"zero 'FAR'/'floor area ratio'/'gross floor area'/'floorplate' tokens found anywhere in the document; Bridgeport's form-based code regulates bulk via height+coverage+setback/build-to envelope, not FAR",document_wide_term_search,0.85,0.85,genuine_absence_after_targeted_search,missing,"searched: 'floor area ratio','FAR','gross floor area','floorplate' (0 hits in 112,783 native word tokens)",2026-10-01,not_score_ready_genuine_absence,exhaustive search found no applicable governing rule
Bridgeport,DX1__V10,DX1,Downtown Core,V10,Floor-area capacity,genuine_absence_after_targeted_search,form_envelope_only,,,,,,"zero 'FAR'/'floor area ratio'/'gross floor area'/'floorplate' tokens found anywhere in the document; Bridgeport's form-based code regulates bulk via height+coverage+setback/build-to envelope, not FAR",document_wide_term_search,0.85,0.85,genuine_absence_after_targeted_search,missing,"searched: 'floor area ratio','FAR','gross floor area','floorplate' (0 hits in 112,783 native word tokens)",2026-10-01,not_score_ready_genuine_absence,exhaustive search found no applicable governing rule
Bridgeport,DX2__V10,DX2,Downtown Support,V10,Floor-area capacity,genuine_absence_after_targeted_search,form_envelope_only,,,,,,"zero 'FAR'/'floor area ratio'/'gross floor area'/'floorplate' tokens found anywhere in the document; Bridgeport's form-based code regulates bulk via height+coverage+setback/build-to envelope, not FAR",document_wide_term_search,0.85,0.85,genuine_absence_after_targeted_search,missing,"searched: 'floor area ratio','FAR','gross floor area','floorplate' (0 hits in 112,783 native word tokens)",2026-10-01,not_score_ready_genuine_absence,exhaustive search found no applicable governing rule
Bridgeport,I__V10,I,Industrial,V10,Floor-area capacity,genuine_absence_after_targeted_search,form_envelope_only,,,,,,"zero 'FAR'/'floor area ratio'/'gross floor area'/'floorplate' tokens found anywhere in the document; Bridgeport's form-based code regulates bulk via height+coverage+setback/build-to envelope, not FAR",document_wide_term_search,0.85,0.85,genuine_absence_after_targeted_search,missing,"searched: 'floor area ratio','FAR','gross floor area','floorplate' (0 hits in 112,783 native word tokens)",2026-10-01,not_score_ready_genuine_absence,exhaustive search found no applicable governing rule
Bridgeport,IX__V10,IX,Office-Industrial Centers,V10,Floor-area capacity,genuine_absence_after_targeted_search,form_envelope_only,,,,,,"zero 'FAR'/'floor area ratio'/'gross floor area'/'floorplate' tokens found anywhere in the document; Bridgeport's form-based code regulates bulk via height+coverage+setback/build-to envelope, not FAR",document_wide_term_search,0.85,0.85,genuine_absence_after_targeted_search,missing,"searched: 'floor area ratio','FAR','gross floor area','floorplate' (0 hits in 112,783 native word tokens)",2026-10-01,not_score_ready_genuine_absence,exhaustive search found no applicable governing rule
Bridgeport,MX1__V10,MX1,Mixed-Use Corridor,V10,Floor-area capacity,genuine_absence_after_targeted_search,form_envelope_only,,,,,,"zero 'FAR'/'floor area ratio'/'gross floor area'/'floorplate' tokens found anywhere in the document; Bridgeport's form-based code regulates bulk via height+coverage+setback/build-to envelope, not FAR",document_wide_term_search,0.85,0.85,genuine_absence_after_targeted_search,missing,"searched: 'floor area ratio','FAR','gross floor area','floorplate' (0 hits in 112,783 native word tokens)",2026-10-01,not_score_ready_genuine_absence,exhaustive search found no applicable governing rule
Bridgeport,MX2__V10,MX2,Mixed-Use Centers,V10,Floor-area capacity,genuine_absence_after_targeted_search,form_envelope_only,,,,,,"zero 'FAR'/'floor area ratio'/'gross floor area'/'floorplate' tokens found anywhere in the document; Bridgeport's form-based code regulates bulk via height+coverage+setback/build-to envelope, not FAR",document_wide_term_search,0.85,0.85,genuine_absence_after_targeted_search,missing,"searched: 'floor area ratio','FAR','gross floor area','floorplate' (0 hits in 112,783 native word tokens)",2026-10-01,not_score_ready_genuine_absence,exhaustive search found no applicable governing rule
Bridgeport,MXN__V10,MXN,Mixed-Use Neighborhood Corners,V10,Floor-area capacity,genuine_absence_after_targeted_search,form_envelope_only,,,,,,"zero 'FAR'/'floor area ratio'/'gross floor area'/'floorplate' tokens found anywhere in the document; Bridgeport's form-based code regulates bulk via height+coverage+setback/build-to envelope, not FAR",document_wide_term_search,0.85,0.85,genuine_absence_after_targeted_search,missing,"searched: 'floor area ratio','FAR','gross floor area','floorplate' (0 hits in 112,783 native word tokens)",2026-10-01,not_score_ready_genuine_absence,exhaustive search found no applicable governing rule
Bridgeport,N1__V10,N1,Neighborhood: Traditional,V10,Floor-area capacity,genuine_absence_after_targeted_search,form_envelope_only,,,,,,"zero 'FAR'/'floor area ratio'/'gross floor area'/'floorplate' tokens found anywhere in the document; Bridgeport's form-based code regulates bulk via height+coverage+setback/build-to envelope, not FAR",document_wide_term_search,0.85,0.85,genuine_absence_after_targeted_search,missing,"searched: 'floor area ratio','FAR','gross floor area','floorplate' (0 hits in 112,783 native word tokens)",2026-10-01,not_score_ready_genuine_absence,exhaustive search found no applicable governing rule
Bridgeport,N2__V10,N2,Neighborhood: Mid-Century,V10,Floor-area capacity,genuine_absence_after_targeted_search,form_envelope_only,,,,,,"zero 'FAR'/'floor area ratio'/'gross floor area'/'floorplate' tokens found anywhere in the document; Bridgeport's form-based code regulates bulk via height+coverage+setback/build-to envelope, not FAR",document_wide_term_search,0.85,0.85,genuine_absence_after_targeted_search,missing,"searched: 'floor area ratio','FAR','gross floor area','floorplate' (0 hits in 112,783 native word tokens)",2026-10-01,not_score_ready_genuine_absence,exhaustive search found no applicable governing rule
Bridgeport,N3__V10,N3,Neighborhood: Large Lot,V10,Floor-area capacity,genuine_absence_after_targeted_search,form_envelope_only,,,,,,"zero 'FAR'/'floor area ratio'/'gross floor area'/'floorplate' tokens found anywhere in the document; Bridgeport's form-based code regulates bulk via height+coverage+setback/build-to envelope, not FAR",document_wide_term_search,0.85,0.85,genuine_absence_after_targeted_search,missing,"searched: 'floor area ratio','FAR','gross floor area','floorplate' (0 hits in 112,783 native word tokens)",2026-10-01,not_score_ready_genuine_absence,exhaustive search found no applicable governing rule
Bridgeport,N4__V10,N4,Neighborhood: Suburban,V10,Floor-area capacity,genuine_absence_after_targeted_search,form_envelope_only,,,,,,"zero 'FAR'/'floor area ratio'/'gross floor area'/'floorplate' tokens found anywhere in the document; Bridgeport's form-based code regulates bulk via height+coverage+setback/build-to envelope, not FAR",document_wide_term_search,0.85,0.85,genuine_absence_after_targeted_search,missing,"searched: 'floor area ratio','FAR','gross floor area','floorplate' (0 hits in 112,783 native word tokens)",2026-10-01,not_score_ready_genuine_absence,exhaustive search found no applicable governing rule
Bridgeport,NX1__V10,NX1,Neighborhood Mix,V10,Floor-area capacity,genuine_absence_after_targeted_search,form_envelope_only,,,,,,"zero 'FAR'/'floor area ratio'/'gross floor area'/'floorplate' tokens found anywhere in the document; Bridgeport's form-based code regulates bulk via height+coverage+setback/build-to envelope, not FAR",document_wide_term_search,0.85,0.85,genuine_absence_after_targeted_search,missing,"searched: 'floor area ratio','FAR','gross floor area','floorplate' (0 hits in 112,783 native word tokens)",2026-10-01,not_score_ready_genuine_absence,exhaustive search found no applicable governing rule
Bridgeport,NX2__V10,NX2,,V10,Floor-area capacity,genuine_absence_after_targeted_search,form_envelope_only,,,,,,"zero 'FAR'/'floor area ratio'/'gross floor area'/'floorplate' tokens found anywhere in the document; Bridgeport's form-based code regulates bulk via height+coverage+setback/build-to envelope, not FAR",document_wide_term_search,0.85,0.85,genuine_absence_after_targeted_search,missing,"searched: 'floor area ratio','FAR','gross floor area','floorplate' (0 hits in 112,783 native word tokens)",2026-10-01,not_score_ready_genuine_absence,exhaustive search found no applicable governing rule
Bridgeport,NX3__V10,NX3,Mixed Residential,V10,Floor-area capacity,genuine_absence_after_targeted_search,form_envelope_only,,,,,,"zero 'FAR'/'floor area ratio'/'gross floor area'/'floorplate' tokens found anywhere in the document; Bridgeport's form-based code regulates bulk via height+coverage+setback/build-to envelope, not FAR",document_wide_term_search,0.85,0.85,genuine_absence_after_targeted_search,missing,"searched: 'floor area ratio','FAR','gross floor area','floorplate' (0 hits in 112,783 native word tokens)",2026-10-01,not_score_ready_genuine_absence,exhaustive search found no applicable governing rule
Bridgeport,NX4__V10,NX4,Mixed Residential,V10,Floor-area capacity,genuine_absence_after_targeted_search,form_envelope_only,,,,,,"zero 'FAR'/'floor area ratio'/'gross floor area'/'floorplate' tokens found anywhere in the document; Bridgeport's form-based code regulates bulk via height+coverage+setback/build-to envelope, not FAR",document_wide_term_search,0.85,0.85,genuine_absence_after_targeted_search,missing,"searched: 'floor area ratio','FAR','gross floor area','floorplate' (0 hits in 112,783 native word tokens)",2026-10-01,not_score_ready_genuine_absence,exhaustive search found no applicable governing rule
Bridgeport,OH__V10,OH,Historic Overlay,V10,Floor-area capacity,genuine_absence_after_targeted_search,form_envelope_only,,,,,,"zero 'FAR'/'floor area ratio'/'gross floor area'/'floorplate' tokens found anywhere in the document; Bridgeport's form-based code regulates bulk via height+coverage+setback/build-to envelope, not FAR",document_wide_term_search,0.85,0.85,genuine_absence_after_targeted_search,missing,"searched: 'floor area ratio','FAR','gross floor area','floorplate' (0 hits in 112,783 native word tokens)",2026-10-01,not_score_ready_genuine_absence,exhaustive search found no applicable governing rule
Bridgeport,P1__V10,P1,Parks and Open Space,V10,Floor-area capacity,genuine_absence_after_targeted_search,form_envelope_only,,,,,,"zero 'FAR'/'floor area ratio'/'gross floor area'/'floorplate' tokens found anywhere in the document; Bridgeport's form-based code regulates bulk via height+coverage+setback/build-to envelope, not FAR",document_wide_term_search,0.85,0.85,genuine_absence_after_targeted_search,missing,"searched: 'floor area ratio','FAR','gross floor area','floorplate' (0 hits in 112,783 native word tokens)",2026-10-01,not_score_ready_genuine_absence,exhaustive search found no applicable governing rule
Bridgeport,P2__V10,P2,Civic and Institutional Buildings,V10,Floor-area capacity,genuine_absence_after_targeted_search,form_envelope_only,,,,,,"zero 'FAR'/'floor area ratio'/'gross floor area'/'floorplate' tokens found anywhere in the document; Bridgeport's form-based code regulates bulk via height+coverage+setback/build-to envelope, not FAR",document_wide_term_search,0.85,0.85,genuine_absence_after_targeted_search,missing,"searched: 'floor area ratio','FAR','gross floor area','floorplate' (0 hits in 112,783 native word tokens)",2026-10-01,not_score_ready_genuine_absence,exhaustive search found no applicable governing rule
Bridgeport,P3__V10,P3,Institutional Campuses,V10,Floor-area capacity,genuine_absence_after_targeted_search,form_envelope_only,,,,,,"zero 'FAR'/'floor area ratio'/'gross floor area'/'floorplate' tokens found anywhere in the document; Bridgeport's form-based code regulates bulk via height+coverage+setback/build-to envelope, not FAR",document_wide_term_search,0.85,0.85,genuine_absence_after_targeted_search,missing,"searched: 'floor area ratio','FAR','gross floor area','floorplate' (0 hits in 112,783 native word tokens)",2026-10-01,not_score_ready_genuine_absence,exhaustive search found no applicable governing rule
Bridgeport,P4__V10,P4,Utility and Energy Infrastructure,V10,Floor-area capacity,genuine_absence_after_targeted_search,form_envelope_only,,,,,,"zero 'FAR'/'floor area ratio'/'gross floor area'/'floorplate' tokens found anywhere in the document; Bridgeport's form-based code regulates bulk via height+coverage+setback/build-to envelope, not FAR",document_wide_term_search,0.85,0.85,genuine_absence_after_targeted_search,missing,"searched: 'floor area ratio','FAR','gross floor area','floorplate' (0 hits in 112,783 native word tokens)",2026-10-01,not_score_ready_genuine_absence,exhaustive search found no applicable governing rule
Bridgeport,P5__V10,P5,Detention and Correction Facilities,V10,Floor-area capacity,genuine_absence_after_targeted_search,form_envelope_only,,,,,,"zero 'FAR'/'floor area ratio'/'gross floor area'/'floorplate' tokens found anywhere in the document; Bridgeport's form-based code regulates bulk via height+coverage+setback/build-to envelope, not FAR",document_wide_term_search,0.85,0.85,genuine_absence_after_targeted_search,missing,"searched: 'floor area ratio','FAR','gross floor area','floorplate' (0 hits in 112,783 native word tokens)",2026-10-01,not_score_ready_genuine_absence,exhaustive search found no applicable governing rule
Bridgeport,RX1__V10,RX1,,V10,Floor-area capacity,genuine_absence_after_targeted_search,form_envelope_only,,,,,,"zero 'FAR'/'floor area ratio'/'gross floor area'/'floorplate' tokens found anywhere in the document; Bridgeport's form-based code regulates bulk via height+coverage+setback/build-to envelope, not FAR",document_wide_term_search,0.85,0.85,genuine_absence_after_targeted_search,missing,"searched: 'floor area ratio','FAR','gross floor area','floorplate' (0 hits in 112,783 native word tokens)",2026-10-01,not_score_ready_genuine_absence,exhaustive search found no applicable governing rule
Bridgeport,RX2__V10,RX2,Residential-Office Centers,V10,Floor-area capacity,genuine_absence_after_targeted_search,form_envelope_only,,,,,,"zero 'FAR'/'floor area ratio'/'gross floor area'/'floorplate' tokens found anywhere in the document; Bridgeport's form-based code regulates bulk via height+coverage+setback/build-to envelope, not FAR",document_wide_term_search,0.85,0.85,genuine_absence_after_targeted_search,missing,"searched: 'floor area ratio','FAR','gross floor area','floorplate' (0 hits in 112,783 native word tokens)",2026-10-01,not_score_ready_genuine_absence,exhaustive search found no applicable governing rule
Bridgeport,CX__V11,CX,Heavy Commercial,V11,General discretionary-review burden,confirmed_qualitative_rule,administrative_review_with_objective_standards,,,142,4.10.3 PERMITTED USES,"Uses identified with a bullet are permitted as-of-right in the subject zone, subject to compliance with all other applicable regulations of this zoning code.","the baseline representative compliant project (a by-right-symbol use/building type) proceeds under objective zoning-permit review per 4.10.3; special-permit (11.50) or certificate-of-location (11.120) pathways apply only to specifically flagged uses, not the general case",direct_reading_of_already_read_primary_text,0.75,0.7,confirmed_qualitative_rule,needs_manual_harmonization,4.10.3-4.10.7 use-table legend definitions (permitted/upper-stories-only/limited-area/special-permit/certificate-of-location/prohibited),2026-10-01,score_ready,confirmed with a direct or documented-transform comparability status
Bridgeport,DX1__V11,DX1,Downtown Core,V11,General discretionary-review burden,confirmed_qualitative_rule,administrative_review_with_objective_standards,,,142,4.10.3 PERMITTED USES,"Uses identified with a bullet are permitted as-of-right in the subject zone, subject to compliance with all other applicable regulations of this zoning code.","the baseline representative compliant project (a by-right-symbol use/building type) proceeds under objective zoning-permit review per 4.10.3; special-permit (11.50) or certificate-of-location (11.120) pathways apply only to specifically flagged uses, not the general case",direct_reading_of_already_read_primary_text,0.75,0.7,confirmed_qualitative_rule,needs_manual_harmonization,4.10.3-4.10.7 use-table legend definitions (permitted/upper-stories-only/limited-area/special-permit/certificate-of-location/prohibited),2026-10-01,score_ready,confirmed with a direct or documented-transform comparability status
Bridgeport,DX2__V11,DX2,Downtown Support,V11,General discretionary-review burden,confirmed_qualitative_rule,administrative_review_with_objective_standards,,,142,4.10.3 PERMITTED USES,"Uses identified with a bullet are permitted as-of-right in the subject zone, subject to compliance with all other applicable regulations of this zoning code.","the baseline representative compliant project (a by-right-symbol use/building type) proceeds under objective zoning-permit review per 4.10.3; special-permit (11.50) or certificate-of-location (11.120) pathways apply only to specifically flagged uses, not the general case",direct_reading_of_already_read_primary_text,0.75,0.7,confirmed_qualitative_rule,needs_manual_harmonization,4.10.3-4.10.7 use-table legend definitions (permitted/upper-stories-only/limited-area/special-permit/certificate-of-location/prohibited),2026-10-01,score_ready,confirmed with a direct or documented-transform comparability status
Bridgeport,I__V11,I,Industrial,V11,General discretionary-review burden,confirmed_qualitative_rule,administrative_review_with_objective_standards,,,142,4.10.3 PERMITTED USES,"Uses identified with a bullet are permitted as-of-right in the subject zone, subject to compliance with all other applicable regulations of this zoning code.","the baseline representative compliant project (a by-right-symbol use/building type) proceeds under objective zoning-permit review per 4.10.3; special-permit (11.50) or certificate-of-location (11.120) pathways apply only to specifically flagged uses, not the general case",direct_reading_of_already_read_primary_text,0.75,0.7,confirmed_qualitative_rule,needs_manual_harmonization,4.10.3-4.10.7 use-table legend definitions (permitted/upper-stories-only/limited-area/special-permit/certificate-of-location/prohibited),2026-10-01,score_ready,confirmed with a direct or documented-transform comparability status
Bridgeport,IX__V11,IX,Office-Industrial Centers,V11,General discretionary-review burden,confirmed_qualitative_rule,administrative_review_with_objective_standards,,,142,4.10.3 PERMITTED USES,"Uses identified with a bullet are permitted as-of-right in the subject zone, subject to compliance with all other applicable regulations of this zoning code.","the baseline representative compliant project (a by-right-symbol use/building type) proceeds under objective zoning-permit review per 4.10.3; special-permit (11.50) or certificate-of-location (11.120) pathways apply only to specifically flagged uses, not the general case",direct_reading_of_already_read_primary_text,0.75,0.7,confirmed_qualitative_rule,needs_manual_harmonization,4.10.3-4.10.7 use-table legend definitions (permitted/upper-stories-only/limited-area/special-permit/certificate-of-location/prohibited),2026-10-01,score_ready,confirmed with a direct or documented-transform comparability status
Bridgeport,MX1__V11,MX1,Mixed-Use Corridor,V11,General discretionary-review burden,confirmed_qualitative_rule,administrative_review_with_objective_standards,,,142,4.10.3 PERMITTED USES,"Uses identified with a bullet are permitted as-of-right in the subject zone, subject to compliance with all other applicable regulations of this zoning code.","the baseline representative compliant project (a by-right-symbol use/building type) proceeds under objective zoning-permit review per 4.10.3; special-permit (11.50) or certificate-of-location (11.120) pathways apply only to specifically flagged uses, not the general case",direct_reading_of_already_read_primary_text,0.75,0.7,confirmed_qualitative_rule,needs_manual_harmonization,4.10.3-4.10.7 use-table legend definitions (permitted/upper-stories-only/limited-area/special-permit/certificate-of-location/prohibited),2026-10-01,score_ready,confirmed with a direct or documented-transform comparability status
Bridgeport,MX2__V11,MX2,Mixed-Use Centers,V11,General discretionary-review burden,confirmed_qualitative_rule,administrative_review_with_objective_standards,,,142,4.10.3 PERMITTED USES,"Uses identified with a bullet are permitted as-of-right in the subject zone, subject to compliance with all other applicable regulations of this zoning code.","the baseline representative compliant project (a by-right-symbol use/building type) proceeds under objective zoning-permit review per 4.10.3; special-permit (11.50) or certificate-of-location (11.120) pathways apply only to specifically flagged uses, not the general case",direct_reading_of_already_read_primary_text,0.75,0.7,confirmed_qualitative_rule,needs_manual_harmonization,4.10.3-4.10.7 use-table legend definitions (permitted/upper-stories-only/limited-area/special-permit/certificate-of-location/prohibited),2026-10-01,score_ready,confirmed with a direct or documented-transform comparability status
Bridgeport,MXN__V11,MXN,Mixed-Use Neighborhood Corners,V11,General discretionary-review burden,confirmed_qualitative_rule,administrative_review_with_objective_standards,,,142,4.10.3 PERMITTED USES,"Uses identified with a bullet are permitted as-of-right in the subject zone, subject to compliance with all other applicable regulations of this zoning code.","the baseline representative compliant project (a by-right-symbol use/building type) proceeds under objective zoning-permit review per 4.10.3; special-permit (11.50) or certificate-of-location (11.120) pathways apply only to specifically flagged uses, not the general case",direct_reading_of_already_read_primary_text,0.75,0.7,confirmed_qualitative_rule,needs_manual_harmonization,4.10.3-4.10.7 use-table legend definitions (permitted/upper-stories-only/limited-area/special-permit/certificate-of-location/prohibited),2026-10-01,score_ready,confirmed with a direct or documented-transform comparability status
Bridgeport,N1__V11,N1,Neighborhood: Traditional,V11,General discretionary-review burden,confirmed_qualitative_rule,administrative_review_with_objective_standards,,,142,4.10.3 PERMITTED USES,"Uses identified with a bullet are permitted as-of-right in the subject zone, subject to compliance with all other applicable regulations of this zoning code.","the baseline representative compliant project (a by-right-symbol use/building type) proceeds under objective zoning-permit review per 4.10.3; special-permit (11.50) or certificate-of-location (11.120) pathways apply only to specifically flagged uses, not the general case",direct_reading_of_already_read_primary_text,0.75,0.7,confirmed_qualitative_rule,needs_manual_harmonization,4.10.3-4.10.7 use-table legend definitions (permitted/upper-stories-only/limited-area/special-permit/certificate-of-location/prohibited),2026-10-01,score_ready,confirmed with a direct or documented-transform comparability status
Bridgeport,N2__V11,N2,Neighborhood: Mid-Century,V11,General discretionary-review burden,confirmed_qualitative_rule,administrative_review_with_objective_standards,,,142,4.10.3 PERMITTED USES,"Uses identified with a bullet are permitted as-of-right in the subject zone, subject to compliance with all other applicable regulations of this zoning code.","the baseline representative compliant project (a by-right-symbol use/building type) proceeds under objective zoning-permit review per 4.10.3; special-permit (11.50) or certificate-of-location (11.120) pathways apply only to specifically flagged uses, not the general case",direct_reading_of_already_read_primary_text,0.75,0.7,confirmed_qualitative_rule,needs_manual_harmonization,4.10.3-4.10.7 use-table legend definitions (permitted/upper-stories-only/limited-area/special-permit/certificate-of-location/prohibited),2026-10-01,score_ready,confirmed with a direct or documented-transform comparability status
Bridgeport,N3__V11,N3,Neighborhood: Large Lot,V11,General discretionary-review burden,confirmed_qualitative_rule,administrative_review_with_objective_standards,,,142,4.10.3 PERMITTED USES,"Uses identified with a bullet are permitted as-of-right in the subject zone, subject to compliance with all other applicable regulations of this zoning code.","the baseline representative compliant project (a by-right-symbol use/building type) proceeds under objective zoning-permit review per 4.10.3; special-permit (11.50) or certificate-of-location (11.120) pathways apply only to specifically flagged uses, not the general case",direct_reading_of_already_read_primary_text,0.75,0.7,confirmed_qualitative_rule,needs_manual_harmonization,4.10.3-4.10.7 use-table legend definitions (permitted/upper-stories-only/limited-area/special-permit/certificate-of-location/prohibited),2026-10-01,score_ready,confirmed with a direct or documented-transform comparability status
Bridgeport,N4__V11,N4,Neighborhood: Suburban,V11,General discretionary-review burden,confirmed_qualitative_rule,administrative_review_with_objective_standards,,,142,4.10.3 PERMITTED USES,"Uses identified with a bullet are permitted as-of-right in the subject zone, subject to compliance with all other applicable regulations of this zoning code.","the baseline representative compliant project (a by-right-symbol use/building type) proceeds under objective zoning-permit review per 4.10.3; special-permit (11.50) or certificate-of-location (11.120) pathways apply only to specifically flagged uses, not the general case",direct_reading_of_already_read_primary_text,0.75,0.7,confirmed_qualitative_rule,needs_manual_harmonization,4.10.3-4.10.7 use-table legend definitions (permitted/upper-stories-only/limited-area/special-permit/certificate-of-location/prohibited),2026-10-01,score_ready,confirmed with a direct or documented-transform comparability status
Bridgeport,NX1__V11,NX1,Neighborhood Mix,V11,General discretionary-review burden,confirmed_qualitative_rule,administrative_review_with_objective_standards,,,142,4.10.3 PERMITTED USES,"Uses identified with a bullet are permitted as-of-right in the subject zone, subject to compliance with all other applicable regulations of this zoning code.","the baseline representative compliant project (a by-right-symbol use/building type) proceeds under objective zoning-permit review per 4.10.3; special-permit (11.50) or certificate-of-location (11.120) pathways apply only to specifically flagged uses, not the general case",direct_reading_of_already_read_primary_text,0.75,0.7,confirmed_qualitative_rule,needs_manual_harmonization,4.10.3-4.10.7 use-table legend definitions (permitted/upper-stories-only/limited-area/special-permit/certificate-of-location/prohibited),2026-10-01,score_ready,confirmed with a direct or documented-transform comparability status
Bridgeport,NX2__V11,NX2,,V11,General discretionary-review burden,confirmed_qualitative_rule,administrative_review_with_objective_standards,,,142,4.10.3 PERMITTED USES,"Uses identified with a bullet are permitted as-of-right in the subject zone, subject to compliance with all other applicable regulations of this zoning code.","the baseline representative compliant project (a by-right-symbol use/building type) proceeds under objective zoning-permit review per 4.10.3; special-permit (11.50) or certificate-of-location (11.120) pathways apply only to specifically flagged uses, not the general case",direct_reading_of_already_read_primary_text,0.75,0.7,confirmed_qualitative_rule,needs_manual_harmonization,4.10.3-4.10.7 use-table legend definitions (permitted/upper-stories-only/limited-area/special-permit/certificate-of-location/prohibited),2026-10-01,score_ready,confirmed with a direct or documented-transform comparability status
Bridgeport,NX3__V11,NX3,Mixed Residential,V11,General discretionary-review burden,confirmed_qualitative_rule,administrative_review_with_objective_standards,,,142,4.10.3 PERMITTED USES,"Uses identified with a bullet are permitted as-of-right in the subject zone, subject to compliance with all other applicable regulations of this zoning code.","the baseline representative compliant project (a by-right-symbol use/building type) proceeds under objective zoning-permit review per 4.10.3; special-permit (11.50) or certificate-of-location (11.120) pathways apply only to specifically flagged uses, not the general case",direct_reading_of_already_read_primary_text,0.75,0.7,confirmed_qualitative_rule,needs_manual_harmonization,4.10.3-4.10.7 use-table legend definitions (permitted/upper-stories-only/limited-area/special-permit/certificate-of-location/prohibited),2026-10-01,score_ready,confirmed with a direct or documented-transform comparability status
Bridgeport,NX4__V11,NX4,Mixed Residential,V11,General discretionary-review burden,confirmed_qualitative_rule,administrative_review_with_objective_standards,,,142,4.10.3 PERMITTED USES,"Uses identified with a bullet are permitted as-of-right in the subject zone, subject to compliance with all other applicable regulations of this zoning code.","the baseline representative compliant project (a by-right-symbol use/building type) proceeds under objective zoning-permit review per 4.10.3; special-permit (11.50) or certificate-of-location (11.120) pathways apply only to specifically flagged uses, not the general case",direct_reading_of_already_read_primary_text,0.75,0.7,confirmed_qualitative_rule,needs_manual_harmonization,4.10.3-4.10.7 use-table legend definitions (permitted/upper-stories-only/limited-area/special-permit/certificate-of-location/prohibited),2026-10-01,score_ready,confirmed with a direct or documented-transform comparability status
Bridgeport,OH__V11,OH,Historic Overlay,V11,General discretionary-review burden,confirmed_qualitative_rule,administrative_review_with_objective_standards,,,142,4.10.3 PERMITTED USES,"Uses identified with a bullet are permitted as-of-right in the subject zone, subject to compliance with all other applicable regulations of this zoning code.","the baseline representative compliant project (a by-right-symbol use/building type) proceeds under objective zoning-permit review per 4.10.3; special-permit (11.50) or certificate-of-location (11.120) pathways apply only to specifically flagged uses, not the general case",direct_reading_of_already_read_primary_text,0.75,0.7,confirmed_qualitative_rule,needs_manual_harmonization,4.10.3-4.10.7 use-table legend definitions (permitted/upper-stories-only/limited-area/special-permit/certificate-of-location/prohibited),2026-10-01,score_ready,confirmed with a direct or documented-transform comparability status
Bridgeport,P1__V11,P1,Parks and Open Space,V11,General discretionary-review burden,confirmed_qualitative_rule,administrative_review_with_objective_standards,,,142,4.10.3 PERMITTED USES,"Uses identified with a bullet are permitted as-of-right in the subject zone, subject to compliance with all other applicable regulations of this zoning code.","the baseline representative compliant project (a by-right-symbol use/building type) proceeds under objective zoning-permit review per 4.10.3; special-permit (11.50) or certificate-of-location (11.120) pathways apply only to specifically flagged uses, not the general case",direct_reading_of_already_read_primary_text,0.75,0.7,confirmed_qualitative_rule,needs_manual_harmonization,4.10.3-4.10.7 use-table legend definitions (permitted/upper-stories-only/limited-area/special-permit/certificate-of-location/prohibited),2026-10-01,score_ready,confirmed with a direct or documented-transform comparability status
Bridgeport,P2__V11,P2,Civic and Institutional Buildings,V11,General discretionary-review burden,confirmed_qualitative_rule,administrative_review_with_objective_standards,,,142,4.10.3 PERMITTED USES,"Uses identified with a bullet are permitted as-of-right in the subject zone, subject to compliance with all other applicable regulations of this zoning code.","the baseline representative compliant project (a by-right-symbol use/building type) proceeds under objective zoning-permit review per 4.10.3; special-permit (11.50) or certificate-of-location (11.120) pathways apply only to specifically flagged uses, not the general case",direct_reading_of_already_read_primary_text,0.75,0.7,confirmed_qualitative_rule,needs_manual_harmonization,4.10.3-4.10.7 use-table legend definitions (permitted/upper-stories-only/limited-area/special-permit/certificate-of-location/prohibited),2026-10-01,score_ready,confirmed with a direct or documented-transform comparability status
Bridgeport,P3__V11,P3,Institutional Campuses,V11,General discretionary-review burden,confirmed_qualitative_rule,administrative_review_with_objective_standards,,,142,4.10.3 PERMITTED USES,"Uses identified with a bullet are permitted as-of-right in the subject zone, subject to compliance with all other applicable regulations of this zoning code.","the baseline representative compliant project (a by-right-symbol use/building type) proceeds under objective zoning-permit review per 4.10.3; special-permit (11.50) or certificate-of-location (11.120) pathways apply only to specifically flagged uses, not the general case",direct_reading_of_already_read_primary_text,0.75,0.7,confirmed_qualitative_rule,needs_manual_harmonization,4.10.3-4.10.7 use-table legend definitions (permitted/upper-stories-only/limited-area/special-permit/certificate-of-location/prohibited),2026-10-01,score_ready,confirmed with a direct or documented-transform comparability status
Bridgeport,P4__V11,P4,Utility and Energy Infrastructure,V11,General discretionary-review burden,confirmed_qualitative_rule,administrative_review_with_objective_standards,,,142,4.10.3 PERMITTED USES,"Uses identified with a bullet are permitted as-of-right in the subject zone, subject to compliance with all other applicable regulations of this zoning code.","the baseline representative compliant project (a by-right-symbol use/building type) proceeds under objective zoning-permit review per 4.10.3; special-permit (11.50) or certificate-of-location (11.120) pathways apply only to specifically flagged uses, not the general case",direct_reading_of_already_read_primary_text,0.75,0.7,confirmed_qualitative_rule,needs_manual_harmonization,4.10.3-4.10.7 use-table legend definitions (permitted/upper-stories-only/limited-area/special-permit/certificate-of-location/prohibited),2026-10-01,score_ready,confirmed with a direct or documented-transform comparability status
Bridgeport,P5__V11,P5,Detention and Correction Facilities,V11,General discretionary-review burden,confirmed_qualitative_rule,administrative_review_with_objective_standards,,,142,4.10.3 PERMITTED USES,"Uses identified with a bullet are permitted as-of-right in the subject zone, subject to compliance with all other applicable regulations of this zoning code.","the baseline representative compliant project (a by-right-symbol use/building type) proceeds under objective zoning-permit review per 4.10.3; special-permit (11.50) or certificate-of-location (11.120) pathways apply only to specifically flagged uses, not the general case",direct_reading_of_already_read_primary_text,0.75,0.7,confirmed_qualitative_rule,needs_manual_harmonization,4.10.3-4.10.7 use-table legend definitions (permitted/upper-stories-only/limited-area/special-permit/certificate-of-location/prohibited),2026-10-01,score_ready,confirmed with a direct or documented-transform comparability status
Bridgeport,RX1__V11,RX1,,V11,General discretionary-review burden,confirmed_qualitative_rule,administrative_review_with_objective_standards,,,142,4.10.3 PERMITTED USES,"Uses identified with a bullet are permitted as-of-right in the subject zone, subject to compliance with all other applicable regulations of this zoning code.","the baseline representative compliant project (a by-right-symbol use/building type) proceeds under objective zoning-permit review per 4.10.3; special-permit (11.50) or certificate-of-location (11.120) pathways apply only to specifically flagged uses, not the general case",direct_reading_of_already_read_primary_text,0.75,0.7,confirmed_qualitative_rule,needs_manual_harmonization,4.10.3-4.10.7 use-table legend definitions (permitted/upper-stories-only/limited-area/special-permit/certificate-of-location/prohibited),2026-10-01,score_ready,confirmed with a direct or documented-transform comparability status
Bridgeport,RX2__V11,RX2,Residential-Office Centers,V11,General discretionary-review burden,confirmed_qualitative_rule,administrative_review_with_objective_standards,,,142,4.10.3 PERMITTED USES,"Uses identified with a bullet are permitted as-of-right in the subject zone, subject to compliance with all other applicable regulations of this zoning code.","the baseline representative compliant project (a by-right-symbol use/building type) proceeds under objective zoning-permit review per 4.10.3; special-permit (11.50) or certificate-of-location (11.120) pathways apply only to specifically flagged uses, not the general case",direct_reading_of_already_read_primary_text,0.75,0.7,confirmed_qualitative_rule,needs_manual_harmonization,4.10.3-4.10.7 use-table legend definitions (permitted/upper-stories-only/limited-area/special-permit/certificate-of-location/prohibited),2026-10-01,score_ready,confirmed with a direct or documented-transform comparability status
Bridgeport,CX__V12,CX,Heavy Commercial,V12,Missing-middle housing entitlement (2-4 units),candidate_found_needs_manual_review,permitted_by_right_for_some_missing_middle_forms_pending_use_table_symbol,,,,,,"Row, Double House A, and Commercial House building types are explicit 2-4-unit-scale attached forms with real applicability (Stage 6 matrix: Row->NX1-4/RX1-2; Double House A->NX1-2; Commercial House->MX1/MXN/MX2/RX1-2); but the governing by-right/special-permit USE-TABLE SYMBOL for Household Living in those districts (Article 4.0 master table) was not located, same blocker as V7",document_wide_term_search_plus_building_type_cross_reference,0.6,0.5,candidate_found_needs_manual_review,needs_manual_harmonization,"searched: 'duplex','two-family','three-family','four-family','townhouse','row house' document-wide; building-type applicability already confirmed in Stage 6 rule_library",2026-10-01,not_score_ready_manual_review,evidence found but governing scope/symbol not yet confirmed
Bridgeport,DX1__V12,DX1,Downtown Core,V12,Missing-middle housing entitlement (2-4 units),candidate_found_needs_manual_review,permitted_by_right_for_some_missing_middle_forms_pending_use_table_symbol,,,,,,"Row, Double House A, and Commercial House building types are explicit 2-4-unit-scale attached forms with real applicability (Stage 6 matrix: Row->NX1-4/RX1-2; Double House A->NX1-2; Commercial House->MX1/MXN/MX2/RX1-2); but the governing by-right/special-permit USE-TABLE SYMBOL for Household Living in those districts (Article 4.0 master table) was not located, same blocker as V7",document_wide_term_search_plus_building_type_cross_reference,0.6,0.5,candidate_found_needs_manual_review,needs_manual_harmonization,"searched: 'duplex','two-family','three-family','four-family','townhouse','row house' document-wide; building-type applicability already confirmed in Stage 6 rule_library",2026-10-01,not_score_ready_manual_review,evidence found but governing scope/symbol not yet confirmed
Bridgeport,DX2__V12,DX2,Downtown Support,V12,Missing-middle housing entitlement (2-4 units),candidate_found_needs_manual_review,permitted_by_right_for_some_missing_middle_forms_pending_use_table_symbol,,,,,,"Row, Double House A, and Commercial House building types are explicit 2-4-unit-scale attached forms with real applicability (Stage 6 matrix: Row->NX1-4/RX1-2; Double House A->NX1-2; Commercial House->MX1/MXN/MX2/RX1-2); but the governing by-right/special-permit USE-TABLE SYMBOL for Household Living in those districts (Article 4.0 master table) was not located, same blocker as V7",document_wide_term_search_plus_building_type_cross_reference,0.6,0.5,candidate_found_needs_manual_review,needs_manual_harmonization,"searched: 'duplex','two-family','three-family','four-family','townhouse','row house' document-wide; building-type applicability already confirmed in Stage 6 rule_library",2026-10-01,not_score_ready_manual_review,evidence found but governing scope/symbol not yet confirmed
Bridgeport,I__V12,I,Industrial,V12,Missing-middle housing entitlement (2-4 units),candidate_found_needs_manual_review,permitted_by_right_for_some_missing_middle_forms_pending_use_table_symbol,,,,,,"Row, Double House A, and Commercial House building types are explicit 2-4-unit-scale attached forms with real applicability (Stage 6 matrix: Row->NX1-4/RX1-2; Double House A->NX1-2; Commercial House->MX1/MXN/MX2/RX1-2); but the governing by-right/special-permit USE-TABLE SYMBOL for Household Living in those districts (Article 4.0 master table) was not located, same blocker as V7",document_wide_term_search_plus_building_type_cross_reference,0.6,0.5,candidate_found_needs_manual_review,needs_manual_harmonization,"searched: 'duplex','two-family','three-family','four-family','townhouse','row house' document-wide; building-type applicability already confirmed in Stage 6 rule_library",2026-10-01,not_score_ready_manual_review,evidence found but governing scope/symbol not yet confirmed
Bridgeport,IX__V12,IX,Office-Industrial Centers,V12,Missing-middle housing entitlement (2-4 units),candidate_found_needs_manual_review,permitted_by_right_for_some_missing_middle_forms_pending_use_table_symbol,,,,,,"Row, Double House A, and Commercial House building types are explicit 2-4-unit-scale attached forms with real applicability (Stage 6 matrix: Row->NX1-4/RX1-2; Double House A->NX1-2; Commercial House->MX1/MXN/MX2/RX1-2); but the governing by-right/special-permit USE-TABLE SYMBOL for Household Living in those districts (Article 4.0 master table) was not located, same blocker as V7",document_wide_term_search_plus_building_type_cross_reference,0.6,0.5,candidate_found_needs_manual_review,needs_manual_harmonization,"searched: 'duplex','two-family','three-family','four-family','townhouse','row house' document-wide; building-type applicability already confirmed in Stage 6 rule_library",2026-10-01,not_score_ready_manual_review,evidence found but governing scope/symbol not yet confirmed
Bridgeport,MX1__V12,MX1,Mixed-Use Corridor,V12,Missing-middle housing entitlement (2-4 units),candidate_found_needs_manual_review,permitted_by_right_for_some_missing_middle_forms_pending_use_table_symbol,,,,,,"Row, Double House A, and Commercial House building types are explicit 2-4-unit-scale attached forms with real applicability (Stage 6 matrix: Row->NX1-4/RX1-2; Double House A->NX1-2; Commercial House->MX1/MXN/MX2/RX1-2); but the governing by-right/special-permit USE-TABLE SYMBOL for Household Living in those districts (Article 4.0 master table) was not located, same blocker as V7",document_wide_term_search_plus_building_type_cross_reference,0.6,0.5,candidate_found_needs_manual_review,needs_manual_harmonization,"searched: 'duplex','two-family','three-family','four-family','townhouse','row house' document-wide; building-type applicability already confirmed in Stage 6 rule_library",2026-10-01,not_score_ready_manual_review,evidence found but governing scope/symbol not yet confirmed
Bridgeport,MX2__V12,MX2,Mixed-Use Centers,V12,Missing-middle housing entitlement (2-4 units),candidate_found_needs_manual_review,permitted_by_right_for_some_missing_middle_forms_pending_use_table_symbol,,,,,,"Row, Double House A, and Commercial House building types are explicit 2-4-unit-scale attached forms with real applicability (Stage 6 matrix: Row->NX1-4/RX1-2; Double House A->NX1-2; Commercial House->MX1/MXN/MX2/RX1-2); but the governing by-right/special-permit USE-TABLE SYMBOL for Household Living in those districts (Article 4.0 master table) was not located, same blocker as V7",document_wide_term_search_plus_building_type_cross_reference,0.6,0.5,candidate_found_needs_manual_review,needs_manual_harmonization,"searched: 'duplex','two-family','three-family','four-family','townhouse','row house' document-wide; building-type applicability already confirmed in Stage 6 rule_library",2026-10-01,not_score_ready_manual_review,evidence found but governing scope/symbol not yet confirmed
Bridgeport,MXN__V12,MXN,Mixed-Use Neighborhood Corners,V12,Missing-middle housing entitlement (2-4 units),candidate_found_needs_manual_review,permitted_by_right_for_some_missing_middle_forms_pending_use_table_symbol,,,,,,"Row, Double House A, and Commercial House building types are explicit 2-4-unit-scale attached forms with real applicability (Stage 6 matrix: Row->NX1-4/RX1-2; Double House A->NX1-2; Commercial House->MX1/MXN/MX2/RX1-2); but the governing by-right/special-permit USE-TABLE SYMBOL for Household Living in those districts (Article 4.0 master table) was not located, same blocker as V7",document_wide_term_search_plus_building_type_cross_reference,0.6,0.5,candidate_found_needs_manual_review,needs_manual_harmonization,"searched: 'duplex','two-family','three-family','four-family','townhouse','row house' document-wide; building-type applicability already confirmed in Stage 6 rule_library",2026-10-01,not_score_ready_manual_review,evidence found but governing scope/symbol not yet confirmed
Bridgeport,N1__V12,N1,Neighborhood: Traditional,V12,Missing-middle housing entitlement (2-4 units),candidate_found_needs_manual_review,permitted_by_right_for_some_missing_middle_forms_pending_use_table_symbol,,,,,,"Row, Double House A, and Commercial House building types are explicit 2-4-unit-scale attached forms with real applicability (Stage 6 matrix: Row->NX1-4/RX1-2; Double House A->NX1-2; Commercial House->MX1/MXN/MX2/RX1-2); but the governing by-right/special-permit USE-TABLE SYMBOL for Household Living in those districts (Article 4.0 master table) was not located, same blocker as V7",document_wide_term_search_plus_building_type_cross_reference,0.6,0.5,candidate_found_needs_manual_review,needs_manual_harmonization,"searched: 'duplex','two-family','three-family','four-family','townhouse','row house' document-wide; building-type applicability already confirmed in Stage 6 rule_library",2026-10-01,not_score_ready_manual_review,evidence found but governing scope/symbol not yet confirmed
Bridgeport,N2__V12,N2,Neighborhood: Mid-Century,V12,Missing-middle housing entitlement (2-4 units),candidate_found_needs_manual_review,permitted_by_right_for_some_missing_middle_forms_pending_use_table_symbol,,,,,,"Row, Double House A, and Commercial House building types are explicit 2-4-unit-scale attached forms with real applicability (Stage 6 matrix: Row->NX1-4/RX1-2; Double House A->NX1-2; Commercial House->MX1/MXN/MX2/RX1-2); but the governing by-right/special-permit USE-TABLE SYMBOL for Household Living in those districts (Article 4.0 master table) was not located, same blocker as V7",document_wide_term_search_plus_building_type_cross_reference,0.6,0.5,candidate_found_needs_manual_review,needs_manual_harmonization,"searched: 'duplex','two-family','three-family','four-family','townhouse','row house' document-wide; building-type applicability already confirmed in Stage 6 rule_library",2026-10-01,not_score_ready_manual_review,evidence found but governing scope/symbol not yet confirmed
Bridgeport,N3__V12,N3,Neighborhood: Large Lot,V12,Missing-middle housing entitlement (2-4 units),candidate_found_needs_manual_review,permitted_by_right_for_some_missing_middle_forms_pending_use_table_symbol,,,,,,"Row, Double House A, and Commercial House building types are explicit 2-4-unit-scale attached forms with real applicability (Stage 6 matrix: Row->NX1-4/RX1-2; Double House A->NX1-2; Commercial House->MX1/MXN/MX2/RX1-2); but the governing by-right/special-permit USE-TABLE SYMBOL for Household Living in those districts (Article 4.0 master table) was not located, same blocker as V7",document_wide_term_search_plus_building_type_cross_reference,0.6,0.5,candidate_found_needs_manual_review,needs_manual_harmonization,"searched: 'duplex','two-family','three-family','four-family','townhouse','row house' document-wide; building-type applicability already confirmed in Stage 6 rule_library",2026-10-01,not_score_ready_manual_review,evidence found but governing scope/symbol not yet confirmed
Bridgeport,N4__V12,N4,Neighborhood: Suburban,V12,Missing-middle housing entitlement (2-4 units),candidate_found_needs_manual_review,permitted_by_right_for_some_missing_middle_forms_pending_use_table_symbol,,,,,,"Row, Double House A, and Commercial House building types are explicit 2-4-unit-scale attached forms with real applicability (Stage 6 matrix: Row->NX1-4/RX1-2; Double House A->NX1-2; Commercial House->MX1/MXN/MX2/RX1-2); but the governing by-right/special-permit USE-TABLE SYMBOL for Household Living in those districts (Article 4.0 master table) was not located, same blocker as V7",document_wide_term_search_plus_building_type_cross_reference,0.6,0.5,candidate_found_needs_manual_review,needs_manual_harmonization,"searched: 'duplex','two-family','three-family','four-family','townhouse','row house' document-wide; building-type applicability already confirmed in Stage 6 rule_library",2026-10-01,not_score_ready_manual_review,evidence found but governing scope/symbol not yet confirmed
Bridgeport,NX1__V12,NX1,Neighborhood Mix,V12,Missing-middle housing entitlement (2-4 units),candidate_found_needs_manual_review,permitted_by_right_for_some_missing_middle_forms_pending_use_table_symbol,,,,,,"Row, Double House A, and Commercial House building types are explicit 2-4-unit-scale attached forms with real applicability (Stage 6 matrix: Row->NX1-4/RX1-2; Double House A->NX1-2; Commercial House->MX1/MXN/MX2/RX1-2); but the governing by-right/special-permit USE-TABLE SYMBOL for Household Living in those districts (Article 4.0 master table) was not located, same blocker as V7",document_wide_term_search_plus_building_type_cross_reference,0.6,0.5,candidate_found_needs_manual_review,needs_manual_harmonization,"searched: 'duplex','two-family','three-family','four-family','townhouse','row house' document-wide; building-type applicability already confirmed in Stage 6 rule_library",2026-10-01,not_score_ready_manual_review,evidence found but governing scope/symbol not yet confirmed
Bridgeport,NX2__V12,NX2,,V12,Missing-middle housing entitlement (2-4 units),candidate_found_needs_manual_review,permitted_by_right_for_some_missing_middle_forms_pending_use_table_symbol,,,,,,"Row, Double House A, and Commercial House building types are explicit 2-4-unit-scale attached forms with real applicability (Stage 6 matrix: Row->NX1-4/RX1-2; Double House A->NX1-2; Commercial House->MX1/MXN/MX2/RX1-2); but the governing by-right/special-permit USE-TABLE SYMBOL for Household Living in those districts (Article 4.0 master table) was not located, same blocker as V7",document_wide_term_search_plus_building_type_cross_reference,0.6,0.5,candidate_found_needs_manual_review,needs_manual_harmonization,"searched: 'duplex','two-family','three-family','four-family','townhouse','row house' document-wide; building-type applicability already confirmed in Stage 6 rule_library",2026-10-01,not_score_ready_manual_review,evidence found but governing scope/symbol not yet confirmed
Bridgeport,NX3__V12,NX3,Mixed Residential,V12,Missing-middle housing entitlement (2-4 units),candidate_found_needs_manual_review,permitted_by_right_for_some_missing_middle_forms_pending_use_table_symbol,,,,,,"Row, Double House A, and Commercial House building types are explicit 2-4-unit-scale attached forms with real applicability (Stage 6 matrix: Row->NX1-4/RX1-2; Double House A->NX1-2; Commercial House->MX1/MXN/MX2/RX1-2); but the governing by-right/special-permit USE-TABLE SYMBOL for Household Living in those districts (Article 4.0 master table) was not located, same blocker as V7",document_wide_term_search_plus_building_type_cross_reference,0.6,0.5,candidate_found_needs_manual_review,needs_manual_harmonization,"searched: 'duplex','two-family','three-family','four-family','townhouse','row house' document-wide; building-type applicability already confirmed in Stage 6 rule_library",2026-10-01,not_score_ready_manual_review,evidence found but governing scope/symbol not yet confirmed
Bridgeport,NX4__V12,NX4,Mixed Residential,V12,Missing-middle housing entitlement (2-4 units),candidate_found_needs_manual_review,permitted_by_right_for_some_missing_middle_forms_pending_use_table_symbol,,,,,,"Row, Double House A, and Commercial House building types are explicit 2-4-unit-scale attached forms with real applicability (Stage 6 matrix: Row->NX1-4/RX1-2; Double House A->NX1-2; Commercial House->MX1/MXN/MX2/RX1-2); but the governing by-right/special-permit USE-TABLE SYMBOL for Household Living in those districts (Article 4.0 master table) was not located, same blocker as V7",document_wide_term_search_plus_building_type_cross_reference,0.6,0.5,candidate_found_needs_manual_review,needs_manual_harmonization,"searched: 'duplex','two-family','three-family','four-family','townhouse','row house' document-wide; building-type applicability already confirmed in Stage 6 rule_library",2026-10-01,not_score_ready_manual_review,evidence found but governing scope/symbol not yet confirmed
Bridgeport,OH__V12,OH,Historic Overlay,V12,Missing-middle housing entitlement (2-4 units),candidate_found_needs_manual_review,permitted_by_right_for_some_missing_middle_forms_pending_use_table_symbol,,,,,,"Row, Double House A, and Commercial House building types are explicit 2-4-unit-scale attached forms with real applicability (Stage 6 matrix: Row->NX1-4/RX1-2; Double House A->NX1-2; Commercial House->MX1/MXN/MX2/RX1-2); but the governing by-right/special-permit USE-TABLE SYMBOL for Household Living in those districts (Article 4.0 master table) was not located, same blocker as V7",document_wide_term_search_plus_building_type_cross_reference,0.6,0.5,candidate_found_needs_manual_review,needs_manual_harmonization,"searched: 'duplex','two-family','three-family','four-family','townhouse','row house' document-wide; building-type applicability already confirmed in Stage 6 rule_library",2026-10-01,not_score_ready_manual_review,evidence found but governing scope/symbol not yet confirmed
Bridgeport,P1__V12,P1,Parks and Open Space,V12,Missing-middle housing entitlement (2-4 units),candidate_found_needs_manual_review,permitted_by_right_for_some_missing_middle_forms_pending_use_table_symbol,,,,,,"Row, Double House A, and Commercial House building types are explicit 2-4-unit-scale attached forms with real applicability (Stage 6 matrix: Row->NX1-4/RX1-2; Double House A->NX1-2; Commercial House->MX1/MXN/MX2/RX1-2); but the governing by-right/special-permit USE-TABLE SYMBOL for Household Living in those districts (Article 4.0 master table) was not located, same blocker as V7",document_wide_term_search_plus_building_type_cross_reference,0.6,0.5,candidate_found_needs_manual_review,needs_manual_harmonization,"searched: 'duplex','two-family','three-family','four-family','townhouse','row house' document-wide; building-type applicability already confirmed in Stage 6 rule_library",2026-10-01,not_score_ready_manual_review,evidence found but governing scope/symbol not yet confirmed
Bridgeport,P2__V12,P2,Civic and Institutional Buildings,V12,Missing-middle housing entitlement (2-4 units),candidate_found_needs_manual_review,permitted_by_right_for_some_missing_middle_forms_pending_use_table_symbol,,,,,,"Row, Double House A, and Commercial House building types are explicit 2-4-unit-scale attached forms with real applicability (Stage 6 matrix: Row->NX1-4/RX1-2; Double House A->NX1-2; Commercial House->MX1/MXN/MX2/RX1-2); but the governing by-right/special-permit USE-TABLE SYMBOL for Household Living in those districts (Article 4.0 master table) was not located, same blocker as V7",document_wide_term_search_plus_building_type_cross_reference,0.6,0.5,candidate_found_needs_manual_review,needs_manual_harmonization,"searched: 'duplex','two-family','three-family','four-family','townhouse','row house' document-wide; building-type applicability already confirmed in Stage 6 rule_library",2026-10-01,not_score_ready_manual_review,evidence found but governing scope/symbol not yet confirmed
Bridgeport,P3__V12,P3,Institutional Campuses,V12,Missing-middle housing entitlement (2-4 units),candidate_found_needs_manual_review,permitted_by_right_for_some_missing_middle_forms_pending_use_table_symbol,,,,,,"Row, Double House A, and Commercial House building types are explicit 2-4-unit-scale attached forms with real applicability (Stage 6 matrix: Row->NX1-4/RX1-2; Double House A->NX1-2; Commercial House->MX1/MXN/MX2/RX1-2); but the governing by-right/special-permit USE-TABLE SYMBOL for Household Living in those districts (Article 4.0 master table) was not located, same blocker as V7",document_wide_term_search_plus_building_type_cross_reference,0.6,0.5,candidate_found_needs_manual_review,needs_manual_harmonization,"searched: 'duplex','two-family','three-family','four-family','townhouse','row house' document-wide; building-type applicability already confirmed in Stage 6 rule_library",2026-10-01,not_score_ready_manual_review,evidence found but governing scope/symbol not yet confirmed
Bridgeport,P4__V12,P4,Utility and Energy Infrastructure,V12,Missing-middle housing entitlement (2-4 units),candidate_found_needs_manual_review,permitted_by_right_for_some_missing_middle_forms_pending_use_table_symbol,,,,,,"Row, Double House A, and Commercial House building types are explicit 2-4-unit-scale attached forms with real applicability (Stage 6 matrix: Row->NX1-4/RX1-2; Double House A->NX1-2; Commercial House->MX1/MXN/MX2/RX1-2); but the governing by-right/special-permit USE-TABLE SYMBOL for Household Living in those districts (Article 4.0 master table) was not located, same blocker as V7",document_wide_term_search_plus_building_type_cross_reference,0.6,0.5,candidate_found_needs_manual_review,needs_manual_harmonization,"searched: 'duplex','two-family','three-family','four-family','townhouse','row house' document-wide; building-type applicability already confirmed in Stage 6 rule_library",2026-10-01,not_score_ready_manual_review,evidence found but governing scope/symbol not yet confirmed
Bridgeport,P5__V12,P5,Detention and Correction Facilities,V12,Missing-middle housing entitlement (2-4 units),candidate_found_needs_manual_review,permitted_by_right_for_some_missing_middle_forms_pending_use_table_symbol,,,,,,"Row, Double House A, and Commercial House building types are explicit 2-4-unit-scale attached forms with real applicability (Stage 6 matrix: Row->NX1-4/RX1-2; Double House A->NX1-2; Commercial House->MX1/MXN/MX2/RX1-2); but the governing by-right/special-permit USE-TABLE SYMBOL for Household Living in those districts (Article 4.0 master table) was not located, same blocker as V7",document_wide_term_search_plus_building_type_cross_reference,0.6,0.5,candidate_found_needs_manual_review,needs_manual_harmonization,"searched: 'duplex','two-family','three-family','four-family','townhouse','row house' document-wide; building-type applicability already confirmed in Stage 6 rule_library",2026-10-01,not_score_ready_manual_review,evidence found but governing scope/symbol not yet confirmed
Bridgeport,RX1__V12,RX1,,V12,Missing-middle housing entitlement (2-4 units),candidate_found_needs_manual_review,permitted_by_right_for_some_missing_middle_forms_pending_use_table_symbol,,,,,,"Row, Double House A, and Commercial House building types are explicit 2-4-unit-scale attached forms with real applicability (Stage 6 matrix: Row->NX1-4/RX1-2; Double House A->NX1-2; Commercial House->MX1/MXN/MX2/RX1-2); but the governing by-right/special-permit USE-TABLE SYMBOL for Household Living in those districts (Article 4.0 master table) was not located, same blocker as V7",document_wide_term_search_plus_building_type_cross_reference,0.6,0.5,candidate_found_needs_manual_review,needs_manual_harmonization,"searched: 'duplex','two-family','three-family','four-family','townhouse','row house' document-wide; building-type applicability already confirmed in Stage 6 rule_library",2026-10-01,not_score_ready_manual_review,evidence found but governing scope/symbol not yet confirmed
Bridgeport,RX2__V12,RX2,Residential-Office Centers,V12,Missing-middle housing entitlement (2-4 units),candidate_found_needs_manual_review,permitted_by_right_for_some_missing_middle_forms_pending_use_table_symbol,,,,,,"Row, Double House A, and Commercial House building types are explicit 2-4-unit-scale attached forms with real applicability (Stage 6 matrix: Row->NX1-4/RX1-2; Double House A->NX1-2; Commercial House->MX1/MXN/MX2/RX1-2); but the governing by-right/special-permit USE-TABLE SYMBOL for Household Living in those districts (Article 4.0 master table) was not located, same blocker as V7",document_wide_term_search_plus_building_type_cross_reference,0.6,0.5,candidate_found_needs_manual_review,needs_manual_harmonization,"searched: 'duplex','two-family','three-family','four-family','townhouse','row house' document-wide; building-type applicability already confirmed in Stage 6 rule_library",2026-10-01,not_score_ready_manual_review,evidence found but governing scope/symbol not yet confirmed
