record_id,scenario_id,district_code,district_name,rule_variable,raw_text,raw_value,raw_unit,normalized_value,normalized_unit,categorical_value,source_type,source_id,page,section_or_node,table_id,row_label,column_label,source_excerpt,condition_text,layout_context,table_verification_status,regex_signals,source_confidence,extraction_confidence,final_status,resolution_rationale,comparability_status,comparison_reason
bridgeport-rule-candidate-00001,bridgeport-scenario-0001,CX,Heavy Commercial,minimum_lot_size_sqft,,,,,,,general_rule_candidate,,12,,,,,,,complex_layout_present,n/a,"[""(?:Lot\\s+Area|Minimum\\s+Lot\\s+Size)[:\\s]{1,5}([\\d,]+)\\s*(?:sq\\.?\\s*ft\\.?|square feet)""]",0.72,0.0,review_required,source text touches a multi_column_or_complex page; reading order is not trusted for this scenario,needs_manual_harmonization,evidence exists but touches a complex-layout page or is otherwise unverified; comparability cannot be assessed until reviewed
bridgeport-rule-candidate-00002,bridgeport-scenario-0001,CX,Heavy Commercial,minimum_lot_width_ft,,,,,,,general_rule_candidate,,12,,,,,,,complex_layout_present,n/a,"[""Lot\\s+Width[:\\s]{1,5}(\\d+(?:\\.\\d+)?)\\s*ft""]",0.72,0.0,review_required,source text touches a multi_column_or_complex page; reading order is not trusted for this scenario,needs_manual_harmonization,evidence exists but touches a complex-layout page or is otherwise unverified; comparability cannot be assessed until reviewed
bridgeport-rule-candidate-00003,bridgeport-scenario-0001,CX,Heavy Commercial,maximum_building_height_ft,,,,,,,general_rule_candidate,,12,,,,,,,complex_layout_present,n/a,"[""(?:Maximum\\s+Height|Building\\s+Height)[:\\s]{1,5}(\\d+(?:\\.\\d+)?)\\s*ft""]",0.72,0.0,review_required,source text touches a multi_column_or_complex page; reading order is not trusted for this scenario,needs_manual_harmonization,evidence exists but touches a complex-layout page or is otherwise unverified; comparability cannot be assessed until reviewed
bridgeport-rule-candidate-00004,bridgeport-scenario-0001,CX,Heavy Commercial,maximum_lot_coverage_pct,,,,,,,general_rule_candidate,,12,,,,,,,complex_layout_present,n/a,"[""(?:Lot|Site|Building)\\s+Coverage[:\\s]{1,5}(\\d+(?:\\.\\d+)?)\\s*%""]",0.72,0.0,review_required,source text touches a multi_column_or_complex page; reading order is not trusted for this scenario,needs_manual_harmonization,evidence exists but touches a complex-layout page or is otherwise unverified; comparability cannot be assessed until reviewed
bridgeport-rule-candidate-00005,bridgeport-scenario-0001,CX,Heavy Commercial,maximum_height_stories,,,,,,,general_rule_candidate,,12,,,,,,,complex_layout_present,n/a,"[""(\\d+(?:\\.\\d+)?)\\s*(?:to\\s*\\d+(?:\\.\\d+)?\\s*)?stor(?:y|ies)""]",0.72,0.0,review_required,source text touches a multi_column_or_complex page; reading order is not trusted for this scenario,needs_manual_harmonization,evidence exists but touches a complex-layout page or is otherwise unverified; comparability cannot be assessed until reviewed
bridgeport-rule-candidate-00006,bridgeport-scenario-0001,CX,Heavy Commercial,minimum_pervious_area_pct,,,,,,,general_rule_candidate,,12,,,,,,,complex_layout_present,n/a,"[""Pervious[^.]{0,10}?[:\\s](\\d+(?:\\.\\d+)?)\\s*%""]",0.72,0.0,review_required,source text touches a multi_column_or_complex page; reading order is not trusted for this scenario,needs_manual_harmonization,evidence exists but touches a complex-layout page or is otherwise unverified; comparability cannot be assessed until reviewed
bridgeport-rule-candidate-00007,bridgeport-scenario-0001,CX,Heavy Commercial,minimum_open_space_pct,,,,,,,general_rule_candidate,,12,,,,,,,complex_layout_present,n/a,"[""Open\\s+Space[:\\s]{1,5}(\\d+(?:\\.\\d+)?)\\s*%""]",0.72,0.0,review_required,source text touches a multi_column_or_complex page; reading order is not trusted for this scenario,needs_manual_harmonization,evidence exists but touches a complex-layout page or is otherwise unverified; comparability cannot be assessed until reviewed
bridgeport-rule-candidate-00008,bridgeport-scenario-0001,CX,Heavy Commercial,minimum_green_area_pct,,,,,,,general_rule_candidate,,12,,,,,,,complex_layout_present,n/a,"[""Green\\s+Area[:\\s]{1,5}(\\d+(?:\\.\\d+)?)\\s*%""]",0.72,0.0,review_required,source text touches a multi_column_or_complex page; reading order is not trusted for this scenario,needs_manual_harmonization,evidence exists but touches a complex-layout page or is otherwise unverified; comparability cannot be assessed until reviewed
bridgeport-rule-candidate-00009,bridgeport-scenario-0001,CX,Heavy Commercial,build_to_minimum_ft,,,,,,,general_rule_candidate,,12,,,,,,,complex_layout_present,n/a,"[""Build-?to[^.]{0,15}?Min[a-z]*[:\\s]{1,5}(\\d+(?:\\.\\d+)?)\\s*ft""]",0.72,0.0,review_required,source text touches a multi_column_or_complex page; reading order is not trusted for this scenario,needs_manual_harmonization,evidence exists but touches a complex-layout page or is otherwise unverified; comparability cannot be assessed until reviewed
bridgeport-rule-candidate-00010,bridgeport-scenario-0001,CX,Heavy Commercial,build_to_maximum_ft,,,,,,,general_rule_candidate,,12,,,,,,,complex_layout_present,n/a,"[""Build-?to[^.]{0,15}?Max[a-z]*[:\\s]{1,5}(\\d+(?:\\.\\d+)?)\\s*ft""]",0.72,0.0,review_required,source text touches a multi_column_or_complex page; reading order is not trusted for this scenario,needs_manual_harmonization,evidence exists but touches a complex-layout page or is otherwise unverified; comparability cannot be assessed until reviewed
bridgeport-rule-candidate-00011,bridgeport-scenario-0001,CX,Heavy Commercial,frontage_requirement_ft,,,,,,,general_rule_candidate,,12,,,,,,,complex_layout_present,n/a,"[""Frontage[:\\s]{1,5}(\\d+(?:\\.\\d+)?)\\s*ft""]",0.72,0.0,review_required,source text touches a multi_column_or_complex page; reading order is not trusted for this scenario,needs_manual_harmonization,evidence exists but touches a complex-layout page or is otherwise unverified; comparability cannot be assessed until reviewed
bridgeport-rule-candidate-00012,bridgeport-scenario-0002,DX1,Downtown Core,minimum_lot_size_sqft,,,,,,,general_rule_candidate,,12,,,,,,,complex_layout_present,n/a,"[""(?:Lot\\s+Area|Minimum\\s+Lot\\s+Size)[:\\s]{1,5}([\\d,]+)\\s*(?:sq\\.?\\s*ft\\.?|square feet)""]",0.81,0.0,review_required,source text touches a multi_column_or_complex page; reading order is not trusted for this scenario,needs_manual_harmonization,evidence exists but touches a complex-layout page or is otherwise unverified; comparability cannot be assessed until reviewed
bridgeport-rule-candidate-00013,bridgeport-scenario-0002,DX1,Downtown Core,minimum_lot_width_ft,,,,,,,general_rule_candidate,,12,,,,,,,complex_layout_present,n/a,"[""Lot\\s+Width[:\\s]{1,5}(\\d+(?:\\.\\d+)?)\\s*ft""]",0.81,0.0,review_required,source text touches a multi_column_or_complex page; reading order is not trusted for this scenario,needs_manual_harmonization,evidence exists but touches a complex-layout page or is otherwise unverified; comparability cannot be assessed until reviewed
bridgeport-rule-candidate-00014,bridgeport-scenario-0002,DX1,Downtown Core,maximum_building_height_ft,,,,,,,general_rule_candidate,,12,,,,,,,complex_layout_present,n/a,"[""(?:Maximum\\s+Height|Building\\s+Height)[:\\s]{1,5}(\\d+(?:\\.\\d+)?)\\s*ft""]",0.81,0.0,review_required,source text touches a multi_column_or_complex page; reading order is not trusted for this scenario,needs_manual_harmonization,evidence exists but touches a complex-layout page or is otherwise unverified; comparability cannot be assessed until reviewed
bridgeport-rule-candidate-00015,bridgeport-scenario-0002,DX1,Downtown Core,maximum_lot_coverage_pct,,,,,,,general_rule_candidate,,12,,,,,,,complex_layout_present,n/a,"[""(?:Lot|Site|Building)\\s+Coverage[:\\s]{1,5}(\\d+(?:\\.\\d+)?)\\s*%""]",0.81,0.0,review_required,source text touches a multi_column_or_complex page; reading order is not trusted for this scenario,needs_manual_harmonization,evidence exists but touches a complex-layout page or is otherwise unverified; comparability cannot be assessed until reviewed
bridgeport-rule-candidate-00016,bridgeport-scenario-0002,DX1,Downtown Core,maximum_height_stories,,,,,,,general_rule_candidate,,12,,,,,,,complex_layout_present,n/a,"[""(\\d+(?:\\.\\d+)?)\\s*(?:to\\s*\\d+(?:\\.\\d+)?\\s*)?stor(?:y|ies)""]",0.81,0.0,review_required,source text touches a multi_column_or_complex page; reading order is not trusted for this scenario,needs_manual_harmonization,evidence exists but touches a complex-layout page or is otherwise unverified; comparability cannot be assessed until reviewed
bridgeport-rule-candidate-00017,bridgeport-scenario-0002,DX1,Downtown Core,minimum_pervious_area_pct,,,,,,,general_rule_candidate,,12,,,,,,,complex_layout_present,n/a,"[""Pervious[^.]{0,10}?[:\\s](\\d+(?:\\.\\d+)?)\\s*%""]",0.81,0.0,review_required,source text touches a multi_column_or_complex page; reading order is not trusted for this scenario,needs_manual_harmonization,evidence exists but touches a complex-layout page or is otherwise unverified; comparability cannot be assessed until reviewed
bridgeport-rule-candidate-00018,bridgeport-scenario-0002,DX1,Downtown Core,minimum_open_space_pct,,,,,,,general_rule_candidate,,12,,,,,,,complex_layout_present,n/a,"[""Open\\s+Space[:\\s]{1,5}(\\d+(?:\\.\\d+)?)\\s*%""]",0.81,0.0,review_required,source text touches a multi_column_or_complex page; reading order is not trusted for this scenario,needs_manual_harmonization,evidence exists but touches a complex-layout page or is otherwise unverified; comparability cannot be assessed until reviewed
bridgeport-rule-candidate-00019,bridgeport-scenario-0002,DX1,Downtown Core,minimum_green_area_pct,,,,,,,general_rule_candidate,,12,,,,,,,complex_layout_present,n/a,"[""Green\\s+Area[:\\s]{1,5}(\\d+(?:\\.\\d+)?)\\s*%""]",0.81,0.0,review_required,source text touches a multi_column_or_complex page; reading order is not trusted for this scenario,needs_manual_harmonization,evidence exists but touches a complex-layout page or is otherwise unverified; comparability cannot be assessed until reviewed
bridgeport-rule-candidate-00020,bridgeport-scenario-0002,DX1,Downtown Core,build_to_minimum_ft,,,,,,,general_rule_candidate,,12,,,,,,,complex_layout_present,n/a,"[""Build-?to[^.]{0,15}?Min[a-z]*[:\\s]{1,5}(\\d+(?:\\.\\d+)?)\\s*ft""]",0.81,0.0,review_required,source text touches a multi_column_or_complex page; reading order is not trusted for this scenario,needs_manual_harmonization,evidence exists but touches a complex-layout page or is otherwise unverified; comparability cannot be assessed until reviewed
bridgeport-rule-candidate-00021,bridgeport-scenario-0002,DX1,Downtown Core,build_to_maximum_ft,,,,,,,general_rule_candidate,,12,,,,,,,complex_layout_present,n/a,"[""Build-?to[^.]{0,15}?Max[a-z]*[:\\s]{1,5}(\\d+(?:\\.\\d+)?)\\s*ft""]",0.81,0.0,review_required,source text touches a multi_column_or_complex page; reading order is not trusted for this scenario,needs_manual_harmonization,evidence exists but touches a complex-layout page or is otherwise unverified; comparability cannot be assessed until reviewed
bridgeport-rule-candidate-00022,bridgeport-scenario-0002,DX1,Downtown Core,frontage_requirement_ft,,,,,,,general_rule_candidate,,12,,,,,,,complex_layout_present,n/a,"[""Frontage[:\\s]{1,5}(\\d+(?:\\.\\d+)?)\\s*ft""]",0.81,0.0,review_required,source text touches a multi_column_or_complex page; reading order is not trusted for this scenario,needs_manual_harmonization,evidence exists but touches a complex-layout page or is otherwise unverified; comparability cannot be assessed until reviewed
bridgeport-rule-candidate-00023,bridgeport-scenario-0003,DX2,Downtown Support,minimum_lot_size_sqft,,,,,,,general_rule_candidate,,12,,,,,,,complex_layout_present,n/a,"[""(?:Lot\\s+Area|Minimum\\s+Lot\\s+Size)[:\\s]{1,5}([\\d,]+)\\s*(?:sq\\.?\\s*ft\\.?|square feet)""]",0.77,0.0,review_required,source text touches a multi_column_or_complex page; reading order is not trusted for this scenario,needs_manual_harmonization,evidence exists but touches a complex-layout page or is otherwise unverified; comparability cannot be assessed until reviewed
bridgeport-rule-candidate-00024,bridgeport-scenario-0003,DX2,Downtown Support,minimum_lot_width_ft,,,,,,,general_rule_candidate,,12,,,,,,,complex_layout_present,n/a,"[""Lot\\s+Width[:\\s]{1,5}(\\d+(?:\\.\\d+)?)\\s*ft""]",0.77,0.0,review_required,source text touches a multi_column_or_complex page; reading order is not trusted for this scenario,needs_manual_harmonization,evidence exists but touches a complex-layout page or is otherwise unverified; comparability cannot be assessed until reviewed
bridgeport-rule-candidate-00025,bridgeport-scenario-0003,DX2,Downtown Support,maximum_building_height_ft,,,,,,,general_rule_candidate,,12,,,,,,,complex_layout_present,n/a,"[""(?:Maximum\\s+Height|Building\\s+Height)[:\\s]{1,5}(\\d+(?:\\.\\d+)?)\\s*ft""]",0.77,0.0,review_required,source text touches a multi_column_or_complex page; reading order is not trusted for this scenario,needs_manual_harmonization,evidence exists but touches a complex-layout page or is otherwise unverified; comparability cannot be assessed until reviewed
bridgeport-rule-candidate-00026,bridgeport-scenario-0003,DX2,Downtown Support,maximum_lot_coverage_pct,,,,,,,general_rule_candidate,,12,,,,,,,complex_layout_present,n/a,"[""(?:Lot|Site|Building)\\s+Coverage[:\\s]{1,5}(\\d+(?:\\.\\d+)?)\\s*%""]",0.77,0.0,review_required,source text touches a multi_column_or_complex page; reading order is not trusted for this scenario,needs_manual_harmonization,evidence exists but touches a complex-layout page or is otherwise unverified; comparability cannot be assessed until reviewed
bridgeport-rule-candidate-00027,bridgeport-scenario-0003,DX2,Downtown Support,maximum_height_stories,,,,,,,general_rule_candidate,,12,,,,,,,complex_layout_present,n/a,"[""(\\d+(?:\\.\\d+)?)\\s*(?:to\\s*\\d+(?:\\.\\d+)?\\s*)?stor(?:y|ies)""]",0.77,0.0,review_required,source text touches a multi_column_or_complex page; reading order is not trusted for this scenario,needs_manual_harmonization,evidence exists but touches a complex-layout page or is otherwise unverified; comparability cannot be assessed until reviewed
bridgeport-rule-candidate-00028,bridgeport-scenario-0003,DX2,Downtown Support,minimum_pervious_area_pct,,,,,,,general_rule_candidate,,12,,,,,,,complex_layout_present,n/a,"[""Pervious[^.]{0,10}?[:\\s](\\d+(?:\\.\\d+)?)\\s*%""]",0.77,0.0,review_required,source text touches a multi_column_or_complex page; reading order is not trusted for this scenario,needs_manual_harmonization,evidence exists but touches a complex-layout page or is otherwise unverified; comparability cannot be assessed until reviewed
bridgeport-rule-candidate-00029,bridgeport-scenario-0003,DX2,Downtown Support,minimum_open_space_pct,,,,,,,general_rule_candidate,,12,,,,,,,complex_layout_present,n/a,"[""Open\\s+Space[:\\s]{1,5}(\\d+(?:\\.\\d+)?)\\s*%""]",0.77,0.0,review_required,source text touches a multi_column_or_complex page; reading order is not trusted for this scenario,needs_manual_harmonization,evidence exists but touches a complex-layout page or is otherwise unverified; comparability cannot be assessed until reviewed
bridgeport-rule-candidate-00030,bridgeport-scenario-0003,DX2,Downtown Support,minimum_green_area_pct,,,,,,,general_rule_candidate,,12,,,,,,,complex_layout_present,n/a,"[""Green\\s+Area[:\\s]{1,5}(\\d+(?:\\.\\d+)?)\\s*%""]",0.77,0.0,review_required,source text touches a multi_column_or_complex page; reading order is not trusted for this scenario,needs_manual_harmonization,evidence exists but touches a complex-layout page or is otherwise unverified; comparability cannot be assessed until reviewed
bridgeport-rule-candidate-00031,bridgeport-scenario-0003,DX2,Downtown Support,build_to_minimum_ft,,,,,,,general_rule_candidate,,12,,,,,,,complex_layout_present,n/a,"[""Build-?to[^.]{0,15}?Min[a-z]*[:\\s]{1,5}(\\d+(?:\\.\\d+)?)\\s*ft""]",0.77,0.0,review_required,source text touches a multi_column_or_complex page; reading order is not trusted for this scenario,needs_manual_harmonization,evidence exists but touches a complex-layout page or is otherwise unverified; comparability cannot be assessed until reviewed
bridgeport-rule-candidate-00032,bridgeport-scenario-0003,DX2,Downtown Support,build_to_maximum_ft,,,,,,,general_rule_candidate,,12,,,,,,,complex_layout_present,n/a,"[""Build-?to[^.]{0,15}?Max[a-z]*[:\\s]{1,5}(\\d+(?:\\.\\d+)?)\\s*ft""]",0.77,0.0,review_required,source text touches a multi_column_or_complex page; reading order is not trusted for this scenario,needs_manual_harmonization,evidence exists but touches a complex-layout page or is otherwise unverified; comparability cannot be assessed until reviewed
bridgeport-rule-candidate-00033,bridgeport-scenario-0003,DX2,Downtown Support,frontage_requirement_ft,,,,,,,general_rule_candidate,,12,,,,,,,complex_layout_present,n/a,"[""Frontage[:\\s]{1,5}(\\d+(?:\\.\\d+)?)\\s*ft""]",0.77,0.0,review_required,source text touches a multi_column_or_complex page; reading order is not trusted for this scenario,needs_manual_harmonization,evidence exists but touches a complex-layout page or is otherwise unverified; comparability cannot be assessed until reviewed
bridgeport-rule-candidate-00034,bridgeport-scenario-0004,MX1,Mixed-Use Corridor,minimum_lot_size_sqft,,,,,,,general_rule_candidate,,12,,,,,,,complex_layout_present,n/a,"[""(?:Lot\\s+Area|Minimum\\s+Lot\\s+Size)[:\\s]{1,5}([\\d,]+)\\s*(?:sq\\.?\\s*ft\\.?|square feet)""]",0.81,0.0,review_required,source text touches a multi_column_or_complex page; reading order is not trusted for this scenario,needs_manual_harmonization,evidence exists but touches a complex-layout page or is otherwise unverified; comparability cannot be assessed until reviewed
bridgeport-rule-candidate-00035,bridgeport-scenario-0004,MX1,Mixed-Use Corridor,minimum_lot_width_ft,,,,,,,general_rule_candidate,,12,,,,,,,complex_layout_present,n/a,"[""Lot\\s+Width[:\\s]{1,5}(\\d+(?:\\.\\d+)?)\\s*ft""]",0.81,0.0,review_required,source text touches a multi_column_or_complex page; reading order is not trusted for this scenario,needs_manual_harmonization,evidence exists but touches a complex-layout page or is otherwise unverified; comparability cannot be assessed until reviewed
bridgeport-rule-candidate-00036,bridgeport-scenario-0004,MX1,Mixed-Use Corridor,maximum_building_height_ft,,,,,,,general_rule_candidate,,12,,,,,,,complex_layout_present,n/a,"[""(?:Maximum\\s+Height|Building\\s+Height)[:\\s]{1,5}(\\d+(?:\\.\\d+)?)\\s*ft""]",0.81,0.0,review_required,source text touches a multi_column_or_complex page; reading order is not trusted for this scenario,needs_manual_harmonization,evidence exists but touches a complex-layout page or is otherwise unverified; comparability cannot be assessed until reviewed
bridgeport-rule-candidate-00037,bridgeport-scenario-0004,MX1,Mixed-Use Corridor,maximum_lot_coverage_pct,,,,,,,general_rule_candidate,,12,,,,,,,complex_layout_present,n/a,"[""(?:Lot|Site|Building)\\s+Coverage[:\\s]{1,5}(\\d+(?:\\.\\d+)?)\\s*%""]",0.81,0.0,review_required,source text touches a multi_column_or_complex page; reading order is not trusted for this scenario,needs_manual_harmonization,evidence exists but touches a complex-layout page or is otherwise unverified; comparability cannot be assessed until reviewed
bridgeport-rule-candidate-00038,bridgeport-scenario-0004,MX1,Mixed-Use Corridor,maximum_height_stories,,,,,,,general_rule_candidate,,12,,,,,,,complex_layout_present,n/a,"[""(\\d+(?:\\.\\d+)?)\\s*(?:to\\s*\\d+(?:\\.\\d+)?\\s*)?stor(?:y|ies)""]",0.81,0.0,review_required,source text touches a multi_column_or_complex page; reading order is not trusted for this scenario,needs_manual_harmonization,evidence exists but touches a complex-layout page or is otherwise unverified; comparability cannot be assessed until reviewed
bridgeport-rule-candidate-00039,bridgeport-scenario-0004,MX1,Mixed-Use Corridor,minimum_pervious_area_pct,,,,,,,general_rule_candidate,,12,,,,,,,complex_layout_present,n/a,"[""Pervious[^.]{0,10}?[:\\s](\\d+(?:\\.\\d+)?)\\s*%""]",0.81,0.0,review_required,source text touches a multi_column_or_complex page; reading order is not trusted for this scenario,needs_manual_harmonization,evidence exists but touches a complex-layout page or is otherwise unverified; comparability cannot be assessed until reviewed
bridgeport-rule-candidate-00040,bridgeport-scenario-0004,MX1,Mixed-Use Corridor,minimum_open_space_pct,,,,,,,general_rule_candidate,,12,,,,,,,complex_layout_present,n/a,"[""Open\\s+Space[:\\s]{1,5}(\\d+(?:\\.\\d+)?)\\s*%""]",0.81,0.0,review_required,source text touches a multi_column_or_complex page; reading order is not trusted for this scenario,needs_manual_harmonization,evidence exists but touches a complex-layout page or is otherwise unverified; comparability cannot be assessed until reviewed
bridgeport-rule-candidate-00041,bridgeport-scenario-0004,MX1,Mixed-Use Corridor,minimum_green_area_pct,,,,,,,general_rule_candidate,,12,,,,,,,complex_layout_present,n/a,"[""Green\\s+Area[:\\s]{1,5}(\\d+(?:\\.\\d+)?)\\s*%""]",0.81,0.0,review_required,source text touches a multi_column_or_complex page; reading order is not trusted for this scenario,needs_manual_harmonization,evidence exists but touches a complex-layout page or is otherwise unverified; comparability cannot be assessed until reviewed
bridgeport-rule-candidate-00042,bridgeport-scenario-0004,MX1,Mixed-Use Corridor,build_to_minimum_ft,,,,,,,general_rule_candidate,,12,,,,,,,complex_layout_present,n/a,"[""Build-?to[^.]{0,15}?Min[a-z]*[:\\s]{1,5}(\\d+(?:\\.\\d+)?)\\s*ft""]",0.81,0.0,review_required,source text touches a multi_column_or_complex page; reading order is not trusted for this scenario,needs_manual_harmonization,evidence exists but touches a complex-layout page or is otherwise unverified; comparability cannot be assessed until reviewed
bridgeport-rule-candidate-00043,bridgeport-scenario-0004,MX1,Mixed-Use Corridor,build_to_maximum_ft,,,,,,,general_rule_candidate,,12,,,,,,,complex_layout_present,n/a,"[""Build-?to[^.]{0,15}?Max[a-z]*[:\\s]{1,5}(\\d+(?:\\.\\d+)?)\\s*ft""]",0.81,0.0,review_required,source text touches a multi_column_or_complex page; reading order is not trusted for this scenario,needs_manual_harmonization,evidence exists but touches a complex-layout page or is otherwise unverified; comparability cannot be assessed until reviewed
bridgeport-rule-candidate-00044,bridgeport-scenario-0004,MX1,Mixed-Use Corridor,frontage_requirement_ft,,,,,,,general_rule_candidate,,12,,,,,,,complex_layout_present,n/a,"[""Frontage[:\\s]{1,5}(\\d+(?:\\.\\d+)?)\\s*ft""]",0.81,0.0,review_required,source text touches a multi_column_or_complex page; reading order is not trusted for this scenario,needs_manual_harmonization,evidence exists but touches a complex-layout page or is otherwise unverified; comparability cannot be assessed until reviewed
bridgeport-rule-candidate-00045,bridgeport-scenario-0005,MX2,Mixed-Use Centers,minimum_lot_size_sqft,,,,,,,general_rule_candidate,,12,,,,,,,complex_layout_present,n/a,"[""(?:Lot\\s+Area|Minimum\\s+Lot\\s+Size)[:\\s]{1,5}([\\d,]+)\\s*(?:sq\\.?\\s*ft\\.?|square feet)""]",0.6880000000000001,0.0,review_required,source text touches a multi_column_or_complex page; reading order is not trusted for this scenario,needs_manual_harmonization,evidence exists but touches a complex-layout page or is otherwise unverified; comparability cannot be assessed until reviewed
bridgeport-rule-candidate-00046,bridgeport-scenario-0005,MX2,Mixed-Use Centers,minimum_lot_width_ft,,,,,,,general_rule_candidate,,12,,,,,,,complex_layout_present,n/a,"[""Lot\\s+Width[:\\s]{1,5}(\\d+(?:\\.\\d+)?)\\s*ft""]",0.6880000000000001,0.0,review_required,source text touches a multi_column_or_complex page; reading order is not trusted for this scenario,needs_manual_harmonization,evidence exists but touches a complex-layout page or is otherwise unverified; comparability cannot be assessed until reviewed
bridgeport-rule-candidate-00047,bridgeport-scenario-0005,MX2,Mixed-Use Centers,maximum_building_height_ft,,,,,,,general_rule_candidate,,12,,,,,,,complex_layout_present,n/a,"[""(?:Maximum\\s+Height|Building\\s+Height)[:\\s]{1,5}(\\d+(?:\\.\\d+)?)\\s*ft""]",0.6880000000000001,0.0,review_required,source text touches a multi_column_or_complex page; reading order is not trusted for this scenario,needs_manual_harmonization,evidence exists but touches a complex-layout page or is otherwise unverified; comparability cannot be assessed until reviewed
bridgeport-rule-candidate-00048,bridgeport-scenario-0005,MX2,Mixed-Use Centers,maximum_lot_coverage_pct,,,,,,,general_rule_candidate,,12,,,,,,,complex_layout_present,n/a,"[""(?:Lot|Site|Building)\\s+Coverage[:\\s]{1,5}(\\d+(?:\\.\\d+)?)\\s*%""]",0.6880000000000001,0.0,review_required,source text touches a multi_column_or_complex page; reading order is not trusted for this scenario,needs_manual_harmonization,evidence exists but touches a complex-layout page or is otherwise unverified; comparability cannot be assessed until reviewed
bridgeport-rule-candidate-00049,bridgeport-scenario-0005,MX2,Mixed-Use Centers,maximum_height_stories,,,,,,,general_rule_candidate,,12,,,,,,,complex_layout_present,n/a,"[""(\\d+(?:\\.\\d+)?)\\s*(?:to\\s*\\d+(?:\\.\\d+)?\\s*)?stor(?:y|ies)""]",0.6880000000000001,0.0,review_required,source text touches a multi_column_or_complex page; reading order is not trusted for this scenario,needs_manual_harmonization,evidence exists but touches a complex-layout page or is otherwise unverified; comparability cannot be assessed until reviewed
bridgeport-rule-candidate-00050,bridgeport-scenario-0005,MX2,Mixed-Use Centers,minimum_pervious_area_pct,,,,,,,general_rule_candidate,,12,,,,,,,complex_layout_present,n/a,"[""Pervious[^.]{0,10}?[:\\s](\\d+(?:\\.\\d+)?)\\s*%""]",0.6880000000000001,0.0,review_required,source text touches a multi_column_or_complex page; reading order is not trusted for this scenario,needs_manual_harmonization,evidence exists but touches a complex-layout page or is otherwise unverified; comparability cannot be assessed until reviewed
bridgeport-rule-candidate-00051,bridgeport-scenario-0005,MX2,Mixed-Use Centers,minimum_open_space_pct,,,,,,,general_rule_candidate,,12,,,,,,,complex_layout_present,n/a,"[""Open\\s+Space[:\\s]{1,5}(\\d+(?:\\.\\d+)?)\\s*%""]",0.6880000000000001,0.0,review_required,source text touches a multi_column_or_complex page; reading order is not trusted for this scenario,needs_manual_harmonization,evidence exists but touches a complex-layout page or is otherwise unverified; comparability cannot be assessed until reviewed
bridgeport-rule-candidate-00052,bridgeport-scenario-0005,MX2,Mixed-Use Centers,minimum_green_area_pct,,,,,,,general_rule_candidate,,12,,,,,,,complex_layout_present,n/a,"[""Green\\s+Area[:\\s]{1,5}(\\d+(?:\\.\\d+)?)\\s*%""]",0.6880000000000001,0.0,review_required,source text touches a multi_column_or_complex page; reading order is not trusted for this scenario,needs_manual_harmonization,evidence exists but touches a complex-layout page or is otherwise unverified; comparability cannot be assessed until reviewed
bridgeport-rule-candidate-00053,bridgeport-scenario-0005,MX2,Mixed-Use Centers,build_to_minimum_ft,,,,,,,general_rule_candidate,,12,,,,,,,complex_layout_present,n/a,"[""Build-?to[^.]{0,15}?Min[a-z]*[:\\s]{1,5}(\\d+(?:\\.\\d+)?)\\s*ft""]",0.6880000000000001,0.0,review_required,source text touches a multi_column_or_complex page; reading order is not trusted for this scenario,needs_manual_harmonization,evidence exists but touches a complex-layout page or is otherwise unverified; comparability cannot be assessed until reviewed
bridgeport-rule-candidate-00054,bridgeport-scenario-0005,MX2,Mixed-Use Centers,build_to_maximum_ft,,,,,,,general_rule_candidate,,12,,,,,,,complex_layout_present,n/a,"[""Build-?to[^.]{0,15}?Max[a-z]*[:\\s]{1,5}(\\d+(?:\\.\\d+)?)\\s*ft""]",0.6880000000000001,0.0,review_required,source text touches a multi_column_or_complex page; reading order is not trusted for this scenario,needs_manual_harmonization,evidence exists but touches a complex-layout page or is otherwise unverified; comparability cannot be assessed until reviewed
bridgeport-rule-candidate-00055,bridgeport-scenario-0005,MX2,Mixed-Use Centers,frontage_requirement_ft,,,,,,,general_rule_candidate,,12,,,,,,,complex_layout_present,n/a,"[""Frontage[:\\s]{1,5}(\\d+(?:\\.\\d+)?)\\s*ft""]",0.6880000000000001,0.0,review_required,source text touches a multi_column_or_complex page; reading order is not trusted for this scenario,needs_manual_harmonization,evidence exists but touches a complex-layout page or is otherwise unverified; comparability cannot be assessed until reviewed
bridgeport-rule-candidate-00056,bridgeport-scenario-0006,MXN,Mixed-Use Neighborhood Corners,minimum_lot_size_sqft,,,,,,,general_rule_candidate,,12,,,,,,,normal,n/a,"[""(?:Lot\\s+Area|Minimum\\s+Lot\\s+Size)[:\\s]{1,5}([\\d,]+)\\s*(?:sq\\.?\\s*ft\\.?|square feet)""]",0.77,0.0,missing,no tight label-adjacent match found; this standard likely lives only in a diagram for this scenario,missing,no source-backed value was found for this scenario/variable in this document
bridgeport-rule-candidate-00057,bridgeport-scenario-0006,MXN,Mixed-Use Neighborhood Corners,minimum_lot_width_ft,re 3.20-B Lot Width 18 ft. — 5,18,ft,18,ft,,general_rule_candidate,,12,,,,,re 3.20-B Lot Width 18 ft. — 5,,normal,n/a,"[""Lot\\s+Width[:\\s]{1,5}(\\d+(?:\\.\\d+)?)\\s*ft""]",0.77,0.65,confirmed,tight label-adjacent regex match in non-complex-layout scenario text,directly_comparable,"a conventional square-foot/linear-foot minimum, the same unit and concept Greenwich's RA-4 evidence uses"
bridgeport-rule-candidate-00058,bridgeport-scenario-0006,MXN,Mixed-Use Neighborhood Corners,maximum_building_height_ft,,,,,,,general_rule_candidate,,12,,,,,,,normal,n/a,"[""(?:Maximum\\s+Height|Building\\s+Height)[:\\s]{1,5}(\\d+(?:\\.\\d+)?)\\s*ft""]",0.77,0.0,missing,no tight label-adjacent match found; this standard likely lives only in a diagram for this scenario,missing,no source-backed value was found for this scenario/variable in this document
bridgeport-rule-candidate-00059,bridgeport-scenario-0006,MXN,Mixed-Use Neighborhood Corners,maximum_lot_coverage_pct,3.20.10.E Site Coverage 95% max.,95,pct,95,pct,,general_rule_candidate,,12,,,,,3.20.10.E Site Coverage 95% max.,,normal,n/a,"[""(?:Lot|Site|Building)\\s+Coverage[:\\s]{1,5}(\\d+(?:\\.\\d+)?)\\s*%""]",0.77,0.65,confirmed,tight label-adjacent regex match in non-complex-layout scenario text,comparable_with_documented_transform,"Bridgeport calls this 'Site Coverage'; comparable to Greenwich lot coverage in spirit, but the measured-area definition has not been independently confirmed identical"
bridgeport-rule-candidate-00060,bridgeport-scenario-0006,MXN,Mixed-Use Neighborhood Corners,maximum_height_stories,"ings over 5 stories, one",5,stories,,stories,,general_rule_candidate,,12,,,,,"ings over 5 stories, one",,normal,n/a,"[""(\\d+(?:\\.\\d+)?)\\s*(?:to\\s*\\d+(?:\\.\\d+)?\\s*)?stor(?:y|ies)""]",0.77,0.65,qualitative_only,"tight regex found a real story-count value, but the source text is a conditional list (e.g. '2, 2.5, or 3 stories'); only one list member was captured, so this is not reported as one confirmed number",structurally_non_equivalent,"a stories-only standard is not directly comparable to Greenwich's feet-only height without an explicit legal stories-to-feet conversion, which this code does not provide"
bridgeport-rule-candidate-00061,bridgeport-scenario-0006,MXN,Mixed-Use Neighborhood Corners,minimum_pervious_area_pct,,,,,,,general_rule_candidate,,12,,,,,,,normal,n/a,"[""Pervious[^.]{0,10}?[:\\s](\\d+(?:\\.\\d+)?)\\s*%""]",0.77,0.0,missing,no tight label-adjacent match found; this standard likely lives only in a diagram for this scenario,missing,no source-backed value was found for this scenario/variable in this document
bridgeport-rule-candidate-00062,bridgeport-scenario-0006,MXN,Mixed-Use Neighborhood Corners,minimum_open_space_pct,,,,,,,general_rule_candidate,,12,,,,,,,normal,n/a,"[""Open\\s+Space[:\\s]{1,5}(\\d+(?:\\.\\d+)?)\\s*%""]",0.77,0.0,missing,no tight label-adjacent match found; this standard likely lives only in a diagram for this scenario,missing,no source-backed value was found for this scenario/variable in this document
bridgeport-rule-candidate-00063,bridgeport-scenario-0006,MXN,Mixed-Use Neighborhood Corners,minimum_green_area_pct,,,,,,,general_rule_candidate,,12,,,,,,,normal,n/a,"[""Green\\s+Area[:\\s]{1,5}(\\d+(?:\\.\\d+)?)\\s*%""]",0.77,0.0,missing,no tight label-adjacent match found; this standard likely lives only in a diagram for this scenario,missing,no source-backed value was found for this scenario/variable in this document
bridgeport-rule-candidate-00064,bridgeport-scenario-0006,MXN,Mixed-Use Neighborhood Corners,build_to_minimum_ft,,,,,,,general_rule_candidate,,12,,,,,,,normal,n/a,"[""Build-?to[^.]{0,15}?Min[a-z]*[:\\s]{1,5}(\\d+(?:\\.\\d+)?)\\s*ft""]",0.77,0.0,missing,no tight label-adjacent match found; this standard likely lives only in a diagram for this scenario,missing,no source-backed value was found for this scenario/variable in this document
bridgeport-rule-candidate-00065,bridgeport-scenario-0006,MXN,Mixed-Use Neighborhood Corners,build_to_maximum_ft,,,,,,,general_rule_candidate,,12,,,,,,,normal,n/a,"[""Build-?to[^.]{0,15}?Max[a-z]*[:\\s]{1,5}(\\d+(?:\\.\\d+)?)\\s*ft""]",0.77,0.0,missing,no tight label-adjacent match found; this standard likely lives only in a diagram for this scenario,missing,no source-backed value was found for this scenario/variable in this document
bridgeport-rule-candidate-00066,bridgeport-scenario-0006,MXN,Mixed-Use Neighborhood Corners,frontage_requirement_ft,,,,,,,general_rule_candidate,,12,,,,,,,normal,n/a,"[""Frontage[:\\s]{1,5}(\\d+(?:\\.\\d+)?)\\s*ft""]",0.77,0.0,missing,no tight label-adjacent match found; this standard likely lives only in a diagram for this scenario,missing,no source-backed value was found for this scenario/variable in this document
bridgeport-rule-candidate-00067,bridgeport-scenario-0007,RX2,Residential-Office Centers,minimum_lot_size_sqft,,,,,,,general_rule_candidate,,12,,,,,,,complex_layout_present,n/a,"[""(?:Lot\\s+Area|Minimum\\s+Lot\\s+Size)[:\\s]{1,5}([\\d,]+)\\s*(?:sq\\.?\\s*ft\\.?|square feet)""]",0.58,0.0,review_required,source text touches a multi_column_or_complex page; reading order is not trusted for this scenario,needs_manual_harmonization,evidence exists but touches a complex-layout page or is otherwise unverified; comparability cannot be assessed until reviewed
bridgeport-rule-candidate-00068,bridgeport-scenario-0007,RX2,Residential-Office Centers,minimum_lot_width_ft,,,,,,,general_rule_candidate,,12,,,,,,,complex_layout_present,n/a,"[""Lot\\s+Width[:\\s]{1,5}(\\d+(?:\\.\\d+)?)\\s*ft""]",0.58,0.0,review_required,source text touches a multi_column_or_complex page; reading order is not trusted for this scenario,needs_manual_harmonization,evidence exists but touches a complex-layout page or is otherwise unverified; comparability cannot be assessed until reviewed
bridgeport-rule-candidate-00069,bridgeport-scenario-0007,RX2,Residential-Office Centers,maximum_building_height_ft,,,,,,,general_rule_candidate,,12,,,,,,,complex_layout_present,n/a,"[""(?:Maximum\\s+Height|Building\\s+Height)[:\\s]{1,5}(\\d+(?:\\.\\d+)?)\\s*ft""]",0.58,0.0,review_required,source text touches a multi_column_or_complex page; reading order is not trusted for this scenario,needs_manual_harmonization,evidence exists but touches a complex-layout page or is otherwise unverified; comparability cannot be assessed until reviewed
bridgeport-rule-candidate-00070,bridgeport-scenario-0007,RX2,Residential-Office Centers,maximum_lot_coverage_pct,,,,,,,general_rule_candidate,,12,,,,,,,complex_layout_present,n/a,"[""(?:Lot|Site|Building)\\s+Coverage[:\\s]{1,5}(\\d+(?:\\.\\d+)?)\\s*%""]",0.58,0.0,review_required,source text touches a multi_column_or_complex page; reading order is not trusted for this scenario,needs_manual_harmonization,evidence exists but touches a complex-layout page or is otherwise unverified; comparability cannot be assessed until reviewed
bridgeport-rule-candidate-00071,bridgeport-scenario-0007,RX2,Residential-Office Centers,maximum_height_stories,,,,,,,general_rule_candidate,,12,,,,,,,complex_layout_present,n/a,"[""(\\d+(?:\\.\\d+)?)\\s*(?:to\\s*\\d+(?:\\.\\d+)?\\s*)?stor(?:y|ies)""]",0.58,0.0,review_required,source text touches a multi_column_or_complex page; reading order is not trusted for this scenario,needs_manual_harmonization,evidence exists but touches a complex-layout page or is otherwise unverified; comparability cannot be assessed until reviewed
bridgeport-rule-candidate-00072,bridgeport-scenario-0007,RX2,Residential-Office Centers,minimum_pervious_area_pct,,,,,,,general_rule_candidate,,12,,,,,,,complex_layout_present,n/a,"[""Pervious[^.]{0,10}?[:\\s](\\d+(?:\\.\\d+)?)\\s*%""]",0.58,0.0,review_required,source text touches a multi_column_or_complex page; reading order is not trusted for this scenario,needs_manual_harmonization,evidence exists but touches a complex-layout page or is otherwise unverified; comparability cannot be assessed until reviewed
bridgeport-rule-candidate-00073,bridgeport-scenario-0007,RX2,Residential-Office Centers,minimum_open_space_pct,,,,,,,general_rule_candidate,,12,,,,,,,complex_layout_present,n/a,"[""Open\\s+Space[:\\s]{1,5}(\\d+(?:\\.\\d+)?)\\s*%""]",0.58,0.0,review_required,source text touches a multi_column_or_complex page; reading order is not trusted for this scenario,needs_manual_harmonization,evidence exists but touches a complex-layout page or is otherwise unverified; comparability cannot be assessed until reviewed
bridgeport-rule-candidate-00074,bridgeport-scenario-0007,RX2,Residential-Office Centers,minimum_green_area_pct,,,,,,,general_rule_candidate,,12,,,,,,,complex_layout_present,n/a,"[""Green\\s+Area[:\\s]{1,5}(\\d+(?:\\.\\d+)?)\\s*%""]",0.58,0.0,review_required,source text touches a multi_column_or_complex page; reading order is not trusted for this scenario,needs_manual_harmonization,evidence exists but touches a complex-layout page or is otherwise unverified; comparability cannot be assessed until reviewed
bridgeport-rule-candidate-00075,bridgeport-scenario-0007,RX2,Residential-Office Centers,build_to_minimum_ft,,,,,,,general_rule_candidate,,12,,,,,,,complex_layout_present,n/a,"[""Build-?to[^.]{0,15}?Min[a-z]*[:\\s]{1,5}(\\d+(?:\\.\\d+)?)\\s*ft""]",0.58,0.0,review_required,source text touches a multi_column_or_complex page; reading order is not trusted for this scenario,needs_manual_harmonization,evidence exists but touches a complex-layout page or is otherwise unverified; comparability cannot be assessed until reviewed
bridgeport-rule-candidate-00076,bridgeport-scenario-0007,RX2,Residential-Office Centers,build_to_maximum_ft,,,,,,,general_rule_candidate,,12,,,,,,,complex_layout_present,n/a,"[""Build-?to[^.]{0,15}?Max[a-z]*[:\\s]{1,5}(\\d+(?:\\.\\d+)?)\\s*ft""]",0.58,0.0,review_required,source text touches a multi_column_or_complex page; reading order is not trusted for this scenario,needs_manual_harmonization,evidence exists but touches a complex-layout page or is otherwise unverified; comparability cannot be assessed until reviewed
bridgeport-rule-candidate-00077,bridgeport-scenario-0007,RX2,Residential-Office Centers,frontage_requirement_ft,,,,,,,general_rule_candidate,,12,,,,,,,complex_layout_present,n/a,"[""Frontage[:\\s]{1,5}(\\d+(?:\\.\\d+)?)\\s*ft""]",0.58,0.0,review_required,source text touches a multi_column_or_complex page; reading order is not trusted for this scenario,needs_manual_harmonization,evidence exists but touches a complex-layout page or is otherwise unverified; comparability cannot be assessed until reviewed
bridgeport-rule-candidate-00078,bridgeport-scenario-0008,DX1,Downtown Core,minimum_lot_size_sqft,,,,,,,general_rule_candidate,,19,,,,,,,normal,n/a,"[""(?:Lot\\s+Area|Minimum\\s+Lot\\s+Size)[:\\s]{1,5}([\\d,]+)\\s*(?:sq\\.?\\s*ft\\.?|square feet)""]",0.8625,0.0,missing,no tight label-adjacent match found; this standard likely lives only in a diagram for this scenario,missing,no source-backed value was found for this scenario/variable in this document
bridgeport-rule-candidate-00079,bridgeport-scenario-0008,DX1,Downtown Core,minimum_lot_width_ft,re 3.20-B Lot Width 18 ft. — 5,18,ft,18,ft,,general_rule_candidate,,19,,,,,re 3.20-B Lot Width 18 ft. — 5,,normal,n/a,"[""Lot\\s+Width[:\\s]{1,5}(\\d+(?:\\.\\d+)?)\\s*ft""]",0.8625,0.65,confirmed,tight label-adjacent regex match in non-complex-layout scenario text,directly_comparable,"a conventional square-foot/linear-foot minimum, the same unit and concept Greenwich's RA-4 evidence uses"
bridgeport-rule-candidate-00080,bridgeport-scenario-0008,DX1,Downtown Core,maximum_building_height_ft,,,,,,,general_rule_candidate,,19,,,,,,,normal,n/a,"[""(?:Maximum\\s+Height|Building\\s+Height)[:\\s]{1,5}(\\d+(?:\\.\\d+)?)\\s*ft""]",0.8625,0.0,missing,no tight label-adjacent match found; this standard likely lives only in a diagram for this scenario,missing,no source-backed value was found for this scenario/variable in this document
bridgeport-rule-candidate-00081,bridgeport-scenario-0008,DX1,Downtown Core,maximum_lot_coverage_pct,3.20.10.E Site Coverage 95% max.,95,pct,95,pct,,general_rule_candidate,,19,,,,,3.20.10.E Site Coverage 95% max.,,normal,n/a,"[""(?:Lot|Site|Building)\\s+Coverage[:\\s]{1,5}(\\d+(?:\\.\\d+)?)\\s*%""]",0.8625,0.65,confirmed,tight label-adjacent regex match in non-complex-layout scenario text,comparable_with_documented_transform,"Bridgeport calls this 'Site Coverage'; comparable to Greenwich lot coverage in spirit, but the measured-area definition has not been independently confirmed identical"
bridgeport-rule-candidate-00082,bridgeport-scenario-0008,DX1,Downtown Core,maximum_height_stories,"ings over 5 stories, one",5,stories,,stories,,general_rule_candidate,,19,,,,,"ings over 5 stories, one",,normal,n/a,"[""(\\d+(?:\\.\\d+)?)\\s*(?:to\\s*\\d+(?:\\.\\d+)?\\s*)?stor(?:y|ies)""]",0.8625,0.65,qualitative_only,"tight regex found a real story-count value, but the source text is a conditional list (e.g. '2, 2.5, or 3 stories'); only one list member was captured, so this is not reported as one confirmed number",structurally_non_equivalent,"a stories-only standard is not directly comparable to Greenwich's feet-only height without an explicit legal stories-to-feet conversion, which this code does not provide"
bridgeport-rule-candidate-00083,bridgeport-scenario-0008,DX1,Downtown Core,minimum_pervious_area_pct,,,,,,,general_rule_candidate,,19,,,,,,,normal,n/a,"[""Pervious[^.]{0,10}?[:\\s](\\d+(?:\\.\\d+)?)\\s*%""]",0.8625,0.0,missing,no tight label-adjacent match found; this standard likely lives only in a diagram for this scenario,missing,no source-backed value was found for this scenario/variable in this document
bridgeport-rule-candidate-00084,bridgeport-scenario-0008,DX1,Downtown Core,minimum_open_space_pct,,,,,,,general_rule_candidate,,19,,,,,,,normal,n/a,"[""Open\\s+Space[:\\s]{1,5}(\\d+(?:\\.\\d+)?)\\s*%""]",0.8625,0.0,missing,no tight label-adjacent match found; this standard likely lives only in a diagram for this scenario,missing,no source-backed value was found for this scenario/variable in this document
bridgeport-rule-candidate-00085,bridgeport-scenario-0008,DX1,Downtown Core,minimum_green_area_pct,,,,,,,general_rule_candidate,,19,,,,,,,normal,n/a,"[""Green\\s+Area[:\\s]{1,5}(\\d+(?:\\.\\d+)?)\\s*%""]",0.8625,0.0,missing,no tight label-adjacent match found; this standard likely lives only in a diagram for this scenario,missing,no source-backed value was found for this scenario/variable in this document
bridgeport-rule-candidate-00086,bridgeport-scenario-0008,DX1,Downtown Core,build_to_minimum_ft,,,,,,,general_rule_candidate,,19,,,,,,,normal,n/a,"[""Build-?to[^.]{0,15}?Min[a-z]*[:\\s]{1,5}(\\d+(?:\\.\\d+)?)\\s*ft""]",0.8625,0.0,missing,no tight label-adjacent match found; this standard likely lives only in a diagram for this scenario,missing,no source-backed value was found for this scenario/variable in this document
bridgeport-rule-candidate-00087,bridgeport-scenario-0008,DX1,Downtown Core,build_to_maximum_ft,,,,,,,general_rule_candidate,,19,,,,,,,normal,n/a,"[""Build-?to[^.]{0,15}?Max[a-z]*[:\\s]{1,5}(\\d+(?:\\.\\d+)?)\\s*ft""]",0.8625,0.0,missing,no tight label-adjacent match found; this standard likely lives only in a diagram for this scenario,missing,no source-backed value was found for this scenario/variable in this document
bridgeport-rule-candidate-00088,bridgeport-scenario-0008,DX1,Downtown Core,frontage_requirement_ft,,,,,,,general_rule_candidate,,19,,,,,,,normal,n/a,"[""Frontage[:\\s]{1,5}(\\d+(?:\\.\\d+)?)\\s*ft""]",0.8625,0.0,missing,no tight label-adjacent match found; this standard likely lives only in a diagram for this scenario,missing,no source-backed value was found for this scenario/variable in this document
bridgeport-rule-candidate-00089,bridgeport-scenario-0009,MX1,Mixed-Use Corridor,minimum_lot_size_sqft,,,,,,,general_rule_candidate,,19,,,,,,,normal,n/a,"[""(?:Lot\\s+Area|Minimum\\s+Lot\\s+Size)[:\\s]{1,5}([\\d,]+)\\s*(?:sq\\.?\\s*ft\\.?|square feet)""]",0.8625,0.0,missing,no tight label-adjacent match found; this standard likely lives only in a diagram for this scenario,missing,no source-backed value was found for this scenario/variable in this document
bridgeport-rule-candidate-00090,bridgeport-scenario-0009,MX1,Mixed-Use Corridor,minimum_lot_width_ft,re 3.20-B Lot Width 18 ft. — 5,18,ft,18,ft,,general_rule_candidate,,19,,,,,re 3.20-B Lot Width 18 ft. — 5,,normal,n/a,"[""Lot\\s+Width[:\\s]{1,5}(\\d+(?:\\.\\d+)?)\\s*ft""]",0.8625,0.65,confirmed,tight label-adjacent regex match in non-complex-layout scenario text,directly_comparable,"a conventional square-foot/linear-foot minimum, the same unit and concept Greenwich's RA-4 evidence uses"
bridgeport-rule-candidate-00091,bridgeport-scenario-0009,MX1,Mixed-Use Corridor,maximum_building_height_ft,,,,,,,general_rule_candidate,,19,,,,,,,normal,n/a,"[""(?:Maximum\\s+Height|Building\\s+Height)[:\\s]{1,5}(\\d+(?:\\.\\d+)?)\\s*ft""]",0.8625,0.0,missing,no tight label-adjacent match found; this standard likely lives only in a diagram for this scenario,missing,no source-backed value was found for this scenario/variable in this document
bridgeport-rule-candidate-00092,bridgeport-scenario-0009,MX1,Mixed-Use Corridor,maximum_lot_coverage_pct,3.20.10.E Site Coverage 95% max.,95,pct,95,pct,,general_rule_candidate,,19,,,,,3.20.10.E Site Coverage 95% max.,,normal,n/a,"[""(?:Lot|Site|Building)\\s+Coverage[:\\s]{1,5}(\\d+(?:\\.\\d+)?)\\s*%""]",0.8625,0.65,confirmed,tight label-adjacent regex match in non-complex-layout scenario text,comparable_with_documented_transform,"Bridgeport calls this 'Site Coverage'; comparable to Greenwich lot coverage in spirit, but the measured-area definition has not been independently confirmed identical"
bridgeport-rule-candidate-00093,bridgeport-scenario-0009,MX1,Mixed-Use Corridor,maximum_height_stories,"ings over 5 stories, one",5,stories,,stories,,general_rule_candidate,,19,,,,,"ings over 5 stories, one",,normal,n/a,"[""(\\d+(?:\\.\\d+)?)\\s*(?:to\\s*\\d+(?:\\.\\d+)?\\s*)?stor(?:y|ies)""]",0.8625,0.65,qualitative_only,"tight regex found a real story-count value, but the source text is a conditional list (e.g. '2, 2.5, or 3 stories'); only one list member was captured, so this is not reported as one confirmed number",structurally_non_equivalent,"a stories-only standard is not directly comparable to Greenwich's feet-only height without an explicit legal stories-to-feet conversion, which this code does not provide"
bridgeport-rule-candidate-00094,bridgeport-scenario-0009,MX1,Mixed-Use Corridor,minimum_pervious_area_pct,,,,,,,general_rule_candidate,,19,,,,,,,normal,n/a,"[""Pervious[^.]{0,10}?[:\\s](\\d+(?:\\.\\d+)?)\\s*%""]",0.8625,0.0,missing,no tight label-adjacent match found; this standard likely lives only in a diagram for this scenario,missing,no source-backed value was found for this scenario/variable in this document
bridgeport-rule-candidate-00095,bridgeport-scenario-0009,MX1,Mixed-Use Corridor,minimum_open_space_pct,,,,,,,general_rule_candidate,,19,,,,,,,normal,n/a,"[""Open\\s+Space[:\\s]{1,5}(\\d+(?:\\.\\d+)?)\\s*%""]",0.8625,0.0,missing,no tight label-adjacent match found; this standard likely lives only in a diagram for this scenario,missing,no source-backed value was found for this scenario/variable in this document
bridgeport-rule-candidate-00096,bridgeport-scenario-0009,MX1,Mixed-Use Corridor,minimum_green_area_pct,,,,,,,general_rule_candidate,,19,,,,,,,normal,n/a,"[""Green\\s+Area[:\\s]{1,5}(\\d+(?:\\.\\d+)?)\\s*%""]",0.8625,0.0,missing,no tight label-adjacent match found; this standard likely lives only in a diagram for this scenario,missing,no source-backed value was found for this scenario/variable in this document
bridgeport-rule-candidate-00097,bridgeport-scenario-0009,MX1,Mixed-Use Corridor,build_to_minimum_ft,,,,,,,general_rule_candidate,,19,,,,,,,normal,n/a,"[""Build-?to[^.]{0,15}?Min[a-z]*[:\\s]{1,5}(\\d+(?:\\.\\d+)?)\\s*ft""]",0.8625,0.0,missing,no tight label-adjacent match found; this standard likely lives only in a diagram for this scenario,missing,no source-backed value was found for this scenario/variable in this document
bridgeport-rule-candidate-00098,bridgeport-scenario-0009,MX1,Mixed-Use Corridor,build_to_maximum_ft,,,,,,,general_rule_candidate,,19,,,,,,,normal,n/a,"[""Build-?to[^.]{0,15}?Max[a-z]*[:\\s]{1,5}(\\d+(?:\\.\\d+)?)\\s*ft""]",0.8625,0.0,missing,no tight label-adjacent match found; this standard likely lives only in a diagram for this scenario,missing,no source-backed value was found for this scenario/variable in this document
bridgeport-rule-candidate-00099,bridgeport-scenario-0009,MX1,Mixed-Use Corridor,frontage_requirement_ft,,,,,,,general_rule_candidate,,19,,,,,,,normal,n/a,"[""Frontage[:\\s]{1,5}(\\d+(?:\\.\\d+)?)\\s*ft""]",0.8625,0.0,missing,no tight label-adjacent match found; this standard likely lives only in a diagram for this scenario,missing,no source-backed value was found for this scenario/variable in this document
bridgeport-rule-candidate-00100,bridgeport-scenario-0010,MX2,Mixed-Use Centers,minimum_lot_size_sqft,,,,,,,general_rule_candidate,,19,,,,,,,normal,n/a,"[""(?:Lot\\s+Area|Minimum\\s+Lot\\s+Size)[:\\s]{1,5}([\\d,]+)\\s*(?:sq\\.?\\s*ft\\.?|square feet)""]",0.8625,0.0,missing,no tight label-adjacent match found; this standard likely lives only in a diagram for this scenario,missing,no source-backed value was found for this scenario/variable in this document
bridgeport-rule-candidate-00101,bridgeport-scenario-0010,MX2,Mixed-Use Centers,minimum_lot_width_ft,re 3.20-B Lot Width 18 ft. — 5,18,ft,18,ft,,general_rule_candidate,,19,,,,,re 3.20-B Lot Width 18 ft. — 5,,normal,n/a,"[""Lot\\s+Width[:\\s]{1,5}(\\d+(?:\\.\\d+)?)\\s*ft""]",0.8625,0.65,confirmed,tight label-adjacent regex match in non-complex-layout scenario text,directly_comparable,"a conventional square-foot/linear-foot minimum, the same unit and concept Greenwich's RA-4 evidence uses"
bridgeport-rule-candidate-00102,bridgeport-scenario-0010,MX2,Mixed-Use Centers,maximum_building_height_ft,,,,,,,general_rule_candidate,,19,,,,,,,normal,n/a,"[""(?:Maximum\\s+Height|Building\\s+Height)[:\\s]{1,5}(\\d+(?:\\.\\d+)?)\\s*ft""]",0.8625,0.0,missing,no tight label-adjacent match found; this standard likely lives only in a diagram for this scenario,missing,no source-backed value was found for this scenario/variable in this document
bridgeport-rule-candidate-00103,bridgeport-scenario-0010,MX2,Mixed-Use Centers,maximum_lot_coverage_pct,3.20.10.E Site Coverage 95% max.,95,pct,95,pct,,general_rule_candidate,,19,,,,,3.20.10.E Site Coverage 95% max.,,normal,n/a,"[""(?:Lot|Site|Building)\\s+Coverage[:\\s]{1,5}(\\d+(?:\\.\\d+)?)\\s*%""]",0.8625,0.65,confirmed,tight label-adjacent regex match in non-complex-layout scenario text,comparable_with_documented_transform,"Bridgeport calls this 'Site Coverage'; comparable to Greenwich lot coverage in spirit, but the measured-area definition has not been independently confirmed identical"
bridgeport-rule-candidate-00104,bridgeport-scenario-0010,MX2,Mixed-Use Centers,maximum_height_stories,"ings over 5 stories, one",5,stories,,stories,,general_rule_candidate,,19,,,,,"ings over 5 stories, one",,normal,n/a,"[""(\\d+(?:\\.\\d+)?)\\s*(?:to\\s*\\d+(?:\\.\\d+)?\\s*)?stor(?:y|ies)""]",0.8625,0.65,qualitative_only,"tight regex found a real story-count value, but the source text is a conditional list (e.g. '2, 2.5, or 3 stories'); only one list member was captured, so this is not reported as one confirmed number",structurally_non_equivalent,"a stories-only standard is not directly comparable to Greenwich's feet-only height without an explicit legal stories-to-feet conversion, which this code does not provide"
bridgeport-rule-candidate-00105,bridgeport-scenario-0010,MX2,Mixed-Use Centers,minimum_pervious_area_pct,,,,,,,general_rule_candidate,,19,,,,,,,normal,n/a,"[""Pervious[^.]{0,10}?[:\\s](\\d+(?:\\.\\d+)?)\\s*%""]",0.8625,0.0,missing,no tight label-adjacent match found; this standard likely lives only in a diagram for this scenario,missing,no source-backed value was found for this scenario/variable in this document
bridgeport-rule-candidate-00106,bridgeport-scenario-0010,MX2,Mixed-Use Centers,minimum_open_space_pct,,,,,,,general_rule_candidate,,19,,,,,,,normal,n/a,"[""Open\\s+Space[:\\s]{1,5}(\\d+(?:\\.\\d+)?)\\s*%""]",0.8625,0.0,missing,no tight label-adjacent match found; this standard likely lives only in a diagram for this scenario,missing,no source-backed value was found for this scenario/variable in this document
bridgeport-rule-candidate-00107,bridgeport-scenario-0010,MX2,Mixed-Use Centers,minimum_green_area_pct,,,,,,,general_rule_candidate,,19,,,,,,,normal,n/a,"[""Green\\s+Area[:\\s]{1,5}(\\d+(?:\\.\\d+)?)\\s*%""]",0.8625,0.0,missing,no tight label-adjacent match found; this standard likely lives only in a diagram for this scenario,missing,no source-backed value was found for this scenario/variable in this document
bridgeport-rule-candidate-00108,bridgeport-scenario-0010,MX2,Mixed-Use Centers,build_to_minimum_ft,,,,,,,general_rule_candidate,,19,,,,,,,normal,n/a,"[""Build-?to[^.]{0,15}?Min[a-z]*[:\\s]{1,5}(\\d+(?:\\.\\d+)?)\\s*ft""]",0.8625,0.0,missing,no tight label-adjacent match found; this standard likely lives only in a diagram for this scenario,missing,no source-backed value was found for this scenario/variable in this document
bridgeport-rule-candidate-00109,bridgeport-scenario-0010,MX2,Mixed-Use Centers,build_to_maximum_ft,,,,,,,general_rule_candidate,,19,,,,,,,normal,n/a,"[""Build-?to[^.]{0,15}?Max[a-z]*[:\\s]{1,5}(\\d+(?:\\.\\d+)?)\\s*ft""]",0.8625,0.0,missing,no tight label-adjacent match found; this standard likely lives only in a diagram for this scenario,missing,no source-backed value was found for this scenario/variable in this document
bridgeport-rule-candidate-00110,bridgeport-scenario-0010,MX2,Mixed-Use Centers,frontage_requirement_ft,,,,,,,general_rule_candidate,,19,,,,,,,normal,n/a,"[""Frontage[:\\s]{1,5}(\\d+(?:\\.\\d+)?)\\s*ft""]",0.8625,0.0,missing,no tight label-adjacent match found; this standard likely lives only in a diagram for this scenario,missing,no source-backed value was found for this scenario/variable in this document
bridgeport-rule-candidate-00111,bridgeport-scenario-0011,MXN,Mixed-Use Neighborhood Corners,minimum_lot_size_sqft,,,,,,,general_rule_candidate,,19,,,,,,,normal,n/a,"[""(?:Lot\\s+Area|Minimum\\s+Lot\\s+Size)[:\\s]{1,5}([\\d,]+)\\s*(?:sq\\.?\\s*ft\\.?|square feet)""]",0.8625,0.0,missing,no tight label-adjacent match found; this standard likely lives only in a diagram for this scenario,missing,no source-backed value was found for this scenario/variable in this document
bridgeport-rule-candidate-00112,bridgeport-scenario-0011,MXN,Mixed-Use Neighborhood Corners,minimum_lot_width_ft,re 3.20-B Lot Width 18 ft. — 5,18,ft,18,ft,,general_rule_candidate,,19,,,,,re 3.20-B Lot Width 18 ft. — 5,,normal,n/a,"[""Lot\\s+Width[:\\s]{1,5}(\\d+(?:\\.\\d+)?)\\s*ft""]",0.8625,0.65,confirmed,tight label-adjacent regex match in non-complex-layout scenario text,directly_comparable,"a conventional square-foot/linear-foot minimum, the same unit and concept Greenwich's RA-4 evidence uses"
bridgeport-rule-candidate-00113,bridgeport-scenario-0011,MXN,Mixed-Use Neighborhood Corners,maximum_building_height_ft,,,,,,,general_rule_candidate,,19,,,,,,,normal,n/a,"[""(?:Maximum\\s+Height|Building\\s+Height)[:\\s]{1,5}(\\d+(?:\\.\\d+)?)\\s*ft""]",0.8625,0.0,missing,no tight label-adjacent match found; this standard likely lives only in a diagram for this scenario,missing,no source-backed value was found for this scenario/variable in this document
bridgeport-rule-candidate-00114,bridgeport-scenario-0011,MXN,Mixed-Use Neighborhood Corners,maximum_lot_coverage_pct,3.20.10.E Site Coverage 95% max.,95,pct,95,pct,,general_rule_candidate,,19,,,,,3.20.10.E Site Coverage 95% max.,,normal,n/a,"[""(?:Lot|Site|Building)\\s+Coverage[:\\s]{1,5}(\\d+(?:\\.\\d+)?)\\s*%""]",0.8625,0.65,confirmed,tight label-adjacent regex match in non-complex-layout scenario text,comparable_with_documented_transform,"Bridgeport calls this 'Site Coverage'; comparable to Greenwich lot coverage in spirit, but the measured-area definition has not been independently confirmed identical"
bridgeport-rule-candidate-00115,bridgeport-scenario-0011,MXN,Mixed-Use Neighborhood Corners,maximum_height_stories,"ings over 5 stories, one",5,stories,,stories,,general_rule_candidate,,19,,,,,"ings over 5 stories, one",,normal,n/a,"[""(\\d+(?:\\.\\d+)?)\\s*(?:to\\s*\\d+(?:\\.\\d+)?\\s*)?stor(?:y|ies)""]",0.8625,0.65,qualitative_only,"tight regex found a real story-count value, but the source text is a conditional list (e.g. '2, 2.5, or 3 stories'); only one list member was captured, so this is not reported as one confirmed number",structurally_non_equivalent,"a stories-only standard is not directly comparable to Greenwich's feet-only height without an explicit legal stories-to-feet conversion, which this code does not provide"
bridgeport-rule-candidate-00116,bridgeport-scenario-0011,MXN,Mixed-Use Neighborhood Corners,minimum_pervious_area_pct,,,,,,,general_rule_candidate,,19,,,,,,,normal,n/a,"[""Pervious[^.]{0,10}?[:\\s](\\d+(?:\\.\\d+)?)\\s*%""]",0.8625,0.0,missing,no tight label-adjacent match found; this standard likely lives only in a diagram for this scenario,missing,no source-backed value was found for this scenario/variable in this document
bridgeport-rule-candidate-00117,bridgeport-scenario-0011,MXN,Mixed-Use Neighborhood Corners,minimum_open_space_pct,,,,,,,general_rule_candidate,,19,,,,,,,normal,n/a,"[""Open\\s+Space[:\\s]{1,5}(\\d+(?:\\.\\d+)?)\\s*%""]",0.8625,0.0,missing,no tight label-adjacent match found; this standard likely lives only in a diagram for this scenario,missing,no source-backed value was found for this scenario/variable in this document
bridgeport-rule-candidate-00118,bridgeport-scenario-0011,MXN,Mixed-Use Neighborhood Corners,minimum_green_area_pct,,,,,,,general_rule_candidate,,19,,,,,,,normal,n/a,"[""Green\\s+Area[:\\s]{1,5}(\\d+(?:\\.\\d+)?)\\s*%""]",0.8625,0.0,missing,no tight label-adjacent match found; this standard likely lives only in a diagram for this scenario,missing,no source-backed value was found for this scenario/variable in this document
bridgeport-rule-candidate-00119,bridgeport-scenario-0011,MXN,Mixed-Use Neighborhood Corners,build_to_minimum_ft,,,,,,,general_rule_candidate,,19,,,,,,,normal,n/a,"[""Build-?to[^.]{0,15}?Min[a-z]*[:\\s]{1,5}(\\d+(?:\\.\\d+)?)\\s*ft""]",0.8625,0.0,missing,no tight label-adjacent match found; this standard likely lives only in a diagram for this scenario,missing,no source-backed value was found for this scenario/variable in this document
bridgeport-rule-candidate-00120,bridgeport-scenario-0011,MXN,Mixed-Use Neighborhood Corners,build_to_maximum_ft,,,,,,,general_rule_candidate,,19,,,,,,,normal,n/a,"[""Build-?to[^.]{0,15}?Max[a-z]*[:\\s]{1,5}(\\d+(?:\\.\\d+)?)\\s*ft""]",0.8625,0.0,missing,no tight label-adjacent match found; this standard likely lives only in a diagram for this scenario,missing,no source-backed value was found for this scenario/variable in this document
bridgeport-rule-candidate-00121,bridgeport-scenario-0011,MXN,Mixed-Use Neighborhood Corners,frontage_requirement_ft,,,,,,,general_rule_candidate,,19,,,,,,,normal,n/a,"[""Frontage[:\\s]{1,5}(\\d+(?:\\.\\d+)?)\\s*ft""]",0.8625,0.0,missing,no tight label-adjacent match found; this standard likely lives only in a diagram for this scenario,missing,no source-backed value was found for this scenario/variable in this document
bridgeport-rule-candidate-00122,bridgeport-scenario-0012,DX2,Downtown Support,minimum_lot_size_sqft,,,,,,,general_rule_candidate,,19,,,,,,,normal,n/a,"[""(?:Lot\\s+Area|Minimum\\s+Lot\\s+Size)[:\\s]{1,5}([\\d,]+)\\s*(?:sq\\.?\\s*ft\\.?|square feet)""]",0.8500000000000001,0.0,missing,no tight label-adjacent match found; this standard likely lives only in a diagram for this scenario,missing,no source-backed value was found for this scenario/variable in this document
bridgeport-rule-candidate-00123,bridgeport-scenario-0012,DX2,Downtown Support,minimum_lot_width_ft,re 3.20-B Lot Width 18 ft. — 5,18,ft,18,ft,,general_rule_candidate,,19,,,,,re 3.20-B Lot Width 18 ft. — 5,,normal,n/a,"[""Lot\\s+Width[:\\s]{1,5}(\\d+(?:\\.\\d+)?)\\s*ft""]",0.8500000000000001,0.65,confirmed,tight label-adjacent regex match in non-complex-layout scenario text,directly_comparable,"a conventional square-foot/linear-foot minimum, the same unit and concept Greenwich's RA-4 evidence uses"
bridgeport-rule-candidate-00124,bridgeport-scenario-0012,DX2,Downtown Support,maximum_building_height_ft,,,,,,,general_rule_candidate,,19,,,,,,,normal,n/a,"[""(?:Maximum\\s+Height|Building\\s+Height)[:\\s]{1,5}(\\d+(?:\\.\\d+)?)\\s*ft""]",0.8500000000000001,0.0,missing,no tight label-adjacent match found; this standard likely lives only in a diagram for this scenario,missing,no source-backed value was found for this scenario/variable in this document
bridgeport-rule-candidate-00125,bridgeport-scenario-0012,DX2,Downtown Support,maximum_lot_coverage_pct,3.20.10.E Site Coverage 95% max.,95,pct,95,pct,,general_rule_candidate,,19,,,,,3.20.10.E Site Coverage 95% max.,,normal,n/a,"[""(?:Lot|Site|Building)\\s+Coverage[:\\s]{1,5}(\\d+(?:\\.\\d+)?)\\s*%""]",0.8500000000000001,0.65,confirmed,tight label-adjacent regex match in non-complex-layout scenario text,comparable_with_documented_transform,"Bridgeport calls this 'Site Coverage'; comparable to Greenwich lot coverage in spirit, but the measured-area definition has not been independently confirmed identical"
bridgeport-rule-candidate-00126,bridgeport-scenario-0012,DX2,Downtown Support,maximum_height_stories,"ings over 5 stories, one",5,stories,,stories,,general_rule_candidate,,19,,,,,"ings over 5 stories, one",,normal,n/a,"[""(\\d+(?:\\.\\d+)?)\\s*(?:to\\s*\\d+(?:\\.\\d+)?\\s*)?stor(?:y|ies)""]",0.8500000000000001,0.65,qualitative_only,"tight regex found a real story-count value, but the source text is a conditional list (e.g. '2, 2.5, or 3 stories'); only one list member was captured, so this is not reported as one confirmed number",structurally_non_equivalent,"a stories-only standard is not directly comparable to Greenwich's feet-only height without an explicit legal stories-to-feet conversion, which this code does not provide"
bridgeport-rule-candidate-00127,bridgeport-scenario-0012,DX2,Downtown Support,minimum_pervious_area_pct,,,,,,,general_rule_candidate,,19,,,,,,,normal,n/a,"[""Pervious[^.]{0,10}?[:\\s](\\d+(?:\\.\\d+)?)\\s*%""]",0.8500000000000001,0.0,missing,no tight label-adjacent match found; this standard likely lives only in a diagram for this scenario,missing,no source-backed value was found for this scenario/variable in this document
bridgeport-rule-candidate-00128,bridgeport-scenario-0012,DX2,Downtown Support,minimum_open_space_pct,,,,,,,general_rule_candidate,,19,,,,,,,normal,n/a,"[""Open\\s+Space[:\\s]{1,5}(\\d+(?:\\.\\d+)?)\\s*%""]",0.8500000000000001,0.0,missing,no tight label-adjacent match found; this standard likely lives only in a diagram for this scenario,missing,no source-backed value was found for this scenario/variable in this document
bridgeport-rule-candidate-00129,bridgeport-scenario-0012,DX2,Downtown Support,minimum_green_area_pct,,,,,,,general_rule_candidate,,19,,,,,,,normal,n/a,"[""Green\\s+Area[:\\s]{1,5}(\\d+(?:\\.\\d+)?)\\s*%""]",0.8500000000000001,0.0,missing,no tight label-adjacent match found; this standard likely lives only in a diagram for this scenario,missing,no source-backed value was found for this scenario/variable in this document
bridgeport-rule-candidate-00130,bridgeport-scenario-0012,DX2,Downtown Support,build_to_minimum_ft,,,,,,,general_rule_candidate,,19,,,,,,,normal,n/a,"[""Build-?to[^.]{0,15}?Min[a-z]*[:\\s]{1,5}(\\d+(?:\\.\\d+)?)\\s*ft""]",0.8500000000000001,0.0,missing,no tight label-adjacent match found; this standard likely lives only in a diagram for this scenario,missing,no source-backed value was found for this scenario/variable in this document
bridgeport-rule-candidate-00131,bridgeport-scenario-0012,DX2,Downtown Support,build_to_maximum_ft,,,,,,,general_rule_candidate,,19,,,,,,,normal,n/a,"[""Build-?to[^.]{0,15}?Max[a-z]*[:\\s]{1,5}(\\d+(?:\\.\\d+)?)\\s*ft""]",0.8500000000000001,0.0,missing,no tight label-adjacent match found; this standard likely lives only in a diagram for this scenario,missing,no source-backed value was found for this scenario/variable in this document
bridgeport-rule-candidate-00132,bridgeport-scenario-0012,DX2,Downtown Support,frontage_requirement_ft,,,,,,,general_rule_candidate,,19,,,,,,,normal,n/a,"[""Frontage[:\\s]{1,5}(\\d+(?:\\.\\d+)?)\\s*ft""]",0.8500000000000001,0.0,missing,no tight label-adjacent match found; this standard likely lives only in a diagram for this scenario,missing,no source-backed value was found for this scenario/variable in this document
bridgeport-rule-candidate-00133,bridgeport-scenario-0013,MX2,Mixed-Use Centers,minimum_lot_size_sqft,,,,,,,general_rule_candidate,,27,,,,,,,normal,n/a,"[""(?:Lot\\s+Area|Minimum\\s+Lot\\s+Size)[:\\s]{1,5}([\\d,]+)\\s*(?:sq\\.?\\s*ft\\.?|square feet)""]",0.8625,0.0,missing,no tight label-adjacent match found; this standard likely lives only in a diagram for this scenario,missing,no source-backed value was found for this scenario/variable in this document
bridgeport-rule-candidate-00134,bridgeport-scenario-0013,MX2,Mixed-Use Centers,minimum_lot_width_ft,s allowed Lot Width 60 ft. min,60,ft,60,ft,,general_rule_candidate,,27,,,,,s allowed Lot Width 60 ft. min,,normal,n/a,"[""Lot\\s+Width[:\\s]{1,5}(\\d+(?:\\.\\d+)?)\\s*ft""]",0.8625,0.65,confirmed,tight label-adjacent regex match in non-complex-layout scenario text,directly_comparable,"a conventional square-foot/linear-foot minimum, the same unit and concept Greenwich's RA-4 evidence uses"
bridgeport-rule-candidate-00135,bridgeport-scenario-0013,MX2,Mixed-Use Centers,maximum_building_height_ft,,,,,,,general_rule_candidate,,27,,,,,,,normal,n/a,"[""(?:Maximum\\s+Height|Building\\s+Height)[:\\s]{1,5}(\\d+(?:\\.\\d+)?)\\s*ft""]",0.8625,0.0,missing,no tight label-adjacent match found; this standard likely lives only in a diagram for this scenario,missing,no source-backed value was found for this scenario/variable in this document
bridgeport-rule-candidate-00136,bridgeport-scenario-0013,MX2,Mixed-Use Centers,maximum_lot_coverage_pct,3.30.10 . Site Coverage 80% max.,80,pct,80,pct,,general_rule_candidate,,27,,,,,3.30.10 . Site Coverage 80% max.,,normal,n/a,"[""(?:Lot|Site|Building)\\s+Coverage[:\\s]{1,5}(\\d+(?:\\.\\d+)?)\\s*%""]",0.8625,0.65,confirmed,tight label-adjacent regex match in non-complex-layout scenario text,comparable_with_documented_transform,"Bridgeport calls this 'Site Coverage'; comparable to Greenwich lot coverage in spirit, but the measured-area definition has not been independently confirmed identical"
bridgeport-rule-candidate-00137,bridgeport-scenario-0013,MX2,Mixed-Use Centers,maximum_height_stories,"ings over 5 stories, one",5,stories,,stories,,general_rule_candidate,,27,,,,,"ings over 5 stories, one",,normal,n/a,"[""(\\d+(?:\\.\\d+)?)\\s*(?:to\\s*\\d+(?:\\.\\d+)?\\s*)?stor(?:y|ies)""]",0.8625,0.65,qualitative_only,"tight regex found a real story-count value, but the source text is a conditional list (e.g. '2, 2.5, or 3 stories'); only one list member was captured, so this is not reported as one confirmed number",structurally_non_equivalent,"a stories-only standard is not directly comparable to Greenwich's feet-only height without an explicit legal stories-to-feet conversion, which this code does not provide"
bridgeport-rule-candidate-00138,bridgeport-scenario-0013,MX2,Mixed-Use Centers,minimum_pervious_area_pct,,,,,,,general_rule_candidate,,27,,,,,,,normal,n/a,"[""Pervious[^.]{0,10}?[:\\s](\\d+(?:\\.\\d+)?)\\s*%""]",0.8625,0.0,missing,no tight label-adjacent match found; this standard likely lives only in a diagram for this scenario,missing,no source-backed value was found for this scenario/variable in this document
bridgeport-rule-candidate-00139,bridgeport-scenario-0013,MX2,Mixed-Use Centers,minimum_open_space_pct,,,,,,,general_rule_candidate,,27,,,,,,,normal,n/a,"[""Open\\s+Space[:\\s]{1,5}(\\d+(?:\\.\\d+)?)\\s*%""]",0.8625,0.0,missing,no tight label-adjacent match found; this standard likely lives only in a diagram for this scenario,missing,no source-backed value was found for this scenario/variable in this document
bridgeport-rule-candidate-00140,bridgeport-scenario-0013,MX2,Mixed-Use Centers,minimum_green_area_pct,,,,,,,general_rule_candidate,,27,,,,,,,normal,n/a,"[""Green\\s+Area[:\\s]{1,5}(\\d+(?:\\.\\d+)?)\\s*%""]",0.8625,0.0,missing,no tight label-adjacent match found; this standard likely lives only in a diagram for this scenario,missing,no source-backed value was found for this scenario/variable in this document
bridgeport-rule-candidate-00141,bridgeport-scenario-0013,MX2,Mixed-Use Centers,build_to_minimum_ft,,,,,,,general_rule_candidate,,27,,,,,,,normal,n/a,"[""Build-?to[^.]{0,15}?Min[a-z]*[:\\s]{1,5}(\\d+(?:\\.\\d+)?)\\s*ft""]",0.8625,0.0,missing,no tight label-adjacent match found; this standard likely lives only in a diagram for this scenario,missing,no source-backed value was found for this scenario/variable in this document
bridgeport-rule-candidate-00142,bridgeport-scenario-0013,MX2,Mixed-Use Centers,build_to_maximum_ft,,,,,,,general_rule_candidate,,27,,,,,,,normal,n/a,"[""Build-?to[^.]{0,15}?Max[a-z]*[:\\s]{1,5}(\\d+(?:\\.\\d+)?)\\s*ft""]",0.8625,0.0,missing,no tight label-adjacent match found; this standard likely lives only in a diagram for this scenario,missing,no source-backed value was found for this scenario/variable in this document
bridgeport-rule-candidate-00143,bridgeport-scenario-0013,MX2,Mixed-Use Centers,frontage_requirement_ft,,,,,,,general_rule_candidate,,27,,,,,,,normal,n/a,"[""Frontage[:\\s]{1,5}(\\d+(?:\\.\\d+)?)\\s*ft""]",0.8625,0.0,missing,no tight label-adjacent match found; this standard likely lives only in a diagram for this scenario,missing,no source-backed value was found for this scenario/variable in this document
bridgeport-rule-candidate-00144,bridgeport-scenario-0014,MX1,Mixed-Use Corridor,minimum_lot_size_sqft,,,,,,,general_rule_candidate,,35,,,,,,,normal,n/a,"[""(?:Lot\\s+Area|Minimum\\s+Lot\\s+Size)[:\\s]{1,5}([\\d,]+)\\s*(?:sq\\.?\\s*ft\\.?|square feet)""]",0.8625,0.0,missing,no tight label-adjacent match found; this standard likely lives only in a diagram for this scenario,missing,no source-backed value was found for this scenario/variable in this document
bridgeport-rule-candidate-00145,bridgeport-scenario-0014,MX1,Mixed-Use Corridor,minimum_lot_width_ft,3.40.10.A Lot Width 50 ft. min,50,ft,50,ft,,general_rule_candidate,,35,,,,,3.40.10.A Lot Width 50 ft. min,,normal,n/a,"[""Lot\\s+Width[:\\s]{1,5}(\\d+(?:\\.\\d+)?)\\s*ft""]",0.8625,0.65,confirmed,tight label-adjacent regex match in non-complex-layout scenario text,directly_comparable,"a conventional square-foot/linear-foot minimum, the same unit and concept Greenwich's RA-4 evidence uses"
bridgeport-rule-candidate-00146,bridgeport-scenario-0014,MX1,Mixed-Use Corridor,maximum_building_height_ft,,,,,,,general_rule_candidate,,35,,,,,,,normal,n/a,"[""(?:Maximum\\s+Height|Building\\s+Height)[:\\s]{1,5}(\\d+(?:\\.\\d+)?)\\s*ft""]",0.8625,0.0,missing,no tight label-adjacent match found; this standard likely lives only in a diagram for this scenario,missing,no source-backed value was found for this scenario/variable in this document
bridgeport-rule-candidate-00147,bridgeport-scenario-0014,MX1,Mixed-Use Corridor,maximum_lot_coverage_pct,t. min. i Site Coverage 80% max.,80,pct,80,pct,,general_rule_candidate,,35,,,,,t. min. i Site Coverage 80% max.,,normal,n/a,"[""(?:Lot|Site|Building)\\s+Coverage[:\\s]{1,5}(\\d+(?:\\.\\d+)?)\\s*%""]",0.8625,0.65,confirmed,tight label-adjacent regex match in non-complex-layout scenario text,comparable_with_documented_transform,"Bridgeport calls this 'Site Coverage'; comparable to Greenwich lot coverage in spirit, but the measured-area definition has not been independently confirmed identical"
bridgeport-rule-candidate-00148,bridgeport-scenario-0014,MX1,Mixed-Use Corridor,maximum_height_stories,,,,,,,general_rule_candidate,,35,,,,,,,normal,n/a,"[""(\\d+(?:\\.\\d+)?)\\s*(?:to\\s*\\d+(?:\\.\\d+)?\\s*)?stor(?:y|ies)""]",0.8625,0.0,missing,no story-count language found in this scenario's scoped text,missing,no source-backed value was found for this scenario/variable in this document
bridgeport-rule-candidate-00149,bridgeport-scenario-0014,MX1,Mixed-Use Corridor,minimum_pervious_area_pct,,,,,,,general_rule_candidate,,35,,,,,,,normal,n/a,"[""Pervious[^.]{0,10}?[:\\s](\\d+(?:\\.\\d+)?)\\s*%""]",0.8625,0.0,missing,no tight label-adjacent match found; this standard likely lives only in a diagram for this scenario,missing,no source-backed value was found for this scenario/variable in this document
bridgeport-rule-candidate-00150,bridgeport-scenario-0014,MX1,Mixed-Use Corridor,minimum_open_space_pct,,,,,,,general_rule_candidate,,35,,,,,,,normal,n/a,"[""Open\\s+Space[:\\s]{1,5}(\\d+(?:\\.\\d+)?)\\s*%""]",0.8625,0.0,missing,no tight label-adjacent match found; this standard likely lives only in a diagram for this scenario,missing,no source-backed value was found for this scenario/variable in this document
bridgeport-rule-candidate-00151,bridgeport-scenario-0014,MX1,Mixed-Use Corridor,minimum_green_area_pct,,,,,,,general_rule_candidate,,35,,,,,,,normal,n/a,"[""Green\\s+Area[:\\s]{1,5}(\\d+(?:\\.\\d+)?)\\s*%""]",0.8625,0.0,missing,no tight label-adjacent match found; this standard likely lives only in a diagram for this scenario,missing,no source-backed value was found for this scenario/variable in this document
bridgeport-rule-candidate-00152,bridgeport-scenario-0014,MX1,Mixed-Use Corridor,build_to_minimum_ft,,,,,,,general_rule_candidate,,35,,,,,,,normal,n/a,"[""Build-?to[^.]{0,15}?Min[a-z]*[:\\s]{1,5}(\\d+(?:\\.\\d+)?)\\s*ft""]",0.8625,0.0,missing,no tight label-adjacent match found; this standard likely lives only in a diagram for this scenario,missing,no source-backed value was found for this scenario/variable in this document
bridgeport-rule-candidate-00153,bridgeport-scenario-0014,MX1,Mixed-Use Corridor,build_to_maximum_ft,,,,,,,general_rule_candidate,,35,,,,,,,normal,n/a,"[""Build-?to[^.]{0,15}?Max[a-z]*[:\\s]{1,5}(\\d+(?:\\.\\d+)?)\\s*ft""]",0.8625,0.0,missing,no tight label-adjacent match found; this standard likely lives only in a diagram for this scenario,missing,no source-backed value was found for this scenario/variable in this document
bridgeport-rule-candidate-00154,bridgeport-scenario-0014,MX1,Mixed-Use Corridor,frontage_requirement_ft,,,,,,,general_rule_candidate,,35,,,,,,,normal,n/a,"[""Frontage[:\\s]{1,5}(\\d+(?:\\.\\d+)?)\\s*ft""]",0.8625,0.0,missing,no tight label-adjacent match found; this standard likely lives only in a diagram for this scenario,missing,no source-backed value was found for this scenario/variable in this document
bridgeport-rule-candidate-00155,bridgeport-scenario-0015,MX2,Mixed-Use Centers,minimum_lot_size_sqft,,,,,,,general_rule_candidate,,35,,,,,,,normal,n/a,"[""(?:Lot\\s+Area|Minimum\\s+Lot\\s+Size)[:\\s]{1,5}([\\d,]+)\\s*(?:sq\\.?\\s*ft\\.?|square feet)""]",0.8625,0.0,missing,no tight label-adjacent match found; this standard likely lives only in a diagram for this scenario,missing,no source-backed value was found for this scenario/variable in this document
bridgeport-rule-candidate-00156,bridgeport-scenario-0015,MX2,Mixed-Use Centers,minimum_lot_width_ft,3.40.10.A Lot Width 50 ft. min,50,ft,50,ft,,general_rule_candidate,,35,,,,,3.40.10.A Lot Width 50 ft. min,,normal,n/a,"[""Lot\\s+Width[:\\s]{1,5}(\\d+(?:\\.\\d+)?)\\s*ft""]",0.8625,0.65,confirmed,tight label-adjacent regex match in non-complex-layout scenario text,directly_comparable,"a conventional square-foot/linear-foot minimum, the same unit and concept Greenwich's RA-4 evidence uses"
bridgeport-rule-candidate-00157,bridgeport-scenario-0015,MX2,Mixed-Use Centers,maximum_building_height_ft,,,,,,,general_rule_candidate,,35,,,,,,,normal,n/a,"[""(?:Maximum\\s+Height|Building\\s+Height)[:\\s]{1,5}(\\d+(?:\\.\\d+)?)\\s*ft""]",0.8625,0.0,missing,no tight label-adjacent match found; this standard likely lives only in a diagram for this scenario,missing,no source-backed value was found for this scenario/variable in this document
bridgeport-rule-candidate-00158,bridgeport-scenario-0015,MX2,Mixed-Use Centers,maximum_lot_coverage_pct,t. min. i Site Coverage 80% max.,80,pct,80,pct,,general_rule_candidate,,35,,,,,t. min. i Site Coverage 80% max.,,normal,n/a,"[""(?:Lot|Site|Building)\\s+Coverage[:\\s]{1,5}(\\d+(?:\\.\\d+)?)\\s*%""]",0.8625,0.65,confirmed,tight label-adjacent regex match in non-complex-layout scenario text,comparable_with_documented_transform,"Bridgeport calls this 'Site Coverage'; comparable to Greenwich lot coverage in spirit, but the measured-area definition has not been independently confirmed identical"
bridgeport-rule-candidate-00159,bridgeport-scenario-0015,MX2,Mixed-Use Centers,maximum_height_stories,,,,,,,general_rule_candidate,,35,,,,,,,normal,n/a,"[""(\\d+(?:\\.\\d+)?)\\s*(?:to\\s*\\d+(?:\\.\\d+)?\\s*)?stor(?:y|ies)""]",0.8625,0.0,missing,no story-count language found in this scenario's scoped text,missing,no source-backed value was found for this scenario/variable in this document
bridgeport-rule-candidate-00160,bridgeport-scenario-0015,MX2,Mixed-Use Centers,minimum_pervious_area_pct,,,,,,,general_rule_candidate,,35,,,,,,,normal,n/a,"[""Pervious[^.]{0,10}?[:\\s](\\d+(?:\\.\\d+)?)\\s*%""]",0.8625,0.0,missing,no tight label-adjacent match found; this standard likely lives only in a diagram for this scenario,missing,no source-backed value was found for this scenario/variable in this document
bridgeport-rule-candidate-00161,bridgeport-scenario-0015,MX2,Mixed-Use Centers,minimum_open_space_pct,,,,,,,general_rule_candidate,,35,,,,,,,normal,n/a,"[""Open\\s+Space[:\\s]{1,5}(\\d+(?:\\.\\d+)?)\\s*%""]",0.8625,0.0,missing,no tight label-adjacent match found; this standard likely lives only in a diagram for this scenario,missing,no source-backed value was found for this scenario/variable in this document
bridgeport-rule-candidate-00162,bridgeport-scenario-0015,MX2,Mixed-Use Centers,minimum_green_area_pct,,,,,,,general_rule_candidate,,35,,,,,,,normal,n/a,"[""Green\\s+Area[:\\s]{1,5}(\\d+(?:\\.\\d+)?)\\s*%""]",0.8625,0.0,missing,no tight label-adjacent match found; this standard likely lives only in a diagram for this scenario,missing,no source-backed value was found for this scenario/variable in this document
bridgeport-rule-candidate-00163,bridgeport-scenario-0015,MX2,Mixed-Use Centers,build_to_minimum_ft,,,,,,,general_rule_candidate,,35,,,,,,,normal,n/a,"[""Build-?to[^.]{0,15}?Min[a-z]*[:\\s]{1,5}(\\d+(?:\\.\\d+)?)\\s*ft""]",0.8625,0.0,missing,no tight label-adjacent match found; this standard likely lives only in a diagram for this scenario,missing,no source-backed value was found for this scenario/variable in this document
bridgeport-rule-candidate-00164,bridgeport-scenario-0015,MX2,Mixed-Use Centers,build_to_maximum_ft,,,,,,,general_rule_candidate,,35,,,,,,,normal,n/a,"[""Build-?to[^.]{0,15}?Max[a-z]*[:\\s]{1,5}(\\d+(?:\\.\\d+)?)\\s*ft""]",0.8625,0.0,missing,no tight label-adjacent match found; this standard likely lives only in a diagram for this scenario,missing,no source-backed value was found for this scenario/variable in this document
bridgeport-rule-candidate-00165,bridgeport-scenario-0015,MX2,Mixed-Use Centers,frontage_requirement_ft,,,,,,,general_rule_candidate,,35,,,,,,,normal,n/a,"[""Frontage[:\\s]{1,5}(\\d+(?:\\.\\d+)?)\\s*ft""]",0.8625,0.0,missing,no tight label-adjacent match found; this standard likely lives only in a diagram for this scenario,missing,no source-backed value was found for this scenario/variable in this document
bridgeport-rule-candidate-00166,bridgeport-scenario-0016,MXN,Mixed-Use Neighborhood Corners,minimum_lot_size_sqft,,,,,,,general_rule_candidate,,35,,,,,,,normal,n/a,"[""(?:Lot\\s+Area|Minimum\\s+Lot\\s+Size)[:\\s]{1,5}([\\d,]+)\\s*(?:sq\\.?\\s*ft\\.?|square feet)""]",0.8625,0.0,missing,no tight label-adjacent match found; this standard likely lives only in a diagram for this scenario,missing,no source-backed value was found for this scenario/variable in this document
bridgeport-rule-candidate-00167,bridgeport-scenario-0016,MXN,Mixed-Use Neighborhood Corners,minimum_lot_width_ft,3.40.10.A Lot Width 50 ft. min,50,ft,50,ft,,general_rule_candidate,,35,,,,,3.40.10.A Lot Width 50 ft. min,,normal,n/a,"[""Lot\\s+Width[:\\s]{1,5}(\\d+(?:\\.\\d+)?)\\s*ft""]",0.8625,0.65,confirmed,tight label-adjacent regex match in non-complex-layout scenario text,directly_comparable,"a conventional square-foot/linear-foot minimum, the same unit and concept Greenwich's RA-4 evidence uses"
bridgeport-rule-candidate-00168,bridgeport-scenario-0016,MXN,Mixed-Use Neighborhood Corners,maximum_building_height_ft,,,,,,,general_rule_candidate,,35,,,,,,,normal,n/a,"[""(?:Maximum\\s+Height|Building\\s+Height)[:\\s]{1,5}(\\d+(?:\\.\\d+)?)\\s*ft""]",0.8625,0.0,missing,no tight label-adjacent match found; this standard likely lives only in a diagram for this scenario,missing,no source-backed value was found for this scenario/variable in this document
bridgeport-rule-candidate-00169,bridgeport-scenario-0016,MXN,Mixed-Use Neighborhood Corners,maximum_lot_coverage_pct,t. min. i Site Coverage 80% max.,80,pct,80,pct,,general_rule_candidate,,35,,,,,t. min. i Site Coverage 80% max.,,normal,n/a,"[""(?:Lot|Site|Building)\\s+Coverage[:\\s]{1,5}(\\d+(?:\\.\\d+)?)\\s*%""]",0.8625,0.65,confirmed,tight label-adjacent regex match in non-complex-layout scenario text,comparable_with_documented_transform,"Bridgeport calls this 'Site Coverage'; comparable to Greenwich lot coverage in spirit, but the measured-area definition has not been independently confirmed identical"
bridgeport-rule-candidate-00170,bridgeport-scenario-0016,MXN,Mixed-Use Neighborhood Corners,maximum_height_stories,,,,,,,general_rule_candidate,,35,,,,,,,normal,n/a,"[""(\\d+(?:\\.\\d+)?)\\s*(?:to\\s*\\d+(?:\\.\\d+)?\\s*)?stor(?:y|ies)""]",0.8625,0.0,missing,no story-count language found in this scenario's scoped text,missing,no source-backed value was found for this scenario/variable in this document
bridgeport-rule-candidate-00171,bridgeport-scenario-0016,MXN,Mixed-Use Neighborhood Corners,minimum_pervious_area_pct,,,,,,,general_rule_candidate,,35,,,,,,,normal,n/a,"[""Pervious[^.]{0,10}?[:\\s](\\d+(?:\\.\\d+)?)\\s*%""]",0.8625,0.0,missing,no tight label-adjacent match found; this standard likely lives only in a diagram for this scenario,missing,no source-backed value was found for this scenario/variable in this document
bridgeport-rule-candidate-00172,bridgeport-scenario-0016,MXN,Mixed-Use Neighborhood Corners,minimum_open_space_pct,,,,,,,general_rule_candidate,,35,,,,,,,normal,n/a,"[""Open\\s+Space[:\\s]{1,5}(\\d+(?:\\.\\d+)?)\\s*%""]",0.8625,0.0,missing,no tight label-adjacent match found; this standard likely lives only in a diagram for this scenario,missing,no source-backed value was found for this scenario/variable in this document
bridgeport-rule-candidate-00173,bridgeport-scenario-0016,MXN,Mixed-Use Neighborhood Corners,minimum_green_area_pct,,,,,,,general_rule_candidate,,35,,,,,,,normal,n/a,"[""Green\\s+Area[:\\s]{1,5}(\\d+(?:\\.\\d+)?)\\s*%""]",0.8625,0.0,missing,no tight label-adjacent match found; this standard likely lives only in a diagram for this scenario,missing,no source-backed value was found for this scenario/variable in this document
bridgeport-rule-candidate-00174,bridgeport-scenario-0016,MXN,Mixed-Use Neighborhood Corners,build_to_minimum_ft,,,,,,,general_rule_candidate,,35,,,,,,,normal,n/a,"[""Build-?to[^.]{0,15}?Min[a-z]*[:\\s]{1,5}(\\d+(?:\\.\\d+)?)\\s*ft""]",0.8625,0.0,missing,no tight label-adjacent match found; this standard likely lives only in a diagram for this scenario,missing,no source-backed value was found for this scenario/variable in this document
bridgeport-rule-candidate-00175,bridgeport-scenario-0016,MXN,Mixed-Use Neighborhood Corners,build_to_maximum_ft,,,,,,,general_rule_candidate,,35,,,,,,,normal,n/a,"[""Build-?to[^.]{0,15}?Max[a-z]*[:\\s]{1,5}(\\d+(?:\\.\\d+)?)\\s*ft""]",0.8625,0.0,missing,no tight label-adjacent match found; this standard likely lives only in a diagram for this scenario,missing,no source-backed value was found for this scenario/variable in this document
bridgeport-rule-candidate-00176,bridgeport-scenario-0016,MXN,Mixed-Use Neighborhood Corners,frontage_requirement_ft,,,,,,,general_rule_candidate,,35,,,,,,,normal,n/a,"[""Frontage[:\\s]{1,5}(\\d+(?:\\.\\d+)?)\\s*ft""]",0.8625,0.0,missing,no tight label-adjacent match found; this standard likely lives only in a diagram for this scenario,missing,no source-backed value was found for this scenario/variable in this document
bridgeport-rule-candidate-00177,bridgeport-scenario-0017,RX2,Residential-Office Centers,minimum_lot_size_sqft,,,,,,,general_rule_candidate,,35,,,,,,,normal,n/a,"[""(?:Lot\\s+Area|Minimum\\s+Lot\\s+Size)[:\\s]{1,5}([\\d,]+)\\s*(?:sq\\.?\\s*ft\\.?|square feet)""]",0.8625,0.0,missing,no tight label-adjacent match found; this standard likely lives only in a diagram for this scenario,missing,no source-backed value was found for this scenario/variable in this document
bridgeport-rule-candidate-00178,bridgeport-scenario-0017,RX2,Residential-Office Centers,minimum_lot_width_ft,3.40.10.A Lot Width 50 ft. min,50,ft,50,ft,,general_rule_candidate,,35,,,,,3.40.10.A Lot Width 50 ft. min,,normal,n/a,"[""Lot\\s+Width[:\\s]{1,5}(\\d+(?:\\.\\d+)?)\\s*ft""]",0.8625,0.65,confirmed,tight label-adjacent regex match in non-complex-layout scenario text,directly_comparable,"a conventional square-foot/linear-foot minimum, the same unit and concept Greenwich's RA-4 evidence uses"
bridgeport-rule-candidate-00179,bridgeport-scenario-0017,RX2,Residential-Office Centers,maximum_building_height_ft,,,,,,,general_rule_candidate,,35,,,,,,,normal,n/a,"[""(?:Maximum\\s+Height|Building\\s+Height)[:\\s]{1,5}(\\d+(?:\\.\\d+)?)\\s*ft""]",0.8625,0.0,missing,no tight label-adjacent match found; this standard likely lives only in a diagram for this scenario,missing,no source-backed value was found for this scenario/variable in this document
bridgeport-rule-candidate-00180,bridgeport-scenario-0017,RX2,Residential-Office Centers,maximum_lot_coverage_pct,t. min. i Site Coverage 80% max.,80,pct,80,pct,,general_rule_candidate,,35,,,,,t. min. i Site Coverage 80% max.,,normal,n/a,"[""(?:Lot|Site|Building)\\s+Coverage[:\\s]{1,5}(\\d+(?:\\.\\d+)?)\\s*%""]",0.8625,0.65,confirmed,tight label-adjacent regex match in non-complex-layout scenario text,comparable_with_documented_transform,"Bridgeport calls this 'Site Coverage'; comparable to Greenwich lot coverage in spirit, but the measured-area definition has not been independently confirmed identical"
bridgeport-rule-candidate-00181,bridgeport-scenario-0017,RX2,Residential-Office Centers,maximum_height_stories,,,,,,,general_rule_candidate,,35,,,,,,,normal,n/a,"[""(\\d+(?:\\.\\d+)?)\\s*(?:to\\s*\\d+(?:\\.\\d+)?\\s*)?stor(?:y|ies)""]",0.8625,0.0,missing,no story-count language found in this scenario's scoped text,missing,no source-backed value was found for this scenario/variable in this document
bridgeport-rule-candidate-00182,bridgeport-scenario-0017,RX2,Residential-Office Centers,minimum_pervious_area_pct,,,,,,,general_rule_candidate,,35,,,,,,,normal,n/a,"[""Pervious[^.]{0,10}?[:\\s](\\d+(?:\\.\\d+)?)\\s*%""]",0.8625,0.0,missing,no tight label-adjacent match found; this standard likely lives only in a diagram for this scenario,missing,no source-backed value was found for this scenario/variable in this document
bridgeport-rule-candidate-00183,bridgeport-scenario-0017,RX2,Residential-Office Centers,minimum_open_space_pct,,,,,,,general_rule_candidate,,35,,,,,,,normal,n/a,"[""Open\\s+Space[:\\s]{1,5}(\\d+(?:\\.\\d+)?)\\s*%""]",0.8625,0.0,missing,no tight label-adjacent match found; this standard likely lives only in a diagram for this scenario,missing,no source-backed value was found for this scenario/variable in this document
bridgeport-rule-candidate-00184,bridgeport-scenario-0017,RX2,Residential-Office Centers,minimum_green_area_pct,,,,,,,general_rule_candidate,,35,,,,,,,normal,n/a,"[""Green\\s+Area[:\\s]{1,5}(\\d+(?:\\.\\d+)?)\\s*%""]",0.8625,0.0,missing,no tight label-adjacent match found; this standard likely lives only in a diagram for this scenario,missing,no source-backed value was found for this scenario/variable in this document
bridgeport-rule-candidate-00185,bridgeport-scenario-0017,RX2,Residential-Office Centers,build_to_minimum_ft,,,,,,,general_rule_candidate,,35,,,,,,,normal,n/a,"[""Build-?to[^.]{0,15}?Min[a-z]*[:\\s]{1,5}(\\d+(?:\\.\\d+)?)\\s*ft""]",0.8625,0.0,missing,no tight label-adjacent match found; this standard likely lives only in a diagram for this scenario,missing,no source-backed value was found for this scenario/variable in this document
bridgeport-rule-candidate-00186,bridgeport-scenario-0017,RX2,Residential-Office Centers,build_to_maximum_ft,,,,,,,general_rule_candidate,,35,,,,,,,normal,n/a,"[""Build-?to[^.]{0,15}?Max[a-z]*[:\\s]{1,5}(\\d+(?:\\.\\d+)?)\\s*ft""]",0.8625,0.0,missing,no tight label-adjacent match found; this standard likely lives only in a diagram for this scenario,missing,no source-backed value was found for this scenario/variable in this document
bridgeport-rule-candidate-00187,bridgeport-scenario-0017,RX2,Residential-Office Centers,frontage_requirement_ft,,,,,,,general_rule_candidate,,35,,,,,,,normal,n/a,"[""Frontage[:\\s]{1,5}(\\d+(?:\\.\\d+)?)\\s*ft""]",0.8625,0.0,missing,no tight label-adjacent match found; this standard likely lives only in a diagram for this scenario,missing,no source-backed value was found for this scenario/variable in this document
bridgeport-rule-candidate-00188,bridgeport-scenario-0018,CX,Heavy Commercial,minimum_lot_size_sqft,,,,,,,general_rule_candidate,,43,,,,,,,normal,n/a,"[""(?:Lot\\s+Area|Minimum\\s+Lot\\s+Size)[:\\s]{1,5}([\\d,]+)\\s*(?:sq\\.?\\s*ft\\.?|square feet)""]",0.8625,0.0,missing,no tight label-adjacent match found; this standard likely lives only in a diagram for this scenario,missing,no source-backed value was found for this scenario/variable in this document
bridgeport-rule-candidate-00189,bridgeport-scenario-0018,CX,Heavy Commercial,minimum_lot_width_ft,,,,,,,general_rule_candidate,,43,,,,,,,normal,n/a,"[""Lot\\s+Width[:\\s]{1,5}(\\d+(?:\\.\\d+)?)\\s*ft""]",0.8625,0.0,missing,no tight label-adjacent match found; this standard likely lives only in a diagram for this scenario,missing,no source-backed value was found for this scenario/variable in this document
bridgeport-rule-candidate-00190,bridgeport-scenario-0018,CX,Heavy Commercial,maximum_building_height_ft,,,,,,,general_rule_candidate,,43,,,,,,,normal,n/a,"[""(?:Maximum\\s+Height|Building\\s+Height)[:\\s]{1,5}(\\d+(?:\\.\\d+)?)\\s*ft""]",0.8625,0.0,missing,no tight label-adjacent match found; this standard likely lives only in a diagram for this scenario,missing,no source-backed value was found for this scenario/variable in this document
bridgeport-rule-candidate-00191,bridgeport-scenario-0018,CX,Heavy Commercial,maximum_lot_coverage_pct, N zones. Site Coverage 95% max.,95,pct,95,pct,,general_rule_candidate,,43,,,,, N zones. Site Coverage 95% max.,,normal,n/a,"[""(?:Lot|Site|Building)\\s+Coverage[:\\s]{1,5}(\\d+(?:\\.\\d+)?)\\s*%""]",0.8625,0.65,confirmed,tight label-adjacent regex match in non-complex-layout scenario text,comparable_with_documented_transform,"Bridgeport calls this 'Site Coverage'; comparable to Greenwich lot coverage in spirit, but the measured-area definition has not been independently confirmed identical"
bridgeport-rule-candidate-00192,bridgeport-scenario-0018,CX,Heavy Commercial,maximum_height_stories,", 2.5, or 3 stories in h",3,stories,,stories,,general_rule_candidate,,43,,,,,", 2.5, or 3 stories in h",,normal,n/a,"[""(\\d+(?:\\.\\d+)?)\\s*(?:to\\s*\\d+(?:\\.\\d+)?\\s*)?stor(?:y|ies)""]",0.8625,0.65,qualitative_only,"tight regex found a real story-count value, but the source text is a conditional list (e.g. '2, 2.5, or 3 stories'); only one list member was captured, so this is not reported as one confirmed number",structurally_non_equivalent,"a stories-only standard is not directly comparable to Greenwich's feet-only height without an explicit legal stories-to-feet conversion, which this code does not provide"
bridgeport-rule-candidate-00193,bridgeport-scenario-0018,CX,Heavy Commercial,minimum_pervious_area_pct,,,,,,,general_rule_candidate,,43,,,,,,,normal,n/a,"[""Pervious[^.]{0,10}?[:\\s](\\d+(?:\\.\\d+)?)\\s*%""]",0.8625,0.0,missing,no tight label-adjacent match found; this standard likely lives only in a diagram for this scenario,missing,no source-backed value was found for this scenario/variable in this document
bridgeport-rule-candidate-00194,bridgeport-scenario-0018,CX,Heavy Commercial,minimum_open_space_pct,,,,,,,general_rule_candidate,,43,,,,,,,normal,n/a,"[""Open\\s+Space[:\\s]{1,5}(\\d+(?:\\.\\d+)?)\\s*%""]",0.8625,0.0,missing,no tight label-adjacent match found; this standard likely lives only in a diagram for this scenario,missing,no source-backed value was found for this scenario/variable in this document
bridgeport-rule-candidate-00195,bridgeport-scenario-0018,CX,Heavy Commercial,minimum_green_area_pct,,,,,,,general_rule_candidate,,43,,,,,,,normal,n/a,"[""Green\\s+Area[:\\s]{1,5}(\\d+(?:\\.\\d+)?)\\s*%""]",0.8625,0.0,missing,no tight label-adjacent match found; this standard likely lives only in a diagram for this scenario,missing,no source-backed value was found for this scenario/variable in this document
bridgeport-rule-candidate-00196,bridgeport-scenario-0018,CX,Heavy Commercial,build_to_minimum_ft,,,,,,,general_rule_candidate,,43,,,,,,,normal,n/a,"[""Build-?to[^.]{0,15}?Min[a-z]*[:\\s]{1,5}(\\d+(?:\\.\\d+)?)\\s*ft""]",0.8625,0.0,missing,no tight label-adjacent match found; this standard likely lives only in a diagram for this scenario,missing,no source-backed value was found for this scenario/variable in this document
bridgeport-rule-candidate-00197,bridgeport-scenario-0018,CX,Heavy Commercial,build_to_maximum_ft,,,,,,,general_rule_candidate,,43,,,,,,,normal,n/a,"[""Build-?to[^.]{0,15}?Max[a-z]*[:\\s]{1,5}(\\d+(?:\\.\\d+)?)\\s*ft""]",0.8625,0.0,missing,no tight label-adjacent match found; this standard likely lives only in a diagram for this scenario,missing,no source-backed value was found for this scenario/variable in this document
bridgeport-rule-candidate-00198,bridgeport-scenario-0018,CX,Heavy Commercial,frontage_requirement_ft,,,,,,,general_rule_candidate,,43,,,,,,,normal,n/a,"[""Frontage[:\\s]{1,5}(\\d+(?:\\.\\d+)?)\\s*ft""]",0.8625,0.0,missing,no tight label-adjacent match found; this standard likely lives only in a diagram for this scenario,missing,no source-backed value was found for this scenario/variable in this document
bridgeport-rule-candidate-00199,bridgeport-scenario-0019,DX2,Downtown Support,minimum_lot_size_sqft,,,,,,,general_rule_candidate,,43,,,,,,,normal,n/a,"[""(?:Lot\\s+Area|Minimum\\s+Lot\\s+Size)[:\\s]{1,5}([\\d,]+)\\s*(?:sq\\.?\\s*ft\\.?|square feet)""]",0.8625,0.0,missing,no tight label-adjacent match found; this standard likely lives only in a diagram for this scenario,missing,no source-backed value was found for this scenario/variable in this document
bridgeport-rule-candidate-00200,bridgeport-scenario-0019,DX2,Downtown Support,minimum_lot_width_ft,,,,,,,general_rule_candidate,,43,,,,,,,normal,n/a,"[""Lot\\s+Width[:\\s]{1,5}(\\d+(?:\\.\\d+)?)\\s*ft""]",0.8625,0.0,missing,no tight label-adjacent match found; this standard likely lives only in a diagram for this scenario,missing,no source-backed value was found for this scenario/variable in this document
bridgeport-rule-candidate-00201,bridgeport-scenario-0019,DX2,Downtown Support,maximum_building_height_ft,,,,,,,general_rule_candidate,,43,,,,,,,normal,n/a,"[""(?:Maximum\\s+Height|Building\\s+Height)[:\\s]{1,5}(\\d+(?:\\.\\d+)?)\\s*ft""]",0.8625,0.0,missing,no tight label-adjacent match found; this standard likely lives only in a diagram for this scenario,missing,no source-backed value was found for this scenario/variable in this document
bridgeport-rule-candidate-00202,bridgeport-scenario-0019,DX2,Downtown Support,maximum_lot_coverage_pct, N zones. Site Coverage 95% max.,95,pct,95,pct,,general_rule_candidate,,43,,,,, N zones. Site Coverage 95% max.,,normal,n/a,"[""(?:Lot|Site|Building)\\s+Coverage[:\\s]{1,5}(\\d+(?:\\.\\d+)?)\\s*%""]",0.8625,0.65,confirmed,tight label-adjacent regex match in non-complex-layout scenario text,comparable_with_documented_transform,"Bridgeport calls this 'Site Coverage'; comparable to Greenwich lot coverage in spirit, but the measured-area definition has not been independently confirmed identical"
bridgeport-rule-candidate-00203,bridgeport-scenario-0019,DX2,Downtown Support,maximum_height_stories,", 2.5, or 3 stories in h",3,stories,,stories,,general_rule_candidate,,43,,,,,", 2.5, or 3 stories in h",,normal,n/a,"[""(\\d+(?:\\.\\d+)?)\\s*(?:to\\s*\\d+(?:\\.\\d+)?\\s*)?stor(?:y|ies)""]",0.8625,0.65,qualitative_only,"tight regex found a real story-count value, but the source text is a conditional list (e.g. '2, 2.5, or 3 stories'); only one list member was captured, so this is not reported as one confirmed number",structurally_non_equivalent,"a stories-only standard is not directly comparable to Greenwich's feet-only height without an explicit legal stories-to-feet conversion, which this code does not provide"
bridgeport-rule-candidate-00204,bridgeport-scenario-0019,DX2,Downtown Support,minimum_pervious_area_pct,,,,,,,general_rule_candidate,,43,,,,,,,normal,n/a,"[""Pervious[^.]{0,10}?[:\\s](\\d+(?:\\.\\d+)?)\\s*%""]",0.8625,0.0,missing,no tight label-adjacent match found; this standard likely lives only in a diagram for this scenario,missing,no source-backed value was found for this scenario/variable in this document
bridgeport-rule-candidate-00205,bridgeport-scenario-0019,DX2,Downtown Support,minimum_open_space_pct,,,,,,,general_rule_candidate,,43,,,,,,,normal,n/a,"[""Open\\s+Space[:\\s]{1,5}(\\d+(?:\\.\\d+)?)\\s*%""]",0.8625,0.0,missing,no tight label-adjacent match found; this standard likely lives only in a diagram for this scenario,missing,no source-backed value was found for this scenario/variable in this document
bridgeport-rule-candidate-00206,bridgeport-scenario-0019,DX2,Downtown Support,minimum_green_area_pct,,,,,,,general_rule_candidate,,43,,,,,,,normal,n/a,"[""Green\\s+Area[:\\s]{1,5}(\\d+(?:\\.\\d+)?)\\s*%""]",0.8625,0.0,missing,no tight label-adjacent match found; this standard likely lives only in a diagram for this scenario,missing,no source-backed value was found for this scenario/variable in this document
bridgeport-rule-candidate-00207,bridgeport-scenario-0019,DX2,Downtown Support,build_to_minimum_ft,,,,,,,general_rule_candidate,,43,,,,,,,normal,n/a,"[""Build-?to[^.]{0,15}?Min[a-z]*[:\\s]{1,5}(\\d+(?:\\.\\d+)?)\\s*ft""]",0.8625,0.0,missing,no tight label-adjacent match found; this standard likely lives only in a diagram for this scenario,missing,no source-backed value was found for this scenario/variable in this document
bridgeport-rule-candidate-00208,bridgeport-scenario-0019,DX2,Downtown Support,build_to_maximum_ft,,,,,,,general_rule_candidate,,43,,,,,,,normal,n/a,"[""Build-?to[^.]{0,15}?Max[a-z]*[:\\s]{1,5}(\\d+(?:\\.\\d+)?)\\s*ft""]",0.8625,0.0,missing,no tight label-adjacent match found; this standard likely lives only in a diagram for this scenario,missing,no source-backed value was found for this scenario/variable in this document
bridgeport-rule-candidate-00209,bridgeport-scenario-0019,DX2,Downtown Support,frontage_requirement_ft,,,,,,,general_rule_candidate,,43,,,,,,,normal,n/a,"[""Frontage[:\\s]{1,5}(\\d+(?:\\.\\d+)?)\\s*ft""]",0.8625,0.0,missing,no tight label-adjacent match found; this standard likely lives only in a diagram for this scenario,missing,no source-backed value was found for this scenario/variable in this document
bridgeport-rule-candidate-00210,bridgeport-scenario-0020,NX3,Mixed Residential,minimum_lot_size_sqft,,,,,,,general_rule_candidate,,43,,,,,,,normal,n/a,"[""(?:Lot\\s+Area|Minimum\\s+Lot\\s+Size)[:\\s]{1,5}([\\d,]+)\\s*(?:sq\\.?\\s*ft\\.?|square feet)""]",0.8625,0.0,missing,no tight label-adjacent match found; this standard likely lives only in a diagram for this scenario,missing,no source-backed value was found for this scenario/variable in this document
bridgeport-rule-candidate-00211,bridgeport-scenario-0020,NX3,Mixed Residential,minimum_lot_width_ft,,,,,,,general_rule_candidate,,43,,,,,,,normal,n/a,"[""Lot\\s+Width[:\\s]{1,5}(\\d+(?:\\.\\d+)?)\\s*ft""]",0.8625,0.0,missing,no tight label-adjacent match found; this standard likely lives only in a diagram for this scenario,missing,no source-backed value was found for this scenario/variable in this document
bridgeport-rule-candidate-00212,bridgeport-scenario-0020,NX3,Mixed Residential,maximum_building_height_ft,,,,,,,general_rule_candidate,,43,,,,,,,normal,n/a,"[""(?:Maximum\\s+Height|Building\\s+Height)[:\\s]{1,5}(\\d+(?:\\.\\d+)?)\\s*ft""]",0.8625,0.0,missing,no tight label-adjacent match found; this standard likely lives only in a diagram for this scenario,missing,no source-backed value was found for this scenario/variable in this document
bridgeport-rule-candidate-00213,bridgeport-scenario-0020,NX3,Mixed Residential,maximum_lot_coverage_pct, N zones. Site Coverage 95% max.,95,pct,95,pct,,general_rule_candidate,,43,,,,, N zones. Site Coverage 95% max.,,normal,n/a,"[""(?:Lot|Site|Building)\\s+Coverage[:\\s]{1,5}(\\d+(?:\\.\\d+)?)\\s*%""]",0.8625,0.65,confirmed,tight label-adjacent regex match in non-complex-layout scenario text,comparable_with_documented_transform,"Bridgeport calls this 'Site Coverage'; comparable to Greenwich lot coverage in spirit, but the measured-area definition has not been independently confirmed identical"
bridgeport-rule-candidate-00214,bridgeport-scenario-0020,NX3,Mixed Residential,maximum_height_stories,", 2.5, or 3 stories in h",3,stories,,stories,,general_rule_candidate,,43,,,,,", 2.5, or 3 stories in h",,normal,n/a,"[""(\\d+(?:\\.\\d+)?)\\s*(?:to\\s*\\d+(?:\\.\\d+)?\\s*)?stor(?:y|ies)""]",0.8625,0.65,qualitative_only,"tight regex found a real story-count value, but the source text is a conditional list (e.g. '2, 2.5, or 3 stories'); only one list member was captured, so this is not reported as one confirmed number",structurally_non_equivalent,"a stories-only standard is not directly comparable to Greenwich's feet-only height without an explicit legal stories-to-feet conversion, which this code does not provide"
bridgeport-rule-candidate-00215,bridgeport-scenario-0020,NX3,Mixed Residential,minimum_pervious_area_pct,,,,,,,general_rule_candidate,,43,,,,,,,normal,n/a,"[""Pervious[^.]{0,10}?[:\\s](\\d+(?:\\.\\d+)?)\\s*%""]",0.8625,0.0,missing,no tight label-adjacent match found; this standard likely lives only in a diagram for this scenario,missing,no source-backed value was found for this scenario/variable in this document
bridgeport-rule-candidate-00216,bridgeport-scenario-0020,NX3,Mixed Residential,minimum_open_space_pct,,,,,,,general_rule_candidate,,43,,,,,,,normal,n/a,"[""Open\\s+Space[:\\s]{1,5}(\\d+(?:\\.\\d+)?)\\s*%""]",0.8625,0.0,missing,no tight label-adjacent match found; this standard likely lives only in a diagram for this scenario,missing,no source-backed value was found for this scenario/variable in this document
bridgeport-rule-candidate-00217,bridgeport-scenario-0020,NX3,Mixed Residential,minimum_green_area_pct,,,,,,,general_rule_candidate,,43,,,,,,,normal,n/a,"[""Green\\s+Area[:\\s]{1,5}(\\d+(?:\\.\\d+)?)\\s*%""]",0.8625,0.0,missing,no tight label-adjacent match found; this standard likely lives only in a diagram for this scenario,missing,no source-backed value was found for this scenario/variable in this document
bridgeport-rule-candidate-00218,bridgeport-scenario-0020,NX3,Mixed Residential,build_to_minimum_ft,,,,,,,general_rule_candidate,,43,,,,,,,normal,n/a,"[""Build-?to[^.]{0,15}?Min[a-z]*[:\\s]{1,5}(\\d+(?:\\.\\d+)?)\\s*ft""]",0.8625,0.0,missing,no tight label-adjacent match found; this standard likely lives only in a diagram for this scenario,missing,no source-backed value was found for this scenario/variable in this document
bridgeport-rule-candidate-00219,bridgeport-scenario-0020,NX3,Mixed Residential,build_to_maximum_ft,,,,,,,general_rule_candidate,,43,,,,,,,normal,n/a,"[""Build-?to[^.]{0,15}?Max[a-z]*[:\\s]{1,5}(\\d+(?:\\.\\d+)?)\\s*ft""]",0.8625,0.0,missing,no tight label-adjacent match found; this standard likely lives only in a diagram for this scenario,missing,no source-backed value was found for this scenario/variable in this document
bridgeport-rule-candidate-00220,bridgeport-scenario-0020,NX3,Mixed Residential,frontage_requirement_ft,,,,,,,general_rule_candidate,,43,,,,,,,normal,n/a,"[""Frontage[:\\s]{1,5}(\\d+(?:\\.\\d+)?)\\s*ft""]",0.8625,0.0,missing,no tight label-adjacent match found; this standard likely lives only in a diagram for this scenario,missing,no source-backed value was found for this scenario/variable in this document
bridgeport-rule-candidate-00221,bridgeport-scenario-0021,NX4,Mixed Residential,minimum_lot_size_sqft,,,,,,,general_rule_candidate,,43,,,,,,,normal,n/a,"[""(?:Lot\\s+Area|Minimum\\s+Lot\\s+Size)[:\\s]{1,5}([\\d,]+)\\s*(?:sq\\.?\\s*ft\\.?|square feet)""]",0.8625,0.0,missing,no tight label-adjacent match found; this standard likely lives only in a diagram for this scenario,missing,no source-backed value was found for this scenario/variable in this document
bridgeport-rule-candidate-00222,bridgeport-scenario-0021,NX4,Mixed Residential,minimum_lot_width_ft,,,,,,,general_rule_candidate,,43,,,,,,,normal,n/a,"[""Lot\\s+Width[:\\s]{1,5}(\\d+(?:\\.\\d+)?)\\s*ft""]",0.8625,0.0,missing,no tight label-adjacent match found; this standard likely lives only in a diagram for this scenario,missing,no source-backed value was found for this scenario/variable in this document
bridgeport-rule-candidate-00223,bridgeport-scenario-0021,NX4,Mixed Residential,maximum_building_height_ft,,,,,,,general_rule_candidate,,43,,,,,,,normal,n/a,"[""(?:Maximum\\s+Height|Building\\s+Height)[:\\s]{1,5}(\\d+(?:\\.\\d+)?)\\s*ft""]",0.8625,0.0,missing,no tight label-adjacent match found; this standard likely lives only in a diagram for this scenario,missing,no source-backed value was found for this scenario/variable in this document
bridgeport-rule-candidate-00224,bridgeport-scenario-0021,NX4,Mixed Residential,maximum_lot_coverage_pct, N zones. Site Coverage 95% max.,95,pct,95,pct,,general_rule_candidate,,43,,,,, N zones. Site Coverage 95% max.,,normal,n/a,"[""(?:Lot|Site|Building)\\s+Coverage[:\\s]{1,5}(\\d+(?:\\.\\d+)?)\\s*%""]",0.8625,0.65,confirmed,tight label-adjacent regex match in non-complex-layout scenario text,comparable_with_documented_transform,"Bridgeport calls this 'Site Coverage'; comparable to Greenwich lot coverage in spirit, but the measured-area definition has not been independently confirmed identical"
bridgeport-rule-candidate-00225,bridgeport-scenario-0021,NX4,Mixed Residential,maximum_height_stories,", 2.5, or 3 stories in h",3,stories,,stories,,general_rule_candidate,,43,,,,,", 2.5, or 3 stories in h",,normal,n/a,"[""(\\d+(?:\\.\\d+)?)\\s*(?:to\\s*\\d+(?:\\.\\d+)?\\s*)?stor(?:y|ies)""]",0.8625,0.65,qualitative_only,"tight regex found a real story-count value, but the source text is a conditional list (e.g. '2, 2.5, or 3 stories'); only one list member was captured, so this is not reported as one confirmed number",structurally_non_equivalent,"a stories-only standard is not directly comparable to Greenwich's feet-only height without an explicit legal stories-to-feet conversion, which this code does not provide"
bridgeport-rule-candidate-00226,bridgeport-scenario-0021,NX4,Mixed Residential,minimum_pervious_area_pct,,,,,,,general_rule_candidate,,43,,,,,,,normal,n/a,"[""Pervious[^.]{0,10}?[:\\s](\\d+(?:\\.\\d+)?)\\s*%""]",0.8625,0.0,missing,no tight label-adjacent match found; this standard likely lives only in a diagram for this scenario,missing,no source-backed value was found for this scenario/variable in this document
bridgeport-rule-candidate-00227,bridgeport-scenario-0021,NX4,Mixed Residential,minimum_open_space_pct,,,,,,,general_rule_candidate,,43,,,,,,,normal,n/a,"[""Open\\s+Space[:\\s]{1,5}(\\d+(?:\\.\\d+)?)\\s*%""]",0.8625,0.0,missing,no tight label-adjacent match found; this standard likely lives only in a diagram for this scenario,missing,no source-backed value was found for this scenario/variable in this document
bridgeport-rule-candidate-00228,bridgeport-scenario-0021,NX4,Mixed Residential,minimum_green_area_pct,,,,,,,general_rule_candidate,,43,,,,,,,normal,n/a,"[""Green\\s+Area[:\\s]{1,5}(\\d+(?:\\.\\d+)?)\\s*%""]",0.8625,0.0,missing,no tight label-adjacent match found; this standard likely lives only in a diagram for this scenario,missing,no source-backed value was found for this scenario/variable in this document
bridgeport-rule-candidate-00229,bridgeport-scenario-0021,NX4,Mixed Residential,build_to_minimum_ft,,,,,,,general_rule_candidate,,43,,,,,,,normal,n/a,"[""Build-?to[^.]{0,15}?Min[a-z]*[:\\s]{1,5}(\\d+(?:\\.\\d+)?)\\s*ft""]",0.8625,0.0,missing,no tight label-adjacent match found; this standard likely lives only in a diagram for this scenario,missing,no source-backed value was found for this scenario/variable in this document
bridgeport-rule-candidate-00230,bridgeport-scenario-0021,NX4,Mixed Residential,build_to_maximum_ft,,,,,,,general_rule_candidate,,43,,,,,,,normal,n/a,"[""Build-?to[^.]{0,15}?Max[a-z]*[:\\s]{1,5}(\\d+(?:\\.\\d+)?)\\s*ft""]",0.8625,0.0,missing,no tight label-adjacent match found; this standard likely lives only in a diagram for this scenario,missing,no source-backed value was found for this scenario/variable in this document
bridgeport-rule-candidate-00231,bridgeport-scenario-0021,NX4,Mixed Residential,frontage_requirement_ft,,,,,,,general_rule_candidate,,43,,,,,,,normal,n/a,"[""Frontage[:\\s]{1,5}(\\d+(?:\\.\\d+)?)\\s*ft""]",0.8625,0.0,missing,no tight label-adjacent match found; this standard likely lives only in a diagram for this scenario,missing,no source-backed value was found for this scenario/variable in this document
bridgeport-rule-candidate-00232,bridgeport-scenario-0022,RX2,Residential-Office Centers,minimum_lot_size_sqft,,,,,,,general_rule_candidate,,43,,,,,,,normal,n/a,"[""(?:Lot\\s+Area|Minimum\\s+Lot\\s+Size)[:\\s]{1,5}([\\d,]+)\\s*(?:sq\\.?\\s*ft\\.?|square feet)""]",0.8625,0.0,missing,no tight label-adjacent match found; this standard likely lives only in a diagram for this scenario,missing,no source-backed value was found for this scenario/variable in this document
bridgeport-rule-candidate-00233,bridgeport-scenario-0022,RX2,Residential-Office Centers,minimum_lot_width_ft,,,,,,,general_rule_candidate,,43,,,,,,,normal,n/a,"[""Lot\\s+Width[:\\s]{1,5}(\\d+(?:\\.\\d+)?)\\s*ft""]",0.8625,0.0,missing,no tight label-adjacent match found; this standard likely lives only in a diagram for this scenario,missing,no source-backed value was found for this scenario/variable in this document
bridgeport-rule-candidate-00234,bridgeport-scenario-0022,RX2,Residential-Office Centers,maximum_building_height_ft,,,,,,,general_rule_candidate,,43,,,,,,,normal,n/a,"[""(?:Maximum\\s+Height|Building\\s+Height)[:\\s]{1,5}(\\d+(?:\\.\\d+)?)\\s*ft""]",0.8625,0.0,missing,no tight label-adjacent match found; this standard likely lives only in a diagram for this scenario,missing,no source-backed value was found for this scenario/variable in this document
bridgeport-rule-candidate-00235,bridgeport-scenario-0022,RX2,Residential-Office Centers,maximum_lot_coverage_pct, N zones. Site Coverage 95% max.,95,pct,95,pct,,general_rule_candidate,,43,,,,, N zones. Site Coverage 95% max.,,normal,n/a,"[""(?:Lot|Site|Building)\\s+Coverage[:\\s]{1,5}(\\d+(?:\\.\\d+)?)\\s*%""]",0.8625,0.65,confirmed,tight label-adjacent regex match in non-complex-layout scenario text,comparable_with_documented_transform,"Bridgeport calls this 'Site Coverage'; comparable to Greenwich lot coverage in spirit, but the measured-area definition has not been independently confirmed identical"
bridgeport-rule-candidate-00236,bridgeport-scenario-0022,RX2,Residential-Office Centers,maximum_height_stories,", 2.5, or 3 stories in h",3,stories,,stories,,general_rule_candidate,,43,,,,,", 2.5, or 3 stories in h",,normal,n/a,"[""(\\d+(?:\\.\\d+)?)\\s*(?:to\\s*\\d+(?:\\.\\d+)?\\s*)?stor(?:y|ies)""]",0.8625,0.65,qualitative_only,"tight regex found a real story-count value, but the source text is a conditional list (e.g. '2, 2.5, or 3 stories'); only one list member was captured, so this is not reported as one confirmed number",structurally_non_equivalent,"a stories-only standard is not directly comparable to Greenwich's feet-only height without an explicit legal stories-to-feet conversion, which this code does not provide"
bridgeport-rule-candidate-00237,bridgeport-scenario-0022,RX2,Residential-Office Centers,minimum_pervious_area_pct,,,,,,,general_rule_candidate,,43,,,,,,,normal,n/a,"[""Pervious[^.]{0,10}?[:\\s](\\d+(?:\\.\\d+)?)\\s*%""]",0.8625,0.0,missing,no tight label-adjacent match found; this standard likely lives only in a diagram for this scenario,missing,no source-backed value was found for this scenario/variable in this document
bridgeport-rule-candidate-00238,bridgeport-scenario-0022,RX2,Residential-Office Centers,minimum_open_space_pct,,,,,,,general_rule_candidate,,43,,,,,,,normal,n/a,"[""Open\\s+Space[:\\s]{1,5}(\\d+(?:\\.\\d+)?)\\s*%""]",0.8625,0.0,missing,no tight label-adjacent match found; this standard likely lives only in a diagram for this scenario,missing,no source-backed value was found for this scenario/variable in this document
bridgeport-rule-candidate-00239,bridgeport-scenario-0022,RX2,Residential-Office Centers,minimum_green_area_pct,,,,,,,general_rule_candidate,,43,,,,,,,normal,n/a,"[""Green\\s+Area[:\\s]{1,5}(\\d+(?:\\.\\d+)?)\\s*%""]",0.8625,0.0,missing,no tight label-adjacent match found; this standard likely lives only in a diagram for this scenario,missing,no source-backed value was found for this scenario/variable in this document
bridgeport-rule-candidate-00240,bridgeport-scenario-0022,RX2,Residential-Office Centers,build_to_minimum_ft,,,,,,,general_rule_candidate,,43,,,,,,,normal,n/a,"[""Build-?to[^.]{0,15}?Min[a-z]*[:\\s]{1,5}(\\d+(?:\\.\\d+)?)\\s*ft""]",0.8625,0.0,missing,no tight label-adjacent match found; this standard likely lives only in a diagram for this scenario,missing,no source-backed value was found for this scenario/variable in this document
bridgeport-rule-candidate-00241,bridgeport-scenario-0022,RX2,Residential-Office Centers,build_to_maximum_ft,,,,,,,general_rule_candidate,,43,,,,,,,normal,n/a,"[""Build-?to[^.]{0,15}?Max[a-z]*[:\\s]{1,5}(\\d+(?:\\.\\d+)?)\\s*ft""]",0.8625,0.0,missing,no tight label-adjacent match found; this standard likely lives only in a diagram for this scenario,missing,no source-backed value was found for this scenario/variable in this document
bridgeport-rule-candidate-00242,bridgeport-scenario-0022,RX2,Residential-Office Centers,frontage_requirement_ft,,,,,,,general_rule_candidate,,43,,,,,,,normal,n/a,"[""Frontage[:\\s]{1,5}(\\d+(?:\\.\\d+)?)\\s*ft""]",0.8625,0.0,missing,no tight label-adjacent match found; this standard likely lives only in a diagram for this scenario,missing,no source-backed value was found for this scenario/variable in this document
bridgeport-rule-candidate-00243,bridgeport-scenario-0023,NX1,Neighborhood Mix,minimum_lot_size_sqft,,,,,,,general_rule_candidate,,59,,,,,,,normal,n/a,"[""(?:Lot\\s+Area|Minimum\\s+Lot\\s+Size)[:\\s]{1,5}([\\d,]+)\\s*(?:sq\\.?\\s*ft\\.?|square feet)""]",0.8625,0.0,missing,no tight label-adjacent match found; this standard likely lives only in a diagram for this scenario,missing,no source-backed value was found for this scenario/variable in this document
bridgeport-rule-candidate-00244,bridgeport-scenario-0023,NX1,Neighborhood Mix,minimum_lot_width_ft,3.40.10.A Lot Width 60 ft. min,60,ft,60,ft,,general_rule_candidate,,59,,,,,3.40.10.A Lot Width 60 ft. min,,normal,n/a,"[""Lot\\s+Width[:\\s]{1,5}(\\d+(?:\\.\\d+)?)\\s*ft""]",0.8625,0.65,confirmed,tight label-adjacent regex match in non-complex-layout scenario text,directly_comparable,"a conventional square-foot/linear-foot minimum, the same unit and concept Greenwich's RA-4 evidence uses"
bridgeport-rule-candidate-00245,bridgeport-scenario-0023,NX1,Neighborhood Mix,maximum_building_height_ft,,,,,,,general_rule_candidate,,59,,,,,,,normal,n/a,"[""(?:Maximum\\s+Height|Building\\s+Height)[:\\s]{1,5}(\\d+(?:\\.\\d+)?)\\s*ft""]",0.8625,0.0,missing,no tight label-adjacent match found; this standard likely lives only in a diagram for this scenario,missing,no source-backed value was found for this scenario/variable in this document
bridgeport-rule-candidate-00246,bridgeport-scenario-0023,NX1,Neighborhood Mix,maximum_lot_coverage_pct,t. min. u Site Coverage 75% max.,75,pct,75,pct,,general_rule_candidate,,59,,,,,t. min. u Site Coverage 75% max.,,normal,n/a,"[""(?:Lot|Site|Building)\\s+Coverage[:\\s]{1,5}(\\d+(?:\\.\\d+)?)\\s*%""]",0.8625,0.65,confirmed,tight label-adjacent regex match in non-complex-layout scenario text,comparable_with_documented_transform,"Bridgeport calls this 'Site Coverage'; comparable to Greenwich lot coverage in spirit, but the measured-area definition has not been independently confirmed identical"
bridgeport-rule-candidate-00247,bridgeport-scenario-0023,NX1,Neighborhood Mix,maximum_height_stories,".5, 3, or 3.5 stories in h",3.5,stories,,stories,,general_rule_candidate,,59,,,,,".5, 3, or 3.5 stories in h",,normal,n/a,"[""(\\d+(?:\\.\\d+)?)\\s*(?:to\\s*\\d+(?:\\.\\d+)?\\s*)?stor(?:y|ies)""]",0.8625,0.65,qualitative_only,"tight regex found a real story-count value, but the source text is a conditional list (e.g. '2, 2.5, or 3 stories'); only one list member was captured, so this is not reported as one confirmed number",structurally_non_equivalent,"a stories-only standard is not directly comparable to Greenwich's feet-only height without an explicit legal stories-to-feet conversion, which this code does not provide"
bridgeport-rule-candidate-00248,bridgeport-scenario-0023,NX1,Neighborhood Mix,minimum_pervious_area_pct,,,,,,,general_rule_candidate,,59,,,,,,,normal,n/a,"[""Pervious[^.]{0,10}?[:\\s](\\d+(?:\\.\\d+)?)\\s*%""]",0.8625,0.0,missing,no tight label-adjacent match found; this standard likely lives only in a diagram for this scenario,missing,no source-backed value was found for this scenario/variable in this document
bridgeport-rule-candidate-00249,bridgeport-scenario-0023,NX1,Neighborhood Mix,minimum_open_space_pct,,,,,,,general_rule_candidate,,59,,,,,,,normal,n/a,"[""Open\\s+Space[:\\s]{1,5}(\\d+(?:\\.\\d+)?)\\s*%""]",0.8625,0.0,missing,no tight label-adjacent match found; this standard likely lives only in a diagram for this scenario,missing,no source-backed value was found for this scenario/variable in this document
bridgeport-rule-candidate-00250,bridgeport-scenario-0023,NX1,Neighborhood Mix,minimum_green_area_pct,,,,,,,general_rule_candidate,,59,,,,,,,normal,n/a,"[""Green\\s+Area[:\\s]{1,5}(\\d+(?:\\.\\d+)?)\\s*%""]",0.8625,0.0,missing,no tight label-adjacent match found; this standard likely lives only in a diagram for this scenario,missing,no source-backed value was found for this scenario/variable in this document
bridgeport-rule-candidate-00251,bridgeport-scenario-0023,NX1,Neighborhood Mix,build_to_minimum_ft,,,,,,,general_rule_candidate,,59,,,,,,,normal,n/a,"[""Build-?to[^.]{0,15}?Min[a-z]*[:\\s]{1,5}(\\d+(?:\\.\\d+)?)\\s*ft""]",0.8625,0.0,missing,no tight label-adjacent match found; this standard likely lives only in a diagram for this scenario,missing,no source-backed value was found for this scenario/variable in this document
bridgeport-rule-candidate-00252,bridgeport-scenario-0023,NX1,Neighborhood Mix,build_to_maximum_ft,,,,,,,general_rule_candidate,,59,,,,,,,normal,n/a,"[""Build-?to[^.]{0,15}?Max[a-z]*[:\\s]{1,5}(\\d+(?:\\.\\d+)?)\\s*ft""]",0.8625,0.0,missing,no tight label-adjacent match found; this standard likely lives only in a diagram for this scenario,missing,no source-backed value was found for this scenario/variable in this document
bridgeport-rule-candidate-00253,bridgeport-scenario-0023,NX1,Neighborhood Mix,frontage_requirement_ft,,,,,,,general_rule_candidate,,59,,,,,,,normal,n/a,"[""Frontage[:\\s]{1,5}(\\d+(?:\\.\\d+)?)\\s*ft""]",0.8625,0.0,missing,no tight label-adjacent match found; this standard likely lives only in a diagram for this scenario,missing,no source-backed value was found for this scenario/variable in this document
bridgeport-rule-candidate-00254,bridgeport-scenario-0024,NX3,Mixed Residential,minimum_lot_size_sqft,,,,,,,general_rule_candidate,,59,,,,,,,normal,n/a,"[""(?:Lot\\s+Area|Minimum\\s+Lot\\s+Size)[:\\s]{1,5}([\\d,]+)\\s*(?:sq\\.?\\s*ft\\.?|square feet)""]",0.8625,0.0,missing,no tight label-adjacent match found; this standard likely lives only in a diagram for this scenario,missing,no source-backed value was found for this scenario/variable in this document
bridgeport-rule-candidate-00255,bridgeport-scenario-0024,NX3,Mixed Residential,minimum_lot_width_ft,3.40.10.A Lot Width 60 ft. min,60,ft,60,ft,,general_rule_candidate,,59,,,,,3.40.10.A Lot Width 60 ft. min,,normal,n/a,"[""Lot\\s+Width[:\\s]{1,5}(\\d+(?:\\.\\d+)?)\\s*ft""]",0.8625,0.65,confirmed,tight label-adjacent regex match in non-complex-layout scenario text,directly_comparable,"a conventional square-foot/linear-foot minimum, the same unit and concept Greenwich's RA-4 evidence uses"
bridgeport-rule-candidate-00256,bridgeport-scenario-0024,NX3,Mixed Residential,maximum_building_height_ft,,,,,,,general_rule_candidate,,59,,,,,,,normal,n/a,"[""(?:Maximum\\s+Height|Building\\s+Height)[:\\s]{1,5}(\\d+(?:\\.\\d+)?)\\s*ft""]",0.8625,0.0,missing,no tight label-adjacent match found; this standard likely lives only in a diagram for this scenario,missing,no source-backed value was found for this scenario/variable in this document
bridgeport-rule-candidate-00257,bridgeport-scenario-0024,NX3,Mixed Residential,maximum_lot_coverage_pct,t. min. u Site Coverage 75% max.,75,pct,75,pct,,general_rule_candidate,,59,,,,,t. min. u Site Coverage 75% max.,,normal,n/a,"[""(?:Lot|Site|Building)\\s+Coverage[:\\s]{1,5}(\\d+(?:\\.\\d+)?)\\s*%""]",0.8625,0.65,confirmed,tight label-adjacent regex match in non-complex-layout scenario text,comparable_with_documented_transform,"Bridgeport calls this 'Site Coverage'; comparable to Greenwich lot coverage in spirit, but the measured-area definition has not been independently confirmed identical"
bridgeport-rule-candidate-00258,bridgeport-scenario-0024,NX3,Mixed Residential,maximum_height_stories,".5, 3, or 3.5 stories in h",3.5,stories,,stories,,general_rule_candidate,,59,,,,,".5, 3, or 3.5 stories in h",,normal,n/a,"[""(\\d+(?:\\.\\d+)?)\\s*(?:to\\s*\\d+(?:\\.\\d+)?\\s*)?stor(?:y|ies)""]",0.8625,0.65,qualitative_only,"tight regex found a real story-count value, but the source text is a conditional list (e.g. '2, 2.5, or 3 stories'); only one list member was captured, so this is not reported as one confirmed number",structurally_non_equivalent,"a stories-only standard is not directly comparable to Greenwich's feet-only height without an explicit legal stories-to-feet conversion, which this code does not provide"
bridgeport-rule-candidate-00259,bridgeport-scenario-0024,NX3,Mixed Residential,minimum_pervious_area_pct,,,,,,,general_rule_candidate,,59,,,,,,,normal,n/a,"[""Pervious[^.]{0,10}?[:\\s](\\d+(?:\\.\\d+)?)\\s*%""]",0.8625,0.0,missing,no tight label-adjacent match found; this standard likely lives only in a diagram for this scenario,missing,no source-backed value was found for this scenario/variable in this document
bridgeport-rule-candidate-00260,bridgeport-scenario-0024,NX3,Mixed Residential,minimum_open_space_pct,,,,,,,general_rule_candidate,,59,,,,,,,normal,n/a,"[""Open\\s+Space[:\\s]{1,5}(\\d+(?:\\.\\d+)?)\\s*%""]",0.8625,0.0,missing,no tight label-adjacent match found; this standard likely lives only in a diagram for this scenario,missing,no source-backed value was found for this scenario/variable in this document
bridgeport-rule-candidate-00261,bridgeport-scenario-0024,NX3,Mixed Residential,minimum_green_area_pct,,,,,,,general_rule_candidate,,59,,,,,,,normal,n/a,"[""Green\\s+Area[:\\s]{1,5}(\\d+(?:\\.\\d+)?)\\s*%""]",0.8625,0.0,missing,no tight label-adjacent match found; this standard likely lives only in a diagram for this scenario,missing,no source-backed value was found for this scenario/variable in this document
bridgeport-rule-candidate-00262,bridgeport-scenario-0024,NX3,Mixed Residential,build_to_minimum_ft,,,,,,,general_rule_candidate,,59,,,,,,,normal,n/a,"[""Build-?to[^.]{0,15}?Min[a-z]*[:\\s]{1,5}(\\d+(?:\\.\\d+)?)\\s*ft""]",0.8625,0.0,missing,no tight label-adjacent match found; this standard likely lives only in a diagram for this scenario,missing,no source-backed value was found for this scenario/variable in this document
bridgeport-rule-candidate-00263,bridgeport-scenario-0024,NX3,Mixed Residential,build_to_maximum_ft,,,,,,,general_rule_candidate,,59,,,,,,,normal,n/a,"[""Build-?to[^.]{0,15}?Max[a-z]*[:\\s]{1,5}(\\d+(?:\\.\\d+)?)\\s*ft""]",0.8625,0.0,missing,no tight label-adjacent match found; this standard likely lives only in a diagram for this scenario,missing,no source-backed value was found for this scenario/variable in this document
bridgeport-rule-candidate-00264,bridgeport-scenario-0024,NX3,Mixed Residential,frontage_requirement_ft,,,,,,,general_rule_candidate,,59,,,,,,,normal,n/a,"[""Frontage[:\\s]{1,5}(\\d+(?:\\.\\d+)?)\\s*ft""]",0.8625,0.0,missing,no tight label-adjacent match found; this standard likely lives only in a diagram for this scenario,missing,no source-backed value was found for this scenario/variable in this document
bridgeport-rule-candidate-00265,bridgeport-scenario-0025,NX4,Mixed Residential,minimum_lot_size_sqft,,,,,,,general_rule_candidate,,59,,,,,,,normal,n/a,"[""(?:Lot\\s+Area|Minimum\\s+Lot\\s+Size)[:\\s]{1,5}([\\d,]+)\\s*(?:sq\\.?\\s*ft\\.?|square feet)""]",0.8625,0.0,missing,no tight label-adjacent match found; this standard likely lives only in a diagram for this scenario,missing,no source-backed value was found for this scenario/variable in this document
bridgeport-rule-candidate-00266,bridgeport-scenario-0025,NX4,Mixed Residential,minimum_lot_width_ft,3.40.10.A Lot Width 60 ft. min,60,ft,60,ft,,general_rule_candidate,,59,,,,,3.40.10.A Lot Width 60 ft. min,,normal,n/a,"[""Lot\\s+Width[:\\s]{1,5}(\\d+(?:\\.\\d+)?)\\s*ft""]",0.8625,0.65,confirmed,tight label-adjacent regex match in non-complex-layout scenario text,directly_comparable,"a conventional square-foot/linear-foot minimum, the same unit and concept Greenwich's RA-4 evidence uses"
bridgeport-rule-candidate-00267,bridgeport-scenario-0025,NX4,Mixed Residential,maximum_building_height_ft,,,,,,,general_rule_candidate,,59,,,,,,,normal,n/a,"[""(?:Maximum\\s+Height|Building\\s+Height)[:\\s]{1,5}(\\d+(?:\\.\\d+)?)\\s*ft""]",0.8625,0.0,missing,no tight label-adjacent match found; this standard likely lives only in a diagram for this scenario,missing,no source-backed value was found for this scenario/variable in this document
bridgeport-rule-candidate-00268,bridgeport-scenario-0025,NX4,Mixed Residential,maximum_lot_coverage_pct,t. min. u Site Coverage 75% max.,75,pct,75,pct,,general_rule_candidate,,59,,,,,t. min. u Site Coverage 75% max.,,normal,n/a,"[""(?:Lot|Site|Building)\\s+Coverage[:\\s]{1,5}(\\d+(?:\\.\\d+)?)\\s*%""]",0.8625,0.65,confirmed,tight label-adjacent regex match in non-complex-layout scenario text,comparable_with_documented_transform,"Bridgeport calls this 'Site Coverage'; comparable to Greenwich lot coverage in spirit, but the measured-area definition has not been independently confirmed identical"
bridgeport-rule-candidate-00269,bridgeport-scenario-0025,NX4,Mixed Residential,maximum_height_stories,".5, 3, or 3.5 stories in h",3.5,stories,,stories,,general_rule_candidate,,59,,,,,".5, 3, or 3.5 stories in h",,normal,n/a,"[""(\\d+(?:\\.\\d+)?)\\s*(?:to\\s*\\d+(?:\\.\\d+)?\\s*)?stor(?:y|ies)""]",0.8625,0.65,qualitative_only,"tight regex found a real story-count value, but the source text is a conditional list (e.g. '2, 2.5, or 3 stories'); only one list member was captured, so this is not reported as one confirmed number",structurally_non_equivalent,"a stories-only standard is not directly comparable to Greenwich's feet-only height without an explicit legal stories-to-feet conversion, which this code does not provide"
bridgeport-rule-candidate-00270,bridgeport-scenario-0025,NX4,Mixed Residential,minimum_pervious_area_pct,,,,,,,general_rule_candidate,,59,,,,,,,normal,n/a,"[""Pervious[^.]{0,10}?[:\\s](\\d+(?:\\.\\d+)?)\\s*%""]",0.8625,0.0,missing,no tight label-adjacent match found; this standard likely lives only in a diagram for this scenario,missing,no source-backed value was found for this scenario/variable in this document
bridgeport-rule-candidate-00271,bridgeport-scenario-0025,NX4,Mixed Residential,minimum_open_space_pct,,,,,,,general_rule_candidate,,59,,,,,,,normal,n/a,"[""Open\\s+Space[:\\s]{1,5}(\\d+(?:\\.\\d+)?)\\s*%""]",0.8625,0.0,missing,no tight label-adjacent match found; this standard likely lives only in a diagram for this scenario,missing,no source-backed value was found for this scenario/variable in this document
bridgeport-rule-candidate-00272,bridgeport-scenario-0025,NX4,Mixed Residential,minimum_green_area_pct,,,,,,,general_rule_candidate,,59,,,,,,,normal,n/a,"[""Green\\s+Area[:\\s]{1,5}(\\d+(?:\\.\\d+)?)\\s*%""]",0.8625,0.0,missing,no tight label-adjacent match found; this standard likely lives only in a diagram for this scenario,missing,no source-backed value was found for this scenario/variable in this document
bridgeport-rule-candidate-00273,bridgeport-scenario-0025,NX4,Mixed Residential,build_to_minimum_ft,,,,,,,general_rule_candidate,,59,,,,,,,normal,n/a,"[""Build-?to[^.]{0,15}?Min[a-z]*[:\\s]{1,5}(\\d+(?:\\.\\d+)?)\\s*ft""]",0.8625,0.0,missing,no tight label-adjacent match found; this standard likely lives only in a diagram for this scenario,missing,no source-backed value was found for this scenario/variable in this document
bridgeport-rule-candidate-00274,bridgeport-scenario-0025,NX4,Mixed Residential,build_to_maximum_ft,,,,,,,general_rule_candidate,,59,,,,,,,normal,n/a,"[""Build-?to[^.]{0,15}?Max[a-z]*[:\\s]{1,5}(\\d+(?:\\.\\d+)?)\\s*ft""]",0.8625,0.0,missing,no tight label-adjacent match found; this standard likely lives only in a diagram for this scenario,missing,no source-backed value was found for this scenario/variable in this document
bridgeport-rule-candidate-00275,bridgeport-scenario-0025,NX4,Mixed Residential,frontage_requirement_ft,,,,,,,general_rule_candidate,,59,,,,,,,normal,n/a,"[""Frontage[:\\s]{1,5}(\\d+(?:\\.\\d+)?)\\s*ft""]",0.8625,0.0,missing,no tight label-adjacent match found; this standard likely lives only in a diagram for this scenario,missing,no source-backed value was found for this scenario/variable in this document
bridgeport-rule-candidate-00276,bridgeport-scenario-0026,RX2,Residential-Office Centers,minimum_lot_size_sqft,,,,,,,general_rule_candidate,,59,,,,,,,normal,n/a,"[""(?:Lot\\s+Area|Minimum\\s+Lot\\s+Size)[:\\s]{1,5}([\\d,]+)\\s*(?:sq\\.?\\s*ft\\.?|square feet)""]",0.8625,0.0,missing,no tight label-adjacent match found; this standard likely lives only in a diagram for this scenario,missing,no source-backed value was found for this scenario/variable in this document
bridgeport-rule-candidate-00277,bridgeport-scenario-0026,RX2,Residential-Office Centers,minimum_lot_width_ft,3.40.10.A Lot Width 60 ft. min,60,ft,60,ft,,general_rule_candidate,,59,,,,,3.40.10.A Lot Width 60 ft. min,,normal,n/a,"[""Lot\\s+Width[:\\s]{1,5}(\\d+(?:\\.\\d+)?)\\s*ft""]",0.8625,0.65,confirmed,tight label-adjacent regex match in non-complex-layout scenario text,directly_comparable,"a conventional square-foot/linear-foot minimum, the same unit and concept Greenwich's RA-4 evidence uses"
bridgeport-rule-candidate-00278,bridgeport-scenario-0026,RX2,Residential-Office Centers,maximum_building_height_ft,,,,,,,general_rule_candidate,,59,,,,,,,normal,n/a,"[""(?:Maximum\\s+Height|Building\\s+Height)[:\\s]{1,5}(\\d+(?:\\.\\d+)?)\\s*ft""]",0.8625,0.0,missing,no tight label-adjacent match found; this standard likely lives only in a diagram for this scenario,missing,no source-backed value was found for this scenario/variable in this document
bridgeport-rule-candidate-00279,bridgeport-scenario-0026,RX2,Residential-Office Centers,maximum_lot_coverage_pct,t. min. u Site Coverage 75% max.,75,pct,75,pct,,general_rule_candidate,,59,,,,,t. min. u Site Coverage 75% max.,,normal,n/a,"[""(?:Lot|Site|Building)\\s+Coverage[:\\s]{1,5}(\\d+(?:\\.\\d+)?)\\s*%""]",0.8625,0.65,confirmed,tight label-adjacent regex match in non-complex-layout scenario text,comparable_with_documented_transform,"Bridgeport calls this 'Site Coverage'; comparable to Greenwich lot coverage in spirit, but the measured-area definition has not been independently confirmed identical"
bridgeport-rule-candidate-00280,bridgeport-scenario-0026,RX2,Residential-Office Centers,maximum_height_stories,".5, 3, or 3.5 stories in h",3.5,stories,,stories,,general_rule_candidate,,59,,,,,".5, 3, or 3.5 stories in h",,normal,n/a,"[""(\\d+(?:\\.\\d+)?)\\s*(?:to\\s*\\d+(?:\\.\\d+)?\\s*)?stor(?:y|ies)""]",0.8625,0.65,qualitative_only,"tight regex found a real story-count value, but the source text is a conditional list (e.g. '2, 2.5, or 3 stories'); only one list member was captured, so this is not reported as one confirmed number",structurally_non_equivalent,"a stories-only standard is not directly comparable to Greenwich's feet-only height without an explicit legal stories-to-feet conversion, which this code does not provide"
bridgeport-rule-candidate-00281,bridgeport-scenario-0026,RX2,Residential-Office Centers,minimum_pervious_area_pct,,,,,,,general_rule_candidate,,59,,,,,,,normal,n/a,"[""Pervious[^.]{0,10}?[:\\s](\\d+(?:\\.\\d+)?)\\s*%""]",0.8625,0.0,missing,no tight label-adjacent match found; this standard likely lives only in a diagram for this scenario,missing,no source-backed value was found for this scenario/variable in this document
bridgeport-rule-candidate-00282,bridgeport-scenario-0026,RX2,Residential-Office Centers,minimum_open_space_pct,,,,,,,general_rule_candidate,,59,,,,,,,normal,n/a,"[""Open\\s+Space[:\\s]{1,5}(\\d+(?:\\.\\d+)?)\\s*%""]",0.8625,0.0,missing,no tight label-adjacent match found; this standard likely lives only in a diagram for this scenario,missing,no source-backed value was found for this scenario/variable in this document
bridgeport-rule-candidate-00283,bridgeport-scenario-0026,RX2,Residential-Office Centers,minimum_green_area_pct,,,,,,,general_rule_candidate,,59,,,,,,,normal,n/a,"[""Green\\s+Area[:\\s]{1,5}(\\d+(?:\\.\\d+)?)\\s*%""]",0.8625,0.0,missing,no tight label-adjacent match found; this standard likely lives only in a diagram for this scenario,missing,no source-backed value was found for this scenario/variable in this document
bridgeport-rule-candidate-00284,bridgeport-scenario-0026,RX2,Residential-Office Centers,build_to_minimum_ft,,,,,,,general_rule_candidate,,59,,,,,,,normal,n/a,"[""Build-?to[^.]{0,15}?Min[a-z]*[:\\s]{1,5}(\\d+(?:\\.\\d+)?)\\s*ft""]",0.8625,0.0,missing,no tight label-adjacent match found; this standard likely lives only in a diagram for this scenario,missing,no source-backed value was found for this scenario/variable in this document
bridgeport-rule-candidate-00285,bridgeport-scenario-0026,RX2,Residential-Office Centers,build_to_maximum_ft,,,,,,,general_rule_candidate,,59,,,,,,,normal,n/a,"[""Build-?to[^.]{0,15}?Max[a-z]*[:\\s]{1,5}(\\d+(?:\\.\\d+)?)\\s*ft""]",0.8625,0.0,missing,no tight label-adjacent match found; this standard likely lives only in a diagram for this scenario,missing,no source-backed value was found for this scenario/variable in this document
bridgeport-rule-candidate-00286,bridgeport-scenario-0026,RX2,Residential-Office Centers,frontage_requirement_ft,,,,,,,general_rule_candidate,,59,,,,,,,normal,n/a,"[""Frontage[:\\s]{1,5}(\\d+(?:\\.\\d+)?)\\s*ft""]",0.8625,0.0,missing,no tight label-adjacent match found; this standard likely lives only in a diagram for this scenario,missing,no source-backed value was found for this scenario/variable in this document
bridgeport-rule-candidate-00287,bridgeport-scenario-0027,NX1,Neighborhood Mix,minimum_lot_size_sqft,,,,,,,general_rule_candidate,,67,,,,,,,normal,n/a,"[""(?:Lot\\s+Area|Minimum\\s+Lot\\s+Size)[:\\s]{1,5}([\\d,]+)\\s*(?:sq\\.?\\s*ft\\.?|square feet)""]",0.8625,0.0,missing,no tight label-adjacent match found; this standard likely lives only in a diagram for this scenario,missing,no source-backed value was found for this scenario/variable in this document
bridgeport-rule-candidate-00288,bridgeport-scenario-0027,NX1,Neighborhood Mix,minimum_lot_width_ft,re 3.80-B Lot Width 50 ft. min,50,ft,50,ft,,general_rule_candidate,,67,,,,,re 3.80-B Lot Width 50 ft. min,,normal,n/a,"[""Lot\\s+Width[:\\s]{1,5}(\\d+(?:\\.\\d+)?)\\s*ft""]",0.8625,0.65,confirmed,tight label-adjacent regex match in non-complex-layout scenario text,directly_comparable,"a conventional square-foot/linear-foot minimum, the same unit and concept Greenwich's RA-4 evidence uses"
bridgeport-rule-candidate-00289,bridgeport-scenario-0027,NX1,Neighborhood Mix,maximum_building_height_ft,,,,,,,general_rule_candidate,,67,,,,,,,normal,n/a,"[""(?:Maximum\\s+Height|Building\\s+Height)[:\\s]{1,5}(\\d+(?:\\.\\d+)?)\\s*ft""]",0.8625,0.0,missing,no tight label-adjacent match found; this standard likely lives only in a diagram for this scenario,missing,no source-backed value was found for this scenario/variable in this document
bridgeport-rule-candidate-00290,bridgeport-scenario-0027,NX1,Neighborhood Mix,maximum_lot_coverage_pct,t. min. u Site Coverage 80% max.,80,pct,80,pct,,general_rule_candidate,,67,,,,,t. min. u Site Coverage 80% max.,,normal,n/a,"[""(?:Lot|Site|Building)\\s+Coverage[:\\s]{1,5}(\\d+(?:\\.\\d+)?)\\s*%""]",0.8625,0.65,confirmed,tight label-adjacent regex match in non-complex-layout scenario text,comparable_with_documented_transform,"Bridgeport calls this 'Site Coverage'; comparable to Greenwich lot coverage in spirit, but the measured-area definition has not been independently confirmed identical"
bridgeport-rule-candidate-00291,bridgeport-scenario-0027,NX1,Neighborhood Mix,maximum_height_stories,are 2 and 2.5 stories in h,2.5,stories,,stories,,general_rule_candidate,,67,,,,,are 2 and 2.5 stories in h,,normal,n/a,"[""(\\d+(?:\\.\\d+)?)\\s*(?:to\\s*\\d+(?:\\.\\d+)?\\s*)?stor(?:y|ies)""]",0.8625,0.65,qualitative_only,"tight regex found a real story-count value, but the source text is a conditional list (e.g. '2, 2.5, or 3 stories'); only one list member was captured, so this is not reported as one confirmed number",structurally_non_equivalent,"a stories-only standard is not directly comparable to Greenwich's feet-only height without an explicit legal stories-to-feet conversion, which this code does not provide"
bridgeport-rule-candidate-00292,bridgeport-scenario-0027,NX1,Neighborhood Mix,minimum_pervious_area_pct,,,,,,,general_rule_candidate,,67,,,,,,,normal,n/a,"[""Pervious[^.]{0,10}?[:\\s](\\d+(?:\\.\\d+)?)\\s*%""]",0.8625,0.0,missing,no tight label-adjacent match found; this standard likely lives only in a diagram for this scenario,missing,no source-backed value was found for this scenario/variable in this document
bridgeport-rule-candidate-00293,bridgeport-scenario-0027,NX1,Neighborhood Mix,minimum_open_space_pct,,,,,,,general_rule_candidate,,67,,,,,,,normal,n/a,"[""Open\\s+Space[:\\s]{1,5}(\\d+(?:\\.\\d+)?)\\s*%""]",0.8625,0.0,missing,no tight label-adjacent match found; this standard likely lives only in a diagram for this scenario,missing,no source-backed value was found for this scenario/variable in this document
bridgeport-rule-candidate-00294,bridgeport-scenario-0027,NX1,Neighborhood Mix,minimum_green_area_pct,,,,,,,general_rule_candidate,,67,,,,,,,normal,n/a,"[""Green\\s+Area[:\\s]{1,5}(\\d+(?:\\.\\d+)?)\\s*%""]",0.8625,0.0,missing,no tight label-adjacent match found; this standard likely lives only in a diagram for this scenario,missing,no source-backed value was found for this scenario/variable in this document
bridgeport-rule-candidate-00295,bridgeport-scenario-0027,NX1,Neighborhood Mix,build_to_minimum_ft,,,,,,,general_rule_candidate,,67,,,,,,,normal,n/a,"[""Build-?to[^.]{0,15}?Min[a-z]*[:\\s]{1,5}(\\d+(?:\\.\\d+)?)\\s*ft""]",0.8625,0.0,missing,no tight label-adjacent match found; this standard likely lives only in a diagram for this scenario,missing,no source-backed value was found for this scenario/variable in this document
bridgeport-rule-candidate-00296,bridgeport-scenario-0027,NX1,Neighborhood Mix,build_to_maximum_ft,,,,,,,general_rule_candidate,,67,,,,,,,normal,n/a,"[""Build-?to[^.]{0,15}?Max[a-z]*[:\\s]{1,5}(\\d+(?:\\.\\d+)?)\\s*ft""]",0.8625,0.0,missing,no tight label-adjacent match found; this standard likely lives only in a diagram for this scenario,missing,no source-backed value was found for this scenario/variable in this document
bridgeport-rule-candidate-00297,bridgeport-scenario-0027,NX1,Neighborhood Mix,frontage_requirement_ft,,,,,,,general_rule_candidate,,67,,,,,,,normal,n/a,"[""Frontage[:\\s]{1,5}(\\d+(?:\\.\\d+)?)\\s*ft""]",0.8625,0.0,missing,no tight label-adjacent match found; this standard likely lives only in a diagram for this scenario,missing,no source-backed value was found for this scenario/variable in this document
bridgeport-rule-candidate-00298,bridgeport-scenario-0028,N1,Neighborhood: Traditional,minimum_lot_size_sqft,,,,,,,general_rule_candidate,,75,,,,,,,normal,n/a,"[""(?:Lot\\s+Area|Minimum\\s+Lot\\s+Size)[:\\s]{1,5}([\\d,]+)\\s*(?:sq\\.?\\s*ft\\.?|square feet)""]",0.8625,0.0,missing,no tight label-adjacent match found; this standard likely lives only in a diagram for this scenario,missing,no source-backed value was found for this scenario/variable in this document
bridgeport-rule-candidate-00299,bridgeport-scenario-0028,N1,Neighborhood: Traditional,minimum_lot_width_ft,re 3.90-B Lot Width 45 ft. min,45,ft,45,ft,,general_rule_candidate,,75,,,,,re 3.90-B Lot Width 45 ft. min,,normal,n/a,"[""Lot\\s+Width[:\\s]{1,5}(\\d+(?:\\.\\d+)?)\\s*ft""]",0.8625,0.65,confirmed,tight label-adjacent regex match in non-complex-layout scenario text,directly_comparable,"a conventional square-foot/linear-foot minimum, the same unit and concept Greenwich's RA-4 evidence uses"
bridgeport-rule-candidate-00300,bridgeport-scenario-0028,N1,Neighborhood: Traditional,maximum_building_height_ft,,,,,,,general_rule_candidate,,75,,,,,,,normal,n/a,"[""(?:Maximum\\s+Height|Building\\s+Height)[:\\s]{1,5}(\\d+(?:\\.\\d+)?)\\s*ft""]",0.8625,0.0,missing,no tight label-adjacent match found; this standard likely lives only in a diagram for this scenario,missing,no source-backed value was found for this scenario/variable in this document
bridgeport-rule-candidate-00301,bridgeport-scenario-0028,N1,Neighborhood: Traditional,maximum_lot_coverage_pct,t. min. u Site Coverage 75% max.,75,pct,75,pct,,general_rule_candidate,,75,,,,,t. min. u Site Coverage 75% max.,,normal,n/a,"[""(?:Lot|Site|Building)\\s+Coverage[:\\s]{1,5}(\\d+(?:\\.\\d+)?)\\s*%""]",0.8625,0.65,confirmed,tight label-adjacent regex match in non-complex-layout scenario text,comparable_with_documented_transform,"Bridgeport calls this 'Site Coverage'; comparable to Greenwich lot coverage in spirit, but the measured-area definition has not been independently confirmed identical"
bridgeport-rule-candidate-00302,bridgeport-scenario-0028,N1,Neighborhood: Traditional,maximum_height_stories, are 2 or 2.5 stories in h,2.5,stories,,stories,,general_rule_candidate,,75,,,,, are 2 or 2.5 stories in h,,normal,n/a,"[""(\\d+(?:\\.\\d+)?)\\s*(?:to\\s*\\d+(?:\\.\\d+)?\\s*)?stor(?:y|ies)""]",0.8625,0.65,qualitative_only,"tight regex found a real story-count value, but the source text is a conditional list (e.g. '2, 2.5, or 3 stories'); only one list member was captured, so this is not reported as one confirmed number",structurally_non_equivalent,"a stories-only standard is not directly comparable to Greenwich's feet-only height without an explicit legal stories-to-feet conversion, which this code does not provide"
bridgeport-rule-candidate-00303,bridgeport-scenario-0028,N1,Neighborhood: Traditional,minimum_pervious_area_pct,,,,,,,general_rule_candidate,,75,,,,,,,normal,n/a,"[""Pervious[^.]{0,10}?[:\\s](\\d+(?:\\.\\d+)?)\\s*%""]",0.8625,0.0,missing,no tight label-adjacent match found; this standard likely lives only in a diagram for this scenario,missing,no source-backed value was found for this scenario/variable in this document
bridgeport-rule-candidate-00304,bridgeport-scenario-0028,N1,Neighborhood: Traditional,minimum_open_space_pct,,,,,,,general_rule_candidate,,75,,,,,,,normal,n/a,"[""Open\\s+Space[:\\s]{1,5}(\\d+(?:\\.\\d+)?)\\s*%""]",0.8625,0.0,missing,no tight label-adjacent match found; this standard likely lives only in a diagram for this scenario,missing,no source-backed value was found for this scenario/variable in this document
bridgeport-rule-candidate-00305,bridgeport-scenario-0028,N1,Neighborhood: Traditional,minimum_green_area_pct,,,,,,,general_rule_candidate,,75,,,,,,,normal,n/a,"[""Green\\s+Area[:\\s]{1,5}(\\d+(?:\\.\\d+)?)\\s*%""]",0.8625,0.0,missing,no tight label-adjacent match found; this standard likely lives only in a diagram for this scenario,missing,no source-backed value was found for this scenario/variable in this document
bridgeport-rule-candidate-00306,bridgeport-scenario-0028,N1,Neighborhood: Traditional,build_to_minimum_ft,,,,,,,general_rule_candidate,,75,,,,,,,normal,n/a,"[""Build-?to[^.]{0,15}?Min[a-z]*[:\\s]{1,5}(\\d+(?:\\.\\d+)?)\\s*ft""]",0.8625,0.0,missing,no tight label-adjacent match found; this standard likely lives only in a diagram for this scenario,missing,no source-backed value was found for this scenario/variable in this document
bridgeport-rule-candidate-00307,bridgeport-scenario-0028,N1,Neighborhood: Traditional,build_to_maximum_ft,,,,,,,general_rule_candidate,,75,,,,,,,normal,n/a,"[""Build-?to[^.]{0,15}?Max[a-z]*[:\\s]{1,5}(\\d+(?:\\.\\d+)?)\\s*ft""]",0.8625,0.0,missing,no tight label-adjacent match found; this standard likely lives only in a diagram for this scenario,missing,no source-backed value was found for this scenario/variable in this document
bridgeport-rule-candidate-00308,bridgeport-scenario-0028,N1,Neighborhood: Traditional,frontage_requirement_ft,,,,,,,general_rule_candidate,,75,,,,,,,normal,n/a,"[""Frontage[:\\s]{1,5}(\\d+(?:\\.\\d+)?)\\s*ft""]",0.8625,0.0,missing,no tight label-adjacent match found; this standard likely lives only in a diagram for this scenario,missing,no source-backed value was found for this scenario/variable in this document
bridgeport-rule-candidate-00309,bridgeport-scenario-0029,NX1,Neighborhood Mix,minimum_lot_size_sqft,,,,,,,general_rule_candidate,,75,,,,,,,normal,n/a,"[""(?:Lot\\s+Area|Minimum\\s+Lot\\s+Size)[:\\s]{1,5}([\\d,]+)\\s*(?:sq\\.?\\s*ft\\.?|square feet)""]",0.8625,0.0,missing,no tight label-adjacent match found; this standard likely lives only in a diagram for this scenario,missing,no source-backed value was found for this scenario/variable in this document
bridgeport-rule-candidate-00310,bridgeport-scenario-0029,NX1,Neighborhood Mix,minimum_lot_width_ft,re 3.90-B Lot Width 45 ft. min,45,ft,45,ft,,general_rule_candidate,,75,,,,,re 3.90-B Lot Width 45 ft. min,,normal,n/a,"[""Lot\\s+Width[:\\s]{1,5}(\\d+(?:\\.\\d+)?)\\s*ft""]",0.8625,0.65,confirmed,tight label-adjacent regex match in non-complex-layout scenario text,directly_comparable,"a conventional square-foot/linear-foot minimum, the same unit and concept Greenwich's RA-4 evidence uses"
bridgeport-rule-candidate-00311,bridgeport-scenario-0029,NX1,Neighborhood Mix,maximum_building_height_ft,,,,,,,general_rule_candidate,,75,,,,,,,normal,n/a,"[""(?:Maximum\\s+Height|Building\\s+Height)[:\\s]{1,5}(\\d+(?:\\.\\d+)?)\\s*ft""]",0.8625,0.0,missing,no tight label-adjacent match found; this standard likely lives only in a diagram for this scenario,missing,no source-backed value was found for this scenario/variable in this document
bridgeport-rule-candidate-00312,bridgeport-scenario-0029,NX1,Neighborhood Mix,maximum_lot_coverage_pct,t. min. u Site Coverage 75% max.,75,pct,75,pct,,general_rule_candidate,,75,,,,,t. min. u Site Coverage 75% max.,,normal,n/a,"[""(?:Lot|Site|Building)\\s+Coverage[:\\s]{1,5}(\\d+(?:\\.\\d+)?)\\s*%""]",0.8625,0.65,confirmed,tight label-adjacent regex match in non-complex-layout scenario text,comparable_with_documented_transform,"Bridgeport calls this 'Site Coverage'; comparable to Greenwich lot coverage in spirit, but the measured-area definition has not been independently confirmed identical"
bridgeport-rule-candidate-00313,bridgeport-scenario-0029,NX1,Neighborhood Mix,maximum_height_stories, are 2 or 2.5 stories in h,2.5,stories,,stories,,general_rule_candidate,,75,,,,, are 2 or 2.5 stories in h,,normal,n/a,"[""(\\d+(?:\\.\\d+)?)\\s*(?:to\\s*\\d+(?:\\.\\d+)?\\s*)?stor(?:y|ies)""]",0.8625,0.65,qualitative_only,"tight regex found a real story-count value, but the source text is a conditional list (e.g. '2, 2.5, or 3 stories'); only one list member was captured, so this is not reported as one confirmed number",structurally_non_equivalent,"a stories-only standard is not directly comparable to Greenwich's feet-only height without an explicit legal stories-to-feet conversion, which this code does not provide"
bridgeport-rule-candidate-00314,bridgeport-scenario-0029,NX1,Neighborhood Mix,minimum_pervious_area_pct,,,,,,,general_rule_candidate,,75,,,,,,,normal,n/a,"[""Pervious[^.]{0,10}?[:\\s](\\d+(?:\\.\\d+)?)\\s*%""]",0.8625,0.0,missing,no tight label-adjacent match found; this standard likely lives only in a diagram for this scenario,missing,no source-backed value was found for this scenario/variable in this document
bridgeport-rule-candidate-00315,bridgeport-scenario-0029,NX1,Neighborhood Mix,minimum_open_space_pct,,,,,,,general_rule_candidate,,75,,,,,,,normal,n/a,"[""Open\\s+Space[:\\s]{1,5}(\\d+(?:\\.\\d+)?)\\s*%""]",0.8625,0.0,missing,no tight label-adjacent match found; this standard likely lives only in a diagram for this scenario,missing,no source-backed value was found for this scenario/variable in this document
bridgeport-rule-candidate-00316,bridgeport-scenario-0029,NX1,Neighborhood Mix,minimum_green_area_pct,,,,,,,general_rule_candidate,,75,,,,,,,normal,n/a,"[""Green\\s+Area[:\\s]{1,5}(\\d+(?:\\.\\d+)?)\\s*%""]",0.8625,0.0,missing,no tight label-adjacent match found; this standard likely lives only in a diagram for this scenario,missing,no source-backed value was found for this scenario/variable in this document
bridgeport-rule-candidate-00317,bridgeport-scenario-0029,NX1,Neighborhood Mix,build_to_minimum_ft,,,,,,,general_rule_candidate,,75,,,,,,,normal,n/a,"[""Build-?to[^.]{0,15}?Min[a-z]*[:\\s]{1,5}(\\d+(?:\\.\\d+)?)\\s*ft""]",0.8625,0.0,missing,no tight label-adjacent match found; this standard likely lives only in a diagram for this scenario,missing,no source-backed value was found for this scenario/variable in this document
bridgeport-rule-candidate-00318,bridgeport-scenario-0029,NX1,Neighborhood Mix,build_to_maximum_ft,,,,,,,general_rule_candidate,,75,,,,,,,normal,n/a,"[""Build-?to[^.]{0,15}?Max[a-z]*[:\\s]{1,5}(\\d+(?:\\.\\d+)?)\\s*ft""]",0.8625,0.0,missing,no tight label-adjacent match found; this standard likely lives only in a diagram for this scenario,missing,no source-backed value was found for this scenario/variable in this document
bridgeport-rule-candidate-00319,bridgeport-scenario-0029,NX1,Neighborhood Mix,frontage_requirement_ft,,,,,,,general_rule_candidate,,75,,,,,,,normal,n/a,"[""Frontage[:\\s]{1,5}(\\d+(?:\\.\\d+)?)\\s*ft""]",0.8625,0.0,missing,no tight label-adjacent match found; this standard likely lives only in a diagram for this scenario,missing,no source-backed value was found for this scenario/variable in this document
bridgeport-rule-candidate-00320,bridgeport-scenario-0030,N2,Neighborhood: Mid-Century,minimum_lot_size_sqft,,,,,,,general_rule_candidate,,83,,,,,,,normal,n/a,"[""(?:Lot\\s+Area|Minimum\\s+Lot\\s+Size)[:\\s]{1,5}([\\d,]+)\\s*(?:sq\\.?\\s*ft\\.?|square feet)""]",0.8625,0.0,missing,no tight label-adjacent match found; this standard likely lives only in a diagram for this scenario,missing,no source-backed value was found for this scenario/variable in this document
bridgeport-rule-candidate-00321,bridgeport-scenario-0030,N2,Neighborhood: Mid-Century,minimum_lot_width_ft,,,,,,,general_rule_candidate,,83,,,,,,,normal,n/a,"[""Lot\\s+Width[:\\s]{1,5}(\\d+(?:\\.\\d+)?)\\s*ft""]",0.8625,0.0,missing,no tight label-adjacent match found; this standard likely lives only in a diagram for this scenario,missing,no source-backed value was found for this scenario/variable in this document
bridgeport-rule-candidate-00322,bridgeport-scenario-0030,N2,Neighborhood: Mid-Century,maximum_building_height_ft,,,,,,,general_rule_candidate,,83,,,,,,,normal,n/a,"[""(?:Maximum\\s+Height|Building\\s+Height)[:\\s]{1,5}(\\d+(?:\\.\\d+)?)\\s*ft""]",0.8625,0.0,missing,no tight label-adjacent match found; this standard likely lives only in a diagram for this scenario,missing,no source-backed value was found for this scenario/variable in this document
bridgeport-rule-candidate-00323,bridgeport-scenario-0030,N2,Neighborhood: Mid-Century,maximum_lot_coverage_pct,t. min. u Site Coverage 65% max.,65,pct,65,pct,,general_rule_candidate,,83,,,,,t. min. u Site Coverage 65% max.,,normal,n/a,"[""(?:Lot|Site|Building)\\s+Coverage[:\\s]{1,5}(\\d+(?:\\.\\d+)?)\\s*%""]",0.8625,0.65,confirmed,tight label-adjacent regex match in non-complex-layout scenario text,comparable_with_documented_transform,"Bridgeport calls this 'Site Coverage'; comparable to Greenwich lot coverage in spirit, but the measured-area definition has not been independently confirmed identical"
bridgeport-rule-candidate-00324,bridgeport-scenario-0030,N2,Neighborhood: Mid-Century,maximum_height_stories,", 1.5, or 2 stories in h",2,stories,,stories,,general_rule_candidate,,83,,,,,", 1.5, or 2 stories in h",,normal,n/a,"[""(\\d+(?:\\.\\d+)?)\\s*(?:to\\s*\\d+(?:\\.\\d+)?\\s*)?stor(?:y|ies)""]",0.8625,0.65,qualitative_only,"tight regex found a real story-count value, but the source text is a conditional list (e.g. '2, 2.5, or 3 stories'); only one list member was captured, so this is not reported as one confirmed number",structurally_non_equivalent,"a stories-only standard is not directly comparable to Greenwich's feet-only height without an explicit legal stories-to-feet conversion, which this code does not provide"
bridgeport-rule-candidate-00325,bridgeport-scenario-0030,N2,Neighborhood: Mid-Century,minimum_pervious_area_pct,,,,,,,general_rule_candidate,,83,,,,,,,normal,n/a,"[""Pervious[^.]{0,10}?[:\\s](\\d+(?:\\.\\d+)?)\\s*%""]",0.8625,0.0,missing,no tight label-adjacent match found; this standard likely lives only in a diagram for this scenario,missing,no source-backed value was found for this scenario/variable in this document
bridgeport-rule-candidate-00326,bridgeport-scenario-0030,N2,Neighborhood: Mid-Century,minimum_open_space_pct,,,,,,,general_rule_candidate,,83,,,,,,,normal,n/a,"[""Open\\s+Space[:\\s]{1,5}(\\d+(?:\\.\\d+)?)\\s*%""]",0.8625,0.0,missing,no tight label-adjacent match found; this standard likely lives only in a diagram for this scenario,missing,no source-backed value was found for this scenario/variable in this document
bridgeport-rule-candidate-00327,bridgeport-scenario-0030,N2,Neighborhood: Mid-Century,minimum_green_area_pct,,,,,,,general_rule_candidate,,83,,,,,,,normal,n/a,"[""Green\\s+Area[:\\s]{1,5}(\\d+(?:\\.\\d+)?)\\s*%""]",0.8625,0.0,missing,no tight label-adjacent match found; this standard likely lives only in a diagram for this scenario,missing,no source-backed value was found for this scenario/variable in this document
bridgeport-rule-candidate-00328,bridgeport-scenario-0030,N2,Neighborhood: Mid-Century,build_to_minimum_ft,,,,,,,general_rule_candidate,,83,,,,,,,normal,n/a,"[""Build-?to[^.]{0,15}?Min[a-z]*[:\\s]{1,5}(\\d+(?:\\.\\d+)?)\\s*ft""]",0.8625,0.0,missing,no tight label-adjacent match found; this standard likely lives only in a diagram for this scenario,missing,no source-backed value was found for this scenario/variable in this document
bridgeport-rule-candidate-00329,bridgeport-scenario-0030,N2,Neighborhood: Mid-Century,build_to_maximum_ft,,,,,,,general_rule_candidate,,83,,,,,,,normal,n/a,"[""Build-?to[^.]{0,15}?Max[a-z]*[:\\s]{1,5}(\\d+(?:\\.\\d+)?)\\s*ft""]",0.8625,0.0,missing,no tight label-adjacent match found; this standard likely lives only in a diagram for this scenario,missing,no source-backed value was found for this scenario/variable in this document
bridgeport-rule-candidate-00330,bridgeport-scenario-0030,N2,Neighborhood: Mid-Century,frontage_requirement_ft,,,,,,,general_rule_candidate,,83,,,,,,,normal,n/a,"[""Frontage[:\\s]{1,5}(\\d+(?:\\.\\d+)?)\\s*ft""]",0.8625,0.0,missing,no tight label-adjacent match found; this standard likely lives only in a diagram for this scenario,missing,no source-backed value was found for this scenario/variable in this document
bridgeport-rule-candidate-00331,bridgeport-scenario-0031,N3,Neighborhood: Large Lot,minimum_lot_size_sqft,,,,,,,general_rule_candidate,,91,,,,,,,normal,n/a,"[""(?:Lot\\s+Area|Minimum\\s+Lot\\s+Size)[:\\s]{1,5}([\\d,]+)\\s*(?:sq\\.?\\s*ft\\.?|square feet)""]",0.8625,0.0,missing,no tight label-adjacent match found; this standard likely lives only in a diagram for this scenario,missing,no source-backed value was found for this scenario/variable in this document
bridgeport-rule-candidate-00332,bridgeport-scenario-0031,N3,Neighborhood: Large Lot,minimum_lot_width_ft,e 3.110-B Lot Width 75 ft. min,75,ft,75,ft,,general_rule_candidate,,91,,,,,e 3.110-B Lot Width 75 ft. min,,normal,n/a,"[""Lot\\s+Width[:\\s]{1,5}(\\d+(?:\\.\\d+)?)\\s*ft""]",0.8625,0.65,confirmed,tight label-adjacent regex match in non-complex-layout scenario text,directly_comparable,"a conventional square-foot/linear-foot minimum, the same unit and concept Greenwich's RA-4 evidence uses"
bridgeport-rule-candidate-00333,bridgeport-scenario-0031,N3,Neighborhood: Large Lot,maximum_building_height_ft,,,,,,,general_rule_candidate,,91,,,,,,,normal,n/a,"[""(?:Maximum\\s+Height|Building\\s+Height)[:\\s]{1,5}(\\d+(?:\\.\\d+)?)\\s*ft""]",0.8625,0.0,missing,no tight label-adjacent match found; this standard likely lives only in a diagram for this scenario,missing,no source-backed value was found for this scenario/variable in this document
bridgeport-rule-candidate-00334,bridgeport-scenario-0031,N3,Neighborhood: Large Lot,maximum_lot_coverage_pct,t. min. u Site Coverage 65% max.,65,pct,65,pct,,general_rule_candidate,,91,,,,,t. min. u Site Coverage 65% max.,,normal,n/a,"[""(?:Lot|Site|Building)\\s+Coverage[:\\s]{1,5}(\\d+(?:\\.\\d+)?)\\s*%""]",0.8625,0.65,confirmed,tight label-adjacent regex match in non-complex-layout scenario text,comparable_with_documented_transform,"Bridgeport calls this 'Site Coverage'; comparable to Greenwich lot coverage in spirit, but the measured-area definition has not been independently confirmed identical"
bridgeport-rule-candidate-00335,bridgeport-scenario-0031,N3,Neighborhood: Large Lot,maximum_height_stories,re 1.5 or 2.5 stories in h,2.5,stories,,stories,,general_rule_candidate,,91,,,,,re 1.5 or 2.5 stories in h,,normal,n/a,"[""(\\d+(?:\\.\\d+)?)\\s*(?:to\\s*\\d+(?:\\.\\d+)?\\s*)?stor(?:y|ies)""]",0.8625,0.65,qualitative_only,"tight regex found a real story-count value, but the source text is a conditional list (e.g. '2, 2.5, or 3 stories'); only one list member was captured, so this is not reported as one confirmed number",structurally_non_equivalent,"a stories-only standard is not directly comparable to Greenwich's feet-only height without an explicit legal stories-to-feet conversion, which this code does not provide"
bridgeport-rule-candidate-00336,bridgeport-scenario-0031,N3,Neighborhood: Large Lot,minimum_pervious_area_pct,,,,,,,general_rule_candidate,,91,,,,,,,normal,n/a,"[""Pervious[^.]{0,10}?[:\\s](\\d+(?:\\.\\d+)?)\\s*%""]",0.8625,0.0,missing,no tight label-adjacent match found; this standard likely lives only in a diagram for this scenario,missing,no source-backed value was found for this scenario/variable in this document
bridgeport-rule-candidate-00337,bridgeport-scenario-0031,N3,Neighborhood: Large Lot,minimum_open_space_pct,,,,,,,general_rule_candidate,,91,,,,,,,normal,n/a,"[""Open\\s+Space[:\\s]{1,5}(\\d+(?:\\.\\d+)?)\\s*%""]",0.8625,0.0,missing,no tight label-adjacent match found; this standard likely lives only in a diagram for this scenario,missing,no source-backed value was found for this scenario/variable in this document
bridgeport-rule-candidate-00338,bridgeport-scenario-0031,N3,Neighborhood: Large Lot,minimum_green_area_pct,,,,,,,general_rule_candidate,,91,,,,,,,normal,n/a,"[""Green\\s+Area[:\\s]{1,5}(\\d+(?:\\.\\d+)?)\\s*%""]",0.8625,0.0,missing,no tight label-adjacent match found; this standard likely lives only in a diagram for this scenario,missing,no source-backed value was found for this scenario/variable in this document
bridgeport-rule-candidate-00339,bridgeport-scenario-0031,N3,Neighborhood: Large Lot,build_to_minimum_ft,,,,,,,general_rule_candidate,,91,,,,,,,normal,n/a,"[""Build-?to[^.]{0,15}?Min[a-z]*[:\\s]{1,5}(\\d+(?:\\.\\d+)?)\\s*ft""]",0.8625,0.0,missing,no tight label-adjacent match found; this standard likely lives only in a diagram for this scenario,missing,no source-backed value was found for this scenario/variable in this document
bridgeport-rule-candidate-00340,bridgeport-scenario-0031,N3,Neighborhood: Large Lot,build_to_maximum_ft,,,,,,,general_rule_candidate,,91,,,,,,,normal,n/a,"[""Build-?to[^.]{0,15}?Max[a-z]*[:\\s]{1,5}(\\d+(?:\\.\\d+)?)\\s*ft""]",0.8625,0.0,missing,no tight label-adjacent match found; this standard likely lives only in a diagram for this scenario,missing,no source-backed value was found for this scenario/variable in this document
bridgeport-rule-candidate-00341,bridgeport-scenario-0031,N3,Neighborhood: Large Lot,frontage_requirement_ft,,,,,,,general_rule_candidate,,91,,,,,,,normal,n/a,"[""Frontage[:\\s]{1,5}(\\d+(?:\\.\\d+)?)\\s*ft""]",0.8625,0.0,missing,no tight label-adjacent match found; this standard likely lives only in a diagram for this scenario,missing,no source-backed value was found for this scenario/variable in this document
bridgeport-rule-candidate-00342,bridgeport-scenario-0032,N4,Neighborhood: Suburban,minimum_lot_size_sqft,,,,,,,general_rule_candidate,,99,,,,,,,normal,n/a,"[""(?:Lot\\s+Area|Minimum\\s+Lot\\s+Size)[:\\s]{1,5}([\\d,]+)\\s*(?:sq\\.?\\s*ft\\.?|square feet)""]",0.8666666666666667,0.0,missing,no tight label-adjacent match found; this standard likely lives only in a diagram for this scenario,missing,no source-backed value was found for this scenario/variable in this document
bridgeport-rule-candidate-00343,bridgeport-scenario-0032,N4,Neighborhood: Suburban,minimum_lot_width_ft,e 3.120-B Lot Width 60 ft. min,60,ft,60,ft,,general_rule_candidate,,99,,,,,e 3.120-B Lot Width 60 ft. min,,normal,n/a,"[""Lot\\s+Width[:\\s]{1,5}(\\d+(?:\\.\\d+)?)\\s*ft""]",0.8666666666666667,0.65,confirmed,tight label-adjacent regex match in non-complex-layout scenario text,directly_comparable,"a conventional square-foot/linear-foot minimum, the same unit and concept Greenwich's RA-4 evidence uses"
bridgeport-rule-candidate-00344,bridgeport-scenario-0032,N4,Neighborhood: Suburban,maximum_building_height_ft,,,,,,,general_rule_candidate,,99,,,,,,,normal,n/a,"[""(?:Maximum\\s+Height|Building\\s+Height)[:\\s]{1,5}(\\d+(?:\\.\\d+)?)\\s*ft""]",0.8666666666666667,0.0,missing,no tight label-adjacent match found; this standard likely lives only in a diagram for this scenario,missing,no source-backed value was found for this scenario/variable in this document
bridgeport-rule-candidate-00345,bridgeport-scenario-0032,N4,Neighborhood: Suburban,maximum_lot_coverage_pct,t. min. u Site Coverage 65% max.,65,pct,65,pct,,general_rule_candidate,,99,,,,,t. min. u Site Coverage 65% max.,,normal,n/a,"[""(?:Lot|Site|Building)\\s+Coverage[:\\s]{1,5}(\\d+(?:\\.\\d+)?)\\s*%""]",0.8666666666666667,0.65,confirmed,tight label-adjacent regex match in non-complex-layout scenario text,comparable_with_documented_transform,"Bridgeport calls this 'Site Coverage'; comparable to Greenwich lot coverage in spirit, but the measured-area definition has not been independently confirmed identical"
bridgeport-rule-candidate-00346,bridgeport-scenario-0032,N4,Neighborhood: Suburban,maximum_height_stories,-D Height 1 story min.,1,stories,,stories,,general_rule_candidate,,99,,,,,-D Height 1 story min.,,normal,n/a,"[""(\\d+(?:\\.\\d+)?)\\s*(?:to\\s*\\d+(?:\\.\\d+)?\\s*)?stor(?:y|ies)""]",0.8666666666666667,0.65,qualitative_only,"tight regex found a real story-count value, but the source text is a conditional list (e.g. '2, 2.5, or 3 stories'); only one list member was captured, so this is not reported as one confirmed number",structurally_non_equivalent,"a stories-only standard is not directly comparable to Greenwich's feet-only height without an explicit legal stories-to-feet conversion, which this code does not provide"
bridgeport-rule-candidate-00347,bridgeport-scenario-0032,N4,Neighborhood: Suburban,minimum_pervious_area_pct,,,,,,,general_rule_candidate,,99,,,,,,,normal,n/a,"[""Pervious[^.]{0,10}?[:\\s](\\d+(?:\\.\\d+)?)\\s*%""]",0.8666666666666667,0.0,missing,no tight label-adjacent match found; this standard likely lives only in a diagram for this scenario,missing,no source-backed value was found for this scenario/variable in this document
bridgeport-rule-candidate-00348,bridgeport-scenario-0032,N4,Neighborhood: Suburban,minimum_open_space_pct,,,,,,,general_rule_candidate,,99,,,,,,,normal,n/a,"[""Open\\s+Space[:\\s]{1,5}(\\d+(?:\\.\\d+)?)\\s*%""]",0.8666666666666667,0.0,missing,no tight label-adjacent match found; this standard likely lives only in a diagram for this scenario,missing,no source-backed value was found for this scenario/variable in this document
bridgeport-rule-candidate-00349,bridgeport-scenario-0032,N4,Neighborhood: Suburban,minimum_green_area_pct,,,,,,,general_rule_candidate,,99,,,,,,,normal,n/a,"[""Green\\s+Area[:\\s]{1,5}(\\d+(?:\\.\\d+)?)\\s*%""]",0.8666666666666667,0.0,missing,no tight label-adjacent match found; this standard likely lives only in a diagram for this scenario,missing,no source-backed value was found for this scenario/variable in this document
bridgeport-rule-candidate-00350,bridgeport-scenario-0032,N4,Neighborhood: Suburban,build_to_minimum_ft,,,,,,,general_rule_candidate,,99,,,,,,,normal,n/a,"[""Build-?to[^.]{0,15}?Min[a-z]*[:\\s]{1,5}(\\d+(?:\\.\\d+)?)\\s*ft""]",0.8666666666666667,0.0,missing,no tight label-adjacent match found; this standard likely lives only in a diagram for this scenario,missing,no source-backed value was found for this scenario/variable in this document
bridgeport-rule-candidate-00351,bridgeport-scenario-0032,N4,Neighborhood: Suburban,build_to_maximum_ft,,,,,,,general_rule_candidate,,99,,,,,,,normal,n/a,"[""Build-?to[^.]{0,15}?Max[a-z]*[:\\s]{1,5}(\\d+(?:\\.\\d+)?)\\s*ft""]",0.8666666666666667,0.0,missing,no tight label-adjacent match found; this standard likely lives only in a diagram for this scenario,missing,no source-backed value was found for this scenario/variable in this document
bridgeport-rule-candidate-00352,bridgeport-scenario-0032,N4,Neighborhood: Suburban,frontage_requirement_ft,,,,,,,general_rule_candidate,,99,,,,,,,normal,n/a,"[""Frontage[:\\s]{1,5}(\\d+(?:\\.\\d+)?)\\s*ft""]",0.8666666666666667,0.0,missing,no tight label-adjacent match found; this standard likely lives only in a diagram for this scenario,missing,no source-backed value was found for this scenario/variable in this document
bridgeport-rule-candidate-00353,bridgeport-scenario-0033,CX,Heavy Commercial,minimum_lot_size_sqft,,,,,,,general_rule_candidate,,107,,,,,,,normal,n/a,"[""(?:Lot\\s+Area|Minimum\\s+Lot\\s+Size)[:\\s]{1,5}([\\d,]+)\\s*(?:sq\\.?\\s*ft\\.?|square feet)""]",0.8625,0.0,missing,no tight label-adjacent match found; this standard likely lives only in a diagram for this scenario,missing,no source-backed value was found for this scenario/variable in this document
bridgeport-rule-candidate-00354,bridgeport-scenario-0033,CX,Heavy Commercial,minimum_lot_width_ft,d allowed Lot Width 25 ft. min,25,ft,25,ft,,general_rule_candidate,,107,,,,,d allowed Lot Width 25 ft. min,,normal,n/a,"[""Lot\\s+Width[:\\s]{1,5}(\\d+(?:\\.\\d+)?)\\s*ft""]",0.8625,0.65,confirmed,tight label-adjacent regex match in non-complex-layout scenario text,directly_comparable,"a conventional square-foot/linear-foot minimum, the same unit and concept Greenwich's RA-4 evidence uses"
bridgeport-rule-candidate-00355,bridgeport-scenario-0033,CX,Heavy Commercial,maximum_building_height_ft,,,,,,,general_rule_candidate,,107,,,,,,,normal,n/a,"[""(?:Maximum\\s+Height|Building\\s+Height)[:\\s]{1,5}(\\d+(?:\\.\\d+)?)\\s*ft""]",0.8625,0.0,missing,no tight label-adjacent match found; this standard likely lives only in a diagram for this scenario,missing,no source-backed value was found for this scenario/variable in this document
bridgeport-rule-candidate-00356,bridgeport-scenario-0033,CX,Heavy Commercial,maximum_lot_coverage_pct, ft. min. Site Coverage 90% max.,90,pct,90,pct,,general_rule_candidate,,107,,,,, ft. min. Site Coverage 90% max.,,normal,n/a,"[""(?:Lot|Site|Building)\\s+Coverage[:\\s]{1,5}(\\d+(?:\\.\\d+)?)\\s*%""]",0.8625,0.65,confirmed,tight label-adjacent regex match in non-complex-layout scenario text,comparable_with_documented_transform,"Bridgeport calls this 'Site Coverage'; comparable to Greenwich lot coverage in spirit, but the measured-area definition has not been independently confirmed identical"
bridgeport-rule-candidate-00357,bridgeport-scenario-0033,CX,Heavy Commercial,maximum_height_stories,,,,,,,general_rule_candidate,,107,,,,,,,normal,n/a,"[""(\\d+(?:\\.\\d+)?)\\s*(?:to\\s*\\d+(?:\\.\\d+)?\\s*)?stor(?:y|ies)""]",0.8625,0.0,missing,no story-count language found in this scenario's scoped text,missing,no source-backed value was found for this scenario/variable in this document
bridgeport-rule-candidate-00358,bridgeport-scenario-0033,CX,Heavy Commercial,minimum_pervious_area_pct,,,,,,,general_rule_candidate,,107,,,,,,,normal,n/a,"[""Pervious[^.]{0,10}?[:\\s](\\d+(?:\\.\\d+)?)\\s*%""]",0.8625,0.0,missing,no tight label-adjacent match found; this standard likely lives only in a diagram for this scenario,missing,no source-backed value was found for this scenario/variable in this document
bridgeport-rule-candidate-00359,bridgeport-scenario-0033,CX,Heavy Commercial,minimum_open_space_pct,,,,,,,general_rule_candidate,,107,,,,,,,normal,n/a,"[""Open\\s+Space[:\\s]{1,5}(\\d+(?:\\.\\d+)?)\\s*%""]",0.8625,0.0,missing,no tight label-adjacent match found; this standard likely lives only in a diagram for this scenario,missing,no source-backed value was found for this scenario/variable in this document
bridgeport-rule-candidate-00360,bridgeport-scenario-0033,CX,Heavy Commercial,minimum_green_area_pct,,,,,,,general_rule_candidate,,107,,,,,,,normal,n/a,"[""Green\\s+Area[:\\s]{1,5}(\\d+(?:\\.\\d+)?)\\s*%""]",0.8625,0.0,missing,no tight label-adjacent match found; this standard likely lives only in a diagram for this scenario,missing,no source-backed value was found for this scenario/variable in this document
bridgeport-rule-candidate-00361,bridgeport-scenario-0033,CX,Heavy Commercial,build_to_minimum_ft,,,,,,,general_rule_candidate,,107,,,,,,,normal,n/a,"[""Build-?to[^.]{0,15}?Min[a-z]*[:\\s]{1,5}(\\d+(?:\\.\\d+)?)\\s*ft""]",0.8625,0.0,missing,no tight label-adjacent match found; this standard likely lives only in a diagram for this scenario,missing,no source-backed value was found for this scenario/variable in this document
bridgeport-rule-candidate-00362,bridgeport-scenario-0033,CX,Heavy Commercial,build_to_maximum_ft,,,,,,,general_rule_candidate,,107,,,,,,,normal,n/a,"[""Build-?to[^.]{0,15}?Max[a-z]*[:\\s]{1,5}(\\d+(?:\\.\\d+)?)\\s*ft""]",0.8625,0.0,missing,no tight label-adjacent match found; this standard likely lives only in a diagram for this scenario,missing,no source-backed value was found for this scenario/variable in this document
bridgeport-rule-candidate-00363,bridgeport-scenario-0033,CX,Heavy Commercial,frontage_requirement_ft,,,,,,,general_rule_candidate,,107,,,,,,,normal,n/a,"[""Frontage[:\\s]{1,5}(\\d+(?:\\.\\d+)?)\\s*ft""]",0.8625,0.0,missing,no tight label-adjacent match found; this standard likely lives only in a diagram for this scenario,missing,no source-backed value was found for this scenario/variable in this document
bridgeport-rule-candidate-00364,bridgeport-scenario-0034,CX,Heavy Commercial,minimum_lot_size_sqft,,,,,,,general_rule_candidate,,117,,,,,,,complex_layout_present,n/a,"[""(?:Lot\\s+Area|Minimum\\s+Lot\\s+Size)[:\\s]{1,5}([\\d,]+)\\s*(?:sq\\.?\\s*ft\\.?|square feet)""]",0.8625,0.0,review_required,source text touches a multi_column_or_complex page; reading order is not trusted for this scenario,needs_manual_harmonization,evidence exists but touches a complex-layout page or is otherwise unverified; comparability cannot be assessed until reviewed
bridgeport-rule-candidate-00365,bridgeport-scenario-0034,CX,Heavy Commercial,minimum_lot_width_ft,,,,,,,general_rule_candidate,,117,,,,,,,complex_layout_present,n/a,"[""Lot\\s+Width[:\\s]{1,5}(\\d+(?:\\.\\d+)?)\\s*ft""]",0.8625,0.0,review_required,source text touches a multi_column_or_complex page; reading order is not trusted for this scenario,needs_manual_harmonization,evidence exists but touches a complex-layout page or is otherwise unverified; comparability cannot be assessed until reviewed
bridgeport-rule-candidate-00366,bridgeport-scenario-0034,CX,Heavy Commercial,maximum_building_height_ft,,,,,,,general_rule_candidate,,117,,,,,,,complex_layout_present,n/a,"[""(?:Maximum\\s+Height|Building\\s+Height)[:\\s]{1,5}(\\d+(?:\\.\\d+)?)\\s*ft""]",0.8625,0.0,review_required,source text touches a multi_column_or_complex page; reading order is not trusted for this scenario,needs_manual_harmonization,evidence exists but touches a complex-layout page or is otherwise unverified; comparability cannot be assessed until reviewed
bridgeport-rule-candidate-00367,bridgeport-scenario-0034,CX,Heavy Commercial,maximum_lot_coverage_pct,,,,,,,general_rule_candidate,,117,,,,,,,complex_layout_present,n/a,"[""(?:Lot|Site|Building)\\s+Coverage[:\\s]{1,5}(\\d+(?:\\.\\d+)?)\\s*%""]",0.8625,0.0,review_required,source text touches a multi_column_or_complex page; reading order is not trusted for this scenario,needs_manual_harmonization,evidence exists but touches a complex-layout page or is otherwise unverified; comparability cannot be assessed until reviewed
bridgeport-rule-candidate-00368,bridgeport-scenario-0034,CX,Heavy Commercial,maximum_height_stories,,,,,,,general_rule_candidate,,117,,,,,,,complex_layout_present,n/a,"[""(\\d+(?:\\.\\d+)?)\\s*(?:to\\s*\\d+(?:\\.\\d+)?\\s*)?stor(?:y|ies)""]",0.8625,0.0,review_required,source text touches a multi_column_or_complex page; reading order is not trusted for this scenario,needs_manual_harmonization,evidence exists but touches a complex-layout page or is otherwise unverified; comparability cannot be assessed until reviewed
bridgeport-rule-candidate-00369,bridgeport-scenario-0034,CX,Heavy Commercial,minimum_pervious_area_pct,,,,,,,general_rule_candidate,,117,,,,,,,complex_layout_present,n/a,"[""Pervious[^.]{0,10}?[:\\s](\\d+(?:\\.\\d+)?)\\s*%""]",0.8625,0.0,review_required,source text touches a multi_column_or_complex page; reading order is not trusted for this scenario,needs_manual_harmonization,evidence exists but touches a complex-layout page or is otherwise unverified; comparability cannot be assessed until reviewed
bridgeport-rule-candidate-00370,bridgeport-scenario-0034,CX,Heavy Commercial,minimum_open_space_pct,,,,,,,general_rule_candidate,,117,,,,,,,complex_layout_present,n/a,"[""Open\\s+Space[:\\s]{1,5}(\\d+(?:\\.\\d+)?)\\s*%""]",0.8625,0.0,review_required,source text touches a multi_column_or_complex page; reading order is not trusted for this scenario,needs_manual_harmonization,evidence exists but touches a complex-layout page or is otherwise unverified; comparability cannot be assessed until reviewed
bridgeport-rule-candidate-00371,bridgeport-scenario-0034,CX,Heavy Commercial,minimum_green_area_pct,,,,,,,general_rule_candidate,,117,,,,,,,complex_layout_present,n/a,"[""Green\\s+Area[:\\s]{1,5}(\\d+(?:\\.\\d+)?)\\s*%""]",0.8625,0.0,review_required,source text touches a multi_column_or_complex page; reading order is not trusted for this scenario,needs_manual_harmonization,evidence exists but touches a complex-layout page or is otherwise unverified; comparability cannot be assessed until reviewed
bridgeport-rule-candidate-00372,bridgeport-scenario-0034,CX,Heavy Commercial,build_to_minimum_ft,,,,,,,general_rule_candidate,,117,,,,,,,complex_layout_present,n/a,"[""Build-?to[^.]{0,15}?Min[a-z]*[:\\s]{1,5}(\\d+(?:\\.\\d+)?)\\s*ft""]",0.8625,0.0,review_required,source text touches a multi_column_or_complex page; reading order is not trusted for this scenario,needs_manual_harmonization,evidence exists but touches a complex-layout page or is otherwise unverified; comparability cannot be assessed until reviewed
bridgeport-rule-candidate-00373,bridgeport-scenario-0034,CX,Heavy Commercial,build_to_maximum_ft,,,,,,,general_rule_candidate,,117,,,,,,,complex_layout_present,n/a,"[""Build-?to[^.]{0,15}?Max[a-z]*[:\\s]{1,5}(\\d+(?:\\.\\d+)?)\\s*ft""]",0.8625,0.0,review_required,source text touches a multi_column_or_complex page; reading order is not trusted for this scenario,needs_manual_harmonization,evidence exists but touches a complex-layout page or is otherwise unverified; comparability cannot be assessed until reviewed
bridgeport-rule-candidate-00374,bridgeport-scenario-0034,CX,Heavy Commercial,frontage_requirement_ft,,,,,,,general_rule_candidate,,117,,,,,,,complex_layout_present,n/a,"[""Frontage[:\\s]{1,5}(\\d+(?:\\.\\d+)?)\\s*ft""]",0.8625,0.0,review_required,source text touches a multi_column_or_complex page; reading order is not trusted for this scenario,needs_manual_harmonization,evidence exists but touches a complex-layout page or is otherwise unverified; comparability cannot be assessed until reviewed
bridgeport-rule-candidate-00375,bridgeport-scenario-0035,DX1,Downtown Core,minimum_lot_size_sqft,,,,,,,general_rule_candidate,,117,,,,,,,complex_layout_present,n/a,"[""(?:Lot\\s+Area|Minimum\\s+Lot\\s+Size)[:\\s]{1,5}([\\d,]+)\\s*(?:sq\\.?\\s*ft\\.?|square feet)""]",0.8625,0.0,review_required,source text touches a multi_column_or_complex page; reading order is not trusted for this scenario,needs_manual_harmonization,evidence exists but touches a complex-layout page or is otherwise unverified; comparability cannot be assessed until reviewed
bridgeport-rule-candidate-00376,bridgeport-scenario-0035,DX1,Downtown Core,minimum_lot_width_ft,,,,,,,general_rule_candidate,,117,,,,,,,complex_layout_present,n/a,"[""Lot\\s+Width[:\\s]{1,5}(\\d+(?:\\.\\d+)?)\\s*ft""]",0.8625,0.0,review_required,source text touches a multi_column_or_complex page; reading order is not trusted for this scenario,needs_manual_harmonization,evidence exists but touches a complex-layout page or is otherwise unverified; comparability cannot be assessed until reviewed
bridgeport-rule-candidate-00377,bridgeport-scenario-0035,DX1,Downtown Core,maximum_building_height_ft,,,,,,,general_rule_candidate,,117,,,,,,,complex_layout_present,n/a,"[""(?:Maximum\\s+Height|Building\\s+Height)[:\\s]{1,5}(\\d+(?:\\.\\d+)?)\\s*ft""]",0.8625,0.0,review_required,source text touches a multi_column_or_complex page; reading order is not trusted for this scenario,needs_manual_harmonization,evidence exists but touches a complex-layout page or is otherwise unverified; comparability cannot be assessed until reviewed
bridgeport-rule-candidate-00378,bridgeport-scenario-0035,DX1,Downtown Core,maximum_lot_coverage_pct,,,,,,,general_rule_candidate,,117,,,,,,,complex_layout_present,n/a,"[""(?:Lot|Site|Building)\\s+Coverage[:\\s]{1,5}(\\d+(?:\\.\\d+)?)\\s*%""]",0.8625,0.0,review_required,source text touches a multi_column_or_complex page; reading order is not trusted for this scenario,needs_manual_harmonization,evidence exists but touches a complex-layout page or is otherwise unverified; comparability cannot be assessed until reviewed
bridgeport-rule-candidate-00379,bridgeport-scenario-0035,DX1,Downtown Core,maximum_height_stories,,,,,,,general_rule_candidate,,117,,,,,,,complex_layout_present,n/a,"[""(\\d+(?:\\.\\d+)?)\\s*(?:to\\s*\\d+(?:\\.\\d+)?\\s*)?stor(?:y|ies)""]",0.8625,0.0,review_required,source text touches a multi_column_or_complex page; reading order is not trusted for this scenario,needs_manual_harmonization,evidence exists but touches a complex-layout page or is otherwise unverified; comparability cannot be assessed until reviewed
bridgeport-rule-candidate-00380,bridgeport-scenario-0035,DX1,Downtown Core,minimum_pervious_area_pct,,,,,,,general_rule_candidate,,117,,,,,,,complex_layout_present,n/a,"[""Pervious[^.]{0,10}?[:\\s](\\d+(?:\\.\\d+)?)\\s*%""]",0.8625,0.0,review_required,source text touches a multi_column_or_complex page; reading order is not trusted for this scenario,needs_manual_harmonization,evidence exists but touches a complex-layout page or is otherwise unverified; comparability cannot be assessed until reviewed
bridgeport-rule-candidate-00381,bridgeport-scenario-0035,DX1,Downtown Core,minimum_open_space_pct,,,,,,,general_rule_candidate,,117,,,,,,,complex_layout_present,n/a,"[""Open\\s+Space[:\\s]{1,5}(\\d+(?:\\.\\d+)?)\\s*%""]",0.8625,0.0,review_required,source text touches a multi_column_or_complex page; reading order is not trusted for this scenario,needs_manual_harmonization,evidence exists but touches a complex-layout page or is otherwise unverified; comparability cannot be assessed until reviewed
bridgeport-rule-candidate-00382,bridgeport-scenario-0035,DX1,Downtown Core,minimum_green_area_pct,,,,,,,general_rule_candidate,,117,,,,,,,complex_layout_present,n/a,"[""Green\\s+Area[:\\s]{1,5}(\\d+(?:\\.\\d+)?)\\s*%""]",0.8625,0.0,review_required,source text touches a multi_column_or_complex page; reading order is not trusted for this scenario,needs_manual_harmonization,evidence exists but touches a complex-layout page or is otherwise unverified; comparability cannot be assessed until reviewed
bridgeport-rule-candidate-00383,bridgeport-scenario-0035,DX1,Downtown Core,build_to_minimum_ft,,,,,,,general_rule_candidate,,117,,,,,,,complex_layout_present,n/a,"[""Build-?to[^.]{0,15}?Min[a-z]*[:\\s]{1,5}(\\d+(?:\\.\\d+)?)\\s*ft""]",0.8625,0.0,review_required,source text touches a multi_column_or_complex page; reading order is not trusted for this scenario,needs_manual_harmonization,evidence exists but touches a complex-layout page or is otherwise unverified; comparability cannot be assessed until reviewed
bridgeport-rule-candidate-00384,bridgeport-scenario-0035,DX1,Downtown Core,build_to_maximum_ft,,,,,,,general_rule_candidate,,117,,,,,,,complex_layout_present,n/a,"[""Build-?to[^.]{0,15}?Max[a-z]*[:\\s]{1,5}(\\d+(?:\\.\\d+)?)\\s*ft""]",0.8625,0.0,review_required,source text touches a multi_column_or_complex page; reading order is not trusted for this scenario,needs_manual_harmonization,evidence exists but touches a complex-layout page or is otherwise unverified; comparability cannot be assessed until reviewed
bridgeport-rule-candidate-00385,bridgeport-scenario-0035,DX1,Downtown Core,frontage_requirement_ft,,,,,,,general_rule_candidate,,117,,,,,,,complex_layout_present,n/a,"[""Frontage[:\\s]{1,5}(\\d+(?:\\.\\d+)?)\\s*ft""]",0.8625,0.0,review_required,source text touches a multi_column_or_complex page; reading order is not trusted for this scenario,needs_manual_harmonization,evidence exists but touches a complex-layout page or is otherwise unverified; comparability cannot be assessed until reviewed
bridgeport-rule-candidate-00386,bridgeport-scenario-0036,DX2,Downtown Support,minimum_lot_size_sqft,,,,,,,general_rule_candidate,,117,,,,,,,complex_layout_present,n/a,"[""(?:Lot\\s+Area|Minimum\\s+Lot\\s+Size)[:\\s]{1,5}([\\d,]+)\\s*(?:sq\\.?\\s*ft\\.?|square feet)""]",0.8625,0.0,review_required,source text touches a multi_column_or_complex page; reading order is not trusted for this scenario,needs_manual_harmonization,evidence exists but touches a complex-layout page or is otherwise unverified; comparability cannot be assessed until reviewed
bridgeport-rule-candidate-00387,bridgeport-scenario-0036,DX2,Downtown Support,minimum_lot_width_ft,,,,,,,general_rule_candidate,,117,,,,,,,complex_layout_present,n/a,"[""Lot\\s+Width[:\\s]{1,5}(\\d+(?:\\.\\d+)?)\\s*ft""]",0.8625,0.0,review_required,source text touches a multi_column_or_complex page; reading order is not trusted for this scenario,needs_manual_harmonization,evidence exists but touches a complex-layout page or is otherwise unverified; comparability cannot be assessed until reviewed
bridgeport-rule-candidate-00388,bridgeport-scenario-0036,DX2,Downtown Support,maximum_building_height_ft,,,,,,,general_rule_candidate,,117,,,,,,,complex_layout_present,n/a,"[""(?:Maximum\\s+Height|Building\\s+Height)[:\\s]{1,5}(\\d+(?:\\.\\d+)?)\\s*ft""]",0.8625,0.0,review_required,source text touches a multi_column_or_complex page; reading order is not trusted for this scenario,needs_manual_harmonization,evidence exists but touches a complex-layout page or is otherwise unverified; comparability cannot be assessed until reviewed
bridgeport-rule-candidate-00389,bridgeport-scenario-0036,DX2,Downtown Support,maximum_lot_coverage_pct,,,,,,,general_rule_candidate,,117,,,,,,,complex_layout_present,n/a,"[""(?:Lot|Site|Building)\\s+Coverage[:\\s]{1,5}(\\d+(?:\\.\\d+)?)\\s*%""]",0.8625,0.0,review_required,source text touches a multi_column_or_complex page; reading order is not trusted for this scenario,needs_manual_harmonization,evidence exists but touches a complex-layout page or is otherwise unverified; comparability cannot be assessed until reviewed
bridgeport-rule-candidate-00390,bridgeport-scenario-0036,DX2,Downtown Support,maximum_height_stories,,,,,,,general_rule_candidate,,117,,,,,,,complex_layout_present,n/a,"[""(\\d+(?:\\.\\d+)?)\\s*(?:to\\s*\\d+(?:\\.\\d+)?\\s*)?stor(?:y|ies)""]",0.8625,0.0,review_required,source text touches a multi_column_or_complex page; reading order is not trusted for this scenario,needs_manual_harmonization,evidence exists but touches a complex-layout page or is otherwise unverified; comparability cannot be assessed until reviewed
bridgeport-rule-candidate-00391,bridgeport-scenario-0036,DX2,Downtown Support,minimum_pervious_area_pct,,,,,,,general_rule_candidate,,117,,,,,,,complex_layout_present,n/a,"[""Pervious[^.]{0,10}?[:\\s](\\d+(?:\\.\\d+)?)\\s*%""]",0.8625,0.0,review_required,source text touches a multi_column_or_complex page; reading order is not trusted for this scenario,needs_manual_harmonization,evidence exists but touches a complex-layout page or is otherwise unverified; comparability cannot be assessed until reviewed
bridgeport-rule-candidate-00392,bridgeport-scenario-0036,DX2,Downtown Support,minimum_open_space_pct,,,,,,,general_rule_candidate,,117,,,,,,,complex_layout_present,n/a,"[""Open\\s+Space[:\\s]{1,5}(\\d+(?:\\.\\d+)?)\\s*%""]",0.8625,0.0,review_required,source text touches a multi_column_or_complex page; reading order is not trusted for this scenario,needs_manual_harmonization,evidence exists but touches a complex-layout page or is otherwise unverified; comparability cannot be assessed until reviewed
bridgeport-rule-candidate-00393,bridgeport-scenario-0036,DX2,Downtown Support,minimum_green_area_pct,,,,,,,general_rule_candidate,,117,,,,,,,complex_layout_present,n/a,"[""Green\\s+Area[:\\s]{1,5}(\\d+(?:\\.\\d+)?)\\s*%""]",0.8625,0.0,review_required,source text touches a multi_column_or_complex page; reading order is not trusted for this scenario,needs_manual_harmonization,evidence exists but touches a complex-layout page or is otherwise unverified; comparability cannot be assessed until reviewed
bridgeport-rule-candidate-00394,bridgeport-scenario-0036,DX2,Downtown Support,build_to_minimum_ft,,,,,,,general_rule_candidate,,117,,,,,,,complex_layout_present,n/a,"[""Build-?to[^.]{0,15}?Min[a-z]*[:\\s]{1,5}(\\d+(?:\\.\\d+)?)\\s*ft""]",0.8625,0.0,review_required,source text touches a multi_column_or_complex page; reading order is not trusted for this scenario,needs_manual_harmonization,evidence exists but touches a complex-layout page or is otherwise unverified; comparability cannot be assessed until reviewed
bridgeport-rule-candidate-00395,bridgeport-scenario-0036,DX2,Downtown Support,build_to_maximum_ft,,,,,,,general_rule_candidate,,117,,,,,,,complex_layout_present,n/a,"[""Build-?to[^.]{0,15}?Max[a-z]*[:\\s]{1,5}(\\d+(?:\\.\\d+)?)\\s*ft""]",0.8625,0.0,review_required,source text touches a multi_column_or_complex page; reading order is not trusted for this scenario,needs_manual_harmonization,evidence exists but touches a complex-layout page or is otherwise unverified; comparability cannot be assessed until reviewed
bridgeport-rule-candidate-00396,bridgeport-scenario-0036,DX2,Downtown Support,frontage_requirement_ft,,,,,,,general_rule_candidate,,117,,,,,,,complex_layout_present,n/a,"[""Frontage[:\\s]{1,5}(\\d+(?:\\.\\d+)?)\\s*ft""]",0.8625,0.0,review_required,source text touches a multi_column_or_complex page; reading order is not trusted for this scenario,needs_manual_harmonization,evidence exists but touches a complex-layout page or is otherwise unverified; comparability cannot be assessed until reviewed
bridgeport-rule-candidate-00397,bridgeport-scenario-0037,MX1,Mixed-Use Corridor,minimum_lot_size_sqft,,,,,,,general_rule_candidate,,117,,,,,,,complex_layout_present,n/a,"[""(?:Lot\\s+Area|Minimum\\s+Lot\\s+Size)[:\\s]{1,5}([\\d,]+)\\s*(?:sq\\.?\\s*ft\\.?|square feet)""]",0.8625,0.0,review_required,source text touches a multi_column_or_complex page; reading order is not trusted for this scenario,needs_manual_harmonization,evidence exists but touches a complex-layout page or is otherwise unverified; comparability cannot be assessed until reviewed
bridgeport-rule-candidate-00398,bridgeport-scenario-0037,MX1,Mixed-Use Corridor,minimum_lot_width_ft,,,,,,,general_rule_candidate,,117,,,,,,,complex_layout_present,n/a,"[""Lot\\s+Width[:\\s]{1,5}(\\d+(?:\\.\\d+)?)\\s*ft""]",0.8625,0.0,review_required,source text touches a multi_column_or_complex page; reading order is not trusted for this scenario,needs_manual_harmonization,evidence exists but touches a complex-layout page or is otherwise unverified; comparability cannot be assessed until reviewed
bridgeport-rule-candidate-00399,bridgeport-scenario-0037,MX1,Mixed-Use Corridor,maximum_building_height_ft,,,,,,,general_rule_candidate,,117,,,,,,,complex_layout_present,n/a,"[""(?:Maximum\\s+Height|Building\\s+Height)[:\\s]{1,5}(\\d+(?:\\.\\d+)?)\\s*ft""]",0.8625,0.0,review_required,source text touches a multi_column_or_complex page; reading order is not trusted for this scenario,needs_manual_harmonization,evidence exists but touches a complex-layout page or is otherwise unverified; comparability cannot be assessed until reviewed
bridgeport-rule-candidate-00400,bridgeport-scenario-0037,MX1,Mixed-Use Corridor,maximum_lot_coverage_pct,,,,,,,general_rule_candidate,,117,,,,,,,complex_layout_present,n/a,"[""(?:Lot|Site|Building)\\s+Coverage[:\\s]{1,5}(\\d+(?:\\.\\d+)?)\\s*%""]",0.8625,0.0,review_required,source text touches a multi_column_or_complex page; reading order is not trusted for this scenario,needs_manual_harmonization,evidence exists but touches a complex-layout page or is otherwise unverified; comparability cannot be assessed until reviewed
bridgeport-rule-candidate-00401,bridgeport-scenario-0037,MX1,Mixed-Use Corridor,maximum_height_stories,,,,,,,general_rule_candidate,,117,,,,,,,complex_layout_present,n/a,"[""(\\d+(?:\\.\\d+)?)\\s*(?:to\\s*\\d+(?:\\.\\d+)?\\s*)?stor(?:y|ies)""]",0.8625,0.0,review_required,source text touches a multi_column_or_complex page; reading order is not trusted for this scenario,needs_manual_harmonization,evidence exists but touches a complex-layout page or is otherwise unverified; comparability cannot be assessed until reviewed
bridgeport-rule-candidate-00402,bridgeport-scenario-0037,MX1,Mixed-Use Corridor,minimum_pervious_area_pct,,,,,,,general_rule_candidate,,117,,,,,,,complex_layout_present,n/a,"[""Pervious[^.]{0,10}?[:\\s](\\d+(?:\\.\\d+)?)\\s*%""]",0.8625,0.0,review_required,source text touches a multi_column_or_complex page; reading order is not trusted for this scenario,needs_manual_harmonization,evidence exists but touches a complex-layout page or is otherwise unverified; comparability cannot be assessed until reviewed
bridgeport-rule-candidate-00403,bridgeport-scenario-0037,MX1,Mixed-Use Corridor,minimum_open_space_pct,,,,,,,general_rule_candidate,,117,,,,,,,complex_layout_present,n/a,"[""Open\\s+Space[:\\s]{1,5}(\\d+(?:\\.\\d+)?)\\s*%""]",0.8625,0.0,review_required,source text touches a multi_column_or_complex page; reading order is not trusted for this scenario,needs_manual_harmonization,evidence exists but touches a complex-layout page or is otherwise unverified; comparability cannot be assessed until reviewed
bridgeport-rule-candidate-00404,bridgeport-scenario-0037,MX1,Mixed-Use Corridor,minimum_green_area_pct,,,,,,,general_rule_candidate,,117,,,,,,,complex_layout_present,n/a,"[""Green\\s+Area[:\\s]{1,5}(\\d+(?:\\.\\d+)?)\\s*%""]",0.8625,0.0,review_required,source text touches a multi_column_or_complex page; reading order is not trusted for this scenario,needs_manual_harmonization,evidence exists but touches a complex-layout page or is otherwise unverified; comparability cannot be assessed until reviewed
bridgeport-rule-candidate-00405,bridgeport-scenario-0037,MX1,Mixed-Use Corridor,build_to_minimum_ft,,,,,,,general_rule_candidate,,117,,,,,,,complex_layout_present,n/a,"[""Build-?to[^.]{0,15}?Min[a-z]*[:\\s]{1,5}(\\d+(?:\\.\\d+)?)\\s*ft""]",0.8625,0.0,review_required,source text touches a multi_column_or_complex page; reading order is not trusted for this scenario,needs_manual_harmonization,evidence exists but touches a complex-layout page or is otherwise unverified; comparability cannot be assessed until reviewed
bridgeport-rule-candidate-00406,bridgeport-scenario-0037,MX1,Mixed-Use Corridor,build_to_maximum_ft,,,,,,,general_rule_candidate,,117,,,,,,,complex_layout_present,n/a,"[""Build-?to[^.]{0,15}?Max[a-z]*[:\\s]{1,5}(\\d+(?:\\.\\d+)?)\\s*ft""]",0.8625,0.0,review_required,source text touches a multi_column_or_complex page; reading order is not trusted for this scenario,needs_manual_harmonization,evidence exists but touches a complex-layout page or is otherwise unverified; comparability cannot be assessed until reviewed
bridgeport-rule-candidate-00407,bridgeport-scenario-0037,MX1,Mixed-Use Corridor,frontage_requirement_ft,,,,,,,general_rule_candidate,,117,,,,,,,complex_layout_present,n/a,"[""Frontage[:\\s]{1,5}(\\d+(?:\\.\\d+)?)\\s*ft""]",0.8625,0.0,review_required,source text touches a multi_column_or_complex page; reading order is not trusted for this scenario,needs_manual_harmonization,evidence exists but touches a complex-layout page or is otherwise unverified; comparability cannot be assessed until reviewed
bridgeport-rule-candidate-00408,bridgeport-scenario-0038,MX2,Mixed-Use Centers,minimum_lot_size_sqft,,,,,,,general_rule_candidate,,117,,,,,,,complex_layout_present,n/a,"[""(?:Lot\\s+Area|Minimum\\s+Lot\\s+Size)[:\\s]{1,5}([\\d,]+)\\s*(?:sq\\.?\\s*ft\\.?|square feet)""]",0.8625,0.0,review_required,source text touches a multi_column_or_complex page; reading order is not trusted for this scenario,needs_manual_harmonization,evidence exists but touches a complex-layout page or is otherwise unverified; comparability cannot be assessed until reviewed
bridgeport-rule-candidate-00409,bridgeport-scenario-0038,MX2,Mixed-Use Centers,minimum_lot_width_ft,,,,,,,general_rule_candidate,,117,,,,,,,complex_layout_present,n/a,"[""Lot\\s+Width[:\\s]{1,5}(\\d+(?:\\.\\d+)?)\\s*ft""]",0.8625,0.0,review_required,source text touches a multi_column_or_complex page; reading order is not trusted for this scenario,needs_manual_harmonization,evidence exists but touches a complex-layout page or is otherwise unverified; comparability cannot be assessed until reviewed
bridgeport-rule-candidate-00410,bridgeport-scenario-0038,MX2,Mixed-Use Centers,maximum_building_height_ft,,,,,,,general_rule_candidate,,117,,,,,,,complex_layout_present,n/a,"[""(?:Maximum\\s+Height|Building\\s+Height)[:\\s]{1,5}(\\d+(?:\\.\\d+)?)\\s*ft""]",0.8625,0.0,review_required,source text touches a multi_column_or_complex page; reading order is not trusted for this scenario,needs_manual_harmonization,evidence exists but touches a complex-layout page or is otherwise unverified; comparability cannot be assessed until reviewed
bridgeport-rule-candidate-00411,bridgeport-scenario-0038,MX2,Mixed-Use Centers,maximum_lot_coverage_pct,,,,,,,general_rule_candidate,,117,,,,,,,complex_layout_present,n/a,"[""(?:Lot|Site|Building)\\s+Coverage[:\\s]{1,5}(\\d+(?:\\.\\d+)?)\\s*%""]",0.8625,0.0,review_required,source text touches a multi_column_or_complex page; reading order is not trusted for this scenario,needs_manual_harmonization,evidence exists but touches a complex-layout page or is otherwise unverified; comparability cannot be assessed until reviewed
bridgeport-rule-candidate-00412,bridgeport-scenario-0038,MX2,Mixed-Use Centers,maximum_height_stories,,,,,,,general_rule_candidate,,117,,,,,,,complex_layout_present,n/a,"[""(\\d+(?:\\.\\d+)?)\\s*(?:to\\s*\\d+(?:\\.\\d+)?\\s*)?stor(?:y|ies)""]",0.8625,0.0,review_required,source text touches a multi_column_or_complex page; reading order is not trusted for this scenario,needs_manual_harmonization,evidence exists but touches a complex-layout page or is otherwise unverified; comparability cannot be assessed until reviewed
bridgeport-rule-candidate-00413,bridgeport-scenario-0038,MX2,Mixed-Use Centers,minimum_pervious_area_pct,,,,,,,general_rule_candidate,,117,,,,,,,complex_layout_present,n/a,"[""Pervious[^.]{0,10}?[:\\s](\\d+(?:\\.\\d+)?)\\s*%""]",0.8625,0.0,review_required,source text touches a multi_column_or_complex page; reading order is not trusted for this scenario,needs_manual_harmonization,evidence exists but touches a complex-layout page or is otherwise unverified; comparability cannot be assessed until reviewed
bridgeport-rule-candidate-00414,bridgeport-scenario-0038,MX2,Mixed-Use Centers,minimum_open_space_pct,,,,,,,general_rule_candidate,,117,,,,,,,complex_layout_present,n/a,"[""Open\\s+Space[:\\s]{1,5}(\\d+(?:\\.\\d+)?)\\s*%""]",0.8625,0.0,review_required,source text touches a multi_column_or_complex page; reading order is not trusted for this scenario,needs_manual_harmonization,evidence exists but touches a complex-layout page or is otherwise unverified; comparability cannot be assessed until reviewed
bridgeport-rule-candidate-00415,bridgeport-scenario-0038,MX2,Mixed-Use Centers,minimum_green_area_pct,,,,,,,general_rule_candidate,,117,,,,,,,complex_layout_present,n/a,"[""Green\\s+Area[:\\s]{1,5}(\\d+(?:\\.\\d+)?)\\s*%""]",0.8625,0.0,review_required,source text touches a multi_column_or_complex page; reading order is not trusted for this scenario,needs_manual_harmonization,evidence exists but touches a complex-layout page or is otherwise unverified; comparability cannot be assessed until reviewed
bridgeport-rule-candidate-00416,bridgeport-scenario-0038,MX2,Mixed-Use Centers,build_to_minimum_ft,,,,,,,general_rule_candidate,,117,,,,,,,complex_layout_present,n/a,"[""Build-?to[^.]{0,15}?Min[a-z]*[:\\s]{1,5}(\\d+(?:\\.\\d+)?)\\s*ft""]",0.8625,0.0,review_required,source text touches a multi_column_or_complex page; reading order is not trusted for this scenario,needs_manual_harmonization,evidence exists but touches a complex-layout page or is otherwise unverified; comparability cannot be assessed until reviewed
bridgeport-rule-candidate-00417,bridgeport-scenario-0038,MX2,Mixed-Use Centers,build_to_maximum_ft,,,,,,,general_rule_candidate,,117,,,,,,,complex_layout_present,n/a,"[""Build-?to[^.]{0,15}?Max[a-z]*[:\\s]{1,5}(\\d+(?:\\.\\d+)?)\\s*ft""]",0.8625,0.0,review_required,source text touches a multi_column_or_complex page; reading order is not trusted for this scenario,needs_manual_harmonization,evidence exists but touches a complex-layout page or is otherwise unverified; comparability cannot be assessed until reviewed
bridgeport-rule-candidate-00418,bridgeport-scenario-0038,MX2,Mixed-Use Centers,frontage_requirement_ft,,,,,,,general_rule_candidate,,117,,,,,,,complex_layout_present,n/a,"[""Frontage[:\\s]{1,5}(\\d+(?:\\.\\d+)?)\\s*ft""]",0.8625,0.0,review_required,source text touches a multi_column_or_complex page; reading order is not trusted for this scenario,needs_manual_harmonization,evidence exists but touches a complex-layout page or is otherwise unverified; comparability cannot be assessed until reviewed
bridgeport-rule-candidate-00419,bridgeport-scenario-0039,NX3,Mixed Residential,minimum_lot_size_sqft,,,,,,,general_rule_candidate,,117,,,,,,,complex_layout_present,n/a,"[""(?:Lot\\s+Area|Minimum\\s+Lot\\s+Size)[:\\s]{1,5}([\\d,]+)\\s*(?:sq\\.?\\s*ft\\.?|square feet)""]",0.8625,0.0,review_required,source text touches a multi_column_or_complex page; reading order is not trusted for this scenario,needs_manual_harmonization,evidence exists but touches a complex-layout page or is otherwise unverified; comparability cannot be assessed until reviewed
bridgeport-rule-candidate-00420,bridgeport-scenario-0039,NX3,Mixed Residential,minimum_lot_width_ft,,,,,,,general_rule_candidate,,117,,,,,,,complex_layout_present,n/a,"[""Lot\\s+Width[:\\s]{1,5}(\\d+(?:\\.\\d+)?)\\s*ft""]",0.8625,0.0,review_required,source text touches a multi_column_or_complex page; reading order is not trusted for this scenario,needs_manual_harmonization,evidence exists but touches a complex-layout page or is otherwise unverified; comparability cannot be assessed until reviewed
bridgeport-rule-candidate-00421,bridgeport-scenario-0039,NX3,Mixed Residential,maximum_building_height_ft,,,,,,,general_rule_candidate,,117,,,,,,,complex_layout_present,n/a,"[""(?:Maximum\\s+Height|Building\\s+Height)[:\\s]{1,5}(\\d+(?:\\.\\d+)?)\\s*ft""]",0.8625,0.0,review_required,source text touches a multi_column_or_complex page; reading order is not trusted for this scenario,needs_manual_harmonization,evidence exists but touches a complex-layout page or is otherwise unverified; comparability cannot be assessed until reviewed
bridgeport-rule-candidate-00422,bridgeport-scenario-0039,NX3,Mixed Residential,maximum_lot_coverage_pct,,,,,,,general_rule_candidate,,117,,,,,,,complex_layout_present,n/a,"[""(?:Lot|Site|Building)\\s+Coverage[:\\s]{1,5}(\\d+(?:\\.\\d+)?)\\s*%""]",0.8625,0.0,review_required,source text touches a multi_column_or_complex page; reading order is not trusted for this scenario,needs_manual_harmonization,evidence exists but touches a complex-layout page or is otherwise unverified; comparability cannot be assessed until reviewed
bridgeport-rule-candidate-00423,bridgeport-scenario-0039,NX3,Mixed Residential,maximum_height_stories,,,,,,,general_rule_candidate,,117,,,,,,,complex_layout_present,n/a,"[""(\\d+(?:\\.\\d+)?)\\s*(?:to\\s*\\d+(?:\\.\\d+)?\\s*)?stor(?:y|ies)""]",0.8625,0.0,review_required,source text touches a multi_column_or_complex page; reading order is not trusted for this scenario,needs_manual_harmonization,evidence exists but touches a complex-layout page or is otherwise unverified; comparability cannot be assessed until reviewed
bridgeport-rule-candidate-00424,bridgeport-scenario-0039,NX3,Mixed Residential,minimum_pervious_area_pct,,,,,,,general_rule_candidate,,117,,,,,,,complex_layout_present,n/a,"[""Pervious[^.]{0,10}?[:\\s](\\d+(?:\\.\\d+)?)\\s*%""]",0.8625,0.0,review_required,source text touches a multi_column_or_complex page; reading order is not trusted for this scenario,needs_manual_harmonization,evidence exists but touches a complex-layout page or is otherwise unverified; comparability cannot be assessed until reviewed
bridgeport-rule-candidate-00425,bridgeport-scenario-0039,NX3,Mixed Residential,minimum_open_space_pct,,,,,,,general_rule_candidate,,117,,,,,,,complex_layout_present,n/a,"[""Open\\s+Space[:\\s]{1,5}(\\d+(?:\\.\\d+)?)\\s*%""]",0.8625,0.0,review_required,source text touches a multi_column_or_complex page; reading order is not trusted for this scenario,needs_manual_harmonization,evidence exists but touches a complex-layout page or is otherwise unverified; comparability cannot be assessed until reviewed
bridgeport-rule-candidate-00426,bridgeport-scenario-0039,NX3,Mixed Residential,minimum_green_area_pct,,,,,,,general_rule_candidate,,117,,,,,,,complex_layout_present,n/a,"[""Green\\s+Area[:\\s]{1,5}(\\d+(?:\\.\\d+)?)\\s*%""]",0.8625,0.0,review_required,source text touches a multi_column_or_complex page; reading order is not trusted for this scenario,needs_manual_harmonization,evidence exists but touches a complex-layout page or is otherwise unverified; comparability cannot be assessed until reviewed
bridgeport-rule-candidate-00427,bridgeport-scenario-0039,NX3,Mixed Residential,build_to_minimum_ft,,,,,,,general_rule_candidate,,117,,,,,,,complex_layout_present,n/a,"[""Build-?to[^.]{0,15}?Min[a-z]*[:\\s]{1,5}(\\d+(?:\\.\\d+)?)\\s*ft""]",0.8625,0.0,review_required,source text touches a multi_column_or_complex page; reading order is not trusted for this scenario,needs_manual_harmonization,evidence exists but touches a complex-layout page or is otherwise unverified; comparability cannot be assessed until reviewed
bridgeport-rule-candidate-00428,bridgeport-scenario-0039,NX3,Mixed Residential,build_to_maximum_ft,,,,,,,general_rule_candidate,,117,,,,,,,complex_layout_present,n/a,"[""Build-?to[^.]{0,15}?Max[a-z]*[:\\s]{1,5}(\\d+(?:\\.\\d+)?)\\s*ft""]",0.8625,0.0,review_required,source text touches a multi_column_or_complex page; reading order is not trusted for this scenario,needs_manual_harmonization,evidence exists but touches a complex-layout page or is otherwise unverified; comparability cannot be assessed until reviewed
bridgeport-rule-candidate-00429,bridgeport-scenario-0039,NX3,Mixed Residential,frontage_requirement_ft,,,,,,,general_rule_candidate,,117,,,,,,,complex_layout_present,n/a,"[""Frontage[:\\s]{1,5}(\\d+(?:\\.\\d+)?)\\s*ft""]",0.8625,0.0,review_required,source text touches a multi_column_or_complex page; reading order is not trusted for this scenario,needs_manual_harmonization,evidence exists but touches a complex-layout page or is otherwise unverified; comparability cannot be assessed until reviewed
bridgeport-rule-candidate-00430,bridgeport-scenario-0040,NX4,Mixed Residential,minimum_lot_size_sqft,,,,,,,general_rule_candidate,,117,,,,,,,complex_layout_present,n/a,"[""(?:Lot\\s+Area|Minimum\\s+Lot\\s+Size)[:\\s]{1,5}([\\d,]+)\\s*(?:sq\\.?\\s*ft\\.?|square feet)""]",0.8625,0.0,review_required,source text touches a multi_column_or_complex page; reading order is not trusted for this scenario,needs_manual_harmonization,evidence exists but touches a complex-layout page or is otherwise unverified; comparability cannot be assessed until reviewed
bridgeport-rule-candidate-00431,bridgeport-scenario-0040,NX4,Mixed Residential,minimum_lot_width_ft,,,,,,,general_rule_candidate,,117,,,,,,,complex_layout_present,n/a,"[""Lot\\s+Width[:\\s]{1,5}(\\d+(?:\\.\\d+)?)\\s*ft""]",0.8625,0.0,review_required,source text touches a multi_column_or_complex page; reading order is not trusted for this scenario,needs_manual_harmonization,evidence exists but touches a complex-layout page or is otherwise unverified; comparability cannot be assessed until reviewed
bridgeport-rule-candidate-00432,bridgeport-scenario-0040,NX4,Mixed Residential,maximum_building_height_ft,,,,,,,general_rule_candidate,,117,,,,,,,complex_layout_present,n/a,"[""(?:Maximum\\s+Height|Building\\s+Height)[:\\s]{1,5}(\\d+(?:\\.\\d+)?)\\s*ft""]",0.8625,0.0,review_required,source text touches a multi_column_or_complex page; reading order is not trusted for this scenario,needs_manual_harmonization,evidence exists but touches a complex-layout page or is otherwise unverified; comparability cannot be assessed until reviewed
bridgeport-rule-candidate-00433,bridgeport-scenario-0040,NX4,Mixed Residential,maximum_lot_coverage_pct,,,,,,,general_rule_candidate,,117,,,,,,,complex_layout_present,n/a,"[""(?:Lot|Site|Building)\\s+Coverage[:\\s]{1,5}(\\d+(?:\\.\\d+)?)\\s*%""]",0.8625,0.0,review_required,source text touches a multi_column_or_complex page; reading order is not trusted for this scenario,needs_manual_harmonization,evidence exists but touches a complex-layout page or is otherwise unverified; comparability cannot be assessed until reviewed
bridgeport-rule-candidate-00434,bridgeport-scenario-0040,NX4,Mixed Residential,maximum_height_stories,,,,,,,general_rule_candidate,,117,,,,,,,complex_layout_present,n/a,"[""(\\d+(?:\\.\\d+)?)\\s*(?:to\\s*\\d+(?:\\.\\d+)?\\s*)?stor(?:y|ies)""]",0.8625,0.0,review_required,source text touches a multi_column_or_complex page; reading order is not trusted for this scenario,needs_manual_harmonization,evidence exists but touches a complex-layout page or is otherwise unverified; comparability cannot be assessed until reviewed
bridgeport-rule-candidate-00435,bridgeport-scenario-0040,NX4,Mixed Residential,minimum_pervious_area_pct,,,,,,,general_rule_candidate,,117,,,,,,,complex_layout_present,n/a,"[""Pervious[^.]{0,10}?[:\\s](\\d+(?:\\.\\d+)?)\\s*%""]",0.8625,0.0,review_required,source text touches a multi_column_or_complex page; reading order is not trusted for this scenario,needs_manual_harmonization,evidence exists but touches a complex-layout page or is otherwise unverified; comparability cannot be assessed until reviewed
bridgeport-rule-candidate-00436,bridgeport-scenario-0040,NX4,Mixed Residential,minimum_open_space_pct,,,,,,,general_rule_candidate,,117,,,,,,,complex_layout_present,n/a,"[""Open\\s+Space[:\\s]{1,5}(\\d+(?:\\.\\d+)?)\\s*%""]",0.8625,0.0,review_required,source text touches a multi_column_or_complex page; reading order is not trusted for this scenario,needs_manual_harmonization,evidence exists but touches a complex-layout page or is otherwise unverified; comparability cannot be assessed until reviewed
bridgeport-rule-candidate-00437,bridgeport-scenario-0040,NX4,Mixed Residential,minimum_green_area_pct,,,,,,,general_rule_candidate,,117,,,,,,,complex_layout_present,n/a,"[""Green\\s+Area[:\\s]{1,5}(\\d+(?:\\.\\d+)?)\\s*%""]",0.8625,0.0,review_required,source text touches a multi_column_or_complex page; reading order is not trusted for this scenario,needs_manual_harmonization,evidence exists but touches a complex-layout page or is otherwise unverified; comparability cannot be assessed until reviewed
bridgeport-rule-candidate-00438,bridgeport-scenario-0040,NX4,Mixed Residential,build_to_minimum_ft,,,,,,,general_rule_candidate,,117,,,,,,,complex_layout_present,n/a,"[""Build-?to[^.]{0,15}?Min[a-z]*[:\\s]{1,5}(\\d+(?:\\.\\d+)?)\\s*ft""]",0.8625,0.0,review_required,source text touches a multi_column_or_complex page; reading order is not trusted for this scenario,needs_manual_harmonization,evidence exists but touches a complex-layout page or is otherwise unverified; comparability cannot be assessed until reviewed
bridgeport-rule-candidate-00439,bridgeport-scenario-0040,NX4,Mixed Residential,build_to_maximum_ft,,,,,,,general_rule_candidate,,117,,,,,,,complex_layout_present,n/a,"[""Build-?to[^.]{0,15}?Max[a-z]*[:\\s]{1,5}(\\d+(?:\\.\\d+)?)\\s*ft""]",0.8625,0.0,review_required,source text touches a multi_column_or_complex page; reading order is not trusted for this scenario,needs_manual_harmonization,evidence exists but touches a complex-layout page or is otherwise unverified; comparability cannot be assessed until reviewed
bridgeport-rule-candidate-00440,bridgeport-scenario-0040,NX4,Mixed Residential,frontage_requirement_ft,,,,,,,general_rule_candidate,,117,,,,,,,complex_layout_present,n/a,"[""Frontage[:\\s]{1,5}(\\d+(?:\\.\\d+)?)\\s*ft""]",0.8625,0.0,review_required,source text touches a multi_column_or_complex page; reading order is not trusted for this scenario,needs_manual_harmonization,evidence exists but touches a complex-layout page or is otherwise unverified; comparability cannot be assessed until reviewed
bridgeport-rule-candidate-00441,bridgeport-scenario-0041,RX2,Residential-Office Centers,minimum_lot_size_sqft,,,,,,,general_rule_candidate,,117,,,,,,,complex_layout_present,n/a,"[""(?:Lot\\s+Area|Minimum\\s+Lot\\s+Size)[:\\s]{1,5}([\\d,]+)\\s*(?:sq\\.?\\s*ft\\.?|square feet)""]",0.8625,0.0,review_required,source text touches a multi_column_or_complex page; reading order is not trusted for this scenario,needs_manual_harmonization,evidence exists but touches a complex-layout page or is otherwise unverified; comparability cannot be assessed until reviewed
bridgeport-rule-candidate-00442,bridgeport-scenario-0041,RX2,Residential-Office Centers,minimum_lot_width_ft,,,,,,,general_rule_candidate,,117,,,,,,,complex_layout_present,n/a,"[""Lot\\s+Width[:\\s]{1,5}(\\d+(?:\\.\\d+)?)\\s*ft""]",0.8625,0.0,review_required,source text touches a multi_column_or_complex page; reading order is not trusted for this scenario,needs_manual_harmonization,evidence exists but touches a complex-layout page or is otherwise unverified; comparability cannot be assessed until reviewed
bridgeport-rule-candidate-00443,bridgeport-scenario-0041,RX2,Residential-Office Centers,maximum_building_height_ft,,,,,,,general_rule_candidate,,117,,,,,,,complex_layout_present,n/a,"[""(?:Maximum\\s+Height|Building\\s+Height)[:\\s]{1,5}(\\d+(?:\\.\\d+)?)\\s*ft""]",0.8625,0.0,review_required,source text touches a multi_column_or_complex page; reading order is not trusted for this scenario,needs_manual_harmonization,evidence exists but touches a complex-layout page or is otherwise unverified; comparability cannot be assessed until reviewed
bridgeport-rule-candidate-00444,bridgeport-scenario-0041,RX2,Residential-Office Centers,maximum_lot_coverage_pct,,,,,,,general_rule_candidate,,117,,,,,,,complex_layout_present,n/a,"[""(?:Lot|Site|Building)\\s+Coverage[:\\s]{1,5}(\\d+(?:\\.\\d+)?)\\s*%""]",0.8625,0.0,review_required,source text touches a multi_column_or_complex page; reading order is not trusted for this scenario,needs_manual_harmonization,evidence exists but touches a complex-layout page or is otherwise unverified; comparability cannot be assessed until reviewed
bridgeport-rule-candidate-00445,bridgeport-scenario-0041,RX2,Residential-Office Centers,maximum_height_stories,,,,,,,general_rule_candidate,,117,,,,,,,complex_layout_present,n/a,"[""(\\d+(?:\\.\\d+)?)\\s*(?:to\\s*\\d+(?:\\.\\d+)?\\s*)?stor(?:y|ies)""]",0.8625,0.0,review_required,source text touches a multi_column_or_complex page; reading order is not trusted for this scenario,needs_manual_harmonization,evidence exists but touches a complex-layout page or is otherwise unverified; comparability cannot be assessed until reviewed
bridgeport-rule-candidate-00446,bridgeport-scenario-0041,RX2,Residential-Office Centers,minimum_pervious_area_pct,,,,,,,general_rule_candidate,,117,,,,,,,complex_layout_present,n/a,"[""Pervious[^.]{0,10}?[:\\s](\\d+(?:\\.\\d+)?)\\s*%""]",0.8625,0.0,review_required,source text touches a multi_column_or_complex page; reading order is not trusted for this scenario,needs_manual_harmonization,evidence exists but touches a complex-layout page or is otherwise unverified; comparability cannot be assessed until reviewed
bridgeport-rule-candidate-00447,bridgeport-scenario-0041,RX2,Residential-Office Centers,minimum_open_space_pct,,,,,,,general_rule_candidate,,117,,,,,,,complex_layout_present,n/a,"[""Open\\s+Space[:\\s]{1,5}(\\d+(?:\\.\\d+)?)\\s*%""]",0.8625,0.0,review_required,source text touches a multi_column_or_complex page; reading order is not trusted for this scenario,needs_manual_harmonization,evidence exists but touches a complex-layout page or is otherwise unverified; comparability cannot be assessed until reviewed
bridgeport-rule-candidate-00448,bridgeport-scenario-0041,RX2,Residential-Office Centers,minimum_green_area_pct,,,,,,,general_rule_candidate,,117,,,,,,,complex_layout_present,n/a,"[""Green\\s+Area[:\\s]{1,5}(\\d+(?:\\.\\d+)?)\\s*%""]",0.8625,0.0,review_required,source text touches a multi_column_or_complex page; reading order is not trusted for this scenario,needs_manual_harmonization,evidence exists but touches a complex-layout page or is otherwise unverified; comparability cannot be assessed until reviewed
bridgeport-rule-candidate-00449,bridgeport-scenario-0041,RX2,Residential-Office Centers,build_to_minimum_ft,,,,,,,general_rule_candidate,,117,,,,,,,complex_layout_present,n/a,"[""Build-?to[^.]{0,15}?Min[a-z]*[:\\s]{1,5}(\\d+(?:\\.\\d+)?)\\s*ft""]",0.8625,0.0,review_required,source text touches a multi_column_or_complex page; reading order is not trusted for this scenario,needs_manual_harmonization,evidence exists but touches a complex-layout page or is otherwise unverified; comparability cannot be assessed until reviewed
bridgeport-rule-candidate-00450,bridgeport-scenario-0041,RX2,Residential-Office Centers,build_to_maximum_ft,,,,,,,general_rule_candidate,,117,,,,,,,complex_layout_present,n/a,"[""Build-?to[^.]{0,15}?Max[a-z]*[:\\s]{1,5}(\\d+(?:\\.\\d+)?)\\s*ft""]",0.8625,0.0,review_required,source text touches a multi_column_or_complex page; reading order is not trusted for this scenario,needs_manual_harmonization,evidence exists but touches a complex-layout page or is otherwise unverified; comparability cannot be assessed until reviewed
bridgeport-rule-candidate-00451,bridgeport-scenario-0041,RX2,Residential-Office Centers,frontage_requirement_ft,,,,,,,general_rule_candidate,,117,,,,,,,complex_layout_present,n/a,"[""Frontage[:\\s]{1,5}(\\d+(?:\\.\\d+)?)\\s*ft""]",0.8625,0.0,review_required,source text touches a multi_column_or_complex page; reading order is not trusted for this scenario,needs_manual_harmonization,evidence exists but touches a complex-layout page or is otherwise unverified; comparability cannot be assessed until reviewed
bridgeport-rule-candidate-00452,bridgeport-scenario-0042,DX1,Downtown Core,minimum_lot_size_sqft,,,,,,,general_rule_candidate,,12,,,,,,,complex_layout_present,n/a,"[""(?:Lot\\s+Area|Minimum\\s+Lot\\s+Size)[:\\s]{1,5}([\\d,]+)\\s*(?:sq\\.?\\s*ft\\.?|square feet)""]",0.81,0.0,review_required,source text touches a multi_column_or_complex page; reading order is not trusted for this scenario,needs_manual_harmonization,evidence exists but touches a complex-layout page or is otherwise unverified; comparability cannot be assessed until reviewed
bridgeport-rule-candidate-00453,bridgeport-scenario-0042,DX1,Downtown Core,minimum_lot_width_ft,,,,,,,general_rule_candidate,,12,,,,,,,complex_layout_present,n/a,"[""Lot\\s+Width[:\\s]{1,5}(\\d+(?:\\.\\d+)?)\\s*ft""]",0.81,0.0,review_required,source text touches a multi_column_or_complex page; reading order is not trusted for this scenario,needs_manual_harmonization,evidence exists but touches a complex-layout page or is otherwise unverified; comparability cannot be assessed until reviewed
bridgeport-rule-candidate-00454,bridgeport-scenario-0042,DX1,Downtown Core,maximum_building_height_ft,,,,,,,general_rule_candidate,,12,,,,,,,complex_layout_present,n/a,"[""(?:Maximum\\s+Height|Building\\s+Height)[:\\s]{1,5}(\\d+(?:\\.\\d+)?)\\s*ft""]",0.81,0.0,review_required,source text touches a multi_column_or_complex page; reading order is not trusted for this scenario,needs_manual_harmonization,evidence exists but touches a complex-layout page or is otherwise unverified; comparability cannot be assessed until reviewed
bridgeport-rule-candidate-00455,bridgeport-scenario-0042,DX1,Downtown Core,maximum_lot_coverage_pct,,,,,,,general_rule_candidate,,12,,,,,,,complex_layout_present,n/a,"[""(?:Lot|Site|Building)\\s+Coverage[:\\s]{1,5}(\\d+(?:\\.\\d+)?)\\s*%""]",0.81,0.0,review_required,source text touches a multi_column_or_complex page; reading order is not trusted for this scenario,needs_manual_harmonization,evidence exists but touches a complex-layout page or is otherwise unverified; comparability cannot be assessed until reviewed
bridgeport-rule-candidate-00456,bridgeport-scenario-0042,DX1,Downtown Core,maximum_height_stories,,,,,,,general_rule_candidate,,12,,,,,,,complex_layout_present,n/a,"[""(\\d+(?:\\.\\d+)?)\\s*(?:to\\s*\\d+(?:\\.\\d+)?\\s*)?stor(?:y|ies)""]",0.81,0.0,review_required,source text touches a multi_column_or_complex page; reading order is not trusted for this scenario,needs_manual_harmonization,evidence exists but touches a complex-layout page or is otherwise unverified; comparability cannot be assessed until reviewed
bridgeport-rule-candidate-00457,bridgeport-scenario-0042,DX1,Downtown Core,minimum_pervious_area_pct,,,,,,,general_rule_candidate,,12,,,,,,,complex_layout_present,n/a,"[""Pervious[^.]{0,10}?[:\\s](\\d+(?:\\.\\d+)?)\\s*%""]",0.81,0.0,review_required,source text touches a multi_column_or_complex page; reading order is not trusted for this scenario,needs_manual_harmonization,evidence exists but touches a complex-layout page or is otherwise unverified; comparability cannot be assessed until reviewed
bridgeport-rule-candidate-00458,bridgeport-scenario-0042,DX1,Downtown Core,minimum_open_space_pct,,,,,,,general_rule_candidate,,12,,,,,,,complex_layout_present,n/a,"[""Open\\s+Space[:\\s]{1,5}(\\d+(?:\\.\\d+)?)\\s*%""]",0.81,0.0,review_required,source text touches a multi_column_or_complex page; reading order is not trusted for this scenario,needs_manual_harmonization,evidence exists but touches a complex-layout page or is otherwise unverified; comparability cannot be assessed until reviewed
bridgeport-rule-candidate-00459,bridgeport-scenario-0042,DX1,Downtown Core,minimum_green_area_pct,,,,,,,general_rule_candidate,,12,,,,,,,complex_layout_present,n/a,"[""Green\\s+Area[:\\s]{1,5}(\\d+(?:\\.\\d+)?)\\s*%""]",0.81,0.0,review_required,source text touches a multi_column_or_complex page; reading order is not trusted for this scenario,needs_manual_harmonization,evidence exists but touches a complex-layout page or is otherwise unverified; comparability cannot be assessed until reviewed
bridgeport-rule-candidate-00460,bridgeport-scenario-0042,DX1,Downtown Core,build_to_minimum_ft,,,,,,,general_rule_candidate,,12,,,,,,,complex_layout_present,n/a,"[""Build-?to[^.]{0,15}?Min[a-z]*[:\\s]{1,5}(\\d+(?:\\.\\d+)?)\\s*ft""]",0.81,0.0,review_required,source text touches a multi_column_or_complex page; reading order is not trusted for this scenario,needs_manual_harmonization,evidence exists but touches a complex-layout page or is otherwise unverified; comparability cannot be assessed until reviewed
bridgeport-rule-candidate-00461,bridgeport-scenario-0042,DX1,Downtown Core,build_to_maximum_ft,,,,,,,general_rule_candidate,,12,,,,,,,complex_layout_present,n/a,"[""Build-?to[^.]{0,15}?Max[a-z]*[:\\s]{1,5}(\\d+(?:\\.\\d+)?)\\s*ft""]",0.81,0.0,review_required,source text touches a multi_column_or_complex page; reading order is not trusted for this scenario,needs_manual_harmonization,evidence exists but touches a complex-layout page or is otherwise unverified; comparability cannot be assessed until reviewed
bridgeport-rule-candidate-00462,bridgeport-scenario-0042,DX1,Downtown Core,frontage_requirement_ft,,,,,,,general_rule_candidate,,12,,,,,,,complex_layout_present,n/a,"[""Frontage[:\\s]{1,5}(\\d+(?:\\.\\d+)?)\\s*ft""]",0.81,0.0,review_required,source text touches a multi_column_or_complex page; reading order is not trusted for this scenario,needs_manual_harmonization,evidence exists but touches a complex-layout page or is otherwise unverified; comparability cannot be assessed until reviewed
bridgeport-rule-candidate-00463,bridgeport-scenario-0043,MX1,Mixed-Use Corridor,minimum_lot_size_sqft,,,,,,,general_rule_candidate,,12,,,,,,,complex_layout_present,n/a,"[""(?:Lot\\s+Area|Minimum\\s+Lot\\s+Size)[:\\s]{1,5}([\\d,]+)\\s*(?:sq\\.?\\s*ft\\.?|square feet)""]",0.81,0.0,review_required,source text touches a multi_column_or_complex page; reading order is not trusted for this scenario,needs_manual_harmonization,evidence exists but touches a complex-layout page or is otherwise unverified; comparability cannot be assessed until reviewed
bridgeport-rule-candidate-00464,bridgeport-scenario-0043,MX1,Mixed-Use Corridor,minimum_lot_width_ft,,,,,,,general_rule_candidate,,12,,,,,,,complex_layout_present,n/a,"[""Lot\\s+Width[:\\s]{1,5}(\\d+(?:\\.\\d+)?)\\s*ft""]",0.81,0.0,review_required,source text touches a multi_column_or_complex page; reading order is not trusted for this scenario,needs_manual_harmonization,evidence exists but touches a complex-layout page or is otherwise unverified; comparability cannot be assessed until reviewed
bridgeport-rule-candidate-00465,bridgeport-scenario-0043,MX1,Mixed-Use Corridor,maximum_building_height_ft,,,,,,,general_rule_candidate,,12,,,,,,,complex_layout_present,n/a,"[""(?:Maximum\\s+Height|Building\\s+Height)[:\\s]{1,5}(\\d+(?:\\.\\d+)?)\\s*ft""]",0.81,0.0,review_required,source text touches a multi_column_or_complex page; reading order is not trusted for this scenario,needs_manual_harmonization,evidence exists but touches a complex-layout page or is otherwise unverified; comparability cannot be assessed until reviewed
bridgeport-rule-candidate-00466,bridgeport-scenario-0043,MX1,Mixed-Use Corridor,maximum_lot_coverage_pct,,,,,,,general_rule_candidate,,12,,,,,,,complex_layout_present,n/a,"[""(?:Lot|Site|Building)\\s+Coverage[:\\s]{1,5}(\\d+(?:\\.\\d+)?)\\s*%""]",0.81,0.0,review_required,source text touches a multi_column_or_complex page; reading order is not trusted for this scenario,needs_manual_harmonization,evidence exists but touches a complex-layout page or is otherwise unverified; comparability cannot be assessed until reviewed
bridgeport-rule-candidate-00467,bridgeport-scenario-0043,MX1,Mixed-Use Corridor,maximum_height_stories,,,,,,,general_rule_candidate,,12,,,,,,,complex_layout_present,n/a,"[""(\\d+(?:\\.\\d+)?)\\s*(?:to\\s*\\d+(?:\\.\\d+)?\\s*)?stor(?:y|ies)""]",0.81,0.0,review_required,source text touches a multi_column_or_complex page; reading order is not trusted for this scenario,needs_manual_harmonization,evidence exists but touches a complex-layout page or is otherwise unverified; comparability cannot be assessed until reviewed
bridgeport-rule-candidate-00468,bridgeport-scenario-0043,MX1,Mixed-Use Corridor,minimum_pervious_area_pct,,,,,,,general_rule_candidate,,12,,,,,,,complex_layout_present,n/a,"[""Pervious[^.]{0,10}?[:\\s](\\d+(?:\\.\\d+)?)\\s*%""]",0.81,0.0,review_required,source text touches a multi_column_or_complex page; reading order is not trusted for this scenario,needs_manual_harmonization,evidence exists but touches a complex-layout page or is otherwise unverified; comparability cannot be assessed until reviewed
bridgeport-rule-candidate-00469,bridgeport-scenario-0043,MX1,Mixed-Use Corridor,minimum_open_space_pct,,,,,,,general_rule_candidate,,12,,,,,,,complex_layout_present,n/a,"[""Open\\s+Space[:\\s]{1,5}(\\d+(?:\\.\\d+)?)\\s*%""]",0.81,0.0,review_required,source text touches a multi_column_or_complex page; reading order is not trusted for this scenario,needs_manual_harmonization,evidence exists but touches a complex-layout page or is otherwise unverified; comparability cannot be assessed until reviewed
bridgeport-rule-candidate-00470,bridgeport-scenario-0043,MX1,Mixed-Use Corridor,minimum_green_area_pct,,,,,,,general_rule_candidate,,12,,,,,,,complex_layout_present,n/a,"[""Green\\s+Area[:\\s]{1,5}(\\d+(?:\\.\\d+)?)\\s*%""]",0.81,0.0,review_required,source text touches a multi_column_or_complex page; reading order is not trusted for this scenario,needs_manual_harmonization,evidence exists but touches a complex-layout page or is otherwise unverified; comparability cannot be assessed until reviewed
bridgeport-rule-candidate-00471,bridgeport-scenario-0043,MX1,Mixed-Use Corridor,build_to_minimum_ft,,,,,,,general_rule_candidate,,12,,,,,,,complex_layout_present,n/a,"[""Build-?to[^.]{0,15}?Min[a-z]*[:\\s]{1,5}(\\d+(?:\\.\\d+)?)\\s*ft""]",0.81,0.0,review_required,source text touches a multi_column_or_complex page; reading order is not trusted for this scenario,needs_manual_harmonization,evidence exists but touches a complex-layout page or is otherwise unverified; comparability cannot be assessed until reviewed
bridgeport-rule-candidate-00472,bridgeport-scenario-0043,MX1,Mixed-Use Corridor,build_to_maximum_ft,,,,,,,general_rule_candidate,,12,,,,,,,complex_layout_present,n/a,"[""Build-?to[^.]{0,15}?Max[a-z]*[:\\s]{1,5}(\\d+(?:\\.\\d+)?)\\s*ft""]",0.81,0.0,review_required,source text touches a multi_column_or_complex page; reading order is not trusted for this scenario,needs_manual_harmonization,evidence exists but touches a complex-layout page or is otherwise unverified; comparability cannot be assessed until reviewed
bridgeport-rule-candidate-00473,bridgeport-scenario-0043,MX1,Mixed-Use Corridor,frontage_requirement_ft,,,,,,,general_rule_candidate,,12,,,,,,,complex_layout_present,n/a,"[""Frontage[:\\s]{1,5}(\\d+(?:\\.\\d+)?)\\s*ft""]",0.81,0.0,review_required,source text touches a multi_column_or_complex page; reading order is not trusted for this scenario,needs_manual_harmonization,evidence exists but touches a complex-layout page or is otherwise unverified; comparability cannot be assessed until reviewed
bridgeport-rule-candidate-00474,bridgeport-scenario-0044,MX2,Mixed-Use Centers,minimum_lot_size_sqft,,,,,,,general_rule_candidate,,12,,,,,,,complex_layout_present,n/a,"[""(?:Lot\\s+Area|Minimum\\s+Lot\\s+Size)[:\\s]{1,5}([\\d,]+)\\s*(?:sq\\.?\\s*ft\\.?|square feet)""]",0.6880000000000001,0.0,review_required,source text touches a multi_column_or_complex page; reading order is not trusted for this scenario,needs_manual_harmonization,evidence exists but touches a complex-layout page or is otherwise unverified; comparability cannot be assessed until reviewed
bridgeport-rule-candidate-00475,bridgeport-scenario-0044,MX2,Mixed-Use Centers,minimum_lot_width_ft,,,,,,,general_rule_candidate,,12,,,,,,,complex_layout_present,n/a,"[""Lot\\s+Width[:\\s]{1,5}(\\d+(?:\\.\\d+)?)\\s*ft""]",0.6880000000000001,0.0,review_required,source text touches a multi_column_or_complex page; reading order is not trusted for this scenario,needs_manual_harmonization,evidence exists but touches a complex-layout page or is otherwise unverified; comparability cannot be assessed until reviewed
bridgeport-rule-candidate-00476,bridgeport-scenario-0044,MX2,Mixed-Use Centers,maximum_building_height_ft,,,,,,,general_rule_candidate,,12,,,,,,,complex_layout_present,n/a,"[""(?:Maximum\\s+Height|Building\\s+Height)[:\\s]{1,5}(\\d+(?:\\.\\d+)?)\\s*ft""]",0.6880000000000001,0.0,review_required,source text touches a multi_column_or_complex page; reading order is not trusted for this scenario,needs_manual_harmonization,evidence exists but touches a complex-layout page or is otherwise unverified; comparability cannot be assessed until reviewed
bridgeport-rule-candidate-00477,bridgeport-scenario-0044,MX2,Mixed-Use Centers,maximum_lot_coverage_pct,,,,,,,general_rule_candidate,,12,,,,,,,complex_layout_present,n/a,"[""(?:Lot|Site|Building)\\s+Coverage[:\\s]{1,5}(\\d+(?:\\.\\d+)?)\\s*%""]",0.6880000000000001,0.0,review_required,source text touches a multi_column_or_complex page; reading order is not trusted for this scenario,needs_manual_harmonization,evidence exists but touches a complex-layout page or is otherwise unverified; comparability cannot be assessed until reviewed
bridgeport-rule-candidate-00478,bridgeport-scenario-0044,MX2,Mixed-Use Centers,maximum_height_stories,,,,,,,general_rule_candidate,,12,,,,,,,complex_layout_present,n/a,"[""(\\d+(?:\\.\\d+)?)\\s*(?:to\\s*\\d+(?:\\.\\d+)?\\s*)?stor(?:y|ies)""]",0.6880000000000001,0.0,review_required,source text touches a multi_column_or_complex page; reading order is not trusted for this scenario,needs_manual_harmonization,evidence exists but touches a complex-layout page or is otherwise unverified; comparability cannot be assessed until reviewed
bridgeport-rule-candidate-00479,bridgeport-scenario-0044,MX2,Mixed-Use Centers,minimum_pervious_area_pct,,,,,,,general_rule_candidate,,12,,,,,,,complex_layout_present,n/a,"[""Pervious[^.]{0,10}?[:\\s](\\d+(?:\\.\\d+)?)\\s*%""]",0.6880000000000001,0.0,review_required,source text touches a multi_column_or_complex page; reading order is not trusted for this scenario,needs_manual_harmonization,evidence exists but touches a complex-layout page or is otherwise unverified; comparability cannot be assessed until reviewed
bridgeport-rule-candidate-00480,bridgeport-scenario-0044,MX2,Mixed-Use Centers,minimum_open_space_pct,,,,,,,general_rule_candidate,,12,,,,,,,complex_layout_present,n/a,"[""Open\\s+Space[:\\s]{1,5}(\\d+(?:\\.\\d+)?)\\s*%""]",0.6880000000000001,0.0,review_required,source text touches a multi_column_or_complex page; reading order is not trusted for this scenario,needs_manual_harmonization,evidence exists but touches a complex-layout page or is otherwise unverified; comparability cannot be assessed until reviewed
bridgeport-rule-candidate-00481,bridgeport-scenario-0044,MX2,Mixed-Use Centers,minimum_green_area_pct,,,,,,,general_rule_candidate,,12,,,,,,,complex_layout_present,n/a,"[""Green\\s+Area[:\\s]{1,5}(\\d+(?:\\.\\d+)?)\\s*%""]",0.6880000000000001,0.0,review_required,source text touches a multi_column_or_complex page; reading order is not trusted for this scenario,needs_manual_harmonization,evidence exists but touches a complex-layout page or is otherwise unverified; comparability cannot be assessed until reviewed
bridgeport-rule-candidate-00482,bridgeport-scenario-0044,MX2,Mixed-Use Centers,build_to_minimum_ft,,,,,,,general_rule_candidate,,12,,,,,,,complex_layout_present,n/a,"[""Build-?to[^.]{0,15}?Min[a-z]*[:\\s]{1,5}(\\d+(?:\\.\\d+)?)\\s*ft""]",0.6880000000000001,0.0,review_required,source text touches a multi_column_or_complex page; reading order is not trusted for this scenario,needs_manual_harmonization,evidence exists but touches a complex-layout page or is otherwise unverified; comparability cannot be assessed until reviewed
bridgeport-rule-candidate-00483,bridgeport-scenario-0044,MX2,Mixed-Use Centers,build_to_maximum_ft,,,,,,,general_rule_candidate,,12,,,,,,,complex_layout_present,n/a,"[""Build-?to[^.]{0,15}?Max[a-z]*[:\\s]{1,5}(\\d+(?:\\.\\d+)?)\\s*ft""]",0.6880000000000001,0.0,review_required,source text touches a multi_column_or_complex page; reading order is not trusted for this scenario,needs_manual_harmonization,evidence exists but touches a complex-layout page or is otherwise unverified; comparability cannot be assessed until reviewed
bridgeport-rule-candidate-00484,bridgeport-scenario-0044,MX2,Mixed-Use Centers,frontage_requirement_ft,,,,,,,general_rule_candidate,,12,,,,,,,complex_layout_present,n/a,"[""Frontage[:\\s]{1,5}(\\d+(?:\\.\\d+)?)\\s*ft""]",0.6880000000000001,0.0,review_required,source text touches a multi_column_or_complex page; reading order is not trusted for this scenario,needs_manual_harmonization,evidence exists but touches a complex-layout page or is otherwise unverified; comparability cannot be assessed until reviewed
bridgeport-rule-candidate-00485,bridgeport-scenario-0045,CX,Heavy Commercial,minimum_lot_size_sqft,,,,,,,general_rule_candidate,,12,,,,,,,complex_layout_present,n/a,"[""(?:Lot\\s+Area|Minimum\\s+Lot\\s+Size)[:\\s]{1,5}([\\d,]+)\\s*(?:sq\\.?\\s*ft\\.?|square feet)""]",0.72,0.0,review_required,source text touches a multi_column_or_complex page; reading order is not trusted for this scenario,needs_manual_harmonization,evidence exists but touches a complex-layout page or is otherwise unverified; comparability cannot be assessed until reviewed
bridgeport-rule-candidate-00486,bridgeport-scenario-0045,CX,Heavy Commercial,minimum_lot_width_ft,,,,,,,general_rule_candidate,,12,,,,,,,complex_layout_present,n/a,"[""Lot\\s+Width[:\\s]{1,5}(\\d+(?:\\.\\d+)?)\\s*ft""]",0.72,0.0,review_required,source text touches a multi_column_or_complex page; reading order is not trusted for this scenario,needs_manual_harmonization,evidence exists but touches a complex-layout page or is otherwise unverified; comparability cannot be assessed until reviewed
bridgeport-rule-candidate-00487,bridgeport-scenario-0045,CX,Heavy Commercial,maximum_building_height_ft,,,,,,,general_rule_candidate,,12,,,,,,,complex_layout_present,n/a,"[""(?:Maximum\\s+Height|Building\\s+Height)[:\\s]{1,5}(\\d+(?:\\.\\d+)?)\\s*ft""]",0.72,0.0,review_required,source text touches a multi_column_or_complex page; reading order is not trusted for this scenario,needs_manual_harmonization,evidence exists but touches a complex-layout page or is otherwise unverified; comparability cannot be assessed until reviewed
bridgeport-rule-candidate-00488,bridgeport-scenario-0045,CX,Heavy Commercial,maximum_lot_coverage_pct,,,,,,,general_rule_candidate,,12,,,,,,,complex_layout_present,n/a,"[""(?:Lot|Site|Building)\\s+Coverage[:\\s]{1,5}(\\d+(?:\\.\\d+)?)\\s*%""]",0.72,0.0,review_required,source text touches a multi_column_or_complex page; reading order is not trusted for this scenario,needs_manual_harmonization,evidence exists but touches a complex-layout page or is otherwise unverified; comparability cannot be assessed until reviewed
bridgeport-rule-candidate-00489,bridgeport-scenario-0045,CX,Heavy Commercial,maximum_height_stories,,,,,,,general_rule_candidate,,12,,,,,,,complex_layout_present,n/a,"[""(\\d+(?:\\.\\d+)?)\\s*(?:to\\s*\\d+(?:\\.\\d+)?\\s*)?stor(?:y|ies)""]",0.72,0.0,review_required,source text touches a multi_column_or_complex page; reading order is not trusted for this scenario,needs_manual_harmonization,evidence exists but touches a complex-layout page or is otherwise unverified; comparability cannot be assessed until reviewed
bridgeport-rule-candidate-00490,bridgeport-scenario-0045,CX,Heavy Commercial,minimum_pervious_area_pct,,,,,,,general_rule_candidate,,12,,,,,,,complex_layout_present,n/a,"[""Pervious[^.]{0,10}?[:\\s](\\d+(?:\\.\\d+)?)\\s*%""]",0.72,0.0,review_required,source text touches a multi_column_or_complex page; reading order is not trusted for this scenario,needs_manual_harmonization,evidence exists but touches a complex-layout page or is otherwise unverified; comparability cannot be assessed until reviewed
bridgeport-rule-candidate-00491,bridgeport-scenario-0045,CX,Heavy Commercial,minimum_open_space_pct,,,,,,,general_rule_candidate,,12,,,,,,,complex_layout_present,n/a,"[""Open\\s+Space[:\\s]{1,5}(\\d+(?:\\.\\d+)?)\\s*%""]",0.72,0.0,review_required,source text touches a multi_column_or_complex page; reading order is not trusted for this scenario,needs_manual_harmonization,evidence exists but touches a complex-layout page or is otherwise unverified; comparability cannot be assessed until reviewed
bridgeport-rule-candidate-00492,bridgeport-scenario-0045,CX,Heavy Commercial,minimum_green_area_pct,,,,,,,general_rule_candidate,,12,,,,,,,complex_layout_present,n/a,"[""Green\\s+Area[:\\s]{1,5}(\\d+(?:\\.\\d+)?)\\s*%""]",0.72,0.0,review_required,source text touches a multi_column_or_complex page; reading order is not trusted for this scenario,needs_manual_harmonization,evidence exists but touches a complex-layout page or is otherwise unverified; comparability cannot be assessed until reviewed
bridgeport-rule-candidate-00493,bridgeport-scenario-0045,CX,Heavy Commercial,build_to_minimum_ft,,,,,,,general_rule_candidate,,12,,,,,,,complex_layout_present,n/a,"[""Build-?to[^.]{0,15}?Min[a-z]*[:\\s]{1,5}(\\d+(?:\\.\\d+)?)\\s*ft""]",0.72,0.0,review_required,source text touches a multi_column_or_complex page; reading order is not trusted for this scenario,needs_manual_harmonization,evidence exists but touches a complex-layout page or is otherwise unverified; comparability cannot be assessed until reviewed
bridgeport-rule-candidate-00494,bridgeport-scenario-0045,CX,Heavy Commercial,build_to_maximum_ft,,,,,,,general_rule_candidate,,12,,,,,,,complex_layout_present,n/a,"[""Build-?to[^.]{0,15}?Max[a-z]*[:\\s]{1,5}(\\d+(?:\\.\\d+)?)\\s*ft""]",0.72,0.0,review_required,source text touches a multi_column_or_complex page; reading order is not trusted for this scenario,needs_manual_harmonization,evidence exists but touches a complex-layout page or is otherwise unverified; comparability cannot be assessed until reviewed
bridgeport-rule-candidate-00495,bridgeport-scenario-0045,CX,Heavy Commercial,frontage_requirement_ft,,,,,,,general_rule_candidate,,12,,,,,,,complex_layout_present,n/a,"[""Frontage[:\\s]{1,5}(\\d+(?:\\.\\d+)?)\\s*ft""]",0.72,0.0,review_required,source text touches a multi_column_or_complex page; reading order is not trusted for this scenario,needs_manual_harmonization,evidence exists but touches a complex-layout page or is otherwise unverified; comparability cannot be assessed until reviewed
bridgeport-rule-candidate-00496,bridgeport-scenario-0046,N4,Neighborhood: Suburban,minimum_lot_size_sqft,,,,,,,general_rule_candidate,,99,,,,,,,normal,n/a,"[""(?:Lot\\s+Area|Minimum\\s+Lot\\s+Size)[:\\s]{1,5}([\\d,]+)\\s*(?:sq\\.?\\s*ft\\.?|square feet)""]",0.52,0.0,missing,no tight label-adjacent match found; this standard likely lives only in a diagram for this scenario,missing,no source-backed value was found for this scenario/variable in this document
bridgeport-rule-candidate-00497,bridgeport-scenario-0046,N4,Neighborhood: Suburban,minimum_lot_width_ft,e 3.120-B Lot Width 60 ft. min,60,ft,60,ft,,general_rule_candidate,,99,,,,,e 3.120-B Lot Width 60 ft. min,,normal,n/a,"[""Lot\\s+Width[:\\s]{1,5}(\\d+(?:\\.\\d+)?)\\s*ft""]",0.52,0.65,confirmed,tight label-adjacent regex match in non-complex-layout scenario text,directly_comparable,"a conventional square-foot/linear-foot minimum, the same unit and concept Greenwich's RA-4 evidence uses"
bridgeport-rule-candidate-00498,bridgeport-scenario-0046,N4,Neighborhood: Suburban,maximum_building_height_ft,,,,,,,general_rule_candidate,,99,,,,,,,normal,n/a,"[""(?:Maximum\\s+Height|Building\\s+Height)[:\\s]{1,5}(\\d+(?:\\.\\d+)?)\\s*ft""]",0.52,0.0,missing,no tight label-adjacent match found; this standard likely lives only in a diagram for this scenario,missing,no source-backed value was found for this scenario/variable in this document
bridgeport-rule-candidate-00499,bridgeport-scenario-0046,N4,Neighborhood: Suburban,maximum_lot_coverage_pct,t. min. u Site Coverage 65% max.,65,pct,65,pct,,general_rule_candidate,,99,,,,,t. min. u Site Coverage 65% max.,,normal,n/a,"[""(?:Lot|Site|Building)\\s+Coverage[:\\s]{1,5}(\\d+(?:\\.\\d+)?)\\s*%""]",0.52,0.65,confirmed,tight label-adjacent regex match in non-complex-layout scenario text,comparable_with_documented_transform,"Bridgeport calls this 'Site Coverage'; comparable to Greenwich lot coverage in spirit, but the measured-area definition has not been independently confirmed identical"
bridgeport-rule-candidate-00500,bridgeport-scenario-0046,N4,Neighborhood: Suburban,maximum_height_stories,-D Height 1 story min.,1,stories,,stories,,general_rule_candidate,,99,,,,,-D Height 1 story min.,,normal,n/a,"[""(\\d+(?:\\.\\d+)?)\\s*(?:to\\s*\\d+(?:\\.\\d+)?\\s*)?stor(?:y|ies)""]",0.52,0.65,qualitative_only,"tight regex found a real story-count value, but the source text is a conditional list (e.g. '2, 2.5, or 3 stories'); only one list member was captured, so this is not reported as one confirmed number",structurally_non_equivalent,"a stories-only standard is not directly comparable to Greenwich's feet-only height without an explicit legal stories-to-feet conversion, which this code does not provide"
bridgeport-rule-candidate-00501,bridgeport-scenario-0046,N4,Neighborhood: Suburban,minimum_pervious_area_pct,,,,,,,general_rule_candidate,,99,,,,,,,normal,n/a,"[""Pervious[^.]{0,10}?[:\\s](\\d+(?:\\.\\d+)?)\\s*%""]",0.52,0.0,missing,no tight label-adjacent match found; this standard likely lives only in a diagram for this scenario,missing,no source-backed value was found for this scenario/variable in this document
bridgeport-rule-candidate-00502,bridgeport-scenario-0046,N4,Neighborhood: Suburban,minimum_open_space_pct,,,,,,,general_rule_candidate,,99,,,,,,,normal,n/a,"[""Open\\s+Space[:\\s]{1,5}(\\d+(?:\\.\\d+)?)\\s*%""]",0.52,0.0,missing,no tight label-adjacent match found; this standard likely lives only in a diagram for this scenario,missing,no source-backed value was found for this scenario/variable in this document
bridgeport-rule-candidate-00503,bridgeport-scenario-0046,N4,Neighborhood: Suburban,minimum_green_area_pct,,,,,,,general_rule_candidate,,99,,,,,,,normal,n/a,"[""Green\\s+Area[:\\s]{1,5}(\\d+(?:\\.\\d+)?)\\s*%""]",0.52,0.0,missing,no tight label-adjacent match found; this standard likely lives only in a diagram for this scenario,missing,no source-backed value was found for this scenario/variable in this document
bridgeport-rule-candidate-00504,bridgeport-scenario-0046,N4,Neighborhood: Suburban,build_to_minimum_ft,,,,,,,general_rule_candidate,,99,,,,,,,normal,n/a,"[""Build-?to[^.]{0,15}?Min[a-z]*[:\\s]{1,5}(\\d+(?:\\.\\d+)?)\\s*ft""]",0.52,0.0,missing,no tight label-adjacent match found; this standard likely lives only in a diagram for this scenario,missing,no source-backed value was found for this scenario/variable in this document
bridgeport-rule-candidate-00505,bridgeport-scenario-0046,N4,Neighborhood: Suburban,build_to_maximum_ft,,,,,,,general_rule_candidate,,99,,,,,,,normal,n/a,"[""Build-?to[^.]{0,15}?Max[a-z]*[:\\s]{1,5}(\\d+(?:\\.\\d+)?)\\s*ft""]",0.52,0.0,missing,no tight label-adjacent match found; this standard likely lives only in a diagram for this scenario,missing,no source-backed value was found for this scenario/variable in this document
bridgeport-rule-candidate-00506,bridgeport-scenario-0046,N4,Neighborhood: Suburban,frontage_requirement_ft,,,,,,,general_rule_candidate,,99,,,,,,,normal,n/a,"[""Frontage[:\\s]{1,5}(\\d+(?:\\.\\d+)?)\\s*ft""]",0.52,0.0,missing,no tight label-adjacent match found; this standard likely lives only in a diagram for this scenario,missing,no source-backed value was found for this scenario/variable in this document
bridgeport-rule-candidate-00507,bridgeport-scenario-0001,CX,Heavy Commercial,minimum_off_street_parking_spaces_per_dwelling_unit,8.20.1 MINIMUM RATIOS. This zoning code does not establish minimum off-street parking requirements (note: accessible parking spaces to serve persons with disabilities may be required in accordance with the state building code).,no minimum established,,0,spaces_per_unit_floor,no_minimum_parking_requirement,general_rule_candidate,bridgeport-citywide-8.20.1,228,8.20.1,,,,8.20.1 MINIMUM RATIOS. This zoning code does not establish minimum off-street parking requirements (note: accessible parking spaces to serve persons with disabilities may be required in accordance with the state building code).,accessible-space requirements under the state building code still apply,normal,n/a,"[""does not establish minimum""]",0.95,0.9,confirmed,direct reading of an explicit citywide statement that no minimum is established (8.20.1),directly_comparable,"an explicit 'no minimum established' citywide statement is a well-defined floor of 0 spaces/unit, directly comparable to a numeric minimum"
bridgeport-rule-candidate-00508,bridgeport-scenario-0001,CX,Heavy Commercial,parking_regime,"8.20.2 MAXIMUMS. New and expanded uses may not provide off-street motor vehicle parking in excess of the maximum parking ratios established in Table 8-1, unless approved through the special permit approval procedures of 11.50.",,,,,maximum_ratio_regime_no_minimum,general_rule_candidate,bridgeport-citywide-8.20.2,228,8.20.2,,,,"8.20.2 MAXIMUMS. New and expanded uses may not provide off-street motor vehicle parking in excess of the maximum parking ratios established in Table 8-1, unless approved through the special permit approval procedures of 11.50.","maximums only, per Table 8-1 (not independently re-verified here)",normal,n/a,"[""maximum parking ratios""]",0.9,0.85,confirmed,"direct reading of an explicit, unambiguous citywide provision (Chapter 8.20 / 4.70.2)",qualitative_only,"a categorical description of the parking regime (maximum-ratio, no minimum), not a single numeric value"
bridgeport-rule-candidate-00509,bridgeport-scenario-0001,CX,Heavy Commercial,adu_permission_pathway,"4.70.2 Accessory Apartments. B.(2) Number: No more than one accessory apartment is allowed per lot. B.(5) Size: The floor area of an accessory apartment may not exceed 49% of the gross floor area of the principal dwelling unit (excluding any attached garage), or 800 square feet, whichever is less. B.(6) Parking: No additional parking is required for an accessory apartment. B.(4) Rental: accessory apartments may not be rented for periods of less than 31 consecutive days, and require a recorded deed restriction before permit issuance.",,,,,allowed_subject_to_objective_conditions,general_rule_candidate,bridgeport-citywide-4.70.2,155,4.70.2,,,,"4.70.2 Accessory Apartments. B.(2) Number: No more than one accessory apartment is allowed per lot. B.(5) Size: The floor area of an accessory apartment may not exceed 49% of the gross floor area of the principal dwelling unit (excluding any attached garage), or 800 square feet, whichever is less. B.(6) Parking: No additional parking is required for an accessory apartment. B.(4) Rental: accessory apartments may not be rented for periods of less than 31 consecutive days, and require a recorded deed restriction before permit issuance.",one per lot; size <=49% of principal GFA or 800 sqft (lesser); no additional parking required; rental restricted to >=31 consecutive days with a recorded deed restriction; permit required but no special-permit/public-hearing language found in this provision's own text,normal,n/a,"[""Accessory Apartments"", ""accessory apartment""]",0.9,0.85,confirmed,"direct reading of an explicit, unambiguous citywide provision (Chapter 8.20 / 4.70.2)",comparable_with_documented_transform,"categorical ADU pathway; comparable to Greenwich's ADU pathway only at the categorical/ordinal level, not on every specific condition"
bridgeport-rule-candidate-00510,bridgeport-scenario-0001,CX,Heavy Commercial,adu_conditions,"4.70.2 Accessory Apartments. B.(2) Number: No more than one accessory apartment is allowed per lot. B.(5) Size: The floor area of an accessory apartment may not exceed 49% of the gross floor area of the principal dwelling unit (excluding any attached garage), or 800 square feet, whichever is less. B.(6) Parking: No additional parking is required for an accessory apartment. B.(4) Rental: accessory apartments may not be rented for periods of less than 31 consecutive days, and require a recorded deed restriction before permit issuance.",,,,,one_per_lot; size<=49pct_of_principal_GFA_or_800sqft_whichever_less; no_additional_parking_required; rental_min_31_consecutive_days; deed_restriction_required,general_rule_candidate,bridgeport-citywide-4.70.2,155,4.70.2,,,,"4.70.2 Accessory Apartments. B.(2) Number: No more than one accessory apartment is allowed per lot. B.(5) Size: The floor area of an accessory apartment may not exceed 49% of the gross floor area of the principal dwelling unit (excluding any attached garage), or 800 square feet, whichever is less. B.(6) Parking: No additional parking is required for an accessory apartment. B.(4) Rental: accessory apartments may not be rented for periods of less than 31 consecutive days, and require a recorded deed restriction before permit issuance.",,normal,n/a,"[""Accessory Apartments""]",0.9,0.85,confirmed,"direct reading of an explicit, unambiguous citywide provision (Chapter 8.20 / 4.70.2)",comparable_with_documented_transform,"categorical ADU pathway; comparable to Greenwich's ADU pathway only at the categorical/ordinal level, not on every specific condition"
bridgeport-rule-candidate-00511,bridgeport-scenario-0002,DX1,Downtown Core,minimum_off_street_parking_spaces_per_dwelling_unit,8.20.1 MINIMUM RATIOS. This zoning code does not establish minimum off-street parking requirements (note: accessible parking spaces to serve persons with disabilities may be required in accordance with the state building code).,no minimum established,,0,spaces_per_unit_floor,no_minimum_parking_requirement,general_rule_candidate,bridgeport-citywide-8.20.1,228,8.20.1,,,,8.20.1 MINIMUM RATIOS. This zoning code does not establish minimum off-street parking requirements (note: accessible parking spaces to serve persons with disabilities may be required in accordance with the state building code).,accessible-space requirements under the state building code still apply,normal,n/a,"[""does not establish minimum""]",0.95,0.9,confirmed,direct reading of an explicit citywide statement that no minimum is established (8.20.1),directly_comparable,"an explicit 'no minimum established' citywide statement is a well-defined floor of 0 spaces/unit, directly comparable to a numeric minimum"
bridgeport-rule-candidate-00512,bridgeport-scenario-0002,DX1,Downtown Core,parking_regime,"8.20.2 MAXIMUMS. New and expanded uses may not provide off-street motor vehicle parking in excess of the maximum parking ratios established in Table 8-1, unless approved through the special permit approval procedures of 11.50.",,,,,maximum_ratio_regime_no_minimum,general_rule_candidate,bridgeport-citywide-8.20.2,228,8.20.2,,,,"8.20.2 MAXIMUMS. New and expanded uses may not provide off-street motor vehicle parking in excess of the maximum parking ratios established in Table 8-1, unless approved through the special permit approval procedures of 11.50.","maximums only, per Table 8-1 (not independently re-verified here)",normal,n/a,"[""maximum parking ratios""]",0.9,0.85,confirmed,"direct reading of an explicit, unambiguous citywide provision (Chapter 8.20 / 4.70.2)",qualitative_only,"a categorical description of the parking regime (maximum-ratio, no minimum), not a single numeric value"
bridgeport-rule-candidate-00513,bridgeport-scenario-0002,DX1,Downtown Core,adu_permission_pathway,"4.70.2 Accessory Apartments. B.(2) Number: No more than one accessory apartment is allowed per lot. B.(5) Size: The floor area of an accessory apartment may not exceed 49% of the gross floor area of the principal dwelling unit (excluding any attached garage), or 800 square feet, whichever is less. B.(6) Parking: No additional parking is required for an accessory apartment. B.(4) Rental: accessory apartments may not be rented for periods of less than 31 consecutive days, and require a recorded deed restriction before permit issuance.",,,,,allowed_subject_to_objective_conditions,general_rule_candidate,bridgeport-citywide-4.70.2,155,4.70.2,,,,"4.70.2 Accessory Apartments. B.(2) Number: No more than one accessory apartment is allowed per lot. B.(5) Size: The floor area of an accessory apartment may not exceed 49% of the gross floor area of the principal dwelling unit (excluding any attached garage), or 800 square feet, whichever is less. B.(6) Parking: No additional parking is required for an accessory apartment. B.(4) Rental: accessory apartments may not be rented for periods of less than 31 consecutive days, and require a recorded deed restriction before permit issuance.",one per lot; size <=49% of principal GFA or 800 sqft (lesser); no additional parking required; rental restricted to >=31 consecutive days with a recorded deed restriction; permit required but no special-permit/public-hearing language found in this provision's own text,normal,n/a,"[""Accessory Apartments"", ""accessory apartment""]",0.9,0.85,confirmed,"direct reading of an explicit, unambiguous citywide provision (Chapter 8.20 / 4.70.2)",comparable_with_documented_transform,"categorical ADU pathway; comparable to Greenwich's ADU pathway only at the categorical/ordinal level, not on every specific condition"
bridgeport-rule-candidate-00514,bridgeport-scenario-0002,DX1,Downtown Core,adu_conditions,"4.70.2 Accessory Apartments. B.(2) Number: No more than one accessory apartment is allowed per lot. B.(5) Size: The floor area of an accessory apartment may not exceed 49% of the gross floor area of the principal dwelling unit (excluding any attached garage), or 800 square feet, whichever is less. B.(6) Parking: No additional parking is required for an accessory apartment. B.(4) Rental: accessory apartments may not be rented for periods of less than 31 consecutive days, and require a recorded deed restriction before permit issuance.",,,,,one_per_lot; size<=49pct_of_principal_GFA_or_800sqft_whichever_less; no_additional_parking_required; rental_min_31_consecutive_days; deed_restriction_required,general_rule_candidate,bridgeport-citywide-4.70.2,155,4.70.2,,,,"4.70.2 Accessory Apartments. B.(2) Number: No more than one accessory apartment is allowed per lot. B.(5) Size: The floor area of an accessory apartment may not exceed 49% of the gross floor area of the principal dwelling unit (excluding any attached garage), or 800 square feet, whichever is less. B.(6) Parking: No additional parking is required for an accessory apartment. B.(4) Rental: accessory apartments may not be rented for periods of less than 31 consecutive days, and require a recorded deed restriction before permit issuance.",,normal,n/a,"[""Accessory Apartments""]",0.9,0.85,confirmed,"direct reading of an explicit, unambiguous citywide provision (Chapter 8.20 / 4.70.2)",comparable_with_documented_transform,"categorical ADU pathway; comparable to Greenwich's ADU pathway only at the categorical/ordinal level, not on every specific condition"
bridgeport-rule-candidate-00515,bridgeport-scenario-0003,DX2,Downtown Support,minimum_off_street_parking_spaces_per_dwelling_unit,8.20.1 MINIMUM RATIOS. This zoning code does not establish minimum off-street parking requirements (note: accessible parking spaces to serve persons with disabilities may be required in accordance with the state building code).,no minimum established,,0,spaces_per_unit_floor,no_minimum_parking_requirement,general_rule_candidate,bridgeport-citywide-8.20.1,228,8.20.1,,,,8.20.1 MINIMUM RATIOS. This zoning code does not establish minimum off-street parking requirements (note: accessible parking spaces to serve persons with disabilities may be required in accordance with the state building code).,accessible-space requirements under the state building code still apply,normal,n/a,"[""does not establish minimum""]",0.95,0.9,confirmed,direct reading of an explicit citywide statement that no minimum is established (8.20.1),directly_comparable,"an explicit 'no minimum established' citywide statement is a well-defined floor of 0 spaces/unit, directly comparable to a numeric minimum"
bridgeport-rule-candidate-00516,bridgeport-scenario-0003,DX2,Downtown Support,parking_regime,"8.20.2 MAXIMUMS. New and expanded uses may not provide off-street motor vehicle parking in excess of the maximum parking ratios established in Table 8-1, unless approved through the special permit approval procedures of 11.50.",,,,,maximum_ratio_regime_no_minimum,general_rule_candidate,bridgeport-citywide-8.20.2,228,8.20.2,,,,"8.20.2 MAXIMUMS. New and expanded uses may not provide off-street motor vehicle parking in excess of the maximum parking ratios established in Table 8-1, unless approved through the special permit approval procedures of 11.50.","maximums only, per Table 8-1 (not independently re-verified here)",normal,n/a,"[""maximum parking ratios""]",0.9,0.85,confirmed,"direct reading of an explicit, unambiguous citywide provision (Chapter 8.20 / 4.70.2)",qualitative_only,"a categorical description of the parking regime (maximum-ratio, no minimum), not a single numeric value"
bridgeport-rule-candidate-00517,bridgeport-scenario-0003,DX2,Downtown Support,adu_permission_pathway,"4.70.2 Accessory Apartments. B.(2) Number: No more than one accessory apartment is allowed per lot. B.(5) Size: The floor area of an accessory apartment may not exceed 49% of the gross floor area of the principal dwelling unit (excluding any attached garage), or 800 square feet, whichever is less. B.(6) Parking: No additional parking is required for an accessory apartment. B.(4) Rental: accessory apartments may not be rented for periods of less than 31 consecutive days, and require a recorded deed restriction before permit issuance.",,,,,allowed_subject_to_objective_conditions,general_rule_candidate,bridgeport-citywide-4.70.2,155,4.70.2,,,,"4.70.2 Accessory Apartments. B.(2) Number: No more than one accessory apartment is allowed per lot. B.(5) Size: The floor area of an accessory apartment may not exceed 49% of the gross floor area of the principal dwelling unit (excluding any attached garage), or 800 square feet, whichever is less. B.(6) Parking: No additional parking is required for an accessory apartment. B.(4) Rental: accessory apartments may not be rented for periods of less than 31 consecutive days, and require a recorded deed restriction before permit issuance.",one per lot; size <=49% of principal GFA or 800 sqft (lesser); no additional parking required; rental restricted to >=31 consecutive days with a recorded deed restriction; permit required but no special-permit/public-hearing language found in this provision's own text,normal,n/a,"[""Accessory Apartments"", ""accessory apartment""]",0.9,0.85,confirmed,"direct reading of an explicit, unambiguous citywide provision (Chapter 8.20 / 4.70.2)",comparable_with_documented_transform,"categorical ADU pathway; comparable to Greenwich's ADU pathway only at the categorical/ordinal level, not on every specific condition"
bridgeport-rule-candidate-00518,bridgeport-scenario-0003,DX2,Downtown Support,adu_conditions,"4.70.2 Accessory Apartments. B.(2) Number: No more than one accessory apartment is allowed per lot. B.(5) Size: The floor area of an accessory apartment may not exceed 49% of the gross floor area of the principal dwelling unit (excluding any attached garage), or 800 square feet, whichever is less. B.(6) Parking: No additional parking is required for an accessory apartment. B.(4) Rental: accessory apartments may not be rented for periods of less than 31 consecutive days, and require a recorded deed restriction before permit issuance.",,,,,one_per_lot; size<=49pct_of_principal_GFA_or_800sqft_whichever_less; no_additional_parking_required; rental_min_31_consecutive_days; deed_restriction_required,general_rule_candidate,bridgeport-citywide-4.70.2,155,4.70.2,,,,"4.70.2 Accessory Apartments. B.(2) Number: No more than one accessory apartment is allowed per lot. B.(5) Size: The floor area of an accessory apartment may not exceed 49% of the gross floor area of the principal dwelling unit (excluding any attached garage), or 800 square feet, whichever is less. B.(6) Parking: No additional parking is required for an accessory apartment. B.(4) Rental: accessory apartments may not be rented for periods of less than 31 consecutive days, and require a recorded deed restriction before permit issuance.",,normal,n/a,"[""Accessory Apartments""]",0.9,0.85,confirmed,"direct reading of an explicit, unambiguous citywide provision (Chapter 8.20 / 4.70.2)",comparable_with_documented_transform,"categorical ADU pathway; comparable to Greenwich's ADU pathway only at the categorical/ordinal level, not on every specific condition"
bridgeport-rule-candidate-00519,bridgeport-scenario-0004,MX1,Mixed-Use Corridor,minimum_off_street_parking_spaces_per_dwelling_unit,8.20.1 MINIMUM RATIOS. This zoning code does not establish minimum off-street parking requirements (note: accessible parking spaces to serve persons with disabilities may be required in accordance with the state building code).,no minimum established,,0,spaces_per_unit_floor,no_minimum_parking_requirement,general_rule_candidate,bridgeport-citywide-8.20.1,228,8.20.1,,,,8.20.1 MINIMUM RATIOS. This zoning code does not establish minimum off-street parking requirements (note: accessible parking spaces to serve persons with disabilities may be required in accordance with the state building code).,accessible-space requirements under the state building code still apply,normal,n/a,"[""does not establish minimum""]",0.95,0.9,confirmed,direct reading of an explicit citywide statement that no minimum is established (8.20.1),directly_comparable,"an explicit 'no minimum established' citywide statement is a well-defined floor of 0 spaces/unit, directly comparable to a numeric minimum"
bridgeport-rule-candidate-00520,bridgeport-scenario-0004,MX1,Mixed-Use Corridor,parking_regime,"8.20.2 MAXIMUMS. New and expanded uses may not provide off-street motor vehicle parking in excess of the maximum parking ratios established in Table 8-1, unless approved through the special permit approval procedures of 11.50.",,,,,maximum_ratio_regime_no_minimum,general_rule_candidate,bridgeport-citywide-8.20.2,228,8.20.2,,,,"8.20.2 MAXIMUMS. New and expanded uses may not provide off-street motor vehicle parking in excess of the maximum parking ratios established in Table 8-1, unless approved through the special permit approval procedures of 11.50.","maximums only, per Table 8-1 (not independently re-verified here)",normal,n/a,"[""maximum parking ratios""]",0.9,0.85,confirmed,"direct reading of an explicit, unambiguous citywide provision (Chapter 8.20 / 4.70.2)",qualitative_only,"a categorical description of the parking regime (maximum-ratio, no minimum), not a single numeric value"
bridgeport-rule-candidate-00521,bridgeport-scenario-0004,MX1,Mixed-Use Corridor,adu_permission_pathway,"4.70.2 Accessory Apartments. B.(2) Number: No more than one accessory apartment is allowed per lot. B.(5) Size: The floor area of an accessory apartment may not exceed 49% of the gross floor area of the principal dwelling unit (excluding any attached garage), or 800 square feet, whichever is less. B.(6) Parking: No additional parking is required for an accessory apartment. B.(4) Rental: accessory apartments may not be rented for periods of less than 31 consecutive days, and require a recorded deed restriction before permit issuance.",,,,,allowed_subject_to_objective_conditions,general_rule_candidate,bridgeport-citywide-4.70.2,155,4.70.2,,,,"4.70.2 Accessory Apartments. B.(2) Number: No more than one accessory apartment is allowed per lot. B.(5) Size: The floor area of an accessory apartment may not exceed 49% of the gross floor area of the principal dwelling unit (excluding any attached garage), or 800 square feet, whichever is less. B.(6) Parking: No additional parking is required for an accessory apartment. B.(4) Rental: accessory apartments may not be rented for periods of less than 31 consecutive days, and require a recorded deed restriction before permit issuance.",one per lot; size <=49% of principal GFA or 800 sqft (lesser); no additional parking required; rental restricted to >=31 consecutive days with a recorded deed restriction; permit required but no special-permit/public-hearing language found in this provision's own text,normal,n/a,"[""Accessory Apartments"", ""accessory apartment""]",0.9,0.85,confirmed,"direct reading of an explicit, unambiguous citywide provision (Chapter 8.20 / 4.70.2)",comparable_with_documented_transform,"categorical ADU pathway; comparable to Greenwich's ADU pathway only at the categorical/ordinal level, not on every specific condition"
bridgeport-rule-candidate-00522,bridgeport-scenario-0004,MX1,Mixed-Use Corridor,adu_conditions,"4.70.2 Accessory Apartments. B.(2) Number: No more than one accessory apartment is allowed per lot. B.(5) Size: The floor area of an accessory apartment may not exceed 49% of the gross floor area of the principal dwelling unit (excluding any attached garage), or 800 square feet, whichever is less. B.(6) Parking: No additional parking is required for an accessory apartment. B.(4) Rental: accessory apartments may not be rented for periods of less than 31 consecutive days, and require a recorded deed restriction before permit issuance.",,,,,one_per_lot; size<=49pct_of_principal_GFA_or_800sqft_whichever_less; no_additional_parking_required; rental_min_31_consecutive_days; deed_restriction_required,general_rule_candidate,bridgeport-citywide-4.70.2,155,4.70.2,,,,"4.70.2 Accessory Apartments. B.(2) Number: No more than one accessory apartment is allowed per lot. B.(5) Size: The floor area of an accessory apartment may not exceed 49% of the gross floor area of the principal dwelling unit (excluding any attached garage), or 800 square feet, whichever is less. B.(6) Parking: No additional parking is required for an accessory apartment. B.(4) Rental: accessory apartments may not be rented for periods of less than 31 consecutive days, and require a recorded deed restriction before permit issuance.",,normal,n/a,"[""Accessory Apartments""]",0.9,0.85,confirmed,"direct reading of an explicit, unambiguous citywide provision (Chapter 8.20 / 4.70.2)",comparable_with_documented_transform,"categorical ADU pathway; comparable to Greenwich's ADU pathway only at the categorical/ordinal level, not on every specific condition"
bridgeport-rule-candidate-00523,bridgeport-scenario-0005,MX2,Mixed-Use Centers,minimum_off_street_parking_spaces_per_dwelling_unit,8.20.1 MINIMUM RATIOS. This zoning code does not establish minimum off-street parking requirements (note: accessible parking spaces to serve persons with disabilities may be required in accordance with the state building code).,no minimum established,,0,spaces_per_unit_floor,no_minimum_parking_requirement,general_rule_candidate,bridgeport-citywide-8.20.1,228,8.20.1,,,,8.20.1 MINIMUM RATIOS. This zoning code does not establish minimum off-street parking requirements (note: accessible parking spaces to serve persons with disabilities may be required in accordance with the state building code).,accessible-space requirements under the state building code still apply,normal,n/a,"[""does not establish minimum""]",0.95,0.9,confirmed,direct reading of an explicit citywide statement that no minimum is established (8.20.1),directly_comparable,"an explicit 'no minimum established' citywide statement is a well-defined floor of 0 spaces/unit, directly comparable to a numeric minimum"
bridgeport-rule-candidate-00524,bridgeport-scenario-0005,MX2,Mixed-Use Centers,parking_regime,"8.20.2 MAXIMUMS. New and expanded uses may not provide off-street motor vehicle parking in excess of the maximum parking ratios established in Table 8-1, unless approved through the special permit approval procedures of 11.50.",,,,,maximum_ratio_regime_no_minimum,general_rule_candidate,bridgeport-citywide-8.20.2,228,8.20.2,,,,"8.20.2 MAXIMUMS. New and expanded uses may not provide off-street motor vehicle parking in excess of the maximum parking ratios established in Table 8-1, unless approved through the special permit approval procedures of 11.50.","maximums only, per Table 8-1 (not independently re-verified here)",normal,n/a,"[""maximum parking ratios""]",0.9,0.85,confirmed,"direct reading of an explicit, unambiguous citywide provision (Chapter 8.20 / 4.70.2)",qualitative_only,"a categorical description of the parking regime (maximum-ratio, no minimum), not a single numeric value"
bridgeport-rule-candidate-00525,bridgeport-scenario-0005,MX2,Mixed-Use Centers,adu_permission_pathway,"4.70.2 Accessory Apartments. B.(2) Number: No more than one accessory apartment is allowed per lot. B.(5) Size: The floor area of an accessory apartment may not exceed 49% of the gross floor area of the principal dwelling unit (excluding any attached garage), or 800 square feet, whichever is less. B.(6) Parking: No additional parking is required for an accessory apartment. B.(4) Rental: accessory apartments may not be rented for periods of less than 31 consecutive days, and require a recorded deed restriction before permit issuance.",,,,,allowed_subject_to_objective_conditions,general_rule_candidate,bridgeport-citywide-4.70.2,155,4.70.2,,,,"4.70.2 Accessory Apartments. B.(2) Number: No more than one accessory apartment is allowed per lot. B.(5) Size: The floor area of an accessory apartment may not exceed 49% of the gross floor area of the principal dwelling unit (excluding any attached garage), or 800 square feet, whichever is less. B.(6) Parking: No additional parking is required for an accessory apartment. B.(4) Rental: accessory apartments may not be rented for periods of less than 31 consecutive days, and require a recorded deed restriction before permit issuance.",one per lot; size <=49% of principal GFA or 800 sqft (lesser); no additional parking required; rental restricted to >=31 consecutive days with a recorded deed restriction; permit required but no special-permit/public-hearing language found in this provision's own text,normal,n/a,"[""Accessory Apartments"", ""accessory apartment""]",0.9,0.85,confirmed,"direct reading of an explicit, unambiguous citywide provision (Chapter 8.20 / 4.70.2)",comparable_with_documented_transform,"categorical ADU pathway; comparable to Greenwich's ADU pathway only at the categorical/ordinal level, not on every specific condition"
bridgeport-rule-candidate-00526,bridgeport-scenario-0005,MX2,Mixed-Use Centers,adu_conditions,"4.70.2 Accessory Apartments. B.(2) Number: No more than one accessory apartment is allowed per lot. B.(5) Size: The floor area of an accessory apartment may not exceed 49% of the gross floor area of the principal dwelling unit (excluding any attached garage), or 800 square feet, whichever is less. B.(6) Parking: No additional parking is required for an accessory apartment. B.(4) Rental: accessory apartments may not be rented for periods of less than 31 consecutive days, and require a recorded deed restriction before permit issuance.",,,,,one_per_lot; size<=49pct_of_principal_GFA_or_800sqft_whichever_less; no_additional_parking_required; rental_min_31_consecutive_days; deed_restriction_required,general_rule_candidate,bridgeport-citywide-4.70.2,155,4.70.2,,,,"4.70.2 Accessory Apartments. B.(2) Number: No more than one accessory apartment is allowed per lot. B.(5) Size: The floor area of an accessory apartment may not exceed 49% of the gross floor area of the principal dwelling unit (excluding any attached garage), or 800 square feet, whichever is less. B.(6) Parking: No additional parking is required for an accessory apartment. B.(4) Rental: accessory apartments may not be rented for periods of less than 31 consecutive days, and require a recorded deed restriction before permit issuance.",,normal,n/a,"[""Accessory Apartments""]",0.9,0.85,confirmed,"direct reading of an explicit, unambiguous citywide provision (Chapter 8.20 / 4.70.2)",comparable_with_documented_transform,"categorical ADU pathway; comparable to Greenwich's ADU pathway only at the categorical/ordinal level, not on every specific condition"
bridgeport-rule-candidate-00527,bridgeport-scenario-0006,MXN,Mixed-Use Neighborhood Corners,minimum_off_street_parking_spaces_per_dwelling_unit,8.20.1 MINIMUM RATIOS. This zoning code does not establish minimum off-street parking requirements (note: accessible parking spaces to serve persons with disabilities may be required in accordance with the state building code).,no minimum established,,0,spaces_per_unit_floor,no_minimum_parking_requirement,general_rule_candidate,bridgeport-citywide-8.20.1,228,8.20.1,,,,8.20.1 MINIMUM RATIOS. This zoning code does not establish minimum off-street parking requirements (note: accessible parking spaces to serve persons with disabilities may be required in accordance with the state building code).,accessible-space requirements under the state building code still apply,normal,n/a,"[""does not establish minimum""]",0.95,0.9,confirmed,direct reading of an explicit citywide statement that no minimum is established (8.20.1),directly_comparable,"an explicit 'no minimum established' citywide statement is a well-defined floor of 0 spaces/unit, directly comparable to a numeric minimum"
bridgeport-rule-candidate-00528,bridgeport-scenario-0006,MXN,Mixed-Use Neighborhood Corners,parking_regime,"8.20.2 MAXIMUMS. New and expanded uses may not provide off-street motor vehicle parking in excess of the maximum parking ratios established in Table 8-1, unless approved through the special permit approval procedures of 11.50.",,,,,maximum_ratio_regime_no_minimum,general_rule_candidate,bridgeport-citywide-8.20.2,228,8.20.2,,,,"8.20.2 MAXIMUMS. New and expanded uses may not provide off-street motor vehicle parking in excess of the maximum parking ratios established in Table 8-1, unless approved through the special permit approval procedures of 11.50.","maximums only, per Table 8-1 (not independently re-verified here)",normal,n/a,"[""maximum parking ratios""]",0.9,0.85,confirmed,"direct reading of an explicit, unambiguous citywide provision (Chapter 8.20 / 4.70.2)",qualitative_only,"a categorical description of the parking regime (maximum-ratio, no minimum), not a single numeric value"
bridgeport-rule-candidate-00529,bridgeport-scenario-0006,MXN,Mixed-Use Neighborhood Corners,adu_permission_pathway,"4.70.2 Accessory Apartments. B.(2) Number: No more than one accessory apartment is allowed per lot. B.(5) Size: The floor area of an accessory apartment may not exceed 49% of the gross floor area of the principal dwelling unit (excluding any attached garage), or 800 square feet, whichever is less. B.(6) Parking: No additional parking is required for an accessory apartment. B.(4) Rental: accessory apartments may not be rented for periods of less than 31 consecutive days, and require a recorded deed restriction before permit issuance.",,,,,allowed_subject_to_objective_conditions,general_rule_candidate,bridgeport-citywide-4.70.2,155,4.70.2,,,,"4.70.2 Accessory Apartments. B.(2) Number: No more than one accessory apartment is allowed per lot. B.(5) Size: The floor area of an accessory apartment may not exceed 49% of the gross floor area of the principal dwelling unit (excluding any attached garage), or 800 square feet, whichever is less. B.(6) Parking: No additional parking is required for an accessory apartment. B.(4) Rental: accessory apartments may not be rented for periods of less than 31 consecutive days, and require a recorded deed restriction before permit issuance.",one per lot; size <=49% of principal GFA or 800 sqft (lesser); no additional parking required; rental restricted to >=31 consecutive days with a recorded deed restriction; permit required but no special-permit/public-hearing language found in this provision's own text,normal,n/a,"[""Accessory Apartments"", ""accessory apartment""]",0.9,0.85,confirmed,"direct reading of an explicit, unambiguous citywide provision (Chapter 8.20 / 4.70.2)",comparable_with_documented_transform,"categorical ADU pathway; comparable to Greenwich's ADU pathway only at the categorical/ordinal level, not on every specific condition"
bridgeport-rule-candidate-00530,bridgeport-scenario-0006,MXN,Mixed-Use Neighborhood Corners,adu_conditions,"4.70.2 Accessory Apartments. B.(2) Number: No more than one accessory apartment is allowed per lot. B.(5) Size: The floor area of an accessory apartment may not exceed 49% of the gross floor area of the principal dwelling unit (excluding any attached garage), or 800 square feet, whichever is less. B.(6) Parking: No additional parking is required for an accessory apartment. B.(4) Rental: accessory apartments may not be rented for periods of less than 31 consecutive days, and require a recorded deed restriction before permit issuance.",,,,,one_per_lot; size<=49pct_of_principal_GFA_or_800sqft_whichever_less; no_additional_parking_required; rental_min_31_consecutive_days; deed_restriction_required,general_rule_candidate,bridgeport-citywide-4.70.2,155,4.70.2,,,,"4.70.2 Accessory Apartments. B.(2) Number: No more than one accessory apartment is allowed per lot. B.(5) Size: The floor area of an accessory apartment may not exceed 49% of the gross floor area of the principal dwelling unit (excluding any attached garage), or 800 square feet, whichever is less. B.(6) Parking: No additional parking is required for an accessory apartment. B.(4) Rental: accessory apartments may not be rented for periods of less than 31 consecutive days, and require a recorded deed restriction before permit issuance.",,normal,n/a,"[""Accessory Apartments""]",0.9,0.85,confirmed,"direct reading of an explicit, unambiguous citywide provision (Chapter 8.20 / 4.70.2)",comparable_with_documented_transform,"categorical ADU pathway; comparable to Greenwich's ADU pathway only at the categorical/ordinal level, not on every specific condition"
bridgeport-rule-candidate-00531,bridgeport-scenario-0007,RX2,Residential-Office Centers,minimum_off_street_parking_spaces_per_dwelling_unit,8.20.1 MINIMUM RATIOS. This zoning code does not establish minimum off-street parking requirements (note: accessible parking spaces to serve persons with disabilities may be required in accordance with the state building code).,no minimum established,,0,spaces_per_unit_floor,no_minimum_parking_requirement,general_rule_candidate,bridgeport-citywide-8.20.1,228,8.20.1,,,,8.20.1 MINIMUM RATIOS. This zoning code does not establish minimum off-street parking requirements (note: accessible parking spaces to serve persons with disabilities may be required in accordance with the state building code).,accessible-space requirements under the state building code still apply,normal,n/a,"[""does not establish minimum""]",0.95,0.9,confirmed,direct reading of an explicit citywide statement that no minimum is established (8.20.1),directly_comparable,"an explicit 'no minimum established' citywide statement is a well-defined floor of 0 spaces/unit, directly comparable to a numeric minimum"
bridgeport-rule-candidate-00532,bridgeport-scenario-0007,RX2,Residential-Office Centers,parking_regime,"8.20.2 MAXIMUMS. New and expanded uses may not provide off-street motor vehicle parking in excess of the maximum parking ratios established in Table 8-1, unless approved through the special permit approval procedures of 11.50.",,,,,maximum_ratio_regime_no_minimum,general_rule_candidate,bridgeport-citywide-8.20.2,228,8.20.2,,,,"8.20.2 MAXIMUMS. New and expanded uses may not provide off-street motor vehicle parking in excess of the maximum parking ratios established in Table 8-1, unless approved through the special permit approval procedures of 11.50.","maximums only, per Table 8-1 (not independently re-verified here)",normal,n/a,"[""maximum parking ratios""]",0.9,0.85,confirmed,"direct reading of an explicit, unambiguous citywide provision (Chapter 8.20 / 4.70.2)",qualitative_only,"a categorical description of the parking regime (maximum-ratio, no minimum), not a single numeric value"
bridgeport-rule-candidate-00533,bridgeport-scenario-0007,RX2,Residential-Office Centers,adu_permission_pathway,"4.70.2 Accessory Apartments. B.(2) Number: No more than one accessory apartment is allowed per lot. B.(5) Size: The floor area of an accessory apartment may not exceed 49% of the gross floor area of the principal dwelling unit (excluding any attached garage), or 800 square feet, whichever is less. B.(6) Parking: No additional parking is required for an accessory apartment. B.(4) Rental: accessory apartments may not be rented for periods of less than 31 consecutive days, and require a recorded deed restriction before permit issuance.",,,,,allowed_subject_to_objective_conditions,general_rule_candidate,bridgeport-citywide-4.70.2,155,4.70.2,,,,"4.70.2 Accessory Apartments. B.(2) Number: No more than one accessory apartment is allowed per lot. B.(5) Size: The floor area of an accessory apartment may not exceed 49% of the gross floor area of the principal dwelling unit (excluding any attached garage), or 800 square feet, whichever is less. B.(6) Parking: No additional parking is required for an accessory apartment. B.(4) Rental: accessory apartments may not be rented for periods of less than 31 consecutive days, and require a recorded deed restriction before permit issuance.",one per lot; size <=49% of principal GFA or 800 sqft (lesser); no additional parking required; rental restricted to >=31 consecutive days with a recorded deed restriction; permit required but no special-permit/public-hearing language found in this provision's own text,normal,n/a,"[""Accessory Apartments"", ""accessory apartment""]",0.9,0.85,confirmed,"direct reading of an explicit, unambiguous citywide provision (Chapter 8.20 / 4.70.2)",comparable_with_documented_transform,"categorical ADU pathway; comparable to Greenwich's ADU pathway only at the categorical/ordinal level, not on every specific condition"
bridgeport-rule-candidate-00534,bridgeport-scenario-0007,RX2,Residential-Office Centers,adu_conditions,"4.70.2 Accessory Apartments. B.(2) Number: No more than one accessory apartment is allowed per lot. B.(5) Size: The floor area of an accessory apartment may not exceed 49% of the gross floor area of the principal dwelling unit (excluding any attached garage), or 800 square feet, whichever is less. B.(6) Parking: No additional parking is required for an accessory apartment. B.(4) Rental: accessory apartments may not be rented for periods of less than 31 consecutive days, and require a recorded deed restriction before permit issuance.",,,,,one_per_lot; size<=49pct_of_principal_GFA_or_800sqft_whichever_less; no_additional_parking_required; rental_min_31_consecutive_days; deed_restriction_required,general_rule_candidate,bridgeport-citywide-4.70.2,155,4.70.2,,,,"4.70.2 Accessory Apartments. B.(2) Number: No more than one accessory apartment is allowed per lot. B.(5) Size: The floor area of an accessory apartment may not exceed 49% of the gross floor area of the principal dwelling unit (excluding any attached garage), or 800 square feet, whichever is less. B.(6) Parking: No additional parking is required for an accessory apartment. B.(4) Rental: accessory apartments may not be rented for periods of less than 31 consecutive days, and require a recorded deed restriction before permit issuance.",,normal,n/a,"[""Accessory Apartments""]",0.9,0.85,confirmed,"direct reading of an explicit, unambiguous citywide provision (Chapter 8.20 / 4.70.2)",comparable_with_documented_transform,"categorical ADU pathway; comparable to Greenwich's ADU pathway only at the categorical/ordinal level, not on every specific condition"
bridgeport-rule-candidate-00535,bridgeport-scenario-0008,DX1,Downtown Core,minimum_off_street_parking_spaces_per_dwelling_unit,8.20.1 MINIMUM RATIOS. This zoning code does not establish minimum off-street parking requirements (note: accessible parking spaces to serve persons with disabilities may be required in accordance with the state building code).,no minimum established,,0,spaces_per_unit_floor,no_minimum_parking_requirement,general_rule_candidate,bridgeport-citywide-8.20.1,228,8.20.1,,,,8.20.1 MINIMUM RATIOS. This zoning code does not establish minimum off-street parking requirements (note: accessible parking spaces to serve persons with disabilities may be required in accordance with the state building code).,accessible-space requirements under the state building code still apply,normal,n/a,"[""does not establish minimum""]",0.95,0.9,confirmed,direct reading of an explicit citywide statement that no minimum is established (8.20.1),directly_comparable,"an explicit 'no minimum established' citywide statement is a well-defined floor of 0 spaces/unit, directly comparable to a numeric minimum"
bridgeport-rule-candidate-00536,bridgeport-scenario-0008,DX1,Downtown Core,parking_regime,"8.20.2 MAXIMUMS. New and expanded uses may not provide off-street motor vehicle parking in excess of the maximum parking ratios established in Table 8-1, unless approved through the special permit approval procedures of 11.50.",,,,,maximum_ratio_regime_no_minimum,general_rule_candidate,bridgeport-citywide-8.20.2,228,8.20.2,,,,"8.20.2 MAXIMUMS. New and expanded uses may not provide off-street motor vehicle parking in excess of the maximum parking ratios established in Table 8-1, unless approved through the special permit approval procedures of 11.50.","maximums only, per Table 8-1 (not independently re-verified here)",normal,n/a,"[""maximum parking ratios""]",0.9,0.85,confirmed,"direct reading of an explicit, unambiguous citywide provision (Chapter 8.20 / 4.70.2)",qualitative_only,"a categorical description of the parking regime (maximum-ratio, no minimum), not a single numeric value"
bridgeport-rule-candidate-00537,bridgeport-scenario-0008,DX1,Downtown Core,adu_permission_pathway,"4.70.2 Accessory Apartments. B.(2) Number: No more than one accessory apartment is allowed per lot. B.(5) Size: The floor area of an accessory apartment may not exceed 49% of the gross floor area of the principal dwelling unit (excluding any attached garage), or 800 square feet, whichever is less. B.(6) Parking: No additional parking is required for an accessory apartment. B.(4) Rental: accessory apartments may not be rented for periods of less than 31 consecutive days, and require a recorded deed restriction before permit issuance.",,,,,allowed_subject_to_objective_conditions,general_rule_candidate,bridgeport-citywide-4.70.2,155,4.70.2,,,,"4.70.2 Accessory Apartments. B.(2) Number: No more than one accessory apartment is allowed per lot. B.(5) Size: The floor area of an accessory apartment may not exceed 49% of the gross floor area of the principal dwelling unit (excluding any attached garage), or 800 square feet, whichever is less. B.(6) Parking: No additional parking is required for an accessory apartment. B.(4) Rental: accessory apartments may not be rented for periods of less than 31 consecutive days, and require a recorded deed restriction before permit issuance.",one per lot; size <=49% of principal GFA or 800 sqft (lesser); no additional parking required; rental restricted to >=31 consecutive days with a recorded deed restriction; permit required but no special-permit/public-hearing language found in this provision's own text,normal,n/a,"[""Accessory Apartments"", ""accessory apartment""]",0.9,0.85,confirmed,"direct reading of an explicit, unambiguous citywide provision (Chapter 8.20 / 4.70.2)",comparable_with_documented_transform,"categorical ADU pathway; comparable to Greenwich's ADU pathway only at the categorical/ordinal level, not on every specific condition"
bridgeport-rule-candidate-00538,bridgeport-scenario-0008,DX1,Downtown Core,adu_conditions,"4.70.2 Accessory Apartments. B.(2) Number: No more than one accessory apartment is allowed per lot. B.(5) Size: The floor area of an accessory apartment may not exceed 49% of the gross floor area of the principal dwelling unit (excluding any attached garage), or 800 square feet, whichever is less. B.(6) Parking: No additional parking is required for an accessory apartment. B.(4) Rental: accessory apartments may not be rented for periods of less than 31 consecutive days, and require a recorded deed restriction before permit issuance.",,,,,one_per_lot; size<=49pct_of_principal_GFA_or_800sqft_whichever_less; no_additional_parking_required; rental_min_31_consecutive_days; deed_restriction_required,general_rule_candidate,bridgeport-citywide-4.70.2,155,4.70.2,,,,"4.70.2 Accessory Apartments. B.(2) Number: No more than one accessory apartment is allowed per lot. B.(5) Size: The floor area of an accessory apartment may not exceed 49% of the gross floor area of the principal dwelling unit (excluding any attached garage), or 800 square feet, whichever is less. B.(6) Parking: No additional parking is required for an accessory apartment. B.(4) Rental: accessory apartments may not be rented for periods of less than 31 consecutive days, and require a recorded deed restriction before permit issuance.",,normal,n/a,"[""Accessory Apartments""]",0.9,0.85,confirmed,"direct reading of an explicit, unambiguous citywide provision (Chapter 8.20 / 4.70.2)",comparable_with_documented_transform,"categorical ADU pathway; comparable to Greenwich's ADU pathway only at the categorical/ordinal level, not on every specific condition"
bridgeport-rule-candidate-00539,bridgeport-scenario-0009,MX1,Mixed-Use Corridor,minimum_off_street_parking_spaces_per_dwelling_unit,8.20.1 MINIMUM RATIOS. This zoning code does not establish minimum off-street parking requirements (note: accessible parking spaces to serve persons with disabilities may be required in accordance with the state building code).,no minimum established,,0,spaces_per_unit_floor,no_minimum_parking_requirement,general_rule_candidate,bridgeport-citywide-8.20.1,228,8.20.1,,,,8.20.1 MINIMUM RATIOS. This zoning code does not establish minimum off-street parking requirements (note: accessible parking spaces to serve persons with disabilities may be required in accordance with the state building code).,accessible-space requirements under the state building code still apply,normal,n/a,"[""does not establish minimum""]",0.95,0.9,confirmed,direct reading of an explicit citywide statement that no minimum is established (8.20.1),directly_comparable,"an explicit 'no minimum established' citywide statement is a well-defined floor of 0 spaces/unit, directly comparable to a numeric minimum"
bridgeport-rule-candidate-00540,bridgeport-scenario-0009,MX1,Mixed-Use Corridor,parking_regime,"8.20.2 MAXIMUMS. New and expanded uses may not provide off-street motor vehicle parking in excess of the maximum parking ratios established in Table 8-1, unless approved through the special permit approval procedures of 11.50.",,,,,maximum_ratio_regime_no_minimum,general_rule_candidate,bridgeport-citywide-8.20.2,228,8.20.2,,,,"8.20.2 MAXIMUMS. New and expanded uses may not provide off-street motor vehicle parking in excess of the maximum parking ratios established in Table 8-1, unless approved through the special permit approval procedures of 11.50.","maximums only, per Table 8-1 (not independently re-verified here)",normal,n/a,"[""maximum parking ratios""]",0.9,0.85,confirmed,"direct reading of an explicit, unambiguous citywide provision (Chapter 8.20 / 4.70.2)",qualitative_only,"a categorical description of the parking regime (maximum-ratio, no minimum), not a single numeric value"
bridgeport-rule-candidate-00541,bridgeport-scenario-0009,MX1,Mixed-Use Corridor,adu_permission_pathway,"4.70.2 Accessory Apartments. B.(2) Number: No more than one accessory apartment is allowed per lot. B.(5) Size: The floor area of an accessory apartment may not exceed 49% of the gross floor area of the principal dwelling unit (excluding any attached garage), or 800 square feet, whichever is less. B.(6) Parking: No additional parking is required for an accessory apartment. B.(4) Rental: accessory apartments may not be rented for periods of less than 31 consecutive days, and require a recorded deed restriction before permit issuance.",,,,,allowed_subject_to_objective_conditions,general_rule_candidate,bridgeport-citywide-4.70.2,155,4.70.2,,,,"4.70.2 Accessory Apartments. B.(2) Number: No more than one accessory apartment is allowed per lot. B.(5) Size: The floor area of an accessory apartment may not exceed 49% of the gross floor area of the principal dwelling unit (excluding any attached garage), or 800 square feet, whichever is less. B.(6) Parking: No additional parking is required for an accessory apartment. B.(4) Rental: accessory apartments may not be rented for periods of less than 31 consecutive days, and require a recorded deed restriction before permit issuance.",one per lot; size <=49% of principal GFA or 800 sqft (lesser); no additional parking required; rental restricted to >=31 consecutive days with a recorded deed restriction; permit required but no special-permit/public-hearing language found in this provision's own text,normal,n/a,"[""Accessory Apartments"", ""accessory apartment""]",0.9,0.85,confirmed,"direct reading of an explicit, unambiguous citywide provision (Chapter 8.20 / 4.70.2)",comparable_with_documented_transform,"categorical ADU pathway; comparable to Greenwich's ADU pathway only at the categorical/ordinal level, not on every specific condition"
bridgeport-rule-candidate-00542,bridgeport-scenario-0009,MX1,Mixed-Use Corridor,adu_conditions,"4.70.2 Accessory Apartments. B.(2) Number: No more than one accessory apartment is allowed per lot. B.(5) Size: The floor area of an accessory apartment may not exceed 49% of the gross floor area of the principal dwelling unit (excluding any attached garage), or 800 square feet, whichever is less. B.(6) Parking: No additional parking is required for an accessory apartment. B.(4) Rental: accessory apartments may not be rented for periods of less than 31 consecutive days, and require a recorded deed restriction before permit issuance.",,,,,one_per_lot; size<=49pct_of_principal_GFA_or_800sqft_whichever_less; no_additional_parking_required; rental_min_31_consecutive_days; deed_restriction_required,general_rule_candidate,bridgeport-citywide-4.70.2,155,4.70.2,,,,"4.70.2 Accessory Apartments. B.(2) Number: No more than one accessory apartment is allowed per lot. B.(5) Size: The floor area of an accessory apartment may not exceed 49% of the gross floor area of the principal dwelling unit (excluding any attached garage), or 800 square feet, whichever is less. B.(6) Parking: No additional parking is required for an accessory apartment. B.(4) Rental: accessory apartments may not be rented for periods of less than 31 consecutive days, and require a recorded deed restriction before permit issuance.",,normal,n/a,"[""Accessory Apartments""]",0.9,0.85,confirmed,"direct reading of an explicit, unambiguous citywide provision (Chapter 8.20 / 4.70.2)",comparable_with_documented_transform,"categorical ADU pathway; comparable to Greenwich's ADU pathway only at the categorical/ordinal level, not on every specific condition"
bridgeport-rule-candidate-00543,bridgeport-scenario-0010,MX2,Mixed-Use Centers,minimum_off_street_parking_spaces_per_dwelling_unit,8.20.1 MINIMUM RATIOS. This zoning code does not establish minimum off-street parking requirements (note: accessible parking spaces to serve persons with disabilities may be required in accordance with the state building code).,no minimum established,,0,spaces_per_unit_floor,no_minimum_parking_requirement,general_rule_candidate,bridgeport-citywide-8.20.1,228,8.20.1,,,,8.20.1 MINIMUM RATIOS. This zoning code does not establish minimum off-street parking requirements (note: accessible parking spaces to serve persons with disabilities may be required in accordance with the state building code).,accessible-space requirements under the state building code still apply,normal,n/a,"[""does not establish minimum""]",0.95,0.9,confirmed,direct reading of an explicit citywide statement that no minimum is established (8.20.1),directly_comparable,"an explicit 'no minimum established' citywide statement is a well-defined floor of 0 spaces/unit, directly comparable to a numeric minimum"
bridgeport-rule-candidate-00544,bridgeport-scenario-0010,MX2,Mixed-Use Centers,parking_regime,"8.20.2 MAXIMUMS. New and expanded uses may not provide off-street motor vehicle parking in excess of the maximum parking ratios established in Table 8-1, unless approved through the special permit approval procedures of 11.50.",,,,,maximum_ratio_regime_no_minimum,general_rule_candidate,bridgeport-citywide-8.20.2,228,8.20.2,,,,"8.20.2 MAXIMUMS. New and expanded uses may not provide off-street motor vehicle parking in excess of the maximum parking ratios established in Table 8-1, unless approved through the special permit approval procedures of 11.50.","maximums only, per Table 8-1 (not independently re-verified here)",normal,n/a,"[""maximum parking ratios""]",0.9,0.85,confirmed,"direct reading of an explicit, unambiguous citywide provision (Chapter 8.20 / 4.70.2)",qualitative_only,"a categorical description of the parking regime (maximum-ratio, no minimum), not a single numeric value"
bridgeport-rule-candidate-00545,bridgeport-scenario-0010,MX2,Mixed-Use Centers,adu_permission_pathway,"4.70.2 Accessory Apartments. B.(2) Number: No more than one accessory apartment is allowed per lot. B.(5) Size: The floor area of an accessory apartment may not exceed 49% of the gross floor area of the principal dwelling unit (excluding any attached garage), or 800 square feet, whichever is less. B.(6) Parking: No additional parking is required for an accessory apartment. B.(4) Rental: accessory apartments may not be rented for periods of less than 31 consecutive days, and require a recorded deed restriction before permit issuance.",,,,,allowed_subject_to_objective_conditions,general_rule_candidate,bridgeport-citywide-4.70.2,155,4.70.2,,,,"4.70.2 Accessory Apartments. B.(2) Number: No more than one accessory apartment is allowed per lot. B.(5) Size: The floor area of an accessory apartment may not exceed 49% of the gross floor area of the principal dwelling unit (excluding any attached garage), or 800 square feet, whichever is less. B.(6) Parking: No additional parking is required for an accessory apartment. B.(4) Rental: accessory apartments may not be rented for periods of less than 31 consecutive days, and require a recorded deed restriction before permit issuance.",one per lot; size <=49% of principal GFA or 800 sqft (lesser); no additional parking required; rental restricted to >=31 consecutive days with a recorded deed restriction; permit required but no special-permit/public-hearing language found in this provision's own text,normal,n/a,"[""Accessory Apartments"", ""accessory apartment""]",0.9,0.85,confirmed,"direct reading of an explicit, unambiguous citywide provision (Chapter 8.20 / 4.70.2)",comparable_with_documented_transform,"categorical ADU pathway; comparable to Greenwich's ADU pathway only at the categorical/ordinal level, not on every specific condition"
bridgeport-rule-candidate-00546,bridgeport-scenario-0010,MX2,Mixed-Use Centers,adu_conditions,"4.70.2 Accessory Apartments. B.(2) Number: No more than one accessory apartment is allowed per lot. B.(5) Size: The floor area of an accessory apartment may not exceed 49% of the gross floor area of the principal dwelling unit (excluding any attached garage), or 800 square feet, whichever is less. B.(6) Parking: No additional parking is required for an accessory apartment. B.(4) Rental: accessory apartments may not be rented for periods of less than 31 consecutive days, and require a recorded deed restriction before permit issuance.",,,,,one_per_lot; size<=49pct_of_principal_GFA_or_800sqft_whichever_less; no_additional_parking_required; rental_min_31_consecutive_days; deed_restriction_required,general_rule_candidate,bridgeport-citywide-4.70.2,155,4.70.2,,,,"4.70.2 Accessory Apartments. B.(2) Number: No more than one accessory apartment is allowed per lot. B.(5) Size: The floor area of an accessory apartment may not exceed 49% of the gross floor area of the principal dwelling unit (excluding any attached garage), or 800 square feet, whichever is less. B.(6) Parking: No additional parking is required for an accessory apartment. B.(4) Rental: accessory apartments may not be rented for periods of less than 31 consecutive days, and require a recorded deed restriction before permit issuance.",,normal,n/a,"[""Accessory Apartments""]",0.9,0.85,confirmed,"direct reading of an explicit, unambiguous citywide provision (Chapter 8.20 / 4.70.2)",comparable_with_documented_transform,"categorical ADU pathway; comparable to Greenwich's ADU pathway only at the categorical/ordinal level, not on every specific condition"
bridgeport-rule-candidate-00547,bridgeport-scenario-0011,MXN,Mixed-Use Neighborhood Corners,minimum_off_street_parking_spaces_per_dwelling_unit,8.20.1 MINIMUM RATIOS. This zoning code does not establish minimum off-street parking requirements (note: accessible parking spaces to serve persons with disabilities may be required in accordance with the state building code).,no minimum established,,0,spaces_per_unit_floor,no_minimum_parking_requirement,general_rule_candidate,bridgeport-citywide-8.20.1,228,8.20.1,,,,8.20.1 MINIMUM RATIOS. This zoning code does not establish minimum off-street parking requirements (note: accessible parking spaces to serve persons with disabilities may be required in accordance with the state building code).,accessible-space requirements under the state building code still apply,normal,n/a,"[""does not establish minimum""]",0.95,0.9,confirmed,direct reading of an explicit citywide statement that no minimum is established (8.20.1),directly_comparable,"an explicit 'no minimum established' citywide statement is a well-defined floor of 0 spaces/unit, directly comparable to a numeric minimum"
bridgeport-rule-candidate-00548,bridgeport-scenario-0011,MXN,Mixed-Use Neighborhood Corners,parking_regime,"8.20.2 MAXIMUMS. New and expanded uses may not provide off-street motor vehicle parking in excess of the maximum parking ratios established in Table 8-1, unless approved through the special permit approval procedures of 11.50.",,,,,maximum_ratio_regime_no_minimum,general_rule_candidate,bridgeport-citywide-8.20.2,228,8.20.2,,,,"8.20.2 MAXIMUMS. New and expanded uses may not provide off-street motor vehicle parking in excess of the maximum parking ratios established in Table 8-1, unless approved through the special permit approval procedures of 11.50.","maximums only, per Table 8-1 (not independently re-verified here)",normal,n/a,"[""maximum parking ratios""]",0.9,0.85,confirmed,"direct reading of an explicit, unambiguous citywide provision (Chapter 8.20 / 4.70.2)",qualitative_only,"a categorical description of the parking regime (maximum-ratio, no minimum), not a single numeric value"
bridgeport-rule-candidate-00549,bridgeport-scenario-0011,MXN,Mixed-Use Neighborhood Corners,adu_permission_pathway,"4.70.2 Accessory Apartments. B.(2) Number: No more than one accessory apartment is allowed per lot. B.(5) Size: The floor area of an accessory apartment may not exceed 49% of the gross floor area of the principal dwelling unit (excluding any attached garage), or 800 square feet, whichever is less. B.(6) Parking: No additional parking is required for an accessory apartment. B.(4) Rental: accessory apartments may not be rented for periods of less than 31 consecutive days, and require a recorded deed restriction before permit issuance.",,,,,allowed_subject_to_objective_conditions,general_rule_candidate,bridgeport-citywide-4.70.2,155,4.70.2,,,,"4.70.2 Accessory Apartments. B.(2) Number: No more than one accessory apartment is allowed per lot. B.(5) Size: The floor area of an accessory apartment may not exceed 49% of the gross floor area of the principal dwelling unit (excluding any attached garage), or 800 square feet, whichever is less. B.(6) Parking: No additional parking is required for an accessory apartment. B.(4) Rental: accessory apartments may not be rented for periods of less than 31 consecutive days, and require a recorded deed restriction before permit issuance.",one per lot; size <=49% of principal GFA or 800 sqft (lesser); no additional parking required; rental restricted to >=31 consecutive days with a recorded deed restriction; permit required but no special-permit/public-hearing language found in this provision's own text,normal,n/a,"[""Accessory Apartments"", ""accessory apartment""]",0.9,0.85,confirmed,"direct reading of an explicit, unambiguous citywide provision (Chapter 8.20 / 4.70.2)",comparable_with_documented_transform,"categorical ADU pathway; comparable to Greenwich's ADU pathway only at the categorical/ordinal level, not on every specific condition"
bridgeport-rule-candidate-00550,bridgeport-scenario-0011,MXN,Mixed-Use Neighborhood Corners,adu_conditions,"4.70.2 Accessory Apartments. B.(2) Number: No more than one accessory apartment is allowed per lot. B.(5) Size: The floor area of an accessory apartment may not exceed 49% of the gross floor area of the principal dwelling unit (excluding any attached garage), or 800 square feet, whichever is less. B.(6) Parking: No additional parking is required for an accessory apartment. B.(4) Rental: accessory apartments may not be rented for periods of less than 31 consecutive days, and require a recorded deed restriction before permit issuance.",,,,,one_per_lot; size<=49pct_of_principal_GFA_or_800sqft_whichever_less; no_additional_parking_required; rental_min_31_consecutive_days; deed_restriction_required,general_rule_candidate,bridgeport-citywide-4.70.2,155,4.70.2,,,,"4.70.2 Accessory Apartments. B.(2) Number: No more than one accessory apartment is allowed per lot. B.(5) Size: The floor area of an accessory apartment may not exceed 49% of the gross floor area of the principal dwelling unit (excluding any attached garage), or 800 square feet, whichever is less. B.(6) Parking: No additional parking is required for an accessory apartment. B.(4) Rental: accessory apartments may not be rented for periods of less than 31 consecutive days, and require a recorded deed restriction before permit issuance.",,normal,n/a,"[""Accessory Apartments""]",0.9,0.85,confirmed,"direct reading of an explicit, unambiguous citywide provision (Chapter 8.20 / 4.70.2)",comparable_with_documented_transform,"categorical ADU pathway; comparable to Greenwich's ADU pathway only at the categorical/ordinal level, not on every specific condition"
bridgeport-rule-candidate-00551,bridgeport-scenario-0012,DX2,Downtown Support,minimum_off_street_parking_spaces_per_dwelling_unit,8.20.1 MINIMUM RATIOS. This zoning code does not establish minimum off-street parking requirements (note: accessible parking spaces to serve persons with disabilities may be required in accordance with the state building code).,no minimum established,,0,spaces_per_unit_floor,no_minimum_parking_requirement,general_rule_candidate,bridgeport-citywide-8.20.1,228,8.20.1,,,,8.20.1 MINIMUM RATIOS. This zoning code does not establish minimum off-street parking requirements (note: accessible parking spaces to serve persons with disabilities may be required in accordance with the state building code).,accessible-space requirements under the state building code still apply,normal,n/a,"[""does not establish minimum""]",0.95,0.9,confirmed,direct reading of an explicit citywide statement that no minimum is established (8.20.1),directly_comparable,"an explicit 'no minimum established' citywide statement is a well-defined floor of 0 spaces/unit, directly comparable to a numeric minimum"
bridgeport-rule-candidate-00552,bridgeport-scenario-0012,DX2,Downtown Support,parking_regime,"8.20.2 MAXIMUMS. New and expanded uses may not provide off-street motor vehicle parking in excess of the maximum parking ratios established in Table 8-1, unless approved through the special permit approval procedures of 11.50.",,,,,maximum_ratio_regime_no_minimum,general_rule_candidate,bridgeport-citywide-8.20.2,228,8.20.2,,,,"8.20.2 MAXIMUMS. New and expanded uses may not provide off-street motor vehicle parking in excess of the maximum parking ratios established in Table 8-1, unless approved through the special permit approval procedures of 11.50.","maximums only, per Table 8-1 (not independently re-verified here)",normal,n/a,"[""maximum parking ratios""]",0.9,0.85,confirmed,"direct reading of an explicit, unambiguous citywide provision (Chapter 8.20 / 4.70.2)",qualitative_only,"a categorical description of the parking regime (maximum-ratio, no minimum), not a single numeric value"
bridgeport-rule-candidate-00553,bridgeport-scenario-0012,DX2,Downtown Support,adu_permission_pathway,"4.70.2 Accessory Apartments. B.(2) Number: No more than one accessory apartment is allowed per lot. B.(5) Size: The floor area of an accessory apartment may not exceed 49% of the gross floor area of the principal dwelling unit (excluding any attached garage), or 800 square feet, whichever is less. B.(6) Parking: No additional parking is required for an accessory apartment. B.(4) Rental: accessory apartments may not be rented for periods of less than 31 consecutive days, and require a recorded deed restriction before permit issuance.",,,,,allowed_subject_to_objective_conditions,general_rule_candidate,bridgeport-citywide-4.70.2,155,4.70.2,,,,"4.70.2 Accessory Apartments. B.(2) Number: No more than one accessory apartment is allowed per lot. B.(5) Size: The floor area of an accessory apartment may not exceed 49% of the gross floor area of the principal dwelling unit (excluding any attached garage), or 800 square feet, whichever is less. B.(6) Parking: No additional parking is required for an accessory apartment. B.(4) Rental: accessory apartments may not be rented for periods of less than 31 consecutive days, and require a recorded deed restriction before permit issuance.",one per lot; size <=49% of principal GFA or 800 sqft (lesser); no additional parking required; rental restricted to >=31 consecutive days with a recorded deed restriction; permit required but no special-permit/public-hearing language found in this provision's own text,normal,n/a,"[""Accessory Apartments"", ""accessory apartment""]",0.9,0.85,confirmed,"direct reading of an explicit, unambiguous citywide provision (Chapter 8.20 / 4.70.2)",comparable_with_documented_transform,"categorical ADU pathway; comparable to Greenwich's ADU pathway only at the categorical/ordinal level, not on every specific condition"
bridgeport-rule-candidate-00554,bridgeport-scenario-0012,DX2,Downtown Support,adu_conditions,"4.70.2 Accessory Apartments. B.(2) Number: No more than one accessory apartment is allowed per lot. B.(5) Size: The floor area of an accessory apartment may not exceed 49% of the gross floor area of the principal dwelling unit (excluding any attached garage), or 800 square feet, whichever is less. B.(6) Parking: No additional parking is required for an accessory apartment. B.(4) Rental: accessory apartments may not be rented for periods of less than 31 consecutive days, and require a recorded deed restriction before permit issuance.",,,,,one_per_lot; size<=49pct_of_principal_GFA_or_800sqft_whichever_less; no_additional_parking_required; rental_min_31_consecutive_days; deed_restriction_required,general_rule_candidate,bridgeport-citywide-4.70.2,155,4.70.2,,,,"4.70.2 Accessory Apartments. B.(2) Number: No more than one accessory apartment is allowed per lot. B.(5) Size: The floor area of an accessory apartment may not exceed 49% of the gross floor area of the principal dwelling unit (excluding any attached garage), or 800 square feet, whichever is less. B.(6) Parking: No additional parking is required for an accessory apartment. B.(4) Rental: accessory apartments may not be rented for periods of less than 31 consecutive days, and require a recorded deed restriction before permit issuance.",,normal,n/a,"[""Accessory Apartments""]",0.9,0.85,confirmed,"direct reading of an explicit, unambiguous citywide provision (Chapter 8.20 / 4.70.2)",comparable_with_documented_transform,"categorical ADU pathway; comparable to Greenwich's ADU pathway only at the categorical/ordinal level, not on every specific condition"
bridgeport-rule-candidate-00555,bridgeport-scenario-0013,MX2,Mixed-Use Centers,minimum_off_street_parking_spaces_per_dwelling_unit,8.20.1 MINIMUM RATIOS. This zoning code does not establish minimum off-street parking requirements (note: accessible parking spaces to serve persons with disabilities may be required in accordance with the state building code).,no minimum established,,0,spaces_per_unit_floor,no_minimum_parking_requirement,general_rule_candidate,bridgeport-citywide-8.20.1,228,8.20.1,,,,8.20.1 MINIMUM RATIOS. This zoning code does not establish minimum off-street parking requirements (note: accessible parking spaces to serve persons with disabilities may be required in accordance with the state building code).,accessible-space requirements under the state building code still apply,normal,n/a,"[""does not establish minimum""]",0.95,0.9,confirmed,direct reading of an explicit citywide statement that no minimum is established (8.20.1),directly_comparable,"an explicit 'no minimum established' citywide statement is a well-defined floor of 0 spaces/unit, directly comparable to a numeric minimum"
bridgeport-rule-candidate-00556,bridgeport-scenario-0013,MX2,Mixed-Use Centers,parking_regime,"8.20.2 MAXIMUMS. New and expanded uses may not provide off-street motor vehicle parking in excess of the maximum parking ratios established in Table 8-1, unless approved through the special permit approval procedures of 11.50.",,,,,maximum_ratio_regime_no_minimum,general_rule_candidate,bridgeport-citywide-8.20.2,228,8.20.2,,,,"8.20.2 MAXIMUMS. New and expanded uses may not provide off-street motor vehicle parking in excess of the maximum parking ratios established in Table 8-1, unless approved through the special permit approval procedures of 11.50.","maximums only, per Table 8-1 (not independently re-verified here)",normal,n/a,"[""maximum parking ratios""]",0.9,0.85,confirmed,"direct reading of an explicit, unambiguous citywide provision (Chapter 8.20 / 4.70.2)",qualitative_only,"a categorical description of the parking regime (maximum-ratio, no minimum), not a single numeric value"
bridgeport-rule-candidate-00557,bridgeport-scenario-0013,MX2,Mixed-Use Centers,adu_permission_pathway,"4.70.2 Accessory Apartments. B.(2) Number: No more than one accessory apartment is allowed per lot. B.(5) Size: The floor area of an accessory apartment may not exceed 49% of the gross floor area of the principal dwelling unit (excluding any attached garage), or 800 square feet, whichever is less. B.(6) Parking: No additional parking is required for an accessory apartment. B.(4) Rental: accessory apartments may not be rented for periods of less than 31 consecutive days, and require a recorded deed restriction before permit issuance.",,,,,allowed_subject_to_objective_conditions,general_rule_candidate,bridgeport-citywide-4.70.2,155,4.70.2,,,,"4.70.2 Accessory Apartments. B.(2) Number: No more than one accessory apartment is allowed per lot. B.(5) Size: The floor area of an accessory apartment may not exceed 49% of the gross floor area of the principal dwelling unit (excluding any attached garage), or 800 square feet, whichever is less. B.(6) Parking: No additional parking is required for an accessory apartment. B.(4) Rental: accessory apartments may not be rented for periods of less than 31 consecutive days, and require a recorded deed restriction before permit issuance.",one per lot; size <=49% of principal GFA or 800 sqft (lesser); no additional parking required; rental restricted to >=31 consecutive days with a recorded deed restriction; permit required but no special-permit/public-hearing language found in this provision's own text,normal,n/a,"[""Accessory Apartments"", ""accessory apartment""]",0.9,0.85,confirmed,"direct reading of an explicit, unambiguous citywide provision (Chapter 8.20 / 4.70.2)",comparable_with_documented_transform,"categorical ADU pathway; comparable to Greenwich's ADU pathway only at the categorical/ordinal level, not on every specific condition"
bridgeport-rule-candidate-00558,bridgeport-scenario-0013,MX2,Mixed-Use Centers,adu_conditions,"4.70.2 Accessory Apartments. B.(2) Number: No more than one accessory apartment is allowed per lot. B.(5) Size: The floor area of an accessory apartment may not exceed 49% of the gross floor area of the principal dwelling unit (excluding any attached garage), or 800 square feet, whichever is less. B.(6) Parking: No additional parking is required for an accessory apartment. B.(4) Rental: accessory apartments may not be rented for periods of less than 31 consecutive days, and require a recorded deed restriction before permit issuance.",,,,,one_per_lot; size<=49pct_of_principal_GFA_or_800sqft_whichever_less; no_additional_parking_required; rental_min_31_consecutive_days; deed_restriction_required,general_rule_candidate,bridgeport-citywide-4.70.2,155,4.70.2,,,,"4.70.2 Accessory Apartments. B.(2) Number: No more than one accessory apartment is allowed per lot. B.(5) Size: The floor area of an accessory apartment may not exceed 49% of the gross floor area of the principal dwelling unit (excluding any attached garage), or 800 square feet, whichever is less. B.(6) Parking: No additional parking is required for an accessory apartment. B.(4) Rental: accessory apartments may not be rented for periods of less than 31 consecutive days, and require a recorded deed restriction before permit issuance.",,normal,n/a,"[""Accessory Apartments""]",0.9,0.85,confirmed,"direct reading of an explicit, unambiguous citywide provision (Chapter 8.20 / 4.70.2)",comparable_with_documented_transform,"categorical ADU pathway; comparable to Greenwich's ADU pathway only at the categorical/ordinal level, not on every specific condition"
bridgeport-rule-candidate-00559,bridgeport-scenario-0014,MX1,Mixed-Use Corridor,minimum_off_street_parking_spaces_per_dwelling_unit,8.20.1 MINIMUM RATIOS. This zoning code does not establish minimum off-street parking requirements (note: accessible parking spaces to serve persons with disabilities may be required in accordance with the state building code).,no minimum established,,0,spaces_per_unit_floor,no_minimum_parking_requirement,general_rule_candidate,bridgeport-citywide-8.20.1,228,8.20.1,,,,8.20.1 MINIMUM RATIOS. This zoning code does not establish minimum off-street parking requirements (note: accessible parking spaces to serve persons with disabilities may be required in accordance with the state building code).,accessible-space requirements under the state building code still apply,normal,n/a,"[""does not establish minimum""]",0.95,0.9,confirmed,direct reading of an explicit citywide statement that no minimum is established (8.20.1),directly_comparable,"an explicit 'no minimum established' citywide statement is a well-defined floor of 0 spaces/unit, directly comparable to a numeric minimum"
bridgeport-rule-candidate-00560,bridgeport-scenario-0014,MX1,Mixed-Use Corridor,parking_regime,"8.20.2 MAXIMUMS. New and expanded uses may not provide off-street motor vehicle parking in excess of the maximum parking ratios established in Table 8-1, unless approved through the special permit approval procedures of 11.50.",,,,,maximum_ratio_regime_no_minimum,general_rule_candidate,bridgeport-citywide-8.20.2,228,8.20.2,,,,"8.20.2 MAXIMUMS. New and expanded uses may not provide off-street motor vehicle parking in excess of the maximum parking ratios established in Table 8-1, unless approved through the special permit approval procedures of 11.50.","maximums only, per Table 8-1 (not independently re-verified here)",normal,n/a,"[""maximum parking ratios""]",0.9,0.85,confirmed,"direct reading of an explicit, unambiguous citywide provision (Chapter 8.20 / 4.70.2)",qualitative_only,"a categorical description of the parking regime (maximum-ratio, no minimum), not a single numeric value"
bridgeport-rule-candidate-00561,bridgeport-scenario-0014,MX1,Mixed-Use Corridor,adu_permission_pathway,"4.70.2 Accessory Apartments. B.(2) Number: No more than one accessory apartment is allowed per lot. B.(5) Size: The floor area of an accessory apartment may not exceed 49% of the gross floor area of the principal dwelling unit (excluding any attached garage), or 800 square feet, whichever is less. B.(6) Parking: No additional parking is required for an accessory apartment. B.(4) Rental: accessory apartments may not be rented for periods of less than 31 consecutive days, and require a recorded deed restriction before permit issuance.",,,,,allowed_subject_to_objective_conditions,general_rule_candidate,bridgeport-citywide-4.70.2,155,4.70.2,,,,"4.70.2 Accessory Apartments. B.(2) Number: No more than one accessory apartment is allowed per lot. B.(5) Size: The floor area of an accessory apartment may not exceed 49% of the gross floor area of the principal dwelling unit (excluding any attached garage), or 800 square feet, whichever is less. B.(6) Parking: No additional parking is required for an accessory apartment. B.(4) Rental: accessory apartments may not be rented for periods of less than 31 consecutive days, and require a recorded deed restriction before permit issuance.",one per lot; size <=49% of principal GFA or 800 sqft (lesser); no additional parking required; rental restricted to >=31 consecutive days with a recorded deed restriction; permit required but no special-permit/public-hearing language found in this provision's own text,normal,n/a,"[""Accessory Apartments"", ""accessory apartment""]",0.9,0.85,confirmed,"direct reading of an explicit, unambiguous citywide provision (Chapter 8.20 / 4.70.2)",comparable_with_documented_transform,"categorical ADU pathway; comparable to Greenwich's ADU pathway only at the categorical/ordinal level, not on every specific condition"
bridgeport-rule-candidate-00562,bridgeport-scenario-0014,MX1,Mixed-Use Corridor,adu_conditions,"4.70.2 Accessory Apartments. B.(2) Number: No more than one accessory apartment is allowed per lot. B.(5) Size: The floor area of an accessory apartment may not exceed 49% of the gross floor area of the principal dwelling unit (excluding any attached garage), or 800 square feet, whichever is less. B.(6) Parking: No additional parking is required for an accessory apartment. B.(4) Rental: accessory apartments may not be rented for periods of less than 31 consecutive days, and require a recorded deed restriction before permit issuance.",,,,,one_per_lot; size<=49pct_of_principal_GFA_or_800sqft_whichever_less; no_additional_parking_required; rental_min_31_consecutive_days; deed_restriction_required,general_rule_candidate,bridgeport-citywide-4.70.2,155,4.70.2,,,,"4.70.2 Accessory Apartments. B.(2) Number: No more than one accessory apartment is allowed per lot. B.(5) Size: The floor area of an accessory apartment may not exceed 49% of the gross floor area of the principal dwelling unit (excluding any attached garage), or 800 square feet, whichever is less. B.(6) Parking: No additional parking is required for an accessory apartment. B.(4) Rental: accessory apartments may not be rented for periods of less than 31 consecutive days, and require a recorded deed restriction before permit issuance.",,normal,n/a,"[""Accessory Apartments""]",0.9,0.85,confirmed,"direct reading of an explicit, unambiguous citywide provision (Chapter 8.20 / 4.70.2)",comparable_with_documented_transform,"categorical ADU pathway; comparable to Greenwich's ADU pathway only at the categorical/ordinal level, not on every specific condition"
bridgeport-rule-candidate-00563,bridgeport-scenario-0015,MX2,Mixed-Use Centers,minimum_off_street_parking_spaces_per_dwelling_unit,8.20.1 MINIMUM RATIOS. This zoning code does not establish minimum off-street parking requirements (note: accessible parking spaces to serve persons with disabilities may be required in accordance with the state building code).,no minimum established,,0,spaces_per_unit_floor,no_minimum_parking_requirement,general_rule_candidate,bridgeport-citywide-8.20.1,228,8.20.1,,,,8.20.1 MINIMUM RATIOS. This zoning code does not establish minimum off-street parking requirements (note: accessible parking spaces to serve persons with disabilities may be required in accordance with the state building code).,accessible-space requirements under the state building code still apply,normal,n/a,"[""does not establish minimum""]",0.95,0.9,confirmed,direct reading of an explicit citywide statement that no minimum is established (8.20.1),directly_comparable,"an explicit 'no minimum established' citywide statement is a well-defined floor of 0 spaces/unit, directly comparable to a numeric minimum"
bridgeport-rule-candidate-00564,bridgeport-scenario-0015,MX2,Mixed-Use Centers,parking_regime,"8.20.2 MAXIMUMS. New and expanded uses may not provide off-street motor vehicle parking in excess of the maximum parking ratios established in Table 8-1, unless approved through the special permit approval procedures of 11.50.",,,,,maximum_ratio_regime_no_minimum,general_rule_candidate,bridgeport-citywide-8.20.2,228,8.20.2,,,,"8.20.2 MAXIMUMS. New and expanded uses may not provide off-street motor vehicle parking in excess of the maximum parking ratios established in Table 8-1, unless approved through the special permit approval procedures of 11.50.","maximums only, per Table 8-1 (not independently re-verified here)",normal,n/a,"[""maximum parking ratios""]",0.9,0.85,confirmed,"direct reading of an explicit, unambiguous citywide provision (Chapter 8.20 / 4.70.2)",qualitative_only,"a categorical description of the parking regime (maximum-ratio, no minimum), not a single numeric value"
bridgeport-rule-candidate-00565,bridgeport-scenario-0015,MX2,Mixed-Use Centers,adu_permission_pathway,"4.70.2 Accessory Apartments. B.(2) Number: No more than one accessory apartment is allowed per lot. B.(5) Size: The floor area of an accessory apartment may not exceed 49% of the gross floor area of the principal dwelling unit (excluding any attached garage), or 800 square feet, whichever is less. B.(6) Parking: No additional parking is required for an accessory apartment. B.(4) Rental: accessory apartments may not be rented for periods of less than 31 consecutive days, and require a recorded deed restriction before permit issuance.",,,,,allowed_subject_to_objective_conditions,general_rule_candidate,bridgeport-citywide-4.70.2,155,4.70.2,,,,"4.70.2 Accessory Apartments. B.(2) Number: No more than one accessory apartment is allowed per lot. B.(5) Size: The floor area of an accessory apartment may not exceed 49% of the gross floor area of the principal dwelling unit (excluding any attached garage), or 800 square feet, whichever is less. B.(6) Parking: No additional parking is required for an accessory apartment. B.(4) Rental: accessory apartments may not be rented for periods of less than 31 consecutive days, and require a recorded deed restriction before permit issuance.",one per lot; size <=49% of principal GFA or 800 sqft (lesser); no additional parking required; rental restricted to >=31 consecutive days with a recorded deed restriction; permit required but no special-permit/public-hearing language found in this provision's own text,normal,n/a,"[""Accessory Apartments"", ""accessory apartment""]",0.9,0.85,confirmed,"direct reading of an explicit, unambiguous citywide provision (Chapter 8.20 / 4.70.2)",comparable_with_documented_transform,"categorical ADU pathway; comparable to Greenwich's ADU pathway only at the categorical/ordinal level, not on every specific condition"
bridgeport-rule-candidate-00566,bridgeport-scenario-0015,MX2,Mixed-Use Centers,adu_conditions,"4.70.2 Accessory Apartments. B.(2) Number: No more than one accessory apartment is allowed per lot. B.(5) Size: The floor area of an accessory apartment may not exceed 49% of the gross floor area of the principal dwelling unit (excluding any attached garage), or 800 square feet, whichever is less. B.(6) Parking: No additional parking is required for an accessory apartment. B.(4) Rental: accessory apartments may not be rented for periods of less than 31 consecutive days, and require a recorded deed restriction before permit issuance.",,,,,one_per_lot; size<=49pct_of_principal_GFA_or_800sqft_whichever_less; no_additional_parking_required; rental_min_31_consecutive_days; deed_restriction_required,general_rule_candidate,bridgeport-citywide-4.70.2,155,4.70.2,,,,"4.70.2 Accessory Apartments. B.(2) Number: No more than one accessory apartment is allowed per lot. B.(5) Size: The floor area of an accessory apartment may not exceed 49% of the gross floor area of the principal dwelling unit (excluding any attached garage), or 800 square feet, whichever is less. B.(6) Parking: No additional parking is required for an accessory apartment. B.(4) Rental: accessory apartments may not be rented for periods of less than 31 consecutive days, and require a recorded deed restriction before permit issuance.",,normal,n/a,"[""Accessory Apartments""]",0.9,0.85,confirmed,"direct reading of an explicit, unambiguous citywide provision (Chapter 8.20 / 4.70.2)",comparable_with_documented_transform,"categorical ADU pathway; comparable to Greenwich's ADU pathway only at the categorical/ordinal level, not on every specific condition"
bridgeport-rule-candidate-00567,bridgeport-scenario-0016,MXN,Mixed-Use Neighborhood Corners,minimum_off_street_parking_spaces_per_dwelling_unit,8.20.1 MINIMUM RATIOS. This zoning code does not establish minimum off-street parking requirements (note: accessible parking spaces to serve persons with disabilities may be required in accordance with the state building code).,no minimum established,,0,spaces_per_unit_floor,no_minimum_parking_requirement,general_rule_candidate,bridgeport-citywide-8.20.1,228,8.20.1,,,,8.20.1 MINIMUM RATIOS. This zoning code does not establish minimum off-street parking requirements (note: accessible parking spaces to serve persons with disabilities may be required in accordance with the state building code).,accessible-space requirements under the state building code still apply,normal,n/a,"[""does not establish minimum""]",0.95,0.9,confirmed,direct reading of an explicit citywide statement that no minimum is established (8.20.1),directly_comparable,"an explicit 'no minimum established' citywide statement is a well-defined floor of 0 spaces/unit, directly comparable to a numeric minimum"
bridgeport-rule-candidate-00568,bridgeport-scenario-0016,MXN,Mixed-Use Neighborhood Corners,parking_regime,"8.20.2 MAXIMUMS. New and expanded uses may not provide off-street motor vehicle parking in excess of the maximum parking ratios established in Table 8-1, unless approved through the special permit approval procedures of 11.50.",,,,,maximum_ratio_regime_no_minimum,general_rule_candidate,bridgeport-citywide-8.20.2,228,8.20.2,,,,"8.20.2 MAXIMUMS. New and expanded uses may not provide off-street motor vehicle parking in excess of the maximum parking ratios established in Table 8-1, unless approved through the special permit approval procedures of 11.50.","maximums only, per Table 8-1 (not independently re-verified here)",normal,n/a,"[""maximum parking ratios""]",0.9,0.85,confirmed,"direct reading of an explicit, unambiguous citywide provision (Chapter 8.20 / 4.70.2)",qualitative_only,"a categorical description of the parking regime (maximum-ratio, no minimum), not a single numeric value"
bridgeport-rule-candidate-00569,bridgeport-scenario-0016,MXN,Mixed-Use Neighborhood Corners,adu_permission_pathway,"4.70.2 Accessory Apartments. B.(2) Number: No more than one accessory apartment is allowed per lot. B.(5) Size: The floor area of an accessory apartment may not exceed 49% of the gross floor area of the principal dwelling unit (excluding any attached garage), or 800 square feet, whichever is less. B.(6) Parking: No additional parking is required for an accessory apartment. B.(4) Rental: accessory apartments may not be rented for periods of less than 31 consecutive days, and require a recorded deed restriction before permit issuance.",,,,,allowed_subject_to_objective_conditions,general_rule_candidate,bridgeport-citywide-4.70.2,155,4.70.2,,,,"4.70.2 Accessory Apartments. B.(2) Number: No more than one accessory apartment is allowed per lot. B.(5) Size: The floor area of an accessory apartment may not exceed 49% of the gross floor area of the principal dwelling unit (excluding any attached garage), or 800 square feet, whichever is less. B.(6) Parking: No additional parking is required for an accessory apartment. B.(4) Rental: accessory apartments may not be rented for periods of less than 31 consecutive days, and require a recorded deed restriction before permit issuance.",one per lot; size <=49% of principal GFA or 800 sqft (lesser); no additional parking required; rental restricted to >=31 consecutive days with a recorded deed restriction; permit required but no special-permit/public-hearing language found in this provision's own text,normal,n/a,"[""Accessory Apartments"", ""accessory apartment""]",0.9,0.85,confirmed,"direct reading of an explicit, unambiguous citywide provision (Chapter 8.20 / 4.70.2)",comparable_with_documented_transform,"categorical ADU pathway; comparable to Greenwich's ADU pathway only at the categorical/ordinal level, not on every specific condition"
bridgeport-rule-candidate-00570,bridgeport-scenario-0016,MXN,Mixed-Use Neighborhood Corners,adu_conditions,"4.70.2 Accessory Apartments. B.(2) Number: No more than one accessory apartment is allowed per lot. B.(5) Size: The floor area of an accessory apartment may not exceed 49% of the gross floor area of the principal dwelling unit (excluding any attached garage), or 800 square feet, whichever is less. B.(6) Parking: No additional parking is required for an accessory apartment. B.(4) Rental: accessory apartments may not be rented for periods of less than 31 consecutive days, and require a recorded deed restriction before permit issuance.",,,,,one_per_lot; size<=49pct_of_principal_GFA_or_800sqft_whichever_less; no_additional_parking_required; rental_min_31_consecutive_days; deed_restriction_required,general_rule_candidate,bridgeport-citywide-4.70.2,155,4.70.2,,,,"4.70.2 Accessory Apartments. B.(2) Number: No more than one accessory apartment is allowed per lot. B.(5) Size: The floor area of an accessory apartment may not exceed 49% of the gross floor area of the principal dwelling unit (excluding any attached garage), or 800 square feet, whichever is less. B.(6) Parking: No additional parking is required for an accessory apartment. B.(4) Rental: accessory apartments may not be rented for periods of less than 31 consecutive days, and require a recorded deed restriction before permit issuance.",,normal,n/a,"[""Accessory Apartments""]",0.9,0.85,confirmed,"direct reading of an explicit, unambiguous citywide provision (Chapter 8.20 / 4.70.2)",comparable_with_documented_transform,"categorical ADU pathway; comparable to Greenwich's ADU pathway only at the categorical/ordinal level, not on every specific condition"
bridgeport-rule-candidate-00571,bridgeport-scenario-0017,RX2,Residential-Office Centers,minimum_off_street_parking_spaces_per_dwelling_unit,8.20.1 MINIMUM RATIOS. This zoning code does not establish minimum off-street parking requirements (note: accessible parking spaces to serve persons with disabilities may be required in accordance with the state building code).,no minimum established,,0,spaces_per_unit_floor,no_minimum_parking_requirement,general_rule_candidate,bridgeport-citywide-8.20.1,228,8.20.1,,,,8.20.1 MINIMUM RATIOS. This zoning code does not establish minimum off-street parking requirements (note: accessible parking spaces to serve persons with disabilities may be required in accordance with the state building code).,accessible-space requirements under the state building code still apply,normal,n/a,"[""does not establish minimum""]",0.95,0.9,confirmed,direct reading of an explicit citywide statement that no minimum is established (8.20.1),directly_comparable,"an explicit 'no minimum established' citywide statement is a well-defined floor of 0 spaces/unit, directly comparable to a numeric minimum"
bridgeport-rule-candidate-00572,bridgeport-scenario-0017,RX2,Residential-Office Centers,parking_regime,"8.20.2 MAXIMUMS. New and expanded uses may not provide off-street motor vehicle parking in excess of the maximum parking ratios established in Table 8-1, unless approved through the special permit approval procedures of 11.50.",,,,,maximum_ratio_regime_no_minimum,general_rule_candidate,bridgeport-citywide-8.20.2,228,8.20.2,,,,"8.20.2 MAXIMUMS. New and expanded uses may not provide off-street motor vehicle parking in excess of the maximum parking ratios established in Table 8-1, unless approved through the special permit approval procedures of 11.50.","maximums only, per Table 8-1 (not independently re-verified here)",normal,n/a,"[""maximum parking ratios""]",0.9,0.85,confirmed,"direct reading of an explicit, unambiguous citywide provision (Chapter 8.20 / 4.70.2)",qualitative_only,"a categorical description of the parking regime (maximum-ratio, no minimum), not a single numeric value"
bridgeport-rule-candidate-00573,bridgeport-scenario-0017,RX2,Residential-Office Centers,adu_permission_pathway,"4.70.2 Accessory Apartments. B.(2) Number: No more than one accessory apartment is allowed per lot. B.(5) Size: The floor area of an accessory apartment may not exceed 49% of the gross floor area of the principal dwelling unit (excluding any attached garage), or 800 square feet, whichever is less. B.(6) Parking: No additional parking is required for an accessory apartment. B.(4) Rental: accessory apartments may not be rented for periods of less than 31 consecutive days, and require a recorded deed restriction before permit issuance.",,,,,allowed_subject_to_objective_conditions,general_rule_candidate,bridgeport-citywide-4.70.2,155,4.70.2,,,,"4.70.2 Accessory Apartments. B.(2) Number: No more than one accessory apartment is allowed per lot. B.(5) Size: The floor area of an accessory apartment may not exceed 49% of the gross floor area of the principal dwelling unit (excluding any attached garage), or 800 square feet, whichever is less. B.(6) Parking: No additional parking is required for an accessory apartment. B.(4) Rental: accessory apartments may not be rented for periods of less than 31 consecutive days, and require a recorded deed restriction before permit issuance.",one per lot; size <=49% of principal GFA or 800 sqft (lesser); no additional parking required; rental restricted to >=31 consecutive days with a recorded deed restriction; permit required but no special-permit/public-hearing language found in this provision's own text,normal,n/a,"[""Accessory Apartments"", ""accessory apartment""]",0.9,0.85,confirmed,"direct reading of an explicit, unambiguous citywide provision (Chapter 8.20 / 4.70.2)",comparable_with_documented_transform,"categorical ADU pathway; comparable to Greenwich's ADU pathway only at the categorical/ordinal level, not on every specific condition"
bridgeport-rule-candidate-00574,bridgeport-scenario-0017,RX2,Residential-Office Centers,adu_conditions,"4.70.2 Accessory Apartments. B.(2) Number: No more than one accessory apartment is allowed per lot. B.(5) Size: The floor area of an accessory apartment may not exceed 49% of the gross floor area of the principal dwelling unit (excluding any attached garage), or 800 square feet, whichever is less. B.(6) Parking: No additional parking is required for an accessory apartment. B.(4) Rental: accessory apartments may not be rented for periods of less than 31 consecutive days, and require a recorded deed restriction before permit issuance.",,,,,one_per_lot; size<=49pct_of_principal_GFA_or_800sqft_whichever_less; no_additional_parking_required; rental_min_31_consecutive_days; deed_restriction_required,general_rule_candidate,bridgeport-citywide-4.70.2,155,4.70.2,,,,"4.70.2 Accessory Apartments. B.(2) Number: No more than one accessory apartment is allowed per lot. B.(5) Size: The floor area of an accessory apartment may not exceed 49% of the gross floor area of the principal dwelling unit (excluding any attached garage), or 800 square feet, whichever is less. B.(6) Parking: No additional parking is required for an accessory apartment. B.(4) Rental: accessory apartments may not be rented for periods of less than 31 consecutive days, and require a recorded deed restriction before permit issuance.",,normal,n/a,"[""Accessory Apartments""]",0.9,0.85,confirmed,"direct reading of an explicit, unambiguous citywide provision (Chapter 8.20 / 4.70.2)",comparable_with_documented_transform,"categorical ADU pathway; comparable to Greenwich's ADU pathway only at the categorical/ordinal level, not on every specific condition"
bridgeport-rule-candidate-00575,bridgeport-scenario-0018,CX,Heavy Commercial,minimum_off_street_parking_spaces_per_dwelling_unit,8.20.1 MINIMUM RATIOS. This zoning code does not establish minimum off-street parking requirements (note: accessible parking spaces to serve persons with disabilities may be required in accordance with the state building code).,no minimum established,,0,spaces_per_unit_floor,no_minimum_parking_requirement,general_rule_candidate,bridgeport-citywide-8.20.1,228,8.20.1,,,,8.20.1 MINIMUM RATIOS. This zoning code does not establish minimum off-street parking requirements (note: accessible parking spaces to serve persons with disabilities may be required in accordance with the state building code).,accessible-space requirements under the state building code still apply,normal,n/a,"[""does not establish minimum""]",0.95,0.9,confirmed,direct reading of an explicit citywide statement that no minimum is established (8.20.1),directly_comparable,"an explicit 'no minimum established' citywide statement is a well-defined floor of 0 spaces/unit, directly comparable to a numeric minimum"
bridgeport-rule-candidate-00576,bridgeport-scenario-0018,CX,Heavy Commercial,parking_regime,"8.20.2 MAXIMUMS. New and expanded uses may not provide off-street motor vehicle parking in excess of the maximum parking ratios established in Table 8-1, unless approved through the special permit approval procedures of 11.50.",,,,,maximum_ratio_regime_no_minimum,general_rule_candidate,bridgeport-citywide-8.20.2,228,8.20.2,,,,"8.20.2 MAXIMUMS. New and expanded uses may not provide off-street motor vehicle parking in excess of the maximum parking ratios established in Table 8-1, unless approved through the special permit approval procedures of 11.50.","maximums only, per Table 8-1 (not independently re-verified here)",normal,n/a,"[""maximum parking ratios""]",0.9,0.85,confirmed,"direct reading of an explicit, unambiguous citywide provision (Chapter 8.20 / 4.70.2)",qualitative_only,"a categorical description of the parking regime (maximum-ratio, no minimum), not a single numeric value"
bridgeport-rule-candidate-00577,bridgeport-scenario-0018,CX,Heavy Commercial,adu_permission_pathway,"4.70.2 Accessory Apartments. B.(2) Number: No more than one accessory apartment is allowed per lot. B.(5) Size: The floor area of an accessory apartment may not exceed 49% of the gross floor area of the principal dwelling unit (excluding any attached garage), or 800 square feet, whichever is less. B.(6) Parking: No additional parking is required for an accessory apartment. B.(4) Rental: accessory apartments may not be rented for periods of less than 31 consecutive days, and require a recorded deed restriction before permit issuance.",,,,,allowed_subject_to_objective_conditions,general_rule_candidate,bridgeport-citywide-4.70.2,155,4.70.2,,,,"4.70.2 Accessory Apartments. B.(2) Number: No more than one accessory apartment is allowed per lot. B.(5) Size: The floor area of an accessory apartment may not exceed 49% of the gross floor area of the principal dwelling unit (excluding any attached garage), or 800 square feet, whichever is less. B.(6) Parking: No additional parking is required for an accessory apartment. B.(4) Rental: accessory apartments may not be rented for periods of less than 31 consecutive days, and require a recorded deed restriction before permit issuance.",one per lot; size <=49% of principal GFA or 800 sqft (lesser); no additional parking required; rental restricted to >=31 consecutive days with a recorded deed restriction; permit required but no special-permit/public-hearing language found in this provision's own text,normal,n/a,"[""Accessory Apartments"", ""accessory apartment""]",0.9,0.85,confirmed,"direct reading of an explicit, unambiguous citywide provision (Chapter 8.20 / 4.70.2)",comparable_with_documented_transform,"categorical ADU pathway; comparable to Greenwich's ADU pathway only at the categorical/ordinal level, not on every specific condition"
bridgeport-rule-candidate-00578,bridgeport-scenario-0018,CX,Heavy Commercial,adu_conditions,"4.70.2 Accessory Apartments. B.(2) Number: No more than one accessory apartment is allowed per lot. B.(5) Size: The floor area of an accessory apartment may not exceed 49% of the gross floor area of the principal dwelling unit (excluding any attached garage), or 800 square feet, whichever is less. B.(6) Parking: No additional parking is required for an accessory apartment. B.(4) Rental: accessory apartments may not be rented for periods of less than 31 consecutive days, and require a recorded deed restriction before permit issuance.",,,,,one_per_lot; size<=49pct_of_principal_GFA_or_800sqft_whichever_less; no_additional_parking_required; rental_min_31_consecutive_days; deed_restriction_required,general_rule_candidate,bridgeport-citywide-4.70.2,155,4.70.2,,,,"4.70.2 Accessory Apartments. B.(2) Number: No more than one accessory apartment is allowed per lot. B.(5) Size: The floor area of an accessory apartment may not exceed 49% of the gross floor area of the principal dwelling unit (excluding any attached garage), or 800 square feet, whichever is less. B.(6) Parking: No additional parking is required for an accessory apartment. B.(4) Rental: accessory apartments may not be rented for periods of less than 31 consecutive days, and require a recorded deed restriction before permit issuance.",,normal,n/a,"[""Accessory Apartments""]",0.9,0.85,confirmed,"direct reading of an explicit, unambiguous citywide provision (Chapter 8.20 / 4.70.2)",comparable_with_documented_transform,"categorical ADU pathway; comparable to Greenwich's ADU pathway only at the categorical/ordinal level, not on every specific condition"
bridgeport-rule-candidate-00579,bridgeport-scenario-0019,DX2,Downtown Support,minimum_off_street_parking_spaces_per_dwelling_unit,8.20.1 MINIMUM RATIOS. This zoning code does not establish minimum off-street parking requirements (note: accessible parking spaces to serve persons with disabilities may be required in accordance with the state building code).,no minimum established,,0,spaces_per_unit_floor,no_minimum_parking_requirement,general_rule_candidate,bridgeport-citywide-8.20.1,228,8.20.1,,,,8.20.1 MINIMUM RATIOS. This zoning code does not establish minimum off-street parking requirements (note: accessible parking spaces to serve persons with disabilities may be required in accordance with the state building code).,accessible-space requirements under the state building code still apply,normal,n/a,"[""does not establish minimum""]",0.95,0.9,confirmed,direct reading of an explicit citywide statement that no minimum is established (8.20.1),directly_comparable,"an explicit 'no minimum established' citywide statement is a well-defined floor of 0 spaces/unit, directly comparable to a numeric minimum"
bridgeport-rule-candidate-00580,bridgeport-scenario-0019,DX2,Downtown Support,parking_regime,"8.20.2 MAXIMUMS. New and expanded uses may not provide off-street motor vehicle parking in excess of the maximum parking ratios established in Table 8-1, unless approved through the special permit approval procedures of 11.50.",,,,,maximum_ratio_regime_no_minimum,general_rule_candidate,bridgeport-citywide-8.20.2,228,8.20.2,,,,"8.20.2 MAXIMUMS. New and expanded uses may not provide off-street motor vehicle parking in excess of the maximum parking ratios established in Table 8-1, unless approved through the special permit approval procedures of 11.50.","maximums only, per Table 8-1 (not independently re-verified here)",normal,n/a,"[""maximum parking ratios""]",0.9,0.85,confirmed,"direct reading of an explicit, unambiguous citywide provision (Chapter 8.20 / 4.70.2)",qualitative_only,"a categorical description of the parking regime (maximum-ratio, no minimum), not a single numeric value"
bridgeport-rule-candidate-00581,bridgeport-scenario-0019,DX2,Downtown Support,adu_permission_pathway,"4.70.2 Accessory Apartments. B.(2) Number: No more than one accessory apartment is allowed per lot. B.(5) Size: The floor area of an accessory apartment may not exceed 49% of the gross floor area of the principal dwelling unit (excluding any attached garage), or 800 square feet, whichever is less. B.(6) Parking: No additional parking is required for an accessory apartment. B.(4) Rental: accessory apartments may not be rented for periods of less than 31 consecutive days, and require a recorded deed restriction before permit issuance.",,,,,allowed_subject_to_objective_conditions,general_rule_candidate,bridgeport-citywide-4.70.2,155,4.70.2,,,,"4.70.2 Accessory Apartments. B.(2) Number: No more than one accessory apartment is allowed per lot. B.(5) Size: The floor area of an accessory apartment may not exceed 49% of the gross floor area of the principal dwelling unit (excluding any attached garage), or 800 square feet, whichever is less. B.(6) Parking: No additional parking is required for an accessory apartment. B.(4) Rental: accessory apartments may not be rented for periods of less than 31 consecutive days, and require a recorded deed restriction before permit issuance.",one per lot; size <=49% of principal GFA or 800 sqft (lesser); no additional parking required; rental restricted to >=31 consecutive days with a recorded deed restriction; permit required but no special-permit/public-hearing language found in this provision's own text,normal,n/a,"[""Accessory Apartments"", ""accessory apartment""]",0.9,0.85,confirmed,"direct reading of an explicit, unambiguous citywide provision (Chapter 8.20 / 4.70.2)",comparable_with_documented_transform,"categorical ADU pathway; comparable to Greenwich's ADU pathway only at the categorical/ordinal level, not on every specific condition"
bridgeport-rule-candidate-00582,bridgeport-scenario-0019,DX2,Downtown Support,adu_conditions,"4.70.2 Accessory Apartments. B.(2) Number: No more than one accessory apartment is allowed per lot. B.(5) Size: The floor area of an accessory apartment may not exceed 49% of the gross floor area of the principal dwelling unit (excluding any attached garage), or 800 square feet, whichever is less. B.(6) Parking: No additional parking is required for an accessory apartment. B.(4) Rental: accessory apartments may not be rented for periods of less than 31 consecutive days, and require a recorded deed restriction before permit issuance.",,,,,one_per_lot; size<=49pct_of_principal_GFA_or_800sqft_whichever_less; no_additional_parking_required; rental_min_31_consecutive_days; deed_restriction_required,general_rule_candidate,bridgeport-citywide-4.70.2,155,4.70.2,,,,"4.70.2 Accessory Apartments. B.(2) Number: No more than one accessory apartment is allowed per lot. B.(5) Size: The floor area of an accessory apartment may not exceed 49% of the gross floor area of the principal dwelling unit (excluding any attached garage), or 800 square feet, whichever is less. B.(6) Parking: No additional parking is required for an accessory apartment. B.(4) Rental: accessory apartments may not be rented for periods of less than 31 consecutive days, and require a recorded deed restriction before permit issuance.",,normal,n/a,"[""Accessory Apartments""]",0.9,0.85,confirmed,"direct reading of an explicit, unambiguous citywide provision (Chapter 8.20 / 4.70.2)",comparable_with_documented_transform,"categorical ADU pathway; comparable to Greenwich's ADU pathway only at the categorical/ordinal level, not on every specific condition"
bridgeport-rule-candidate-00583,bridgeport-scenario-0020,NX3,Mixed Residential,minimum_off_street_parking_spaces_per_dwelling_unit,8.20.1 MINIMUM RATIOS. This zoning code does not establish minimum off-street parking requirements (note: accessible parking spaces to serve persons with disabilities may be required in accordance with the state building code).,no minimum established,,0,spaces_per_unit_floor,no_minimum_parking_requirement,general_rule_candidate,bridgeport-citywide-8.20.1,228,8.20.1,,,,8.20.1 MINIMUM RATIOS. This zoning code does not establish minimum off-street parking requirements (note: accessible parking spaces to serve persons with disabilities may be required in accordance with the state building code).,accessible-space requirements under the state building code still apply,normal,n/a,"[""does not establish minimum""]",0.95,0.9,confirmed,direct reading of an explicit citywide statement that no minimum is established (8.20.1),directly_comparable,"an explicit 'no minimum established' citywide statement is a well-defined floor of 0 spaces/unit, directly comparable to a numeric minimum"
bridgeport-rule-candidate-00584,bridgeport-scenario-0020,NX3,Mixed Residential,parking_regime,"8.20.2 MAXIMUMS. New and expanded uses may not provide off-street motor vehicle parking in excess of the maximum parking ratios established in Table 8-1, unless approved through the special permit approval procedures of 11.50.",,,,,maximum_ratio_regime_no_minimum,general_rule_candidate,bridgeport-citywide-8.20.2,228,8.20.2,,,,"8.20.2 MAXIMUMS. New and expanded uses may not provide off-street motor vehicle parking in excess of the maximum parking ratios established in Table 8-1, unless approved through the special permit approval procedures of 11.50.","maximums only, per Table 8-1 (not independently re-verified here)",normal,n/a,"[""maximum parking ratios""]",0.9,0.85,confirmed,"direct reading of an explicit, unambiguous citywide provision (Chapter 8.20 / 4.70.2)",qualitative_only,"a categorical description of the parking regime (maximum-ratio, no minimum), not a single numeric value"
bridgeport-rule-candidate-00585,bridgeport-scenario-0020,NX3,Mixed Residential,adu_permission_pathway,"4.70.2 Accessory Apartments. B.(2) Number: No more than one accessory apartment is allowed per lot. B.(5) Size: The floor area of an accessory apartment may not exceed 49% of the gross floor area of the principal dwelling unit (excluding any attached garage), or 800 square feet, whichever is less. B.(6) Parking: No additional parking is required for an accessory apartment. B.(4) Rental: accessory apartments may not be rented for periods of less than 31 consecutive days, and require a recorded deed restriction before permit issuance.",,,,,allowed_subject_to_objective_conditions,general_rule_candidate,bridgeport-citywide-4.70.2,155,4.70.2,,,,"4.70.2 Accessory Apartments. B.(2) Number: No more than one accessory apartment is allowed per lot. B.(5) Size: The floor area of an accessory apartment may not exceed 49% of the gross floor area of the principal dwelling unit (excluding any attached garage), or 800 square feet, whichever is less. B.(6) Parking: No additional parking is required for an accessory apartment. B.(4) Rental: accessory apartments may not be rented for periods of less than 31 consecutive days, and require a recorded deed restriction before permit issuance.",one per lot; size <=49% of principal GFA or 800 sqft (lesser); no additional parking required; rental restricted to >=31 consecutive days with a recorded deed restriction; permit required but no special-permit/public-hearing language found in this provision's own text,normal,n/a,"[""Accessory Apartments"", ""accessory apartment""]",0.9,0.85,confirmed,"direct reading of an explicit, unambiguous citywide provision (Chapter 8.20 / 4.70.2)",comparable_with_documented_transform,"categorical ADU pathway; comparable to Greenwich's ADU pathway only at the categorical/ordinal level, not on every specific condition"
bridgeport-rule-candidate-00586,bridgeport-scenario-0020,NX3,Mixed Residential,adu_conditions,"4.70.2 Accessory Apartments. B.(2) Number: No more than one accessory apartment is allowed per lot. B.(5) Size: The floor area of an accessory apartment may not exceed 49% of the gross floor area of the principal dwelling unit (excluding any attached garage), or 800 square feet, whichever is less. B.(6) Parking: No additional parking is required for an accessory apartment. B.(4) Rental: accessory apartments may not be rented for periods of less than 31 consecutive days, and require a recorded deed restriction before permit issuance.",,,,,one_per_lot; size<=49pct_of_principal_GFA_or_800sqft_whichever_less; no_additional_parking_required; rental_min_31_consecutive_days; deed_restriction_required,general_rule_candidate,bridgeport-citywide-4.70.2,155,4.70.2,,,,"4.70.2 Accessory Apartments. B.(2) Number: No more than one accessory apartment is allowed per lot. B.(5) Size: The floor area of an accessory apartment may not exceed 49% of the gross floor area of the principal dwelling unit (excluding any attached garage), or 800 square feet, whichever is less. B.(6) Parking: No additional parking is required for an accessory apartment. B.(4) Rental: accessory apartments may not be rented for periods of less than 31 consecutive days, and require a recorded deed restriction before permit issuance.",,normal,n/a,"[""Accessory Apartments""]",0.9,0.85,confirmed,"direct reading of an explicit, unambiguous citywide provision (Chapter 8.20 / 4.70.2)",comparable_with_documented_transform,"categorical ADU pathway; comparable to Greenwich's ADU pathway only at the categorical/ordinal level, not on every specific condition"
bridgeport-rule-candidate-00587,bridgeport-scenario-0021,NX4,Mixed Residential,minimum_off_street_parking_spaces_per_dwelling_unit,8.20.1 MINIMUM RATIOS. This zoning code does not establish minimum off-street parking requirements (note: accessible parking spaces to serve persons with disabilities may be required in accordance with the state building code).,no minimum established,,0,spaces_per_unit_floor,no_minimum_parking_requirement,general_rule_candidate,bridgeport-citywide-8.20.1,228,8.20.1,,,,8.20.1 MINIMUM RATIOS. This zoning code does not establish minimum off-street parking requirements (note: accessible parking spaces to serve persons with disabilities may be required in accordance with the state building code).,accessible-space requirements under the state building code still apply,normal,n/a,"[""does not establish minimum""]",0.95,0.9,confirmed,direct reading of an explicit citywide statement that no minimum is established (8.20.1),directly_comparable,"an explicit 'no minimum established' citywide statement is a well-defined floor of 0 spaces/unit, directly comparable to a numeric minimum"
bridgeport-rule-candidate-00588,bridgeport-scenario-0021,NX4,Mixed Residential,parking_regime,"8.20.2 MAXIMUMS. New and expanded uses may not provide off-street motor vehicle parking in excess of the maximum parking ratios established in Table 8-1, unless approved through the special permit approval procedures of 11.50.",,,,,maximum_ratio_regime_no_minimum,general_rule_candidate,bridgeport-citywide-8.20.2,228,8.20.2,,,,"8.20.2 MAXIMUMS. New and expanded uses may not provide off-street motor vehicle parking in excess of the maximum parking ratios established in Table 8-1, unless approved through the special permit approval procedures of 11.50.","maximums only, per Table 8-1 (not independently re-verified here)",normal,n/a,"[""maximum parking ratios""]",0.9,0.85,confirmed,"direct reading of an explicit, unambiguous citywide provision (Chapter 8.20 / 4.70.2)",qualitative_only,"a categorical description of the parking regime (maximum-ratio, no minimum), not a single numeric value"
bridgeport-rule-candidate-00589,bridgeport-scenario-0021,NX4,Mixed Residential,adu_permission_pathway,"4.70.2 Accessory Apartments. B.(2) Number: No more than one accessory apartment is allowed per lot. B.(5) Size: The floor area of an accessory apartment may not exceed 49% of the gross floor area of the principal dwelling unit (excluding any attached garage), or 800 square feet, whichever is less. B.(6) Parking: No additional parking is required for an accessory apartment. B.(4) Rental: accessory apartments may not be rented for periods of less than 31 consecutive days, and require a recorded deed restriction before permit issuance.",,,,,allowed_subject_to_objective_conditions,general_rule_candidate,bridgeport-citywide-4.70.2,155,4.70.2,,,,"4.70.2 Accessory Apartments. B.(2) Number: No more than one accessory apartment is allowed per lot. B.(5) Size: The floor area of an accessory apartment may not exceed 49% of the gross floor area of the principal dwelling unit (excluding any attached garage), or 800 square feet, whichever is less. B.(6) Parking: No additional parking is required for an accessory apartment. B.(4) Rental: accessory apartments may not be rented for periods of less than 31 consecutive days, and require a recorded deed restriction before permit issuance.",one per lot; size <=49% of principal GFA or 800 sqft (lesser); no additional parking required; rental restricted to >=31 consecutive days with a recorded deed restriction; permit required but no special-permit/public-hearing language found in this provision's own text,normal,n/a,"[""Accessory Apartments"", ""accessory apartment""]",0.9,0.85,confirmed,"direct reading of an explicit, unambiguous citywide provision (Chapter 8.20 / 4.70.2)",comparable_with_documented_transform,"categorical ADU pathway; comparable to Greenwich's ADU pathway only at the categorical/ordinal level, not on every specific condition"
bridgeport-rule-candidate-00590,bridgeport-scenario-0021,NX4,Mixed Residential,adu_conditions,"4.70.2 Accessory Apartments. B.(2) Number: No more than one accessory apartment is allowed per lot. B.(5) Size: The floor area of an accessory apartment may not exceed 49% of the gross floor area of the principal dwelling unit (excluding any attached garage), or 800 square feet, whichever is less. B.(6) Parking: No additional parking is required for an accessory apartment. B.(4) Rental: accessory apartments may not be rented for periods of less than 31 consecutive days, and require a recorded deed restriction before permit issuance.",,,,,one_per_lot; size<=49pct_of_principal_GFA_or_800sqft_whichever_less; no_additional_parking_required; rental_min_31_consecutive_days; deed_restriction_required,general_rule_candidate,bridgeport-citywide-4.70.2,155,4.70.2,,,,"4.70.2 Accessory Apartments. B.(2) Number: No more than one accessory apartment is allowed per lot. B.(5) Size: The floor area of an accessory apartment may not exceed 49% of the gross floor area of the principal dwelling unit (excluding any attached garage), or 800 square feet, whichever is less. B.(6) Parking: No additional parking is required for an accessory apartment. B.(4) Rental: accessory apartments may not be rented for periods of less than 31 consecutive days, and require a recorded deed restriction before permit issuance.",,normal,n/a,"[""Accessory Apartments""]",0.9,0.85,confirmed,"direct reading of an explicit, unambiguous citywide provision (Chapter 8.20 / 4.70.2)",comparable_with_documented_transform,"categorical ADU pathway; comparable to Greenwich's ADU pathway only at the categorical/ordinal level, not on every specific condition"
bridgeport-rule-candidate-00591,bridgeport-scenario-0022,RX2,Residential-Office Centers,minimum_off_street_parking_spaces_per_dwelling_unit,8.20.1 MINIMUM RATIOS. This zoning code does not establish minimum off-street parking requirements (note: accessible parking spaces to serve persons with disabilities may be required in accordance with the state building code).,no minimum established,,0,spaces_per_unit_floor,no_minimum_parking_requirement,general_rule_candidate,bridgeport-citywide-8.20.1,228,8.20.1,,,,8.20.1 MINIMUM RATIOS. This zoning code does not establish minimum off-street parking requirements (note: accessible parking spaces to serve persons with disabilities may be required in accordance with the state building code).,accessible-space requirements under the state building code still apply,normal,n/a,"[""does not establish minimum""]",0.95,0.9,confirmed,direct reading of an explicit citywide statement that no minimum is established (8.20.1),directly_comparable,"an explicit 'no minimum established' citywide statement is a well-defined floor of 0 spaces/unit, directly comparable to a numeric minimum"
bridgeport-rule-candidate-00592,bridgeport-scenario-0022,RX2,Residential-Office Centers,parking_regime,"8.20.2 MAXIMUMS. New and expanded uses may not provide off-street motor vehicle parking in excess of the maximum parking ratios established in Table 8-1, unless approved through the special permit approval procedures of 11.50.",,,,,maximum_ratio_regime_no_minimum,general_rule_candidate,bridgeport-citywide-8.20.2,228,8.20.2,,,,"8.20.2 MAXIMUMS. New and expanded uses may not provide off-street motor vehicle parking in excess of the maximum parking ratios established in Table 8-1, unless approved through the special permit approval procedures of 11.50.","maximums only, per Table 8-1 (not independently re-verified here)",normal,n/a,"[""maximum parking ratios""]",0.9,0.85,confirmed,"direct reading of an explicit, unambiguous citywide provision (Chapter 8.20 / 4.70.2)",qualitative_only,"a categorical description of the parking regime (maximum-ratio, no minimum), not a single numeric value"
bridgeport-rule-candidate-00593,bridgeport-scenario-0022,RX2,Residential-Office Centers,adu_permission_pathway,"4.70.2 Accessory Apartments. B.(2) Number: No more than one accessory apartment is allowed per lot. B.(5) Size: The floor area of an accessory apartment may not exceed 49% of the gross floor area of the principal dwelling unit (excluding any attached garage), or 800 square feet, whichever is less. B.(6) Parking: No additional parking is required for an accessory apartment. B.(4) Rental: accessory apartments may not be rented for periods of less than 31 consecutive days, and require a recorded deed restriction before permit issuance.",,,,,allowed_subject_to_objective_conditions,general_rule_candidate,bridgeport-citywide-4.70.2,155,4.70.2,,,,"4.70.2 Accessory Apartments. B.(2) Number: No more than one accessory apartment is allowed per lot. B.(5) Size: The floor area of an accessory apartment may not exceed 49% of the gross floor area of the principal dwelling unit (excluding any attached garage), or 800 square feet, whichever is less. B.(6) Parking: No additional parking is required for an accessory apartment. B.(4) Rental: accessory apartments may not be rented for periods of less than 31 consecutive days, and require a recorded deed restriction before permit issuance.",one per lot; size <=49% of principal GFA or 800 sqft (lesser); no additional parking required; rental restricted to >=31 consecutive days with a recorded deed restriction; permit required but no special-permit/public-hearing language found in this provision's own text,normal,n/a,"[""Accessory Apartments"", ""accessory apartment""]",0.9,0.85,confirmed,"direct reading of an explicit, unambiguous citywide provision (Chapter 8.20 / 4.70.2)",comparable_with_documented_transform,"categorical ADU pathway; comparable to Greenwich's ADU pathway only at the categorical/ordinal level, not on every specific condition"
bridgeport-rule-candidate-00594,bridgeport-scenario-0022,RX2,Residential-Office Centers,adu_conditions,"4.70.2 Accessory Apartments. B.(2) Number: No more than one accessory apartment is allowed per lot. B.(5) Size: The floor area of an accessory apartment may not exceed 49% of the gross floor area of the principal dwelling unit (excluding any attached garage), or 800 square feet, whichever is less. B.(6) Parking: No additional parking is required for an accessory apartment. B.(4) Rental: accessory apartments may not be rented for periods of less than 31 consecutive days, and require a recorded deed restriction before permit issuance.",,,,,one_per_lot; size<=49pct_of_principal_GFA_or_800sqft_whichever_less; no_additional_parking_required; rental_min_31_consecutive_days; deed_restriction_required,general_rule_candidate,bridgeport-citywide-4.70.2,155,4.70.2,,,,"4.70.2 Accessory Apartments. B.(2) Number: No more than one accessory apartment is allowed per lot. B.(5) Size: The floor area of an accessory apartment may not exceed 49% of the gross floor area of the principal dwelling unit (excluding any attached garage), or 800 square feet, whichever is less. B.(6) Parking: No additional parking is required for an accessory apartment. B.(4) Rental: accessory apartments may not be rented for periods of less than 31 consecutive days, and require a recorded deed restriction before permit issuance.",,normal,n/a,"[""Accessory Apartments""]",0.9,0.85,confirmed,"direct reading of an explicit, unambiguous citywide provision (Chapter 8.20 / 4.70.2)",comparable_with_documented_transform,"categorical ADU pathway; comparable to Greenwich's ADU pathway only at the categorical/ordinal level, not on every specific condition"
bridgeport-rule-candidate-00595,bridgeport-scenario-0023,NX1,Neighborhood Mix,minimum_off_street_parking_spaces_per_dwelling_unit,8.20.1 MINIMUM RATIOS. This zoning code does not establish minimum off-street parking requirements (note: accessible parking spaces to serve persons with disabilities may be required in accordance with the state building code).,no minimum established,,0,spaces_per_unit_floor,no_minimum_parking_requirement,general_rule_candidate,bridgeport-citywide-8.20.1,228,8.20.1,,,,8.20.1 MINIMUM RATIOS. This zoning code does not establish minimum off-street parking requirements (note: accessible parking spaces to serve persons with disabilities may be required in accordance with the state building code).,accessible-space requirements under the state building code still apply,normal,n/a,"[""does not establish minimum""]",0.95,0.9,confirmed,direct reading of an explicit citywide statement that no minimum is established (8.20.1),directly_comparable,"an explicit 'no minimum established' citywide statement is a well-defined floor of 0 spaces/unit, directly comparable to a numeric minimum"
bridgeport-rule-candidate-00596,bridgeport-scenario-0023,NX1,Neighborhood Mix,parking_regime,"8.20.2 MAXIMUMS. New and expanded uses may not provide off-street motor vehicle parking in excess of the maximum parking ratios established in Table 8-1, unless approved through the special permit approval procedures of 11.50.",,,,,maximum_ratio_regime_no_minimum,general_rule_candidate,bridgeport-citywide-8.20.2,228,8.20.2,,,,"8.20.2 MAXIMUMS. New and expanded uses may not provide off-street motor vehicle parking in excess of the maximum parking ratios established in Table 8-1, unless approved through the special permit approval procedures of 11.50.","maximums only, per Table 8-1 (not independently re-verified here)",normal,n/a,"[""maximum parking ratios""]",0.9,0.85,confirmed,"direct reading of an explicit, unambiguous citywide provision (Chapter 8.20 / 4.70.2)",qualitative_only,"a categorical description of the parking regime (maximum-ratio, no minimum), not a single numeric value"
bridgeport-rule-candidate-00597,bridgeport-scenario-0023,NX1,Neighborhood Mix,adu_permission_pathway,"4.70.2 Accessory Apartments. B.(2) Number: No more than one accessory apartment is allowed per lot. B.(5) Size: The floor area of an accessory apartment may not exceed 49% of the gross floor area of the principal dwelling unit (excluding any attached garage), or 800 square feet, whichever is less. B.(6) Parking: No additional parking is required for an accessory apartment. B.(4) Rental: accessory apartments may not be rented for periods of less than 31 consecutive days, and require a recorded deed restriction before permit issuance.",,,,,allowed_subject_to_objective_conditions,general_rule_candidate,bridgeport-citywide-4.70.2,155,4.70.2,,,,"4.70.2 Accessory Apartments. B.(2) Number: No more than one accessory apartment is allowed per lot. B.(5) Size: The floor area of an accessory apartment may not exceed 49% of the gross floor area of the principal dwelling unit (excluding any attached garage), or 800 square feet, whichever is less. B.(6) Parking: No additional parking is required for an accessory apartment. B.(4) Rental: accessory apartments may not be rented for periods of less than 31 consecutive days, and require a recorded deed restriction before permit issuance.",one per lot; size <=49% of principal GFA or 800 sqft (lesser); no additional parking required; rental restricted to >=31 consecutive days with a recorded deed restriction; permit required but no special-permit/public-hearing language found in this provision's own text,normal,n/a,"[""Accessory Apartments"", ""accessory apartment""]",0.9,0.85,confirmed,"direct reading of an explicit, unambiguous citywide provision (Chapter 8.20 / 4.70.2)",comparable_with_documented_transform,"categorical ADU pathway; comparable to Greenwich's ADU pathway only at the categorical/ordinal level, not on every specific condition"
bridgeport-rule-candidate-00598,bridgeport-scenario-0023,NX1,Neighborhood Mix,adu_conditions,"4.70.2 Accessory Apartments. B.(2) Number: No more than one accessory apartment is allowed per lot. B.(5) Size: The floor area of an accessory apartment may not exceed 49% of the gross floor area of the principal dwelling unit (excluding any attached garage), or 800 square feet, whichever is less. B.(6) Parking: No additional parking is required for an accessory apartment. B.(4) Rental: accessory apartments may not be rented for periods of less than 31 consecutive days, and require a recorded deed restriction before permit issuance.",,,,,one_per_lot; size<=49pct_of_principal_GFA_or_800sqft_whichever_less; no_additional_parking_required; rental_min_31_consecutive_days; deed_restriction_required,general_rule_candidate,bridgeport-citywide-4.70.2,155,4.70.2,,,,"4.70.2 Accessory Apartments. B.(2) Number: No more than one accessory apartment is allowed per lot. B.(5) Size: The floor area of an accessory apartment may not exceed 49% of the gross floor area of the principal dwelling unit (excluding any attached garage), or 800 square feet, whichever is less. B.(6) Parking: No additional parking is required for an accessory apartment. B.(4) Rental: accessory apartments may not be rented for periods of less than 31 consecutive days, and require a recorded deed restriction before permit issuance.",,normal,n/a,"[""Accessory Apartments""]",0.9,0.85,confirmed,"direct reading of an explicit, unambiguous citywide provision (Chapter 8.20 / 4.70.2)",comparable_with_documented_transform,"categorical ADU pathway; comparable to Greenwich's ADU pathway only at the categorical/ordinal level, not on every specific condition"
bridgeport-rule-candidate-00599,bridgeport-scenario-0024,NX3,Mixed Residential,minimum_off_street_parking_spaces_per_dwelling_unit,8.20.1 MINIMUM RATIOS. This zoning code does not establish minimum off-street parking requirements (note: accessible parking spaces to serve persons with disabilities may be required in accordance with the state building code).,no minimum established,,0,spaces_per_unit_floor,no_minimum_parking_requirement,general_rule_candidate,bridgeport-citywide-8.20.1,228,8.20.1,,,,8.20.1 MINIMUM RATIOS. This zoning code does not establish minimum off-street parking requirements (note: accessible parking spaces to serve persons with disabilities may be required in accordance with the state building code).,accessible-space requirements under the state building code still apply,normal,n/a,"[""does not establish minimum""]",0.95,0.9,confirmed,direct reading of an explicit citywide statement that no minimum is established (8.20.1),directly_comparable,"an explicit 'no minimum established' citywide statement is a well-defined floor of 0 spaces/unit, directly comparable to a numeric minimum"
bridgeport-rule-candidate-00600,bridgeport-scenario-0024,NX3,Mixed Residential,parking_regime,"8.20.2 MAXIMUMS. New and expanded uses may not provide off-street motor vehicle parking in excess of the maximum parking ratios established in Table 8-1, unless approved through the special permit approval procedures of 11.50.",,,,,maximum_ratio_regime_no_minimum,general_rule_candidate,bridgeport-citywide-8.20.2,228,8.20.2,,,,"8.20.2 MAXIMUMS. New and expanded uses may not provide off-street motor vehicle parking in excess of the maximum parking ratios established in Table 8-1, unless approved through the special permit approval procedures of 11.50.","maximums only, per Table 8-1 (not independently re-verified here)",normal,n/a,"[""maximum parking ratios""]",0.9,0.85,confirmed,"direct reading of an explicit, unambiguous citywide provision (Chapter 8.20 / 4.70.2)",qualitative_only,"a categorical description of the parking regime (maximum-ratio, no minimum), not a single numeric value"
bridgeport-rule-candidate-00601,bridgeport-scenario-0024,NX3,Mixed Residential,adu_permission_pathway,"4.70.2 Accessory Apartments. B.(2) Number: No more than one accessory apartment is allowed per lot. B.(5) Size: The floor area of an accessory apartment may not exceed 49% of the gross floor area of the principal dwelling unit (excluding any attached garage), or 800 square feet, whichever is less. B.(6) Parking: No additional parking is required for an accessory apartment. B.(4) Rental: accessory apartments may not be rented for periods of less than 31 consecutive days, and require a recorded deed restriction before permit issuance.",,,,,allowed_subject_to_objective_conditions,general_rule_candidate,bridgeport-citywide-4.70.2,155,4.70.2,,,,"4.70.2 Accessory Apartments. B.(2) Number: No more than one accessory apartment is allowed per lot. B.(5) Size: The floor area of an accessory apartment may not exceed 49% of the gross floor area of the principal dwelling unit (excluding any attached garage), or 800 square feet, whichever is less. B.(6) Parking: No additional parking is required for an accessory apartment. B.(4) Rental: accessory apartments may not be rented for periods of less than 31 consecutive days, and require a recorded deed restriction before permit issuance.",one per lot; size <=49% of principal GFA or 800 sqft (lesser); no additional parking required; rental restricted to >=31 consecutive days with a recorded deed restriction; permit required but no special-permit/public-hearing language found in this provision's own text,normal,n/a,"[""Accessory Apartments"", ""accessory apartment""]",0.9,0.85,confirmed,"direct reading of an explicit, unambiguous citywide provision (Chapter 8.20 / 4.70.2)",comparable_with_documented_transform,"categorical ADU pathway; comparable to Greenwich's ADU pathway only at the categorical/ordinal level, not on every specific condition"
bridgeport-rule-candidate-00602,bridgeport-scenario-0024,NX3,Mixed Residential,adu_conditions,"4.70.2 Accessory Apartments. B.(2) Number: No more than one accessory apartment is allowed per lot. B.(5) Size: The floor area of an accessory apartment may not exceed 49% of the gross floor area of the principal dwelling unit (excluding any attached garage), or 800 square feet, whichever is less. B.(6) Parking: No additional parking is required for an accessory apartment. B.(4) Rental: accessory apartments may not be rented for periods of less than 31 consecutive days, and require a recorded deed restriction before permit issuance.",,,,,one_per_lot; size<=49pct_of_principal_GFA_or_800sqft_whichever_less; no_additional_parking_required; rental_min_31_consecutive_days; deed_restriction_required,general_rule_candidate,bridgeport-citywide-4.70.2,155,4.70.2,,,,"4.70.2 Accessory Apartments. B.(2) Number: No more than one accessory apartment is allowed per lot. B.(5) Size: The floor area of an accessory apartment may not exceed 49% of the gross floor area of the principal dwelling unit (excluding any attached garage), or 800 square feet, whichever is less. B.(6) Parking: No additional parking is required for an accessory apartment. B.(4) Rental: accessory apartments may not be rented for periods of less than 31 consecutive days, and require a recorded deed restriction before permit issuance.",,normal,n/a,"[""Accessory Apartments""]",0.9,0.85,confirmed,"direct reading of an explicit, unambiguous citywide provision (Chapter 8.20 / 4.70.2)",comparable_with_documented_transform,"categorical ADU pathway; comparable to Greenwich's ADU pathway only at the categorical/ordinal level, not on every specific condition"
bridgeport-rule-candidate-00603,bridgeport-scenario-0025,NX4,Mixed Residential,minimum_off_street_parking_spaces_per_dwelling_unit,8.20.1 MINIMUM RATIOS. This zoning code does not establish minimum off-street parking requirements (note: accessible parking spaces to serve persons with disabilities may be required in accordance with the state building code).,no minimum established,,0,spaces_per_unit_floor,no_minimum_parking_requirement,general_rule_candidate,bridgeport-citywide-8.20.1,228,8.20.1,,,,8.20.1 MINIMUM RATIOS. This zoning code does not establish minimum off-street parking requirements (note: accessible parking spaces to serve persons with disabilities may be required in accordance with the state building code).,accessible-space requirements under the state building code still apply,normal,n/a,"[""does not establish minimum""]",0.95,0.9,confirmed,direct reading of an explicit citywide statement that no minimum is established (8.20.1),directly_comparable,"an explicit 'no minimum established' citywide statement is a well-defined floor of 0 spaces/unit, directly comparable to a numeric minimum"
bridgeport-rule-candidate-00604,bridgeport-scenario-0025,NX4,Mixed Residential,parking_regime,"8.20.2 MAXIMUMS. New and expanded uses may not provide off-street motor vehicle parking in excess of the maximum parking ratios established in Table 8-1, unless approved through the special permit approval procedures of 11.50.",,,,,maximum_ratio_regime_no_minimum,general_rule_candidate,bridgeport-citywide-8.20.2,228,8.20.2,,,,"8.20.2 MAXIMUMS. New and expanded uses may not provide off-street motor vehicle parking in excess of the maximum parking ratios established in Table 8-1, unless approved through the special permit approval procedures of 11.50.","maximums only, per Table 8-1 (not independently re-verified here)",normal,n/a,"[""maximum parking ratios""]",0.9,0.85,confirmed,"direct reading of an explicit, unambiguous citywide provision (Chapter 8.20 / 4.70.2)",qualitative_only,"a categorical description of the parking regime (maximum-ratio, no minimum), not a single numeric value"
bridgeport-rule-candidate-00605,bridgeport-scenario-0025,NX4,Mixed Residential,adu_permission_pathway,"4.70.2 Accessory Apartments. B.(2) Number: No more than one accessory apartment is allowed per lot. B.(5) Size: The floor area of an accessory apartment may not exceed 49% of the gross floor area of the principal dwelling unit (excluding any attached garage), or 800 square feet, whichever is less. B.(6) Parking: No additional parking is required for an accessory apartment. B.(4) Rental: accessory apartments may not be rented for periods of less than 31 consecutive days, and require a recorded deed restriction before permit issuance.",,,,,allowed_subject_to_objective_conditions,general_rule_candidate,bridgeport-citywide-4.70.2,155,4.70.2,,,,"4.70.2 Accessory Apartments. B.(2) Number: No more than one accessory apartment is allowed per lot. B.(5) Size: The floor area of an accessory apartment may not exceed 49% of the gross floor area of the principal dwelling unit (excluding any attached garage), or 800 square feet, whichever is less. B.(6) Parking: No additional parking is required for an accessory apartment. B.(4) Rental: accessory apartments may not be rented for periods of less than 31 consecutive days, and require a recorded deed restriction before permit issuance.",one per lot; size <=49% of principal GFA or 800 sqft (lesser); no additional parking required; rental restricted to >=31 consecutive days with a recorded deed restriction; permit required but no special-permit/public-hearing language found in this provision's own text,normal,n/a,"[""Accessory Apartments"", ""accessory apartment""]",0.9,0.85,confirmed,"direct reading of an explicit, unambiguous citywide provision (Chapter 8.20 / 4.70.2)",comparable_with_documented_transform,"categorical ADU pathway; comparable to Greenwich's ADU pathway only at the categorical/ordinal level, not on every specific condition"
bridgeport-rule-candidate-00606,bridgeport-scenario-0025,NX4,Mixed Residential,adu_conditions,"4.70.2 Accessory Apartments. B.(2) Number: No more than one accessory apartment is allowed per lot. B.(5) Size: The floor area of an accessory apartment may not exceed 49% of the gross floor area of the principal dwelling unit (excluding any attached garage), or 800 square feet, whichever is less. B.(6) Parking: No additional parking is required for an accessory apartment. B.(4) Rental: accessory apartments may not be rented for periods of less than 31 consecutive days, and require a recorded deed restriction before permit issuance.",,,,,one_per_lot; size<=49pct_of_principal_GFA_or_800sqft_whichever_less; no_additional_parking_required; rental_min_31_consecutive_days; deed_restriction_required,general_rule_candidate,bridgeport-citywide-4.70.2,155,4.70.2,,,,"4.70.2 Accessory Apartments. B.(2) Number: No more than one accessory apartment is allowed per lot. B.(5) Size: The floor area of an accessory apartment may not exceed 49% of the gross floor area of the principal dwelling unit (excluding any attached garage), or 800 square feet, whichever is less. B.(6) Parking: No additional parking is required for an accessory apartment. B.(4) Rental: accessory apartments may not be rented for periods of less than 31 consecutive days, and require a recorded deed restriction before permit issuance.",,normal,n/a,"[""Accessory Apartments""]",0.9,0.85,confirmed,"direct reading of an explicit, unambiguous citywide provision (Chapter 8.20 / 4.70.2)",comparable_with_documented_transform,"categorical ADU pathway; comparable to Greenwich's ADU pathway only at the categorical/ordinal level, not on every specific condition"
bridgeport-rule-candidate-00607,bridgeport-scenario-0026,RX2,Residential-Office Centers,minimum_off_street_parking_spaces_per_dwelling_unit,8.20.1 MINIMUM RATIOS. This zoning code does not establish minimum off-street parking requirements (note: accessible parking spaces to serve persons with disabilities may be required in accordance with the state building code).,no minimum established,,0,spaces_per_unit_floor,no_minimum_parking_requirement,general_rule_candidate,bridgeport-citywide-8.20.1,228,8.20.1,,,,8.20.1 MINIMUM RATIOS. This zoning code does not establish minimum off-street parking requirements (note: accessible parking spaces to serve persons with disabilities may be required in accordance with the state building code).,accessible-space requirements under the state building code still apply,normal,n/a,"[""does not establish minimum""]",0.95,0.9,confirmed,direct reading of an explicit citywide statement that no minimum is established (8.20.1),directly_comparable,"an explicit 'no minimum established' citywide statement is a well-defined floor of 0 spaces/unit, directly comparable to a numeric minimum"
bridgeport-rule-candidate-00608,bridgeport-scenario-0026,RX2,Residential-Office Centers,parking_regime,"8.20.2 MAXIMUMS. New and expanded uses may not provide off-street motor vehicle parking in excess of the maximum parking ratios established in Table 8-1, unless approved through the special permit approval procedures of 11.50.",,,,,maximum_ratio_regime_no_minimum,general_rule_candidate,bridgeport-citywide-8.20.2,228,8.20.2,,,,"8.20.2 MAXIMUMS. New and expanded uses may not provide off-street motor vehicle parking in excess of the maximum parking ratios established in Table 8-1, unless approved through the special permit approval procedures of 11.50.","maximums only, per Table 8-1 (not independently re-verified here)",normal,n/a,"[""maximum parking ratios""]",0.9,0.85,confirmed,"direct reading of an explicit, unambiguous citywide provision (Chapter 8.20 / 4.70.2)",qualitative_only,"a categorical description of the parking regime (maximum-ratio, no minimum), not a single numeric value"
bridgeport-rule-candidate-00609,bridgeport-scenario-0026,RX2,Residential-Office Centers,adu_permission_pathway,"4.70.2 Accessory Apartments. B.(2) Number: No more than one accessory apartment is allowed per lot. B.(5) Size: The floor area of an accessory apartment may not exceed 49% of the gross floor area of the principal dwelling unit (excluding any attached garage), or 800 square feet, whichever is less. B.(6) Parking: No additional parking is required for an accessory apartment. B.(4) Rental: accessory apartments may not be rented for periods of less than 31 consecutive days, and require a recorded deed restriction before permit issuance.",,,,,allowed_subject_to_objective_conditions,general_rule_candidate,bridgeport-citywide-4.70.2,155,4.70.2,,,,"4.70.2 Accessory Apartments. B.(2) Number: No more than one accessory apartment is allowed per lot. B.(5) Size: The floor area of an accessory apartment may not exceed 49% of the gross floor area of the principal dwelling unit (excluding any attached garage), or 800 square feet, whichever is less. B.(6) Parking: No additional parking is required for an accessory apartment. B.(4) Rental: accessory apartments may not be rented for periods of less than 31 consecutive days, and require a recorded deed restriction before permit issuance.",one per lot; size <=49% of principal GFA or 800 sqft (lesser); no additional parking required; rental restricted to >=31 consecutive days with a recorded deed restriction; permit required but no special-permit/public-hearing language found in this provision's own text,normal,n/a,"[""Accessory Apartments"", ""accessory apartment""]",0.9,0.85,confirmed,"direct reading of an explicit, unambiguous citywide provision (Chapter 8.20 / 4.70.2)",comparable_with_documented_transform,"categorical ADU pathway; comparable to Greenwich's ADU pathway only at the categorical/ordinal level, not on every specific condition"
bridgeport-rule-candidate-00610,bridgeport-scenario-0026,RX2,Residential-Office Centers,adu_conditions,"4.70.2 Accessory Apartments. B.(2) Number: No more than one accessory apartment is allowed per lot. B.(5) Size: The floor area of an accessory apartment may not exceed 49% of the gross floor area of the principal dwelling unit (excluding any attached garage), or 800 square feet, whichever is less. B.(6) Parking: No additional parking is required for an accessory apartment. B.(4) Rental: accessory apartments may not be rented for periods of less than 31 consecutive days, and require a recorded deed restriction before permit issuance.",,,,,one_per_lot; size<=49pct_of_principal_GFA_or_800sqft_whichever_less; no_additional_parking_required; rental_min_31_consecutive_days; deed_restriction_required,general_rule_candidate,bridgeport-citywide-4.70.2,155,4.70.2,,,,"4.70.2 Accessory Apartments. B.(2) Number: No more than one accessory apartment is allowed per lot. B.(5) Size: The floor area of an accessory apartment may not exceed 49% of the gross floor area of the principal dwelling unit (excluding any attached garage), or 800 square feet, whichever is less. B.(6) Parking: No additional parking is required for an accessory apartment. B.(4) Rental: accessory apartments may not be rented for periods of less than 31 consecutive days, and require a recorded deed restriction before permit issuance.",,normal,n/a,"[""Accessory Apartments""]",0.9,0.85,confirmed,"direct reading of an explicit, unambiguous citywide provision (Chapter 8.20 / 4.70.2)",comparable_with_documented_transform,"categorical ADU pathway; comparable to Greenwich's ADU pathway only at the categorical/ordinal level, not on every specific condition"
bridgeport-rule-candidate-00611,bridgeport-scenario-0027,NX1,Neighborhood Mix,minimum_off_street_parking_spaces_per_dwelling_unit,8.20.1 MINIMUM RATIOS. This zoning code does not establish minimum off-street parking requirements (note: accessible parking spaces to serve persons with disabilities may be required in accordance with the state building code).,no minimum established,,0,spaces_per_unit_floor,no_minimum_parking_requirement,general_rule_candidate,bridgeport-citywide-8.20.1,228,8.20.1,,,,8.20.1 MINIMUM RATIOS. This zoning code does not establish minimum off-street parking requirements (note: accessible parking spaces to serve persons with disabilities may be required in accordance with the state building code).,accessible-space requirements under the state building code still apply,normal,n/a,"[""does not establish minimum""]",0.95,0.9,confirmed,direct reading of an explicit citywide statement that no minimum is established (8.20.1),directly_comparable,"an explicit 'no minimum established' citywide statement is a well-defined floor of 0 spaces/unit, directly comparable to a numeric minimum"
bridgeport-rule-candidate-00612,bridgeport-scenario-0027,NX1,Neighborhood Mix,parking_regime,"8.20.2 MAXIMUMS. New and expanded uses may not provide off-street motor vehicle parking in excess of the maximum parking ratios established in Table 8-1, unless approved through the special permit approval procedures of 11.50.",,,,,maximum_ratio_regime_no_minimum,general_rule_candidate,bridgeport-citywide-8.20.2,228,8.20.2,,,,"8.20.2 MAXIMUMS. New and expanded uses may not provide off-street motor vehicle parking in excess of the maximum parking ratios established in Table 8-1, unless approved through the special permit approval procedures of 11.50.","maximums only, per Table 8-1 (not independently re-verified here)",normal,n/a,"[""maximum parking ratios""]",0.9,0.85,confirmed,"direct reading of an explicit, unambiguous citywide provision (Chapter 8.20 / 4.70.2)",qualitative_only,"a categorical description of the parking regime (maximum-ratio, no minimum), not a single numeric value"
bridgeport-rule-candidate-00613,bridgeport-scenario-0027,NX1,Neighborhood Mix,adu_permission_pathway,"4.70.2 Accessory Apartments. B.(2) Number: No more than one accessory apartment is allowed per lot. B.(5) Size: The floor area of an accessory apartment may not exceed 49% of the gross floor area of the principal dwelling unit (excluding any attached garage), or 800 square feet, whichever is less. B.(6) Parking: No additional parking is required for an accessory apartment. B.(4) Rental: accessory apartments may not be rented for periods of less than 31 consecutive days, and require a recorded deed restriction before permit issuance.",,,,,allowed_subject_to_objective_conditions,general_rule_candidate,bridgeport-citywide-4.70.2,155,4.70.2,,,,"4.70.2 Accessory Apartments. B.(2) Number: No more than one accessory apartment is allowed per lot. B.(5) Size: The floor area of an accessory apartment may not exceed 49% of the gross floor area of the principal dwelling unit (excluding any attached garage), or 800 square feet, whichever is less. B.(6) Parking: No additional parking is required for an accessory apartment. B.(4) Rental: accessory apartments may not be rented for periods of less than 31 consecutive days, and require a recorded deed restriction before permit issuance.",one per lot; size <=49% of principal GFA or 800 sqft (lesser); no additional parking required; rental restricted to >=31 consecutive days with a recorded deed restriction; permit required but no special-permit/public-hearing language found in this provision's own text,normal,n/a,"[""Accessory Apartments"", ""accessory apartment""]",0.9,0.85,confirmed,"direct reading of an explicit, unambiguous citywide provision (Chapter 8.20 / 4.70.2)",comparable_with_documented_transform,"categorical ADU pathway; comparable to Greenwich's ADU pathway only at the categorical/ordinal level, not on every specific condition"
bridgeport-rule-candidate-00614,bridgeport-scenario-0027,NX1,Neighborhood Mix,adu_conditions,"4.70.2 Accessory Apartments. B.(2) Number: No more than one accessory apartment is allowed per lot. B.(5) Size: The floor area of an accessory apartment may not exceed 49% of the gross floor area of the principal dwelling unit (excluding any attached garage), or 800 square feet, whichever is less. B.(6) Parking: No additional parking is required for an accessory apartment. B.(4) Rental: accessory apartments may not be rented for periods of less than 31 consecutive days, and require a recorded deed restriction before permit issuance.",,,,,one_per_lot; size<=49pct_of_principal_GFA_or_800sqft_whichever_less; no_additional_parking_required; rental_min_31_consecutive_days; deed_restriction_required,general_rule_candidate,bridgeport-citywide-4.70.2,155,4.70.2,,,,"4.70.2 Accessory Apartments. B.(2) Number: No more than one accessory apartment is allowed per lot. B.(5) Size: The floor area of an accessory apartment may not exceed 49% of the gross floor area of the principal dwelling unit (excluding any attached garage), or 800 square feet, whichever is less. B.(6) Parking: No additional parking is required for an accessory apartment. B.(4) Rental: accessory apartments may not be rented for periods of less than 31 consecutive days, and require a recorded deed restriction before permit issuance.",,normal,n/a,"[""Accessory Apartments""]",0.9,0.85,confirmed,"direct reading of an explicit, unambiguous citywide provision (Chapter 8.20 / 4.70.2)",comparable_with_documented_transform,"categorical ADU pathway; comparable to Greenwich's ADU pathway only at the categorical/ordinal level, not on every specific condition"
bridgeport-rule-candidate-00615,bridgeport-scenario-0028,N1,Neighborhood: Traditional,minimum_off_street_parking_spaces_per_dwelling_unit,8.20.1 MINIMUM RATIOS. This zoning code does not establish minimum off-street parking requirements (note: accessible parking spaces to serve persons with disabilities may be required in accordance with the state building code).,no minimum established,,0,spaces_per_unit_floor,no_minimum_parking_requirement,general_rule_candidate,bridgeport-citywide-8.20.1,228,8.20.1,,,,8.20.1 MINIMUM RATIOS. This zoning code does not establish minimum off-street parking requirements (note: accessible parking spaces to serve persons with disabilities may be required in accordance with the state building code).,accessible-space requirements under the state building code still apply,normal,n/a,"[""does not establish minimum""]",0.95,0.9,confirmed,direct reading of an explicit citywide statement that no minimum is established (8.20.1),directly_comparable,"an explicit 'no minimum established' citywide statement is a well-defined floor of 0 spaces/unit, directly comparable to a numeric minimum"
bridgeport-rule-candidate-00616,bridgeport-scenario-0028,N1,Neighborhood: Traditional,parking_regime,"8.20.2 MAXIMUMS. New and expanded uses may not provide off-street motor vehicle parking in excess of the maximum parking ratios established in Table 8-1, unless approved through the special permit approval procedures of 11.50.",,,,,maximum_ratio_regime_no_minimum,general_rule_candidate,bridgeport-citywide-8.20.2,228,8.20.2,,,,"8.20.2 MAXIMUMS. New and expanded uses may not provide off-street motor vehicle parking in excess of the maximum parking ratios established in Table 8-1, unless approved through the special permit approval procedures of 11.50.","maximums only, per Table 8-1 (not independently re-verified here)",normal,n/a,"[""maximum parking ratios""]",0.9,0.85,confirmed,"direct reading of an explicit, unambiguous citywide provision (Chapter 8.20 / 4.70.2)",qualitative_only,"a categorical description of the parking regime (maximum-ratio, no minimum), not a single numeric value"
bridgeport-rule-candidate-00617,bridgeport-scenario-0028,N1,Neighborhood: Traditional,adu_permission_pathway,"4.70.2 Accessory Apartments. B.(2) Number: No more than one accessory apartment is allowed per lot. B.(5) Size: The floor area of an accessory apartment may not exceed 49% of the gross floor area of the principal dwelling unit (excluding any attached garage), or 800 square feet, whichever is less. B.(6) Parking: No additional parking is required for an accessory apartment. B.(4) Rental: accessory apartments may not be rented for periods of less than 31 consecutive days, and require a recorded deed restriction before permit issuance.",,,,,allowed_subject_to_objective_conditions,general_rule_candidate,bridgeport-citywide-4.70.2,155,4.70.2,,,,"4.70.2 Accessory Apartments. B.(2) Number: No more than one accessory apartment is allowed per lot. B.(5) Size: The floor area of an accessory apartment may not exceed 49% of the gross floor area of the principal dwelling unit (excluding any attached garage), or 800 square feet, whichever is less. B.(6) Parking: No additional parking is required for an accessory apartment. B.(4) Rental: accessory apartments may not be rented for periods of less than 31 consecutive days, and require a recorded deed restriction before permit issuance.",one per lot; size <=49% of principal GFA or 800 sqft (lesser); no additional parking required; rental restricted to >=31 consecutive days with a recorded deed restriction; permit required but no special-permit/public-hearing language found in this provision's own text,normal,n/a,"[""Accessory Apartments"", ""accessory apartment""]",0.9,0.85,confirmed,"direct reading of an explicit, unambiguous citywide provision (Chapter 8.20 / 4.70.2)",comparable_with_documented_transform,"categorical ADU pathway; comparable to Greenwich's ADU pathway only at the categorical/ordinal level, not on every specific condition"
bridgeport-rule-candidate-00618,bridgeport-scenario-0028,N1,Neighborhood: Traditional,adu_conditions,"4.70.2 Accessory Apartments. B.(2) Number: No more than one accessory apartment is allowed per lot. B.(5) Size: The floor area of an accessory apartment may not exceed 49% of the gross floor area of the principal dwelling unit (excluding any attached garage), or 800 square feet, whichever is less. B.(6) Parking: No additional parking is required for an accessory apartment. B.(4) Rental: accessory apartments may not be rented for periods of less than 31 consecutive days, and require a recorded deed restriction before permit issuance.",,,,,one_per_lot; size<=49pct_of_principal_GFA_or_800sqft_whichever_less; no_additional_parking_required; rental_min_31_consecutive_days; deed_restriction_required,general_rule_candidate,bridgeport-citywide-4.70.2,155,4.70.2,,,,"4.70.2 Accessory Apartments. B.(2) Number: No more than one accessory apartment is allowed per lot. B.(5) Size: The floor area of an accessory apartment may not exceed 49% of the gross floor area of the principal dwelling unit (excluding any attached garage), or 800 square feet, whichever is less. B.(6) Parking: No additional parking is required for an accessory apartment. B.(4) Rental: accessory apartments may not be rented for periods of less than 31 consecutive days, and require a recorded deed restriction before permit issuance.",,normal,n/a,"[""Accessory Apartments""]",0.9,0.85,confirmed,"direct reading of an explicit, unambiguous citywide provision (Chapter 8.20 / 4.70.2)",comparable_with_documented_transform,"categorical ADU pathway; comparable to Greenwich's ADU pathway only at the categorical/ordinal level, not on every specific condition"
bridgeport-rule-candidate-00619,bridgeport-scenario-0029,NX1,Neighborhood Mix,minimum_off_street_parking_spaces_per_dwelling_unit,8.20.1 MINIMUM RATIOS. This zoning code does not establish minimum off-street parking requirements (note: accessible parking spaces to serve persons with disabilities may be required in accordance with the state building code).,no minimum established,,0,spaces_per_unit_floor,no_minimum_parking_requirement,general_rule_candidate,bridgeport-citywide-8.20.1,228,8.20.1,,,,8.20.1 MINIMUM RATIOS. This zoning code does not establish minimum off-street parking requirements (note: accessible parking spaces to serve persons with disabilities may be required in accordance with the state building code).,accessible-space requirements under the state building code still apply,normal,n/a,"[""does not establish minimum""]",0.95,0.9,confirmed,direct reading of an explicit citywide statement that no minimum is established (8.20.1),directly_comparable,"an explicit 'no minimum established' citywide statement is a well-defined floor of 0 spaces/unit, directly comparable to a numeric minimum"
bridgeport-rule-candidate-00620,bridgeport-scenario-0029,NX1,Neighborhood Mix,parking_regime,"8.20.2 MAXIMUMS. New and expanded uses may not provide off-street motor vehicle parking in excess of the maximum parking ratios established in Table 8-1, unless approved through the special permit approval procedures of 11.50.",,,,,maximum_ratio_regime_no_minimum,general_rule_candidate,bridgeport-citywide-8.20.2,228,8.20.2,,,,"8.20.2 MAXIMUMS. New and expanded uses may not provide off-street motor vehicle parking in excess of the maximum parking ratios established in Table 8-1, unless approved through the special permit approval procedures of 11.50.","maximums only, per Table 8-1 (not independently re-verified here)",normal,n/a,"[""maximum parking ratios""]",0.9,0.85,confirmed,"direct reading of an explicit, unambiguous citywide provision (Chapter 8.20 / 4.70.2)",qualitative_only,"a categorical description of the parking regime (maximum-ratio, no minimum), not a single numeric value"
bridgeport-rule-candidate-00621,bridgeport-scenario-0029,NX1,Neighborhood Mix,adu_permission_pathway,"4.70.2 Accessory Apartments. B.(2) Number: No more than one accessory apartment is allowed per lot. B.(5) Size: The floor area of an accessory apartment may not exceed 49% of the gross floor area of the principal dwelling unit (excluding any attached garage), or 800 square feet, whichever is less. B.(6) Parking: No additional parking is required for an accessory apartment. B.(4) Rental: accessory apartments may not be rented for periods of less than 31 consecutive days, and require a recorded deed restriction before permit issuance.",,,,,allowed_subject_to_objective_conditions,general_rule_candidate,bridgeport-citywide-4.70.2,155,4.70.2,,,,"4.70.2 Accessory Apartments. B.(2) Number: No more than one accessory apartment is allowed per lot. B.(5) Size: The floor area of an accessory apartment may not exceed 49% of the gross floor area of the principal dwelling unit (excluding any attached garage), or 800 square feet, whichever is less. B.(6) Parking: No additional parking is required for an accessory apartment. B.(4) Rental: accessory apartments may not be rented for periods of less than 31 consecutive days, and require a recorded deed restriction before permit issuance.",one per lot; size <=49% of principal GFA or 800 sqft (lesser); no additional parking required; rental restricted to >=31 consecutive days with a recorded deed restriction; permit required but no special-permit/public-hearing language found in this provision's own text,normal,n/a,"[""Accessory Apartments"", ""accessory apartment""]",0.9,0.85,confirmed,"direct reading of an explicit, unambiguous citywide provision (Chapter 8.20 / 4.70.2)",comparable_with_documented_transform,"categorical ADU pathway; comparable to Greenwich's ADU pathway only at the categorical/ordinal level, not on every specific condition"
bridgeport-rule-candidate-00622,bridgeport-scenario-0029,NX1,Neighborhood Mix,adu_conditions,"4.70.2 Accessory Apartments. B.(2) Number: No more than one accessory apartment is allowed per lot. B.(5) Size: The floor area of an accessory apartment may not exceed 49% of the gross floor area of the principal dwelling unit (excluding any attached garage), or 800 square feet, whichever is less. B.(6) Parking: No additional parking is required for an accessory apartment. B.(4) Rental: accessory apartments may not be rented for periods of less than 31 consecutive days, and require a recorded deed restriction before permit issuance.",,,,,one_per_lot; size<=49pct_of_principal_GFA_or_800sqft_whichever_less; no_additional_parking_required; rental_min_31_consecutive_days; deed_restriction_required,general_rule_candidate,bridgeport-citywide-4.70.2,155,4.70.2,,,,"4.70.2 Accessory Apartments. B.(2) Number: No more than one accessory apartment is allowed per lot. B.(5) Size: The floor area of an accessory apartment may not exceed 49% of the gross floor area of the principal dwelling unit (excluding any attached garage), or 800 square feet, whichever is less. B.(6) Parking: No additional parking is required for an accessory apartment. B.(4) Rental: accessory apartments may not be rented for periods of less than 31 consecutive days, and require a recorded deed restriction before permit issuance.",,normal,n/a,"[""Accessory Apartments""]",0.9,0.85,confirmed,"direct reading of an explicit, unambiguous citywide provision (Chapter 8.20 / 4.70.2)",comparable_with_documented_transform,"categorical ADU pathway; comparable to Greenwich's ADU pathway only at the categorical/ordinal level, not on every specific condition"
bridgeport-rule-candidate-00623,bridgeport-scenario-0030,N2,Neighborhood: Mid-Century,minimum_off_street_parking_spaces_per_dwelling_unit,8.20.1 MINIMUM RATIOS. This zoning code does not establish minimum off-street parking requirements (note: accessible parking spaces to serve persons with disabilities may be required in accordance with the state building code).,no minimum established,,0,spaces_per_unit_floor,no_minimum_parking_requirement,general_rule_candidate,bridgeport-citywide-8.20.1,228,8.20.1,,,,8.20.1 MINIMUM RATIOS. This zoning code does not establish minimum off-street parking requirements (note: accessible parking spaces to serve persons with disabilities may be required in accordance with the state building code).,accessible-space requirements under the state building code still apply,normal,n/a,"[""does not establish minimum""]",0.95,0.9,confirmed,direct reading of an explicit citywide statement that no minimum is established (8.20.1),directly_comparable,"an explicit 'no minimum established' citywide statement is a well-defined floor of 0 spaces/unit, directly comparable to a numeric minimum"
bridgeport-rule-candidate-00624,bridgeport-scenario-0030,N2,Neighborhood: Mid-Century,parking_regime,"8.20.2 MAXIMUMS. New and expanded uses may not provide off-street motor vehicle parking in excess of the maximum parking ratios established in Table 8-1, unless approved through the special permit approval procedures of 11.50.",,,,,maximum_ratio_regime_no_minimum,general_rule_candidate,bridgeport-citywide-8.20.2,228,8.20.2,,,,"8.20.2 MAXIMUMS. New and expanded uses may not provide off-street motor vehicle parking in excess of the maximum parking ratios established in Table 8-1, unless approved through the special permit approval procedures of 11.50.","maximums only, per Table 8-1 (not independently re-verified here)",normal,n/a,"[""maximum parking ratios""]",0.9,0.85,confirmed,"direct reading of an explicit, unambiguous citywide provision (Chapter 8.20 / 4.70.2)",qualitative_only,"a categorical description of the parking regime (maximum-ratio, no minimum), not a single numeric value"
bridgeport-rule-candidate-00625,bridgeport-scenario-0030,N2,Neighborhood: Mid-Century,adu_permission_pathway,"4.70.2 Accessory Apartments. B.(2) Number: No more than one accessory apartment is allowed per lot. B.(5) Size: The floor area of an accessory apartment may not exceed 49% of the gross floor area of the principal dwelling unit (excluding any attached garage), or 800 square feet, whichever is less. B.(6) Parking: No additional parking is required for an accessory apartment. B.(4) Rental: accessory apartments may not be rented for periods of less than 31 consecutive days, and require a recorded deed restriction before permit issuance.",,,,,allowed_subject_to_objective_conditions,general_rule_candidate,bridgeport-citywide-4.70.2,155,4.70.2,,,,"4.70.2 Accessory Apartments. B.(2) Number: No more than one accessory apartment is allowed per lot. B.(5) Size: The floor area of an accessory apartment may not exceed 49% of the gross floor area of the principal dwelling unit (excluding any attached garage), or 800 square feet, whichever is less. B.(6) Parking: No additional parking is required for an accessory apartment. B.(4) Rental: accessory apartments may not be rented for periods of less than 31 consecutive days, and require a recorded deed restriction before permit issuance.",one per lot; size <=49% of principal GFA or 800 sqft (lesser); no additional parking required; rental restricted to >=31 consecutive days with a recorded deed restriction; permit required but no special-permit/public-hearing language found in this provision's own text,normal,n/a,"[""Accessory Apartments"", ""accessory apartment""]",0.9,0.85,confirmed,"direct reading of an explicit, unambiguous citywide provision (Chapter 8.20 / 4.70.2)",comparable_with_documented_transform,"categorical ADU pathway; comparable to Greenwich's ADU pathway only at the categorical/ordinal level, not on every specific condition"
bridgeport-rule-candidate-00626,bridgeport-scenario-0030,N2,Neighborhood: Mid-Century,adu_conditions,"4.70.2 Accessory Apartments. B.(2) Number: No more than one accessory apartment is allowed per lot. B.(5) Size: The floor area of an accessory apartment may not exceed 49% of the gross floor area of the principal dwelling unit (excluding any attached garage), or 800 square feet, whichever is less. B.(6) Parking: No additional parking is required for an accessory apartment. B.(4) Rental: accessory apartments may not be rented for periods of less than 31 consecutive days, and require a recorded deed restriction before permit issuance.",,,,,one_per_lot; size<=49pct_of_principal_GFA_or_800sqft_whichever_less; no_additional_parking_required; rental_min_31_consecutive_days; deed_restriction_required,general_rule_candidate,bridgeport-citywide-4.70.2,155,4.70.2,,,,"4.70.2 Accessory Apartments. B.(2) Number: No more than one accessory apartment is allowed per lot. B.(5) Size: The floor area of an accessory apartment may not exceed 49% of the gross floor area of the principal dwelling unit (excluding any attached garage), or 800 square feet, whichever is less. B.(6) Parking: No additional parking is required for an accessory apartment. B.(4) Rental: accessory apartments may not be rented for periods of less than 31 consecutive days, and require a recorded deed restriction before permit issuance.",,normal,n/a,"[""Accessory Apartments""]",0.9,0.85,confirmed,"direct reading of an explicit, unambiguous citywide provision (Chapter 8.20 / 4.70.2)",comparable_with_documented_transform,"categorical ADU pathway; comparable to Greenwich's ADU pathway only at the categorical/ordinal level, not on every specific condition"
bridgeport-rule-candidate-00627,bridgeport-scenario-0031,N3,Neighborhood: Large Lot,minimum_off_street_parking_spaces_per_dwelling_unit,8.20.1 MINIMUM RATIOS. This zoning code does not establish minimum off-street parking requirements (note: accessible parking spaces to serve persons with disabilities may be required in accordance with the state building code).,no minimum established,,0,spaces_per_unit_floor,no_minimum_parking_requirement,general_rule_candidate,bridgeport-citywide-8.20.1,228,8.20.1,,,,8.20.1 MINIMUM RATIOS. This zoning code does not establish minimum off-street parking requirements (note: accessible parking spaces to serve persons with disabilities may be required in accordance with the state building code).,accessible-space requirements under the state building code still apply,normal,n/a,"[""does not establish minimum""]",0.95,0.9,confirmed,direct reading of an explicit citywide statement that no minimum is established (8.20.1),directly_comparable,"an explicit 'no minimum established' citywide statement is a well-defined floor of 0 spaces/unit, directly comparable to a numeric minimum"
bridgeport-rule-candidate-00628,bridgeport-scenario-0031,N3,Neighborhood: Large Lot,parking_regime,"8.20.2 MAXIMUMS. New and expanded uses may not provide off-street motor vehicle parking in excess of the maximum parking ratios established in Table 8-1, unless approved through the special permit approval procedures of 11.50.",,,,,maximum_ratio_regime_no_minimum,general_rule_candidate,bridgeport-citywide-8.20.2,228,8.20.2,,,,"8.20.2 MAXIMUMS. New and expanded uses may not provide off-street motor vehicle parking in excess of the maximum parking ratios established in Table 8-1, unless approved through the special permit approval procedures of 11.50.","maximums only, per Table 8-1 (not independently re-verified here)",normal,n/a,"[""maximum parking ratios""]",0.9,0.85,confirmed,"direct reading of an explicit, unambiguous citywide provision (Chapter 8.20 / 4.70.2)",qualitative_only,"a categorical description of the parking regime (maximum-ratio, no minimum), not a single numeric value"
bridgeport-rule-candidate-00629,bridgeport-scenario-0031,N3,Neighborhood: Large Lot,adu_permission_pathway,"4.70.2 Accessory Apartments. B.(2) Number: No more than one accessory apartment is allowed per lot. B.(5) Size: The floor area of an accessory apartment may not exceed 49% of the gross floor area of the principal dwelling unit (excluding any attached garage), or 800 square feet, whichever is less. B.(6) Parking: No additional parking is required for an accessory apartment. B.(4) Rental: accessory apartments may not be rented for periods of less than 31 consecutive days, and require a recorded deed restriction before permit issuance.",,,,,allowed_subject_to_objective_conditions,general_rule_candidate,bridgeport-citywide-4.70.2,155,4.70.2,,,,"4.70.2 Accessory Apartments. B.(2) Number: No more than one accessory apartment is allowed per lot. B.(5) Size: The floor area of an accessory apartment may not exceed 49% of the gross floor area of the principal dwelling unit (excluding any attached garage), or 800 square feet, whichever is less. B.(6) Parking: No additional parking is required for an accessory apartment. B.(4) Rental: accessory apartments may not be rented for periods of less than 31 consecutive days, and require a recorded deed restriction before permit issuance.",one per lot; size <=49% of principal GFA or 800 sqft (lesser); no additional parking required; rental restricted to >=31 consecutive days with a recorded deed restriction; permit required but no special-permit/public-hearing language found in this provision's own text,normal,n/a,"[""Accessory Apartments"", ""accessory apartment""]",0.9,0.85,confirmed,"direct reading of an explicit, unambiguous citywide provision (Chapter 8.20 / 4.70.2)",comparable_with_documented_transform,"categorical ADU pathway; comparable to Greenwich's ADU pathway only at the categorical/ordinal level, not on every specific condition"
bridgeport-rule-candidate-00630,bridgeport-scenario-0031,N3,Neighborhood: Large Lot,adu_conditions,"4.70.2 Accessory Apartments. B.(2) Number: No more than one accessory apartment is allowed per lot. B.(5) Size: The floor area of an accessory apartment may not exceed 49% of the gross floor area of the principal dwelling unit (excluding any attached garage), or 800 square feet, whichever is less. B.(6) Parking: No additional parking is required for an accessory apartment. B.(4) Rental: accessory apartments may not be rented for periods of less than 31 consecutive days, and require a recorded deed restriction before permit issuance.",,,,,one_per_lot; size<=49pct_of_principal_GFA_or_800sqft_whichever_less; no_additional_parking_required; rental_min_31_consecutive_days; deed_restriction_required,general_rule_candidate,bridgeport-citywide-4.70.2,155,4.70.2,,,,"4.70.2 Accessory Apartments. B.(2) Number: No more than one accessory apartment is allowed per lot. B.(5) Size: The floor area of an accessory apartment may not exceed 49% of the gross floor area of the principal dwelling unit (excluding any attached garage), or 800 square feet, whichever is less. B.(6) Parking: No additional parking is required for an accessory apartment. B.(4) Rental: accessory apartments may not be rented for periods of less than 31 consecutive days, and require a recorded deed restriction before permit issuance.",,normal,n/a,"[""Accessory Apartments""]",0.9,0.85,confirmed,"direct reading of an explicit, unambiguous citywide provision (Chapter 8.20 / 4.70.2)",comparable_with_documented_transform,"categorical ADU pathway; comparable to Greenwich's ADU pathway only at the categorical/ordinal level, not on every specific condition"
bridgeport-rule-candidate-00631,bridgeport-scenario-0032,N4,Neighborhood: Suburban,minimum_off_street_parking_spaces_per_dwelling_unit,8.20.1 MINIMUM RATIOS. This zoning code does not establish minimum off-street parking requirements (note: accessible parking spaces to serve persons with disabilities may be required in accordance with the state building code).,no minimum established,,0,spaces_per_unit_floor,no_minimum_parking_requirement,general_rule_candidate,bridgeport-citywide-8.20.1,228,8.20.1,,,,8.20.1 MINIMUM RATIOS. This zoning code does not establish minimum off-street parking requirements (note: accessible parking spaces to serve persons with disabilities may be required in accordance with the state building code).,accessible-space requirements under the state building code still apply,normal,n/a,"[""does not establish minimum""]",0.95,0.9,confirmed,direct reading of an explicit citywide statement that no minimum is established (8.20.1),directly_comparable,"an explicit 'no minimum established' citywide statement is a well-defined floor of 0 spaces/unit, directly comparable to a numeric minimum"
bridgeport-rule-candidate-00632,bridgeport-scenario-0032,N4,Neighborhood: Suburban,parking_regime,"8.20.2 MAXIMUMS. New and expanded uses may not provide off-street motor vehicle parking in excess of the maximum parking ratios established in Table 8-1, unless approved through the special permit approval procedures of 11.50.",,,,,maximum_ratio_regime_no_minimum,general_rule_candidate,bridgeport-citywide-8.20.2,228,8.20.2,,,,"8.20.2 MAXIMUMS. New and expanded uses may not provide off-street motor vehicle parking in excess of the maximum parking ratios established in Table 8-1, unless approved through the special permit approval procedures of 11.50.","maximums only, per Table 8-1 (not independently re-verified here)",normal,n/a,"[""maximum parking ratios""]",0.9,0.85,confirmed,"direct reading of an explicit, unambiguous citywide provision (Chapter 8.20 / 4.70.2)",qualitative_only,"a categorical description of the parking regime (maximum-ratio, no minimum), not a single numeric value"
bridgeport-rule-candidate-00633,bridgeport-scenario-0032,N4,Neighborhood: Suburban,adu_permission_pathway,"4.70.2 Accessory Apartments. B.(2) Number: No more than one accessory apartment is allowed per lot. B.(5) Size: The floor area of an accessory apartment may not exceed 49% of the gross floor area of the principal dwelling unit (excluding any attached garage), or 800 square feet, whichever is less. B.(6) Parking: No additional parking is required for an accessory apartment. B.(4) Rental: accessory apartments may not be rented for periods of less than 31 consecutive days, and require a recorded deed restriction before permit issuance.",,,,,allowed_subject_to_objective_conditions,general_rule_candidate,bridgeport-citywide-4.70.2,155,4.70.2,,,,"4.70.2 Accessory Apartments. B.(2) Number: No more than one accessory apartment is allowed per lot. B.(5) Size: The floor area of an accessory apartment may not exceed 49% of the gross floor area of the principal dwelling unit (excluding any attached garage), or 800 square feet, whichever is less. B.(6) Parking: No additional parking is required for an accessory apartment. B.(4) Rental: accessory apartments may not be rented for periods of less than 31 consecutive days, and require a recorded deed restriction before permit issuance.",one per lot; size <=49% of principal GFA or 800 sqft (lesser); no additional parking required; rental restricted to >=31 consecutive days with a recorded deed restriction; permit required but no special-permit/public-hearing language found in this provision's own text,normal,n/a,"[""Accessory Apartments"", ""accessory apartment""]",0.9,0.85,confirmed,"direct reading of an explicit, unambiguous citywide provision (Chapter 8.20 / 4.70.2)",comparable_with_documented_transform,"categorical ADU pathway; comparable to Greenwich's ADU pathway only at the categorical/ordinal level, not on every specific condition"
bridgeport-rule-candidate-00634,bridgeport-scenario-0032,N4,Neighborhood: Suburban,adu_conditions,"4.70.2 Accessory Apartments. B.(2) Number: No more than one accessory apartment is allowed per lot. B.(5) Size: The floor area of an accessory apartment may not exceed 49% of the gross floor area of the principal dwelling unit (excluding any attached garage), or 800 square feet, whichever is less. B.(6) Parking: No additional parking is required for an accessory apartment. B.(4) Rental: accessory apartments may not be rented for periods of less than 31 consecutive days, and require a recorded deed restriction before permit issuance.",,,,,one_per_lot; size<=49pct_of_principal_GFA_or_800sqft_whichever_less; no_additional_parking_required; rental_min_31_consecutive_days; deed_restriction_required,general_rule_candidate,bridgeport-citywide-4.70.2,155,4.70.2,,,,"4.70.2 Accessory Apartments. B.(2) Number: No more than one accessory apartment is allowed per lot. B.(5) Size: The floor area of an accessory apartment may not exceed 49% of the gross floor area of the principal dwelling unit (excluding any attached garage), or 800 square feet, whichever is less. B.(6) Parking: No additional parking is required for an accessory apartment. B.(4) Rental: accessory apartments may not be rented for periods of less than 31 consecutive days, and require a recorded deed restriction before permit issuance.",,normal,n/a,"[""Accessory Apartments""]",0.9,0.85,confirmed,"direct reading of an explicit, unambiguous citywide provision (Chapter 8.20 / 4.70.2)",comparable_with_documented_transform,"categorical ADU pathway; comparable to Greenwich's ADU pathway only at the categorical/ordinal level, not on every specific condition"
bridgeport-rule-candidate-00635,bridgeport-scenario-0033,CX,Heavy Commercial,minimum_off_street_parking_spaces_per_dwelling_unit,8.20.1 MINIMUM RATIOS. This zoning code does not establish minimum off-street parking requirements (note: accessible parking spaces to serve persons with disabilities may be required in accordance with the state building code).,no minimum established,,0,spaces_per_unit_floor,no_minimum_parking_requirement,general_rule_candidate,bridgeport-citywide-8.20.1,228,8.20.1,,,,8.20.1 MINIMUM RATIOS. This zoning code does not establish minimum off-street parking requirements (note: accessible parking spaces to serve persons with disabilities may be required in accordance with the state building code).,accessible-space requirements under the state building code still apply,normal,n/a,"[""does not establish minimum""]",0.95,0.9,confirmed,direct reading of an explicit citywide statement that no minimum is established (8.20.1),directly_comparable,"an explicit 'no minimum established' citywide statement is a well-defined floor of 0 spaces/unit, directly comparable to a numeric minimum"
bridgeport-rule-candidate-00636,bridgeport-scenario-0033,CX,Heavy Commercial,parking_regime,"8.20.2 MAXIMUMS. New and expanded uses may not provide off-street motor vehicle parking in excess of the maximum parking ratios established in Table 8-1, unless approved through the special permit approval procedures of 11.50.",,,,,maximum_ratio_regime_no_minimum,general_rule_candidate,bridgeport-citywide-8.20.2,228,8.20.2,,,,"8.20.2 MAXIMUMS. New and expanded uses may not provide off-street motor vehicle parking in excess of the maximum parking ratios established in Table 8-1, unless approved through the special permit approval procedures of 11.50.","maximums only, per Table 8-1 (not independently re-verified here)",normal,n/a,"[""maximum parking ratios""]",0.9,0.85,confirmed,"direct reading of an explicit, unambiguous citywide provision (Chapter 8.20 / 4.70.2)",qualitative_only,"a categorical description of the parking regime (maximum-ratio, no minimum), not a single numeric value"
bridgeport-rule-candidate-00637,bridgeport-scenario-0033,CX,Heavy Commercial,adu_permission_pathway,"4.70.2 Accessory Apartments. B.(2) Number: No more than one accessory apartment is allowed per lot. B.(5) Size: The floor area of an accessory apartment may not exceed 49% of the gross floor area of the principal dwelling unit (excluding any attached garage), or 800 square feet, whichever is less. B.(6) Parking: No additional parking is required for an accessory apartment. B.(4) Rental: accessory apartments may not be rented for periods of less than 31 consecutive days, and require a recorded deed restriction before permit issuance.",,,,,allowed_subject_to_objective_conditions,general_rule_candidate,bridgeport-citywide-4.70.2,155,4.70.2,,,,"4.70.2 Accessory Apartments. B.(2) Number: No more than one accessory apartment is allowed per lot. B.(5) Size: The floor area of an accessory apartment may not exceed 49% of the gross floor area of the principal dwelling unit (excluding any attached garage), or 800 square feet, whichever is less. B.(6) Parking: No additional parking is required for an accessory apartment. B.(4) Rental: accessory apartments may not be rented for periods of less than 31 consecutive days, and require a recorded deed restriction before permit issuance.",one per lot; size <=49% of principal GFA or 800 sqft (lesser); no additional parking required; rental restricted to >=31 consecutive days with a recorded deed restriction; permit required but no special-permit/public-hearing language found in this provision's own text,normal,n/a,"[""Accessory Apartments"", ""accessory apartment""]",0.9,0.85,confirmed,"direct reading of an explicit, unambiguous citywide provision (Chapter 8.20 / 4.70.2)",comparable_with_documented_transform,"categorical ADU pathway; comparable to Greenwich's ADU pathway only at the categorical/ordinal level, not on every specific condition"
bridgeport-rule-candidate-00638,bridgeport-scenario-0033,CX,Heavy Commercial,adu_conditions,"4.70.2 Accessory Apartments. B.(2) Number: No more than one accessory apartment is allowed per lot. B.(5) Size: The floor area of an accessory apartment may not exceed 49% of the gross floor area of the principal dwelling unit (excluding any attached garage), or 800 square feet, whichever is less. B.(6) Parking: No additional parking is required for an accessory apartment. B.(4) Rental: accessory apartments may not be rented for periods of less than 31 consecutive days, and require a recorded deed restriction before permit issuance.",,,,,one_per_lot; size<=49pct_of_principal_GFA_or_800sqft_whichever_less; no_additional_parking_required; rental_min_31_consecutive_days; deed_restriction_required,general_rule_candidate,bridgeport-citywide-4.70.2,155,4.70.2,,,,"4.70.2 Accessory Apartments. B.(2) Number: No more than one accessory apartment is allowed per lot. B.(5) Size: The floor area of an accessory apartment may not exceed 49% of the gross floor area of the principal dwelling unit (excluding any attached garage), or 800 square feet, whichever is less. B.(6) Parking: No additional parking is required for an accessory apartment. B.(4) Rental: accessory apartments may not be rented for periods of less than 31 consecutive days, and require a recorded deed restriction before permit issuance.",,normal,n/a,"[""Accessory Apartments""]",0.9,0.85,confirmed,"direct reading of an explicit, unambiguous citywide provision (Chapter 8.20 / 4.70.2)",comparable_with_documented_transform,"categorical ADU pathway; comparable to Greenwich's ADU pathway only at the categorical/ordinal level, not on every specific condition"
bridgeport-rule-candidate-00639,bridgeport-scenario-0034,CX,Heavy Commercial,minimum_off_street_parking_spaces_per_dwelling_unit,8.20.1 MINIMUM RATIOS. This zoning code does not establish minimum off-street parking requirements (note: accessible parking spaces to serve persons with disabilities may be required in accordance with the state building code).,no minimum established,,0,spaces_per_unit_floor,no_minimum_parking_requirement,general_rule_candidate,bridgeport-citywide-8.20.1,228,8.20.1,,,,8.20.1 MINIMUM RATIOS. This zoning code does not establish minimum off-street parking requirements (note: accessible parking spaces to serve persons with disabilities may be required in accordance with the state building code).,accessible-space requirements under the state building code still apply,normal,n/a,"[""does not establish minimum""]",0.95,0.9,confirmed,direct reading of an explicit citywide statement that no minimum is established (8.20.1),directly_comparable,"an explicit 'no minimum established' citywide statement is a well-defined floor of 0 spaces/unit, directly comparable to a numeric minimum"
bridgeport-rule-candidate-00640,bridgeport-scenario-0034,CX,Heavy Commercial,parking_regime,"8.20.2 MAXIMUMS. New and expanded uses may not provide off-street motor vehicle parking in excess of the maximum parking ratios established in Table 8-1, unless approved through the special permit approval procedures of 11.50.",,,,,maximum_ratio_regime_no_minimum,general_rule_candidate,bridgeport-citywide-8.20.2,228,8.20.2,,,,"8.20.2 MAXIMUMS. New and expanded uses may not provide off-street motor vehicle parking in excess of the maximum parking ratios established in Table 8-1, unless approved through the special permit approval procedures of 11.50.","maximums only, per Table 8-1 (not independently re-verified here)",normal,n/a,"[""maximum parking ratios""]",0.9,0.85,confirmed,"direct reading of an explicit, unambiguous citywide provision (Chapter 8.20 / 4.70.2)",qualitative_only,"a categorical description of the parking regime (maximum-ratio, no minimum), not a single numeric value"
bridgeport-rule-candidate-00641,bridgeport-scenario-0034,CX,Heavy Commercial,adu_permission_pathway,"4.70.2 Accessory Apartments. B.(2) Number: No more than one accessory apartment is allowed per lot. B.(5) Size: The floor area of an accessory apartment may not exceed 49% of the gross floor area of the principal dwelling unit (excluding any attached garage), or 800 square feet, whichever is less. B.(6) Parking: No additional parking is required for an accessory apartment. B.(4) Rental: accessory apartments may not be rented for periods of less than 31 consecutive days, and require a recorded deed restriction before permit issuance.",,,,,allowed_subject_to_objective_conditions,general_rule_candidate,bridgeport-citywide-4.70.2,155,4.70.2,,,,"4.70.2 Accessory Apartments. B.(2) Number: No more than one accessory apartment is allowed per lot. B.(5) Size: The floor area of an accessory apartment may not exceed 49% of the gross floor area of the principal dwelling unit (excluding any attached garage), or 800 square feet, whichever is less. B.(6) Parking: No additional parking is required for an accessory apartment. B.(4) Rental: accessory apartments may not be rented for periods of less than 31 consecutive days, and require a recorded deed restriction before permit issuance.",one per lot; size <=49% of principal GFA or 800 sqft (lesser); no additional parking required; rental restricted to >=31 consecutive days with a recorded deed restriction; permit required but no special-permit/public-hearing language found in this provision's own text,normal,n/a,"[""Accessory Apartments"", ""accessory apartment""]",0.9,0.85,confirmed,"direct reading of an explicit, unambiguous citywide provision (Chapter 8.20 / 4.70.2)",comparable_with_documented_transform,"categorical ADU pathway; comparable to Greenwich's ADU pathway only at the categorical/ordinal level, not on every specific condition"
bridgeport-rule-candidate-00642,bridgeport-scenario-0034,CX,Heavy Commercial,adu_conditions,"4.70.2 Accessory Apartments. B.(2) Number: No more than one accessory apartment is allowed per lot. B.(5) Size: The floor area of an accessory apartment may not exceed 49% of the gross floor area of the principal dwelling unit (excluding any attached garage), or 800 square feet, whichever is less. B.(6) Parking: No additional parking is required for an accessory apartment. B.(4) Rental: accessory apartments may not be rented for periods of less than 31 consecutive days, and require a recorded deed restriction before permit issuance.",,,,,one_per_lot; size<=49pct_of_principal_GFA_or_800sqft_whichever_less; no_additional_parking_required; rental_min_31_consecutive_days; deed_restriction_required,general_rule_candidate,bridgeport-citywide-4.70.2,155,4.70.2,,,,"4.70.2 Accessory Apartments. B.(2) Number: No more than one accessory apartment is allowed per lot. B.(5) Size: The floor area of an accessory apartment may not exceed 49% of the gross floor area of the principal dwelling unit (excluding any attached garage), or 800 square feet, whichever is less. B.(6) Parking: No additional parking is required for an accessory apartment. B.(4) Rental: accessory apartments may not be rented for periods of less than 31 consecutive days, and require a recorded deed restriction before permit issuance.",,normal,n/a,"[""Accessory Apartments""]",0.9,0.85,confirmed,"direct reading of an explicit, unambiguous citywide provision (Chapter 8.20 / 4.70.2)",comparable_with_documented_transform,"categorical ADU pathway; comparable to Greenwich's ADU pathway only at the categorical/ordinal level, not on every specific condition"
bridgeport-rule-candidate-00643,bridgeport-scenario-0035,DX1,Downtown Core,minimum_off_street_parking_spaces_per_dwelling_unit,8.20.1 MINIMUM RATIOS. This zoning code does not establish minimum off-street parking requirements (note: accessible parking spaces to serve persons with disabilities may be required in accordance with the state building code).,no minimum established,,0,spaces_per_unit_floor,no_minimum_parking_requirement,general_rule_candidate,bridgeport-citywide-8.20.1,228,8.20.1,,,,8.20.1 MINIMUM RATIOS. This zoning code does not establish minimum off-street parking requirements (note: accessible parking spaces to serve persons with disabilities may be required in accordance with the state building code).,accessible-space requirements under the state building code still apply,normal,n/a,"[""does not establish minimum""]",0.95,0.9,confirmed,direct reading of an explicit citywide statement that no minimum is established (8.20.1),directly_comparable,"an explicit 'no minimum established' citywide statement is a well-defined floor of 0 spaces/unit, directly comparable to a numeric minimum"
bridgeport-rule-candidate-00644,bridgeport-scenario-0035,DX1,Downtown Core,parking_regime,"8.20.2 MAXIMUMS. New and expanded uses may not provide off-street motor vehicle parking in excess of the maximum parking ratios established in Table 8-1, unless approved through the special permit approval procedures of 11.50.",,,,,maximum_ratio_regime_no_minimum,general_rule_candidate,bridgeport-citywide-8.20.2,228,8.20.2,,,,"8.20.2 MAXIMUMS. New and expanded uses may not provide off-street motor vehicle parking in excess of the maximum parking ratios established in Table 8-1, unless approved through the special permit approval procedures of 11.50.","maximums only, per Table 8-1 (not independently re-verified here)",normal,n/a,"[""maximum parking ratios""]",0.9,0.85,confirmed,"direct reading of an explicit, unambiguous citywide provision (Chapter 8.20 / 4.70.2)",qualitative_only,"a categorical description of the parking regime (maximum-ratio, no minimum), not a single numeric value"
bridgeport-rule-candidate-00645,bridgeport-scenario-0035,DX1,Downtown Core,adu_permission_pathway,"4.70.2 Accessory Apartments. B.(2) Number: No more than one accessory apartment is allowed per lot. B.(5) Size: The floor area of an accessory apartment may not exceed 49% of the gross floor area of the principal dwelling unit (excluding any attached garage), or 800 square feet, whichever is less. B.(6) Parking: No additional parking is required for an accessory apartment. B.(4) Rental: accessory apartments may not be rented for periods of less than 31 consecutive days, and require a recorded deed restriction before permit issuance.",,,,,allowed_subject_to_objective_conditions,general_rule_candidate,bridgeport-citywide-4.70.2,155,4.70.2,,,,"4.70.2 Accessory Apartments. B.(2) Number: No more than one accessory apartment is allowed per lot. B.(5) Size: The floor area of an accessory apartment may not exceed 49% of the gross floor area of the principal dwelling unit (excluding any attached garage), or 800 square feet, whichever is less. B.(6) Parking: No additional parking is required for an accessory apartment. B.(4) Rental: accessory apartments may not be rented for periods of less than 31 consecutive days, and require a recorded deed restriction before permit issuance.",one per lot; size <=49% of principal GFA or 800 sqft (lesser); no additional parking required; rental restricted to >=31 consecutive days with a recorded deed restriction; permit required but no special-permit/public-hearing language found in this provision's own text,normal,n/a,"[""Accessory Apartments"", ""accessory apartment""]",0.9,0.85,confirmed,"direct reading of an explicit, unambiguous citywide provision (Chapter 8.20 / 4.70.2)",comparable_with_documented_transform,"categorical ADU pathway; comparable to Greenwich's ADU pathway only at the categorical/ordinal level, not on every specific condition"
bridgeport-rule-candidate-00646,bridgeport-scenario-0035,DX1,Downtown Core,adu_conditions,"4.70.2 Accessory Apartments. B.(2) Number: No more than one accessory apartment is allowed per lot. B.(5) Size: The floor area of an accessory apartment may not exceed 49% of the gross floor area of the principal dwelling unit (excluding any attached garage), or 800 square feet, whichever is less. B.(6) Parking: No additional parking is required for an accessory apartment. B.(4) Rental: accessory apartments may not be rented for periods of less than 31 consecutive days, and require a recorded deed restriction before permit issuance.",,,,,one_per_lot; size<=49pct_of_principal_GFA_or_800sqft_whichever_less; no_additional_parking_required; rental_min_31_consecutive_days; deed_restriction_required,general_rule_candidate,bridgeport-citywide-4.70.2,155,4.70.2,,,,"4.70.2 Accessory Apartments. B.(2) Number: No more than one accessory apartment is allowed per lot. B.(5) Size: The floor area of an accessory apartment may not exceed 49% of the gross floor area of the principal dwelling unit (excluding any attached garage), or 800 square feet, whichever is less. B.(6) Parking: No additional parking is required for an accessory apartment. B.(4) Rental: accessory apartments may not be rented for periods of less than 31 consecutive days, and require a recorded deed restriction before permit issuance.",,normal,n/a,"[""Accessory Apartments""]",0.9,0.85,confirmed,"direct reading of an explicit, unambiguous citywide provision (Chapter 8.20 / 4.70.2)",comparable_with_documented_transform,"categorical ADU pathway; comparable to Greenwich's ADU pathway only at the categorical/ordinal level, not on every specific condition"
bridgeport-rule-candidate-00647,bridgeport-scenario-0036,DX2,Downtown Support,minimum_off_street_parking_spaces_per_dwelling_unit,8.20.1 MINIMUM RATIOS. This zoning code does not establish minimum off-street parking requirements (note: accessible parking spaces to serve persons with disabilities may be required in accordance with the state building code).,no minimum established,,0,spaces_per_unit_floor,no_minimum_parking_requirement,general_rule_candidate,bridgeport-citywide-8.20.1,228,8.20.1,,,,8.20.1 MINIMUM RATIOS. This zoning code does not establish minimum off-street parking requirements (note: accessible parking spaces to serve persons with disabilities may be required in accordance with the state building code).,accessible-space requirements under the state building code still apply,normal,n/a,"[""does not establish minimum""]",0.95,0.9,confirmed,direct reading of an explicit citywide statement that no minimum is established (8.20.1),directly_comparable,"an explicit 'no minimum established' citywide statement is a well-defined floor of 0 spaces/unit, directly comparable to a numeric minimum"
bridgeport-rule-candidate-00648,bridgeport-scenario-0036,DX2,Downtown Support,parking_regime,"8.20.2 MAXIMUMS. New and expanded uses may not provide off-street motor vehicle parking in excess of the maximum parking ratios established in Table 8-1, unless approved through the special permit approval procedures of 11.50.",,,,,maximum_ratio_regime_no_minimum,general_rule_candidate,bridgeport-citywide-8.20.2,228,8.20.2,,,,"8.20.2 MAXIMUMS. New and expanded uses may not provide off-street motor vehicle parking in excess of the maximum parking ratios established in Table 8-1, unless approved through the special permit approval procedures of 11.50.","maximums only, per Table 8-1 (not independently re-verified here)",normal,n/a,"[""maximum parking ratios""]",0.9,0.85,confirmed,"direct reading of an explicit, unambiguous citywide provision (Chapter 8.20 / 4.70.2)",qualitative_only,"a categorical description of the parking regime (maximum-ratio, no minimum), not a single numeric value"
bridgeport-rule-candidate-00649,bridgeport-scenario-0036,DX2,Downtown Support,adu_permission_pathway,"4.70.2 Accessory Apartments. B.(2) Number: No more than one accessory apartment is allowed per lot. B.(5) Size: The floor area of an accessory apartment may not exceed 49% of the gross floor area of the principal dwelling unit (excluding any attached garage), or 800 square feet, whichever is less. B.(6) Parking: No additional parking is required for an accessory apartment. B.(4) Rental: accessory apartments may not be rented for periods of less than 31 consecutive days, and require a recorded deed restriction before permit issuance.",,,,,allowed_subject_to_objective_conditions,general_rule_candidate,bridgeport-citywide-4.70.2,155,4.70.2,,,,"4.70.2 Accessory Apartments. B.(2) Number: No more than one accessory apartment is allowed per lot. B.(5) Size: The floor area of an accessory apartment may not exceed 49% of the gross floor area of the principal dwelling unit (excluding any attached garage), or 800 square feet, whichever is less. B.(6) Parking: No additional parking is required for an accessory apartment. B.(4) Rental: accessory apartments may not be rented for periods of less than 31 consecutive days, and require a recorded deed restriction before permit issuance.",one per lot; size <=49% of principal GFA or 800 sqft (lesser); no additional parking required; rental restricted to >=31 consecutive days with a recorded deed restriction; permit required but no special-permit/public-hearing language found in this provision's own text,normal,n/a,"[""Accessory Apartments"", ""accessory apartment""]",0.9,0.85,confirmed,"direct reading of an explicit, unambiguous citywide provision (Chapter 8.20 / 4.70.2)",comparable_with_documented_transform,"categorical ADU pathway; comparable to Greenwich's ADU pathway only at the categorical/ordinal level, not on every specific condition"
bridgeport-rule-candidate-00650,bridgeport-scenario-0036,DX2,Downtown Support,adu_conditions,"4.70.2 Accessory Apartments. B.(2) Number: No more than one accessory apartment is allowed per lot. B.(5) Size: The floor area of an accessory apartment may not exceed 49% of the gross floor area of the principal dwelling unit (excluding any attached garage), or 800 square feet, whichever is less. B.(6) Parking: No additional parking is required for an accessory apartment. B.(4) Rental: accessory apartments may not be rented for periods of less than 31 consecutive days, and require a recorded deed restriction before permit issuance.",,,,,one_per_lot; size<=49pct_of_principal_GFA_or_800sqft_whichever_less; no_additional_parking_required; rental_min_31_consecutive_days; deed_restriction_required,general_rule_candidate,bridgeport-citywide-4.70.2,155,4.70.2,,,,"4.70.2 Accessory Apartments. B.(2) Number: No more than one accessory apartment is allowed per lot. B.(5) Size: The floor area of an accessory apartment may not exceed 49% of the gross floor area of the principal dwelling unit (excluding any attached garage), or 800 square feet, whichever is less. B.(6) Parking: No additional parking is required for an accessory apartment. B.(4) Rental: accessory apartments may not be rented for periods of less than 31 consecutive days, and require a recorded deed restriction before permit issuance.",,normal,n/a,"[""Accessory Apartments""]",0.9,0.85,confirmed,"direct reading of an explicit, unambiguous citywide provision (Chapter 8.20 / 4.70.2)",comparable_with_documented_transform,"categorical ADU pathway; comparable to Greenwich's ADU pathway only at the categorical/ordinal level, not on every specific condition"
bridgeport-rule-candidate-00651,bridgeport-scenario-0037,MX1,Mixed-Use Corridor,minimum_off_street_parking_spaces_per_dwelling_unit,8.20.1 MINIMUM RATIOS. This zoning code does not establish minimum off-street parking requirements (note: accessible parking spaces to serve persons with disabilities may be required in accordance with the state building code).,no minimum established,,0,spaces_per_unit_floor,no_minimum_parking_requirement,general_rule_candidate,bridgeport-citywide-8.20.1,228,8.20.1,,,,8.20.1 MINIMUM RATIOS. This zoning code does not establish minimum off-street parking requirements (note: accessible parking spaces to serve persons with disabilities may be required in accordance with the state building code).,accessible-space requirements under the state building code still apply,normal,n/a,"[""does not establish minimum""]",0.95,0.9,confirmed,direct reading of an explicit citywide statement that no minimum is established (8.20.1),directly_comparable,"an explicit 'no minimum established' citywide statement is a well-defined floor of 0 spaces/unit, directly comparable to a numeric minimum"
bridgeport-rule-candidate-00652,bridgeport-scenario-0037,MX1,Mixed-Use Corridor,parking_regime,"8.20.2 MAXIMUMS. New and expanded uses may not provide off-street motor vehicle parking in excess of the maximum parking ratios established in Table 8-1, unless approved through the special permit approval procedures of 11.50.",,,,,maximum_ratio_regime_no_minimum,general_rule_candidate,bridgeport-citywide-8.20.2,228,8.20.2,,,,"8.20.2 MAXIMUMS. New and expanded uses may not provide off-street motor vehicle parking in excess of the maximum parking ratios established in Table 8-1, unless approved through the special permit approval procedures of 11.50.","maximums only, per Table 8-1 (not independently re-verified here)",normal,n/a,"[""maximum parking ratios""]",0.9,0.85,confirmed,"direct reading of an explicit, unambiguous citywide provision (Chapter 8.20 / 4.70.2)",qualitative_only,"a categorical description of the parking regime (maximum-ratio, no minimum), not a single numeric value"
bridgeport-rule-candidate-00653,bridgeport-scenario-0037,MX1,Mixed-Use Corridor,adu_permission_pathway,"4.70.2 Accessory Apartments. B.(2) Number: No more than one accessory apartment is allowed per lot. B.(5) Size: The floor area of an accessory apartment may not exceed 49% of the gross floor area of the principal dwelling unit (excluding any attached garage), or 800 square feet, whichever is less. B.(6) Parking: No additional parking is required for an accessory apartment. B.(4) Rental: accessory apartments may not be rented for periods of less than 31 consecutive days, and require a recorded deed restriction before permit issuance.",,,,,allowed_subject_to_objective_conditions,general_rule_candidate,bridgeport-citywide-4.70.2,155,4.70.2,,,,"4.70.2 Accessory Apartments. B.(2) Number: No more than one accessory apartment is allowed per lot. B.(5) Size: The floor area of an accessory apartment may not exceed 49% of the gross floor area of the principal dwelling unit (excluding any attached garage), or 800 square feet, whichever is less. B.(6) Parking: No additional parking is required for an accessory apartment. B.(4) Rental: accessory apartments may not be rented for periods of less than 31 consecutive days, and require a recorded deed restriction before permit issuance.",one per lot; size <=49% of principal GFA or 800 sqft (lesser); no additional parking required; rental restricted to >=31 consecutive days with a recorded deed restriction; permit required but no special-permit/public-hearing language found in this provision's own text,normal,n/a,"[""Accessory Apartments"", ""accessory apartment""]",0.9,0.85,confirmed,"direct reading of an explicit, unambiguous citywide provision (Chapter 8.20 / 4.70.2)",comparable_with_documented_transform,"categorical ADU pathway; comparable to Greenwich's ADU pathway only at the categorical/ordinal level, not on every specific condition"
bridgeport-rule-candidate-00654,bridgeport-scenario-0037,MX1,Mixed-Use Corridor,adu_conditions,"4.70.2 Accessory Apartments. B.(2) Number: No more than one accessory apartment is allowed per lot. B.(5) Size: The floor area of an accessory apartment may not exceed 49% of the gross floor area of the principal dwelling unit (excluding any attached garage), or 800 square feet, whichever is less. B.(6) Parking: No additional parking is required for an accessory apartment. B.(4) Rental: accessory apartments may not be rented for periods of less than 31 consecutive days, and require a recorded deed restriction before permit issuance.",,,,,one_per_lot; size<=49pct_of_principal_GFA_or_800sqft_whichever_less; no_additional_parking_required; rental_min_31_consecutive_days; deed_restriction_required,general_rule_candidate,bridgeport-citywide-4.70.2,155,4.70.2,,,,"4.70.2 Accessory Apartments. B.(2) Number: No more than one accessory apartment is allowed per lot. B.(5) Size: The floor area of an accessory apartment may not exceed 49% of the gross floor area of the principal dwelling unit (excluding any attached garage), or 800 square feet, whichever is less. B.(6) Parking: No additional parking is required for an accessory apartment. B.(4) Rental: accessory apartments may not be rented for periods of less than 31 consecutive days, and require a recorded deed restriction before permit issuance.",,normal,n/a,"[""Accessory Apartments""]",0.9,0.85,confirmed,"direct reading of an explicit, unambiguous citywide provision (Chapter 8.20 / 4.70.2)",comparable_with_documented_transform,"categorical ADU pathway; comparable to Greenwich's ADU pathway only at the categorical/ordinal level, not on every specific condition"
bridgeport-rule-candidate-00655,bridgeport-scenario-0038,MX2,Mixed-Use Centers,minimum_off_street_parking_spaces_per_dwelling_unit,8.20.1 MINIMUM RATIOS. This zoning code does not establish minimum off-street parking requirements (note: accessible parking spaces to serve persons with disabilities may be required in accordance with the state building code).,no minimum established,,0,spaces_per_unit_floor,no_minimum_parking_requirement,general_rule_candidate,bridgeport-citywide-8.20.1,228,8.20.1,,,,8.20.1 MINIMUM RATIOS. This zoning code does not establish minimum off-street parking requirements (note: accessible parking spaces to serve persons with disabilities may be required in accordance with the state building code).,accessible-space requirements under the state building code still apply,normal,n/a,"[""does not establish minimum""]",0.95,0.9,confirmed,direct reading of an explicit citywide statement that no minimum is established (8.20.1),directly_comparable,"an explicit 'no minimum established' citywide statement is a well-defined floor of 0 spaces/unit, directly comparable to a numeric minimum"
bridgeport-rule-candidate-00656,bridgeport-scenario-0038,MX2,Mixed-Use Centers,parking_regime,"8.20.2 MAXIMUMS. New and expanded uses may not provide off-street motor vehicle parking in excess of the maximum parking ratios established in Table 8-1, unless approved through the special permit approval procedures of 11.50.",,,,,maximum_ratio_regime_no_minimum,general_rule_candidate,bridgeport-citywide-8.20.2,228,8.20.2,,,,"8.20.2 MAXIMUMS. New and expanded uses may not provide off-street motor vehicle parking in excess of the maximum parking ratios established in Table 8-1, unless approved through the special permit approval procedures of 11.50.","maximums only, per Table 8-1 (not independently re-verified here)",normal,n/a,"[""maximum parking ratios""]",0.9,0.85,confirmed,"direct reading of an explicit, unambiguous citywide provision (Chapter 8.20 / 4.70.2)",qualitative_only,"a categorical description of the parking regime (maximum-ratio, no minimum), not a single numeric value"
bridgeport-rule-candidate-00657,bridgeport-scenario-0038,MX2,Mixed-Use Centers,adu_permission_pathway,"4.70.2 Accessory Apartments. B.(2) Number: No more than one accessory apartment is allowed per lot. B.(5) Size: The floor area of an accessory apartment may not exceed 49% of the gross floor area of the principal dwelling unit (excluding any attached garage), or 800 square feet, whichever is less. B.(6) Parking: No additional parking is required for an accessory apartment. B.(4) Rental: accessory apartments may not be rented for periods of less than 31 consecutive days, and require a recorded deed restriction before permit issuance.",,,,,allowed_subject_to_objective_conditions,general_rule_candidate,bridgeport-citywide-4.70.2,155,4.70.2,,,,"4.70.2 Accessory Apartments. B.(2) Number: No more than one accessory apartment is allowed per lot. B.(5) Size: The floor area of an accessory apartment may not exceed 49% of the gross floor area of the principal dwelling unit (excluding any attached garage), or 800 square feet, whichever is less. B.(6) Parking: No additional parking is required for an accessory apartment. B.(4) Rental: accessory apartments may not be rented for periods of less than 31 consecutive days, and require a recorded deed restriction before permit issuance.",one per lot; size <=49% of principal GFA or 800 sqft (lesser); no additional parking required; rental restricted to >=31 consecutive days with a recorded deed restriction; permit required but no special-permit/public-hearing language found in this provision's own text,normal,n/a,"[""Accessory Apartments"", ""accessory apartment""]",0.9,0.85,confirmed,"direct reading of an explicit, unambiguous citywide provision (Chapter 8.20 / 4.70.2)",comparable_with_documented_transform,"categorical ADU pathway; comparable to Greenwich's ADU pathway only at the categorical/ordinal level, not on every specific condition"
bridgeport-rule-candidate-00658,bridgeport-scenario-0038,MX2,Mixed-Use Centers,adu_conditions,"4.70.2 Accessory Apartments. B.(2) Number: No more than one accessory apartment is allowed per lot. B.(5) Size: The floor area of an accessory apartment may not exceed 49% of the gross floor area of the principal dwelling unit (excluding any attached garage), or 800 square feet, whichever is less. B.(6) Parking: No additional parking is required for an accessory apartment. B.(4) Rental: accessory apartments may not be rented for periods of less than 31 consecutive days, and require a recorded deed restriction before permit issuance.",,,,,one_per_lot; size<=49pct_of_principal_GFA_or_800sqft_whichever_less; no_additional_parking_required; rental_min_31_consecutive_days; deed_restriction_required,general_rule_candidate,bridgeport-citywide-4.70.2,155,4.70.2,,,,"4.70.2 Accessory Apartments. B.(2) Number: No more than one accessory apartment is allowed per lot. B.(5) Size: The floor area of an accessory apartment may not exceed 49% of the gross floor area of the principal dwelling unit (excluding any attached garage), or 800 square feet, whichever is less. B.(6) Parking: No additional parking is required for an accessory apartment. B.(4) Rental: accessory apartments may not be rented for periods of less than 31 consecutive days, and require a recorded deed restriction before permit issuance.",,normal,n/a,"[""Accessory Apartments""]",0.9,0.85,confirmed,"direct reading of an explicit, unambiguous citywide provision (Chapter 8.20 / 4.70.2)",comparable_with_documented_transform,"categorical ADU pathway; comparable to Greenwich's ADU pathway only at the categorical/ordinal level, not on every specific condition"
bridgeport-rule-candidate-00659,bridgeport-scenario-0039,NX3,Mixed Residential,minimum_off_street_parking_spaces_per_dwelling_unit,8.20.1 MINIMUM RATIOS. This zoning code does not establish minimum off-street parking requirements (note: accessible parking spaces to serve persons with disabilities may be required in accordance with the state building code).,no minimum established,,0,spaces_per_unit_floor,no_minimum_parking_requirement,general_rule_candidate,bridgeport-citywide-8.20.1,228,8.20.1,,,,8.20.1 MINIMUM RATIOS. This zoning code does not establish minimum off-street parking requirements (note: accessible parking spaces to serve persons with disabilities may be required in accordance with the state building code).,accessible-space requirements under the state building code still apply,normal,n/a,"[""does not establish minimum""]",0.95,0.9,confirmed,direct reading of an explicit citywide statement that no minimum is established (8.20.1),directly_comparable,"an explicit 'no minimum established' citywide statement is a well-defined floor of 0 spaces/unit, directly comparable to a numeric minimum"
bridgeport-rule-candidate-00660,bridgeport-scenario-0039,NX3,Mixed Residential,parking_regime,"8.20.2 MAXIMUMS. New and expanded uses may not provide off-street motor vehicle parking in excess of the maximum parking ratios established in Table 8-1, unless approved through the special permit approval procedures of 11.50.",,,,,maximum_ratio_regime_no_minimum,general_rule_candidate,bridgeport-citywide-8.20.2,228,8.20.2,,,,"8.20.2 MAXIMUMS. New and expanded uses may not provide off-street motor vehicle parking in excess of the maximum parking ratios established in Table 8-1, unless approved through the special permit approval procedures of 11.50.","maximums only, per Table 8-1 (not independently re-verified here)",normal,n/a,"[""maximum parking ratios""]",0.9,0.85,confirmed,"direct reading of an explicit, unambiguous citywide provision (Chapter 8.20 / 4.70.2)",qualitative_only,"a categorical description of the parking regime (maximum-ratio, no minimum), not a single numeric value"
bridgeport-rule-candidate-00661,bridgeport-scenario-0039,NX3,Mixed Residential,adu_permission_pathway,"4.70.2 Accessory Apartments. B.(2) Number: No more than one accessory apartment is allowed per lot. B.(5) Size: The floor area of an accessory apartment may not exceed 49% of the gross floor area of the principal dwelling unit (excluding any attached garage), or 800 square feet, whichever is less. B.(6) Parking: No additional parking is required for an accessory apartment. B.(4) Rental: accessory apartments may not be rented for periods of less than 31 consecutive days, and require a recorded deed restriction before permit issuance.",,,,,allowed_subject_to_objective_conditions,general_rule_candidate,bridgeport-citywide-4.70.2,155,4.70.2,,,,"4.70.2 Accessory Apartments. B.(2) Number: No more than one accessory apartment is allowed per lot. B.(5) Size: The floor area of an accessory apartment may not exceed 49% of the gross floor area of the principal dwelling unit (excluding any attached garage), or 800 square feet, whichever is less. B.(6) Parking: No additional parking is required for an accessory apartment. B.(4) Rental: accessory apartments may not be rented for periods of less than 31 consecutive days, and require a recorded deed restriction before permit issuance.",one per lot; size <=49% of principal GFA or 800 sqft (lesser); no additional parking required; rental restricted to >=31 consecutive days with a recorded deed restriction; permit required but no special-permit/public-hearing language found in this provision's own text,normal,n/a,"[""Accessory Apartments"", ""accessory apartment""]",0.9,0.85,confirmed,"direct reading of an explicit, unambiguous citywide provision (Chapter 8.20 / 4.70.2)",comparable_with_documented_transform,"categorical ADU pathway; comparable to Greenwich's ADU pathway only at the categorical/ordinal level, not on every specific condition"
bridgeport-rule-candidate-00662,bridgeport-scenario-0039,NX3,Mixed Residential,adu_conditions,"4.70.2 Accessory Apartments. B.(2) Number: No more than one accessory apartment is allowed per lot. B.(5) Size: The floor area of an accessory apartment may not exceed 49% of the gross floor area of the principal dwelling unit (excluding any attached garage), or 800 square feet, whichever is less. B.(6) Parking: No additional parking is required for an accessory apartment. B.(4) Rental: accessory apartments may not be rented for periods of less than 31 consecutive days, and require a recorded deed restriction before permit issuance.",,,,,one_per_lot; size<=49pct_of_principal_GFA_or_800sqft_whichever_less; no_additional_parking_required; rental_min_31_consecutive_days; deed_restriction_required,general_rule_candidate,bridgeport-citywide-4.70.2,155,4.70.2,,,,"4.70.2 Accessory Apartments. B.(2) Number: No more than one accessory apartment is allowed per lot. B.(5) Size: The floor area of an accessory apartment may not exceed 49% of the gross floor area of the principal dwelling unit (excluding any attached garage), or 800 square feet, whichever is less. B.(6) Parking: No additional parking is required for an accessory apartment. B.(4) Rental: accessory apartments may not be rented for periods of less than 31 consecutive days, and require a recorded deed restriction before permit issuance.",,normal,n/a,"[""Accessory Apartments""]",0.9,0.85,confirmed,"direct reading of an explicit, unambiguous citywide provision (Chapter 8.20 / 4.70.2)",comparable_with_documented_transform,"categorical ADU pathway; comparable to Greenwich's ADU pathway only at the categorical/ordinal level, not on every specific condition"
bridgeport-rule-candidate-00663,bridgeport-scenario-0040,NX4,Mixed Residential,minimum_off_street_parking_spaces_per_dwelling_unit,8.20.1 MINIMUM RATIOS. This zoning code does not establish minimum off-street parking requirements (note: accessible parking spaces to serve persons with disabilities may be required in accordance with the state building code).,no minimum established,,0,spaces_per_unit_floor,no_minimum_parking_requirement,general_rule_candidate,bridgeport-citywide-8.20.1,228,8.20.1,,,,8.20.1 MINIMUM RATIOS. This zoning code does not establish minimum off-street parking requirements (note: accessible parking spaces to serve persons with disabilities may be required in accordance with the state building code).,accessible-space requirements under the state building code still apply,normal,n/a,"[""does not establish minimum""]",0.95,0.9,confirmed,direct reading of an explicit citywide statement that no minimum is established (8.20.1),directly_comparable,"an explicit 'no minimum established' citywide statement is a well-defined floor of 0 spaces/unit, directly comparable to a numeric minimum"
bridgeport-rule-candidate-00664,bridgeport-scenario-0040,NX4,Mixed Residential,parking_regime,"8.20.2 MAXIMUMS. New and expanded uses may not provide off-street motor vehicle parking in excess of the maximum parking ratios established in Table 8-1, unless approved through the special permit approval procedures of 11.50.",,,,,maximum_ratio_regime_no_minimum,general_rule_candidate,bridgeport-citywide-8.20.2,228,8.20.2,,,,"8.20.2 MAXIMUMS. New and expanded uses may not provide off-street motor vehicle parking in excess of the maximum parking ratios established in Table 8-1, unless approved through the special permit approval procedures of 11.50.","maximums only, per Table 8-1 (not independently re-verified here)",normal,n/a,"[""maximum parking ratios""]",0.9,0.85,confirmed,"direct reading of an explicit, unambiguous citywide provision (Chapter 8.20 / 4.70.2)",qualitative_only,"a categorical description of the parking regime (maximum-ratio, no minimum), not a single numeric value"
bridgeport-rule-candidate-00665,bridgeport-scenario-0040,NX4,Mixed Residential,adu_permission_pathway,"4.70.2 Accessory Apartments. B.(2) Number: No more than one accessory apartment is allowed per lot. B.(5) Size: The floor area of an accessory apartment may not exceed 49% of the gross floor area of the principal dwelling unit (excluding any attached garage), or 800 square feet, whichever is less. B.(6) Parking: No additional parking is required for an accessory apartment. B.(4) Rental: accessory apartments may not be rented for periods of less than 31 consecutive days, and require a recorded deed restriction before permit issuance.",,,,,allowed_subject_to_objective_conditions,general_rule_candidate,bridgeport-citywide-4.70.2,155,4.70.2,,,,"4.70.2 Accessory Apartments. B.(2) Number: No more than one accessory apartment is allowed per lot. B.(5) Size: The floor area of an accessory apartment may not exceed 49% of the gross floor area of the principal dwelling unit (excluding any attached garage), or 800 square feet, whichever is less. B.(6) Parking: No additional parking is required for an accessory apartment. B.(4) Rental: accessory apartments may not be rented for periods of less than 31 consecutive days, and require a recorded deed restriction before permit issuance.",one per lot; size <=49% of principal GFA or 800 sqft (lesser); no additional parking required; rental restricted to >=31 consecutive days with a recorded deed restriction; permit required but no special-permit/public-hearing language found in this provision's own text,normal,n/a,"[""Accessory Apartments"", ""accessory apartment""]",0.9,0.85,confirmed,"direct reading of an explicit, unambiguous citywide provision (Chapter 8.20 / 4.70.2)",comparable_with_documented_transform,"categorical ADU pathway; comparable to Greenwich's ADU pathway only at the categorical/ordinal level, not on every specific condition"
bridgeport-rule-candidate-00666,bridgeport-scenario-0040,NX4,Mixed Residential,adu_conditions,"4.70.2 Accessory Apartments. B.(2) Number: No more than one accessory apartment is allowed per lot. B.(5) Size: The floor area of an accessory apartment may not exceed 49% of the gross floor area of the principal dwelling unit (excluding any attached garage), or 800 square feet, whichever is less. B.(6) Parking: No additional parking is required for an accessory apartment. B.(4) Rental: accessory apartments may not be rented for periods of less than 31 consecutive days, and require a recorded deed restriction before permit issuance.",,,,,one_per_lot; size<=49pct_of_principal_GFA_or_800sqft_whichever_less; no_additional_parking_required; rental_min_31_consecutive_days; deed_restriction_required,general_rule_candidate,bridgeport-citywide-4.70.2,155,4.70.2,,,,"4.70.2 Accessory Apartments. B.(2) Number: No more than one accessory apartment is allowed per lot. B.(5) Size: The floor area of an accessory apartment may not exceed 49% of the gross floor area of the principal dwelling unit (excluding any attached garage), or 800 square feet, whichever is less. B.(6) Parking: No additional parking is required for an accessory apartment. B.(4) Rental: accessory apartments may not be rented for periods of less than 31 consecutive days, and require a recorded deed restriction before permit issuance.",,normal,n/a,"[""Accessory Apartments""]",0.9,0.85,confirmed,"direct reading of an explicit, unambiguous citywide provision (Chapter 8.20 / 4.70.2)",comparable_with_documented_transform,"categorical ADU pathway; comparable to Greenwich's ADU pathway only at the categorical/ordinal level, not on every specific condition"
bridgeport-rule-candidate-00667,bridgeport-scenario-0041,RX2,Residential-Office Centers,minimum_off_street_parking_spaces_per_dwelling_unit,8.20.1 MINIMUM RATIOS. This zoning code does not establish minimum off-street parking requirements (note: accessible parking spaces to serve persons with disabilities may be required in accordance with the state building code).,no minimum established,,0,spaces_per_unit_floor,no_minimum_parking_requirement,general_rule_candidate,bridgeport-citywide-8.20.1,228,8.20.1,,,,8.20.1 MINIMUM RATIOS. This zoning code does not establish minimum off-street parking requirements (note: accessible parking spaces to serve persons with disabilities may be required in accordance with the state building code).,accessible-space requirements under the state building code still apply,normal,n/a,"[""does not establish minimum""]",0.95,0.9,confirmed,direct reading of an explicit citywide statement that no minimum is established (8.20.1),directly_comparable,"an explicit 'no minimum established' citywide statement is a well-defined floor of 0 spaces/unit, directly comparable to a numeric minimum"
bridgeport-rule-candidate-00668,bridgeport-scenario-0041,RX2,Residential-Office Centers,parking_regime,"8.20.2 MAXIMUMS. New and expanded uses may not provide off-street motor vehicle parking in excess of the maximum parking ratios established in Table 8-1, unless approved through the special permit approval procedures of 11.50.",,,,,maximum_ratio_regime_no_minimum,general_rule_candidate,bridgeport-citywide-8.20.2,228,8.20.2,,,,"8.20.2 MAXIMUMS. New and expanded uses may not provide off-street motor vehicle parking in excess of the maximum parking ratios established in Table 8-1, unless approved through the special permit approval procedures of 11.50.","maximums only, per Table 8-1 (not independently re-verified here)",normal,n/a,"[""maximum parking ratios""]",0.9,0.85,confirmed,"direct reading of an explicit, unambiguous citywide provision (Chapter 8.20 / 4.70.2)",qualitative_only,"a categorical description of the parking regime (maximum-ratio, no minimum), not a single numeric value"
bridgeport-rule-candidate-00669,bridgeport-scenario-0041,RX2,Residential-Office Centers,adu_permission_pathway,"4.70.2 Accessory Apartments. B.(2) Number: No more than one accessory apartment is allowed per lot. B.(5) Size: The floor area of an accessory apartment may not exceed 49% of the gross floor area of the principal dwelling unit (excluding any attached garage), or 800 square feet, whichever is less. B.(6) Parking: No additional parking is required for an accessory apartment. B.(4) Rental: accessory apartments may not be rented for periods of less than 31 consecutive days, and require a recorded deed restriction before permit issuance.",,,,,allowed_subject_to_objective_conditions,general_rule_candidate,bridgeport-citywide-4.70.2,155,4.70.2,,,,"4.70.2 Accessory Apartments. B.(2) Number: No more than one accessory apartment is allowed per lot. B.(5) Size: The floor area of an accessory apartment may not exceed 49% of the gross floor area of the principal dwelling unit (excluding any attached garage), or 800 square feet, whichever is less. B.(6) Parking: No additional parking is required for an accessory apartment. B.(4) Rental: accessory apartments may not be rented for periods of less than 31 consecutive days, and require a recorded deed restriction before permit issuance.",one per lot; size <=49% of principal GFA or 800 sqft (lesser); no additional parking required; rental restricted to >=31 consecutive days with a recorded deed restriction; permit required but no special-permit/public-hearing language found in this provision's own text,normal,n/a,"[""Accessory Apartments"", ""accessory apartment""]",0.9,0.85,confirmed,"direct reading of an explicit, unambiguous citywide provision (Chapter 8.20 / 4.70.2)",comparable_with_documented_transform,"categorical ADU pathway; comparable to Greenwich's ADU pathway only at the categorical/ordinal level, not on every specific condition"
bridgeport-rule-candidate-00670,bridgeport-scenario-0041,RX2,Residential-Office Centers,adu_conditions,"4.70.2 Accessory Apartments. B.(2) Number: No more than one accessory apartment is allowed per lot. B.(5) Size: The floor area of an accessory apartment may not exceed 49% of the gross floor area of the principal dwelling unit (excluding any attached garage), or 800 square feet, whichever is less. B.(6) Parking: No additional parking is required for an accessory apartment. B.(4) Rental: accessory apartments may not be rented for periods of less than 31 consecutive days, and require a recorded deed restriction before permit issuance.",,,,,one_per_lot; size<=49pct_of_principal_GFA_or_800sqft_whichever_less; no_additional_parking_required; rental_min_31_consecutive_days; deed_restriction_required,general_rule_candidate,bridgeport-citywide-4.70.2,155,4.70.2,,,,"4.70.2 Accessory Apartments. B.(2) Number: No more than one accessory apartment is allowed per lot. B.(5) Size: The floor area of an accessory apartment may not exceed 49% of the gross floor area of the principal dwelling unit (excluding any attached garage), or 800 square feet, whichever is less. B.(6) Parking: No additional parking is required for an accessory apartment. B.(4) Rental: accessory apartments may not be rented for periods of less than 31 consecutive days, and require a recorded deed restriction before permit issuance.",,normal,n/a,"[""Accessory Apartments""]",0.9,0.85,confirmed,"direct reading of an explicit, unambiguous citywide provision (Chapter 8.20 / 4.70.2)",comparable_with_documented_transform,"categorical ADU pathway; comparable to Greenwich's ADU pathway only at the categorical/ordinal level, not on every specific condition"
bridgeport-rule-candidate-00671,bridgeport-scenario-0042,DX1,Downtown Core,minimum_off_street_parking_spaces_per_dwelling_unit,8.20.1 MINIMUM RATIOS. This zoning code does not establish minimum off-street parking requirements (note: accessible parking spaces to serve persons with disabilities may be required in accordance with the state building code).,no minimum established,,0,spaces_per_unit_floor,no_minimum_parking_requirement,general_rule_candidate,bridgeport-citywide-8.20.1,228,8.20.1,,,,8.20.1 MINIMUM RATIOS. This zoning code does not establish minimum off-street parking requirements (note: accessible parking spaces to serve persons with disabilities may be required in accordance with the state building code).,accessible-space requirements under the state building code still apply,normal,n/a,"[""does not establish minimum""]",0.95,0.9,confirmed,direct reading of an explicit citywide statement that no minimum is established (8.20.1),directly_comparable,"an explicit 'no minimum established' citywide statement is a well-defined floor of 0 spaces/unit, directly comparable to a numeric minimum"
bridgeport-rule-candidate-00672,bridgeport-scenario-0042,DX1,Downtown Core,parking_regime,"8.20.2 MAXIMUMS. New and expanded uses may not provide off-street motor vehicle parking in excess of the maximum parking ratios established in Table 8-1, unless approved through the special permit approval procedures of 11.50.",,,,,maximum_ratio_regime_no_minimum,general_rule_candidate,bridgeport-citywide-8.20.2,228,8.20.2,,,,"8.20.2 MAXIMUMS. New and expanded uses may not provide off-street motor vehicle parking in excess of the maximum parking ratios established in Table 8-1, unless approved through the special permit approval procedures of 11.50.","maximums only, per Table 8-1 (not independently re-verified here)",normal,n/a,"[""maximum parking ratios""]",0.9,0.85,confirmed,"direct reading of an explicit, unambiguous citywide provision (Chapter 8.20 / 4.70.2)",qualitative_only,"a categorical description of the parking regime (maximum-ratio, no minimum), not a single numeric value"
bridgeport-rule-candidate-00673,bridgeport-scenario-0042,DX1,Downtown Core,adu_permission_pathway,"4.70.2 Accessory Apartments. B.(2) Number: No more than one accessory apartment is allowed per lot. B.(5) Size: The floor area of an accessory apartment may not exceed 49% of the gross floor area of the principal dwelling unit (excluding any attached garage), or 800 square feet, whichever is less. B.(6) Parking: No additional parking is required for an accessory apartment. B.(4) Rental: accessory apartments may not be rented for periods of less than 31 consecutive days, and require a recorded deed restriction before permit issuance.",,,,,allowed_subject_to_objective_conditions,general_rule_candidate,bridgeport-citywide-4.70.2,155,4.70.2,,,,"4.70.2 Accessory Apartments. B.(2) Number: No more than one accessory apartment is allowed per lot. B.(5) Size: The floor area of an accessory apartment may not exceed 49% of the gross floor area of the principal dwelling unit (excluding any attached garage), or 800 square feet, whichever is less. B.(6) Parking: No additional parking is required for an accessory apartment. B.(4) Rental: accessory apartments may not be rented for periods of less than 31 consecutive days, and require a recorded deed restriction before permit issuance.",one per lot; size <=49% of principal GFA or 800 sqft (lesser); no additional parking required; rental restricted to >=31 consecutive days with a recorded deed restriction; permit required but no special-permit/public-hearing language found in this provision's own text,normal,n/a,"[""Accessory Apartments"", ""accessory apartment""]",0.9,0.85,confirmed,"direct reading of an explicit, unambiguous citywide provision (Chapter 8.20 / 4.70.2)",comparable_with_documented_transform,"categorical ADU pathway; comparable to Greenwich's ADU pathway only at the categorical/ordinal level, not on every specific condition"
bridgeport-rule-candidate-00674,bridgeport-scenario-0042,DX1,Downtown Core,adu_conditions,"4.70.2 Accessory Apartments. B.(2) Number: No more than one accessory apartment is allowed per lot. B.(5) Size: The floor area of an accessory apartment may not exceed 49% of the gross floor area of the principal dwelling unit (excluding any attached garage), or 800 square feet, whichever is less. B.(6) Parking: No additional parking is required for an accessory apartment. B.(4) Rental: accessory apartments may not be rented for periods of less than 31 consecutive days, and require a recorded deed restriction before permit issuance.",,,,,one_per_lot; size<=49pct_of_principal_GFA_or_800sqft_whichever_less; no_additional_parking_required; rental_min_31_consecutive_days; deed_restriction_required,general_rule_candidate,bridgeport-citywide-4.70.2,155,4.70.2,,,,"4.70.2 Accessory Apartments. B.(2) Number: No more than one accessory apartment is allowed per lot. B.(5) Size: The floor area of an accessory apartment may not exceed 49% of the gross floor area of the principal dwelling unit (excluding any attached garage), or 800 square feet, whichever is less. B.(6) Parking: No additional parking is required for an accessory apartment. B.(4) Rental: accessory apartments may not be rented for periods of less than 31 consecutive days, and require a recorded deed restriction before permit issuance.",,normal,n/a,"[""Accessory Apartments""]",0.9,0.85,confirmed,"direct reading of an explicit, unambiguous citywide provision (Chapter 8.20 / 4.70.2)",comparable_with_documented_transform,"categorical ADU pathway; comparable to Greenwich's ADU pathway only at the categorical/ordinal level, not on every specific condition"
bridgeport-rule-candidate-00675,bridgeport-scenario-0043,MX1,Mixed-Use Corridor,minimum_off_street_parking_spaces_per_dwelling_unit,8.20.1 MINIMUM RATIOS. This zoning code does not establish minimum off-street parking requirements (note: accessible parking spaces to serve persons with disabilities may be required in accordance with the state building code).,no minimum established,,0,spaces_per_unit_floor,no_minimum_parking_requirement,general_rule_candidate,bridgeport-citywide-8.20.1,228,8.20.1,,,,8.20.1 MINIMUM RATIOS. This zoning code does not establish minimum off-street parking requirements (note: accessible parking spaces to serve persons with disabilities may be required in accordance with the state building code).,accessible-space requirements under the state building code still apply,normal,n/a,"[""does not establish minimum""]",0.95,0.9,confirmed,direct reading of an explicit citywide statement that no minimum is established (8.20.1),directly_comparable,"an explicit 'no minimum established' citywide statement is a well-defined floor of 0 spaces/unit, directly comparable to a numeric minimum"
bridgeport-rule-candidate-00676,bridgeport-scenario-0043,MX1,Mixed-Use Corridor,parking_regime,"8.20.2 MAXIMUMS. New and expanded uses may not provide off-street motor vehicle parking in excess of the maximum parking ratios established in Table 8-1, unless approved through the special permit approval procedures of 11.50.",,,,,maximum_ratio_regime_no_minimum,general_rule_candidate,bridgeport-citywide-8.20.2,228,8.20.2,,,,"8.20.2 MAXIMUMS. New and expanded uses may not provide off-street motor vehicle parking in excess of the maximum parking ratios established in Table 8-1, unless approved through the special permit approval procedures of 11.50.","maximums only, per Table 8-1 (not independently re-verified here)",normal,n/a,"[""maximum parking ratios""]",0.9,0.85,confirmed,"direct reading of an explicit, unambiguous citywide provision (Chapter 8.20 / 4.70.2)",qualitative_only,"a categorical description of the parking regime (maximum-ratio, no minimum), not a single numeric value"
bridgeport-rule-candidate-00677,bridgeport-scenario-0043,MX1,Mixed-Use Corridor,adu_permission_pathway,"4.70.2 Accessory Apartments. B.(2) Number: No more than one accessory apartment is allowed per lot. B.(5) Size: The floor area of an accessory apartment may not exceed 49% of the gross floor area of the principal dwelling unit (excluding any attached garage), or 800 square feet, whichever is less. B.(6) Parking: No additional parking is required for an accessory apartment. B.(4) Rental: accessory apartments may not be rented for periods of less than 31 consecutive days, and require a recorded deed restriction before permit issuance.",,,,,allowed_subject_to_objective_conditions,general_rule_candidate,bridgeport-citywide-4.70.2,155,4.70.2,,,,"4.70.2 Accessory Apartments. B.(2) Number: No more than one accessory apartment is allowed per lot. B.(5) Size: The floor area of an accessory apartment may not exceed 49% of the gross floor area of the principal dwelling unit (excluding any attached garage), or 800 square feet, whichever is less. B.(6) Parking: No additional parking is required for an accessory apartment. B.(4) Rental: accessory apartments may not be rented for periods of less than 31 consecutive days, and require a recorded deed restriction before permit issuance.",one per lot; size <=49% of principal GFA or 800 sqft (lesser); no additional parking required; rental restricted to >=31 consecutive days with a recorded deed restriction; permit required but no special-permit/public-hearing language found in this provision's own text,normal,n/a,"[""Accessory Apartments"", ""accessory apartment""]",0.9,0.85,confirmed,"direct reading of an explicit, unambiguous citywide provision (Chapter 8.20 / 4.70.2)",comparable_with_documented_transform,"categorical ADU pathway; comparable to Greenwich's ADU pathway only at the categorical/ordinal level, not on every specific condition"
bridgeport-rule-candidate-00678,bridgeport-scenario-0043,MX1,Mixed-Use Corridor,adu_conditions,"4.70.2 Accessory Apartments. B.(2) Number: No more than one accessory apartment is allowed per lot. B.(5) Size: The floor area of an accessory apartment may not exceed 49% of the gross floor area of the principal dwelling unit (excluding any attached garage), or 800 square feet, whichever is less. B.(6) Parking: No additional parking is required for an accessory apartment. B.(4) Rental: accessory apartments may not be rented for periods of less than 31 consecutive days, and require a recorded deed restriction before permit issuance.",,,,,one_per_lot; size<=49pct_of_principal_GFA_or_800sqft_whichever_less; no_additional_parking_required; rental_min_31_consecutive_days; deed_restriction_required,general_rule_candidate,bridgeport-citywide-4.70.2,155,4.70.2,,,,"4.70.2 Accessory Apartments. B.(2) Number: No more than one accessory apartment is allowed per lot. B.(5) Size: The floor area of an accessory apartment may not exceed 49% of the gross floor area of the principal dwelling unit (excluding any attached garage), or 800 square feet, whichever is less. B.(6) Parking: No additional parking is required for an accessory apartment. B.(4) Rental: accessory apartments may not be rented for periods of less than 31 consecutive days, and require a recorded deed restriction before permit issuance.",,normal,n/a,"[""Accessory Apartments""]",0.9,0.85,confirmed,"direct reading of an explicit, unambiguous citywide provision (Chapter 8.20 / 4.70.2)",comparable_with_documented_transform,"categorical ADU pathway; comparable to Greenwich's ADU pathway only at the categorical/ordinal level, not on every specific condition"
bridgeport-rule-candidate-00679,bridgeport-scenario-0044,MX2,Mixed-Use Centers,minimum_off_street_parking_spaces_per_dwelling_unit,8.20.1 MINIMUM RATIOS. This zoning code does not establish minimum off-street parking requirements (note: accessible parking spaces to serve persons with disabilities may be required in accordance with the state building code).,no minimum established,,0,spaces_per_unit_floor,no_minimum_parking_requirement,general_rule_candidate,bridgeport-citywide-8.20.1,228,8.20.1,,,,8.20.1 MINIMUM RATIOS. This zoning code does not establish minimum off-street parking requirements (note: accessible parking spaces to serve persons with disabilities may be required in accordance with the state building code).,accessible-space requirements under the state building code still apply,normal,n/a,"[""does not establish minimum""]",0.95,0.9,confirmed,direct reading of an explicit citywide statement that no minimum is established (8.20.1),directly_comparable,"an explicit 'no minimum established' citywide statement is a well-defined floor of 0 spaces/unit, directly comparable to a numeric minimum"
bridgeport-rule-candidate-00680,bridgeport-scenario-0044,MX2,Mixed-Use Centers,parking_regime,"8.20.2 MAXIMUMS. New and expanded uses may not provide off-street motor vehicle parking in excess of the maximum parking ratios established in Table 8-1, unless approved through the special permit approval procedures of 11.50.",,,,,maximum_ratio_regime_no_minimum,general_rule_candidate,bridgeport-citywide-8.20.2,228,8.20.2,,,,"8.20.2 MAXIMUMS. New and expanded uses may not provide off-street motor vehicle parking in excess of the maximum parking ratios established in Table 8-1, unless approved through the special permit approval procedures of 11.50.","maximums only, per Table 8-1 (not independently re-verified here)",normal,n/a,"[""maximum parking ratios""]",0.9,0.85,confirmed,"direct reading of an explicit, unambiguous citywide provision (Chapter 8.20 / 4.70.2)",qualitative_only,"a categorical description of the parking regime (maximum-ratio, no minimum), not a single numeric value"
bridgeport-rule-candidate-00681,bridgeport-scenario-0044,MX2,Mixed-Use Centers,adu_permission_pathway,"4.70.2 Accessory Apartments. B.(2) Number: No more than one accessory apartment is allowed per lot. B.(5) Size: The floor area of an accessory apartment may not exceed 49% of the gross floor area of the principal dwelling unit (excluding any attached garage), or 800 square feet, whichever is less. B.(6) Parking: No additional parking is required for an accessory apartment. B.(4) Rental: accessory apartments may not be rented for periods of less than 31 consecutive days, and require a recorded deed restriction before permit issuance.",,,,,allowed_subject_to_objective_conditions,general_rule_candidate,bridgeport-citywide-4.70.2,155,4.70.2,,,,"4.70.2 Accessory Apartments. B.(2) Number: No more than one accessory apartment is allowed per lot. B.(5) Size: The floor area of an accessory apartment may not exceed 49% of the gross floor area of the principal dwelling unit (excluding any attached garage), or 800 square feet, whichever is less. B.(6) Parking: No additional parking is required for an accessory apartment. B.(4) Rental: accessory apartments may not be rented for periods of less than 31 consecutive days, and require a recorded deed restriction before permit issuance.",one per lot; size <=49% of principal GFA or 800 sqft (lesser); no additional parking required; rental restricted to >=31 consecutive days with a recorded deed restriction; permit required but no special-permit/public-hearing language found in this provision's own text,normal,n/a,"[""Accessory Apartments"", ""accessory apartment""]",0.9,0.85,confirmed,"direct reading of an explicit, unambiguous citywide provision (Chapter 8.20 / 4.70.2)",comparable_with_documented_transform,"categorical ADU pathway; comparable to Greenwich's ADU pathway only at the categorical/ordinal level, not on every specific condition"
bridgeport-rule-candidate-00682,bridgeport-scenario-0044,MX2,Mixed-Use Centers,adu_conditions,"4.70.2 Accessory Apartments. B.(2) Number: No more than one accessory apartment is allowed per lot. B.(5) Size: The floor area of an accessory apartment may not exceed 49% of the gross floor area of the principal dwelling unit (excluding any attached garage), or 800 square feet, whichever is less. B.(6) Parking: No additional parking is required for an accessory apartment. B.(4) Rental: accessory apartments may not be rented for periods of less than 31 consecutive days, and require a recorded deed restriction before permit issuance.",,,,,one_per_lot; size<=49pct_of_principal_GFA_or_800sqft_whichever_less; no_additional_parking_required; rental_min_31_consecutive_days; deed_restriction_required,general_rule_candidate,bridgeport-citywide-4.70.2,155,4.70.2,,,,"4.70.2 Accessory Apartments. B.(2) Number: No more than one accessory apartment is allowed per lot. B.(5) Size: The floor area of an accessory apartment may not exceed 49% of the gross floor area of the principal dwelling unit (excluding any attached garage), or 800 square feet, whichever is less. B.(6) Parking: No additional parking is required for an accessory apartment. B.(4) Rental: accessory apartments may not be rented for periods of less than 31 consecutive days, and require a recorded deed restriction before permit issuance.",,normal,n/a,"[""Accessory Apartments""]",0.9,0.85,confirmed,"direct reading of an explicit, unambiguous citywide provision (Chapter 8.20 / 4.70.2)",comparable_with_documented_transform,"categorical ADU pathway; comparable to Greenwich's ADU pathway only at the categorical/ordinal level, not on every specific condition"
bridgeport-rule-candidate-00683,bridgeport-scenario-0045,CX,Heavy Commercial,minimum_off_street_parking_spaces_per_dwelling_unit,8.20.1 MINIMUM RATIOS. This zoning code does not establish minimum off-street parking requirements (note: accessible parking spaces to serve persons with disabilities may be required in accordance with the state building code).,no minimum established,,0,spaces_per_unit_floor,no_minimum_parking_requirement,general_rule_candidate,bridgeport-citywide-8.20.1,228,8.20.1,,,,8.20.1 MINIMUM RATIOS. This zoning code does not establish minimum off-street parking requirements (note: accessible parking spaces to serve persons with disabilities may be required in accordance with the state building code).,accessible-space requirements under the state building code still apply,normal,n/a,"[""does not establish minimum""]",0.95,0.9,confirmed,direct reading of an explicit citywide statement that no minimum is established (8.20.1),directly_comparable,"an explicit 'no minimum established' citywide statement is a well-defined floor of 0 spaces/unit, directly comparable to a numeric minimum"
bridgeport-rule-candidate-00684,bridgeport-scenario-0045,CX,Heavy Commercial,parking_regime,"8.20.2 MAXIMUMS. New and expanded uses may not provide off-street motor vehicle parking in excess of the maximum parking ratios established in Table 8-1, unless approved through the special permit approval procedures of 11.50.",,,,,maximum_ratio_regime_no_minimum,general_rule_candidate,bridgeport-citywide-8.20.2,228,8.20.2,,,,"8.20.2 MAXIMUMS. New and expanded uses may not provide off-street motor vehicle parking in excess of the maximum parking ratios established in Table 8-1, unless approved through the special permit approval procedures of 11.50.","maximums only, per Table 8-1 (not independently re-verified here)",normal,n/a,"[""maximum parking ratios""]",0.9,0.85,confirmed,"direct reading of an explicit, unambiguous citywide provision (Chapter 8.20 / 4.70.2)",qualitative_only,"a categorical description of the parking regime (maximum-ratio, no minimum), not a single numeric value"
bridgeport-rule-candidate-00685,bridgeport-scenario-0045,CX,Heavy Commercial,adu_permission_pathway,"4.70.2 Accessory Apartments. B.(2) Number: No more than one accessory apartment is allowed per lot. B.(5) Size: The floor area of an accessory apartment may not exceed 49% of the gross floor area of the principal dwelling unit (excluding any attached garage), or 800 square feet, whichever is less. B.(6) Parking: No additional parking is required for an accessory apartment. B.(4) Rental: accessory apartments may not be rented for periods of less than 31 consecutive days, and require a recorded deed restriction before permit issuance.",,,,,allowed_subject_to_objective_conditions,general_rule_candidate,bridgeport-citywide-4.70.2,155,4.70.2,,,,"4.70.2 Accessory Apartments. B.(2) Number: No more than one accessory apartment is allowed per lot. B.(5) Size: The floor area of an accessory apartment may not exceed 49% of the gross floor area of the principal dwelling unit (excluding any attached garage), or 800 square feet, whichever is less. B.(6) Parking: No additional parking is required for an accessory apartment. B.(4) Rental: accessory apartments may not be rented for periods of less than 31 consecutive days, and require a recorded deed restriction before permit issuance.",one per lot; size <=49% of principal GFA or 800 sqft (lesser); no additional parking required; rental restricted to >=31 consecutive days with a recorded deed restriction; permit required but no special-permit/public-hearing language found in this provision's own text,normal,n/a,"[""Accessory Apartments"", ""accessory apartment""]",0.9,0.85,confirmed,"direct reading of an explicit, unambiguous citywide provision (Chapter 8.20 / 4.70.2)",comparable_with_documented_transform,"categorical ADU pathway; comparable to Greenwich's ADU pathway only at the categorical/ordinal level, not on every specific condition"
bridgeport-rule-candidate-00686,bridgeport-scenario-0045,CX,Heavy Commercial,adu_conditions,"4.70.2 Accessory Apartments. B.(2) Number: No more than one accessory apartment is allowed per lot. B.(5) Size: The floor area of an accessory apartment may not exceed 49% of the gross floor area of the principal dwelling unit (excluding any attached garage), or 800 square feet, whichever is less. B.(6) Parking: No additional parking is required for an accessory apartment. B.(4) Rental: accessory apartments may not be rented for periods of less than 31 consecutive days, and require a recorded deed restriction before permit issuance.",,,,,one_per_lot; size<=49pct_of_principal_GFA_or_800sqft_whichever_less; no_additional_parking_required; rental_min_31_consecutive_days; deed_restriction_required,general_rule_candidate,bridgeport-citywide-4.70.2,155,4.70.2,,,,"4.70.2 Accessory Apartments. B.(2) Number: No more than one accessory apartment is allowed per lot. B.(5) Size: The floor area of an accessory apartment may not exceed 49% of the gross floor area of the principal dwelling unit (excluding any attached garage), or 800 square feet, whichever is less. B.(6) Parking: No additional parking is required for an accessory apartment. B.(4) Rental: accessory apartments may not be rented for periods of less than 31 consecutive days, and require a recorded deed restriction before permit issuance.",,normal,n/a,"[""Accessory Apartments""]",0.9,0.85,confirmed,"direct reading of an explicit, unambiguous citywide provision (Chapter 8.20 / 4.70.2)",comparable_with_documented_transform,"categorical ADU pathway; comparable to Greenwich's ADU pathway only at the categorical/ordinal level, not on every specific condition"
bridgeport-rule-candidate-00687,bridgeport-scenario-0046,N4,Neighborhood: Suburban,minimum_off_street_parking_spaces_per_dwelling_unit,8.20.1 MINIMUM RATIOS. This zoning code does not establish minimum off-street parking requirements (note: accessible parking spaces to serve persons with disabilities may be required in accordance with the state building code).,no minimum established,,0,spaces_per_unit_floor,no_minimum_parking_requirement,general_rule_candidate,bridgeport-citywide-8.20.1,228,8.20.1,,,,8.20.1 MINIMUM RATIOS. This zoning code does not establish minimum off-street parking requirements (note: accessible parking spaces to serve persons with disabilities may be required in accordance with the state building code).,accessible-space requirements under the state building code still apply,normal,n/a,"[""does not establish minimum""]",0.95,0.9,confirmed,direct reading of an explicit citywide statement that no minimum is established (8.20.1),directly_comparable,"an explicit 'no minimum established' citywide statement is a well-defined floor of 0 spaces/unit, directly comparable to a numeric minimum"
bridgeport-rule-candidate-00688,bridgeport-scenario-0046,N4,Neighborhood: Suburban,parking_regime,"8.20.2 MAXIMUMS. New and expanded uses may not provide off-street motor vehicle parking in excess of the maximum parking ratios established in Table 8-1, unless approved through the special permit approval procedures of 11.50.",,,,,maximum_ratio_regime_no_minimum,general_rule_candidate,bridgeport-citywide-8.20.2,228,8.20.2,,,,"8.20.2 MAXIMUMS. New and expanded uses may not provide off-street motor vehicle parking in excess of the maximum parking ratios established in Table 8-1, unless approved through the special permit approval procedures of 11.50.","maximums only, per Table 8-1 (not independently re-verified here)",normal,n/a,"[""maximum parking ratios""]",0.9,0.85,confirmed,"direct reading of an explicit, unambiguous citywide provision (Chapter 8.20 / 4.70.2)",qualitative_only,"a categorical description of the parking regime (maximum-ratio, no minimum), not a single numeric value"
bridgeport-rule-candidate-00689,bridgeport-scenario-0046,N4,Neighborhood: Suburban,adu_permission_pathway,"4.70.2 Accessory Apartments. B.(2) Number: No more than one accessory apartment is allowed per lot. B.(5) Size: The floor area of an accessory apartment may not exceed 49% of the gross floor area of the principal dwelling unit (excluding any attached garage), or 800 square feet, whichever is less. B.(6) Parking: No additional parking is required for an accessory apartment. B.(4) Rental: accessory apartments may not be rented for periods of less than 31 consecutive days, and require a recorded deed restriction before permit issuance.",,,,,allowed_subject_to_objective_conditions,general_rule_candidate,bridgeport-citywide-4.70.2,155,4.70.2,,,,"4.70.2 Accessory Apartments. B.(2) Number: No more than one accessory apartment is allowed per lot. B.(5) Size: The floor area of an accessory apartment may not exceed 49% of the gross floor area of the principal dwelling unit (excluding any attached garage), or 800 square feet, whichever is less. B.(6) Parking: No additional parking is required for an accessory apartment. B.(4) Rental: accessory apartments may not be rented for periods of less than 31 consecutive days, and require a recorded deed restriction before permit issuance.",one per lot; size <=49% of principal GFA or 800 sqft (lesser); no additional parking required; rental restricted to >=31 consecutive days with a recorded deed restriction; permit required but no special-permit/public-hearing language found in this provision's own text,normal,n/a,"[""Accessory Apartments"", ""accessory apartment""]",0.9,0.85,confirmed,"direct reading of an explicit, unambiguous citywide provision (Chapter 8.20 / 4.70.2)",comparable_with_documented_transform,"categorical ADU pathway; comparable to Greenwich's ADU pathway only at the categorical/ordinal level, not on every specific condition"
bridgeport-rule-candidate-00690,bridgeport-scenario-0046,N4,Neighborhood: Suburban,adu_conditions,"4.70.2 Accessory Apartments. B.(2) Number: No more than one accessory apartment is allowed per lot. B.(5) Size: The floor area of an accessory apartment may not exceed 49% of the gross floor area of the principal dwelling unit (excluding any attached garage), or 800 square feet, whichever is less. B.(6) Parking: No additional parking is required for an accessory apartment. B.(4) Rental: accessory apartments may not be rented for periods of less than 31 consecutive days, and require a recorded deed restriction before permit issuance.",,,,,one_per_lot; size<=49pct_of_principal_GFA_or_800sqft_whichever_less; no_additional_parking_required; rental_min_31_consecutive_days; deed_restriction_required,general_rule_candidate,bridgeport-citywide-4.70.2,155,4.70.2,,,,"4.70.2 Accessory Apartments. B.(2) Number: No more than one accessory apartment is allowed per lot. B.(5) Size: The floor area of an accessory apartment may not exceed 49% of the gross floor area of the principal dwelling unit (excluding any attached garage), or 800 square feet, whichever is less. B.(6) Parking: No additional parking is required for an accessory apartment. B.(4) Rental: accessory apartments may not be rented for periods of less than 31 consecutive days, and require a recorded deed restriction before permit issuance.",,normal,n/a,"[""Accessory Apartments""]",0.9,0.85,confirmed,"direct reading of an explicit, unambiguous citywide provision (Chapter 8.20 / 4.70.2)",comparable_with_documented_transform,"categorical ADU pathway; comparable to Greenwich's ADU pathway only at the categorical/ordinal level, not on every specific condition"
bridgeport-rule-candidate-00691,bridgeport-scenario-0001,CX,Heavy Commercial,summed_minimum_setbacks_ft,{},,,,,no_text_or_complex_layout_excluded,general_rule_candidate,,12,,,,,{},sum only computed when front+side+rear setbacks were all explicitly found in the same scenario text block,complex_layout_present,n/a,"[""front/side/rear setback""]",0.72,0.0,review_required,source text touches a multi_column_or_complex page; reading order is not trusted for this scenario,needs_manual_harmonization,evidence exists but touches a complex-layout page or is otherwise unverified; comparability cannot be assessed until reviewed
bridgeport-rule-candidate-00692,bridgeport-scenario-0002,DX1,Downtown Core,summed_minimum_setbacks_ft,{},,,,,no_text_or_complex_layout_excluded,general_rule_candidate,,12,,,,,{},sum only computed when front+side+rear setbacks were all explicitly found in the same scenario text block,complex_layout_present,n/a,"[""front/side/rear setback""]",0.81,0.0,review_required,source text touches a multi_column_or_complex page; reading order is not trusted for this scenario,needs_manual_harmonization,evidence exists but touches a complex-layout page or is otherwise unverified; comparability cannot be assessed until reviewed
bridgeport-rule-candidate-00693,bridgeport-scenario-0003,DX2,Downtown Support,summed_minimum_setbacks_ft,{},,,,,no_text_or_complex_layout_excluded,general_rule_candidate,,12,,,,,{},sum only computed when front+side+rear setbacks were all explicitly found in the same scenario text block,complex_layout_present,n/a,"[""front/side/rear setback""]",0.77,0.0,review_required,source text touches a multi_column_or_complex page; reading order is not trusted for this scenario,needs_manual_harmonization,evidence exists but touches a complex-layout page or is otherwise unverified; comparability cannot be assessed until reviewed
bridgeport-rule-candidate-00694,bridgeport-scenario-0004,MX1,Mixed-Use Corridor,summed_minimum_setbacks_ft,{},,,,,no_text_or_complex_layout_excluded,general_rule_candidate,,12,,,,,{},sum only computed when front+side+rear setbacks were all explicitly found in the same scenario text block,complex_layout_present,n/a,"[""front/side/rear setback""]",0.81,0.0,review_required,source text touches a multi_column_or_complex page; reading order is not trusted for this scenario,needs_manual_harmonization,evidence exists but touches a complex-layout page or is otherwise unverified; comparability cannot be assessed until reviewed
bridgeport-rule-candidate-00695,bridgeport-scenario-0005,MX2,Mixed-Use Centers,summed_minimum_setbacks_ft,{},,,,,no_text_or_complex_layout_excluded,general_rule_candidate,,12,,,,,{},sum only computed when front+side+rear setbacks were all explicitly found in the same scenario text block,complex_layout_present,n/a,"[""front/side/rear setback""]",0.6880000000000001,0.0,review_required,source text touches a multi_column_or_complex page; reading order is not trusted for this scenario,needs_manual_harmonization,evidence exists but touches a complex-layout page or is otherwise unverified; comparability cannot be assessed until reviewed
bridgeport-rule-candidate-00696,bridgeport-scenario-0006,MXN,Mixed-Use Neighborhood Corners,summed_minimum_setbacks_ft,"{""rear"": 15.0, ""side"": 2.0}",,,,,"partial_sides_found=['rear', 'side']",general_rule_candidate,,12,,,,,"{""rear"": 15.0, ""side"": 2.0}",sum only computed when front+side+rear setbacks were all explicitly found in the same scenario text block,normal,n/a,"[""front/side/rear setback""]",0.77,0.0,missing,"fewer than 3 sides found, or none, in this scenario's scoped text",missing,no source-backed value was found for this scenario/variable in this document
bridgeport-rule-candidate-00697,bridgeport-scenario-0007,RX2,Residential-Office Centers,summed_minimum_setbacks_ft,{},,,,,no_text_or_complex_layout_excluded,general_rule_candidate,,12,,,,,{},sum only computed when front+side+rear setbacks were all explicitly found in the same scenario text block,complex_layout_present,n/a,"[""front/side/rear setback""]",0.58,0.0,review_required,source text touches a multi_column_or_complex page; reading order is not trusted for this scenario,needs_manual_harmonization,evidence exists but touches a complex-layout page or is otherwise unverified; comparability cannot be assessed until reviewed
bridgeport-rule-candidate-00698,bridgeport-scenario-0008,DX1,Downtown Core,summed_minimum_setbacks_ft,"{""rear"": 15.0}",,,,,partial_sides_found=['rear'],general_rule_candidate,,19,,,,,"{""rear"": 15.0}",sum only computed when front+side+rear setbacks were all explicitly found in the same scenario text block,normal,n/a,"[""front/side/rear setback""]",0.8625,0.0,missing,"fewer than 3 sides found, or none, in this scenario's scoped text",missing,no source-backed value was found for this scenario/variable in this document
bridgeport-rule-candidate-00699,bridgeport-scenario-0009,MX1,Mixed-Use Corridor,summed_minimum_setbacks_ft,"{""rear"": 15.0}",,,,,partial_sides_found=['rear'],general_rule_candidate,,19,,,,,"{""rear"": 15.0}",sum only computed when front+side+rear setbacks were all explicitly found in the same scenario text block,normal,n/a,"[""front/side/rear setback""]",0.8625,0.0,missing,"fewer than 3 sides found, or none, in this scenario's scoped text",missing,no source-backed value was found for this scenario/variable in this document
bridgeport-rule-candidate-00700,bridgeport-scenario-0010,MX2,Mixed-Use Centers,summed_minimum_setbacks_ft,"{""rear"": 15.0}",,,,,partial_sides_found=['rear'],general_rule_candidate,,19,,,,,"{""rear"": 15.0}",sum only computed when front+side+rear setbacks were all explicitly found in the same scenario text block,normal,n/a,"[""front/side/rear setback""]",0.8625,0.0,missing,"fewer than 3 sides found, or none, in this scenario's scoped text",missing,no source-backed value was found for this scenario/variable in this document
bridgeport-rule-candidate-00701,bridgeport-scenario-0011,MXN,Mixed-Use Neighborhood Corners,summed_minimum_setbacks_ft,"{""rear"": 15.0}",,,,,partial_sides_found=['rear'],general_rule_candidate,,19,,,,,"{""rear"": 15.0}",sum only computed when front+side+rear setbacks were all explicitly found in the same scenario text block,normal,n/a,"[""front/side/rear setback""]",0.8625,0.0,missing,"fewer than 3 sides found, or none, in this scenario's scoped text",missing,no source-backed value was found for this scenario/variable in this document
bridgeport-rule-candidate-00702,bridgeport-scenario-0012,DX2,Downtown Support,summed_minimum_setbacks_ft,"{""rear"": 15.0}",,,,,partial_sides_found=['rear'],general_rule_candidate,,19,,,,,"{""rear"": 15.0}",sum only computed when front+side+rear setbacks were all explicitly found in the same scenario text block,normal,n/a,"[""front/side/rear setback""]",0.8500000000000001,0.0,missing,"fewer than 3 sides found, or none, in this scenario's scoped text",missing,no source-backed value was found for this scenario/variable in this document
bridgeport-rule-candidate-00703,bridgeport-scenario-0013,MX2,Mixed-Use Centers,summed_minimum_setbacks_ft,"{""side"": 5.0, ""rear"": 5.0}",,,,,"partial_sides_found=['side', 'rear']",general_rule_candidate,,27,,,,,"{""side"": 5.0, ""rear"": 5.0}",sum only computed when front+side+rear setbacks were all explicitly found in the same scenario text block,normal,n/a,"[""front/side/rear setback""]",0.8625,0.0,missing,"fewer than 3 sides found, or none, in this scenario's scoped text",missing,no source-backed value was found for this scenario/variable in this document
bridgeport-rule-candidate-00704,bridgeport-scenario-0014,MX1,Mixed-Use Corridor,summed_minimum_setbacks_ft,"{""side"": 2.0, ""rear"": 20.0}",,,,,"partial_sides_found=['side', 'rear']",general_rule_candidate,,35,,,,,"{""side"": 2.0, ""rear"": 20.0}",sum only computed when front+side+rear setbacks were all explicitly found in the same scenario text block,normal,n/a,"[""front/side/rear setback""]",0.8625,0.0,missing,"fewer than 3 sides found, or none, in this scenario's scoped text",missing,no source-backed value was found for this scenario/variable in this document
bridgeport-rule-candidate-00705,bridgeport-scenario-0015,MX2,Mixed-Use Centers,summed_minimum_setbacks_ft,"{""side"": 2.0, ""rear"": 20.0}",,,,,"partial_sides_found=['side', 'rear']",general_rule_candidate,,35,,,,,"{""side"": 2.0, ""rear"": 20.0}",sum only computed when front+side+rear setbacks were all explicitly found in the same scenario text block,normal,n/a,"[""front/side/rear setback""]",0.8625,0.0,missing,"fewer than 3 sides found, or none, in this scenario's scoped text",missing,no source-backed value was found for this scenario/variable in this document
bridgeport-rule-candidate-00706,bridgeport-scenario-0016,MXN,Mixed-Use Neighborhood Corners,summed_minimum_setbacks_ft,"{""side"": 2.0, ""rear"": 20.0}",,,,,"partial_sides_found=['side', 'rear']",general_rule_candidate,,35,,,,,"{""side"": 2.0, ""rear"": 20.0}",sum only computed when front+side+rear setbacks were all explicitly found in the same scenario text block,normal,n/a,"[""front/side/rear setback""]",0.8625,0.0,missing,"fewer than 3 sides found, or none, in this scenario's scoped text",missing,no source-backed value was found for this scenario/variable in this document
bridgeport-rule-candidate-00707,bridgeport-scenario-0017,RX2,Residential-Office Centers,summed_minimum_setbacks_ft,"{""side"": 2.0, ""rear"": 20.0}",,,,,"partial_sides_found=['side', 'rear']",general_rule_candidate,,35,,,,,"{""side"": 2.0, ""rear"": 20.0}",sum only computed when front+side+rear setbacks were all explicitly found in the same scenario text block,normal,n/a,"[""front/side/rear setback""]",0.8625,0.0,missing,"fewer than 3 sides found, or none, in this scenario's scoped text",missing,no source-backed value was found for this scenario/variable in this document
bridgeport-rule-candidate-00708,bridgeport-scenario-0018,CX,Heavy Commercial,summed_minimum_setbacks_ft,"{""side"": 3.0, ""rear"": 20.0}",,,,,"partial_sides_found=['side', 'rear']",general_rule_candidate,,43,,,,,"{""side"": 3.0, ""rear"": 20.0}",sum only computed when front+side+rear setbacks were all explicitly found in the same scenario text block,normal,n/a,"[""front/side/rear setback""]",0.8625,0.0,missing,"fewer than 3 sides found, or none, in this scenario's scoped text",missing,no source-backed value was found for this scenario/variable in this document
bridgeport-rule-candidate-00709,bridgeport-scenario-0019,DX2,Downtown Support,summed_minimum_setbacks_ft,"{""side"": 3.0, ""rear"": 20.0}",,,,,"partial_sides_found=['side', 'rear']",general_rule_candidate,,43,,,,,"{""side"": 3.0, ""rear"": 20.0}",sum only computed when front+side+rear setbacks were all explicitly found in the same scenario text block,normal,n/a,"[""front/side/rear setback""]",0.8625,0.0,missing,"fewer than 3 sides found, or none, in this scenario's scoped text",missing,no source-backed value was found for this scenario/variable in this document
bridgeport-rule-candidate-00710,bridgeport-scenario-0020,NX3,Mixed Residential,summed_minimum_setbacks_ft,"{""side"": 3.0, ""rear"": 20.0}",,,,,"partial_sides_found=['side', 'rear']",general_rule_candidate,,43,,,,,"{""side"": 3.0, ""rear"": 20.0}",sum only computed when front+side+rear setbacks were all explicitly found in the same scenario text block,normal,n/a,"[""front/side/rear setback""]",0.8625,0.0,missing,"fewer than 3 sides found, or none, in this scenario's scoped text",missing,no source-backed value was found for this scenario/variable in this document
bridgeport-rule-candidate-00711,bridgeport-scenario-0021,NX4,Mixed Residential,summed_minimum_setbacks_ft,"{""side"": 3.0, ""rear"": 20.0}",,,,,"partial_sides_found=['side', 'rear']",general_rule_candidate,,43,,,,,"{""side"": 3.0, ""rear"": 20.0}",sum only computed when front+side+rear setbacks were all explicitly found in the same scenario text block,normal,n/a,"[""front/side/rear setback""]",0.8625,0.0,missing,"fewer than 3 sides found, or none, in this scenario's scoped text",missing,no source-backed value was found for this scenario/variable in this document
bridgeport-rule-candidate-00712,bridgeport-scenario-0022,RX2,Residential-Office Centers,summed_minimum_setbacks_ft,"{""side"": 3.0, ""rear"": 20.0}",,,,,"partial_sides_found=['side', 'rear']",general_rule_candidate,,43,,,,,"{""side"": 3.0, ""rear"": 20.0}",sum only computed when front+side+rear setbacks were all explicitly found in the same scenario text block,normal,n/a,"[""front/side/rear setback""]",0.8625,0.0,missing,"fewer than 3 sides found, or none, in this scenario's scoped text",missing,no source-backed value was found for this scenario/variable in this document
bridgeport-rule-candidate-00713,bridgeport-scenario-0023,NX1,Neighborhood Mix,summed_minimum_setbacks_ft,"{""side"": 6.0, ""rear"": 30.0}",,,,,"partial_sides_found=['side', 'rear']",general_rule_candidate,,59,,,,,"{""side"": 6.0, ""rear"": 30.0}",sum only computed when front+side+rear setbacks were all explicitly found in the same scenario text block,normal,n/a,"[""front/side/rear setback""]",0.8625,0.0,missing,"fewer than 3 sides found, or none, in this scenario's scoped text",missing,no source-backed value was found for this scenario/variable in this document
bridgeport-rule-candidate-00714,bridgeport-scenario-0024,NX3,Mixed Residential,summed_minimum_setbacks_ft,"{""side"": 6.0, ""rear"": 30.0}",,,,,"partial_sides_found=['side', 'rear']",general_rule_candidate,,59,,,,,"{""side"": 6.0, ""rear"": 30.0}",sum only computed when front+side+rear setbacks were all explicitly found in the same scenario text block,normal,n/a,"[""front/side/rear setback""]",0.8625,0.0,missing,"fewer than 3 sides found, or none, in this scenario's scoped text",missing,no source-backed value was found for this scenario/variable in this document
bridgeport-rule-candidate-00715,bridgeport-scenario-0025,NX4,Mixed Residential,summed_minimum_setbacks_ft,"{""side"": 6.0, ""rear"": 30.0}",,,,,"partial_sides_found=['side', 'rear']",general_rule_candidate,,59,,,,,"{""side"": 6.0, ""rear"": 30.0}",sum only computed when front+side+rear setbacks were all explicitly found in the same scenario text block,normal,n/a,"[""front/side/rear setback""]",0.8625,0.0,missing,"fewer than 3 sides found, or none, in this scenario's scoped text",missing,no source-backed value was found for this scenario/variable in this document
bridgeport-rule-candidate-00716,bridgeport-scenario-0026,RX2,Residential-Office Centers,summed_minimum_setbacks_ft,"{""side"": 6.0, ""rear"": 30.0}",,,,,"partial_sides_found=['side', 'rear']",general_rule_candidate,,59,,,,,"{""side"": 6.0, ""rear"": 30.0}",sum only computed when front+side+rear setbacks were all explicitly found in the same scenario text block,normal,n/a,"[""front/side/rear setback""]",0.8625,0.0,missing,"fewer than 3 sides found, or none, in this scenario's scoped text",missing,no source-backed value was found for this scenario/variable in this document
bridgeport-rule-candidate-00717,bridgeport-scenario-0027,NX1,Neighborhood Mix,summed_minimum_setbacks_ft,"{""side"": 2.0, ""rear"": 20.0}",,,,,"partial_sides_found=['side', 'rear']",general_rule_candidate,,67,,,,,"{""side"": 2.0, ""rear"": 20.0}",sum only computed when front+side+rear setbacks were all explicitly found in the same scenario text block,normal,n/a,"[""front/side/rear setback""]",0.8625,0.0,missing,"fewer than 3 sides found, or none, in this scenario's scoped text",missing,no source-backed value was found for this scenario/variable in this document
bridgeport-rule-candidate-00718,bridgeport-scenario-0028,N1,Neighborhood: Traditional,summed_minimum_setbacks_ft,"{""side"": 6.0, ""rear"": 30.0}",,,,,"partial_sides_found=['side', 'rear']",general_rule_candidate,,75,,,,,"{""side"": 6.0, ""rear"": 30.0}",sum only computed when front+side+rear setbacks were all explicitly found in the same scenario text block,normal,n/a,"[""front/side/rear setback""]",0.8625,0.0,missing,"fewer than 3 sides found, or none, in this scenario's scoped text",missing,no source-backed value was found for this scenario/variable in this document
bridgeport-rule-candidate-00719,bridgeport-scenario-0029,NX1,Neighborhood Mix,summed_minimum_setbacks_ft,"{""side"": 6.0, ""rear"": 30.0}",,,,,"partial_sides_found=['side', 'rear']",general_rule_candidate,,75,,,,,"{""side"": 6.0, ""rear"": 30.0}",sum only computed when front+side+rear setbacks were all explicitly found in the same scenario text block,normal,n/a,"[""front/side/rear setback""]",0.8625,0.0,missing,"fewer than 3 sides found, or none, in this scenario's scoped text",missing,no source-backed value was found for this scenario/variable in this document
bridgeport-rule-candidate-00720,bridgeport-scenario-0030,N2,Neighborhood: Mid-Century,summed_minimum_setbacks_ft,"{""side"": 6.0, ""rear"": 20.0}",,,,,"partial_sides_found=['side', 'rear']",general_rule_candidate,,83,,,,,"{""side"": 6.0, ""rear"": 20.0}",sum only computed when front+side+rear setbacks were all explicitly found in the same scenario text block,normal,n/a,"[""front/side/rear setback""]",0.8625,0.0,missing,"fewer than 3 sides found, or none, in this scenario's scoped text",missing,no source-backed value was found for this scenario/variable in this document
bridgeport-rule-candidate-00721,bridgeport-scenario-0031,N3,Neighborhood: Large Lot,summed_minimum_setbacks_ft,"{""side"": 20.0, ""rear"": 20.0}",,,,,"partial_sides_found=['side', 'rear']",general_rule_candidate,,91,,,,,"{""side"": 20.0, ""rear"": 20.0}",sum only computed when front+side+rear setbacks were all explicitly found in the same scenario text block,normal,n/a,"[""front/side/rear setback""]",0.8625,0.0,missing,"fewer than 3 sides found, or none, in this scenario's scoped text",missing,no source-backed value was found for this scenario/variable in this document
bridgeport-rule-candidate-00722,bridgeport-scenario-0032,N4,Neighborhood: Suburban,summed_minimum_setbacks_ft,"{""side"": 6.0, ""rear"": 20.0}",,,,,"partial_sides_found=['side', 'rear']",general_rule_candidate,,99,,,,,"{""side"": 6.0, ""rear"": 20.0}",sum only computed when front+side+rear setbacks were all explicitly found in the same scenario text block,normal,n/a,"[""front/side/rear setback""]",0.8666666666666667,0.0,missing,"fewer than 3 sides found, or none, in this scenario's scoped text",missing,no source-backed value was found for this scenario/variable in this document
bridgeport-rule-candidate-00723,bridgeport-scenario-0033,CX,Heavy Commercial,summed_minimum_setbacks_ft,"{""side"": 5.0, ""rear"": 10.0}",,,,,"partial_sides_found=['side', 'rear']",general_rule_candidate,,107,,,,,"{""side"": 5.0, ""rear"": 10.0}",sum only computed when front+side+rear setbacks were all explicitly found in the same scenario text block,normal,n/a,"[""front/side/rear setback""]",0.8625,0.0,missing,"fewer than 3 sides found, or none, in this scenario's scoped text",missing,no source-backed value was found for this scenario/variable in this document
bridgeport-rule-candidate-00724,bridgeport-scenario-0034,CX,Heavy Commercial,summed_minimum_setbacks_ft,{},,,,,no_text_or_complex_layout_excluded,general_rule_candidate,,117,,,,,{},sum only computed when front+side+rear setbacks were all explicitly found in the same scenario text block,complex_layout_present,n/a,"[""front/side/rear setback""]",0.8625,0.0,review_required,source text touches a multi_column_or_complex page; reading order is not trusted for this scenario,needs_manual_harmonization,evidence exists but touches a complex-layout page or is otherwise unverified; comparability cannot be assessed until reviewed
bridgeport-rule-candidate-00725,bridgeport-scenario-0035,DX1,Downtown Core,summed_minimum_setbacks_ft,{},,,,,no_text_or_complex_layout_excluded,general_rule_candidate,,117,,,,,{},sum only computed when front+side+rear setbacks were all explicitly found in the same scenario text block,complex_layout_present,n/a,"[""front/side/rear setback""]",0.8625,0.0,review_required,source text touches a multi_column_or_complex page; reading order is not trusted for this scenario,needs_manual_harmonization,evidence exists but touches a complex-layout page or is otherwise unverified; comparability cannot be assessed until reviewed
bridgeport-rule-candidate-00726,bridgeport-scenario-0036,DX2,Downtown Support,summed_minimum_setbacks_ft,{},,,,,no_text_or_complex_layout_excluded,general_rule_candidate,,117,,,,,{},sum only computed when front+side+rear setbacks were all explicitly found in the same scenario text block,complex_layout_present,n/a,"[""front/side/rear setback""]",0.8625,0.0,review_required,source text touches a multi_column_or_complex page; reading order is not trusted for this scenario,needs_manual_harmonization,evidence exists but touches a complex-layout page or is otherwise unverified; comparability cannot be assessed until reviewed
bridgeport-rule-candidate-00727,bridgeport-scenario-0037,MX1,Mixed-Use Corridor,summed_minimum_setbacks_ft,{},,,,,no_text_or_complex_layout_excluded,general_rule_candidate,,117,,,,,{},sum only computed when front+side+rear setbacks were all explicitly found in the same scenario text block,complex_layout_present,n/a,"[""front/side/rear setback""]",0.8625,0.0,review_required,source text touches a multi_column_or_complex page; reading order is not trusted for this scenario,needs_manual_harmonization,evidence exists but touches a complex-layout page or is otherwise unverified; comparability cannot be assessed until reviewed
bridgeport-rule-candidate-00728,bridgeport-scenario-0038,MX2,Mixed-Use Centers,summed_minimum_setbacks_ft,{},,,,,no_text_or_complex_layout_excluded,general_rule_candidate,,117,,,,,{},sum only computed when front+side+rear setbacks were all explicitly found in the same scenario text block,complex_layout_present,n/a,"[""front/side/rear setback""]",0.8625,0.0,review_required,source text touches a multi_column_or_complex page; reading order is not trusted for this scenario,needs_manual_harmonization,evidence exists but touches a complex-layout page or is otherwise unverified; comparability cannot be assessed until reviewed
bridgeport-rule-candidate-00729,bridgeport-scenario-0039,NX3,Mixed Residential,summed_minimum_setbacks_ft,{},,,,,no_text_or_complex_layout_excluded,general_rule_candidate,,117,,,,,{},sum only computed when front+side+rear setbacks were all explicitly found in the same scenario text block,complex_layout_present,n/a,"[""front/side/rear setback""]",0.8625,0.0,review_required,source text touches a multi_column_or_complex page; reading order is not trusted for this scenario,needs_manual_harmonization,evidence exists but touches a complex-layout page or is otherwise unverified; comparability cannot be assessed until reviewed
bridgeport-rule-candidate-00730,bridgeport-scenario-0040,NX4,Mixed Residential,summed_minimum_setbacks_ft,{},,,,,no_text_or_complex_layout_excluded,general_rule_candidate,,117,,,,,{},sum only computed when front+side+rear setbacks were all explicitly found in the same scenario text block,complex_layout_present,n/a,"[""front/side/rear setback""]",0.8625,0.0,review_required,source text touches a multi_column_or_complex page; reading order is not trusted for this scenario,needs_manual_harmonization,evidence exists but touches a complex-layout page or is otherwise unverified; comparability cannot be assessed until reviewed
bridgeport-rule-candidate-00731,bridgeport-scenario-0041,RX2,Residential-Office Centers,summed_minimum_setbacks_ft,{},,,,,no_text_or_complex_layout_excluded,general_rule_candidate,,117,,,,,{},sum only computed when front+side+rear setbacks were all explicitly found in the same scenario text block,complex_layout_present,n/a,"[""front/side/rear setback""]",0.8625,0.0,review_required,source text touches a multi_column_or_complex page; reading order is not trusted for this scenario,needs_manual_harmonization,evidence exists but touches a complex-layout page or is otherwise unverified; comparability cannot be assessed until reviewed
bridgeport-rule-candidate-00732,bridgeport-scenario-0042,DX1,Downtown Core,summed_minimum_setbacks_ft,{},,,,,no_text_or_complex_layout_excluded,general_rule_candidate,,12,,,,,{},sum only computed when front+side+rear setbacks were all explicitly found in the same scenario text block,complex_layout_present,n/a,"[""front/side/rear setback""]",0.81,0.0,review_required,source text touches a multi_column_or_complex page; reading order is not trusted for this scenario,needs_manual_harmonization,evidence exists but touches a complex-layout page or is otherwise unverified; comparability cannot be assessed until reviewed
bridgeport-rule-candidate-00733,bridgeport-scenario-0043,MX1,Mixed-Use Corridor,summed_minimum_setbacks_ft,{},,,,,no_text_or_complex_layout_excluded,general_rule_candidate,,12,,,,,{},sum only computed when front+side+rear setbacks were all explicitly found in the same scenario text block,complex_layout_present,n/a,"[""front/side/rear setback""]",0.81,0.0,review_required,source text touches a multi_column_or_complex page; reading order is not trusted for this scenario,needs_manual_harmonization,evidence exists but touches a complex-layout page or is otherwise unverified; comparability cannot be assessed until reviewed
bridgeport-rule-candidate-00734,bridgeport-scenario-0044,MX2,Mixed-Use Centers,summed_minimum_setbacks_ft,{},,,,,no_text_or_complex_layout_excluded,general_rule_candidate,,12,,,,,{},sum only computed when front+side+rear setbacks were all explicitly found in the same scenario text block,complex_layout_present,n/a,"[""front/side/rear setback""]",0.6880000000000001,0.0,review_required,source text touches a multi_column_or_complex page; reading order is not trusted for this scenario,needs_manual_harmonization,evidence exists but touches a complex-layout page or is otherwise unverified; comparability cannot be assessed until reviewed
bridgeport-rule-candidate-00735,bridgeport-scenario-0045,CX,Heavy Commercial,summed_minimum_setbacks_ft,{},,,,,no_text_or_complex_layout_excluded,general_rule_candidate,,12,,,,,{},sum only computed when front+side+rear setbacks were all explicitly found in the same scenario text block,complex_layout_present,n/a,"[""front/side/rear setback""]",0.72,0.0,review_required,source text touches a multi_column_or_complex page; reading order is not trusted for this scenario,needs_manual_harmonization,evidence exists but touches a complex-layout page or is otherwise unverified; comparability cannot be assessed until reviewed
bridgeport-rule-candidate-00736,bridgeport-scenario-0046,N4,Neighborhood: Suburban,summed_minimum_setbacks_ft,"{""side"": 6.0, ""rear"": 20.0}",,,,,"partial_sides_found=['side', 'rear']",general_rule_candidate,,99,,,,,"{""side"": 6.0, ""rear"": 20.0}",sum only computed when front+side+rear setbacks were all explicitly found in the same scenario text block,normal,n/a,"[""front/side/rear setback""]",0.52,0.0,missing,"fewer than 3 sides found, or none, in this scenario's scoped text",missing,no source-backed value was found for this scenario/variable in this document
bridgeport-rule-candidate-00737,bridgeport-scenario-0001,CX,Heavy Commercial,multifamily_approval_pathway,,,,,,review_required,general_rule_candidate,,12,,,,,,project definition: multifamily = building with 3+ dwelling units,complex_layout_present,n/a,"[""3+ dwelling units"", ""pathway keyword""]",0.72,0.0,review_required,source text touches a multi_column_or_complex page; reading order is not trusted for this scenario,needs_manual_harmonization,evidence exists but touches a complex-layout page or is otherwise unverified; comparability cannot be assessed until reviewed
bridgeport-rule-candidate-00738,bridgeport-scenario-0002,DX1,Downtown Core,multifamily_approval_pathway,,,,,,review_required,general_rule_candidate,,12,,,,,,project definition: multifamily = building with 3+ dwelling units,complex_layout_present,n/a,"[""3+ dwelling units"", ""pathway keyword""]",0.81,0.0,review_required,source text touches a multi_column_or_complex page; reading order is not trusted for this scenario,needs_manual_harmonization,evidence exists but touches a complex-layout page or is otherwise unverified; comparability cannot be assessed until reviewed
bridgeport-rule-candidate-00739,bridgeport-scenario-0003,DX2,Downtown Support,multifamily_approval_pathway,,,,,,review_required,general_rule_candidate,,12,,,,,,project definition: multifamily = building with 3+ dwelling units,complex_layout_present,n/a,"[""3+ dwelling units"", ""pathway keyword""]",0.77,0.0,review_required,source text touches a multi_column_or_complex page; reading order is not trusted for this scenario,needs_manual_harmonization,evidence exists but touches a complex-layout page or is otherwise unverified; comparability cannot be assessed until reviewed
bridgeport-rule-candidate-00740,bridgeport-scenario-0004,MX1,Mixed-Use Corridor,multifamily_approval_pathway,,,,,,review_required,general_rule_candidate,,12,,,,,,project definition: multifamily = building with 3+ dwelling units,complex_layout_present,n/a,"[""3+ dwelling units"", ""pathway keyword""]",0.81,0.0,review_required,source text touches a multi_column_or_complex page; reading order is not trusted for this scenario,needs_manual_harmonization,evidence exists but touches a complex-layout page or is otherwise unverified; comparability cannot be assessed until reviewed
bridgeport-rule-candidate-00741,bridgeport-scenario-0005,MX2,Mixed-Use Centers,multifamily_approval_pathway,,,,,,review_required,general_rule_candidate,,12,,,,,,project definition: multifamily = building with 3+ dwelling units,complex_layout_present,n/a,"[""3+ dwelling units"", ""pathway keyword""]",0.6880000000000001,0.0,review_required,source text touches a multi_column_or_complex page; reading order is not trusted for this scenario,needs_manual_harmonization,evidence exists but touches a complex-layout page or is otherwise unverified; comparability cannot be assessed until reviewed
bridgeport-rule-candidate-00742,bridgeport-scenario-0006,MXN,Mixed-Use Neighborhood Corners,multifamily_approval_pathway,,,,,,missing,general_rule_candidate,,12,,,,,,project definition: multifamily = building with 3+ dwelling units,normal,n/a,"[""3+ dwelling units"", ""pathway keyword""]",0.77,0.0,missing,no 3+ dwelling-unit language found in this scenario's scoped text,missing,no source-backed value was found for this scenario/variable in this document
bridgeport-rule-candidate-00743,bridgeport-scenario-0007,RX2,Residential-Office Centers,multifamily_approval_pathway,,,,,,review_required,general_rule_candidate,,12,,,,,,project definition: multifamily = building with 3+ dwelling units,complex_layout_present,n/a,"[""3+ dwelling units"", ""pathway keyword""]",0.58,0.0,review_required,source text touches a multi_column_or_complex page; reading order is not trusted for this scenario,needs_manual_harmonization,evidence exists but touches a complex-layout page or is otherwise unverified; comparability cannot be assessed until reviewed
bridgeport-rule-candidate-00744,bridgeport-scenario-0008,DX1,Downtown Core,multifamily_approval_pathway,,,,,,missing,general_rule_candidate,,19,,,,,,project definition: multifamily = building with 3+ dwelling units,normal,n/a,"[""3+ dwelling units"", ""pathway keyword""]",0.8625,0.0,missing,no 3+ dwelling-unit language found in this scenario's scoped text,missing,no source-backed value was found for this scenario/variable in this document
bridgeport-rule-candidate-00745,bridgeport-scenario-0009,MX1,Mixed-Use Corridor,multifamily_approval_pathway,,,,,,missing,general_rule_candidate,,19,,,,,,project definition: multifamily = building with 3+ dwelling units,normal,n/a,"[""3+ dwelling units"", ""pathway keyword""]",0.8625,0.0,missing,no 3+ dwelling-unit language found in this scenario's scoped text,missing,no source-backed value was found for this scenario/variable in this document
bridgeport-rule-candidate-00746,bridgeport-scenario-0010,MX2,Mixed-Use Centers,multifamily_approval_pathway,,,,,,missing,general_rule_candidate,,19,,,,,,project definition: multifamily = building with 3+ dwelling units,normal,n/a,"[""3+ dwelling units"", ""pathway keyword""]",0.8625,0.0,missing,no 3+ dwelling-unit language found in this scenario's scoped text,missing,no source-backed value was found for this scenario/variable in this document
bridgeport-rule-candidate-00747,bridgeport-scenario-0011,MXN,Mixed-Use Neighborhood Corners,multifamily_approval_pathway,,,,,,missing,general_rule_candidate,,19,,,,,,project definition: multifamily = building with 3+ dwelling units,normal,n/a,"[""3+ dwelling units"", ""pathway keyword""]",0.8625,0.0,missing,no 3+ dwelling-unit language found in this scenario's scoped text,missing,no source-backed value was found for this scenario/variable in this document
bridgeport-rule-candidate-00748,bridgeport-scenario-0012,DX2,Downtown Support,multifamily_approval_pathway,,,,,,missing,general_rule_candidate,,19,,,,,,project definition: multifamily = building with 3+ dwelling units,normal,n/a,"[""3+ dwelling units"", ""pathway keyword""]",0.8500000000000001,0.0,missing,no 3+ dwelling-unit language found in this scenario's scoped text,missing,no source-backed value was found for this scenario/variable in this document
bridgeport-rule-candidate-00749,bridgeport-scenario-0013,MX2,Mixed-Use Centers,multifamily_approval_pathway,,,,,,missing,general_rule_candidate,,27,,,,,,project definition: multifamily = building with 3+ dwelling units,normal,n/a,"[""3+ dwelling units"", ""pathway keyword""]",0.8625,0.0,missing,no 3+ dwelling-unit language found in this scenario's scoped text,missing,no source-backed value was found for this scenario/variable in this document
bridgeport-rule-candidate-00750,bridgeport-scenario-0014,MX1,Mixed-Use Corridor,multifamily_approval_pathway,,,,,,missing,general_rule_candidate,,35,,,,,,project definition: multifamily = building with 3+ dwelling units,normal,n/a,"[""3+ dwelling units"", ""pathway keyword""]",0.8625,0.0,missing,no 3+ dwelling-unit language found in this scenario's scoped text,missing,no source-backed value was found for this scenario/variable in this document
bridgeport-rule-candidate-00751,bridgeport-scenario-0015,MX2,Mixed-Use Centers,multifamily_approval_pathway,,,,,,missing,general_rule_candidate,,35,,,,,,project definition: multifamily = building with 3+ dwelling units,normal,n/a,"[""3+ dwelling units"", ""pathway keyword""]",0.8625,0.0,missing,no 3+ dwelling-unit language found in this scenario's scoped text,missing,no source-backed value was found for this scenario/variable in this document
bridgeport-rule-candidate-00752,bridgeport-scenario-0016,MXN,Mixed-Use Neighborhood Corners,multifamily_approval_pathway,,,,,,missing,general_rule_candidate,,35,,,,,,project definition: multifamily = building with 3+ dwelling units,normal,n/a,"[""3+ dwelling units"", ""pathway keyword""]",0.8625,0.0,missing,no 3+ dwelling-unit language found in this scenario's scoped text,missing,no source-backed value was found for this scenario/variable in this document
bridgeport-rule-candidate-00753,bridgeport-scenario-0017,RX2,Residential-Office Centers,multifamily_approval_pathway,,,,,,missing,general_rule_candidate,,35,,,,,,project definition: multifamily = building with 3+ dwelling units,normal,n/a,"[""3+ dwelling units"", ""pathway keyword""]",0.8625,0.0,missing,no 3+ dwelling-unit language found in this scenario's scoped text,missing,no source-backed value was found for this scenario/variable in this document
bridgeport-rule-candidate-00754,bridgeport-scenario-0018,CX,Heavy Commercial,multifamily_approval_pathway,,,,,,missing,general_rule_candidate,,43,,,,,,project definition: multifamily = building with 3+ dwelling units,normal,n/a,"[""3+ dwelling units"", ""pathway keyword""]",0.8625,0.0,missing,no 3+ dwelling-unit language found in this scenario's scoped text,missing,no source-backed value was found for this scenario/variable in this document
bridgeport-rule-candidate-00755,bridgeport-scenario-0019,DX2,Downtown Support,multifamily_approval_pathway,,,,,,missing,general_rule_candidate,,43,,,,,,project definition: multifamily = building with 3+ dwelling units,normal,n/a,"[""3+ dwelling units"", ""pathway keyword""]",0.8625,0.0,missing,no 3+ dwelling-unit language found in this scenario's scoped text,missing,no source-backed value was found for this scenario/variable in this document
bridgeport-rule-candidate-00756,bridgeport-scenario-0020,NX3,Mixed Residential,multifamily_approval_pathway,,,,,,missing,general_rule_candidate,,43,,,,,,project definition: multifamily = building with 3+ dwelling units,normal,n/a,"[""3+ dwelling units"", ""pathway keyword""]",0.8625,0.0,missing,no 3+ dwelling-unit language found in this scenario's scoped text,missing,no source-backed value was found for this scenario/variable in this document
bridgeport-rule-candidate-00757,bridgeport-scenario-0021,NX4,Mixed Residential,multifamily_approval_pathway,,,,,,missing,general_rule_candidate,,43,,,,,,project definition: multifamily = building with 3+ dwelling units,normal,n/a,"[""3+ dwelling units"", ""pathway keyword""]",0.8625,0.0,missing,no 3+ dwelling-unit language found in this scenario's scoped text,missing,no source-backed value was found for this scenario/variable in this document
bridgeport-rule-candidate-00758,bridgeport-scenario-0022,RX2,Residential-Office Centers,multifamily_approval_pathway,,,,,,missing,general_rule_candidate,,43,,,,,,project definition: multifamily = building with 3+ dwelling units,normal,n/a,"[""3+ dwelling units"", ""pathway keyword""]",0.8625,0.0,missing,no 3+ dwelling-unit language found in this scenario's scoped text,missing,no source-backed value was found for this scenario/variable in this document
bridgeport-rule-candidate-00759,bridgeport-scenario-0023,NX1,Neighborhood Mix,multifamily_approval_pathway,,,,,,missing,general_rule_candidate,,59,,,,,,project definition: multifamily = building with 3+ dwelling units,normal,n/a,"[""3+ dwelling units"", ""pathway keyword""]",0.8625,0.0,missing,no 3+ dwelling-unit language found in this scenario's scoped text,missing,no source-backed value was found for this scenario/variable in this document
bridgeport-rule-candidate-00760,bridgeport-scenario-0024,NX3,Mixed Residential,multifamily_approval_pathway,,,,,,missing,general_rule_candidate,,59,,,,,,project definition: multifamily = building with 3+ dwelling units,normal,n/a,"[""3+ dwelling units"", ""pathway keyword""]",0.8625,0.0,missing,no 3+ dwelling-unit language found in this scenario's scoped text,missing,no source-backed value was found for this scenario/variable in this document
bridgeport-rule-candidate-00761,bridgeport-scenario-0025,NX4,Mixed Residential,multifamily_approval_pathway,,,,,,missing,general_rule_candidate,,59,,,,,,project definition: multifamily = building with 3+ dwelling units,normal,n/a,"[""3+ dwelling units"", ""pathway keyword""]",0.8625,0.0,missing,no 3+ dwelling-unit language found in this scenario's scoped text,missing,no source-backed value was found for this scenario/variable in this document
bridgeport-rule-candidate-00762,bridgeport-scenario-0026,RX2,Residential-Office Centers,multifamily_approval_pathway,,,,,,missing,general_rule_candidate,,59,,,,,,project definition: multifamily = building with 3+ dwelling units,normal,n/a,"[""3+ dwelling units"", ""pathway keyword""]",0.8625,0.0,missing,no 3+ dwelling-unit language found in this scenario's scoped text,missing,no source-backed value was found for this scenario/variable in this document
bridgeport-rule-candidate-00763,bridgeport-scenario-0027,NX1,Neighborhood Mix,multifamily_approval_pathway,,,,,,missing,general_rule_candidate,,67,,,,,,project definition: multifamily = building with 3+ dwelling units,normal,n/a,"[""3+ dwelling units"", ""pathway keyword""]",0.8625,0.0,not_applicable,Bridgeport's own 'House A/B/C/D' and 'Double House A' building types are structurally single/two-unit typologies,not_applicable,this variable does not structurally apply to this building form
bridgeport-rule-candidate-00764,bridgeport-scenario-0028,N1,Neighborhood: Traditional,multifamily_approval_pathway,,,,,,missing,general_rule_candidate,,75,,,,,,project definition: multifamily = building with 3+ dwelling units,normal,n/a,"[""3+ dwelling units"", ""pathway keyword""]",0.8625,0.0,not_applicable,Bridgeport's own 'House A/B/C/D' and 'Double House A' building types are structurally single/two-unit typologies,not_applicable,this variable does not structurally apply to this building form
bridgeport-rule-candidate-00765,bridgeport-scenario-0029,NX1,Neighborhood Mix,multifamily_approval_pathway,,,,,,missing,general_rule_candidate,,75,,,,,,project definition: multifamily = building with 3+ dwelling units,normal,n/a,"[""3+ dwelling units"", ""pathway keyword""]",0.8625,0.0,not_applicable,Bridgeport's own 'House A/B/C/D' and 'Double House A' building types are structurally single/two-unit typologies,not_applicable,this variable does not structurally apply to this building form
bridgeport-rule-candidate-00766,bridgeport-scenario-0030,N2,Neighborhood: Mid-Century,multifamily_approval_pathway,,,,,,missing,general_rule_candidate,,83,,,,,,project definition: multifamily = building with 3+ dwelling units,normal,n/a,"[""3+ dwelling units"", ""pathway keyword""]",0.8625,0.0,not_applicable,Bridgeport's own 'House A/B/C/D' and 'Double House A' building types are structurally single/two-unit typologies,not_applicable,this variable does not structurally apply to this building form
bridgeport-rule-candidate-00767,bridgeport-scenario-0031,N3,Neighborhood: Large Lot,multifamily_approval_pathway,,,,,,missing,general_rule_candidate,,91,,,,,,project definition: multifamily = building with 3+ dwelling units,normal,n/a,"[""3+ dwelling units"", ""pathway keyword""]",0.8625,0.0,not_applicable,Bridgeport's own 'House A/B/C/D' and 'Double House A' building types are structurally single/two-unit typologies,not_applicable,this variable does not structurally apply to this building form
bridgeport-rule-candidate-00768,bridgeport-scenario-0032,N4,Neighborhood: Suburban,multifamily_approval_pathway,,,,,,missing,general_rule_candidate,,99,,,,,,project definition: multifamily = building with 3+ dwelling units,normal,n/a,"[""3+ dwelling units"", ""pathway keyword""]",0.8666666666666667,0.0,not_applicable,Bridgeport's own 'House A/B/C/D' and 'Double House A' building types are structurally single/two-unit typologies,not_applicable,this variable does not structurally apply to this building form
bridgeport-rule-candidate-00769,bridgeport-scenario-0033,CX,Heavy Commercial,multifamily_approval_pathway,,,,,,missing,general_rule_candidate,,107,,,,,,project definition: multifamily = building with 3+ dwelling units,normal,n/a,"[""3+ dwelling units"", ""pathway keyword""]",0.8625,0.0,missing,no 3+ dwelling-unit language found in this scenario's scoped text,missing,no source-backed value was found for this scenario/variable in this document
bridgeport-rule-candidate-00770,bridgeport-scenario-0034,CX,Heavy Commercial,multifamily_approval_pathway,,,,,,review_required,general_rule_candidate,,117,,,,,,project definition: multifamily = building with 3+ dwelling units,complex_layout_present,n/a,"[""3+ dwelling units"", ""pathway keyword""]",0.8625,0.0,review_required,source text touches a multi_column_or_complex page; reading order is not trusted for this scenario,needs_manual_harmonization,evidence exists but touches a complex-layout page or is otherwise unverified; comparability cannot be assessed until reviewed
bridgeport-rule-candidate-00771,bridgeport-scenario-0035,DX1,Downtown Core,multifamily_approval_pathway,,,,,,review_required,general_rule_candidate,,117,,,,,,project definition: multifamily = building with 3+ dwelling units,complex_layout_present,n/a,"[""3+ dwelling units"", ""pathway keyword""]",0.8625,0.0,review_required,source text touches a multi_column_or_complex page; reading order is not trusted for this scenario,needs_manual_harmonization,evidence exists but touches a complex-layout page or is otherwise unverified; comparability cannot be assessed until reviewed
bridgeport-rule-candidate-00772,bridgeport-scenario-0036,DX2,Downtown Support,multifamily_approval_pathway,,,,,,review_required,general_rule_candidate,,117,,,,,,project definition: multifamily = building with 3+ dwelling units,complex_layout_present,n/a,"[""3+ dwelling units"", ""pathway keyword""]",0.8625,0.0,review_required,source text touches a multi_column_or_complex page; reading order is not trusted for this scenario,needs_manual_harmonization,evidence exists but touches a complex-layout page or is otherwise unverified; comparability cannot be assessed until reviewed
bridgeport-rule-candidate-00773,bridgeport-scenario-0037,MX1,Mixed-Use Corridor,multifamily_approval_pathway,,,,,,review_required,general_rule_candidate,,117,,,,,,project definition: multifamily = building with 3+ dwelling units,complex_layout_present,n/a,"[""3+ dwelling units"", ""pathway keyword""]",0.8625,0.0,review_required,source text touches a multi_column_or_complex page; reading order is not trusted for this scenario,needs_manual_harmonization,evidence exists but touches a complex-layout page or is otherwise unverified; comparability cannot be assessed until reviewed
bridgeport-rule-candidate-00774,bridgeport-scenario-0038,MX2,Mixed-Use Centers,multifamily_approval_pathway,,,,,,review_required,general_rule_candidate,,117,,,,,,project definition: multifamily = building with 3+ dwelling units,complex_layout_present,n/a,"[""3+ dwelling units"", ""pathway keyword""]",0.8625,0.0,review_required,source text touches a multi_column_or_complex page; reading order is not trusted for this scenario,needs_manual_harmonization,evidence exists but touches a complex-layout page or is otherwise unverified; comparability cannot be assessed until reviewed
bridgeport-rule-candidate-00775,bridgeport-scenario-0039,NX3,Mixed Residential,multifamily_approval_pathway,,,,,,review_required,general_rule_candidate,,117,,,,,,project definition: multifamily = building with 3+ dwelling units,complex_layout_present,n/a,"[""3+ dwelling units"", ""pathway keyword""]",0.8625,0.0,review_required,source text touches a multi_column_or_complex page; reading order is not trusted for this scenario,needs_manual_harmonization,evidence exists but touches a complex-layout page or is otherwise unverified; comparability cannot be assessed until reviewed
bridgeport-rule-candidate-00776,bridgeport-scenario-0040,NX4,Mixed Residential,multifamily_approval_pathway,,,,,,review_required,general_rule_candidate,,117,,,,,,project definition: multifamily = building with 3+ dwelling units,complex_layout_present,n/a,"[""3+ dwelling units"", ""pathway keyword""]",0.8625,0.0,review_required,source text touches a multi_column_or_complex page; reading order is not trusted for this scenario,needs_manual_harmonization,evidence exists but touches a complex-layout page or is otherwise unverified; comparability cannot be assessed until reviewed
bridgeport-rule-candidate-00777,bridgeport-scenario-0041,RX2,Residential-Office Centers,multifamily_approval_pathway,,,,,,review_required,general_rule_candidate,,117,,,,,,project definition: multifamily = building with 3+ dwelling units,complex_layout_present,n/a,"[""3+ dwelling units"", ""pathway keyword""]",0.8625,0.0,review_required,source text touches a multi_column_or_complex page; reading order is not trusted for this scenario,needs_manual_harmonization,evidence exists but touches a complex-layout page or is otherwise unverified; comparability cannot be assessed until reviewed
bridgeport-rule-candidate-00778,bridgeport-scenario-0042,DX1,Downtown Core,multifamily_approval_pathway,,,,,,review_required,general_rule_candidate,,12,,,,,,project definition: multifamily = building with 3+ dwelling units,complex_layout_present,n/a,"[""3+ dwelling units"", ""pathway keyword""]",0.81,0.0,review_required,source text touches a multi_column_or_complex page; reading order is not trusted for this scenario,needs_manual_harmonization,evidence exists but touches a complex-layout page or is otherwise unverified; comparability cannot be assessed until reviewed
bridgeport-rule-candidate-00779,bridgeport-scenario-0043,MX1,Mixed-Use Corridor,multifamily_approval_pathway,,,,,,review_required,general_rule_candidate,,12,,,,,,project definition: multifamily = building with 3+ dwelling units,complex_layout_present,n/a,"[""3+ dwelling units"", ""pathway keyword""]",0.81,0.0,review_required,source text touches a multi_column_or_complex page; reading order is not trusted for this scenario,needs_manual_harmonization,evidence exists but touches a complex-layout page or is otherwise unverified; comparability cannot be assessed until reviewed
bridgeport-rule-candidate-00780,bridgeport-scenario-0044,MX2,Mixed-Use Centers,multifamily_approval_pathway,,,,,,review_required,general_rule_candidate,,12,,,,,,project definition: multifamily = building with 3+ dwelling units,complex_layout_present,n/a,"[""3+ dwelling units"", ""pathway keyword""]",0.6880000000000001,0.0,review_required,source text touches a multi_column_or_complex page; reading order is not trusted for this scenario,needs_manual_harmonization,evidence exists but touches a complex-layout page or is otherwise unverified; comparability cannot be assessed until reviewed
bridgeport-rule-candidate-00781,bridgeport-scenario-0045,CX,Heavy Commercial,multifamily_approval_pathway,,,,,,review_required,general_rule_candidate,,12,,,,,,project definition: multifamily = building with 3+ dwelling units,complex_layout_present,n/a,"[""3+ dwelling units"", ""pathway keyword""]",0.72,0.0,review_required,source text touches a multi_column_or_complex page; reading order is not trusted for this scenario,needs_manual_harmonization,evidence exists but touches a complex-layout page or is otherwise unverified; comparability cannot be assessed until reviewed
bridgeport-rule-candidate-00782,bridgeport-scenario-0046,N4,Neighborhood: Suburban,multifamily_approval_pathway,,,,,,missing,general_rule_candidate,,99,,,,,,project definition: multifamily = building with 3+ dwelling units,normal,n/a,"[""3+ dwelling units"", ""pathway keyword""]",0.52,0.0,missing,no 3+ dwelling-unit language found in this scenario's scoped text,missing,no source-backed value was found for this scenario/variable in this document
