town,analysis_unit_id,district_code,district_name,building_form_or_type,scenario_id,variable_id,subvariable,final_determination,raw_value,raw_unit,normalized_value,normalized_unit,categorical_value,formula,condition_text,source_type,source_document,document_hash,source_page,printed_page,section_or_node_path,table_or_figure_id,table_title,row_label,column_label,source_excerpt,extraction_method,source_confidence,extraction_confidence,reviewer_decision,review_status,comparability_status,rationale,missingness_diagnosis,cross_reference_trail,date_version
Bridgeport,DX1__Storefront,DX1,,Storefront,,V2,minimum_lot_width_ft,confirmed,18.0,ft,18.0,ft,,,,manual_verified_visual_table,bridgeport_zoning_code_full_2022-01.pdf.pdf,,20,20,X.X0.4 BUILDING SITING -- Storefront,,Figure: Storefront Building Siting,Lot Width,,,targeted_visual_table_recovery,0.9,0.9,verified_governing_value,reviewed,directly_comparable,directly transcribed from BUILDING SITING table,confirmed_governing_rule,,2026-10-01
Bridgeport,DX1__Storefront,DX1,,Storefront,,V4,maximum_lot_coverage_pct,confirmed,95,pct,95,pct,,,,manual_verified_visual_table,bridgeport_zoning_code_full_2022-01.pdf.pdf,,20,20,X.X0.4 BUILDING SITING -- Storefront,,Figure: Storefront Building Siting,Site Coverage,,,targeted_visual_table_recovery,0.9,0.9,verified_governing_value,reviewed,comparable_with_documented_transform,directly transcribed; corrects Phase 2's flattened-text attribution where they disagree (see Section 2.1),confirmed_governing_rule,see 14.20.7 for measuring site coverage,2026-10-01
Bridgeport,DX1__Storefront,DX1,,Storefront,,V5,build_to_minimum_ft,confirmed,0,ft,,,,,max=5.0,manual_verified_visual_table,bridgeport_zoning_code_full_2022-01.pdf.pdf,,20,20,X.X0.4 BUILDING SITING -- Storefront,,Figure: Storefront Building Siting,Primary Street Build-to/Setback,,,targeted_visual_table_recovery,0.9,0.9,verified_governing_value,reviewed,structurally_non_equivalent,rule format = build_to; build-to is never treated as a conventional setback,confirmed_governing_rule,,2026-10-01
Bridgeport,DX1__Storefront,DX1,,Storefront,,V5,side_setback_ft,confirmed,0,ft,0,ft,,,"0 min, or if set back min 5 ft",manual_verified_visual_table,bridgeport_zoning_code_full_2022-01.pdf.pdf,,20,20,X.X0.4 BUILDING SITING -- Storefront,,Figure: Storefront Building Siting,Side Setback,,,targeted_visual_table_recovery,0.9,0.9,verified_governing_value,reviewed,directly_comparable,directly transcribed,confirmed_governing_rule,,2026-10-01
Bridgeport,DX1__Storefront,DX1,,Storefront,,V5,rear_setback_ft,confirmed,15,ft,15,ft,,,,manual_verified_visual_table,bridgeport_zoning_code_full_2022-01.pdf.pdf,,20,20,X.X0.4 BUILDING SITING -- Storefront,,Figure: Storefront Building Siting,Rear Setback,,,targeted_visual_table_recovery,0.9,0.9,verified_governing_value,reviewed,directly_comparable,directly transcribed,confirmed_governing_rule,,2026-10-01
Bridgeport,DX1__Storefront,DX1,,Storefront,,V5,summed_minimum_setbacks_ft,structurally_non_equivalent,,,,,,,,manual_verified_visual_table,bridgeport_zoning_code_full_2022-01.pdf.pdf,,20,20,X.X0.4 BUILDING SITING -- Storefront,,Figure: Storefront Building Siting,Front+Side+Rear (summed),,,targeted_visual_table_recovery,0.9,0.9,verified_governing_value,reviewed,structurally_non_equivalent,"front is a build-to zone, not a conventional setback, for this building type -- not summed per explicit non-conflation policy",structurally_non_equivalent_rule_present,,2026-10-01
Bridgeport,MX1__Storefront,MX1,,Storefront,,V2,minimum_lot_width_ft,not_applicable,,,,,no_minimum_lot_width_stated,,,manual_verified_visual_table,bridgeport_zoning_code_full_2022-01.pdf.pdf,,20,20,X.X0.4 BUILDING SITING -- Storefront,,Figure: Storefront Building Siting,Lot Width,,,targeted_visual_table_recovery,0.9,0.9,verified_governing_value,reviewed,not_applicable,table explicitly shows '-' for this zone/building type,not_applicable_to_analysis_unit,,2026-10-01
Bridgeport,MX1__Storefront,MX1,,Storefront,,V4,maximum_lot_coverage_pct,confirmed,95,pct,95,pct,,,,manual_verified_visual_table,bridgeport_zoning_code_full_2022-01.pdf.pdf,,20,20,X.X0.4 BUILDING SITING -- Storefront,,Figure: Storefront Building Siting,Site Coverage,,,targeted_visual_table_recovery,0.9,0.9,verified_governing_value,reviewed,comparable_with_documented_transform,directly transcribed; corrects Phase 2's flattened-text attribution where they disagree (see Section 2.1),confirmed_governing_rule,see 14.20.7 for measuring site coverage,2026-10-01
Bridgeport,MX1__Storefront,MX1,,Storefront,,V5,build_to_minimum_ft,confirmed,0,ft,,,,,max=15.0,manual_verified_visual_table,bridgeport_zoning_code_full_2022-01.pdf.pdf,,20,20,X.X0.4 BUILDING SITING -- Storefront,,Figure: Storefront Building Siting,Primary Street Build-to/Setback,,,targeted_visual_table_recovery,0.9,0.9,verified_governing_value,reviewed,structurally_non_equivalent,rule format = build_to; build-to is never treated as a conventional setback,confirmed_governing_rule,,2026-10-01
Bridgeport,MX1__Storefront,MX1,,Storefront,,V5,side_setback_ft,confirmed,0,ft,0,ft,,,min 5 ft adjacent to other building type,manual_verified_visual_table,bridgeport_zoning_code_full_2022-01.pdf.pdf,,20,20,X.X0.4 BUILDING SITING -- Storefront,,Figure: Storefront Building Siting,Side Setback,,,targeted_visual_table_recovery,0.9,0.9,verified_governing_value,reviewed,directly_comparable,directly transcribed,confirmed_governing_rule,,2026-10-01
Bridgeport,MX1__Storefront,MX1,,Storefront,,V5,rear_setback_ft,confirmed,15,ft,15,ft,,,,manual_verified_visual_table,bridgeport_zoning_code_full_2022-01.pdf.pdf,,20,20,X.X0.4 BUILDING SITING -- Storefront,,Figure: Storefront Building Siting,Rear Setback,,,targeted_visual_table_recovery,0.9,0.9,verified_governing_value,reviewed,directly_comparable,directly transcribed,confirmed_governing_rule,,2026-10-01
Bridgeport,MX1__Storefront,MX1,,Storefront,,V5,summed_minimum_setbacks_ft,structurally_non_equivalent,,,,,,,,manual_verified_visual_table,bridgeport_zoning_code_full_2022-01.pdf.pdf,,20,20,X.X0.4 BUILDING SITING -- Storefront,,Figure: Storefront Building Siting,Front+Side+Rear (summed),,,targeted_visual_table_recovery,0.9,0.9,verified_governing_value,reviewed,structurally_non_equivalent,"front is a build-to zone, not a conventional setback, for this building type -- not summed per explicit non-conflation policy",structurally_non_equivalent_rule_present,,2026-10-01
Bridgeport,MX2__Storefront,MX2,,Storefront,,V2,minimum_lot_width_ft,not_applicable,,,,,no_minimum_lot_width_stated,,,manual_verified_visual_table,bridgeport_zoning_code_full_2022-01.pdf.pdf,,20,20,X.X0.4 BUILDING SITING -- Storefront,,Figure: Storefront Building Siting,Lot Width,,,targeted_visual_table_recovery,0.9,0.9,verified_governing_value,reviewed,not_applicable,table explicitly shows '-' for this zone/building type,not_applicable_to_analysis_unit,,2026-10-01
Bridgeport,MX2__Storefront,MX2,,Storefront,,V4,maximum_lot_coverage_pct,confirmed,95,pct,95,pct,,,,manual_verified_visual_table,bridgeport_zoning_code_full_2022-01.pdf.pdf,,20,20,X.X0.4 BUILDING SITING -- Storefront,,Figure: Storefront Building Siting,Site Coverage,,,targeted_visual_table_recovery,0.9,0.9,verified_governing_value,reviewed,comparable_with_documented_transform,directly transcribed; corrects Phase 2's flattened-text attribution where they disagree (see Section 2.1),confirmed_governing_rule,see 14.20.7 for measuring site coverage,2026-10-01
Bridgeport,MX2__Storefront,MX2,,Storefront,,V5,build_to_minimum_ft,confirmed,0,ft,,,,,max=15.0,manual_verified_visual_table,bridgeport_zoning_code_full_2022-01.pdf.pdf,,20,20,X.X0.4 BUILDING SITING -- Storefront,,Figure: Storefront Building Siting,Primary Street Build-to/Setback,,,targeted_visual_table_recovery,0.9,0.9,verified_governing_value,reviewed,structurally_non_equivalent,rule format = build_to; build-to is never treated as a conventional setback,confirmed_governing_rule,,2026-10-01
Bridgeport,MX2__Storefront,MX2,,Storefront,,V5,side_setback_ft,confirmed,0,ft,0,ft,,,min 5 ft adjacent to other building type,manual_verified_visual_table,bridgeport_zoning_code_full_2022-01.pdf.pdf,,20,20,X.X0.4 BUILDING SITING -- Storefront,,Figure: Storefront Building Siting,Side Setback,,,targeted_visual_table_recovery,0.9,0.9,verified_governing_value,reviewed,directly_comparable,directly transcribed,confirmed_governing_rule,,2026-10-01
Bridgeport,MX2__Storefront,MX2,,Storefront,,V5,rear_setback_ft,confirmed,15,ft,15,ft,,,,manual_verified_visual_table,bridgeport_zoning_code_full_2022-01.pdf.pdf,,20,20,X.X0.4 BUILDING SITING -- Storefront,,Figure: Storefront Building Siting,Rear Setback,,,targeted_visual_table_recovery,0.9,0.9,verified_governing_value,reviewed,directly_comparable,directly transcribed,confirmed_governing_rule,,2026-10-01
Bridgeport,MX2__Storefront,MX2,,Storefront,,V5,summed_minimum_setbacks_ft,structurally_non_equivalent,,,,,,,,manual_verified_visual_table,bridgeport_zoning_code_full_2022-01.pdf.pdf,,20,20,X.X0.4 BUILDING SITING -- Storefront,,Figure: Storefront Building Siting,Front+Side+Rear (summed),,,targeted_visual_table_recovery,0.9,0.9,verified_governing_value,reviewed,structurally_non_equivalent,"front is a build-to zone, not a conventional setback, for this building type -- not summed per explicit non-conflation policy",structurally_non_equivalent_rule_present,,2026-10-01
Bridgeport,MXN__Storefront,MXN,,Storefront,,V2,minimum_lot_width_ft,confirmed,50.0,ft,50.0,ft,,,,manual_verified_visual_table,bridgeport_zoning_code_full_2022-01.pdf.pdf,,20,20,X.X0.4 BUILDING SITING -- Storefront,,Figure: Storefront Building Siting,Lot Width,,,targeted_visual_table_recovery,0.9,0.9,verified_governing_value,reviewed,directly_comparable,directly transcribed from BUILDING SITING table,confirmed_governing_rule,,2026-10-01
Bridgeport,MXN__Storefront,MXN,,Storefront,,V4,maximum_lot_coverage_pct,confirmed,85,pct,85,pct,,,,manual_verified_visual_table,bridgeport_zoning_code_full_2022-01.pdf.pdf,,20,20,X.X0.4 BUILDING SITING -- Storefront,,Figure: Storefront Building Siting,Site Coverage,,,targeted_visual_table_recovery,0.9,0.9,verified_governing_value,reviewed,comparable_with_documented_transform,directly transcribed; corrects Phase 2's flattened-text attribution where they disagree (see Section 2.1),confirmed_governing_rule,see 14.20.7 for measuring site coverage,2026-10-01
Bridgeport,MXN__Storefront,MXN,,Storefront,,V5,build_to_minimum_ft,confirmed,0,ft,,,,,max=15.0,manual_verified_visual_table,bridgeport_zoning_code_full_2022-01.pdf.pdf,,20,20,X.X0.4 BUILDING SITING -- Storefront,,Figure: Storefront Building Siting,Primary Street Build-to/Setback,,,targeted_visual_table_recovery,0.9,0.9,verified_governing_value,reviewed,structurally_non_equivalent,rule format = build_to; build-to is never treated as a conventional setback,confirmed_governing_rule,,2026-10-01
Bridgeport,MXN__Storefront,MXN,,Storefront,,V5,side_setback_ft,confirmed,0,ft,0,ft,,,,manual_verified_visual_table,bridgeport_zoning_code_full_2022-01.pdf.pdf,,20,20,X.X0.4 BUILDING SITING -- Storefront,,Figure: Storefront Building Siting,Side Setback,,,targeted_visual_table_recovery,0.9,0.9,verified_governing_value,reviewed,directly_comparable,directly transcribed,confirmed_governing_rule,,2026-10-01
Bridgeport,MXN__Storefront,MXN,,Storefront,,V5,rear_setback_ft,confirmed,20,ft,20,ft,,,,manual_verified_visual_table,bridgeport_zoning_code_full_2022-01.pdf.pdf,,20,20,X.X0.4 BUILDING SITING -- Storefront,,Figure: Storefront Building Siting,Rear Setback,,,targeted_visual_table_recovery,0.9,0.9,verified_governing_value,reviewed,directly_comparable,directly transcribed,confirmed_governing_rule,,2026-10-01
Bridgeport,MXN__Storefront,MXN,,Storefront,,V5,summed_minimum_setbacks_ft,structurally_non_equivalent,,,,,,,,manual_verified_visual_table,bridgeport_zoning_code_full_2022-01.pdf.pdf,,20,20,X.X0.4 BUILDING SITING -- Storefront,,Figure: Storefront Building Siting,Front+Side+Rear (summed),,,targeted_visual_table_recovery,0.9,0.9,verified_governing_value,reviewed,structurally_non_equivalent,"front is a build-to zone, not a conventional setback, for this building type -- not summed per explicit non-conflation policy",structurally_non_equivalent_rule_present,,2026-10-01
Bridgeport,MX2__Commercial Center,MX2,,Commercial Center,,V2,minimum_lot_width_ft,confirmed,60.0,ft,60.0,ft,,,,manual_verified_visual_table,bridgeport_zoning_code_full_2022-01.pdf.pdf,,28,28,X.X0.4 BUILDING SITING -- Commercial Center,,Figure: Commercial Center Building Siting,Lot Width,,,targeted_visual_table_recovery,0.9,0.9,verified_governing_value,reviewed,directly_comparable,directly transcribed from BUILDING SITING table,confirmed_governing_rule,,2026-10-01
Bridgeport,MX2__Commercial Center,MX2,,Commercial Center,,V4,maximum_lot_coverage_pct,confirmed,80,pct,80,pct,,,,manual_verified_visual_table,bridgeport_zoning_code_full_2022-01.pdf.pdf,,28,28,X.X0.4 BUILDING SITING -- Commercial Center,,Figure: Commercial Center Building Siting,Site Coverage,,,targeted_visual_table_recovery,0.9,0.9,verified_governing_value,reviewed,comparable_with_documented_transform,directly transcribed; corrects Phase 2's flattened-text attribution where they disagree (see Section 2.1),confirmed_governing_rule,see 14.20.7 for measuring site coverage,2026-10-01
Bridgeport,MX2__Commercial Center,MX2,,Commercial Center,,V5,build_to_minimum_ft,confirmed,5,ft,,,,,max=20.0,manual_verified_visual_table,bridgeport_zoning_code_full_2022-01.pdf.pdf,,28,28,X.X0.4 BUILDING SITING -- Commercial Center,,Figure: Commercial Center Building Siting,Primary Street Build-to/Setback,,,targeted_visual_table_recovery,0.9,0.9,verified_governing_value,reviewed,structurally_non_equivalent,rule format = build_to; build-to is never treated as a conventional setback,confirmed_governing_rule,,2026-10-01
Bridgeport,MX2__Commercial Center,MX2,,Commercial Center,,V5,side_setback_ft,confirmed,5,ft,5,ft,,,,manual_verified_visual_table,bridgeport_zoning_code_full_2022-01.pdf.pdf,,28,28,X.X0.4 BUILDING SITING -- Commercial Center,,Figure: Commercial Center Building Siting,Side Setback,,,targeted_visual_table_recovery,0.9,0.9,verified_governing_value,reviewed,directly_comparable,directly transcribed,confirmed_governing_rule,,2026-10-01
Bridgeport,MX2__Commercial Center,MX2,,Commercial Center,,V5,rear_setback_ft,confirmed,5,ft,5,ft,,,,manual_verified_visual_table,bridgeport_zoning_code_full_2022-01.pdf.pdf,,28,28,X.X0.4 BUILDING SITING -- Commercial Center,,Figure: Commercial Center Building Siting,Rear Setback,,,targeted_visual_table_recovery,0.9,0.9,verified_governing_value,reviewed,directly_comparable,directly transcribed,confirmed_governing_rule,,2026-10-01
Bridgeport,MX2__Commercial Center,MX2,,Commercial Center,,V5,summed_minimum_setbacks_ft,structurally_non_equivalent,,,,,,,,manual_verified_visual_table,bridgeport_zoning_code_full_2022-01.pdf.pdf,,28,28,X.X0.4 BUILDING SITING -- Commercial Center,,Figure: Commercial Center Building Siting,Front+Side+Rear (summed),,,targeted_visual_table_recovery,0.9,0.9,verified_governing_value,reviewed,structurally_non_equivalent,"front is a build-to zone, not a conventional setback, for this building type -- not summed per explicit non-conflation policy",structurally_non_equivalent_rule_present,,2026-10-01
Bridgeport,MX1__Commercial House,MX1,,Commercial House,,V2,minimum_lot_width_ft,confirmed,50.0,ft,50.0,ft,,,,manual_verified_visual_table,bridgeport_zoning_code_full_2022-01.pdf.pdf,,36,36,X.X0.4 BUILDING SITING -- Commercial House,,Figure: Commercial House Building Siting,Lot Width,,,targeted_visual_table_recovery,0.9,0.9,verified_governing_value,reviewed,directly_comparable,directly transcribed from BUILDING SITING table,confirmed_governing_rule,,2026-10-01
Bridgeport,MX1__Commercial House,MX1,,Commercial House,,V4,maximum_lot_coverage_pct,confirmed,80,pct,80,pct,,,,manual_verified_visual_table,bridgeport_zoning_code_full_2022-01.pdf.pdf,,36,36,X.X0.4 BUILDING SITING -- Commercial House,,Figure: Commercial House Building Siting,Site Coverage,,,targeted_visual_table_recovery,0.9,0.9,verified_governing_value,reviewed,comparable_with_documented_transform,directly transcribed; corrects Phase 2's flattened-text attribution where they disagree (see Section 2.1),confirmed_governing_rule,see 14.20.7 for measuring site coverage,2026-10-01
Bridgeport,MX1__Commercial House,MX1,,Commercial House,,V5,front_setback_ft,confirmed,15,ft,15,ft,,,,manual_verified_visual_table,bridgeport_zoning_code_full_2022-01.pdf.pdf,,36,36,X.X0.4 BUILDING SITING -- Commercial House,,Figure: Commercial House Building Siting,Primary Street Build-to/Setback,,,targeted_visual_table_recovery,0.9,0.9,verified_governing_value,reviewed,directly_comparable,rule format = setback; build-to is never treated as a conventional setback,confirmed_governing_rule,,2026-10-01
Bridgeport,MX1__Commercial House,MX1,,Commercial House,,V5,side_setback_ft,confirmed,2,ft,2,ft,,,,manual_verified_visual_table,bridgeport_zoning_code_full_2022-01.pdf.pdf,,36,36,X.X0.4 BUILDING SITING -- Commercial House,,Figure: Commercial House Building Siting,Side Setback,,,targeted_visual_table_recovery,0.9,0.9,verified_governing_value,reviewed,directly_comparable,directly transcribed,confirmed_governing_rule,,2026-10-01
Bridgeport,MX1__Commercial House,MX1,,Commercial House,,V5,rear_setback_ft,confirmed,20,ft,20,ft,,,,manual_verified_visual_table,bridgeport_zoning_code_full_2022-01.pdf.pdf,,36,36,X.X0.4 BUILDING SITING -- Commercial House,,Figure: Commercial House Building Siting,Rear Setback,,,targeted_visual_table_recovery,0.9,0.9,verified_governing_value,reviewed,directly_comparable,directly transcribed,confirmed_governing_rule,,2026-10-01
Bridgeport,MX1__Commercial House,MX1,,Commercial House,,V5,summed_minimum_setbacks_ft,confirmed,37.0,ft,37.0,ft,,,,manual_verified_visual_table,bridgeport_zoning_code_full_2022-01.pdf.pdf,,36,36,X.X0.4 BUILDING SITING -- Commercial House,,Figure: Commercial House Building Siting,Front+Side+Rear (summed),,,targeted_visual_table_recovery,0.9,0.9,verified_governing_value,reviewed,directly_comparable,"front, side, and rear are all explicitly setbacks (not build-to) for this building type/zone, so the sum is scenario-valid",confirmed_governing_rule,,2026-10-01
Bridgeport,MXN__Commercial House,MXN,,Commercial House,,V2,minimum_lot_width_ft,confirmed,50.0,ft,50.0,ft,,,,manual_verified_visual_table,bridgeport_zoning_code_full_2022-01.pdf.pdf,,36,36,X.X0.4 BUILDING SITING -- Commercial House,,Figure: Commercial House Building Siting,Lot Width,,,targeted_visual_table_recovery,0.9,0.9,verified_governing_value,reviewed,directly_comparable,directly transcribed from BUILDING SITING table,confirmed_governing_rule,,2026-10-01
Bridgeport,MXN__Commercial House,MXN,,Commercial House,,V4,maximum_lot_coverage_pct,confirmed,80,pct,80,pct,,,,manual_verified_visual_table,bridgeport_zoning_code_full_2022-01.pdf.pdf,,36,36,X.X0.4 BUILDING SITING -- Commercial House,,Figure: Commercial House Building Siting,Site Coverage,,,targeted_visual_table_recovery,0.9,0.9,verified_governing_value,reviewed,comparable_with_documented_transform,directly transcribed; corrects Phase 2's flattened-text attribution where they disagree (see Section 2.1),confirmed_governing_rule,see 14.20.7 for measuring site coverage,2026-10-01
Bridgeport,MXN__Commercial House,MXN,,Commercial House,,V5,front_setback_ft,confirmed,15,ft,15,ft,,,,manual_verified_visual_table,bridgeport_zoning_code_full_2022-01.pdf.pdf,,36,36,X.X0.4 BUILDING SITING -- Commercial House,,Figure: Commercial House Building Siting,Primary Street Build-to/Setback,,,targeted_visual_table_recovery,0.9,0.9,verified_governing_value,reviewed,directly_comparable,rule format = setback; build-to is never treated as a conventional setback,confirmed_governing_rule,,2026-10-01
Bridgeport,MXN__Commercial House,MXN,,Commercial House,,V5,side_setback_ft,confirmed,2,ft,2,ft,,,,manual_verified_visual_table,bridgeport_zoning_code_full_2022-01.pdf.pdf,,36,36,X.X0.4 BUILDING SITING -- Commercial House,,Figure: Commercial House Building Siting,Side Setback,,,targeted_visual_table_recovery,0.9,0.9,verified_governing_value,reviewed,directly_comparable,directly transcribed,confirmed_governing_rule,,2026-10-01
Bridgeport,MXN__Commercial House,MXN,,Commercial House,,V5,rear_setback_ft,confirmed,20,ft,20,ft,,,,manual_verified_visual_table,bridgeport_zoning_code_full_2022-01.pdf.pdf,,36,36,X.X0.4 BUILDING SITING -- Commercial House,,Figure: Commercial House Building Siting,Rear Setback,,,targeted_visual_table_recovery,0.9,0.9,verified_governing_value,reviewed,directly_comparable,directly transcribed,confirmed_governing_rule,,2026-10-01
Bridgeport,MXN__Commercial House,MXN,,Commercial House,,V5,summed_minimum_setbacks_ft,confirmed,37.0,ft,37.0,ft,,,,manual_verified_visual_table,bridgeport_zoning_code_full_2022-01.pdf.pdf,,36,36,X.X0.4 BUILDING SITING -- Commercial House,,Figure: Commercial House Building Siting,Front+Side+Rear (summed),,,targeted_visual_table_recovery,0.9,0.9,verified_governing_value,reviewed,directly_comparable,"front, side, and rear are all explicitly setbacks (not build-to) for this building type/zone, so the sum is scenario-valid",confirmed_governing_rule,,2026-10-01
Bridgeport,MX2__Commercial House,MX2,,Commercial House,,V2,minimum_lot_width_ft,confirmed,50.0,ft,50.0,ft,,,,manual_verified_visual_table,bridgeport_zoning_code_full_2022-01.pdf.pdf,,36,36,X.X0.4 BUILDING SITING -- Commercial House,,Figure: Commercial House Building Siting,Lot Width,,,targeted_visual_table_recovery,0.9,0.9,verified_governing_value,reviewed,directly_comparable,directly transcribed from BUILDING SITING table,confirmed_governing_rule,,2026-10-01
Bridgeport,MX2__Commercial House,MX2,,Commercial House,,V4,maximum_lot_coverage_pct,confirmed,80,pct,80,pct,,,,manual_verified_visual_table,bridgeport_zoning_code_full_2022-01.pdf.pdf,,36,36,X.X0.4 BUILDING SITING -- Commercial House,,Figure: Commercial House Building Siting,Site Coverage,,,targeted_visual_table_recovery,0.9,0.9,verified_governing_value,reviewed,comparable_with_documented_transform,directly transcribed; corrects Phase 2's flattened-text attribution where they disagree (see Section 2.1),confirmed_governing_rule,see 14.20.7 for measuring site coverage,2026-10-01
Bridgeport,MX2__Commercial House,MX2,,Commercial House,,V5,front_setback_ft,confirmed,15,ft,15,ft,,,,manual_verified_visual_table,bridgeport_zoning_code_full_2022-01.pdf.pdf,,36,36,X.X0.4 BUILDING SITING -- Commercial House,,Figure: Commercial House Building Siting,Primary Street Build-to/Setback,,,targeted_visual_table_recovery,0.9,0.9,verified_governing_value,reviewed,directly_comparable,rule format = setback; build-to is never treated as a conventional setback,confirmed_governing_rule,,2026-10-01
Bridgeport,MX2__Commercial House,MX2,,Commercial House,,V5,side_setback_ft,confirmed,2,ft,2,ft,,,,manual_verified_visual_table,bridgeport_zoning_code_full_2022-01.pdf.pdf,,36,36,X.X0.4 BUILDING SITING -- Commercial House,,Figure: Commercial House Building Siting,Side Setback,,,targeted_visual_table_recovery,0.9,0.9,verified_governing_value,reviewed,directly_comparable,directly transcribed,confirmed_governing_rule,,2026-10-01
Bridgeport,MX2__Commercial House,MX2,,Commercial House,,V5,rear_setback_ft,confirmed,20,ft,20,ft,,,,manual_verified_visual_table,bridgeport_zoning_code_full_2022-01.pdf.pdf,,36,36,X.X0.4 BUILDING SITING -- Commercial House,,Figure: Commercial House Building Siting,Rear Setback,,,targeted_visual_table_recovery,0.9,0.9,verified_governing_value,reviewed,directly_comparable,directly transcribed,confirmed_governing_rule,,2026-10-01
Bridgeport,MX2__Commercial House,MX2,,Commercial House,,V5,summed_minimum_setbacks_ft,confirmed,37.0,ft,37.0,ft,,,,manual_verified_visual_table,bridgeport_zoning_code_full_2022-01.pdf.pdf,,36,36,X.X0.4 BUILDING SITING -- Commercial House,,Figure: Commercial House Building Siting,Front+Side+Rear (summed),,,targeted_visual_table_recovery,0.9,0.9,verified_governing_value,reviewed,directly_comparable,"front, side, and rear are all explicitly setbacks (not build-to) for this building type/zone, so the sum is scenario-valid",confirmed_governing_rule,,2026-10-01
Bridgeport,RX1__Commercial House,RX1,,Commercial House,,V2,minimum_lot_width_ft,confirmed,45.0,ft,45.0,ft,,,,manual_verified_visual_table,bridgeport_zoning_code_full_2022-01.pdf.pdf,,36,36,X.X0.4 BUILDING SITING -- Commercial House,,Figure: Commercial House Building Siting,Lot Width,,,targeted_visual_table_recovery,0.9,0.9,verified_governing_value,reviewed,directly_comparable,directly transcribed from BUILDING SITING table,confirmed_governing_rule,,2026-10-01
Bridgeport,RX1__Commercial House,RX1,,Commercial House,,V4,maximum_lot_coverage_pct,confirmed,80,pct,80,pct,,,,manual_verified_visual_table,bridgeport_zoning_code_full_2022-01.pdf.pdf,,36,36,X.X0.4 BUILDING SITING -- Commercial House,,Figure: Commercial House Building Siting,Site Coverage,,,targeted_visual_table_recovery,0.9,0.9,verified_governing_value,reviewed,comparable_with_documented_transform,directly transcribed; corrects Phase 2's flattened-text attribution where they disagree (see Section 2.1),confirmed_governing_rule,see 14.20.7 for measuring site coverage,2026-10-01
Bridgeport,RX1__Commercial House,RX1,,Commercial House,,V5,front_setback_ft,confirmed,10,ft,10,ft,,,,manual_verified_visual_table,bridgeport_zoning_code_full_2022-01.pdf.pdf,,36,36,X.X0.4 BUILDING SITING -- Commercial House,,Figure: Commercial House Building Siting,Primary Street Build-to/Setback,,,targeted_visual_table_recovery,0.9,0.9,verified_governing_value,reviewed,directly_comparable,rule format = setback; build-to is never treated as a conventional setback,confirmed_governing_rule,,2026-10-01
Bridgeport,RX1__Commercial House,RX1,,Commercial House,,V5,side_setback_ft,confirmed,2,ft,2,ft,,,,manual_verified_visual_table,bridgeport_zoning_code_full_2022-01.pdf.pdf,,36,36,X.X0.4 BUILDING SITING -- Commercial House,,Figure: Commercial House Building Siting,Side Setback,,,targeted_visual_table_recovery,0.9,0.9,verified_governing_value,reviewed,directly_comparable,directly transcribed,confirmed_governing_rule,,2026-10-01
Bridgeport,RX1__Commercial House,RX1,,Commercial House,,V5,rear_setback_ft,confirmed,15,ft,15,ft,,,,manual_verified_visual_table,bridgeport_zoning_code_full_2022-01.pdf.pdf,,36,36,X.X0.4 BUILDING SITING -- Commercial House,,Figure: Commercial House Building Siting,Rear Setback,,,targeted_visual_table_recovery,0.9,0.9,verified_governing_value,reviewed,directly_comparable,directly transcribed,confirmed_governing_rule,,2026-10-01
Bridgeport,RX1__Commercial House,RX1,,Commercial House,,V5,summed_minimum_setbacks_ft,confirmed,27.0,ft,27.0,ft,,,,manual_verified_visual_table,bridgeport_zoning_code_full_2022-01.pdf.pdf,,36,36,X.X0.4 BUILDING SITING -- Commercial House,,Figure: Commercial House Building Siting,Front+Side+Rear (summed),,,targeted_visual_table_recovery,0.9,0.9,verified_governing_value,reviewed,directly_comparable,"front, side, and rear are all explicitly setbacks (not build-to) for this building type/zone, so the sum is scenario-valid",confirmed_governing_rule,,2026-10-01
Bridgeport,RX2__Commercial House,RX2,,Commercial House,,V2,minimum_lot_width_ft,confirmed,45.0,ft,45.0,ft,,,,manual_verified_visual_table,bridgeport_zoning_code_full_2022-01.pdf.pdf,,36,36,X.X0.4 BUILDING SITING -- Commercial House,,Figure: Commercial House Building Siting,Lot Width,,,targeted_visual_table_recovery,0.9,0.9,verified_governing_value,reviewed,directly_comparable,directly transcribed from BUILDING SITING table,confirmed_governing_rule,,2026-10-01
Bridgeport,RX2__Commercial House,RX2,,Commercial House,,V4,maximum_lot_coverage_pct,confirmed,80,pct,80,pct,,,,manual_verified_visual_table,bridgeport_zoning_code_full_2022-01.pdf.pdf,,36,36,X.X0.4 BUILDING SITING -- Commercial House,,Figure: Commercial House Building Siting,Site Coverage,,,targeted_visual_table_recovery,0.9,0.9,verified_governing_value,reviewed,comparable_with_documented_transform,directly transcribed; corrects Phase 2's flattened-text attribution where they disagree (see Section 2.1),confirmed_governing_rule,see 14.20.7 for measuring site coverage,2026-10-01
Bridgeport,RX2__Commercial House,RX2,,Commercial House,,V5,front_setback_ft,confirmed,10,ft,10,ft,,,,manual_verified_visual_table,bridgeport_zoning_code_full_2022-01.pdf.pdf,,36,36,X.X0.4 BUILDING SITING -- Commercial House,,Figure: Commercial House Building Siting,Primary Street Build-to/Setback,,,targeted_visual_table_recovery,0.9,0.9,verified_governing_value,reviewed,directly_comparable,rule format = setback; build-to is never treated as a conventional setback,confirmed_governing_rule,,2026-10-01
Bridgeport,RX2__Commercial House,RX2,,Commercial House,,V5,side_setback_ft,confirmed,2,ft,2,ft,,,,manual_verified_visual_table,bridgeport_zoning_code_full_2022-01.pdf.pdf,,36,36,X.X0.4 BUILDING SITING -- Commercial House,,Figure: Commercial House Building Siting,Side Setback,,,targeted_visual_table_recovery,0.9,0.9,verified_governing_value,reviewed,directly_comparable,directly transcribed,confirmed_governing_rule,,2026-10-01
Bridgeport,RX2__Commercial House,RX2,,Commercial House,,V5,rear_setback_ft,confirmed,15,ft,15,ft,,,,manual_verified_visual_table,bridgeport_zoning_code_full_2022-01.pdf.pdf,,36,36,X.X0.4 BUILDING SITING -- Commercial House,,Figure: Commercial House Building Siting,Rear Setback,,,targeted_visual_table_recovery,0.9,0.9,verified_governing_value,reviewed,directly_comparable,directly transcribed,confirmed_governing_rule,,2026-10-01
Bridgeport,RX2__Commercial House,RX2,,Commercial House,,V5,summed_minimum_setbacks_ft,confirmed,27.0,ft,27.0,ft,,,,manual_verified_visual_table,bridgeport_zoning_code_full_2022-01.pdf.pdf,,36,36,X.X0.4 BUILDING SITING -- Commercial House,,Figure: Commercial House Building Siting,Front+Side+Rear (summed),,,targeted_visual_table_recovery,0.9,0.9,verified_governing_value,reviewed,directly_comparable,"front, side, and rear are all explicitly setbacks (not build-to) for this building type/zone, so the sum is scenario-valid",confirmed_governing_rule,,2026-10-01
Bridgeport,DX2__General,DX2,,General,,V2,minimum_lot_width_ft,not_applicable,,,,,no_minimum_lot_width_stated,,,manual_verified_visual_table,bridgeport_zoning_code_full_2022-01.pdf.pdf,,44,44,X.X0.4 BUILDING SITING -- General,,Figure: General Building Siting,Lot Width,,,targeted_visual_table_recovery,0.9,0.9,verified_governing_value,reviewed,not_applicable,table explicitly shows '-' for this zone/building type,not_applicable_to_analysis_unit,,2026-10-01
Bridgeport,DX2__General,DX2,,General,,V4,maximum_lot_coverage_pct,confirmed,95,pct,95,pct,,,,manual_verified_visual_table,bridgeport_zoning_code_full_2022-01.pdf.pdf,,44,44,X.X0.4 BUILDING SITING -- General,,Figure: General Building Siting,Site Coverage,,,targeted_visual_table_recovery,0.9,0.9,verified_governing_value,reviewed,comparable_with_documented_transform,directly transcribed; corrects Phase 2's flattened-text attribution where they disagree (see Section 2.1),confirmed_governing_rule,see 14.20.7 for measuring site coverage,2026-10-01
Bridgeport,DX2__General,DX2,,General,,V5,build_to_minimum_ft,confirmed,0,ft,,,,,max=35.0,manual_verified_visual_table,bridgeport_zoning_code_full_2022-01.pdf.pdf,,44,44,X.X0.4 BUILDING SITING -- General,,Figure: General Building Siting,Primary Street Build-to/Setback,,,targeted_visual_table_recovery,0.9,0.9,verified_governing_value,reviewed,structurally_non_equivalent,rule format = build_to; build-to is never treated as a conventional setback,confirmed_governing_rule,,2026-10-01
Bridgeport,DX2__General,DX2,,General,,V5,side_setback_ft,confirmed,3,ft,3,ft,,,,manual_verified_visual_table,bridgeport_zoning_code_full_2022-01.pdf.pdf,,44,44,X.X0.4 BUILDING SITING -- General,,Figure: General Building Siting,Side Setback,,,targeted_visual_table_recovery,0.9,0.9,verified_governing_value,reviewed,directly_comparable,directly transcribed,confirmed_governing_rule,,2026-10-01
Bridgeport,DX2__General,DX2,,General,,V5,rear_setback_ft,confirmed,20,ft,20,ft,,,,manual_verified_visual_table,bridgeport_zoning_code_full_2022-01.pdf.pdf,,44,44,X.X0.4 BUILDING SITING -- General,,Figure: General Building Siting,Rear Setback,,,targeted_visual_table_recovery,0.9,0.9,verified_governing_value,reviewed,directly_comparable,directly transcribed,confirmed_governing_rule,,2026-10-01
Bridgeport,DX2__General,DX2,,General,,V5,summed_minimum_setbacks_ft,structurally_non_equivalent,,,,,,,,manual_verified_visual_table,bridgeport_zoning_code_full_2022-01.pdf.pdf,,44,44,X.X0.4 BUILDING SITING -- General,,Figure: General Building Siting,Front+Side+Rear (summed),,,targeted_visual_table_recovery,0.9,0.9,verified_governing_value,reviewed,structurally_non_equivalent,"front is a build-to zone, not a conventional setback, for this building type -- not summed per explicit non-conflation policy",structurally_non_equivalent_rule_present,,2026-10-01
Bridgeport,RX2__General,RX2,,General,,V2,minimum_lot_width_ft,not_applicable,,,,,no_minimum_lot_width_stated,,,manual_verified_visual_table,bridgeport_zoning_code_full_2022-01.pdf.pdf,,44,44,X.X0.4 BUILDING SITING -- General,,Figure: General Building Siting,Lot Width,,,targeted_visual_table_recovery,0.9,0.9,verified_governing_value,reviewed,not_applicable,table explicitly shows '-' for this zone/building type,not_applicable_to_analysis_unit,,2026-10-01
Bridgeport,RX2__General,RX2,,General,,V4,maximum_lot_coverage_pct,confirmed,85,pct,85,pct,,,,manual_verified_visual_table,bridgeport_zoning_code_full_2022-01.pdf.pdf,,44,44,X.X0.4 BUILDING SITING -- General,,Figure: General Building Siting,Site Coverage,,,targeted_visual_table_recovery,0.9,0.9,verified_governing_value,reviewed,comparable_with_documented_transform,directly transcribed; corrects Phase 2's flattened-text attribution where they disagree (see Section 2.1),confirmed_governing_rule,see 14.20.7 for measuring site coverage,2026-10-01
Bridgeport,RX2__General,RX2,,General,,V5,build_to_minimum_ft,confirmed,0,ft,,,,,max=25.0,manual_verified_visual_table,bridgeport_zoning_code_full_2022-01.pdf.pdf,,44,44,X.X0.4 BUILDING SITING -- General,,Figure: General Building Siting,Primary Street Build-to/Setback,,,targeted_visual_table_recovery,0.9,0.9,verified_governing_value,reviewed,structurally_non_equivalent,rule format = build_to; build-to is never treated as a conventional setback,confirmed_governing_rule,,2026-10-01
Bridgeport,RX2__General,RX2,,General,,V5,side_setback_ft,confirmed,3,ft,3,ft,,,,manual_verified_visual_table,bridgeport_zoning_code_full_2022-01.pdf.pdf,,44,44,X.X0.4 BUILDING SITING -- General,,Figure: General Building Siting,Side Setback,,,targeted_visual_table_recovery,0.9,0.9,verified_governing_value,reviewed,directly_comparable,directly transcribed,confirmed_governing_rule,,2026-10-01
Bridgeport,RX2__General,RX2,,General,,V5,rear_setback_ft,confirmed,20,ft,20,ft,,,,manual_verified_visual_table,bridgeport_zoning_code_full_2022-01.pdf.pdf,,44,44,X.X0.4 BUILDING SITING -- General,,Figure: General Building Siting,Rear Setback,,,targeted_visual_table_recovery,0.9,0.9,verified_governing_value,reviewed,directly_comparable,directly transcribed,confirmed_governing_rule,,2026-10-01
Bridgeport,RX2__General,RX2,,General,,V5,summed_minimum_setbacks_ft,structurally_non_equivalent,,,,,,,,manual_verified_visual_table,bridgeport_zoning_code_full_2022-01.pdf.pdf,,44,44,X.X0.4 BUILDING SITING -- General,,Figure: General Building Siting,Front+Side+Rear (summed),,,targeted_visual_table_recovery,0.9,0.9,verified_governing_value,reviewed,structurally_non_equivalent,"front is a build-to zone, not a conventional setback, for this building type -- not summed per explicit non-conflation policy",structurally_non_equivalent_rule_present,,2026-10-01
Bridgeport,P2__General,P2,,General,,V2,minimum_lot_width_ft,not_applicable,,,,,no_minimum_lot_width_stated,,,manual_verified_visual_table,bridgeport_zoning_code_full_2022-01.pdf.pdf,,44,44,X.X0.4 BUILDING SITING -- General,,Figure: General Building Siting,Lot Width,,,targeted_visual_table_recovery,0.9,0.9,verified_governing_value,reviewed,not_applicable,table explicitly shows '-' for this zone/building type,not_applicable_to_analysis_unit,,2026-10-01
Bridgeport,P2__General,P2,,General,,V4,maximum_lot_coverage_pct,confirmed,85,pct,85,pct,,,,manual_verified_visual_table,bridgeport_zoning_code_full_2022-01.pdf.pdf,,44,44,X.X0.4 BUILDING SITING -- General,,Figure: General Building Siting,Site Coverage,,,targeted_visual_table_recovery,0.9,0.9,verified_governing_value,reviewed,comparable_with_documented_transform,directly transcribed; corrects Phase 2's flattened-text attribution where they disagree (see Section 2.1),confirmed_governing_rule,see 14.20.7 for measuring site coverage,2026-10-01
Bridgeport,P2__General,P2,,General,,V5,build_to_minimum_ft,confirmed,0,ft,,,,,max=25.0,manual_verified_visual_table,bridgeport_zoning_code_full_2022-01.pdf.pdf,,44,44,X.X0.4 BUILDING SITING -- General,,Figure: General Building Siting,Primary Street Build-to/Setback,,,targeted_visual_table_recovery,0.9,0.9,verified_governing_value,reviewed,structurally_non_equivalent,rule format = build_to; build-to is never treated as a conventional setback,confirmed_governing_rule,,2026-10-01
Bridgeport,P2__General,P2,,General,,V5,side_setback_ft,confirmed,3,ft,3,ft,,,,manual_verified_visual_table,bridgeport_zoning_code_full_2022-01.pdf.pdf,,44,44,X.X0.4 BUILDING SITING -- General,,Figure: General Building Siting,Side Setback,,,targeted_visual_table_recovery,0.9,0.9,verified_governing_value,reviewed,directly_comparable,directly transcribed,confirmed_governing_rule,,2026-10-01
Bridgeport,P2__General,P2,,General,,V5,rear_setback_ft,confirmed,20,ft,20,ft,,,,manual_verified_visual_table,bridgeport_zoning_code_full_2022-01.pdf.pdf,,44,44,X.X0.4 BUILDING SITING -- General,,Figure: General Building Siting,Rear Setback,,,targeted_visual_table_recovery,0.9,0.9,verified_governing_value,reviewed,directly_comparable,directly transcribed,confirmed_governing_rule,,2026-10-01
Bridgeport,P2__General,P2,,General,,V5,summed_minimum_setbacks_ft,structurally_non_equivalent,,,,,,,,manual_verified_visual_table,bridgeport_zoning_code_full_2022-01.pdf.pdf,,44,44,X.X0.4 BUILDING SITING -- General,,Figure: General Building Siting,Front+Side+Rear (summed),,,targeted_visual_table_recovery,0.9,0.9,verified_governing_value,reviewed,structurally_non_equivalent,"front is a build-to zone, not a conventional setback, for this building type -- not summed per explicit non-conflation policy",structurally_non_equivalent_rule_present,,2026-10-01
Bridgeport,IX__General,IX,,General,,V2,minimum_lot_width_ft,not_applicable,,,,,no_minimum_lot_width_stated,,,manual_verified_visual_table,bridgeport_zoning_code_full_2022-01.pdf.pdf,,44,44,X.X0.4 BUILDING SITING -- General,,Figure: General Building Siting,Lot Width,,,targeted_visual_table_recovery,0.9,0.9,verified_governing_value,reviewed,not_applicable,table explicitly shows '-' for this zone/building type,not_applicable_to_analysis_unit,,2026-10-01
Bridgeport,IX__General,IX,,General,,V4,maximum_lot_coverage_pct,confirmed,85,pct,85,pct,,,,manual_verified_visual_table,bridgeport_zoning_code_full_2022-01.pdf.pdf,,44,44,X.X0.4 BUILDING SITING -- General,,Figure: General Building Siting,Site Coverage,,,targeted_visual_table_recovery,0.9,0.9,verified_governing_value,reviewed,comparable_with_documented_transform,directly transcribed; corrects Phase 2's flattened-text attribution where they disagree (see Section 2.1),confirmed_governing_rule,see 14.20.7 for measuring site coverage,2026-10-01
Bridgeport,IX__General,IX,,General,,V5,build_to_minimum_ft,confirmed,0,ft,,,,,max=25.0,manual_verified_visual_table,bridgeport_zoning_code_full_2022-01.pdf.pdf,,44,44,X.X0.4 BUILDING SITING -- General,,Figure: General Building Siting,Primary Street Build-to/Setback,,,targeted_visual_table_recovery,0.9,0.9,verified_governing_value,reviewed,structurally_non_equivalent,rule format = build_to; build-to is never treated as a conventional setback,confirmed_governing_rule,,2026-10-01
Bridgeport,IX__General,IX,,General,,V5,side_setback_ft,confirmed,3,ft,3,ft,,,,manual_verified_visual_table,bridgeport_zoning_code_full_2022-01.pdf.pdf,,44,44,X.X0.4 BUILDING SITING -- General,,Figure: General Building Siting,Side Setback,,,targeted_visual_table_recovery,0.9,0.9,verified_governing_value,reviewed,directly_comparable,directly transcribed,confirmed_governing_rule,,2026-10-01
Bridgeport,IX__General,IX,,General,,V5,rear_setback_ft,confirmed,20,ft,20,ft,,,,manual_verified_visual_table,bridgeport_zoning_code_full_2022-01.pdf.pdf,,44,44,X.X0.4 BUILDING SITING -- General,,Figure: General Building Siting,Rear Setback,,,targeted_visual_table_recovery,0.9,0.9,verified_governing_value,reviewed,directly_comparable,directly transcribed,confirmed_governing_rule,,2026-10-01
Bridgeport,IX__General,IX,,General,,V5,summed_minimum_setbacks_ft,structurally_non_equivalent,,,,,,,,manual_verified_visual_table,bridgeport_zoning_code_full_2022-01.pdf.pdf,,44,44,X.X0.4 BUILDING SITING -- General,,Figure: General Building Siting,Front+Side+Rear (summed),,,targeted_visual_table_recovery,0.9,0.9,verified_governing_value,reviewed,structurally_non_equivalent,"front is a build-to zone, not a conventional setback, for this building type -- not summed per explicit non-conflation policy",structurally_non_equivalent_rule_present,,2026-10-01
Bridgeport,NX4__General,NX4,,General,,V2,minimum_lot_width_ft,not_applicable,,,,,no_minimum_lot_width_stated,,,manual_verified_visual_table,bridgeport_zoning_code_full_2022-01.pdf.pdf,,44,44,X.X0.4 BUILDING SITING -- General,,Figure: General Building Siting,Lot Width,,,targeted_visual_table_recovery,0.9,0.9,verified_governing_value,reviewed,not_applicable,table explicitly shows '-' for this zone/building type,not_applicable_to_analysis_unit,,2026-10-01
Bridgeport,NX4__General,NX4,,General,,V4,maximum_lot_coverage_pct,confirmed,85,pct,85,pct,,,,manual_verified_visual_table,bridgeport_zoning_code_full_2022-01.pdf.pdf,,44,44,X.X0.4 BUILDING SITING -- General,,Figure: General Building Siting,Site Coverage,,,targeted_visual_table_recovery,0.9,0.9,verified_governing_value,reviewed,comparable_with_documented_transform,directly transcribed; corrects Phase 2's flattened-text attribution where they disagree (see Section 2.1),confirmed_governing_rule,see 14.20.7 for measuring site coverage,2026-10-01
Bridgeport,NX4__General,NX4,,General,,V5,build_to_minimum_ft,confirmed,0,ft,,,,,max=25.0,manual_verified_visual_table,bridgeport_zoning_code_full_2022-01.pdf.pdf,,44,44,X.X0.4 BUILDING SITING -- General,,Figure: General Building Siting,Primary Street Build-to/Setback,,,targeted_visual_table_recovery,0.9,0.9,verified_governing_value,reviewed,structurally_non_equivalent,rule format = build_to; build-to is never treated as a conventional setback,confirmed_governing_rule,,2026-10-01
Bridgeport,NX4__General,NX4,,General,,V5,side_setback_ft,confirmed,3,ft,3,ft,,,,manual_verified_visual_table,bridgeport_zoning_code_full_2022-01.pdf.pdf,,44,44,X.X0.4 BUILDING SITING -- General,,Figure: General Building Siting,Side Setback,,,targeted_visual_table_recovery,0.9,0.9,verified_governing_value,reviewed,directly_comparable,directly transcribed,confirmed_governing_rule,,2026-10-01
Bridgeport,NX4__General,NX4,,General,,V5,rear_setback_ft,confirmed,20,ft,20,ft,,,,manual_verified_visual_table,bridgeport_zoning_code_full_2022-01.pdf.pdf,,44,44,X.X0.4 BUILDING SITING -- General,,Figure: General Building Siting,Rear Setback,,,targeted_visual_table_recovery,0.9,0.9,verified_governing_value,reviewed,directly_comparable,directly transcribed,confirmed_governing_rule,,2026-10-01
Bridgeport,NX4__General,NX4,,General,,V5,summed_minimum_setbacks_ft,structurally_non_equivalent,,,,,,,,manual_verified_visual_table,bridgeport_zoning_code_full_2022-01.pdf.pdf,,44,44,X.X0.4 BUILDING SITING -- General,,Figure: General Building Siting,Front+Side+Rear (summed),,,targeted_visual_table_recovery,0.9,0.9,verified_governing_value,reviewed,structurally_non_equivalent,"front is a build-to zone, not a conventional setback, for this building type -- not summed per explicit non-conflation policy",structurally_non_equivalent_rule_present,,2026-10-01
Bridgeport,NX3__General,NX3,,General,,V2,minimum_lot_width_ft,not_applicable,,,,,no_minimum_lot_width_stated,,,manual_verified_visual_table,bridgeport_zoning_code_full_2022-01.pdf.pdf,,44,44,X.X0.4 BUILDING SITING -- General,,Figure: General Building Siting,Lot Width,,,targeted_visual_table_recovery,0.9,0.9,verified_governing_value,reviewed,not_applicable,table explicitly shows '-' for this zone/building type,not_applicable_to_analysis_unit,,2026-10-01
Bridgeport,NX3__General,NX3,,General,,V4,maximum_lot_coverage_pct,confirmed,80,pct,80,pct,,,,manual_verified_visual_table,bridgeport_zoning_code_full_2022-01.pdf.pdf,,44,44,X.X0.4 BUILDING SITING -- General,,Figure: General Building Siting,Site Coverage,,,targeted_visual_table_recovery,0.9,0.9,verified_governing_value,reviewed,comparable_with_documented_transform,directly transcribed; corrects Phase 2's flattened-text attribution where they disagree (see Section 2.1),confirmed_governing_rule,see 14.20.7 for measuring site coverage,2026-10-01
Bridgeport,NX3__General,NX3,,General,,V5,build_to_minimum_ft,confirmed,8,ft,,,,,max=30.0,manual_verified_visual_table,bridgeport_zoning_code_full_2022-01.pdf.pdf,,44,44,X.X0.4 BUILDING SITING -- General,,Figure: General Building Siting,Primary Street Build-to/Setback,,,targeted_visual_table_recovery,0.9,0.9,verified_governing_value,reviewed,structurally_non_equivalent,rule format = build_to; build-to is never treated as a conventional setback,confirmed_governing_rule,,2026-10-01
Bridgeport,NX3__General,NX3,,General,,V5,side_setback_ft,confirmed,2,ft,2,ft,,,"min 10 ft total both sides, 6 ft min space between buildings",manual_verified_visual_table,bridgeport_zoning_code_full_2022-01.pdf.pdf,,44,44,X.X0.4 BUILDING SITING -- General,,Figure: General Building Siting,Side Setback,,,targeted_visual_table_recovery,0.9,0.9,verified_governing_value,reviewed,directly_comparable,directly transcribed,confirmed_governing_rule,,2026-10-01
Bridgeport,NX3__General,NX3,,General,,V5,rear_setback_ft,confirmed,20,ft,20,ft,,,,manual_verified_visual_table,bridgeport_zoning_code_full_2022-01.pdf.pdf,,44,44,X.X0.4 BUILDING SITING -- General,,Figure: General Building Siting,Rear Setback,,,targeted_visual_table_recovery,0.9,0.9,verified_governing_value,reviewed,directly_comparable,directly transcribed,confirmed_governing_rule,,2026-10-01
Bridgeport,NX3__General,NX3,,General,,V5,summed_minimum_setbacks_ft,structurally_non_equivalent,,,,,,,,manual_verified_visual_table,bridgeport_zoning_code_full_2022-01.pdf.pdf,,44,44,X.X0.4 BUILDING SITING -- General,,Figure: General Building Siting,Front+Side+Rear (summed),,,targeted_visual_table_recovery,0.9,0.9,verified_governing_value,reviewed,structurally_non_equivalent,"front is a build-to zone, not a conventional setback, for this building type -- not summed per explicit non-conflation policy",structurally_non_equivalent_rule_present,,2026-10-01
Bridgeport,CX__General,CX,,General,,V2,minimum_lot_width_ft,not_applicable,,,,,no_minimum_lot_width_stated,,,manual_verified_visual_table,bridgeport_zoning_code_full_2022-01.pdf.pdf,,44,44,X.X0.4 BUILDING SITING -- General,,Figure: General Building Siting,Lot Width,,,targeted_visual_table_recovery,0.9,0.9,verified_governing_value,reviewed,not_applicable,table explicitly shows '-' for this zone/building type,not_applicable_to_analysis_unit,,2026-10-01
Bridgeport,CX__General,CX,,General,,V4,maximum_lot_coverage_pct,confirmed,85,pct,85,pct,,,,manual_verified_visual_table,bridgeport_zoning_code_full_2022-01.pdf.pdf,,44,44,X.X0.4 BUILDING SITING -- General,,Figure: General Building Siting,Site Coverage,,,targeted_visual_table_recovery,0.9,0.9,verified_governing_value,reviewed,comparable_with_documented_transform,directly transcribed; corrects Phase 2's flattened-text attribution where they disagree (see Section 2.1),confirmed_governing_rule,see 14.20.7 for measuring site coverage,2026-10-01
Bridgeport,CX__General,CX,,General,,V5,build_to_minimum_ft,confirmed,15,ft,,,,,max=30.0,manual_verified_visual_table,bridgeport_zoning_code_full_2022-01.pdf.pdf,,44,44,X.X0.4 BUILDING SITING -- General,,Figure: General Building Siting,Primary Street Build-to/Setback,,,targeted_visual_table_recovery,0.9,0.9,verified_governing_value,reviewed,structurally_non_equivalent,rule format = build_to; build-to is never treated as a conventional setback,confirmed_governing_rule,,2026-10-01
Bridgeport,CX__General,CX,,General,,V5,side_setback_ft,confirmed,3,ft,3,ft,,,,manual_verified_visual_table,bridgeport_zoning_code_full_2022-01.pdf.pdf,,44,44,X.X0.4 BUILDING SITING -- General,,Figure: General Building Siting,Side Setback,,,targeted_visual_table_recovery,0.9,0.9,verified_governing_value,reviewed,directly_comparable,directly transcribed,confirmed_governing_rule,,2026-10-01
Bridgeport,CX__General,CX,,General,,V5,rear_setback_ft,confirmed,20,ft,20,ft,,,,manual_verified_visual_table,bridgeport_zoning_code_full_2022-01.pdf.pdf,,44,44,X.X0.4 BUILDING SITING -- General,,Figure: General Building Siting,Rear Setback,,,targeted_visual_table_recovery,0.9,0.9,verified_governing_value,reviewed,directly_comparable,directly transcribed,confirmed_governing_rule,,2026-10-01
Bridgeport,CX__General,CX,,General,,V5,summed_minimum_setbacks_ft,structurally_non_equivalent,,,,,,,,manual_verified_visual_table,bridgeport_zoning_code_full_2022-01.pdf.pdf,,44,44,X.X0.4 BUILDING SITING -- General,,Figure: General Building Siting,Front+Side+Rear (summed),,,targeted_visual_table_recovery,0.9,0.9,verified_governing_value,reviewed,structurally_non_equivalent,"front is a build-to zone, not a conventional setback, for this building type -- not summed per explicit non-conflation policy",structurally_non_equivalent_rule_present,,2026-10-01
Bridgeport,I__General,I,,General,,V2,minimum_lot_width_ft,not_applicable,,,,,no_minimum_lot_width_stated,,,manual_verified_visual_table,bridgeport_zoning_code_full_2022-01.pdf.pdf,,44,44,X.X0.4 BUILDING SITING -- General,,Figure: General Building Siting,Lot Width,,,targeted_visual_table_recovery,0.9,0.9,verified_governing_value,reviewed,not_applicable,table explicitly shows '-' for this zone/building type,not_applicable_to_analysis_unit,,2026-10-01
Bridgeport,I__General,I,,General,,V4,maximum_lot_coverage_pct,confirmed,85,pct,85,pct,,,,manual_verified_visual_table,bridgeport_zoning_code_full_2022-01.pdf.pdf,,44,44,X.X0.4 BUILDING SITING -- General,,Figure: General Building Siting,Site Coverage,,,targeted_visual_table_recovery,0.9,0.9,verified_governing_value,reviewed,comparable_with_documented_transform,directly transcribed; corrects Phase 2's flattened-text attribution where they disagree (see Section 2.1),confirmed_governing_rule,see 14.20.7 for measuring site coverage,2026-10-01
Bridgeport,I__General,I,,General,,V5,build_to_minimum_ft,confirmed,15,ft,,,,,max=30.0,manual_verified_visual_table,bridgeport_zoning_code_full_2022-01.pdf.pdf,,44,44,X.X0.4 BUILDING SITING -- General,,Figure: General Building Siting,Primary Street Build-to/Setback,,,targeted_visual_table_recovery,0.9,0.9,verified_governing_value,reviewed,structurally_non_equivalent,rule format = build_to; build-to is never treated as a conventional setback,confirmed_governing_rule,,2026-10-01
Bridgeport,I__General,I,,General,,V5,side_setback_ft,confirmed,3,ft,3,ft,,,,manual_verified_visual_table,bridgeport_zoning_code_full_2022-01.pdf.pdf,,44,44,X.X0.4 BUILDING SITING -- General,,Figure: General Building Siting,Side Setback,,,targeted_visual_table_recovery,0.9,0.9,verified_governing_value,reviewed,directly_comparable,directly transcribed,confirmed_governing_rule,,2026-10-01
Bridgeport,I__General,I,,General,,V5,rear_setback_ft,confirmed,20,ft,20,ft,,,,manual_verified_visual_table,bridgeport_zoning_code_full_2022-01.pdf.pdf,,44,44,X.X0.4 BUILDING SITING -- General,,Figure: General Building Siting,Rear Setback,,,targeted_visual_table_recovery,0.9,0.9,verified_governing_value,reviewed,directly_comparable,directly transcribed,confirmed_governing_rule,,2026-10-01
Bridgeport,I__General,I,,General,,V5,summed_minimum_setbacks_ft,structurally_non_equivalent,,,,,,,,manual_verified_visual_table,bridgeport_zoning_code_full_2022-01.pdf.pdf,,44,44,X.X0.4 BUILDING SITING -- General,,Figure: General Building Siting,Front+Side+Rear (summed),,,targeted_visual_table_recovery,0.9,0.9,verified_governing_value,reviewed,structurally_non_equivalent,"front is a build-to zone, not a conventional setback, for this building type -- not summed per explicit non-conflation policy",structurally_non_equivalent_rule_present,,2026-10-01
Bridgeport,NX2__Small General,NX2,,Small General,,V2,minimum_lot_width_ft,confirmed,50.0,ft,50.0,ft,,,,manual_verified_visual_table,bridgeport_zoning_code_full_2022-01.pdf.pdf,,52,52,X.X0.4 BUILDING SITING -- Small General,,Figure: Small General Building Siting,Lot Width,,,targeted_visual_table_recovery,0.9,0.9,verified_governing_value,reviewed,directly_comparable,directly transcribed from BUILDING SITING table,confirmed_governing_rule,,2026-10-01
Bridgeport,NX2__Small General,NX2,,Small General,,V4,maximum_lot_coverage_pct,confirmed,80,pct,80,pct,,,,manual_verified_visual_table,bridgeport_zoning_code_full_2022-01.pdf.pdf,,52,52,X.X0.4 BUILDING SITING -- Small General,,Figure: Small General Building Siting,Site Coverage,,,targeted_visual_table_recovery,0.9,0.9,verified_governing_value,reviewed,comparable_with_documented_transform,directly transcribed; corrects Phase 2's flattened-text attribution where they disagree (see Section 2.1),confirmed_governing_rule,see 14.20.7 for measuring site coverage,2026-10-01
Bridgeport,NX2__Small General,NX2,,Small General,,V5,build_to_minimum_ft,confirmed,14,ft,,,,,max=20.0,manual_verified_visual_table,bridgeport_zoning_code_full_2022-01.pdf.pdf,,52,52,X.X0.4 BUILDING SITING -- Small General,,Figure: Small General Building Siting,Primary Street Build-to/Setback,,,targeted_visual_table_recovery,0.9,0.9,verified_governing_value,reviewed,structurally_non_equivalent,rule format = build_to; build-to is never treated as a conventional setback,confirmed_governing_rule,,2026-10-01
Bridgeport,NX2__Small General,NX2,,Small General,,V5,side_setback_ft,confirmed,2,ft,2,ft,,,,manual_verified_visual_table,bridgeport_zoning_code_full_2022-01.pdf.pdf,,52,52,X.X0.4 BUILDING SITING -- Small General,,Figure: Small General Building Siting,Side Setback,,,targeted_visual_table_recovery,0.9,0.9,verified_governing_value,reviewed,directly_comparable,directly transcribed,confirmed_governing_rule,,2026-10-01
Bridgeport,NX2__Small General,NX2,,Small General,,V5,rear_setback_ft,confirmed,20,ft,20,ft,,,,manual_verified_visual_table,bridgeport_zoning_code_full_2022-01.pdf.pdf,,52,52,X.X0.4 BUILDING SITING -- Small General,,Figure: Small General Building Siting,Rear Setback,,,targeted_visual_table_recovery,0.9,0.9,verified_governing_value,reviewed,directly_comparable,directly transcribed,confirmed_governing_rule,,2026-10-01
Bridgeport,NX2__Small General,NX2,,Small General,,V5,summed_minimum_setbacks_ft,structurally_non_equivalent,,,,,,,,manual_verified_visual_table,bridgeport_zoning_code_full_2022-01.pdf.pdf,,52,52,X.X0.4 BUILDING SITING -- Small General,,Figure: Small General Building Siting,Front+Side+Rear (summed),,,targeted_visual_table_recovery,0.9,0.9,verified_governing_value,reviewed,structurally_non_equivalent,"front is a build-to zone, not a conventional setback, for this building type -- not summed per explicit non-conflation policy",structurally_non_equivalent_rule_present,,2026-10-01
Bridgeport,RX1__Small General,RX1,,Small General,,V2,minimum_lot_width_ft,not_applicable,,,,,no_minimum_lot_width_stated,,,manual_verified_visual_table,bridgeport_zoning_code_full_2022-01.pdf.pdf,,52,52,X.X0.4 BUILDING SITING -- Small General,,Figure: Small General Building Siting,Lot Width,,,targeted_visual_table_recovery,0.9,0.9,verified_governing_value,reviewed,not_applicable,table explicitly shows '-' for this zone/building type,not_applicable_to_analysis_unit,,2026-10-01
Bridgeport,RX1__Small General,RX1,,Small General,,V4,maximum_lot_coverage_pct,confirmed,85,pct,85,pct,,,,manual_verified_visual_table,bridgeport_zoning_code_full_2022-01.pdf.pdf,,52,52,X.X0.4 BUILDING SITING -- Small General,,Figure: Small General Building Siting,Site Coverage,,,targeted_visual_table_recovery,0.9,0.9,verified_governing_value,reviewed,comparable_with_documented_transform,directly transcribed; corrects Phase 2's flattened-text attribution where they disagree (see Section 2.1),confirmed_governing_rule,see 14.20.7 for measuring site coverage,2026-10-01
Bridgeport,RX1__Small General,RX1,,Small General,,V5,build_to_minimum_ft,confirmed,0,ft,,,,,max=15.0,manual_verified_visual_table,bridgeport_zoning_code_full_2022-01.pdf.pdf,,52,52,X.X0.4 BUILDING SITING -- Small General,,Figure: Small General Building Siting,Primary Street Build-to/Setback,,,targeted_visual_table_recovery,0.9,0.9,verified_governing_value,reviewed,structurally_non_equivalent,rule format = build_to; build-to is never treated as a conventional setback,confirmed_governing_rule,,2026-10-01
Bridgeport,RX1__Small General,RX1,,Small General,,V5,side_setback_ft,confirmed,2,ft,2,ft,,,,manual_verified_visual_table,bridgeport_zoning_code_full_2022-01.pdf.pdf,,52,52,X.X0.4 BUILDING SITING -- Small General,,Figure: Small General Building Siting,Side Setback,,,targeted_visual_table_recovery,0.9,0.9,verified_governing_value,reviewed,directly_comparable,directly transcribed,confirmed_governing_rule,,2026-10-01
Bridgeport,RX1__Small General,RX1,,Small General,,V5,rear_setback_ft,confirmed,15,ft,15,ft,,,,manual_verified_visual_table,bridgeport_zoning_code_full_2022-01.pdf.pdf,,52,52,X.X0.4 BUILDING SITING -- Small General,,Figure: Small General Building Siting,Rear Setback,,,targeted_visual_table_recovery,0.9,0.9,verified_governing_value,reviewed,directly_comparable,directly transcribed,confirmed_governing_rule,,2026-10-01
Bridgeport,RX1__Small General,RX1,,Small General,,V5,summed_minimum_setbacks_ft,structurally_non_equivalent,,,,,,,,manual_verified_visual_table,bridgeport_zoning_code_full_2022-01.pdf.pdf,,52,52,X.X0.4 BUILDING SITING -- Small General,,Figure: Small General Building Siting,Front+Side+Rear (summed),,,targeted_visual_table_recovery,0.9,0.9,verified_governing_value,reviewed,structurally_non_equivalent,"front is a build-to zone, not a conventional setback, for this building type -- not summed per explicit non-conflation policy",structurally_non_equivalent_rule_present,,2026-10-01
Bridgeport,NX1__Row,NX1,,Row,,V2,minimum_lot_width_ft,confirmed,60.0,ft,60.0,ft,,,,manual_verified_visual_table,bridgeport_zoning_code_full_2022-01.pdf.pdf,,60,60,X.X0.4 BUILDING SITING -- Row,,Figure: Row Building Siting,Lot Width,,,targeted_visual_table_recovery,0.9,0.9,verified_governing_value,reviewed,directly_comparable,directly transcribed from BUILDING SITING table,confirmed_governing_rule,,2026-10-01
Bridgeport,NX1__Row,NX1,,Row,,V4,maximum_lot_coverage_pct,confirmed,75,pct,75,pct,,,,manual_verified_visual_table,bridgeport_zoning_code_full_2022-01.pdf.pdf,,60,60,X.X0.4 BUILDING SITING -- Row,,Figure: Row Building Siting,Site Coverage,,,targeted_visual_table_recovery,0.9,0.9,verified_governing_value,reviewed,comparable_with_documented_transform,directly transcribed; corrects Phase 2's flattened-text attribution where they disagree (see Section 2.1),confirmed_governing_rule,see 14.20.7 for measuring site coverage,2026-10-01
Bridgeport,NX1__Row,NX1,,Row,,V5,build_to_minimum_ft,confirmed,20,ft,,,,,,manual_verified_visual_table,bridgeport_zoning_code_full_2022-01.pdf.pdf,,60,60,X.X0.4 BUILDING SITING -- Row,,Figure: Row Building Siting,Primary Street Build-to/Setback,,,targeted_visual_table_recovery,0.9,0.9,verified_governing_value,reviewed,structurally_non_equivalent,rule format = build_to; build-to is never treated as a conventional setback,confirmed_governing_rule,,2026-10-01
Bridgeport,NX1__Row,NX1,,Row,,V5,side_setback_ft,confirmed,6,ft,6,ft,,,no side setback required on lot lines separated by a party wall,manual_verified_visual_table,bridgeport_zoning_code_full_2022-01.pdf.pdf,,60,60,X.X0.4 BUILDING SITING -- Row,,Figure: Row Building Siting,Side Setback,,,targeted_visual_table_recovery,0.9,0.9,verified_governing_value,reviewed,directly_comparable,directly transcribed,confirmed_governing_rule,,2026-10-01
Bridgeport,NX1__Row,NX1,,Row,,V5,rear_setback_ft,confirmed,30,ft,30,ft,,,,manual_verified_visual_table,bridgeport_zoning_code_full_2022-01.pdf.pdf,,60,60,X.X0.4 BUILDING SITING -- Row,,Figure: Row Building Siting,Rear Setback,,,targeted_visual_table_recovery,0.9,0.9,verified_governing_value,reviewed,directly_comparable,directly transcribed,confirmed_governing_rule,,2026-10-01
Bridgeport,NX1__Row,NX1,,Row,,V5,summed_minimum_setbacks_ft,structurally_non_equivalent,,,,,,,,manual_verified_visual_table,bridgeport_zoning_code_full_2022-01.pdf.pdf,,60,60,X.X0.4 BUILDING SITING -- Row,,Figure: Row Building Siting,Front+Side+Rear (summed),,,targeted_visual_table_recovery,0.9,0.9,verified_governing_value,reviewed,structurally_non_equivalent,"front is a build-to zone, not a conventional setback, for this building type -- not summed per explicit non-conflation policy",structurally_non_equivalent_rule_present,,2026-10-01
Bridgeport,NX2__Row,NX2,,Row,,V2,minimum_lot_width_ft,confirmed,60.0,ft,60.0,ft,,,,manual_verified_visual_table,bridgeport_zoning_code_full_2022-01.pdf.pdf,,60,60,X.X0.4 BUILDING SITING -- Row,,Figure: Row Building Siting,Lot Width,,,targeted_visual_table_recovery,0.9,0.9,verified_governing_value,reviewed,directly_comparable,directly transcribed from BUILDING SITING table,confirmed_governing_rule,,2026-10-01
Bridgeport,NX2__Row,NX2,,Row,,V4,maximum_lot_coverage_pct,confirmed,80,pct,80,pct,,,,manual_verified_visual_table,bridgeport_zoning_code_full_2022-01.pdf.pdf,,60,60,X.X0.4 BUILDING SITING -- Row,,Figure: Row Building Siting,Site Coverage,,,targeted_visual_table_recovery,0.9,0.9,verified_governing_value,reviewed,comparable_with_documented_transform,directly transcribed; corrects Phase 2's flattened-text attribution where they disagree (see Section 2.1),confirmed_governing_rule,see 14.20.7 for measuring site coverage,2026-10-01
Bridgeport,NX2__Row,NX2,,Row,,V5,build_to_minimum_ft,confirmed,15,ft,,,,,,manual_verified_visual_table,bridgeport_zoning_code_full_2022-01.pdf.pdf,,60,60,X.X0.4 BUILDING SITING -- Row,,Figure: Row Building Siting,Primary Street Build-to/Setback,,,targeted_visual_table_recovery,0.9,0.9,verified_governing_value,reviewed,structurally_non_equivalent,rule format = build_to; build-to is never treated as a conventional setback,confirmed_governing_rule,,2026-10-01
Bridgeport,NX2__Row,NX2,,Row,,V5,side_setback_ft,confirmed,2,ft,2,ft,,,,manual_verified_visual_table,bridgeport_zoning_code_full_2022-01.pdf.pdf,,60,60,X.X0.4 BUILDING SITING -- Row,,Figure: Row Building Siting,Side Setback,,,targeted_visual_table_recovery,0.9,0.9,verified_governing_value,reviewed,directly_comparable,directly transcribed,confirmed_governing_rule,,2026-10-01
Bridgeport,NX2__Row,NX2,,Row,,V5,rear_setback_ft,confirmed,20,ft,20,ft,,,,manual_verified_visual_table,bridgeport_zoning_code_full_2022-01.pdf.pdf,,60,60,X.X0.4 BUILDING SITING -- Row,,Figure: Row Building Siting,Rear Setback,,,targeted_visual_table_recovery,0.9,0.9,verified_governing_value,reviewed,directly_comparable,directly transcribed,confirmed_governing_rule,,2026-10-01
Bridgeport,NX2__Row,NX2,,Row,,V5,summed_minimum_setbacks_ft,structurally_non_equivalent,,,,,,,,manual_verified_visual_table,bridgeport_zoning_code_full_2022-01.pdf.pdf,,60,60,X.X0.4 BUILDING SITING -- Row,,Figure: Row Building Siting,Front+Side+Rear (summed),,,targeted_visual_table_recovery,0.9,0.9,verified_governing_value,reviewed,structurally_non_equivalent,"front is a build-to zone, not a conventional setback, for this building type -- not summed per explicit non-conflation policy",structurally_non_equivalent_rule_present,,2026-10-01
Bridgeport,NX3__Row,NX3,,Row,,V2,minimum_lot_width_ft,confirmed,60.0,ft,60.0,ft,,,,manual_verified_visual_table,bridgeport_zoning_code_full_2022-01.pdf.pdf,,60,60,X.X0.4 BUILDING SITING -- Row,,Figure: Row Building Siting,Lot Width,,,targeted_visual_table_recovery,0.9,0.9,verified_governing_value,reviewed,directly_comparable,directly transcribed from BUILDING SITING table,confirmed_governing_rule,,2026-10-01
Bridgeport,NX3__Row,NX3,,Row,,V4,maximum_lot_coverage_pct,confirmed,80,pct,80,pct,,,,manual_verified_visual_table,bridgeport_zoning_code_full_2022-01.pdf.pdf,,60,60,X.X0.4 BUILDING SITING -- Row,,Figure: Row Building Siting,Site Coverage,,,targeted_visual_table_recovery,0.9,0.9,verified_governing_value,reviewed,comparable_with_documented_transform,directly transcribed; corrects Phase 2's flattened-text attribution where they disagree (see Section 2.1),confirmed_governing_rule,see 14.20.7 for measuring site coverage,2026-10-01
Bridgeport,NX3__Row,NX3,,Row,,V5,build_to_minimum_ft,confirmed,10,ft,,,,,,manual_verified_visual_table,bridgeport_zoning_code_full_2022-01.pdf.pdf,,60,60,X.X0.4 BUILDING SITING -- Row,,Figure: Row Building Siting,Primary Street Build-to/Setback,,,targeted_visual_table_recovery,0.9,0.9,verified_governing_value,reviewed,structurally_non_equivalent,rule format = build_to; build-to is never treated as a conventional setback,confirmed_governing_rule,,2026-10-01
Bridgeport,NX3__Row,NX3,,Row,,V5,side_setback_ft,confirmed,2,ft,2,ft,,,,manual_verified_visual_table,bridgeport_zoning_code_full_2022-01.pdf.pdf,,60,60,X.X0.4 BUILDING SITING -- Row,,Figure: Row Building Siting,Side Setback,,,targeted_visual_table_recovery,0.9,0.9,verified_governing_value,reviewed,directly_comparable,directly transcribed,confirmed_governing_rule,,2026-10-01
Bridgeport,NX3__Row,NX3,,Row,,V5,rear_setback_ft,confirmed,20,ft,20,ft,,,,manual_verified_visual_table,bridgeport_zoning_code_full_2022-01.pdf.pdf,,60,60,X.X0.4 BUILDING SITING -- Row,,Figure: Row Building Siting,Rear Setback,,,targeted_visual_table_recovery,0.9,0.9,verified_governing_value,reviewed,directly_comparable,directly transcribed,confirmed_governing_rule,,2026-10-01
Bridgeport,NX3__Row,NX3,,Row,,V5,summed_minimum_setbacks_ft,structurally_non_equivalent,,,,,,,,manual_verified_visual_table,bridgeport_zoning_code_full_2022-01.pdf.pdf,,60,60,X.X0.4 BUILDING SITING -- Row,,Figure: Row Building Siting,Front+Side+Rear (summed),,,targeted_visual_table_recovery,0.9,0.9,verified_governing_value,reviewed,structurally_non_equivalent,"front is a build-to zone, not a conventional setback, for this building type -- not summed per explicit non-conflation policy",structurally_non_equivalent_rule_present,,2026-10-01
Bridgeport,NX4__Row,NX4,,Row,,V2,minimum_lot_width_ft,confirmed,60.0,ft,60.0,ft,,,,manual_verified_visual_table,bridgeport_zoning_code_full_2022-01.pdf.pdf,,60,60,X.X0.4 BUILDING SITING -- Row,,Figure: Row Building Siting,Lot Width,,,targeted_visual_table_recovery,0.9,0.9,verified_governing_value,reviewed,directly_comparable,directly transcribed from BUILDING SITING table,confirmed_governing_rule,,2026-10-01
Bridgeport,NX4__Row,NX4,,Row,,V4,maximum_lot_coverage_pct,confirmed,80,pct,80,pct,,,,manual_verified_visual_table,bridgeport_zoning_code_full_2022-01.pdf.pdf,,60,60,X.X0.4 BUILDING SITING -- Row,,Figure: Row Building Siting,Site Coverage,,,targeted_visual_table_recovery,0.9,0.9,verified_governing_value,reviewed,comparable_with_documented_transform,directly transcribed; corrects Phase 2's flattened-text attribution where they disagree (see Section 2.1),confirmed_governing_rule,see 14.20.7 for measuring site coverage,2026-10-01
Bridgeport,NX4__Row,NX4,,Row,,V5,build_to_minimum_ft,confirmed,10,ft,,,,,,manual_verified_visual_table,bridgeport_zoning_code_full_2022-01.pdf.pdf,,60,60,X.X0.4 BUILDING SITING -- Row,,Figure: Row Building Siting,Primary Street Build-to/Setback,,,targeted_visual_table_recovery,0.9,0.9,verified_governing_value,reviewed,structurally_non_equivalent,rule format = build_to; build-to is never treated as a conventional setback,confirmed_governing_rule,,2026-10-01
Bridgeport,NX4__Row,NX4,,Row,,V5,side_setback_ft,confirmed,2,ft,2,ft,,,,manual_verified_visual_table,bridgeport_zoning_code_full_2022-01.pdf.pdf,,60,60,X.X0.4 BUILDING SITING -- Row,,Figure: Row Building Siting,Side Setback,,,targeted_visual_table_recovery,0.9,0.9,verified_governing_value,reviewed,directly_comparable,directly transcribed,confirmed_governing_rule,,2026-10-01
Bridgeport,NX4__Row,NX4,,Row,,V5,rear_setback_ft,confirmed,20,ft,20,ft,,,,manual_verified_visual_table,bridgeport_zoning_code_full_2022-01.pdf.pdf,,60,60,X.X0.4 BUILDING SITING -- Row,,Figure: Row Building Siting,Rear Setback,,,targeted_visual_table_recovery,0.9,0.9,verified_governing_value,reviewed,directly_comparable,directly transcribed,confirmed_governing_rule,,2026-10-01
Bridgeport,NX4__Row,NX4,,Row,,V5,summed_minimum_setbacks_ft,structurally_non_equivalent,,,,,,,,manual_verified_visual_table,bridgeport_zoning_code_full_2022-01.pdf.pdf,,60,60,X.X0.4 BUILDING SITING -- Row,,Figure: Row Building Siting,Front+Side+Rear (summed),,,targeted_visual_table_recovery,0.9,0.9,verified_governing_value,reviewed,structurally_non_equivalent,"front is a build-to zone, not a conventional setback, for this building type -- not summed per explicit non-conflation policy",structurally_non_equivalent_rule_present,,2026-10-01
Bridgeport,RX1__Row,RX1,,Row,,V2,minimum_lot_width_ft,confirmed,60.0,ft,60.0,ft,,,,manual_verified_visual_table,bridgeport_zoning_code_full_2022-01.pdf.pdf,,60,60,X.X0.4 BUILDING SITING -- Row,,Figure: Row Building Siting,Lot Width,,,targeted_visual_table_recovery,0.9,0.9,verified_governing_value,reviewed,directly_comparable,directly transcribed from BUILDING SITING table,confirmed_governing_rule,,2026-10-01
Bridgeport,RX1__Row,RX1,,Row,,V4,maximum_lot_coverage_pct,confirmed,80,pct,80,pct,,,,manual_verified_visual_table,bridgeport_zoning_code_full_2022-01.pdf.pdf,,60,60,X.X0.4 BUILDING SITING -- Row,,Figure: Row Building Siting,Site Coverage,,,targeted_visual_table_recovery,0.9,0.9,verified_governing_value,reviewed,comparable_with_documented_transform,directly transcribed; corrects Phase 2's flattened-text attribution where they disagree (see Section 2.1),confirmed_governing_rule,see 14.20.7 for measuring site coverage,2026-10-01
Bridgeport,RX1__Row,RX1,,Row,,V5,build_to_minimum_ft,confirmed,10,ft,,,,,,manual_verified_visual_table,bridgeport_zoning_code_full_2022-01.pdf.pdf,,60,60,X.X0.4 BUILDING SITING -- Row,,Figure: Row Building Siting,Primary Street Build-to/Setback,,,targeted_visual_table_recovery,0.9,0.9,verified_governing_value,reviewed,structurally_non_equivalent,rule format = build_to; build-to is never treated as a conventional setback,confirmed_governing_rule,,2026-10-01
Bridgeport,RX1__Row,RX1,,Row,,V5,side_setback_ft,confirmed,2,ft,2,ft,,,,manual_verified_visual_table,bridgeport_zoning_code_full_2022-01.pdf.pdf,,60,60,X.X0.4 BUILDING SITING -- Row,,Figure: Row Building Siting,Side Setback,,,targeted_visual_table_recovery,0.9,0.9,verified_governing_value,reviewed,directly_comparable,directly transcribed,confirmed_governing_rule,,2026-10-01
Bridgeport,RX1__Row,RX1,,Row,,V5,rear_setback_ft,confirmed,20,ft,20,ft,,,,manual_verified_visual_table,bridgeport_zoning_code_full_2022-01.pdf.pdf,,60,60,X.X0.4 BUILDING SITING -- Row,,Figure: Row Building Siting,Rear Setback,,,targeted_visual_table_recovery,0.9,0.9,verified_governing_value,reviewed,directly_comparable,directly transcribed,confirmed_governing_rule,,2026-10-01
Bridgeport,RX1__Row,RX1,,Row,,V5,summed_minimum_setbacks_ft,structurally_non_equivalent,,,,,,,,manual_verified_visual_table,bridgeport_zoning_code_full_2022-01.pdf.pdf,,60,60,X.X0.4 BUILDING SITING -- Row,,Figure: Row Building Siting,Front+Side+Rear (summed),,,targeted_visual_table_recovery,0.9,0.9,verified_governing_value,reviewed,structurally_non_equivalent,"front is a build-to zone, not a conventional setback, for this building type -- not summed per explicit non-conflation policy",structurally_non_equivalent_rule_present,,2026-10-01
Bridgeport,RX2__Row,RX2,,Row,,V2,minimum_lot_width_ft,confirmed,60.0,ft,60.0,ft,,,,manual_verified_visual_table,bridgeport_zoning_code_full_2022-01.pdf.pdf,,60,60,X.X0.4 BUILDING SITING -- Row,,Figure: Row Building Siting,Lot Width,,,targeted_visual_table_recovery,0.9,0.9,verified_governing_value,reviewed,directly_comparable,directly transcribed from BUILDING SITING table,confirmed_governing_rule,,2026-10-01
Bridgeport,RX2__Row,RX2,,Row,,V4,maximum_lot_coverage_pct,confirmed,80,pct,80,pct,,,,manual_verified_visual_table,bridgeport_zoning_code_full_2022-01.pdf.pdf,,60,60,X.X0.4 BUILDING SITING -- Row,,Figure: Row Building Siting,Site Coverage,,,targeted_visual_table_recovery,0.9,0.9,verified_governing_value,reviewed,comparable_with_documented_transform,directly transcribed; corrects Phase 2's flattened-text attribution where they disagree (see Section 2.1),confirmed_governing_rule,see 14.20.7 for measuring site coverage,2026-10-01
Bridgeport,RX2__Row,RX2,,Row,,V5,build_to_minimum_ft,confirmed,10,ft,,,,,,manual_verified_visual_table,bridgeport_zoning_code_full_2022-01.pdf.pdf,,60,60,X.X0.4 BUILDING SITING -- Row,,Figure: Row Building Siting,Primary Street Build-to/Setback,,,targeted_visual_table_recovery,0.9,0.9,verified_governing_value,reviewed,structurally_non_equivalent,rule format = build_to; build-to is never treated as a conventional setback,confirmed_governing_rule,,2026-10-01
Bridgeport,RX2__Row,RX2,,Row,,V5,side_setback_ft,confirmed,2,ft,2,ft,,,,manual_verified_visual_table,bridgeport_zoning_code_full_2022-01.pdf.pdf,,60,60,X.X0.4 BUILDING SITING -- Row,,Figure: Row Building Siting,Side Setback,,,targeted_visual_table_recovery,0.9,0.9,verified_governing_value,reviewed,directly_comparable,directly transcribed,confirmed_governing_rule,,2026-10-01
Bridgeport,RX2__Row,RX2,,Row,,V5,rear_setback_ft,confirmed,20,ft,20,ft,,,,manual_verified_visual_table,bridgeport_zoning_code_full_2022-01.pdf.pdf,,60,60,X.X0.4 BUILDING SITING -- Row,,Figure: Row Building Siting,Rear Setback,,,targeted_visual_table_recovery,0.9,0.9,verified_governing_value,reviewed,directly_comparable,directly transcribed,confirmed_governing_rule,,2026-10-01
Bridgeport,RX2__Row,RX2,,Row,,V5,summed_minimum_setbacks_ft,structurally_non_equivalent,,,,,,,,manual_verified_visual_table,bridgeport_zoning_code_full_2022-01.pdf.pdf,,60,60,X.X0.4 BUILDING SITING -- Row,,Figure: Row Building Siting,Front+Side+Rear (summed),,,targeted_visual_table_recovery,0.9,0.9,verified_governing_value,reviewed,structurally_non_equivalent,"front is a build-to zone, not a conventional setback, for this building type -- not summed per explicit non-conflation policy",structurally_non_equivalent_rule_present,,2026-10-01
Bridgeport,NX1__Double House A,NX1,,Double House A,,V2,minimum_lot_width_ft,confirmed,50.0,ft,50.0,ft,,,,manual_verified_visual_table,bridgeport_zoning_code_full_2022-01.pdf.pdf,,68,68,X.X0.4 BUILDING SITING -- Double House A,,Figure: Double House A Building Siting,Lot Width,,,targeted_visual_table_recovery,0.9,0.9,verified_governing_value,reviewed,directly_comparable,directly transcribed from BUILDING SITING table,confirmed_governing_rule,,2026-10-01
Bridgeport,NX1__Double House A,NX1,,Double House A,,V4,maximum_lot_coverage_pct,confirmed,80,pct,80,pct,,,,manual_verified_visual_table,bridgeport_zoning_code_full_2022-01.pdf.pdf,,68,68,X.X0.4 BUILDING SITING -- Double House A,,Figure: Double House A Building Siting,Site Coverage,,,targeted_visual_table_recovery,0.9,0.9,verified_governing_value,reviewed,comparable_with_documented_transform,directly transcribed; corrects Phase 2's flattened-text attribution where they disagree (see Section 2.1),confirmed_governing_rule,see 14.20.7 for measuring site coverage,2026-10-01
Bridgeport,NX1__Double House A,NX1,,Double House A,,V5,build_to_minimum_ft,confirmed,15,ft,,,,,,manual_verified_visual_table,bridgeport_zoning_code_full_2022-01.pdf.pdf,,68,68,X.X0.4 BUILDING SITING -- Double House A,,Figure: Double House A Building Siting,Primary Street Build-to/Setback,,,targeted_visual_table_recovery,0.9,0.9,verified_governing_value,reviewed,structurally_non_equivalent,rule format = build_to; build-to is never treated as a conventional setback,confirmed_governing_rule,,2026-10-01
Bridgeport,NX1__Double House A,NX1,,Double House A,,V5,side_setback_ft,confirmed,2,ft,2,ft,,,,manual_verified_visual_table,bridgeport_zoning_code_full_2022-01.pdf.pdf,,68,68,X.X0.4 BUILDING SITING -- Double House A,,Figure: Double House A Building Siting,Side Setback,,,targeted_visual_table_recovery,0.9,0.9,verified_governing_value,reviewed,directly_comparable,directly transcribed,confirmed_governing_rule,,2026-10-01
Bridgeport,NX1__Double House A,NX1,,Double House A,,V5,rear_setback_ft,confirmed,20,ft,20,ft,,,,manual_verified_visual_table,bridgeport_zoning_code_full_2022-01.pdf.pdf,,68,68,X.X0.4 BUILDING SITING -- Double House A,,Figure: Double House A Building Siting,Rear Setback,,,targeted_visual_table_recovery,0.9,0.9,verified_governing_value,reviewed,directly_comparable,directly transcribed,confirmed_governing_rule,,2026-10-01
Bridgeport,NX1__Double House A,NX1,,Double House A,,V5,summed_minimum_setbacks_ft,structurally_non_equivalent,,,,,,,,manual_verified_visual_table,bridgeport_zoning_code_full_2022-01.pdf.pdf,,68,68,X.X0.4 BUILDING SITING -- Double House A,,Figure: Double House A Building Siting,Front+Side+Rear (summed),,,targeted_visual_table_recovery,0.9,0.9,verified_governing_value,reviewed,structurally_non_equivalent,"front is a build-to zone, not a conventional setback, for this building type -- not summed per explicit non-conflation policy",structurally_non_equivalent_rule_present,,2026-10-01
Bridgeport,NX2__Double House A,NX2,,Double House A,,V2,minimum_lot_width_ft,confirmed,50.0,ft,50.0,ft,,,,manual_verified_visual_table,bridgeport_zoning_code_full_2022-01.pdf.pdf,,68,68,X.X0.4 BUILDING SITING -- Double House A,,Figure: Double House A Building Siting,Lot Width,,,targeted_visual_table_recovery,0.9,0.9,verified_governing_value,reviewed,directly_comparable,directly transcribed from BUILDING SITING table,confirmed_governing_rule,,2026-10-01
Bridgeport,NX2__Double House A,NX2,,Double House A,,V4,maximum_lot_coverage_pct,confirmed,90,pct,90,pct,,,,manual_verified_visual_table,bridgeport_zoning_code_full_2022-01.pdf.pdf,,68,68,X.X0.4 BUILDING SITING -- Double House A,,Figure: Double House A Building Siting,Site Coverage,,,targeted_visual_table_recovery,0.9,0.9,verified_governing_value,reviewed,comparable_with_documented_transform,directly transcribed; corrects Phase 2's flattened-text attribution where they disagree (see Section 2.1),confirmed_governing_rule,see 14.20.7 for measuring site coverage,2026-10-01
Bridgeport,NX2__Double House A,NX2,,Double House A,,V5,build_to_minimum_ft,confirmed,10,ft,,,,,,manual_verified_visual_table,bridgeport_zoning_code_full_2022-01.pdf.pdf,,68,68,X.X0.4 BUILDING SITING -- Double House A,,Figure: Double House A Building Siting,Primary Street Build-to/Setback,,,targeted_visual_table_recovery,0.9,0.9,verified_governing_value,reviewed,structurally_non_equivalent,rule format = build_to; build-to is never treated as a conventional setback,confirmed_governing_rule,,2026-10-01
Bridgeport,NX2__Double House A,NX2,,Double House A,,V5,side_setback_ft,confirmed,2,ft,2,ft,,,,manual_verified_visual_table,bridgeport_zoning_code_full_2022-01.pdf.pdf,,68,68,X.X0.4 BUILDING SITING -- Double House A,,Figure: Double House A Building Siting,Side Setback,,,targeted_visual_table_recovery,0.9,0.9,verified_governing_value,reviewed,directly_comparable,directly transcribed,confirmed_governing_rule,,2026-10-01
Bridgeport,NX2__Double House A,NX2,,Double House A,,V5,rear_setback_ft,confirmed,15,ft,15,ft,,,,manual_verified_visual_table,bridgeport_zoning_code_full_2022-01.pdf.pdf,,68,68,X.X0.4 BUILDING SITING -- Double House A,,Figure: Double House A Building Siting,Rear Setback,,,targeted_visual_table_recovery,0.9,0.9,verified_governing_value,reviewed,directly_comparable,directly transcribed,confirmed_governing_rule,,2026-10-01
Bridgeport,NX2__Double House A,NX2,,Double House A,,V5,summed_minimum_setbacks_ft,structurally_non_equivalent,,,,,,,,manual_verified_visual_table,bridgeport_zoning_code_full_2022-01.pdf.pdf,,68,68,X.X0.4 BUILDING SITING -- Double House A,,Figure: Double House A Building Siting,Front+Side+Rear (summed),,,targeted_visual_table_recovery,0.9,0.9,verified_governing_value,reviewed,structurally_non_equivalent,"front is a build-to zone, not a conventional setback, for this building type -- not summed per explicit non-conflation policy",structurally_non_equivalent_rule_present,,2026-10-01
Bridgeport,N1__House A,N1,,House A,,V2,minimum_lot_width_ft,confirmed,45.0,ft,45.0,ft,,,,manual_verified_visual_table,bridgeport_zoning_code_full_2022-01.pdf.pdf,,76,76,X.X0.4 BUILDING SITING -- House A,,Figure: House A Building Siting,Lot Width,,,targeted_visual_table_recovery,0.9,0.9,verified_governing_value,reviewed,directly_comparable,directly transcribed from BUILDING SITING table,confirmed_governing_rule,,2026-10-01
Bridgeport,N1__House A,N1,,House A,,V4,maximum_lot_coverage_pct,confirmed,75,pct,75,pct,,,,manual_verified_visual_table,bridgeport_zoning_code_full_2022-01.pdf.pdf,,76,76,X.X0.4 BUILDING SITING -- House A,,Figure: House A Building Siting,Site Coverage,,,targeted_visual_table_recovery,0.9,0.9,verified_governing_value,reviewed,comparable_with_documented_transform,directly transcribed; corrects Phase 2's flattened-text attribution where they disagree (see Section 2.1),confirmed_governing_rule,see 14.20.7 for measuring site coverage,2026-10-01
Bridgeport,N1__House A,N1,,House A,,V5,build_to_minimum_ft,confirmed,20,ft,,,,,,manual_verified_visual_table,bridgeport_zoning_code_full_2022-01.pdf.pdf,,76,76,X.X0.4 BUILDING SITING -- House A,,Figure: House A Building Siting,Primary Street Build-to/Setback,,,targeted_visual_table_recovery,0.9,0.9,verified_governing_value,reviewed,structurally_non_equivalent,rule format = build_to; build-to is never treated as a conventional setback,confirmed_governing_rule,,2026-10-01
Bridgeport,N1__House A,N1,,House A,,V5,side_setback_ft,confirmed,6,ft,6,ft,,,,manual_verified_visual_table,bridgeport_zoning_code_full_2022-01.pdf.pdf,,76,76,X.X0.4 BUILDING SITING -- House A,,Figure: House A Building Siting,Side Setback,,,targeted_visual_table_recovery,0.9,0.9,verified_governing_value,reviewed,directly_comparable,directly transcribed,confirmed_governing_rule,,2026-10-01
Bridgeport,N1__House A,N1,,House A,,V5,rear_setback_ft,confirmed,30,ft,30,ft,,,,manual_verified_visual_table,bridgeport_zoning_code_full_2022-01.pdf.pdf,,76,76,X.X0.4 BUILDING SITING -- House A,,Figure: House A Building Siting,Rear Setback,,,targeted_visual_table_recovery,0.9,0.9,verified_governing_value,reviewed,directly_comparable,directly transcribed,confirmed_governing_rule,,2026-10-01
Bridgeport,N1__House A,N1,,House A,,V5,summed_minimum_setbacks_ft,structurally_non_equivalent,,,,,,,,manual_verified_visual_table,bridgeport_zoning_code_full_2022-01.pdf.pdf,,76,76,X.X0.4 BUILDING SITING -- House A,,Figure: House A Building Siting,Front+Side+Rear (summed),,,targeted_visual_table_recovery,0.9,0.9,verified_governing_value,reviewed,structurally_non_equivalent,"front is a build-to zone, not a conventional setback, for this building type -- not summed per explicit non-conflation policy",structurally_non_equivalent_rule_present,,2026-10-01
Bridgeport,NX1__House A,NX1,,House A,,V2,minimum_lot_width_ft,confirmed,45.0,ft,45.0,ft,,,,manual_verified_visual_table,bridgeport_zoning_code_full_2022-01.pdf.pdf,,76,76,X.X0.4 BUILDING SITING -- House A,,Figure: House A Building Siting,Lot Width,,,targeted_visual_table_recovery,0.9,0.9,verified_governing_value,reviewed,directly_comparable,directly transcribed from BUILDING SITING table,confirmed_governing_rule,,2026-10-01
Bridgeport,NX1__House A,NX1,,House A,,V4,maximum_lot_coverage_pct,confirmed,80,pct,80,pct,,,,manual_verified_visual_table,bridgeport_zoning_code_full_2022-01.pdf.pdf,,76,76,X.X0.4 BUILDING SITING -- House A,,Figure: House A Building Siting,Site Coverage,,,targeted_visual_table_recovery,0.9,0.9,verified_governing_value,reviewed,comparable_with_documented_transform,directly transcribed; corrects Phase 2's flattened-text attribution where they disagree (see Section 2.1),confirmed_governing_rule,see 14.20.7 for measuring site coverage,2026-10-01
Bridgeport,NX1__House A,NX1,,House A,,V5,build_to_minimum_ft,confirmed,15,ft,,,,,,manual_verified_visual_table,bridgeport_zoning_code_full_2022-01.pdf.pdf,,76,76,X.X0.4 BUILDING SITING -- House A,,Figure: House A Building Siting,Primary Street Build-to/Setback,,,targeted_visual_table_recovery,0.9,0.9,verified_governing_value,reviewed,structurally_non_equivalent,rule format = build_to; build-to is never treated as a conventional setback,confirmed_governing_rule,,2026-10-01
Bridgeport,NX1__House A,NX1,,House A,,V5,side_setback_ft,confirmed,2,ft,2,ft,,,,manual_verified_visual_table,bridgeport_zoning_code_full_2022-01.pdf.pdf,,76,76,X.X0.4 BUILDING SITING -- House A,,Figure: House A Building Siting,Side Setback,,,targeted_visual_table_recovery,0.9,0.9,verified_governing_value,reviewed,directly_comparable,directly transcribed,confirmed_governing_rule,,2026-10-01
Bridgeport,NX1__House A,NX1,,House A,,V5,rear_setback_ft,confirmed,20,ft,20,ft,,,,manual_verified_visual_table,bridgeport_zoning_code_full_2022-01.pdf.pdf,,76,76,X.X0.4 BUILDING SITING -- House A,,Figure: House A Building Siting,Rear Setback,,,targeted_visual_table_recovery,0.9,0.9,verified_governing_value,reviewed,directly_comparable,directly transcribed,confirmed_governing_rule,,2026-10-01
Bridgeport,NX1__House A,NX1,,House A,,V5,summed_minimum_setbacks_ft,structurally_non_equivalent,,,,,,,,manual_verified_visual_table,bridgeport_zoning_code_full_2022-01.pdf.pdf,,76,76,X.X0.4 BUILDING SITING -- House A,,Figure: House A Building Siting,Front+Side+Rear (summed),,,targeted_visual_table_recovery,0.9,0.9,verified_governing_value,reviewed,structurally_non_equivalent,"front is a build-to zone, not a conventional setback, for this building type -- not summed per explicit non-conflation policy",structurally_non_equivalent_rule_present,,2026-10-01
Bridgeport,NX2__House A,NX2,,House A,,V2,minimum_lot_width_ft,confirmed,35.0,ft,35.0,ft,,,,manual_verified_visual_table,bridgeport_zoning_code_full_2022-01.pdf.pdf,,76,76,X.X0.4 BUILDING SITING -- House A,,Figure: House A Building Siting,Lot Width,,,targeted_visual_table_recovery,0.9,0.9,verified_governing_value,reviewed,directly_comparable,directly transcribed from BUILDING SITING table,confirmed_governing_rule,,2026-10-01
Bridgeport,NX2__House A,NX2,,House A,,V4,maximum_lot_coverage_pct,confirmed,80,pct,80,pct,,,,manual_verified_visual_table,bridgeport_zoning_code_full_2022-01.pdf.pdf,,76,76,X.X0.4 BUILDING SITING -- House A,,Figure: House A Building Siting,Site Coverage,,,targeted_visual_table_recovery,0.9,0.9,verified_governing_value,reviewed,comparable_with_documented_transform,directly transcribed; corrects Phase 2's flattened-text attribution where they disagree (see Section 2.1),confirmed_governing_rule,see 14.20.7 for measuring site coverage,2026-10-01
Bridgeport,NX2__House A,NX2,,House A,,V5,build_to_minimum_ft,confirmed,10,ft,,,,,,manual_verified_visual_table,bridgeport_zoning_code_full_2022-01.pdf.pdf,,76,76,X.X0.4 BUILDING SITING -- House A,,Figure: House A Building Siting,Primary Street Build-to/Setback,,,targeted_visual_table_recovery,0.9,0.9,verified_governing_value,reviewed,structurally_non_equivalent,rule format = build_to; build-to is never treated as a conventional setback,confirmed_governing_rule,,2026-10-01
Bridgeport,NX2__House A,NX2,,House A,,V5,side_setback_ft,confirmed,2,ft,2,ft,,,,manual_verified_visual_table,bridgeport_zoning_code_full_2022-01.pdf.pdf,,76,76,X.X0.4 BUILDING SITING -- House A,,Figure: House A Building Siting,Side Setback,,,targeted_visual_table_recovery,0.9,0.9,verified_governing_value,reviewed,directly_comparable,directly transcribed,confirmed_governing_rule,,2026-10-01
Bridgeport,NX2__House A,NX2,,House A,,V5,rear_setback_ft,confirmed,15,ft,15,ft,,,,manual_verified_visual_table,bridgeport_zoning_code_full_2022-01.pdf.pdf,,76,76,X.X0.4 BUILDING SITING -- House A,,Figure: House A Building Siting,Rear Setback,,,targeted_visual_table_recovery,0.9,0.9,verified_governing_value,reviewed,directly_comparable,directly transcribed,confirmed_governing_rule,,2026-10-01
Bridgeport,NX2__House A,NX2,,House A,,V5,summed_minimum_setbacks_ft,structurally_non_equivalent,,,,,,,,manual_verified_visual_table,bridgeport_zoning_code_full_2022-01.pdf.pdf,,76,76,X.X0.4 BUILDING SITING -- House A,,Figure: House A Building Siting,Front+Side+Rear (summed),,,targeted_visual_table_recovery,0.9,0.9,verified_governing_value,reviewed,structurally_non_equivalent,"front is a build-to zone, not a conventional setback, for this building type -- not summed per explicit non-conflation policy",structurally_non_equivalent_rule_present,,2026-10-01
Bridgeport,N2__House B,N2,,House B,,V2,minimum_lot_width_ft,confirmed,45.0,ft,45.0,ft,,,,manual_verified_visual_table,bridgeport_zoning_code_full_2022-01.pdf.pdf,,84,84,X.X0.4 BUILDING SITING -- House B,,Figure: House B Building Siting,Lot Width,,,targeted_visual_table_recovery,0.9,0.9,verified_governing_value,reviewed,directly_comparable,directly transcribed from BUILDING SITING table,confirmed_governing_rule,,2026-10-01
Bridgeport,N2__House B,N2,,House B,,V4,maximum_lot_coverage_pct,confirmed,65,pct,65,pct,,,,manual_verified_visual_table,bridgeport_zoning_code_full_2022-01.pdf.pdf,,84,84,X.X0.4 BUILDING SITING -- House B,,Figure: House B Building Siting,Site Coverage,,,targeted_visual_table_recovery,0.9,0.9,verified_governing_value,reviewed,comparable_with_documented_transform,directly transcribed; corrects Phase 2's flattened-text attribution where they disagree (see Section 2.1),confirmed_governing_rule,see 14.20.7 for measuring site coverage,2026-10-01
Bridgeport,N2__House B,N2,,House B,,V5,front_setback_ft,confirmed,20,ft,20,ft,,,max=30.0,manual_verified_visual_table,bridgeport_zoning_code_full_2022-01.pdf.pdf,,84,84,X.X0.4 BUILDING SITING -- House B,,Figure: House B Building Siting,Primary Street Build-to/Setback,,,targeted_visual_table_recovery,0.9,0.9,verified_governing_value,reviewed,directly_comparable,rule format = setback; build-to is never treated as a conventional setback,confirmed_governing_rule,,2026-10-01
Bridgeport,N2__House B,N2,,House B,,V5,side_setback_ft,confirmed,6,ft,6,ft,,,,manual_verified_visual_table,bridgeport_zoning_code_full_2022-01.pdf.pdf,,84,84,X.X0.4 BUILDING SITING -- House B,,Figure: House B Building Siting,Side Setback,,,targeted_visual_table_recovery,0.9,0.9,verified_governing_value,reviewed,directly_comparable,directly transcribed,confirmed_governing_rule,,2026-10-01
Bridgeport,N2__House B,N2,,House B,,V5,rear_setback_ft,confirmed,20,ft,20,ft,,,,manual_verified_visual_table,bridgeport_zoning_code_full_2022-01.pdf.pdf,,84,84,X.X0.4 BUILDING SITING -- House B,,Figure: House B Building Siting,Rear Setback,,,targeted_visual_table_recovery,0.9,0.9,verified_governing_value,reviewed,directly_comparable,directly transcribed,confirmed_governing_rule,,2026-10-01
Bridgeport,N2__House B,N2,,House B,,V5,summed_minimum_setbacks_ft,confirmed,46.0,ft,46.0,ft,,,,manual_verified_visual_table,bridgeport_zoning_code_full_2022-01.pdf.pdf,,84,84,X.X0.4 BUILDING SITING -- House B,,Figure: House B Building Siting,Front+Side+Rear (summed),,,targeted_visual_table_recovery,0.9,0.9,verified_governing_value,reviewed,directly_comparable,"front, side, and rear are all explicitly setbacks (not build-to) for this building type/zone, so the sum is scenario-valid",confirmed_governing_rule,,2026-10-01
Bridgeport,N3__House C,N3,,House C,,V2,minimum_lot_width_ft,confirmed,75.0,ft,75.0,ft,,,,manual_verified_visual_table,bridgeport_zoning_code_full_2022-01.pdf.pdf,,92,92,X.X0.4 BUILDING SITING -- House C,,Figure: House C Building Siting,Lot Width,,,targeted_visual_table_recovery,0.9,0.9,verified_governing_value,reviewed,directly_comparable,directly transcribed from BUILDING SITING table,confirmed_governing_rule,,2026-10-01
Bridgeport,N3__House C,N3,,House C,,V1,minimum_lot_size_sqft,confirmed,9000.0,sqft,9000.0,sqft,,,,manual_verified_visual_table,bridgeport_zoning_code_full_2022-01.pdf.pdf,,92,92,X.X0.4 BUILDING SITING -- House C,,Figure: House C Building Siting,Lot Size,,,targeted_visual_table_recovery,0.9,0.9,verified_governing_value,reviewed,directly_comparable,directly transcribed from BUILDING SITING table,confirmed_governing_rule,,2026-10-01
Bridgeport,N3__House C,N3,,House C,,V4,maximum_lot_coverage_pct,confirmed,65,pct,65,pct,,,,manual_verified_visual_table,bridgeport_zoning_code_full_2022-01.pdf.pdf,,92,92,X.X0.4 BUILDING SITING -- House C,,Figure: House C Building Siting,Site Coverage,,,targeted_visual_table_recovery,0.9,0.9,verified_governing_value,reviewed,comparable_with_documented_transform,directly transcribed; corrects Phase 2's flattened-text attribution where they disagree (see Section 2.1),confirmed_governing_rule,see 14.20.7 for measuring site coverage,2026-10-01
Bridgeport,N3__House C,N3,,House C,,V5,front_setback_ft,confirmed,45,ft,45,ft,,,,manual_verified_visual_table,bridgeport_zoning_code_full_2022-01.pdf.pdf,,92,92,X.X0.4 BUILDING SITING -- House C,,Figure: House C Building Siting,Primary Street Build-to/Setback,,,targeted_visual_table_recovery,0.9,0.9,verified_governing_value,reviewed,directly_comparable,rule format = setback; build-to is never treated as a conventional setback,confirmed_governing_rule,,2026-10-01
Bridgeport,N3__House C,N3,,House C,,V5,side_setback_ft,confirmed,20,ft,20,ft,,,,manual_verified_visual_table,bridgeport_zoning_code_full_2022-01.pdf.pdf,,92,92,X.X0.4 BUILDING SITING -- House C,,Figure: House C Building Siting,Side Setback,,,targeted_visual_table_recovery,0.9,0.9,verified_governing_value,reviewed,directly_comparable,directly transcribed,confirmed_governing_rule,,2026-10-01
Bridgeport,N3__House C,N3,,House C,,V5,rear_setback_ft,confirmed,20,ft,20,ft,,,,manual_verified_visual_table,bridgeport_zoning_code_full_2022-01.pdf.pdf,,92,92,X.X0.4 BUILDING SITING -- House C,,Figure: House C Building Siting,Rear Setback,,,targeted_visual_table_recovery,0.9,0.9,verified_governing_value,reviewed,directly_comparable,directly transcribed,confirmed_governing_rule,,2026-10-01
Bridgeport,N3__House C,N3,,House C,,V5,summed_minimum_setbacks_ft,confirmed,85.0,ft,85.0,ft,,,,manual_verified_visual_table,bridgeport_zoning_code_full_2022-01.pdf.pdf,,92,92,X.X0.4 BUILDING SITING -- House C,,Figure: House C Building Siting,Front+Side+Rear (summed),,,targeted_visual_table_recovery,0.9,0.9,verified_governing_value,reviewed,directly_comparable,"front, side, and rear are all explicitly setbacks (not build-to) for this building type/zone, so the sum is scenario-valid",confirmed_governing_rule,,2026-10-01
Bridgeport,N4__House D,N4,,House D,,V2,minimum_lot_width_ft,confirmed,60.0,ft,60.0,ft,,,,manual_verified_visual_table,bridgeport_zoning_code_full_2022-01.pdf.pdf,,100,100,X.X0.4 BUILDING SITING -- House D,,Figure: House D Building Siting,Lot Width,,,targeted_visual_table_recovery,0.9,0.9,verified_governing_value,reviewed,directly_comparable,directly transcribed from BUILDING SITING table,confirmed_governing_rule,,2026-10-01
Bridgeport,N4__House D,N4,,House D,,V1,minimum_lot_size_sqft,confirmed,7500.0,sqft,7500.0,sqft,,,,manual_verified_visual_table,bridgeport_zoning_code_full_2022-01.pdf.pdf,,100,100,X.X0.4 BUILDING SITING -- House D,,Figure: House D Building Siting,Lot Size,,,targeted_visual_table_recovery,0.9,0.9,verified_governing_value,reviewed,directly_comparable,directly transcribed from BUILDING SITING table,confirmed_governing_rule,,2026-10-01
Bridgeport,N4__House D,N4,,House D,,V4,maximum_lot_coverage_pct,confirmed,65,pct,65,pct,,,,manual_verified_visual_table,bridgeport_zoning_code_full_2022-01.pdf.pdf,,100,100,X.X0.4 BUILDING SITING -- House D,,Figure: House D Building Siting,Site Coverage,,,targeted_visual_table_recovery,0.9,0.9,verified_governing_value,reviewed,comparable_with_documented_transform,directly transcribed; corrects Phase 2's flattened-text attribution where they disagree (see Section 2.1),confirmed_governing_rule,see 14.20.7 for measuring site coverage,2026-10-01
Bridgeport,N4__House D,N4,,House D,,V5,front_setback_ft,confirmed,20,ft,20,ft,,,,manual_verified_visual_table,bridgeport_zoning_code_full_2022-01.pdf.pdf,,100,100,X.X0.4 BUILDING SITING -- House D,,Figure: House D Building Siting,Primary Street Build-to/Setback,,,targeted_visual_table_recovery,0.9,0.9,verified_governing_value,reviewed,directly_comparable,rule format = setback; build-to is never treated as a conventional setback,confirmed_governing_rule,,2026-10-01
Bridgeport,N4__House D,N4,,House D,,V5,side_setback_ft,confirmed,6,ft,6,ft,,,,manual_verified_visual_table,bridgeport_zoning_code_full_2022-01.pdf.pdf,,100,100,X.X0.4 BUILDING SITING -- House D,,Figure: House D Building Siting,Side Setback,,,targeted_visual_table_recovery,0.9,0.9,verified_governing_value,reviewed,directly_comparable,directly transcribed,confirmed_governing_rule,,2026-10-01
Bridgeport,N4__House D,N4,,House D,,V5,rear_setback_ft,confirmed,20,ft,20,ft,,,,manual_verified_visual_table,bridgeport_zoning_code_full_2022-01.pdf.pdf,,100,100,X.X0.4 BUILDING SITING -- House D,,Figure: House D Building Siting,Rear Setback,,,targeted_visual_table_recovery,0.9,0.9,verified_governing_value,reviewed,directly_comparable,directly transcribed,confirmed_governing_rule,,2026-10-01
Bridgeport,N4__House D,N4,,House D,,V5,summed_minimum_setbacks_ft,confirmed,46.0,ft,46.0,ft,,,,manual_verified_visual_table,bridgeport_zoning_code_full_2022-01.pdf.pdf,,100,100,X.X0.4 BUILDING SITING -- House D,,Figure: House D Building Siting,Front+Side+Rear (summed),,,targeted_visual_table_recovery,0.9,0.9,verified_governing_value,reviewed,directly_comparable,"front, side, and rear are all explicitly setbacks (not build-to) for this building type/zone, so the sum is scenario-valid",confirmed_governing_rule,,2026-10-01
Bridgeport,CX__Workshop,CX,,Workshop,,V2,minimum_lot_width_ft,confirmed,25.0,ft,25.0,ft,,,,manual_verified_visual_table,bridgeport_zoning_code_full_2022-01.pdf.pdf,,108,108,X.X0.4 BUILDING SITING -- Workshop,,Figure: Workshop Building Siting,Lot Width,,,targeted_visual_table_recovery,0.9,0.9,verified_governing_value,reviewed,directly_comparable,directly transcribed from BUILDING SITING table,confirmed_governing_rule,,2026-10-01
Bridgeport,CX__Workshop,CX,,Workshop,,V4,maximum_lot_coverage_pct,confirmed,90,pct,90,pct,,,,manual_verified_visual_table,bridgeport_zoning_code_full_2022-01.pdf.pdf,,108,108,X.X0.4 BUILDING SITING -- Workshop,,Figure: Workshop Building Siting,Site Coverage,,,targeted_visual_table_recovery,0.9,0.9,verified_governing_value,reviewed,comparable_with_documented_transform,directly transcribed; corrects Phase 2's flattened-text attribution where they disagree (see Section 2.1),confirmed_governing_rule,see 14.20.7 for measuring site coverage,2026-10-01
Bridgeport,CX__Workshop,CX,,Workshop,,V5,build_to_minimum_ft,confirmed,10,ft,,,,,max=35.0,manual_verified_visual_table,bridgeport_zoning_code_full_2022-01.pdf.pdf,,108,108,X.X0.4 BUILDING SITING -- Workshop,,Figure: Workshop Building Siting,Primary Street Build-to/Setback,,,targeted_visual_table_recovery,0.9,0.9,verified_governing_value,reviewed,structurally_non_equivalent,rule format = build_to_or_setback; build-to is never treated as a conventional setback,confirmed_governing_rule,,2026-10-01
Bridgeport,CX__Workshop,CX,,Workshop,,V5,side_setback_ft,confirmed,5,ft,5,ft,,,15 ft min / 12 ft min space between buildings adjacent to residential,manual_verified_visual_table,bridgeport_zoning_code_full_2022-01.pdf.pdf,,108,108,X.X0.4 BUILDING SITING -- Workshop,,Figure: Workshop Building Siting,Side Setback,,,targeted_visual_table_recovery,0.9,0.9,verified_governing_value,reviewed,directly_comparable,directly transcribed,confirmed_governing_rule,,2026-10-01
Bridgeport,CX__Workshop,CX,,Workshop,,V5,rear_setback_ft,confirmed,10,ft,10,ft,,,,manual_verified_visual_table,bridgeport_zoning_code_full_2022-01.pdf.pdf,,108,108,X.X0.4 BUILDING SITING -- Workshop,,Figure: Workshop Building Siting,Rear Setback,,,targeted_visual_table_recovery,0.9,0.9,verified_governing_value,reviewed,directly_comparable,directly transcribed,confirmed_governing_rule,,2026-10-01
Bridgeport,CX__Workshop,CX,,Workshop,,V5,summed_minimum_setbacks_ft,structurally_non_equivalent,,,,,,,,manual_verified_visual_table,bridgeport_zoning_code_full_2022-01.pdf.pdf,,108,108,X.X0.4 BUILDING SITING -- Workshop,,Figure: Workshop Building Siting,Front+Side+Rear (summed),,,targeted_visual_table_recovery,0.9,0.9,verified_governing_value,reviewed,structurally_non_equivalent,"front is a build-to zone, not a conventional setback, for this building type -- not summed per explicit non-conflation policy",structurally_non_equivalent_rule_present,,2026-10-01
Bridgeport,I__Workshop,I,,Workshop,,V2,minimum_lot_width_ft,confirmed,25.0,ft,25.0,ft,,,,manual_verified_visual_table,bridgeport_zoning_code_full_2022-01.pdf.pdf,,108,108,X.X0.4 BUILDING SITING -- Workshop,,Figure: Workshop Building Siting,Lot Width,,,targeted_visual_table_recovery,0.9,0.9,verified_governing_value,reviewed,directly_comparable,directly transcribed from BUILDING SITING table,confirmed_governing_rule,,2026-10-01
Bridgeport,I__Workshop,I,,Workshop,,V4,maximum_lot_coverage_pct,confirmed,85,pct,85,pct,,,,manual_verified_visual_table,bridgeport_zoning_code_full_2022-01.pdf.pdf,,108,108,X.X0.4 BUILDING SITING -- Workshop,,Figure: Workshop Building Siting,Site Coverage,,,targeted_visual_table_recovery,0.9,0.9,verified_governing_value,reviewed,comparable_with_documented_transform,directly transcribed; corrects Phase 2's flattened-text attribution where they disagree (see Section 2.1),confirmed_governing_rule,see 14.20.7 for measuring site coverage,2026-10-01
Bridgeport,I__Workshop,I,,Workshop,,V5,build_to_minimum_ft,confirmed,15,ft,,,,,,manual_verified_visual_table,bridgeport_zoning_code_full_2022-01.pdf.pdf,,108,108,X.X0.4 BUILDING SITING -- Workshop,,Figure: Workshop Building Siting,Primary Street Build-to/Setback,,,targeted_visual_table_recovery,0.9,0.9,verified_governing_value,reviewed,structurally_non_equivalent,rule format = build_to_or_setback; build-to is never treated as a conventional setback,confirmed_governing_rule,,2026-10-01
Bridgeport,I__Workshop,I,,Workshop,,V5,side_setback_ft,confirmed,5,ft,5,ft,,,15 ft min / 12 ft min space between buildings adjacent to residential,manual_verified_visual_table,bridgeport_zoning_code_full_2022-01.pdf.pdf,,108,108,X.X0.4 BUILDING SITING -- Workshop,,Figure: Workshop Building Siting,Side Setback,,,targeted_visual_table_recovery,0.9,0.9,verified_governing_value,reviewed,directly_comparable,directly transcribed,confirmed_governing_rule,,2026-10-01
Bridgeport,I__Workshop,I,,Workshop,,V5,rear_setback_ft,confirmed,10,ft,10,ft,,,,manual_verified_visual_table,bridgeport_zoning_code_full_2022-01.pdf.pdf,,108,108,X.X0.4 BUILDING SITING -- Workshop,,Figure: Workshop Building Siting,Rear Setback,,,targeted_visual_table_recovery,0.9,0.9,verified_governing_value,reviewed,directly_comparable,directly transcribed,confirmed_governing_rule,,2026-10-01
Bridgeport,I__Workshop,I,,Workshop,,V5,summed_minimum_setbacks_ft,structurally_non_equivalent,,,,,,,,manual_verified_visual_table,bridgeport_zoning_code_full_2022-01.pdf.pdf,,108,108,X.X0.4 BUILDING SITING -- Workshop,,Figure: Workshop Building Siting,Front+Side+Rear (summed),,,targeted_visual_table_recovery,0.9,0.9,verified_governing_value,reviewed,structurally_non_equivalent,"front is a build-to zone, not a conventional setback, for this building type -- not summed per explicit non-conflation policy",structurally_non_equivalent_rule_present,,2026-10-01
Bridgeport,DX1__Civic,DX1,,Civic,,V2,minimum_lot_width_ft,confirmed,50.0,ft,50.0,ft,,,,manual_verified_visual_table,bridgeport_zoning_code_full_2022-01.pdf.pdf,,116,116,X.X0.4 BUILDING SITING -- Civic,,Figure: Civic Building Siting,Lot Width,,,targeted_visual_table_recovery,0.9,0.9,verified_governing_value,reviewed,directly_comparable,directly transcribed from BUILDING SITING table,confirmed_governing_rule,,2026-10-01
Bridgeport,DX1__Civic,DX1,,Civic,,V4,maximum_lot_coverage_pct,confirmed,90,pct,90,pct,,,,manual_verified_visual_table,bridgeport_zoning_code_full_2022-01.pdf.pdf,,116,116,X.X0.4 BUILDING SITING -- Civic,,Figure: Civic Building Siting,Site Coverage,,,targeted_visual_table_recovery,0.9,0.9,verified_governing_value,reviewed,comparable_with_documented_transform,directly transcribed; corrects Phase 2's flattened-text attribution where they disagree (see Section 2.1),confirmed_governing_rule,see 14.20.7 for measuring site coverage,2026-10-01
Bridgeport,DX1__Civic,DX1,,Civic,,V5,front_setback_ft,confirmed,10,ft,10,ft,,,,manual_verified_visual_table,bridgeport_zoning_code_full_2022-01.pdf.pdf,,116,116,X.X0.4 BUILDING SITING -- Civic,,Figure: Civic Building Siting,Primary Street Build-to/Setback,,,targeted_visual_table_recovery,0.9,0.9,verified_governing_value,reviewed,directly_comparable,rule format = setback; build-to is never treated as a conventional setback,confirmed_governing_rule,,2026-10-01
Bridgeport,DX1__Civic,DX1,,Civic,,V5,side_setback_ft,confirmed,5,ft,5,ft,,,,manual_verified_visual_table,bridgeport_zoning_code_full_2022-01.pdf.pdf,,116,116,X.X0.4 BUILDING SITING -- Civic,,Figure: Civic Building Siting,Side Setback,,,targeted_visual_table_recovery,0.9,0.9,verified_governing_value,reviewed,directly_comparable,directly transcribed,confirmed_governing_rule,,2026-10-01
Bridgeport,DX1__Civic,DX1,,Civic,,V5,rear_setback_ft,confirmed,10,ft,10,ft,,,,manual_verified_visual_table,bridgeport_zoning_code_full_2022-01.pdf.pdf,,116,116,X.X0.4 BUILDING SITING -- Civic,,Figure: Civic Building Siting,Rear Setback,,,targeted_visual_table_recovery,0.9,0.9,verified_governing_value,reviewed,directly_comparable,directly transcribed,confirmed_governing_rule,,2026-10-01
Bridgeport,DX1__Civic,DX1,,Civic,,V5,summed_minimum_setbacks_ft,confirmed,25.0,ft,25.0,ft,,,,manual_verified_visual_table,bridgeport_zoning_code_full_2022-01.pdf.pdf,,116,116,X.X0.4 BUILDING SITING -- Civic,,Figure: Civic Building Siting,Front+Side+Rear (summed),,,targeted_visual_table_recovery,0.9,0.9,verified_governing_value,reviewed,directly_comparable,"front, side, and rear are all explicitly setbacks (not build-to) for this building type/zone, so the sum is scenario-valid",confirmed_governing_rule,,2026-10-01
Bridgeport,P1__Civic,P1,,Civic,,V2,minimum_lot_width_ft,confirmed,50.0,ft,50.0,ft,,,,manual_verified_visual_table,bridgeport_zoning_code_full_2022-01.pdf.pdf,,116,116,X.X0.4 BUILDING SITING -- Civic,,Figure: Civic Building Siting,Lot Width,,,targeted_visual_table_recovery,0.9,0.9,verified_governing_value,reviewed,directly_comparable,directly transcribed from BUILDING SITING table,confirmed_governing_rule,,2026-10-01
Bridgeport,P1__Civic,P1,,Civic,,V4,maximum_lot_coverage_pct,confirmed,90,pct,90,pct,,,,manual_verified_visual_table,bridgeport_zoning_code_full_2022-01.pdf.pdf,,116,116,X.X0.4 BUILDING SITING -- Civic,,Figure: Civic Building Siting,Site Coverage,,,targeted_visual_table_recovery,0.9,0.9,verified_governing_value,reviewed,comparable_with_documented_transform,directly transcribed; corrects Phase 2's flattened-text attribution where they disagree (see Section 2.1),confirmed_governing_rule,see 14.20.7 for measuring site coverage,2026-10-01
Bridgeport,P1__Civic,P1,,Civic,,V5,front_setback_ft,confirmed,10,ft,10,ft,,,,manual_verified_visual_table,bridgeport_zoning_code_full_2022-01.pdf.pdf,,116,116,X.X0.4 BUILDING SITING -- Civic,,Figure: Civic Building Siting,Primary Street Build-to/Setback,,,targeted_visual_table_recovery,0.9,0.9,verified_governing_value,reviewed,directly_comparable,rule format = setback; build-to is never treated as a conventional setback,confirmed_governing_rule,,2026-10-01
Bridgeport,P1__Civic,P1,,Civic,,V5,side_setback_ft,confirmed,5,ft,5,ft,,,,manual_verified_visual_table,bridgeport_zoning_code_full_2022-01.pdf.pdf,,116,116,X.X0.4 BUILDING SITING -- Civic,,Figure: Civic Building Siting,Side Setback,,,targeted_visual_table_recovery,0.9,0.9,verified_governing_value,reviewed,directly_comparable,directly transcribed,confirmed_governing_rule,,2026-10-01
Bridgeport,P1__Civic,P1,,Civic,,V5,rear_setback_ft,confirmed,10,ft,10,ft,,,,manual_verified_visual_table,bridgeport_zoning_code_full_2022-01.pdf.pdf,,116,116,X.X0.4 BUILDING SITING -- Civic,,Figure: Civic Building Siting,Rear Setback,,,targeted_visual_table_recovery,0.9,0.9,verified_governing_value,reviewed,directly_comparable,directly transcribed,confirmed_governing_rule,,2026-10-01
Bridgeport,P1__Civic,P1,,Civic,,V5,summed_minimum_setbacks_ft,confirmed,25.0,ft,25.0,ft,,,,manual_verified_visual_table,bridgeport_zoning_code_full_2022-01.pdf.pdf,,116,116,X.X0.4 BUILDING SITING -- Civic,,Figure: Civic Building Siting,Front+Side+Rear (summed),,,targeted_visual_table_recovery,0.9,0.9,verified_governing_value,reviewed,directly_comparable,"front, side, and rear are all explicitly setbacks (not build-to) for this building type/zone, so the sum is scenario-valid",confirmed_governing_rule,,2026-10-01
Bridgeport,P3__Civic,P3,,Civic,,V2,minimum_lot_width_ft,confirmed,120.0,ft,120.0,ft,,,,manual_verified_visual_table,bridgeport_zoning_code_full_2022-01.pdf.pdf,,116,116,X.X0.4 BUILDING SITING -- Civic,,Figure: Civic Building Siting,Lot Width,,,targeted_visual_table_recovery,0.9,0.9,verified_governing_value,reviewed,directly_comparable,directly transcribed from BUILDING SITING table,confirmed_governing_rule,,2026-10-01
Bridgeport,P3__Civic,P3,,Civic,,V4,maximum_lot_coverage_pct,confirmed,85,pct,85,pct,,,,manual_verified_visual_table,bridgeport_zoning_code_full_2022-01.pdf.pdf,,116,116,X.X0.4 BUILDING SITING -- Civic,,Figure: Civic Building Siting,Site Coverage,,,targeted_visual_table_recovery,0.9,0.9,verified_governing_value,reviewed,comparable_with_documented_transform,directly transcribed; corrects Phase 2's flattened-text attribution where they disagree (see Section 2.1),confirmed_governing_rule,see 14.20.7 for measuring site coverage,2026-10-01
Bridgeport,P3__Civic,P3,,Civic,,V5,front_setback_ft,confirmed,0,ft,0,ft,,,,manual_verified_visual_table,bridgeport_zoning_code_full_2022-01.pdf.pdf,,116,116,X.X0.4 BUILDING SITING -- Civic,,Figure: Civic Building Siting,Primary Street Build-to/Setback,,,targeted_visual_table_recovery,0.9,0.9,verified_governing_value,reviewed,directly_comparable,rule format = setback; build-to is never treated as a conventional setback,confirmed_governing_rule,,2026-10-01
Bridgeport,P3__Civic,P3,,Civic,,V5,side_setback_ft,confirmed,5,ft,5,ft,,,,manual_verified_visual_table,bridgeport_zoning_code_full_2022-01.pdf.pdf,,116,116,X.X0.4 BUILDING SITING -- Civic,,Figure: Civic Building Siting,Side Setback,,,targeted_visual_table_recovery,0.9,0.9,verified_governing_value,reviewed,directly_comparable,directly transcribed,confirmed_governing_rule,,2026-10-01
Bridgeport,P3__Civic,P3,,Civic,,V5,rear_setback_ft,confirmed,20,ft,20,ft,,,,manual_verified_visual_table,bridgeport_zoning_code_full_2022-01.pdf.pdf,,116,116,X.X0.4 BUILDING SITING -- Civic,,Figure: Civic Building Siting,Rear Setback,,,targeted_visual_table_recovery,0.9,0.9,verified_governing_value,reviewed,directly_comparable,directly transcribed,confirmed_governing_rule,,2026-10-01
Bridgeport,P3__Civic,P3,,Civic,,V5,summed_minimum_setbacks_ft,confirmed,25.0,ft,25.0,ft,,,,manual_verified_visual_table,bridgeport_zoning_code_full_2022-01.pdf.pdf,,116,116,X.X0.4 BUILDING SITING -- Civic,,Figure: Civic Building Siting,Front+Side+Rear (summed),,,targeted_visual_table_recovery,0.9,0.9,verified_governing_value,reviewed,directly_comparable,"front, side, and rear are all explicitly setbacks (not build-to) for this building type/zone, so the sum is scenario-valid",confirmed_governing_rule,,2026-10-01
Bridgeport,DX1__Storefront,DX1,,Storefront,,V3,maximum_height_stories,confirmed,10.0,stories,10.0,stories,,,+15 additional stories in high-rise per 6.70,manual_verified_visual_table,bridgeport_zoning_code_full_2022-01.pdf.pdf,,22,22,X.X0.6 HEIGHT -- Storefront,,Figure: Storefront Height,Height,,,targeted_visual_table_recovery,0.9,0.9,verified_governing_value,reviewed,structurally_non_equivalent,stories never converted to feet without explicit legal conversion,confirmed_governing_rule,,2026-10-01
Bridgeport,DX1__Storefront,DX1,,Storefront,,V3,maximum_building_height_ft,genuine_absence_after_targeted_search,,,,,,,,manual_verified_visual_table,bridgeport_zoning_code_full_2022-01.pdf.pdf,,22,22,X.X0.6 HEIGHT -- Storefront,,Figure: Storefront Height,Height (feet),,,targeted_visual_table_recovery,0.9,0.9,verified_governing_value,reviewed,missing,"no total-building-height-in-feet value found on this page, in the document-wide 'Height'/'ft' tight-regex pass, or in the Chapter 14.20.10 measurement-methodology section",genuine_absence_after_targeted_search,searched: X.X0.6 HEIGHT tables (13/13); 14.20.10 BUILDING HEIGHT methodology section,2026-10-01
Bridgeport,MX1__Storefront,MX1,,Storefront,,V3,maximum_height_stories,confirmed,3.0,stories,3.0,stories,,,+2 additional stories along major corridors,manual_verified_visual_table,bridgeport_zoning_code_full_2022-01.pdf.pdf,,22,22,X.X0.6 HEIGHT -- Storefront,,Figure: Storefront Height,Height,,,targeted_visual_table_recovery,0.9,0.9,verified_governing_value,reviewed,structurally_non_equivalent,stories never converted to feet without explicit legal conversion,confirmed_governing_rule,,2026-10-01
Bridgeport,MX1__Storefront,MX1,,Storefront,,V3,maximum_building_height_ft,genuine_absence_after_targeted_search,,,,,,,,manual_verified_visual_table,bridgeport_zoning_code_full_2022-01.pdf.pdf,,22,22,X.X0.6 HEIGHT -- Storefront,,Figure: Storefront Height,Height (feet),,,targeted_visual_table_recovery,0.9,0.9,verified_governing_value,reviewed,missing,"no total-building-height-in-feet value found on this page, in the document-wide 'Height'/'ft' tight-regex pass, or in the Chapter 14.20.10 measurement-methodology section",genuine_absence_after_targeted_search,searched: X.X0.6 HEIGHT tables (13/13); 14.20.10 BUILDING HEIGHT methodology section,2026-10-01
Bridgeport,MX2__Storefront,MX2,,Storefront,,V3,maximum_height_stories,confirmed,3.0,stories,3.0,stories,,,+2 additional stories along major corridors,manual_verified_visual_table,bridgeport_zoning_code_full_2022-01.pdf.pdf,,22,22,X.X0.6 HEIGHT -- Storefront,,Figure: Storefront Height,Height,,,targeted_visual_table_recovery,0.9,0.9,verified_governing_value,reviewed,structurally_non_equivalent,stories never converted to feet without explicit legal conversion,confirmed_governing_rule,,2026-10-01
Bridgeport,MX2__Storefront,MX2,,Storefront,,V3,maximum_building_height_ft,genuine_absence_after_targeted_search,,,,,,,,manual_verified_visual_table,bridgeport_zoning_code_full_2022-01.pdf.pdf,,22,22,X.X0.6 HEIGHT -- Storefront,,Figure: Storefront Height,Height (feet),,,targeted_visual_table_recovery,0.9,0.9,verified_governing_value,reviewed,missing,"no total-building-height-in-feet value found on this page, in the document-wide 'Height'/'ft' tight-regex pass, or in the Chapter 14.20.10 measurement-methodology section",genuine_absence_after_targeted_search,searched: X.X0.6 HEIGHT tables (13/13); 14.20.10 BUILDING HEIGHT methodology section,2026-10-01
Bridgeport,MXN__Storefront,MXN,,Storefront,,V3,maximum_height_stories,confirmed,3.0,stories,3.0,stories,,,,manual_verified_visual_table,bridgeport_zoning_code_full_2022-01.pdf.pdf,,22,22,X.X0.6 HEIGHT -- Storefront,,Figure: Storefront Height,Height,,,targeted_visual_table_recovery,0.9,0.9,verified_governing_value,reviewed,structurally_non_equivalent,stories never converted to feet without explicit legal conversion,confirmed_governing_rule,,2026-10-01
Bridgeport,MXN__Storefront,MXN,,Storefront,,V3,maximum_building_height_ft,genuine_absence_after_targeted_search,,,,,,,,manual_verified_visual_table,bridgeport_zoning_code_full_2022-01.pdf.pdf,,22,22,X.X0.6 HEIGHT -- Storefront,,Figure: Storefront Height,Height (feet),,,targeted_visual_table_recovery,0.9,0.9,verified_governing_value,reviewed,missing,"no total-building-height-in-feet value found on this page, in the document-wide 'Height'/'ft' tight-regex pass, or in the Chapter 14.20.10 measurement-methodology section",genuine_absence_after_targeted_search,searched: X.X0.6 HEIGHT tables (13/13); 14.20.10 BUILDING HEIGHT methodology section,2026-10-01
Bridgeport,MX2__Commercial Center,MX2,,Commercial Center,,V3,maximum_height_stories,confirmed,3.0,stories,3.0,stories,,,additional height for taller spaces (large format),manual_verified_visual_table,bridgeport_zoning_code_full_2022-01.pdf.pdf,,30,30,X.X0.6 HEIGHT -- Commercial Center,,Figure: Commercial Center Height,Height,,,targeted_visual_table_recovery,0.9,0.9,verified_governing_value,reviewed,structurally_non_equivalent,stories never converted to feet without explicit legal conversion,confirmed_governing_rule,,2026-10-01
Bridgeport,MX2__Commercial Center,MX2,,Commercial Center,,V3,maximum_building_height_ft,genuine_absence_after_targeted_search,,,,,,,,manual_verified_visual_table,bridgeport_zoning_code_full_2022-01.pdf.pdf,,30,30,X.X0.6 HEIGHT -- Commercial Center,,Figure: Commercial Center Height,Height (feet),,,targeted_visual_table_recovery,0.9,0.9,verified_governing_value,reviewed,missing,"no total-building-height-in-feet value found on this page, in the document-wide 'Height'/'ft' tight-regex pass, or in the Chapter 14.20.10 measurement-methodology section",genuine_absence_after_targeted_search,searched: X.X0.6 HEIGHT tables (13/13); 14.20.10 BUILDING HEIGHT methodology section,2026-10-01
Bridgeport,MX1__Commercial House,MX1,,Commercial House,,V3,maximum_height_stories,confirmed,2.5,stories,2.5,stories,,,see supplemental regs on half stories in 3.40.10,manual_verified_visual_table,bridgeport_zoning_code_full_2022-01.pdf.pdf,,38,38,X.X0.6 HEIGHT -- Commercial House,,Figure: Commercial House Height,Height,,,targeted_visual_table_recovery,0.9,0.9,verified_governing_value,reviewed,structurally_non_equivalent,stories never converted to feet without explicit legal conversion,confirmed_governing_rule,,2026-10-01
Bridgeport,MX1__Commercial House,MX1,,Commercial House,,V3,maximum_building_height_ft,genuine_absence_after_targeted_search,,,,,,,,manual_verified_visual_table,bridgeport_zoning_code_full_2022-01.pdf.pdf,,38,38,X.X0.6 HEIGHT -- Commercial House,,Figure: Commercial House Height,Height (feet),,,targeted_visual_table_recovery,0.9,0.9,verified_governing_value,reviewed,missing,"no total-building-height-in-feet value found on this page, in the document-wide 'Height'/'ft' tight-regex pass, or in the Chapter 14.20.10 measurement-methodology section",genuine_absence_after_targeted_search,searched: X.X0.6 HEIGHT tables (13/13); 14.20.10 BUILDING HEIGHT methodology section,2026-10-01
Bridgeport,MXN__Commercial House,MXN,,Commercial House,,V3,maximum_height_stories,confirmed,2.5,stories,2.5,stories,,,,manual_verified_visual_table,bridgeport_zoning_code_full_2022-01.pdf.pdf,,38,38,X.X0.6 HEIGHT -- Commercial House,,Figure: Commercial House Height,Height,,,targeted_visual_table_recovery,0.9,0.9,verified_governing_value,reviewed,structurally_non_equivalent,stories never converted to feet without explicit legal conversion,confirmed_governing_rule,,2026-10-01
Bridgeport,MXN__Commercial House,MXN,,Commercial House,,V3,maximum_building_height_ft,genuine_absence_after_targeted_search,,,,,,,,manual_verified_visual_table,bridgeport_zoning_code_full_2022-01.pdf.pdf,,38,38,X.X0.6 HEIGHT -- Commercial House,,Figure: Commercial House Height,Height (feet),,,targeted_visual_table_recovery,0.9,0.9,verified_governing_value,reviewed,missing,"no total-building-height-in-feet value found on this page, in the document-wide 'Height'/'ft' tight-regex pass, or in the Chapter 14.20.10 measurement-methodology section",genuine_absence_after_targeted_search,searched: X.X0.6 HEIGHT tables (13/13); 14.20.10 BUILDING HEIGHT methodology section,2026-10-01
Bridgeport,MX2__Commercial House,MX2,,Commercial House,,V3,maximum_height_stories,confirmed,2.5,stories,2.5,stories,,,,manual_verified_visual_table,bridgeport_zoning_code_full_2022-01.pdf.pdf,,38,38,X.X0.6 HEIGHT -- Commercial House,,Figure: Commercial House Height,Height,,,targeted_visual_table_recovery,0.9,0.9,verified_governing_value,reviewed,structurally_non_equivalent,stories never converted to feet without explicit legal conversion,confirmed_governing_rule,,2026-10-01
Bridgeport,MX2__Commercial House,MX2,,Commercial House,,V3,maximum_building_height_ft,genuine_absence_after_targeted_search,,,,,,,,manual_verified_visual_table,bridgeport_zoning_code_full_2022-01.pdf.pdf,,38,38,X.X0.6 HEIGHT -- Commercial House,,Figure: Commercial House Height,Height (feet),,,targeted_visual_table_recovery,0.9,0.9,verified_governing_value,reviewed,missing,"no total-building-height-in-feet value found on this page, in the document-wide 'Height'/'ft' tight-regex pass, or in the Chapter 14.20.10 measurement-methodology section",genuine_absence_after_targeted_search,searched: X.X0.6 HEIGHT tables (13/13); 14.20.10 BUILDING HEIGHT methodology section,2026-10-01
Bridgeport,RX1__Commercial House,RX1,,Commercial House,,V3,maximum_height_stories,confirmed,2.5,stories,2.5,stories,,,,manual_verified_visual_table,bridgeport_zoning_code_full_2022-01.pdf.pdf,,38,38,X.X0.6 HEIGHT -- Commercial House,,Figure: Commercial House Height,Height,,,targeted_visual_table_recovery,0.9,0.9,verified_governing_value,reviewed,structurally_non_equivalent,stories never converted to feet without explicit legal conversion,confirmed_governing_rule,,2026-10-01
Bridgeport,RX1__Commercial House,RX1,,Commercial House,,V3,maximum_building_height_ft,genuine_absence_after_targeted_search,,,,,,,,manual_verified_visual_table,bridgeport_zoning_code_full_2022-01.pdf.pdf,,38,38,X.X0.6 HEIGHT -- Commercial House,,Figure: Commercial House Height,Height (feet),,,targeted_visual_table_recovery,0.9,0.9,verified_governing_value,reviewed,missing,"no total-building-height-in-feet value found on this page, in the document-wide 'Height'/'ft' tight-regex pass, or in the Chapter 14.20.10 measurement-methodology section",genuine_absence_after_targeted_search,searched: X.X0.6 HEIGHT tables (13/13); 14.20.10 BUILDING HEIGHT methodology section,2026-10-01
Bridgeport,RX2__Commercial House,RX2,,Commercial House,,V3,maximum_height_stories,confirmed,2.5,stories,2.5,stories,,,,manual_verified_visual_table,bridgeport_zoning_code_full_2022-01.pdf.pdf,,38,38,X.X0.6 HEIGHT -- Commercial House,,Figure: Commercial House Height,Height,,,targeted_visual_table_recovery,0.9,0.9,verified_governing_value,reviewed,structurally_non_equivalent,stories never converted to feet without explicit legal conversion,confirmed_governing_rule,,2026-10-01
Bridgeport,RX2__Commercial House,RX2,,Commercial House,,V3,maximum_building_height_ft,genuine_absence_after_targeted_search,,,,,,,,manual_verified_visual_table,bridgeport_zoning_code_full_2022-01.pdf.pdf,,38,38,X.X0.6 HEIGHT -- Commercial House,,Figure: Commercial House Height,Height (feet),,,targeted_visual_table_recovery,0.9,0.9,verified_governing_value,reviewed,missing,"no total-building-height-in-feet value found on this page, in the document-wide 'Height'/'ft' tight-regex pass, or in the Chapter 14.20.10 measurement-methodology section",genuine_absence_after_targeted_search,searched: X.X0.6 HEIGHT tables (13/13); 14.20.10 BUILDING HEIGHT methodology section,2026-10-01
Bridgeport,DX2__General,DX2,,General,,V3,maximum_height_stories,confirmed,15.0,stories,15.0,stories,,,+20 additional stories in high-rise per 6.70,manual_verified_visual_table,bridgeport_zoning_code_full_2022-01.pdf.pdf,,46,46,X.X0.6 HEIGHT -- General,,Figure: General Height,Height,,,targeted_visual_table_recovery,0.9,0.9,verified_governing_value,reviewed,structurally_non_equivalent,stories never converted to feet without explicit legal conversion,confirmed_governing_rule,,2026-10-01
Bridgeport,DX2__General,DX2,,General,,V3,maximum_building_height_ft,genuine_absence_after_targeted_search,,,,,,,,manual_verified_visual_table,bridgeport_zoning_code_full_2022-01.pdf.pdf,,46,46,X.X0.6 HEIGHT -- General,,Figure: General Height,Height (feet),,,targeted_visual_table_recovery,0.9,0.9,verified_governing_value,reviewed,missing,"no total-building-height-in-feet value found on this page, in the document-wide 'Height'/'ft' tight-regex pass, or in the Chapter 14.20.10 measurement-methodology section",genuine_absence_after_targeted_search,searched: X.X0.6 HEIGHT tables (13/13); 14.20.10 BUILDING HEIGHT methodology section,2026-10-01
Bridgeport,RX2__General,RX2,,General,,V3,maximum_height_stories,confirmed,5.5,stories,5.5,stories,,,RX2: +3 additional stories w/ special permit,manual_verified_visual_table,bridgeport_zoning_code_full_2022-01.pdf.pdf,,46,46,X.X0.6 HEIGHT -- General,,Figure: General Height,Height,,,targeted_visual_table_recovery,0.9,0.9,verified_governing_value,reviewed,structurally_non_equivalent,stories never converted to feet without explicit legal conversion,confirmed_governing_rule,,2026-10-01
Bridgeport,RX2__General,RX2,,General,,V3,maximum_building_height_ft,genuine_absence_after_targeted_search,,,,,,,,manual_verified_visual_table,bridgeport_zoning_code_full_2022-01.pdf.pdf,,46,46,X.X0.6 HEIGHT -- General,,Figure: General Height,Height (feet),,,targeted_visual_table_recovery,0.9,0.9,verified_governing_value,reviewed,missing,"no total-building-height-in-feet value found on this page, in the document-wide 'Height'/'ft' tight-regex pass, or in the Chapter 14.20.10 measurement-methodology section",genuine_absence_after_targeted_search,searched: X.X0.6 HEIGHT tables (13/13); 14.20.10 BUILDING HEIGHT methodology section,2026-10-01
Bridgeport,P2__General,P2,,General,,V3,maximum_height_stories,confirmed,5.5,stories,5.5,stories,,,,manual_verified_visual_table,bridgeport_zoning_code_full_2022-01.pdf.pdf,,46,46,X.X0.6 HEIGHT -- General,,Figure: General Height,Height,,,targeted_visual_table_recovery,0.9,0.9,verified_governing_value,reviewed,structurally_non_equivalent,stories never converted to feet without explicit legal conversion,confirmed_governing_rule,,2026-10-01
Bridgeport,P2__General,P2,,General,,V3,maximum_building_height_ft,genuine_absence_after_targeted_search,,,,,,,,manual_verified_visual_table,bridgeport_zoning_code_full_2022-01.pdf.pdf,,46,46,X.X0.6 HEIGHT -- General,,Figure: General Height,Height (feet),,,targeted_visual_table_recovery,0.9,0.9,verified_governing_value,reviewed,missing,"no total-building-height-in-feet value found on this page, in the document-wide 'Height'/'ft' tight-regex pass, or in the Chapter 14.20.10 measurement-methodology section",genuine_absence_after_targeted_search,searched: X.X0.6 HEIGHT tables (13/13); 14.20.10 BUILDING HEIGHT methodology section,2026-10-01
Bridgeport,IX__General,IX,,General,,V3,maximum_height_stories,confirmed,5.5,stories,5.5,stories,,,,manual_verified_visual_table,bridgeport_zoning_code_full_2022-01.pdf.pdf,,46,46,X.X0.6 HEIGHT -- General,,Figure: General Height,Height,,,targeted_visual_table_recovery,0.9,0.9,verified_governing_value,reviewed,structurally_non_equivalent,stories never converted to feet without explicit legal conversion,confirmed_governing_rule,,2026-10-01
Bridgeport,IX__General,IX,,General,,V3,maximum_building_height_ft,genuine_absence_after_targeted_search,,,,,,,,manual_verified_visual_table,bridgeport_zoning_code_full_2022-01.pdf.pdf,,46,46,X.X0.6 HEIGHT -- General,,Figure: General Height,Height (feet),,,targeted_visual_table_recovery,0.9,0.9,verified_governing_value,reviewed,missing,"no total-building-height-in-feet value found on this page, in the document-wide 'Height'/'ft' tight-regex pass, or in the Chapter 14.20.10 measurement-methodology section",genuine_absence_after_targeted_search,searched: X.X0.6 HEIGHT tables (13/13); 14.20.10 BUILDING HEIGHT methodology section,2026-10-01
Bridgeport,NX4__General,NX4,,General,,V3,maximum_height_stories,confirmed,5.5,stories,5.5,stories,,,NX4: +7 additional stories stepped back from lower 5.5 stories per 3.50.10.C,manual_verified_visual_table,bridgeport_zoning_code_full_2022-01.pdf.pdf,,46,46,X.X0.6 HEIGHT -- General,,Figure: General Height,Height,,,targeted_visual_table_recovery,0.9,0.9,verified_governing_value,reviewed,structurally_non_equivalent,stories never converted to feet without explicit legal conversion,confirmed_governing_rule,,2026-10-01
Bridgeport,NX4__General,NX4,,General,,V3,maximum_building_height_ft,genuine_absence_after_targeted_search,,,,,,,,manual_verified_visual_table,bridgeport_zoning_code_full_2022-01.pdf.pdf,,46,46,X.X0.6 HEIGHT -- General,,Figure: General Height,Height (feet),,,targeted_visual_table_recovery,0.9,0.9,verified_governing_value,reviewed,missing,"no total-building-height-in-feet value found on this page, in the document-wide 'Height'/'ft' tight-regex pass, or in the Chapter 14.20.10 measurement-methodology section",genuine_absence_after_targeted_search,searched: X.X0.6 HEIGHT tables (13/13); 14.20.10 BUILDING HEIGHT methodology section,2026-10-01
Bridgeport,NX3__General,NX3,,General,,V3,maximum_height_stories,confirmed,3.5,stories,3.5,stories,,,,manual_verified_visual_table,bridgeport_zoning_code_full_2022-01.pdf.pdf,,46,46,X.X0.6 HEIGHT -- General,,Figure: General Height,Height,,,targeted_visual_table_recovery,0.9,0.9,verified_governing_value,reviewed,structurally_non_equivalent,stories never converted to feet without explicit legal conversion,confirmed_governing_rule,,2026-10-01
Bridgeport,NX3__General,NX3,,General,,V3,maximum_building_height_ft,genuine_absence_after_targeted_search,,,,,,,,manual_verified_visual_table,bridgeport_zoning_code_full_2022-01.pdf.pdf,,46,46,X.X0.6 HEIGHT -- General,,Figure: General Height,Height (feet),,,targeted_visual_table_recovery,0.9,0.9,verified_governing_value,reviewed,missing,"no total-building-height-in-feet value found on this page, in the document-wide 'Height'/'ft' tight-regex pass, or in the Chapter 14.20.10 measurement-methodology section",genuine_absence_after_targeted_search,searched: X.X0.6 HEIGHT tables (13/13); 14.20.10 BUILDING HEIGHT methodology section,2026-10-01
Bridgeport,CX__General,CX,,General,,V3,maximum_height_stories,confirmed,3.0,stories,3.0,stories,,,max only (no stated minimum),manual_verified_visual_table,bridgeport_zoning_code_full_2022-01.pdf.pdf,,46,46,X.X0.6 HEIGHT -- General,,Figure: General Height,Height,,,targeted_visual_table_recovery,0.9,0.9,verified_governing_value,reviewed,structurally_non_equivalent,stories never converted to feet without explicit legal conversion,confirmed_governing_rule,,2026-10-01
Bridgeport,CX__General,CX,,General,,V3,maximum_building_height_ft,genuine_absence_after_targeted_search,,,,,,,,manual_verified_visual_table,bridgeport_zoning_code_full_2022-01.pdf.pdf,,46,46,X.X0.6 HEIGHT -- General,,Figure: General Height,Height (feet),,,targeted_visual_table_recovery,0.9,0.9,verified_governing_value,reviewed,missing,"no total-building-height-in-feet value found on this page, in the document-wide 'Height'/'ft' tight-regex pass, or in the Chapter 14.20.10 measurement-methodology section",genuine_absence_after_targeted_search,searched: X.X0.6 HEIGHT tables (13/13); 14.20.10 BUILDING HEIGHT methodology section,2026-10-01
Bridgeport,I__General,I,,General,,V3,maximum_height_stories,confirmed,3.0,stories,3.0,stories,,,max only (no stated minimum),manual_verified_visual_table,bridgeport_zoning_code_full_2022-01.pdf.pdf,,46,46,X.X0.6 HEIGHT -- General,,Figure: General Height,Height,,,targeted_visual_table_recovery,0.9,0.9,verified_governing_value,reviewed,structurally_non_equivalent,stories never converted to feet without explicit legal conversion,confirmed_governing_rule,,2026-10-01
Bridgeport,I__General,I,,General,,V3,maximum_building_height_ft,genuine_absence_after_targeted_search,,,,,,,,manual_verified_visual_table,bridgeport_zoning_code_full_2022-01.pdf.pdf,,46,46,X.X0.6 HEIGHT -- General,,Figure: General Height,Height (feet),,,targeted_visual_table_recovery,0.9,0.9,verified_governing_value,reviewed,missing,"no total-building-height-in-feet value found on this page, in the document-wide 'Height'/'ft' tight-regex pass, or in the Chapter 14.20.10 measurement-methodology section",genuine_absence_after_targeted_search,searched: X.X0.6 HEIGHT tables (13/13); 14.20.10 BUILDING HEIGHT methodology section,2026-10-01
Bridgeport,NX2__Small General,NX2,,Small General,,V3,maximum_height_stories,confirmed,3.0,stories,3.0,stories,,,,manual_verified_visual_table,bridgeport_zoning_code_full_2022-01.pdf.pdf,,54,54,X.X0.6 HEIGHT -- Small General,,Figure: Small General Height,Height,,,targeted_visual_table_recovery,0.9,0.9,verified_governing_value,reviewed,structurally_non_equivalent,stories never converted to feet without explicit legal conversion,confirmed_governing_rule,,2026-10-01
Bridgeport,NX2__Small General,NX2,,Small General,,V3,maximum_building_height_ft,genuine_absence_after_targeted_search,,,,,,,,manual_verified_visual_table,bridgeport_zoning_code_full_2022-01.pdf.pdf,,54,54,X.X0.6 HEIGHT -- Small General,,Figure: Small General Height,Height (feet),,,targeted_visual_table_recovery,0.9,0.9,verified_governing_value,reviewed,missing,"no total-building-height-in-feet value found on this page, in the document-wide 'Height'/'ft' tight-regex pass, or in the Chapter 14.20.10 measurement-methodology section",genuine_absence_after_targeted_search,searched: X.X0.6 HEIGHT tables (13/13); 14.20.10 BUILDING HEIGHT methodology section,2026-10-01
Bridgeport,RX1__Small General,RX1,,Small General,,V3,maximum_height_stories,confirmed,3.0,stories,3.0,stories,,,,manual_verified_visual_table,bridgeport_zoning_code_full_2022-01.pdf.pdf,,54,54,X.X0.6 HEIGHT -- Small General,,Figure: Small General Height,Height,,,targeted_visual_table_recovery,0.9,0.9,verified_governing_value,reviewed,structurally_non_equivalent,stories never converted to feet without explicit legal conversion,confirmed_governing_rule,,2026-10-01
Bridgeport,RX1__Small General,RX1,,Small General,,V3,maximum_building_height_ft,genuine_absence_after_targeted_search,,,,,,,,manual_verified_visual_table,bridgeport_zoning_code_full_2022-01.pdf.pdf,,54,54,X.X0.6 HEIGHT -- Small General,,Figure: Small General Height,Height (feet),,,targeted_visual_table_recovery,0.9,0.9,verified_governing_value,reviewed,missing,"no total-building-height-in-feet value found on this page, in the document-wide 'Height'/'ft' tight-regex pass, or in the Chapter 14.20.10 measurement-methodology section",genuine_absence_after_targeted_search,searched: X.X0.6 HEIGHT tables (13/13); 14.20.10 BUILDING HEIGHT methodology section,2026-10-01
Bridgeport,NX1__Row,NX1,,Row,,V3,maximum_height_stories,confirmed,2.5,stories,2.5,stories,,,,manual_verified_visual_table,bridgeport_zoning_code_full_2022-01.pdf.pdf,,62,62,X.X0.6 HEIGHT -- Row,,Figure: Row Height,Height,,,targeted_visual_table_recovery,0.9,0.9,verified_governing_value,reviewed,structurally_non_equivalent,stories never converted to feet without explicit legal conversion,confirmed_governing_rule,,2026-10-01
Bridgeport,NX1__Row,NX1,,Row,,V3,maximum_building_height_ft,genuine_absence_after_targeted_search,,,,,,,,manual_verified_visual_table,bridgeport_zoning_code_full_2022-01.pdf.pdf,,62,62,X.X0.6 HEIGHT -- Row,,Figure: Row Height,Height (feet),,,targeted_visual_table_recovery,0.9,0.9,verified_governing_value,reviewed,missing,"no total-building-height-in-feet value found on this page, in the document-wide 'Height'/'ft' tight-regex pass, or in the Chapter 14.20.10 measurement-methodology section",genuine_absence_after_targeted_search,searched: X.X0.6 HEIGHT tables (13/13); 14.20.10 BUILDING HEIGHT methodology section,2026-10-01
Bridgeport,NX2__Row,NX2,,Row,,V3,maximum_height_stories,confirmed,2.5,stories,2.5,stories,,,,manual_verified_visual_table,bridgeport_zoning_code_full_2022-01.pdf.pdf,,62,62,X.X0.6 HEIGHT -- Row,,Figure: Row Height,Height,,,targeted_visual_table_recovery,0.9,0.9,verified_governing_value,reviewed,structurally_non_equivalent,stories never converted to feet without explicit legal conversion,confirmed_governing_rule,,2026-10-01
Bridgeport,NX2__Row,NX2,,Row,,V3,maximum_building_height_ft,genuine_absence_after_targeted_search,,,,,,,,manual_verified_visual_table,bridgeport_zoning_code_full_2022-01.pdf.pdf,,62,62,X.X0.6 HEIGHT -- Row,,Figure: Row Height,Height (feet),,,targeted_visual_table_recovery,0.9,0.9,verified_governing_value,reviewed,missing,"no total-building-height-in-feet value found on this page, in the document-wide 'Height'/'ft' tight-regex pass, or in the Chapter 14.20.10 measurement-methodology section",genuine_absence_after_targeted_search,searched: X.X0.6 HEIGHT tables (13/13); 14.20.10 BUILDING HEIGHT methodology section,2026-10-01
Bridgeport,NX3__Row,NX3,,Row,,V3,maximum_height_stories,confirmed,3.5,stories,3.5,stories,,,,manual_verified_visual_table,bridgeport_zoning_code_full_2022-01.pdf.pdf,,62,62,X.X0.6 HEIGHT -- Row,,Figure: Row Height,Height,,,targeted_visual_table_recovery,0.9,0.9,verified_governing_value,reviewed,structurally_non_equivalent,stories never converted to feet without explicit legal conversion,confirmed_governing_rule,,2026-10-01
Bridgeport,NX3__Row,NX3,,Row,,V3,maximum_building_height_ft,genuine_absence_after_targeted_search,,,,,,,,manual_verified_visual_table,bridgeport_zoning_code_full_2022-01.pdf.pdf,,62,62,X.X0.6 HEIGHT -- Row,,Figure: Row Height,Height (feet),,,targeted_visual_table_recovery,0.9,0.9,verified_governing_value,reviewed,missing,"no total-building-height-in-feet value found on this page, in the document-wide 'Height'/'ft' tight-regex pass, or in the Chapter 14.20.10 measurement-methodology section",genuine_absence_after_targeted_search,searched: X.X0.6 HEIGHT tables (13/13); 14.20.10 BUILDING HEIGHT methodology section,2026-10-01
Bridgeport,NX4__Row,NX4,,Row,,V3,maximum_height_stories,confirmed,3.5,stories,3.5,stories,,,,manual_verified_visual_table,bridgeport_zoning_code_full_2022-01.pdf.pdf,,62,62,X.X0.6 HEIGHT -- Row,,Figure: Row Height,Height,,,targeted_visual_table_recovery,0.9,0.9,verified_governing_value,reviewed,structurally_non_equivalent,stories never converted to feet without explicit legal conversion,confirmed_governing_rule,,2026-10-01
Bridgeport,NX4__Row,NX4,,Row,,V3,maximum_building_height_ft,genuine_absence_after_targeted_search,,,,,,,,manual_verified_visual_table,bridgeport_zoning_code_full_2022-01.pdf.pdf,,62,62,X.X0.6 HEIGHT -- Row,,Figure: Row Height,Height (feet),,,targeted_visual_table_recovery,0.9,0.9,verified_governing_value,reviewed,missing,"no total-building-height-in-feet value found on this page, in the document-wide 'Height'/'ft' tight-regex pass, or in the Chapter 14.20.10 measurement-methodology section",genuine_absence_after_targeted_search,searched: X.X0.6 HEIGHT tables (13/13); 14.20.10 BUILDING HEIGHT methodology section,2026-10-01
Bridgeport,RX1__Row,RX1,,Row,,V3,maximum_height_stories,confirmed,3.5,stories,3.5,stories,,,,manual_verified_visual_table,bridgeport_zoning_code_full_2022-01.pdf.pdf,,62,62,X.X0.6 HEIGHT -- Row,,Figure: Row Height,Height,,,targeted_visual_table_recovery,0.9,0.9,verified_governing_value,reviewed,structurally_non_equivalent,stories never converted to feet without explicit legal conversion,confirmed_governing_rule,,2026-10-01
Bridgeport,RX1__Row,RX1,,Row,,V3,maximum_building_height_ft,genuine_absence_after_targeted_search,,,,,,,,manual_verified_visual_table,bridgeport_zoning_code_full_2022-01.pdf.pdf,,62,62,X.X0.6 HEIGHT -- Row,,Figure: Row Height,Height (feet),,,targeted_visual_table_recovery,0.9,0.9,verified_governing_value,reviewed,missing,"no total-building-height-in-feet value found on this page, in the document-wide 'Height'/'ft' tight-regex pass, or in the Chapter 14.20.10 measurement-methodology section",genuine_absence_after_targeted_search,searched: X.X0.6 HEIGHT tables (13/13); 14.20.10 BUILDING HEIGHT methodology section,2026-10-01
Bridgeport,RX2__Row,RX2,,Row,,V3,maximum_height_stories,confirmed,3.5,stories,3.5,stories,,,,manual_verified_visual_table,bridgeport_zoning_code_full_2022-01.pdf.pdf,,62,62,X.X0.6 HEIGHT -- Row,,Figure: Row Height,Height,,,targeted_visual_table_recovery,0.9,0.9,verified_governing_value,reviewed,structurally_non_equivalent,stories never converted to feet without explicit legal conversion,confirmed_governing_rule,,2026-10-01
Bridgeport,RX2__Row,RX2,,Row,,V3,maximum_building_height_ft,genuine_absence_after_targeted_search,,,,,,,,manual_verified_visual_table,bridgeport_zoning_code_full_2022-01.pdf.pdf,,62,62,X.X0.6 HEIGHT -- Row,,Figure: Row Height,Height (feet),,,targeted_visual_table_recovery,0.9,0.9,verified_governing_value,reviewed,missing,"no total-building-height-in-feet value found on this page, in the document-wide 'Height'/'ft' tight-regex pass, or in the Chapter 14.20.10 measurement-methodology section",genuine_absence_after_targeted_search,searched: X.X0.6 HEIGHT tables (13/13); 14.20.10 BUILDING HEIGHT methodology section,2026-10-01
Bridgeport,NX1__Double House A,NX1,,Double House A,,V3,maximum_height_stories,confirmed,2.5,stories,2.5,stories,,,,manual_verified_visual_table,bridgeport_zoning_code_full_2022-01.pdf.pdf,,70,70,X.X0.6 HEIGHT -- Double House A,,Figure: Double House A Height,Height,,,targeted_visual_table_recovery,0.9,0.9,verified_governing_value,reviewed,structurally_non_equivalent,stories never converted to feet without explicit legal conversion,confirmed_governing_rule,,2026-10-01
Bridgeport,NX1__Double House A,NX1,,Double House A,,V3,maximum_building_height_ft,genuine_absence_after_targeted_search,,,,,,,,manual_verified_visual_table,bridgeport_zoning_code_full_2022-01.pdf.pdf,,70,70,X.X0.6 HEIGHT -- Double House A,,Figure: Double House A Height,Height (feet),,,targeted_visual_table_recovery,0.9,0.9,verified_governing_value,reviewed,missing,"no total-building-height-in-feet value found on this page, in the document-wide 'Height'/'ft' tight-regex pass, or in the Chapter 14.20.10 measurement-methodology section",genuine_absence_after_targeted_search,searched: X.X0.6 HEIGHT tables (13/13); 14.20.10 BUILDING HEIGHT methodology section,2026-10-01
Bridgeport,NX2__Double House A,NX2,,Double House A,,V3,maximum_height_stories,confirmed,2.5,stories,2.5,stories,,,,manual_verified_visual_table,bridgeport_zoning_code_full_2022-01.pdf.pdf,,70,70,X.X0.6 HEIGHT -- Double House A,,Figure: Double House A Height,Height,,,targeted_visual_table_recovery,0.9,0.9,verified_governing_value,reviewed,structurally_non_equivalent,stories never converted to feet without explicit legal conversion,confirmed_governing_rule,,2026-10-01
Bridgeport,NX2__Double House A,NX2,,Double House A,,V3,maximum_building_height_ft,genuine_absence_after_targeted_search,,,,,,,,manual_verified_visual_table,bridgeport_zoning_code_full_2022-01.pdf.pdf,,70,70,X.X0.6 HEIGHT -- Double House A,,Figure: Double House A Height,Height (feet),,,targeted_visual_table_recovery,0.9,0.9,verified_governing_value,reviewed,missing,"no total-building-height-in-feet value found on this page, in the document-wide 'Height'/'ft' tight-regex pass, or in the Chapter 14.20.10 measurement-methodology section",genuine_absence_after_targeted_search,searched: X.X0.6 HEIGHT tables (13/13); 14.20.10 BUILDING HEIGHT methodology section,2026-10-01
Bridgeport,N1__House A,N1,,House A,,V3,maximum_height_stories,confirmed,2.5,stories,2.5,stories,,,,manual_verified_visual_table,bridgeport_zoning_code_full_2022-01.pdf.pdf,,78,78,X.X0.6 HEIGHT -- House A,,Figure: House A Height,Height,,,targeted_visual_table_recovery,0.9,0.9,verified_governing_value,reviewed,structurally_non_equivalent,stories never converted to feet without explicit legal conversion,confirmed_governing_rule,,2026-10-01
Bridgeport,N1__House A,N1,,House A,,V3,maximum_building_height_ft,genuine_absence_after_targeted_search,,,,,,,,manual_verified_visual_table,bridgeport_zoning_code_full_2022-01.pdf.pdf,,78,78,X.X0.6 HEIGHT -- House A,,Figure: House A Height,Height (feet),,,targeted_visual_table_recovery,0.9,0.9,verified_governing_value,reviewed,missing,"no total-building-height-in-feet value found on this page, in the document-wide 'Height'/'ft' tight-regex pass, or in the Chapter 14.20.10 measurement-methodology section",genuine_absence_after_targeted_search,searched: X.X0.6 HEIGHT tables (13/13); 14.20.10 BUILDING HEIGHT methodology section,2026-10-01
Bridgeport,NX1__House A,NX1,,House A,,V3,maximum_height_stories,confirmed,2.5,stories,2.5,stories,,,,manual_verified_visual_table,bridgeport_zoning_code_full_2022-01.pdf.pdf,,78,78,X.X0.6 HEIGHT -- House A,,Figure: House A Height,Height,,,targeted_visual_table_recovery,0.9,0.9,verified_governing_value,reviewed,structurally_non_equivalent,stories never converted to feet without explicit legal conversion,confirmed_governing_rule,,2026-10-01
Bridgeport,NX1__House A,NX1,,House A,,V3,maximum_building_height_ft,genuine_absence_after_targeted_search,,,,,,,,manual_verified_visual_table,bridgeport_zoning_code_full_2022-01.pdf.pdf,,78,78,X.X0.6 HEIGHT -- House A,,Figure: House A Height,Height (feet),,,targeted_visual_table_recovery,0.9,0.9,verified_governing_value,reviewed,missing,"no total-building-height-in-feet value found on this page, in the document-wide 'Height'/'ft' tight-regex pass, or in the Chapter 14.20.10 measurement-methodology section",genuine_absence_after_targeted_search,searched: X.X0.6 HEIGHT tables (13/13); 14.20.10 BUILDING HEIGHT methodology section,2026-10-01
Bridgeport,NX2__House A,NX2,,House A,,V3,maximum_height_stories,confirmed,2.5,stories,2.5,stories,,,,manual_verified_visual_table,bridgeport_zoning_code_full_2022-01.pdf.pdf,,78,78,X.X0.6 HEIGHT -- House A,,Figure: House A Height,Height,,,targeted_visual_table_recovery,0.9,0.9,verified_governing_value,reviewed,structurally_non_equivalent,stories never converted to feet without explicit legal conversion,confirmed_governing_rule,,2026-10-01
Bridgeport,NX2__House A,NX2,,House A,,V3,maximum_building_height_ft,genuine_absence_after_targeted_search,,,,,,,,manual_verified_visual_table,bridgeport_zoning_code_full_2022-01.pdf.pdf,,78,78,X.X0.6 HEIGHT -- House A,,Figure: House A Height,Height (feet),,,targeted_visual_table_recovery,0.9,0.9,verified_governing_value,reviewed,missing,"no total-building-height-in-feet value found on this page, in the document-wide 'Height'/'ft' tight-regex pass, or in the Chapter 14.20.10 measurement-methodology section",genuine_absence_after_targeted_search,searched: X.X0.6 HEIGHT tables (13/13); 14.20.10 BUILDING HEIGHT methodology section,2026-10-01
Bridgeport,N2__House B,N2,,House B,,V3,maximum_height_stories,confirmed,2.0,stories,2.0,stories,,,,manual_verified_visual_table,bridgeport_zoning_code_full_2022-01.pdf.pdf,,86,86,X.X0.6 HEIGHT -- House B,,Figure: House B Height,Height,,,targeted_visual_table_recovery,0.9,0.9,verified_governing_value,reviewed,structurally_non_equivalent,stories never converted to feet without explicit legal conversion,confirmed_governing_rule,,2026-10-01
Bridgeport,N2__House B,N2,,House B,,V3,maximum_building_height_ft,genuine_absence_after_targeted_search,,,,,,,,manual_verified_visual_table,bridgeport_zoning_code_full_2022-01.pdf.pdf,,86,86,X.X0.6 HEIGHT -- House B,,Figure: House B Height,Height (feet),,,targeted_visual_table_recovery,0.9,0.9,verified_governing_value,reviewed,missing,"no total-building-height-in-feet value found on this page, in the document-wide 'Height'/'ft' tight-regex pass, or in the Chapter 14.20.10 measurement-methodology section",genuine_absence_after_targeted_search,searched: X.X0.6 HEIGHT tables (13/13); 14.20.10 BUILDING HEIGHT methodology section,2026-10-01
Bridgeport,N3__House C,N3,,House C,,V3,maximum_height_stories,confirmed,2.5,stories,2.5,stories,,,,manual_verified_visual_table,bridgeport_zoning_code_full_2022-01.pdf.pdf,,94,94,X.X0.6 HEIGHT -- House C,,Figure: House C Height,Height,,,targeted_visual_table_recovery,0.9,0.9,verified_governing_value,reviewed,structurally_non_equivalent,stories never converted to feet without explicit legal conversion,confirmed_governing_rule,,2026-10-01
Bridgeport,N3__House C,N3,,House C,,V3,maximum_building_height_ft,genuine_absence_after_targeted_search,,,,,,,,manual_verified_visual_table,bridgeport_zoning_code_full_2022-01.pdf.pdf,,94,94,X.X0.6 HEIGHT -- House C,,Figure: House C Height,Height (feet),,,targeted_visual_table_recovery,0.9,0.9,verified_governing_value,reviewed,missing,"no total-building-height-in-feet value found on this page, in the document-wide 'Height'/'ft' tight-regex pass, or in the Chapter 14.20.10 measurement-methodology section",genuine_absence_after_targeted_search,searched: X.X0.6 HEIGHT tables (13/13); 14.20.10 BUILDING HEIGHT methodology section,2026-10-01
Bridgeport,N4__House D,N4,,House D,,V3,maximum_height_stories,confirmed,2.0,stories,2.0,stories,,,,manual_verified_visual_table,bridgeport_zoning_code_full_2022-01.pdf.pdf,,102,102,X.X0.6 HEIGHT -- House D,,Figure: House D Height,Height,,,targeted_visual_table_recovery,0.9,0.9,verified_governing_value,reviewed,structurally_non_equivalent,stories never converted to feet without explicit legal conversion,confirmed_governing_rule,,2026-10-01
Bridgeport,N4__House D,N4,,House D,,V3,maximum_building_height_ft,genuine_absence_after_targeted_search,,,,,,,,manual_verified_visual_table,bridgeport_zoning_code_full_2022-01.pdf.pdf,,102,102,X.X0.6 HEIGHT -- House D,,Figure: House D Height,Height (feet),,,targeted_visual_table_recovery,0.9,0.9,verified_governing_value,reviewed,missing,"no total-building-height-in-feet value found on this page, in the document-wide 'Height'/'ft' tight-regex pass, or in the Chapter 14.20.10 measurement-methodology section",genuine_absence_after_targeted_search,searched: X.X0.6 HEIGHT tables (13/13); 14.20.10 BUILDING HEIGHT methodology section,2026-10-01
Bridgeport,CX__Workshop,CX,,Workshop,,V3,maximum_height_stories,confirmed,3.0,stories,3.0,stories,,,max only,manual_verified_visual_table,bridgeport_zoning_code_full_2022-01.pdf.pdf,,110,110,X.X0.6 HEIGHT -- Workshop,,Figure: Workshop Height,Height,,,targeted_visual_table_recovery,0.9,0.9,verified_governing_value,reviewed,structurally_non_equivalent,stories never converted to feet without explicit legal conversion,confirmed_governing_rule,,2026-10-01
Bridgeport,CX__Workshop,CX,,Workshop,,V3,maximum_building_height_ft,genuine_absence_after_targeted_search,,,,,,,,manual_verified_visual_table,bridgeport_zoning_code_full_2022-01.pdf.pdf,,110,110,X.X0.6 HEIGHT -- Workshop,,Figure: Workshop Height,Height (feet),,,targeted_visual_table_recovery,0.9,0.9,verified_governing_value,reviewed,missing,"no total-building-height-in-feet value found on this page, in the document-wide 'Height'/'ft' tight-regex pass, or in the Chapter 14.20.10 measurement-methodology section",genuine_absence_after_targeted_search,searched: X.X0.6 HEIGHT tables (13/13); 14.20.10 BUILDING HEIGHT methodology section,2026-10-01
Bridgeport,I__Workshop,I,,Workshop,,V3,maximum_height_stories,confirmed,3.0,stories,3.0,stories,,,max only,manual_verified_visual_table,bridgeport_zoning_code_full_2022-01.pdf.pdf,,110,110,X.X0.6 HEIGHT -- Workshop,,Figure: Workshop Height,Height,,,targeted_visual_table_recovery,0.9,0.9,verified_governing_value,reviewed,structurally_non_equivalent,stories never converted to feet without explicit legal conversion,confirmed_governing_rule,,2026-10-01
Bridgeport,I__Workshop,I,,Workshop,,V3,maximum_building_height_ft,genuine_absence_after_targeted_search,,,,,,,,manual_verified_visual_table,bridgeport_zoning_code_full_2022-01.pdf.pdf,,110,110,X.X0.6 HEIGHT -- Workshop,,Figure: Workshop Height,Height (feet),,,targeted_visual_table_recovery,0.9,0.9,verified_governing_value,reviewed,missing,"no total-building-height-in-feet value found on this page, in the document-wide 'Height'/'ft' tight-regex pass, or in the Chapter 14.20.10 measurement-methodology section",genuine_absence_after_targeted_search,searched: X.X0.6 HEIGHT tables (13/13); 14.20.10 BUILDING HEIGHT methodology section,2026-10-01
Bridgeport,DX1__Civic,DX1,,Civic,,V3,maximum_height_stories,confirmed,3.0,stories,3.0,stories,,,additional height may be approved by PZC,manual_verified_visual_table,bridgeport_zoning_code_full_2022-01.pdf.pdf,,118,118,X.X0.6 HEIGHT -- Civic,,Figure: Civic Height,Height,,,targeted_visual_table_recovery,0.9,0.9,verified_governing_value,reviewed,structurally_non_equivalent,stories never converted to feet without explicit legal conversion,confirmed_governing_rule,,2026-10-01
Bridgeport,DX1__Civic,DX1,,Civic,,V3,maximum_building_height_ft,genuine_absence_after_targeted_search,,,,,,,,manual_verified_visual_table,bridgeport_zoning_code_full_2022-01.pdf.pdf,,118,118,X.X0.6 HEIGHT -- Civic,,Figure: Civic Height,Height (feet),,,targeted_visual_table_recovery,0.9,0.9,verified_governing_value,reviewed,missing,"no total-building-height-in-feet value found on this page, in the document-wide 'Height'/'ft' tight-regex pass, or in the Chapter 14.20.10 measurement-methodology section",genuine_absence_after_targeted_search,searched: X.X0.6 HEIGHT tables (13/13); 14.20.10 BUILDING HEIGHT methodology section,2026-10-01
Bridgeport,P3__Civic,P3,,Civic,,V3,maximum_height_stories,confirmed,12.0,stories,12.0,stories,,,,manual_verified_visual_table,bridgeport_zoning_code_full_2022-01.pdf.pdf,,118,118,X.X0.6 HEIGHT -- Civic,,Figure: Civic Height,Height,,,targeted_visual_table_recovery,0.9,0.9,verified_governing_value,reviewed,structurally_non_equivalent,stories never converted to feet without explicit legal conversion,confirmed_governing_rule,,2026-10-01
Bridgeport,P3__Civic,P3,,Civic,,V3,maximum_building_height_ft,genuine_absence_after_targeted_search,,,,,,,,manual_verified_visual_table,bridgeport_zoning_code_full_2022-01.pdf.pdf,,118,118,X.X0.6 HEIGHT -- Civic,,Figure: Civic Height,Height (feet),,,targeted_visual_table_recovery,0.9,0.9,verified_governing_value,reviewed,missing,"no total-building-height-in-feet value found on this page, in the document-wide 'Height'/'ft' tight-regex pass, or in the Chapter 14.20.10 measurement-methodology section",genuine_absence_after_targeted_search,searched: X.X0.6 HEIGHT tables (13/13); 14.20.10 BUILDING HEIGHT methodology section,2026-10-01
Bridgeport,P1__Civic,P1,,Civic,,V3,maximum_height_stories,confirmed,3.0,stories,3.0,stories,,,,manual_verified_visual_table,bridgeport_zoning_code_full_2022-01.pdf.pdf,,118,118,X.X0.6 HEIGHT -- Civic,,Figure: Civic Height,Height,,,targeted_visual_table_recovery,0.9,0.9,verified_governing_value,reviewed,structurally_non_equivalent,stories never converted to feet without explicit legal conversion,confirmed_governing_rule,,2026-10-01
Bridgeport,P1__Civic,P1,,Civic,,V3,maximum_building_height_ft,genuine_absence_after_targeted_search,,,,,,,,manual_verified_visual_table,bridgeport_zoning_code_full_2022-01.pdf.pdf,,118,118,X.X0.6 HEIGHT -- Civic,,Figure: Civic Height,Height (feet),,,targeted_visual_table_recovery,0.9,0.9,verified_governing_value,reviewed,missing,"no total-building-height-in-feet value found on this page, in the document-wide 'Height'/'ft' tight-regex pass, or in the Chapter 14.20.10 measurement-methodology section",genuine_absence_after_targeted_search,searched: X.X0.6 HEIGHT tables (13/13); 14.20.10 BUILDING HEIGHT methodology section,2026-10-01
Bridgeport,CITYWIDE,ALL,,,,V6,minimum_off_street_parking_spaces_per_dwelling_unit,confirmed_qualitative_rule,,,0,spaces_per_unit_floor,no_minimum_parking_requirement,,,general_rule_candidate,bridgeport_zoning_code_full_2022-01.pdf.pdf,,228,228,8.20.1 MINIMUM RATIOS,,,Minimum Ratios,,This zoning code does not establish minimum off-street parking requirements,direct_reading,0.95,0.9,verified_governing_value,reviewed,directly_comparable,"explicit citywide statement, no exceptions found for residential uses",confirmed_qualitative_rule,exceptions checked: 8.20.2 (maximums only); no district-specific supersession found,2026-10-01
Bridgeport,CITYWIDE,ALL,,,,V8,adu_permission_pathway,confirmed,,,,,allowed_subject_to_objective_conditions,,,general_rule_candidate,bridgeport_zoning_code_full_2022-01.pdf.pdf,,155,155,4.70.2 Accessory Apartments,,,Accessory Apartments,,No more than one accessory apartment is allowed per lot...size may not exceed 49% of GFA or 800 sqft...,direct_reading,0.95,0.9,verified_governing_value,reviewed,comparable_with_documented_transform,Bridgeport's own term is 'Accessory Apartment'; conditions documented in Phase 2,confirmed_governing_rule,,2026-10-01
Bridgeport,CITYWIDE,ALL,,,,V7,multifamily_approval_pathway,unresolved_scope_or_cross_reference,,,,,,,,general_rule_candidate,bridgeport_zoning_code_full_2022-01.pdf.pdf,,,,,,,Household Living (4.30.1),,,direct_reading,0.95,0.9,verified_governing_value,reviewed,needs_manual_harmonization,Household Living use category spans all unit counts; the master use-permission table (Article 4.0) gating by-right/special-permit status per zone was not located in this pass -- see Section 3,unresolved_scope_or_cross_reference,"searched: 4.0 Uses TOC (p.141), 4.10 Use Tables instructions (p.142), 4.30 Residential Use Group definitions (p.143); master table not found",2026-10-01
Bridgeport,page_29__PARKING,,,,,V5,attached_garage_setback_ft_and_accessory_structure_setbacks,pending_visual_recovery,,,,,,,,manual_verified_visual_table,,,29,29,X.X0.5 PARKING & ACCESSORY STRUCTURES,,,,,,targeted_visual_table_recovery_not_yet_performed,,,,pending,needs_manual_harmonization,confirmed real family member (document-wide hierarchy search + 2/13 already transcribed); not transcribed in this pass,pending_visual_recovery,,2026-10-01
Bridgeport,page_37__PARKING,,,,,V5,attached_garage_setback_ft_and_accessory_structure_setbacks,pending_visual_recovery,,,,,,,,manual_verified_visual_table,,,37,37,X.X0.5 PARKING & ACCESSORY STRUCTURES,,,,,,targeted_visual_table_recovery_not_yet_performed,,,,pending,needs_manual_harmonization,confirmed real family member (document-wide hierarchy search + 2/13 already transcribed); not transcribed in this pass,pending_visual_recovery,,2026-10-01
Bridgeport,page_53__PARKING,,,,,V5,attached_garage_setback_ft_and_accessory_structure_setbacks,pending_visual_recovery,,,,,,,,manual_verified_visual_table,,,53,53,X.X0.5 PARKING & ACCESSORY STRUCTURES,,,,,,targeted_visual_table_recovery_not_yet_performed,,,,pending,needs_manual_harmonization,confirmed real family member (document-wide hierarchy search + 2/13 already transcribed); not transcribed in this pass,pending_visual_recovery,,2026-10-01
Bridgeport,page_61__PARKING,,,,,V5,attached_garage_setback_ft_and_accessory_structure_setbacks,pending_visual_recovery,,,,,,,,manual_verified_visual_table,,,61,61,X.X0.5 PARKING & ACCESSORY STRUCTURES,,,,,,targeted_visual_table_recovery_not_yet_performed,,,,pending,needs_manual_harmonization,confirmed real family member (document-wide hierarchy search + 2/13 already transcribed); not transcribed in this pass,pending_visual_recovery,,2026-10-01
Bridgeport,page_69__PARKING,,,,,V5,attached_garage_setback_ft_and_accessory_structure_setbacks,pending_visual_recovery,,,,,,,,manual_verified_visual_table,,,69,69,X.X0.5 PARKING & ACCESSORY STRUCTURES,,,,,,targeted_visual_table_recovery_not_yet_performed,,,,pending,needs_manual_harmonization,confirmed real family member (document-wide hierarchy search + 2/13 already transcribed); not transcribed in this pass,pending_visual_recovery,,2026-10-01
Bridgeport,page_77__PARKING,,,,,V5,attached_garage_setback_ft_and_accessory_structure_setbacks,pending_visual_recovery,,,,,,,,manual_verified_visual_table,,,77,77,X.X0.5 PARKING & ACCESSORY STRUCTURES,,,,,,targeted_visual_table_recovery_not_yet_performed,,,,pending,needs_manual_harmonization,confirmed real family member (document-wide hierarchy search + 2/13 already transcribed); not transcribed in this pass,pending_visual_recovery,,2026-10-01
Bridgeport,page_85__PARKING,,,,,V5,attached_garage_setback_ft_and_accessory_structure_setbacks,pending_visual_recovery,,,,,,,,manual_verified_visual_table,,,85,85,X.X0.5 PARKING & ACCESSORY STRUCTURES,,,,,,targeted_visual_table_recovery_not_yet_performed,,,,pending,needs_manual_harmonization,confirmed real family member (document-wide hierarchy search + 2/13 already transcribed); not transcribed in this pass,pending_visual_recovery,,2026-10-01
Bridgeport,page_93__PARKING,,,,,V5,attached_garage_setback_ft_and_accessory_structure_setbacks,pending_visual_recovery,,,,,,,,manual_verified_visual_table,,,93,93,X.X0.5 PARKING & ACCESSORY STRUCTURES,,,,,,targeted_visual_table_recovery_not_yet_performed,,,,pending,needs_manual_harmonization,confirmed real family member (document-wide hierarchy search + 2/13 already transcribed); not transcribed in this pass,pending_visual_recovery,,2026-10-01
Bridgeport,page_101__PARKING,,,,,V5,attached_garage_setback_ft_and_accessory_structure_setbacks,pending_visual_recovery,,,,,,,,manual_verified_visual_table,,,101,101,X.X0.5 PARKING & ACCESSORY STRUCTURES,,,,,,targeted_visual_table_recovery_not_yet_performed,,,,pending,needs_manual_harmonization,confirmed real family member (document-wide hierarchy search + 2/13 already transcribed); not transcribed in this pass,pending_visual_recovery,,2026-10-01
Bridgeport,page_109__PARKING,,,,,V5,attached_garage_setback_ft_and_accessory_structure_setbacks,pending_visual_recovery,,,,,,,,manual_verified_visual_table,,,109,109,X.X0.5 PARKING & ACCESSORY STRUCTURES,,,,,,targeted_visual_table_recovery_not_yet_performed,,,,pending,needs_manual_harmonization,confirmed real family member (document-wide hierarchy search + 2/13 already transcribed); not transcribed in this pass,pending_visual_recovery,,2026-10-01
Bridgeport,page_117__PARKING,,,,,V5,attached_garage_setback_ft_and_accessory_structure_setbacks,pending_visual_recovery,,,,,,,,manual_verified_visual_table,,,117,117,X.X0.5 PARKING & ACCESSORY STRUCTURES,,,,,,targeted_visual_table_recovery_not_yet_performed,,,,pending,needs_manual_harmonization,confirmed real family member (document-wide hierarchy search + 2/13 already transcribed); not transcribed in this pass,pending_visual_recovery,,2026-10-01
Bridgeport,OH__HELD,OH,Historic Overlay,,,V1,,pending_visual_recovery,,,,,,,,,,,,,,,,,,,,,,,pending,needs_manual_harmonization,district has no verified narrative anchor and/or no building-type-specific table was located for it in this pass,pending_visual_recovery,,2026-10-01
Bridgeport,OH__HELD,OH,Historic Overlay,,,V2,,pending_visual_recovery,,,,,,,,,,,,,,,,,,,,,,,pending,needs_manual_harmonization,district has no verified narrative anchor and/or no building-type-specific table was located for it in this pass,pending_visual_recovery,,2026-10-01
Bridgeport,OH__HELD,OH,Historic Overlay,,,V3,,pending_visual_recovery,,,,,,,,,,,,,,,,,,,,,,,pending,needs_manual_harmonization,district has no verified narrative anchor and/or no building-type-specific table was located for it in this pass,pending_visual_recovery,,2026-10-01
Bridgeport,OH__HELD,OH,Historic Overlay,,,V4,,pending_visual_recovery,,,,,,,,,,,,,,,,,,,,,,,pending,needs_manual_harmonization,district has no verified narrative anchor and/or no building-type-specific table was located for it in this pass,pending_visual_recovery,,2026-10-01
Bridgeport,OH__HELD,OH,Historic Overlay,,,V5,,pending_visual_recovery,,,,,,,,,,,,,,,,,,,,,,,pending,needs_manual_harmonization,district has no verified narrative anchor and/or no building-type-specific table was located for it in this pass,pending_visual_recovery,,2026-10-01
Bridgeport,OH__HELD,OH,Historic Overlay,,,V6,,pending_visual_recovery,,,,,,,,,,,,,,,,,,,,,,,pending,needs_manual_harmonization,district has no verified narrative anchor and/or no building-type-specific table was located for it in this pass,pending_visual_recovery,,2026-10-01
Bridgeport,OH__HELD,OH,Historic Overlay,,,V7,,pending_visual_recovery,,,,,,,,,,,,,,,,,,,,,,,pending,needs_manual_harmonization,district has no verified narrative anchor and/or no building-type-specific table was located for it in this pass,pending_visual_recovery,,2026-10-01
Bridgeport,OH__HELD,OH,Historic Overlay,,,V8,,pending_visual_recovery,,,,,,,,,,,,,,,,,,,,,,,pending,needs_manual_harmonization,district has no verified narrative anchor and/or no building-type-specific table was located for it in this pass,pending_visual_recovery,,2026-10-01
Bridgeport,P4__HELD,P4,Utility and Energy Infrastructure,,,V1,,pending_visual_recovery,,,,,,,,,,,,,,,,,,,,,,,pending,needs_manual_harmonization,district has no verified narrative anchor and/or no building-type-specific table was located for it in this pass,pending_visual_recovery,,2026-10-01
Bridgeport,P4__HELD,P4,Utility and Energy Infrastructure,,,V2,,pending_visual_recovery,,,,,,,,,,,,,,,,,,,,,,,pending,needs_manual_harmonization,district has no verified narrative anchor and/or no building-type-specific table was located for it in this pass,pending_visual_recovery,,2026-10-01
Bridgeport,P4__HELD,P4,Utility and Energy Infrastructure,,,V3,,pending_visual_recovery,,,,,,,,,,,,,,,,,,,,,,,pending,needs_manual_harmonization,district has no verified narrative anchor and/or no building-type-specific table was located for it in this pass,pending_visual_recovery,,2026-10-01
Bridgeport,P4__HELD,P4,Utility and Energy Infrastructure,,,V4,,pending_visual_recovery,,,,,,,,,,,,,,,,,,,,,,,pending,needs_manual_harmonization,district has no verified narrative anchor and/or no building-type-specific table was located for it in this pass,pending_visual_recovery,,2026-10-01
Bridgeport,P4__HELD,P4,Utility and Energy Infrastructure,,,V5,,pending_visual_recovery,,,,,,,,,,,,,,,,,,,,,,,pending,needs_manual_harmonization,district has no verified narrative anchor and/or no building-type-specific table was located for it in this pass,pending_visual_recovery,,2026-10-01
Bridgeport,P4__HELD,P4,Utility and Energy Infrastructure,,,V6,,pending_visual_recovery,,,,,,,,,,,,,,,,,,,,,,,pending,needs_manual_harmonization,district has no verified narrative anchor and/or no building-type-specific table was located for it in this pass,pending_visual_recovery,,2026-10-01
Bridgeport,P4__HELD,P4,Utility and Energy Infrastructure,,,V7,,pending_visual_recovery,,,,,,,,,,,,,,,,,,,,,,,pending,needs_manual_harmonization,district has no verified narrative anchor and/or no building-type-specific table was located for it in this pass,pending_visual_recovery,,2026-10-01
Bridgeport,P4__HELD,P4,Utility and Energy Infrastructure,,,V8,,pending_visual_recovery,,,,,,,,,,,,,,,,,,,,,,,pending,needs_manual_harmonization,district has no verified narrative anchor and/or no building-type-specific table was located for it in this pass,pending_visual_recovery,,2026-10-01
Bridgeport,P5__HELD,P5,Detention and Correction Facilities,,,V1,,pending_visual_recovery,,,,,,,,,,,,,,,,,,,,,,,pending,needs_manual_harmonization,district has no verified narrative anchor and/or no building-type-specific table was located for it in this pass,pending_visual_recovery,,2026-10-01
Bridgeport,P5__HELD,P5,Detention and Correction Facilities,,,V2,,pending_visual_recovery,,,,,,,,,,,,,,,,,,,,,,,pending,needs_manual_harmonization,district has no verified narrative anchor and/or no building-type-specific table was located for it in this pass,pending_visual_recovery,,2026-10-01
Bridgeport,P5__HELD,P5,Detention and Correction Facilities,,,V3,,pending_visual_recovery,,,,,,,,,,,,,,,,,,,,,,,pending,needs_manual_harmonization,district has no verified narrative anchor and/or no building-type-specific table was located for it in this pass,pending_visual_recovery,,2026-10-01
Bridgeport,P5__HELD,P5,Detention and Correction Facilities,,,V4,,pending_visual_recovery,,,,,,,,,,,,,,,,,,,,,,,pending,needs_manual_harmonization,district has no verified narrative anchor and/or no building-type-specific table was located for it in this pass,pending_visual_recovery,,2026-10-01
Bridgeport,P5__HELD,P5,Detention and Correction Facilities,,,V5,,pending_visual_recovery,,,,,,,,,,,,,,,,,,,,,,,pending,needs_manual_harmonization,district has no verified narrative anchor and/or no building-type-specific table was located for it in this pass,pending_visual_recovery,,2026-10-01
Bridgeport,P5__HELD,P5,Detention and Correction Facilities,,,V6,,pending_visual_recovery,,,,,,,,,,,,,,,,,,,,,,,pending,needs_manual_harmonization,district has no verified narrative anchor and/or no building-type-specific table was located for it in this pass,pending_visual_recovery,,2026-10-01
Bridgeport,P5__HELD,P5,Detention and Correction Facilities,,,V7,,pending_visual_recovery,,,,,,,,,,,,,,,,,,,,,,,pending,needs_manual_harmonization,district has no verified narrative anchor and/or no building-type-specific table was located for it in this pass,pending_visual_recovery,,2026-10-01
Bridgeport,P5__HELD,P5,Detention and Correction Facilities,,,V8,,pending_visual_recovery,,,,,,,,,,,,,,,,,,,,,,,pending,needs_manual_harmonization,district has no verified narrative anchor and/or no building-type-specific table was located for it in this pass,pending_visual_recovery,,2026-10-01
