record_id,scenario_id,district_code,rule_variable,final_status,evidence_topic,evidence_role,outcome
bridgeport-rule-candidate-00001,bridgeport-scenario-0001,CX,minimum_lot_size_sqft,review_required,minimum_lot_size,diagram_or_unverified_context,review_required
bridgeport-rule-candidate-00002,bridgeport-scenario-0001,CX,minimum_lot_width_ft,review_required,minimum_lot_width,diagram_or_unverified_context,review_required
bridgeport-rule-candidate-00003,bridgeport-scenario-0001,CX,maximum_building_height_ft,review_required,maximum_height,diagram_or_unverified_context,review_required
bridgeport-rule-candidate-00004,bridgeport-scenario-0001,CX,maximum_lot_coverage_pct,review_required,maximum_lot_coverage,diagram_or_unverified_context,review_required
bridgeport-rule-candidate-00005,bridgeport-scenario-0001,CX,maximum_height_stories,review_required,maximum_height,diagram_or_unverified_context,review_required
bridgeport-rule-candidate-00006,bridgeport-scenario-0001,CX,minimum_pervious_area_pct,review_required,green_or_pervious_area,diagram_or_unverified_context,review_required
bridgeport-rule-candidate-00007,bridgeport-scenario-0001,CX,minimum_open_space_pct,review_required,green_or_pervious_area,diagram_or_unverified_context,review_required
bridgeport-rule-candidate-00008,bridgeport-scenario-0001,CX,minimum_green_area_pct,review_required,green_or_pervious_area,diagram_or_unverified_context,review_required
bridgeport-rule-candidate-00009,bridgeport-scenario-0001,CX,build_to_minimum_ft,review_required,setbacks_or_build_to,diagram_or_unverified_context,review_required
bridgeport-rule-candidate-00010,bridgeport-scenario-0001,CX,build_to_maximum_ft,review_required,setbacks_or_build_to,diagram_or_unverified_context,review_required
bridgeport-rule-candidate-00011,bridgeport-scenario-0001,CX,frontage_requirement_ft,review_required,setbacks_or_build_to,diagram_or_unverified_context,review_required
bridgeport-rule-candidate-00012,bridgeport-scenario-0002,DX1,minimum_lot_size_sqft,review_required,minimum_lot_size,diagram_or_unverified_context,review_required
bridgeport-rule-candidate-00013,bridgeport-scenario-0002,DX1,minimum_lot_width_ft,review_required,minimum_lot_width,diagram_or_unverified_context,review_required
bridgeport-rule-candidate-00014,bridgeport-scenario-0002,DX1,maximum_building_height_ft,review_required,maximum_height,diagram_or_unverified_context,review_required
bridgeport-rule-candidate-00015,bridgeport-scenario-0002,DX1,maximum_lot_coverage_pct,review_required,maximum_lot_coverage,diagram_or_unverified_context,review_required
bridgeport-rule-candidate-00016,bridgeport-scenario-0002,DX1,maximum_height_stories,review_required,maximum_height,diagram_or_unverified_context,review_required
bridgeport-rule-candidate-00017,bridgeport-scenario-0002,DX1,minimum_pervious_area_pct,review_required,green_or_pervious_area,diagram_or_unverified_context,review_required
bridgeport-rule-candidate-00018,bridgeport-scenario-0002,DX1,minimum_open_space_pct,review_required,green_or_pervious_area,diagram_or_unverified_context,review_required
bridgeport-rule-candidate-00019,bridgeport-scenario-0002,DX1,minimum_green_area_pct,review_required,green_or_pervious_area,diagram_or_unverified_context,review_required
bridgeport-rule-candidate-00020,bridgeport-scenario-0002,DX1,build_to_minimum_ft,review_required,setbacks_or_build_to,diagram_or_unverified_context,review_required
bridgeport-rule-candidate-00021,bridgeport-scenario-0002,DX1,build_to_maximum_ft,review_required,setbacks_or_build_to,diagram_or_unverified_context,review_required
bridgeport-rule-candidate-00022,bridgeport-scenario-0002,DX1,frontage_requirement_ft,review_required,setbacks_or_build_to,diagram_or_unverified_context,review_required
bridgeport-rule-candidate-00023,bridgeport-scenario-0003,DX2,minimum_lot_size_sqft,review_required,minimum_lot_size,diagram_or_unverified_context,review_required
bridgeport-rule-candidate-00024,bridgeport-scenario-0003,DX2,minimum_lot_width_ft,review_required,minimum_lot_width,diagram_or_unverified_context,review_required
bridgeport-rule-candidate-00025,bridgeport-scenario-0003,DX2,maximum_building_height_ft,review_required,maximum_height,diagram_or_unverified_context,review_required
bridgeport-rule-candidate-00026,bridgeport-scenario-0003,DX2,maximum_lot_coverage_pct,review_required,maximum_lot_coverage,diagram_or_unverified_context,review_required
bridgeport-rule-candidate-00027,bridgeport-scenario-0003,DX2,maximum_height_stories,review_required,maximum_height,diagram_or_unverified_context,review_required
bridgeport-rule-candidate-00028,bridgeport-scenario-0003,DX2,minimum_pervious_area_pct,review_required,green_or_pervious_area,diagram_or_unverified_context,review_required
bridgeport-rule-candidate-00029,bridgeport-scenario-0003,DX2,minimum_open_space_pct,review_required,green_or_pervious_area,diagram_or_unverified_context,review_required
bridgeport-rule-candidate-00030,bridgeport-scenario-0003,DX2,minimum_green_area_pct,review_required,green_or_pervious_area,diagram_or_unverified_context,review_required
bridgeport-rule-candidate-00031,bridgeport-scenario-0003,DX2,build_to_minimum_ft,review_required,setbacks_or_build_to,diagram_or_unverified_context,review_required
bridgeport-rule-candidate-00032,bridgeport-scenario-0003,DX2,build_to_maximum_ft,review_required,setbacks_or_build_to,diagram_or_unverified_context,review_required
bridgeport-rule-candidate-00033,bridgeport-scenario-0003,DX2,frontage_requirement_ft,review_required,setbacks_or_build_to,diagram_or_unverified_context,review_required
bridgeport-rule-candidate-00034,bridgeport-scenario-0004,MX1,minimum_lot_size_sqft,review_required,minimum_lot_size,diagram_or_unverified_context,review_required
bridgeport-rule-candidate-00035,bridgeport-scenario-0004,MX1,minimum_lot_width_ft,review_required,minimum_lot_width,diagram_or_unverified_context,review_required
bridgeport-rule-candidate-00036,bridgeport-scenario-0004,MX1,maximum_building_height_ft,review_required,maximum_height,diagram_or_unverified_context,review_required
bridgeport-rule-candidate-00037,bridgeport-scenario-0004,MX1,maximum_lot_coverage_pct,review_required,maximum_lot_coverage,diagram_or_unverified_context,review_required
bridgeport-rule-candidate-00038,bridgeport-scenario-0004,MX1,maximum_height_stories,review_required,maximum_height,diagram_or_unverified_context,review_required
bridgeport-rule-candidate-00039,bridgeport-scenario-0004,MX1,minimum_pervious_area_pct,review_required,green_or_pervious_area,diagram_or_unverified_context,review_required
bridgeport-rule-candidate-00040,bridgeport-scenario-0004,MX1,minimum_open_space_pct,review_required,green_or_pervious_area,diagram_or_unverified_context,review_required
bridgeport-rule-candidate-00041,bridgeport-scenario-0004,MX1,minimum_green_area_pct,review_required,green_or_pervious_area,diagram_or_unverified_context,review_required
bridgeport-rule-candidate-00042,bridgeport-scenario-0004,MX1,build_to_minimum_ft,review_required,setbacks_or_build_to,diagram_or_unverified_context,review_required
bridgeport-rule-candidate-00043,bridgeport-scenario-0004,MX1,build_to_maximum_ft,review_required,setbacks_or_build_to,diagram_or_unverified_context,review_required
bridgeport-rule-candidate-00044,bridgeport-scenario-0004,MX1,frontage_requirement_ft,review_required,setbacks_or_build_to,diagram_or_unverified_context,review_required
bridgeport-rule-candidate-00045,bridgeport-scenario-0005,MX2,minimum_lot_size_sqft,review_required,minimum_lot_size,diagram_or_unverified_context,review_required
bridgeport-rule-candidate-00046,bridgeport-scenario-0005,MX2,minimum_lot_width_ft,review_required,minimum_lot_width,diagram_or_unverified_context,review_required
bridgeport-rule-candidate-00047,bridgeport-scenario-0005,MX2,maximum_building_height_ft,review_required,maximum_height,diagram_or_unverified_context,review_required
bridgeport-rule-candidate-00048,bridgeport-scenario-0005,MX2,maximum_lot_coverage_pct,review_required,maximum_lot_coverage,diagram_or_unverified_context,review_required
bridgeport-rule-candidate-00049,bridgeport-scenario-0005,MX2,maximum_height_stories,review_required,maximum_height,diagram_or_unverified_context,review_required
bridgeport-rule-candidate-00050,bridgeport-scenario-0005,MX2,minimum_pervious_area_pct,review_required,green_or_pervious_area,diagram_or_unverified_context,review_required
bridgeport-rule-candidate-00051,bridgeport-scenario-0005,MX2,minimum_open_space_pct,review_required,green_or_pervious_area,diagram_or_unverified_context,review_required
bridgeport-rule-candidate-00052,bridgeport-scenario-0005,MX2,minimum_green_area_pct,review_required,green_or_pervious_area,diagram_or_unverified_context,review_required
bridgeport-rule-candidate-00053,bridgeport-scenario-0005,MX2,build_to_minimum_ft,review_required,setbacks_or_build_to,diagram_or_unverified_context,review_required
bridgeport-rule-candidate-00054,bridgeport-scenario-0005,MX2,build_to_maximum_ft,review_required,setbacks_or_build_to,diagram_or_unverified_context,review_required
bridgeport-rule-candidate-00055,bridgeport-scenario-0005,MX2,frontage_requirement_ft,review_required,setbacks_or_build_to,diagram_or_unverified_context,review_required
bridgeport-rule-candidate-00056,bridgeport-scenario-0006,MXN,minimum_lot_size_sqft,missing,minimum_lot_size,irrelevant,missing
bridgeport-rule-candidate-00057,bridgeport-scenario-0006,MXN,minimum_lot_width_ft,confirmed,minimum_lot_width,governing_value,confirmed
bridgeport-rule-candidate-00058,bridgeport-scenario-0006,MXN,maximum_building_height_ft,missing,maximum_height,irrelevant,missing
bridgeport-rule-candidate-00059,bridgeport-scenario-0006,MXN,maximum_lot_coverage_pct,confirmed,maximum_lot_coverage,governing_value,confirmed
bridgeport-rule-candidate-00060,bridgeport-scenario-0006,MXN,maximum_height_stories,qualitative_only,maximum_height,governing_qualitative_rule,qualitative_only
bridgeport-rule-candidate-00061,bridgeport-scenario-0006,MXN,minimum_pervious_area_pct,missing,green_or_pervious_area,irrelevant,missing
bridgeport-rule-candidate-00062,bridgeport-scenario-0006,MXN,minimum_open_space_pct,missing,green_or_pervious_area,irrelevant,missing
bridgeport-rule-candidate-00063,bridgeport-scenario-0006,MXN,minimum_green_area_pct,missing,green_or_pervious_area,irrelevant,missing
bridgeport-rule-candidate-00064,bridgeport-scenario-0006,MXN,build_to_minimum_ft,missing,setbacks_or_build_to,irrelevant,missing
bridgeport-rule-candidate-00065,bridgeport-scenario-0006,MXN,build_to_maximum_ft,missing,setbacks_or_build_to,irrelevant,missing
bridgeport-rule-candidate-00066,bridgeport-scenario-0006,MXN,frontage_requirement_ft,missing,setbacks_or_build_to,irrelevant,missing
bridgeport-rule-candidate-00067,bridgeport-scenario-0007,RX2,minimum_lot_size_sqft,review_required,minimum_lot_size,diagram_or_unverified_context,review_required
bridgeport-rule-candidate-00068,bridgeport-scenario-0007,RX2,minimum_lot_width_ft,review_required,minimum_lot_width,diagram_or_unverified_context,review_required
bridgeport-rule-candidate-00069,bridgeport-scenario-0007,RX2,maximum_building_height_ft,review_required,maximum_height,diagram_or_unverified_context,review_required
bridgeport-rule-candidate-00070,bridgeport-scenario-0007,RX2,maximum_lot_coverage_pct,review_required,maximum_lot_coverage,diagram_or_unverified_context,review_required
bridgeport-rule-candidate-00071,bridgeport-scenario-0007,RX2,maximum_height_stories,review_required,maximum_height,diagram_or_unverified_context,review_required
bridgeport-rule-candidate-00072,bridgeport-scenario-0007,RX2,minimum_pervious_area_pct,review_required,green_or_pervious_area,diagram_or_unverified_context,review_required
bridgeport-rule-candidate-00073,bridgeport-scenario-0007,RX2,minimum_open_space_pct,review_required,green_or_pervious_area,diagram_or_unverified_context,review_required
bridgeport-rule-candidate-00074,bridgeport-scenario-0007,RX2,minimum_green_area_pct,review_required,green_or_pervious_area,diagram_or_unverified_context,review_required
bridgeport-rule-candidate-00075,bridgeport-scenario-0007,RX2,build_to_minimum_ft,review_required,setbacks_or_build_to,diagram_or_unverified_context,review_required
bridgeport-rule-candidate-00076,bridgeport-scenario-0007,RX2,build_to_maximum_ft,review_required,setbacks_or_build_to,diagram_or_unverified_context,review_required
bridgeport-rule-candidate-00077,bridgeport-scenario-0007,RX2,frontage_requirement_ft,review_required,setbacks_or_build_to,diagram_or_unverified_context,review_required
bridgeport-rule-candidate-00078,bridgeport-scenario-0008,DX1,minimum_lot_size_sqft,missing,minimum_lot_size,irrelevant,missing
bridgeport-rule-candidate-00079,bridgeport-scenario-0008,DX1,minimum_lot_width_ft,confirmed,minimum_lot_width,governing_value,confirmed
bridgeport-rule-candidate-00080,bridgeport-scenario-0008,DX1,maximum_building_height_ft,missing,maximum_height,irrelevant,missing
bridgeport-rule-candidate-00081,bridgeport-scenario-0008,DX1,maximum_lot_coverage_pct,confirmed,maximum_lot_coverage,governing_value,confirmed
bridgeport-rule-candidate-00082,bridgeport-scenario-0008,DX1,maximum_height_stories,qualitative_only,maximum_height,governing_qualitative_rule,qualitative_only
bridgeport-rule-candidate-00083,bridgeport-scenario-0008,DX1,minimum_pervious_area_pct,missing,green_or_pervious_area,irrelevant,missing
bridgeport-rule-candidate-00084,bridgeport-scenario-0008,DX1,minimum_open_space_pct,missing,green_or_pervious_area,irrelevant,missing
bridgeport-rule-candidate-00085,bridgeport-scenario-0008,DX1,minimum_green_area_pct,missing,green_or_pervious_area,irrelevant,missing
bridgeport-rule-candidate-00086,bridgeport-scenario-0008,DX1,build_to_minimum_ft,missing,setbacks_or_build_to,irrelevant,missing
bridgeport-rule-candidate-00087,bridgeport-scenario-0008,DX1,build_to_maximum_ft,missing,setbacks_or_build_to,irrelevant,missing
bridgeport-rule-candidate-00088,bridgeport-scenario-0008,DX1,frontage_requirement_ft,missing,setbacks_or_build_to,irrelevant,missing
bridgeport-rule-candidate-00089,bridgeport-scenario-0009,MX1,minimum_lot_size_sqft,missing,minimum_lot_size,irrelevant,missing
bridgeport-rule-candidate-00090,bridgeport-scenario-0009,MX1,minimum_lot_width_ft,confirmed,minimum_lot_width,governing_value,confirmed
bridgeport-rule-candidate-00091,bridgeport-scenario-0009,MX1,maximum_building_height_ft,missing,maximum_height,irrelevant,missing
bridgeport-rule-candidate-00092,bridgeport-scenario-0009,MX1,maximum_lot_coverage_pct,confirmed,maximum_lot_coverage,governing_value,confirmed
bridgeport-rule-candidate-00093,bridgeport-scenario-0009,MX1,maximum_height_stories,qualitative_only,maximum_height,governing_qualitative_rule,qualitative_only
bridgeport-rule-candidate-00094,bridgeport-scenario-0009,MX1,minimum_pervious_area_pct,missing,green_or_pervious_area,irrelevant,missing
bridgeport-rule-candidate-00095,bridgeport-scenario-0009,MX1,minimum_open_space_pct,missing,green_or_pervious_area,irrelevant,missing
bridgeport-rule-candidate-00096,bridgeport-scenario-0009,MX1,minimum_green_area_pct,missing,green_or_pervious_area,irrelevant,missing
bridgeport-rule-candidate-00097,bridgeport-scenario-0009,MX1,build_to_minimum_ft,missing,setbacks_or_build_to,irrelevant,missing
bridgeport-rule-candidate-00098,bridgeport-scenario-0009,MX1,build_to_maximum_ft,missing,setbacks_or_build_to,irrelevant,missing
bridgeport-rule-candidate-00099,bridgeport-scenario-0009,MX1,frontage_requirement_ft,missing,setbacks_or_build_to,irrelevant,missing
bridgeport-rule-candidate-00100,bridgeport-scenario-0010,MX2,minimum_lot_size_sqft,missing,minimum_lot_size,irrelevant,missing
bridgeport-rule-candidate-00101,bridgeport-scenario-0010,MX2,minimum_lot_width_ft,confirmed,minimum_lot_width,governing_value,confirmed
bridgeport-rule-candidate-00102,bridgeport-scenario-0010,MX2,maximum_building_height_ft,missing,maximum_height,irrelevant,missing
bridgeport-rule-candidate-00103,bridgeport-scenario-0010,MX2,maximum_lot_coverage_pct,confirmed,maximum_lot_coverage,governing_value,confirmed
bridgeport-rule-candidate-00104,bridgeport-scenario-0010,MX2,maximum_height_stories,qualitative_only,maximum_height,governing_qualitative_rule,qualitative_only
bridgeport-rule-candidate-00105,bridgeport-scenario-0010,MX2,minimum_pervious_area_pct,missing,green_or_pervious_area,irrelevant,missing
bridgeport-rule-candidate-00106,bridgeport-scenario-0010,MX2,minimum_open_space_pct,missing,green_or_pervious_area,irrelevant,missing
bridgeport-rule-candidate-00107,bridgeport-scenario-0010,MX2,minimum_green_area_pct,missing,green_or_pervious_area,irrelevant,missing
bridgeport-rule-candidate-00108,bridgeport-scenario-0010,MX2,build_to_minimum_ft,missing,setbacks_or_build_to,irrelevant,missing
bridgeport-rule-candidate-00109,bridgeport-scenario-0010,MX2,build_to_maximum_ft,missing,setbacks_or_build_to,irrelevant,missing
bridgeport-rule-candidate-00110,bridgeport-scenario-0010,MX2,frontage_requirement_ft,missing,setbacks_or_build_to,irrelevant,missing
bridgeport-rule-candidate-00111,bridgeport-scenario-0011,MXN,minimum_lot_size_sqft,missing,minimum_lot_size,irrelevant,missing
bridgeport-rule-candidate-00112,bridgeport-scenario-0011,MXN,minimum_lot_width_ft,confirmed,minimum_lot_width,governing_value,confirmed
bridgeport-rule-candidate-00113,bridgeport-scenario-0011,MXN,maximum_building_height_ft,missing,maximum_height,irrelevant,missing
bridgeport-rule-candidate-00114,bridgeport-scenario-0011,MXN,maximum_lot_coverage_pct,confirmed,maximum_lot_coverage,governing_value,confirmed
bridgeport-rule-candidate-00115,bridgeport-scenario-0011,MXN,maximum_height_stories,qualitative_only,maximum_height,governing_qualitative_rule,qualitative_only
bridgeport-rule-candidate-00116,bridgeport-scenario-0011,MXN,minimum_pervious_area_pct,missing,green_or_pervious_area,irrelevant,missing
bridgeport-rule-candidate-00117,bridgeport-scenario-0011,MXN,minimum_open_space_pct,missing,green_or_pervious_area,irrelevant,missing
bridgeport-rule-candidate-00118,bridgeport-scenario-0011,MXN,minimum_green_area_pct,missing,green_or_pervious_area,irrelevant,missing
bridgeport-rule-candidate-00119,bridgeport-scenario-0011,MXN,build_to_minimum_ft,missing,setbacks_or_build_to,irrelevant,missing
bridgeport-rule-candidate-00120,bridgeport-scenario-0011,MXN,build_to_maximum_ft,missing,setbacks_or_build_to,irrelevant,missing
bridgeport-rule-candidate-00121,bridgeport-scenario-0011,MXN,frontage_requirement_ft,missing,setbacks_or_build_to,irrelevant,missing
bridgeport-rule-candidate-00122,bridgeport-scenario-0012,DX2,minimum_lot_size_sqft,missing,minimum_lot_size,irrelevant,missing
bridgeport-rule-candidate-00123,bridgeport-scenario-0012,DX2,minimum_lot_width_ft,confirmed,minimum_lot_width,governing_value,confirmed
bridgeport-rule-candidate-00124,bridgeport-scenario-0012,DX2,maximum_building_height_ft,missing,maximum_height,irrelevant,missing
bridgeport-rule-candidate-00125,bridgeport-scenario-0012,DX2,maximum_lot_coverage_pct,confirmed,maximum_lot_coverage,governing_value,confirmed
bridgeport-rule-candidate-00126,bridgeport-scenario-0012,DX2,maximum_height_stories,qualitative_only,maximum_height,governing_qualitative_rule,qualitative_only
bridgeport-rule-candidate-00127,bridgeport-scenario-0012,DX2,minimum_pervious_area_pct,missing,green_or_pervious_area,irrelevant,missing
bridgeport-rule-candidate-00128,bridgeport-scenario-0012,DX2,minimum_open_space_pct,missing,green_or_pervious_area,irrelevant,missing
bridgeport-rule-candidate-00129,bridgeport-scenario-0012,DX2,minimum_green_area_pct,missing,green_or_pervious_area,irrelevant,missing
bridgeport-rule-candidate-00130,bridgeport-scenario-0012,DX2,build_to_minimum_ft,missing,setbacks_or_build_to,irrelevant,missing
bridgeport-rule-candidate-00131,bridgeport-scenario-0012,DX2,build_to_maximum_ft,missing,setbacks_or_build_to,irrelevant,missing
bridgeport-rule-candidate-00132,bridgeport-scenario-0012,DX2,frontage_requirement_ft,missing,setbacks_or_build_to,irrelevant,missing
bridgeport-rule-candidate-00133,bridgeport-scenario-0013,MX2,minimum_lot_size_sqft,missing,minimum_lot_size,irrelevant,missing
bridgeport-rule-candidate-00134,bridgeport-scenario-0013,MX2,minimum_lot_width_ft,confirmed,minimum_lot_width,governing_value,confirmed
bridgeport-rule-candidate-00135,bridgeport-scenario-0013,MX2,maximum_building_height_ft,missing,maximum_height,irrelevant,missing
bridgeport-rule-candidate-00136,bridgeport-scenario-0013,MX2,maximum_lot_coverage_pct,confirmed,maximum_lot_coverage,governing_value,confirmed
bridgeport-rule-candidate-00137,bridgeport-scenario-0013,MX2,maximum_height_stories,qualitative_only,maximum_height,governing_qualitative_rule,qualitative_only
bridgeport-rule-candidate-00138,bridgeport-scenario-0013,MX2,minimum_pervious_area_pct,missing,green_or_pervious_area,irrelevant,missing
bridgeport-rule-candidate-00139,bridgeport-scenario-0013,MX2,minimum_open_space_pct,missing,green_or_pervious_area,irrelevant,missing
bridgeport-rule-candidate-00140,bridgeport-scenario-0013,MX2,minimum_green_area_pct,missing,green_or_pervious_area,irrelevant,missing
bridgeport-rule-candidate-00141,bridgeport-scenario-0013,MX2,build_to_minimum_ft,missing,setbacks_or_build_to,irrelevant,missing
bridgeport-rule-candidate-00142,bridgeport-scenario-0013,MX2,build_to_maximum_ft,missing,setbacks_or_build_to,irrelevant,missing
bridgeport-rule-candidate-00143,bridgeport-scenario-0013,MX2,frontage_requirement_ft,missing,setbacks_or_build_to,irrelevant,missing
bridgeport-rule-candidate-00144,bridgeport-scenario-0014,MX1,minimum_lot_size_sqft,missing,minimum_lot_size,irrelevant,missing
bridgeport-rule-candidate-00145,bridgeport-scenario-0014,MX1,minimum_lot_width_ft,confirmed,minimum_lot_width,governing_value,confirmed
bridgeport-rule-candidate-00146,bridgeport-scenario-0014,MX1,maximum_building_height_ft,missing,maximum_height,irrelevant,missing
bridgeport-rule-candidate-00147,bridgeport-scenario-0014,MX1,maximum_lot_coverage_pct,confirmed,maximum_lot_coverage,governing_value,confirmed
bridgeport-rule-candidate-00148,bridgeport-scenario-0014,MX1,maximum_height_stories,missing,maximum_height,irrelevant,missing
bridgeport-rule-candidate-00149,bridgeport-scenario-0014,MX1,minimum_pervious_area_pct,missing,green_or_pervious_area,irrelevant,missing
bridgeport-rule-candidate-00150,bridgeport-scenario-0014,MX1,minimum_open_space_pct,missing,green_or_pervious_area,irrelevant,missing
bridgeport-rule-candidate-00151,bridgeport-scenario-0014,MX1,minimum_green_area_pct,missing,green_or_pervious_area,irrelevant,missing
bridgeport-rule-candidate-00152,bridgeport-scenario-0014,MX1,build_to_minimum_ft,missing,setbacks_or_build_to,irrelevant,missing
bridgeport-rule-candidate-00153,bridgeport-scenario-0014,MX1,build_to_maximum_ft,missing,setbacks_or_build_to,irrelevant,missing
bridgeport-rule-candidate-00154,bridgeport-scenario-0014,MX1,frontage_requirement_ft,missing,setbacks_or_build_to,irrelevant,missing
bridgeport-rule-candidate-00155,bridgeport-scenario-0015,MX2,minimum_lot_size_sqft,missing,minimum_lot_size,irrelevant,missing
bridgeport-rule-candidate-00156,bridgeport-scenario-0015,MX2,minimum_lot_width_ft,confirmed,minimum_lot_width,governing_value,confirmed
bridgeport-rule-candidate-00157,bridgeport-scenario-0015,MX2,maximum_building_height_ft,missing,maximum_height,irrelevant,missing
bridgeport-rule-candidate-00158,bridgeport-scenario-0015,MX2,maximum_lot_coverage_pct,confirmed,maximum_lot_coverage,governing_value,confirmed
bridgeport-rule-candidate-00159,bridgeport-scenario-0015,MX2,maximum_height_stories,missing,maximum_height,irrelevant,missing
bridgeport-rule-candidate-00160,bridgeport-scenario-0015,MX2,minimum_pervious_area_pct,missing,green_or_pervious_area,irrelevant,missing
bridgeport-rule-candidate-00161,bridgeport-scenario-0015,MX2,minimum_open_space_pct,missing,green_or_pervious_area,irrelevant,missing
bridgeport-rule-candidate-00162,bridgeport-scenario-0015,MX2,minimum_green_area_pct,missing,green_or_pervious_area,irrelevant,missing
bridgeport-rule-candidate-00163,bridgeport-scenario-0015,MX2,build_to_minimum_ft,missing,setbacks_or_build_to,irrelevant,missing
bridgeport-rule-candidate-00164,bridgeport-scenario-0015,MX2,build_to_maximum_ft,missing,setbacks_or_build_to,irrelevant,missing
bridgeport-rule-candidate-00165,bridgeport-scenario-0015,MX2,frontage_requirement_ft,missing,setbacks_or_build_to,irrelevant,missing
bridgeport-rule-candidate-00166,bridgeport-scenario-0016,MXN,minimum_lot_size_sqft,missing,minimum_lot_size,irrelevant,missing
bridgeport-rule-candidate-00167,bridgeport-scenario-0016,MXN,minimum_lot_width_ft,confirmed,minimum_lot_width,governing_value,confirmed
bridgeport-rule-candidate-00168,bridgeport-scenario-0016,MXN,maximum_building_height_ft,missing,maximum_height,irrelevant,missing
bridgeport-rule-candidate-00169,bridgeport-scenario-0016,MXN,maximum_lot_coverage_pct,confirmed,maximum_lot_coverage,governing_value,confirmed
bridgeport-rule-candidate-00170,bridgeport-scenario-0016,MXN,maximum_height_stories,missing,maximum_height,irrelevant,missing
bridgeport-rule-candidate-00171,bridgeport-scenario-0016,MXN,minimum_pervious_area_pct,missing,green_or_pervious_area,irrelevant,missing
bridgeport-rule-candidate-00172,bridgeport-scenario-0016,MXN,minimum_open_space_pct,missing,green_or_pervious_area,irrelevant,missing
bridgeport-rule-candidate-00173,bridgeport-scenario-0016,MXN,minimum_green_area_pct,missing,green_or_pervious_area,irrelevant,missing
bridgeport-rule-candidate-00174,bridgeport-scenario-0016,MXN,build_to_minimum_ft,missing,setbacks_or_build_to,irrelevant,missing
bridgeport-rule-candidate-00175,bridgeport-scenario-0016,MXN,build_to_maximum_ft,missing,setbacks_or_build_to,irrelevant,missing
bridgeport-rule-candidate-00176,bridgeport-scenario-0016,MXN,frontage_requirement_ft,missing,setbacks_or_build_to,irrelevant,missing
bridgeport-rule-candidate-00177,bridgeport-scenario-0017,RX2,minimum_lot_size_sqft,missing,minimum_lot_size,irrelevant,missing
bridgeport-rule-candidate-00178,bridgeport-scenario-0017,RX2,minimum_lot_width_ft,confirmed,minimum_lot_width,governing_value,confirmed
bridgeport-rule-candidate-00179,bridgeport-scenario-0017,RX2,maximum_building_height_ft,missing,maximum_height,irrelevant,missing
bridgeport-rule-candidate-00180,bridgeport-scenario-0017,RX2,maximum_lot_coverage_pct,confirmed,maximum_lot_coverage,governing_value,confirmed
bridgeport-rule-candidate-00181,bridgeport-scenario-0017,RX2,maximum_height_stories,missing,maximum_height,irrelevant,missing
bridgeport-rule-candidate-00182,bridgeport-scenario-0017,RX2,minimum_pervious_area_pct,missing,green_or_pervious_area,irrelevant,missing
bridgeport-rule-candidate-00183,bridgeport-scenario-0017,RX2,minimum_open_space_pct,missing,green_or_pervious_area,irrelevant,missing
bridgeport-rule-candidate-00184,bridgeport-scenario-0017,RX2,minimum_green_area_pct,missing,green_or_pervious_area,irrelevant,missing
bridgeport-rule-candidate-00185,bridgeport-scenario-0017,RX2,build_to_minimum_ft,missing,setbacks_or_build_to,irrelevant,missing
bridgeport-rule-candidate-00186,bridgeport-scenario-0017,RX2,build_to_maximum_ft,missing,setbacks_or_build_to,irrelevant,missing
bridgeport-rule-candidate-00187,bridgeport-scenario-0017,RX2,frontage_requirement_ft,missing,setbacks_or_build_to,irrelevant,missing
bridgeport-rule-candidate-00188,bridgeport-scenario-0018,CX,minimum_lot_size_sqft,missing,minimum_lot_size,irrelevant,missing
bridgeport-rule-candidate-00189,bridgeport-scenario-0018,CX,minimum_lot_width_ft,missing,minimum_lot_width,irrelevant,missing
bridgeport-rule-candidate-00190,bridgeport-scenario-0018,CX,maximum_building_height_ft,missing,maximum_height,irrelevant,missing
bridgeport-rule-candidate-00191,bridgeport-scenario-0018,CX,maximum_lot_coverage_pct,confirmed,maximum_lot_coverage,governing_value,confirmed
bridgeport-rule-candidate-00192,bridgeport-scenario-0018,CX,maximum_height_stories,qualitative_only,maximum_height,governing_qualitative_rule,qualitative_only
bridgeport-rule-candidate-00193,bridgeport-scenario-0018,CX,minimum_pervious_area_pct,missing,green_or_pervious_area,irrelevant,missing
bridgeport-rule-candidate-00194,bridgeport-scenario-0018,CX,minimum_open_space_pct,missing,green_or_pervious_area,irrelevant,missing
bridgeport-rule-candidate-00195,bridgeport-scenario-0018,CX,minimum_green_area_pct,missing,green_or_pervious_area,irrelevant,missing
bridgeport-rule-candidate-00196,bridgeport-scenario-0018,CX,build_to_minimum_ft,missing,setbacks_or_build_to,irrelevant,missing
bridgeport-rule-candidate-00197,bridgeport-scenario-0018,CX,build_to_maximum_ft,missing,setbacks_or_build_to,irrelevant,missing
bridgeport-rule-candidate-00198,bridgeport-scenario-0018,CX,frontage_requirement_ft,missing,setbacks_or_build_to,irrelevant,missing
bridgeport-rule-candidate-00199,bridgeport-scenario-0019,DX2,minimum_lot_size_sqft,missing,minimum_lot_size,irrelevant,missing
bridgeport-rule-candidate-00200,bridgeport-scenario-0019,DX2,minimum_lot_width_ft,missing,minimum_lot_width,irrelevant,missing
bridgeport-rule-candidate-00201,bridgeport-scenario-0019,DX2,maximum_building_height_ft,missing,maximum_height,irrelevant,missing
bridgeport-rule-candidate-00202,bridgeport-scenario-0019,DX2,maximum_lot_coverage_pct,confirmed,maximum_lot_coverage,governing_value,confirmed
bridgeport-rule-candidate-00203,bridgeport-scenario-0019,DX2,maximum_height_stories,qualitative_only,maximum_height,governing_qualitative_rule,qualitative_only
bridgeport-rule-candidate-00204,bridgeport-scenario-0019,DX2,minimum_pervious_area_pct,missing,green_or_pervious_area,irrelevant,missing
bridgeport-rule-candidate-00205,bridgeport-scenario-0019,DX2,minimum_open_space_pct,missing,green_or_pervious_area,irrelevant,missing
bridgeport-rule-candidate-00206,bridgeport-scenario-0019,DX2,minimum_green_area_pct,missing,green_or_pervious_area,irrelevant,missing
bridgeport-rule-candidate-00207,bridgeport-scenario-0019,DX2,build_to_minimum_ft,missing,setbacks_or_build_to,irrelevant,missing
bridgeport-rule-candidate-00208,bridgeport-scenario-0019,DX2,build_to_maximum_ft,missing,setbacks_or_build_to,irrelevant,missing
bridgeport-rule-candidate-00209,bridgeport-scenario-0019,DX2,frontage_requirement_ft,missing,setbacks_or_build_to,irrelevant,missing
bridgeport-rule-candidate-00210,bridgeport-scenario-0020,NX3,minimum_lot_size_sqft,missing,minimum_lot_size,irrelevant,missing
bridgeport-rule-candidate-00211,bridgeport-scenario-0020,NX3,minimum_lot_width_ft,missing,minimum_lot_width,irrelevant,missing
bridgeport-rule-candidate-00212,bridgeport-scenario-0020,NX3,maximum_building_height_ft,missing,maximum_height,irrelevant,missing
bridgeport-rule-candidate-00213,bridgeport-scenario-0020,NX3,maximum_lot_coverage_pct,confirmed,maximum_lot_coverage,governing_value,confirmed
bridgeport-rule-candidate-00214,bridgeport-scenario-0020,NX3,maximum_height_stories,qualitative_only,maximum_height,governing_qualitative_rule,qualitative_only
bridgeport-rule-candidate-00215,bridgeport-scenario-0020,NX3,minimum_pervious_area_pct,missing,green_or_pervious_area,irrelevant,missing
bridgeport-rule-candidate-00216,bridgeport-scenario-0020,NX3,minimum_open_space_pct,missing,green_or_pervious_area,irrelevant,missing
bridgeport-rule-candidate-00217,bridgeport-scenario-0020,NX3,minimum_green_area_pct,missing,green_or_pervious_area,irrelevant,missing
bridgeport-rule-candidate-00218,bridgeport-scenario-0020,NX3,build_to_minimum_ft,missing,setbacks_or_build_to,irrelevant,missing
bridgeport-rule-candidate-00219,bridgeport-scenario-0020,NX3,build_to_maximum_ft,missing,setbacks_or_build_to,irrelevant,missing
bridgeport-rule-candidate-00220,bridgeport-scenario-0020,NX3,frontage_requirement_ft,missing,setbacks_or_build_to,irrelevant,missing
bridgeport-rule-candidate-00221,bridgeport-scenario-0021,NX4,minimum_lot_size_sqft,missing,minimum_lot_size,irrelevant,missing
bridgeport-rule-candidate-00222,bridgeport-scenario-0021,NX4,minimum_lot_width_ft,missing,minimum_lot_width,irrelevant,missing
bridgeport-rule-candidate-00223,bridgeport-scenario-0021,NX4,maximum_building_height_ft,missing,maximum_height,irrelevant,missing
bridgeport-rule-candidate-00224,bridgeport-scenario-0021,NX4,maximum_lot_coverage_pct,confirmed,maximum_lot_coverage,governing_value,confirmed
bridgeport-rule-candidate-00225,bridgeport-scenario-0021,NX4,maximum_height_stories,qualitative_only,maximum_height,governing_qualitative_rule,qualitative_only
bridgeport-rule-candidate-00226,bridgeport-scenario-0021,NX4,minimum_pervious_area_pct,missing,green_or_pervious_area,irrelevant,missing
bridgeport-rule-candidate-00227,bridgeport-scenario-0021,NX4,minimum_open_space_pct,missing,green_or_pervious_area,irrelevant,missing
bridgeport-rule-candidate-00228,bridgeport-scenario-0021,NX4,minimum_green_area_pct,missing,green_or_pervious_area,irrelevant,missing
bridgeport-rule-candidate-00229,bridgeport-scenario-0021,NX4,build_to_minimum_ft,missing,setbacks_or_build_to,irrelevant,missing
bridgeport-rule-candidate-00230,bridgeport-scenario-0021,NX4,build_to_maximum_ft,missing,setbacks_or_build_to,irrelevant,missing
bridgeport-rule-candidate-00231,bridgeport-scenario-0021,NX4,frontage_requirement_ft,missing,setbacks_or_build_to,irrelevant,missing
bridgeport-rule-candidate-00232,bridgeport-scenario-0022,RX2,minimum_lot_size_sqft,missing,minimum_lot_size,irrelevant,missing
bridgeport-rule-candidate-00233,bridgeport-scenario-0022,RX2,minimum_lot_width_ft,missing,minimum_lot_width,irrelevant,missing
bridgeport-rule-candidate-00234,bridgeport-scenario-0022,RX2,maximum_building_height_ft,missing,maximum_height,irrelevant,missing
bridgeport-rule-candidate-00235,bridgeport-scenario-0022,RX2,maximum_lot_coverage_pct,confirmed,maximum_lot_coverage,governing_value,confirmed
bridgeport-rule-candidate-00236,bridgeport-scenario-0022,RX2,maximum_height_stories,qualitative_only,maximum_height,governing_qualitative_rule,qualitative_only
bridgeport-rule-candidate-00237,bridgeport-scenario-0022,RX2,minimum_pervious_area_pct,missing,green_or_pervious_area,irrelevant,missing
bridgeport-rule-candidate-00238,bridgeport-scenario-0022,RX2,minimum_open_space_pct,missing,green_or_pervious_area,irrelevant,missing
bridgeport-rule-candidate-00239,bridgeport-scenario-0022,RX2,minimum_green_area_pct,missing,green_or_pervious_area,irrelevant,missing
bridgeport-rule-candidate-00240,bridgeport-scenario-0022,RX2,build_to_minimum_ft,missing,setbacks_or_build_to,irrelevant,missing
bridgeport-rule-candidate-00241,bridgeport-scenario-0022,RX2,build_to_maximum_ft,missing,setbacks_or_build_to,irrelevant,missing
bridgeport-rule-candidate-00242,bridgeport-scenario-0022,RX2,frontage_requirement_ft,missing,setbacks_or_build_to,irrelevant,missing
bridgeport-rule-candidate-00243,bridgeport-scenario-0023,NX1,minimum_lot_size_sqft,missing,minimum_lot_size,irrelevant,missing
bridgeport-rule-candidate-00244,bridgeport-scenario-0023,NX1,minimum_lot_width_ft,confirmed,minimum_lot_width,governing_value,confirmed
bridgeport-rule-candidate-00245,bridgeport-scenario-0023,NX1,maximum_building_height_ft,missing,maximum_height,irrelevant,missing
bridgeport-rule-candidate-00246,bridgeport-scenario-0023,NX1,maximum_lot_coverage_pct,confirmed,maximum_lot_coverage,governing_value,confirmed
bridgeport-rule-candidate-00247,bridgeport-scenario-0023,NX1,maximum_height_stories,qualitative_only,maximum_height,governing_qualitative_rule,qualitative_only
bridgeport-rule-candidate-00248,bridgeport-scenario-0023,NX1,minimum_pervious_area_pct,missing,green_or_pervious_area,irrelevant,missing
bridgeport-rule-candidate-00249,bridgeport-scenario-0023,NX1,minimum_open_space_pct,missing,green_or_pervious_area,irrelevant,missing
bridgeport-rule-candidate-00250,bridgeport-scenario-0023,NX1,minimum_green_area_pct,missing,green_or_pervious_area,irrelevant,missing
bridgeport-rule-candidate-00251,bridgeport-scenario-0023,NX1,build_to_minimum_ft,missing,setbacks_or_build_to,irrelevant,missing
bridgeport-rule-candidate-00252,bridgeport-scenario-0023,NX1,build_to_maximum_ft,missing,setbacks_or_build_to,irrelevant,missing
bridgeport-rule-candidate-00253,bridgeport-scenario-0023,NX1,frontage_requirement_ft,missing,setbacks_or_build_to,irrelevant,missing
bridgeport-rule-candidate-00254,bridgeport-scenario-0024,NX3,minimum_lot_size_sqft,missing,minimum_lot_size,irrelevant,missing
bridgeport-rule-candidate-00255,bridgeport-scenario-0024,NX3,minimum_lot_width_ft,confirmed,minimum_lot_width,governing_value,confirmed
bridgeport-rule-candidate-00256,bridgeport-scenario-0024,NX3,maximum_building_height_ft,missing,maximum_height,irrelevant,missing
bridgeport-rule-candidate-00257,bridgeport-scenario-0024,NX3,maximum_lot_coverage_pct,confirmed,maximum_lot_coverage,governing_value,confirmed
bridgeport-rule-candidate-00258,bridgeport-scenario-0024,NX3,maximum_height_stories,qualitative_only,maximum_height,governing_qualitative_rule,qualitative_only
bridgeport-rule-candidate-00259,bridgeport-scenario-0024,NX3,minimum_pervious_area_pct,missing,green_or_pervious_area,irrelevant,missing
bridgeport-rule-candidate-00260,bridgeport-scenario-0024,NX3,minimum_open_space_pct,missing,green_or_pervious_area,irrelevant,missing
bridgeport-rule-candidate-00261,bridgeport-scenario-0024,NX3,minimum_green_area_pct,missing,green_or_pervious_area,irrelevant,missing
bridgeport-rule-candidate-00262,bridgeport-scenario-0024,NX3,build_to_minimum_ft,missing,setbacks_or_build_to,irrelevant,missing
bridgeport-rule-candidate-00263,bridgeport-scenario-0024,NX3,build_to_maximum_ft,missing,setbacks_or_build_to,irrelevant,missing
bridgeport-rule-candidate-00264,bridgeport-scenario-0024,NX3,frontage_requirement_ft,missing,setbacks_or_build_to,irrelevant,missing
bridgeport-rule-candidate-00265,bridgeport-scenario-0025,NX4,minimum_lot_size_sqft,missing,minimum_lot_size,irrelevant,missing
bridgeport-rule-candidate-00266,bridgeport-scenario-0025,NX4,minimum_lot_width_ft,confirmed,minimum_lot_width,governing_value,confirmed
bridgeport-rule-candidate-00267,bridgeport-scenario-0025,NX4,maximum_building_height_ft,missing,maximum_height,irrelevant,missing
bridgeport-rule-candidate-00268,bridgeport-scenario-0025,NX4,maximum_lot_coverage_pct,confirmed,maximum_lot_coverage,governing_value,confirmed
bridgeport-rule-candidate-00269,bridgeport-scenario-0025,NX4,maximum_height_stories,qualitative_only,maximum_height,governing_qualitative_rule,qualitative_only
bridgeport-rule-candidate-00270,bridgeport-scenario-0025,NX4,minimum_pervious_area_pct,missing,green_or_pervious_area,irrelevant,missing
bridgeport-rule-candidate-00271,bridgeport-scenario-0025,NX4,minimum_open_space_pct,missing,green_or_pervious_area,irrelevant,missing
bridgeport-rule-candidate-00272,bridgeport-scenario-0025,NX4,minimum_green_area_pct,missing,green_or_pervious_area,irrelevant,missing
bridgeport-rule-candidate-00273,bridgeport-scenario-0025,NX4,build_to_minimum_ft,missing,setbacks_or_build_to,irrelevant,missing
bridgeport-rule-candidate-00274,bridgeport-scenario-0025,NX4,build_to_maximum_ft,missing,setbacks_or_build_to,irrelevant,missing
bridgeport-rule-candidate-00275,bridgeport-scenario-0025,NX4,frontage_requirement_ft,missing,setbacks_or_build_to,irrelevant,missing
bridgeport-rule-candidate-00276,bridgeport-scenario-0026,RX2,minimum_lot_size_sqft,missing,minimum_lot_size,irrelevant,missing
bridgeport-rule-candidate-00277,bridgeport-scenario-0026,RX2,minimum_lot_width_ft,confirmed,minimum_lot_width,governing_value,confirmed
bridgeport-rule-candidate-00278,bridgeport-scenario-0026,RX2,maximum_building_height_ft,missing,maximum_height,irrelevant,missing
bridgeport-rule-candidate-00279,bridgeport-scenario-0026,RX2,maximum_lot_coverage_pct,confirmed,maximum_lot_coverage,governing_value,confirmed
bridgeport-rule-candidate-00280,bridgeport-scenario-0026,RX2,maximum_height_stories,qualitative_only,maximum_height,governing_qualitative_rule,qualitative_only
bridgeport-rule-candidate-00281,bridgeport-scenario-0026,RX2,minimum_pervious_area_pct,missing,green_or_pervious_area,irrelevant,missing
bridgeport-rule-candidate-00282,bridgeport-scenario-0026,RX2,minimum_open_space_pct,missing,green_or_pervious_area,irrelevant,missing
bridgeport-rule-candidate-00283,bridgeport-scenario-0026,RX2,minimum_green_area_pct,missing,green_or_pervious_area,irrelevant,missing
bridgeport-rule-candidate-00284,bridgeport-scenario-0026,RX2,build_to_minimum_ft,missing,setbacks_or_build_to,irrelevant,missing
bridgeport-rule-candidate-00285,bridgeport-scenario-0026,RX2,build_to_maximum_ft,missing,setbacks_or_build_to,irrelevant,missing
bridgeport-rule-candidate-00286,bridgeport-scenario-0026,RX2,frontage_requirement_ft,missing,setbacks_or_build_to,irrelevant,missing
bridgeport-rule-candidate-00287,bridgeport-scenario-0027,NX1,minimum_lot_size_sqft,missing,minimum_lot_size,irrelevant,missing
bridgeport-rule-candidate-00288,bridgeport-scenario-0027,NX1,minimum_lot_width_ft,confirmed,minimum_lot_width,governing_value,confirmed
bridgeport-rule-candidate-00289,bridgeport-scenario-0027,NX1,maximum_building_height_ft,missing,maximum_height,irrelevant,missing
bridgeport-rule-candidate-00290,bridgeport-scenario-0027,NX1,maximum_lot_coverage_pct,confirmed,maximum_lot_coverage,governing_value,confirmed
bridgeport-rule-candidate-00291,bridgeport-scenario-0027,NX1,maximum_height_stories,qualitative_only,maximum_height,governing_qualitative_rule,qualitative_only
bridgeport-rule-candidate-00292,bridgeport-scenario-0027,NX1,minimum_pervious_area_pct,missing,green_or_pervious_area,irrelevant,missing
bridgeport-rule-candidate-00293,bridgeport-scenario-0027,NX1,minimum_open_space_pct,missing,green_or_pervious_area,irrelevant,missing
bridgeport-rule-candidate-00294,bridgeport-scenario-0027,NX1,minimum_green_area_pct,missing,green_or_pervious_area,irrelevant,missing
bridgeport-rule-candidate-00295,bridgeport-scenario-0027,NX1,build_to_minimum_ft,missing,setbacks_or_build_to,irrelevant,missing
bridgeport-rule-candidate-00296,bridgeport-scenario-0027,NX1,build_to_maximum_ft,missing,setbacks_or_build_to,irrelevant,missing
bridgeport-rule-candidate-00297,bridgeport-scenario-0027,NX1,frontage_requirement_ft,missing,setbacks_or_build_to,irrelevant,missing
bridgeport-rule-candidate-00298,bridgeport-scenario-0028,N1,minimum_lot_size_sqft,missing,minimum_lot_size,irrelevant,missing
bridgeport-rule-candidate-00299,bridgeport-scenario-0028,N1,minimum_lot_width_ft,confirmed,minimum_lot_width,governing_value,confirmed
bridgeport-rule-candidate-00300,bridgeport-scenario-0028,N1,maximum_building_height_ft,missing,maximum_height,irrelevant,missing
bridgeport-rule-candidate-00301,bridgeport-scenario-0028,N1,maximum_lot_coverage_pct,confirmed,maximum_lot_coverage,governing_value,confirmed
bridgeport-rule-candidate-00302,bridgeport-scenario-0028,N1,maximum_height_stories,qualitative_only,maximum_height,governing_qualitative_rule,qualitative_only
bridgeport-rule-candidate-00303,bridgeport-scenario-0028,N1,minimum_pervious_area_pct,missing,green_or_pervious_area,irrelevant,missing
bridgeport-rule-candidate-00304,bridgeport-scenario-0028,N1,minimum_open_space_pct,missing,green_or_pervious_area,irrelevant,missing
bridgeport-rule-candidate-00305,bridgeport-scenario-0028,N1,minimum_green_area_pct,missing,green_or_pervious_area,irrelevant,missing
bridgeport-rule-candidate-00306,bridgeport-scenario-0028,N1,build_to_minimum_ft,missing,setbacks_or_build_to,irrelevant,missing
bridgeport-rule-candidate-00307,bridgeport-scenario-0028,N1,build_to_maximum_ft,missing,setbacks_or_build_to,irrelevant,missing
bridgeport-rule-candidate-00308,bridgeport-scenario-0028,N1,frontage_requirement_ft,missing,setbacks_or_build_to,irrelevant,missing
bridgeport-rule-candidate-00309,bridgeport-scenario-0029,NX1,minimum_lot_size_sqft,missing,minimum_lot_size,irrelevant,missing
bridgeport-rule-candidate-00310,bridgeport-scenario-0029,NX1,minimum_lot_width_ft,confirmed,minimum_lot_width,governing_value,confirmed
bridgeport-rule-candidate-00311,bridgeport-scenario-0029,NX1,maximum_building_height_ft,missing,maximum_height,irrelevant,missing
bridgeport-rule-candidate-00312,bridgeport-scenario-0029,NX1,maximum_lot_coverage_pct,confirmed,maximum_lot_coverage,governing_value,confirmed
bridgeport-rule-candidate-00313,bridgeport-scenario-0029,NX1,maximum_height_stories,qualitative_only,maximum_height,governing_qualitative_rule,qualitative_only
bridgeport-rule-candidate-00314,bridgeport-scenario-0029,NX1,minimum_pervious_area_pct,missing,green_or_pervious_area,irrelevant,missing
bridgeport-rule-candidate-00315,bridgeport-scenario-0029,NX1,minimum_open_space_pct,missing,green_or_pervious_area,irrelevant,missing
bridgeport-rule-candidate-00316,bridgeport-scenario-0029,NX1,minimum_green_area_pct,missing,green_or_pervious_area,irrelevant,missing
bridgeport-rule-candidate-00317,bridgeport-scenario-0029,NX1,build_to_minimum_ft,missing,setbacks_or_build_to,irrelevant,missing
bridgeport-rule-candidate-00318,bridgeport-scenario-0029,NX1,build_to_maximum_ft,missing,setbacks_or_build_to,irrelevant,missing
bridgeport-rule-candidate-00319,bridgeport-scenario-0029,NX1,frontage_requirement_ft,missing,setbacks_or_build_to,irrelevant,missing
bridgeport-rule-candidate-00320,bridgeport-scenario-0030,N2,minimum_lot_size_sqft,missing,minimum_lot_size,irrelevant,missing
bridgeport-rule-candidate-00321,bridgeport-scenario-0030,N2,minimum_lot_width_ft,missing,minimum_lot_width,irrelevant,missing
bridgeport-rule-candidate-00322,bridgeport-scenario-0030,N2,maximum_building_height_ft,missing,maximum_height,irrelevant,missing
bridgeport-rule-candidate-00323,bridgeport-scenario-0030,N2,maximum_lot_coverage_pct,confirmed,maximum_lot_coverage,governing_value,confirmed
bridgeport-rule-candidate-00324,bridgeport-scenario-0030,N2,maximum_height_stories,qualitative_only,maximum_height,governing_qualitative_rule,qualitative_only
bridgeport-rule-candidate-00325,bridgeport-scenario-0030,N2,minimum_pervious_area_pct,missing,green_or_pervious_area,irrelevant,missing
bridgeport-rule-candidate-00326,bridgeport-scenario-0030,N2,minimum_open_space_pct,missing,green_or_pervious_area,irrelevant,missing
bridgeport-rule-candidate-00327,bridgeport-scenario-0030,N2,minimum_green_area_pct,missing,green_or_pervious_area,irrelevant,missing
bridgeport-rule-candidate-00328,bridgeport-scenario-0030,N2,build_to_minimum_ft,missing,setbacks_or_build_to,irrelevant,missing
bridgeport-rule-candidate-00329,bridgeport-scenario-0030,N2,build_to_maximum_ft,missing,setbacks_or_build_to,irrelevant,missing
bridgeport-rule-candidate-00330,bridgeport-scenario-0030,N2,frontage_requirement_ft,missing,setbacks_or_build_to,irrelevant,missing
bridgeport-rule-candidate-00331,bridgeport-scenario-0031,N3,minimum_lot_size_sqft,missing,minimum_lot_size,irrelevant,missing
bridgeport-rule-candidate-00332,bridgeport-scenario-0031,N3,minimum_lot_width_ft,confirmed,minimum_lot_width,governing_value,confirmed
bridgeport-rule-candidate-00333,bridgeport-scenario-0031,N3,maximum_building_height_ft,missing,maximum_height,irrelevant,missing
bridgeport-rule-candidate-00334,bridgeport-scenario-0031,N3,maximum_lot_coverage_pct,confirmed,maximum_lot_coverage,governing_value,confirmed
bridgeport-rule-candidate-00335,bridgeport-scenario-0031,N3,maximum_height_stories,qualitative_only,maximum_height,governing_qualitative_rule,qualitative_only
bridgeport-rule-candidate-00336,bridgeport-scenario-0031,N3,minimum_pervious_area_pct,missing,green_or_pervious_area,irrelevant,missing
bridgeport-rule-candidate-00337,bridgeport-scenario-0031,N3,minimum_open_space_pct,missing,green_or_pervious_area,irrelevant,missing
bridgeport-rule-candidate-00338,bridgeport-scenario-0031,N3,minimum_green_area_pct,missing,green_or_pervious_area,irrelevant,missing
bridgeport-rule-candidate-00339,bridgeport-scenario-0031,N3,build_to_minimum_ft,missing,setbacks_or_build_to,irrelevant,missing
bridgeport-rule-candidate-00340,bridgeport-scenario-0031,N3,build_to_maximum_ft,missing,setbacks_or_build_to,irrelevant,missing
bridgeport-rule-candidate-00341,bridgeport-scenario-0031,N3,frontage_requirement_ft,missing,setbacks_or_build_to,irrelevant,missing
bridgeport-rule-candidate-00342,bridgeport-scenario-0032,N4,minimum_lot_size_sqft,missing,minimum_lot_size,irrelevant,missing
bridgeport-rule-candidate-00343,bridgeport-scenario-0032,N4,minimum_lot_width_ft,confirmed,minimum_lot_width,governing_value,confirmed
bridgeport-rule-candidate-00344,bridgeport-scenario-0032,N4,maximum_building_height_ft,missing,maximum_height,irrelevant,missing
bridgeport-rule-candidate-00345,bridgeport-scenario-0032,N4,maximum_lot_coverage_pct,confirmed,maximum_lot_coverage,governing_value,confirmed
bridgeport-rule-candidate-00346,bridgeport-scenario-0032,N4,maximum_height_stories,qualitative_only,maximum_height,governing_qualitative_rule,qualitative_only
bridgeport-rule-candidate-00347,bridgeport-scenario-0032,N4,minimum_pervious_area_pct,missing,green_or_pervious_area,irrelevant,missing
bridgeport-rule-candidate-00348,bridgeport-scenario-0032,N4,minimum_open_space_pct,missing,green_or_pervious_area,irrelevant,missing
bridgeport-rule-candidate-00349,bridgeport-scenario-0032,N4,minimum_green_area_pct,missing,green_or_pervious_area,irrelevant,missing
bridgeport-rule-candidate-00350,bridgeport-scenario-0032,N4,build_to_minimum_ft,missing,setbacks_or_build_to,irrelevant,missing
bridgeport-rule-candidate-00351,bridgeport-scenario-0032,N4,build_to_maximum_ft,missing,setbacks_or_build_to,irrelevant,missing
bridgeport-rule-candidate-00352,bridgeport-scenario-0032,N4,frontage_requirement_ft,missing,setbacks_or_build_to,irrelevant,missing
bridgeport-rule-candidate-00353,bridgeport-scenario-0033,CX,minimum_lot_size_sqft,missing,minimum_lot_size,irrelevant,missing
bridgeport-rule-candidate-00354,bridgeport-scenario-0033,CX,minimum_lot_width_ft,confirmed,minimum_lot_width,governing_value,confirmed
bridgeport-rule-candidate-00355,bridgeport-scenario-0033,CX,maximum_building_height_ft,missing,maximum_height,irrelevant,missing
bridgeport-rule-candidate-00356,bridgeport-scenario-0033,CX,maximum_lot_coverage_pct,confirmed,maximum_lot_coverage,governing_value,confirmed
bridgeport-rule-candidate-00357,bridgeport-scenario-0033,CX,maximum_height_stories,missing,maximum_height,irrelevant,missing
bridgeport-rule-candidate-00358,bridgeport-scenario-0033,CX,minimum_pervious_area_pct,missing,green_or_pervious_area,irrelevant,missing
bridgeport-rule-candidate-00359,bridgeport-scenario-0033,CX,minimum_open_space_pct,missing,green_or_pervious_area,irrelevant,missing
bridgeport-rule-candidate-00360,bridgeport-scenario-0033,CX,minimum_green_area_pct,missing,green_or_pervious_area,irrelevant,missing
bridgeport-rule-candidate-00361,bridgeport-scenario-0033,CX,build_to_minimum_ft,missing,setbacks_or_build_to,irrelevant,missing
bridgeport-rule-candidate-00362,bridgeport-scenario-0033,CX,build_to_maximum_ft,missing,setbacks_or_build_to,irrelevant,missing
bridgeport-rule-candidate-00363,bridgeport-scenario-0033,CX,frontage_requirement_ft,missing,setbacks_or_build_to,irrelevant,missing
bridgeport-rule-candidate-00364,bridgeport-scenario-0034,CX,minimum_lot_size_sqft,review_required,minimum_lot_size,diagram_or_unverified_context,review_required
bridgeport-rule-candidate-00365,bridgeport-scenario-0034,CX,minimum_lot_width_ft,review_required,minimum_lot_width,diagram_or_unverified_context,review_required
bridgeport-rule-candidate-00366,bridgeport-scenario-0034,CX,maximum_building_height_ft,review_required,maximum_height,diagram_or_unverified_context,review_required
bridgeport-rule-candidate-00367,bridgeport-scenario-0034,CX,maximum_lot_coverage_pct,review_required,maximum_lot_coverage,diagram_or_unverified_context,review_required
bridgeport-rule-candidate-00368,bridgeport-scenario-0034,CX,maximum_height_stories,review_required,maximum_height,diagram_or_unverified_context,review_required
bridgeport-rule-candidate-00369,bridgeport-scenario-0034,CX,minimum_pervious_area_pct,review_required,green_or_pervious_area,diagram_or_unverified_context,review_required
bridgeport-rule-candidate-00370,bridgeport-scenario-0034,CX,minimum_open_space_pct,review_required,green_or_pervious_area,diagram_or_unverified_context,review_required
bridgeport-rule-candidate-00371,bridgeport-scenario-0034,CX,minimum_green_area_pct,review_required,green_or_pervious_area,diagram_or_unverified_context,review_required
bridgeport-rule-candidate-00372,bridgeport-scenario-0034,CX,build_to_minimum_ft,review_required,setbacks_or_build_to,diagram_or_unverified_context,review_required
bridgeport-rule-candidate-00373,bridgeport-scenario-0034,CX,build_to_maximum_ft,review_required,setbacks_or_build_to,diagram_or_unverified_context,review_required
bridgeport-rule-candidate-00374,bridgeport-scenario-0034,CX,frontage_requirement_ft,review_required,setbacks_or_build_to,diagram_or_unverified_context,review_required
bridgeport-rule-candidate-00375,bridgeport-scenario-0035,DX1,minimum_lot_size_sqft,review_required,minimum_lot_size,diagram_or_unverified_context,review_required
bridgeport-rule-candidate-00376,bridgeport-scenario-0035,DX1,minimum_lot_width_ft,review_required,minimum_lot_width,diagram_or_unverified_context,review_required
bridgeport-rule-candidate-00377,bridgeport-scenario-0035,DX1,maximum_building_height_ft,review_required,maximum_height,diagram_or_unverified_context,review_required
bridgeport-rule-candidate-00378,bridgeport-scenario-0035,DX1,maximum_lot_coverage_pct,review_required,maximum_lot_coverage,diagram_or_unverified_context,review_required
bridgeport-rule-candidate-00379,bridgeport-scenario-0035,DX1,maximum_height_stories,review_required,maximum_height,diagram_or_unverified_context,review_required
bridgeport-rule-candidate-00380,bridgeport-scenario-0035,DX1,minimum_pervious_area_pct,review_required,green_or_pervious_area,diagram_or_unverified_context,review_required
bridgeport-rule-candidate-00381,bridgeport-scenario-0035,DX1,minimum_open_space_pct,review_required,green_or_pervious_area,diagram_or_unverified_context,review_required
bridgeport-rule-candidate-00382,bridgeport-scenario-0035,DX1,minimum_green_area_pct,review_required,green_or_pervious_area,diagram_or_unverified_context,review_required
bridgeport-rule-candidate-00383,bridgeport-scenario-0035,DX1,build_to_minimum_ft,review_required,setbacks_or_build_to,diagram_or_unverified_context,review_required
bridgeport-rule-candidate-00384,bridgeport-scenario-0035,DX1,build_to_maximum_ft,review_required,setbacks_or_build_to,diagram_or_unverified_context,review_required
bridgeport-rule-candidate-00385,bridgeport-scenario-0035,DX1,frontage_requirement_ft,review_required,setbacks_or_build_to,diagram_or_unverified_context,review_required
bridgeport-rule-candidate-00386,bridgeport-scenario-0036,DX2,minimum_lot_size_sqft,review_required,minimum_lot_size,diagram_or_unverified_context,review_required
bridgeport-rule-candidate-00387,bridgeport-scenario-0036,DX2,minimum_lot_width_ft,review_required,minimum_lot_width,diagram_or_unverified_context,review_required
bridgeport-rule-candidate-00388,bridgeport-scenario-0036,DX2,maximum_building_height_ft,review_required,maximum_height,diagram_or_unverified_context,review_required
bridgeport-rule-candidate-00389,bridgeport-scenario-0036,DX2,maximum_lot_coverage_pct,review_required,maximum_lot_coverage,diagram_or_unverified_context,review_required
bridgeport-rule-candidate-00390,bridgeport-scenario-0036,DX2,maximum_height_stories,review_required,maximum_height,diagram_or_unverified_context,review_required
bridgeport-rule-candidate-00391,bridgeport-scenario-0036,DX2,minimum_pervious_area_pct,review_required,green_or_pervious_area,diagram_or_unverified_context,review_required
bridgeport-rule-candidate-00392,bridgeport-scenario-0036,DX2,minimum_open_space_pct,review_required,green_or_pervious_area,diagram_or_unverified_context,review_required
bridgeport-rule-candidate-00393,bridgeport-scenario-0036,DX2,minimum_green_area_pct,review_required,green_or_pervious_area,diagram_or_unverified_context,review_required
bridgeport-rule-candidate-00394,bridgeport-scenario-0036,DX2,build_to_minimum_ft,review_required,setbacks_or_build_to,diagram_or_unverified_context,review_required
bridgeport-rule-candidate-00395,bridgeport-scenario-0036,DX2,build_to_maximum_ft,review_required,setbacks_or_build_to,diagram_or_unverified_context,review_required
bridgeport-rule-candidate-00396,bridgeport-scenario-0036,DX2,frontage_requirement_ft,review_required,setbacks_or_build_to,diagram_or_unverified_context,review_required
bridgeport-rule-candidate-00397,bridgeport-scenario-0037,MX1,minimum_lot_size_sqft,review_required,minimum_lot_size,diagram_or_unverified_context,review_required
bridgeport-rule-candidate-00398,bridgeport-scenario-0037,MX1,minimum_lot_width_ft,review_required,minimum_lot_width,diagram_or_unverified_context,review_required
bridgeport-rule-candidate-00399,bridgeport-scenario-0037,MX1,maximum_building_height_ft,review_required,maximum_height,diagram_or_unverified_context,review_required
bridgeport-rule-candidate-00400,bridgeport-scenario-0037,MX1,maximum_lot_coverage_pct,review_required,maximum_lot_coverage,diagram_or_unverified_context,review_required
bridgeport-rule-candidate-00401,bridgeport-scenario-0037,MX1,maximum_height_stories,review_required,maximum_height,diagram_or_unverified_context,review_required
bridgeport-rule-candidate-00402,bridgeport-scenario-0037,MX1,minimum_pervious_area_pct,review_required,green_or_pervious_area,diagram_or_unverified_context,review_required
bridgeport-rule-candidate-00403,bridgeport-scenario-0037,MX1,minimum_open_space_pct,review_required,green_or_pervious_area,diagram_or_unverified_context,review_required
bridgeport-rule-candidate-00404,bridgeport-scenario-0037,MX1,minimum_green_area_pct,review_required,green_or_pervious_area,diagram_or_unverified_context,review_required
bridgeport-rule-candidate-00405,bridgeport-scenario-0037,MX1,build_to_minimum_ft,review_required,setbacks_or_build_to,diagram_or_unverified_context,review_required
bridgeport-rule-candidate-00406,bridgeport-scenario-0037,MX1,build_to_maximum_ft,review_required,setbacks_or_build_to,diagram_or_unverified_context,review_required
bridgeport-rule-candidate-00407,bridgeport-scenario-0037,MX1,frontage_requirement_ft,review_required,setbacks_or_build_to,diagram_or_unverified_context,review_required
bridgeport-rule-candidate-00408,bridgeport-scenario-0038,MX2,minimum_lot_size_sqft,review_required,minimum_lot_size,diagram_or_unverified_context,review_required
bridgeport-rule-candidate-00409,bridgeport-scenario-0038,MX2,minimum_lot_width_ft,review_required,minimum_lot_width,diagram_or_unverified_context,review_required
bridgeport-rule-candidate-00410,bridgeport-scenario-0038,MX2,maximum_building_height_ft,review_required,maximum_height,diagram_or_unverified_context,review_required
bridgeport-rule-candidate-00411,bridgeport-scenario-0038,MX2,maximum_lot_coverage_pct,review_required,maximum_lot_coverage,diagram_or_unverified_context,review_required
bridgeport-rule-candidate-00412,bridgeport-scenario-0038,MX2,maximum_height_stories,review_required,maximum_height,diagram_or_unverified_context,review_required
bridgeport-rule-candidate-00413,bridgeport-scenario-0038,MX2,minimum_pervious_area_pct,review_required,green_or_pervious_area,diagram_or_unverified_context,review_required
bridgeport-rule-candidate-00414,bridgeport-scenario-0038,MX2,minimum_open_space_pct,review_required,green_or_pervious_area,diagram_or_unverified_context,review_required
bridgeport-rule-candidate-00415,bridgeport-scenario-0038,MX2,minimum_green_area_pct,review_required,green_or_pervious_area,diagram_or_unverified_context,review_required
bridgeport-rule-candidate-00416,bridgeport-scenario-0038,MX2,build_to_minimum_ft,review_required,setbacks_or_build_to,diagram_or_unverified_context,review_required
bridgeport-rule-candidate-00417,bridgeport-scenario-0038,MX2,build_to_maximum_ft,review_required,setbacks_or_build_to,diagram_or_unverified_context,review_required
bridgeport-rule-candidate-00418,bridgeport-scenario-0038,MX2,frontage_requirement_ft,review_required,setbacks_or_build_to,diagram_or_unverified_context,review_required
bridgeport-rule-candidate-00419,bridgeport-scenario-0039,NX3,minimum_lot_size_sqft,review_required,minimum_lot_size,diagram_or_unverified_context,review_required
bridgeport-rule-candidate-00420,bridgeport-scenario-0039,NX3,minimum_lot_width_ft,review_required,minimum_lot_width,diagram_or_unverified_context,review_required
bridgeport-rule-candidate-00421,bridgeport-scenario-0039,NX3,maximum_building_height_ft,review_required,maximum_height,diagram_or_unverified_context,review_required
bridgeport-rule-candidate-00422,bridgeport-scenario-0039,NX3,maximum_lot_coverage_pct,review_required,maximum_lot_coverage,diagram_or_unverified_context,review_required
bridgeport-rule-candidate-00423,bridgeport-scenario-0039,NX3,maximum_height_stories,review_required,maximum_height,diagram_or_unverified_context,review_required
bridgeport-rule-candidate-00424,bridgeport-scenario-0039,NX3,minimum_pervious_area_pct,review_required,green_or_pervious_area,diagram_or_unverified_context,review_required
bridgeport-rule-candidate-00425,bridgeport-scenario-0039,NX3,minimum_open_space_pct,review_required,green_or_pervious_area,diagram_or_unverified_context,review_required
bridgeport-rule-candidate-00426,bridgeport-scenario-0039,NX3,minimum_green_area_pct,review_required,green_or_pervious_area,diagram_or_unverified_context,review_required
bridgeport-rule-candidate-00427,bridgeport-scenario-0039,NX3,build_to_minimum_ft,review_required,setbacks_or_build_to,diagram_or_unverified_context,review_required
bridgeport-rule-candidate-00428,bridgeport-scenario-0039,NX3,build_to_maximum_ft,review_required,setbacks_or_build_to,diagram_or_unverified_context,review_required
bridgeport-rule-candidate-00429,bridgeport-scenario-0039,NX3,frontage_requirement_ft,review_required,setbacks_or_build_to,diagram_or_unverified_context,review_required
bridgeport-rule-candidate-00430,bridgeport-scenario-0040,NX4,minimum_lot_size_sqft,review_required,minimum_lot_size,diagram_or_unverified_context,review_required
bridgeport-rule-candidate-00431,bridgeport-scenario-0040,NX4,minimum_lot_width_ft,review_required,minimum_lot_width,diagram_or_unverified_context,review_required
bridgeport-rule-candidate-00432,bridgeport-scenario-0040,NX4,maximum_building_height_ft,review_required,maximum_height,diagram_or_unverified_context,review_required
bridgeport-rule-candidate-00433,bridgeport-scenario-0040,NX4,maximum_lot_coverage_pct,review_required,maximum_lot_coverage,diagram_or_unverified_context,review_required
bridgeport-rule-candidate-00434,bridgeport-scenario-0040,NX4,maximum_height_stories,review_required,maximum_height,diagram_or_unverified_context,review_required
bridgeport-rule-candidate-00435,bridgeport-scenario-0040,NX4,minimum_pervious_area_pct,review_required,green_or_pervious_area,diagram_or_unverified_context,review_required
bridgeport-rule-candidate-00436,bridgeport-scenario-0040,NX4,minimum_open_space_pct,review_required,green_or_pervious_area,diagram_or_unverified_context,review_required
bridgeport-rule-candidate-00437,bridgeport-scenario-0040,NX4,minimum_green_area_pct,review_required,green_or_pervious_area,diagram_or_unverified_context,review_required
bridgeport-rule-candidate-00438,bridgeport-scenario-0040,NX4,build_to_minimum_ft,review_required,setbacks_or_build_to,diagram_or_unverified_context,review_required
bridgeport-rule-candidate-00439,bridgeport-scenario-0040,NX4,build_to_maximum_ft,review_required,setbacks_or_build_to,diagram_or_unverified_context,review_required
bridgeport-rule-candidate-00440,bridgeport-scenario-0040,NX4,frontage_requirement_ft,review_required,setbacks_or_build_to,diagram_or_unverified_context,review_required
bridgeport-rule-candidate-00441,bridgeport-scenario-0041,RX2,minimum_lot_size_sqft,review_required,minimum_lot_size,diagram_or_unverified_context,review_required
bridgeport-rule-candidate-00442,bridgeport-scenario-0041,RX2,minimum_lot_width_ft,review_required,minimum_lot_width,diagram_or_unverified_context,review_required
bridgeport-rule-candidate-00443,bridgeport-scenario-0041,RX2,maximum_building_height_ft,review_required,maximum_height,diagram_or_unverified_context,review_required
bridgeport-rule-candidate-00444,bridgeport-scenario-0041,RX2,maximum_lot_coverage_pct,review_required,maximum_lot_coverage,diagram_or_unverified_context,review_required
bridgeport-rule-candidate-00445,bridgeport-scenario-0041,RX2,maximum_height_stories,review_required,maximum_height,diagram_or_unverified_context,review_required
bridgeport-rule-candidate-00446,bridgeport-scenario-0041,RX2,minimum_pervious_area_pct,review_required,green_or_pervious_area,diagram_or_unverified_context,review_required
bridgeport-rule-candidate-00447,bridgeport-scenario-0041,RX2,minimum_open_space_pct,review_required,green_or_pervious_area,diagram_or_unverified_context,review_required
bridgeport-rule-candidate-00448,bridgeport-scenario-0041,RX2,minimum_green_area_pct,review_required,green_or_pervious_area,diagram_or_unverified_context,review_required
bridgeport-rule-candidate-00449,bridgeport-scenario-0041,RX2,build_to_minimum_ft,review_required,setbacks_or_build_to,diagram_or_unverified_context,review_required
bridgeport-rule-candidate-00450,bridgeport-scenario-0041,RX2,build_to_maximum_ft,review_required,setbacks_or_build_to,diagram_or_unverified_context,review_required
bridgeport-rule-candidate-00451,bridgeport-scenario-0041,RX2,frontage_requirement_ft,review_required,setbacks_or_build_to,diagram_or_unverified_context,review_required
bridgeport-rule-candidate-00452,bridgeport-scenario-0042,DX1,minimum_lot_size_sqft,review_required,minimum_lot_size,diagram_or_unverified_context,review_required
bridgeport-rule-candidate-00453,bridgeport-scenario-0042,DX1,minimum_lot_width_ft,review_required,minimum_lot_width,diagram_or_unverified_context,review_required
bridgeport-rule-candidate-00454,bridgeport-scenario-0042,DX1,maximum_building_height_ft,review_required,maximum_height,diagram_or_unverified_context,review_required
bridgeport-rule-candidate-00455,bridgeport-scenario-0042,DX1,maximum_lot_coverage_pct,review_required,maximum_lot_coverage,diagram_or_unverified_context,review_required
bridgeport-rule-candidate-00456,bridgeport-scenario-0042,DX1,maximum_height_stories,review_required,maximum_height,diagram_or_unverified_context,review_required
bridgeport-rule-candidate-00457,bridgeport-scenario-0042,DX1,minimum_pervious_area_pct,review_required,green_or_pervious_area,diagram_or_unverified_context,review_required
bridgeport-rule-candidate-00458,bridgeport-scenario-0042,DX1,minimum_open_space_pct,review_required,green_or_pervious_area,diagram_or_unverified_context,review_required
bridgeport-rule-candidate-00459,bridgeport-scenario-0042,DX1,minimum_green_area_pct,review_required,green_or_pervious_area,diagram_or_unverified_context,review_required
bridgeport-rule-candidate-00460,bridgeport-scenario-0042,DX1,build_to_minimum_ft,review_required,setbacks_or_build_to,diagram_or_unverified_context,review_required
bridgeport-rule-candidate-00461,bridgeport-scenario-0042,DX1,build_to_maximum_ft,review_required,setbacks_or_build_to,diagram_or_unverified_context,review_required
bridgeport-rule-candidate-00462,bridgeport-scenario-0042,DX1,frontage_requirement_ft,review_required,setbacks_or_build_to,diagram_or_unverified_context,review_required
bridgeport-rule-candidate-00463,bridgeport-scenario-0043,MX1,minimum_lot_size_sqft,review_required,minimum_lot_size,diagram_or_unverified_context,review_required
bridgeport-rule-candidate-00464,bridgeport-scenario-0043,MX1,minimum_lot_width_ft,review_required,minimum_lot_width,diagram_or_unverified_context,review_required
bridgeport-rule-candidate-00465,bridgeport-scenario-0043,MX1,maximum_building_height_ft,review_required,maximum_height,diagram_or_unverified_context,review_required
bridgeport-rule-candidate-00466,bridgeport-scenario-0043,MX1,maximum_lot_coverage_pct,review_required,maximum_lot_coverage,diagram_or_unverified_context,review_required
bridgeport-rule-candidate-00467,bridgeport-scenario-0043,MX1,maximum_height_stories,review_required,maximum_height,diagram_or_unverified_context,review_required
bridgeport-rule-candidate-00468,bridgeport-scenario-0043,MX1,minimum_pervious_area_pct,review_required,green_or_pervious_area,diagram_or_unverified_context,review_required
bridgeport-rule-candidate-00469,bridgeport-scenario-0043,MX1,minimum_open_space_pct,review_required,green_or_pervious_area,diagram_or_unverified_context,review_required
bridgeport-rule-candidate-00470,bridgeport-scenario-0043,MX1,minimum_green_area_pct,review_required,green_or_pervious_area,diagram_or_unverified_context,review_required
bridgeport-rule-candidate-00471,bridgeport-scenario-0043,MX1,build_to_minimum_ft,review_required,setbacks_or_build_to,diagram_or_unverified_context,review_required
bridgeport-rule-candidate-00472,bridgeport-scenario-0043,MX1,build_to_maximum_ft,review_required,setbacks_or_build_to,diagram_or_unverified_context,review_required
bridgeport-rule-candidate-00473,bridgeport-scenario-0043,MX1,frontage_requirement_ft,review_required,setbacks_or_build_to,diagram_or_unverified_context,review_required
bridgeport-rule-candidate-00474,bridgeport-scenario-0044,MX2,minimum_lot_size_sqft,review_required,minimum_lot_size,diagram_or_unverified_context,review_required
bridgeport-rule-candidate-00475,bridgeport-scenario-0044,MX2,minimum_lot_width_ft,review_required,minimum_lot_width,diagram_or_unverified_context,review_required
bridgeport-rule-candidate-00476,bridgeport-scenario-0044,MX2,maximum_building_height_ft,review_required,maximum_height,diagram_or_unverified_context,review_required
bridgeport-rule-candidate-00477,bridgeport-scenario-0044,MX2,maximum_lot_coverage_pct,review_required,maximum_lot_coverage,diagram_or_unverified_context,review_required
bridgeport-rule-candidate-00478,bridgeport-scenario-0044,MX2,maximum_height_stories,review_required,maximum_height,diagram_or_unverified_context,review_required
bridgeport-rule-candidate-00479,bridgeport-scenario-0044,MX2,minimum_pervious_area_pct,review_required,green_or_pervious_area,diagram_or_unverified_context,review_required
bridgeport-rule-candidate-00480,bridgeport-scenario-0044,MX2,minimum_open_space_pct,review_required,green_or_pervious_area,diagram_or_unverified_context,review_required
bridgeport-rule-candidate-00481,bridgeport-scenario-0044,MX2,minimum_green_area_pct,review_required,green_or_pervious_area,diagram_or_unverified_context,review_required
bridgeport-rule-candidate-00482,bridgeport-scenario-0044,MX2,build_to_minimum_ft,review_required,setbacks_or_build_to,diagram_or_unverified_context,review_required
bridgeport-rule-candidate-00483,bridgeport-scenario-0044,MX2,build_to_maximum_ft,review_required,setbacks_or_build_to,diagram_or_unverified_context,review_required
bridgeport-rule-candidate-00484,bridgeport-scenario-0044,MX2,frontage_requirement_ft,review_required,setbacks_or_build_to,diagram_or_unverified_context,review_required
bridgeport-rule-candidate-00485,bridgeport-scenario-0045,CX,minimum_lot_size_sqft,review_required,minimum_lot_size,diagram_or_unverified_context,review_required
bridgeport-rule-candidate-00486,bridgeport-scenario-0045,CX,minimum_lot_width_ft,review_required,minimum_lot_width,diagram_or_unverified_context,review_required
bridgeport-rule-candidate-00487,bridgeport-scenario-0045,CX,maximum_building_height_ft,review_required,maximum_height,diagram_or_unverified_context,review_required
bridgeport-rule-candidate-00488,bridgeport-scenario-0045,CX,maximum_lot_coverage_pct,review_required,maximum_lot_coverage,diagram_or_unverified_context,review_required
bridgeport-rule-candidate-00489,bridgeport-scenario-0045,CX,maximum_height_stories,review_required,maximum_height,diagram_or_unverified_context,review_required
bridgeport-rule-candidate-00490,bridgeport-scenario-0045,CX,minimum_pervious_area_pct,review_required,green_or_pervious_area,diagram_or_unverified_context,review_required
bridgeport-rule-candidate-00491,bridgeport-scenario-0045,CX,minimum_open_space_pct,review_required,green_or_pervious_area,diagram_or_unverified_context,review_required
bridgeport-rule-candidate-00492,bridgeport-scenario-0045,CX,minimum_green_area_pct,review_required,green_or_pervious_area,diagram_or_unverified_context,review_required
bridgeport-rule-candidate-00493,bridgeport-scenario-0045,CX,build_to_minimum_ft,review_required,setbacks_or_build_to,diagram_or_unverified_context,review_required
bridgeport-rule-candidate-00494,bridgeport-scenario-0045,CX,build_to_maximum_ft,review_required,setbacks_or_build_to,diagram_or_unverified_context,review_required
bridgeport-rule-candidate-00495,bridgeport-scenario-0045,CX,frontage_requirement_ft,review_required,setbacks_or_build_to,diagram_or_unverified_context,review_required
bridgeport-rule-candidate-00496,bridgeport-scenario-0046,N4,minimum_lot_size_sqft,missing,minimum_lot_size,irrelevant,missing
bridgeport-rule-candidate-00497,bridgeport-scenario-0046,N4,minimum_lot_width_ft,confirmed,minimum_lot_width,governing_value,confirmed
bridgeport-rule-candidate-00498,bridgeport-scenario-0046,N4,maximum_building_height_ft,missing,maximum_height,irrelevant,missing
bridgeport-rule-candidate-00499,bridgeport-scenario-0046,N4,maximum_lot_coverage_pct,confirmed,maximum_lot_coverage,governing_value,confirmed
bridgeport-rule-candidate-00500,bridgeport-scenario-0046,N4,maximum_height_stories,qualitative_only,maximum_height,governing_qualitative_rule,qualitative_only
bridgeport-rule-candidate-00501,bridgeport-scenario-0046,N4,minimum_pervious_area_pct,missing,green_or_pervious_area,irrelevant,missing
bridgeport-rule-candidate-00502,bridgeport-scenario-0046,N4,minimum_open_space_pct,missing,green_or_pervious_area,irrelevant,missing
bridgeport-rule-candidate-00503,bridgeport-scenario-0046,N4,minimum_green_area_pct,missing,green_or_pervious_area,irrelevant,missing
bridgeport-rule-candidate-00504,bridgeport-scenario-0046,N4,build_to_minimum_ft,missing,setbacks_or_build_to,irrelevant,missing
bridgeport-rule-candidate-00505,bridgeport-scenario-0046,N4,build_to_maximum_ft,missing,setbacks_or_build_to,irrelevant,missing
bridgeport-rule-candidate-00506,bridgeport-scenario-0046,N4,frontage_requirement_ft,missing,setbacks_or_build_to,irrelevant,missing
bridgeport-rule-candidate-00507,bridgeport-scenario-0001,CX,minimum_off_street_parking_spaces_per_dwelling_unit,confirmed,parking,governing_value,confirmed
bridgeport-rule-candidate-00508,bridgeport-scenario-0001,CX,parking_regime,confirmed,parking,governing_value,confirmed
bridgeport-rule-candidate-00509,bridgeport-scenario-0001,CX,adu_permission_pathway,confirmed,adu,governing_value,confirmed
bridgeport-rule-candidate-00510,bridgeport-scenario-0001,CX,adu_conditions,confirmed,adu,governing_value,confirmed
bridgeport-rule-candidate-00511,bridgeport-scenario-0002,DX1,minimum_off_street_parking_spaces_per_dwelling_unit,confirmed,parking,governing_value,confirmed
bridgeport-rule-candidate-00512,bridgeport-scenario-0002,DX1,parking_regime,confirmed,parking,governing_value,confirmed
bridgeport-rule-candidate-00513,bridgeport-scenario-0002,DX1,adu_permission_pathway,confirmed,adu,governing_value,confirmed
bridgeport-rule-candidate-00514,bridgeport-scenario-0002,DX1,adu_conditions,confirmed,adu,governing_value,confirmed
bridgeport-rule-candidate-00515,bridgeport-scenario-0003,DX2,minimum_off_street_parking_spaces_per_dwelling_unit,confirmed,parking,governing_value,confirmed
bridgeport-rule-candidate-00516,bridgeport-scenario-0003,DX2,parking_regime,confirmed,parking,governing_value,confirmed
bridgeport-rule-candidate-00517,bridgeport-scenario-0003,DX2,adu_permission_pathway,confirmed,adu,governing_value,confirmed
bridgeport-rule-candidate-00518,bridgeport-scenario-0003,DX2,adu_conditions,confirmed,adu,governing_value,confirmed
bridgeport-rule-candidate-00519,bridgeport-scenario-0004,MX1,minimum_off_street_parking_spaces_per_dwelling_unit,confirmed,parking,governing_value,confirmed
bridgeport-rule-candidate-00520,bridgeport-scenario-0004,MX1,parking_regime,confirmed,parking,governing_value,confirmed
bridgeport-rule-candidate-00521,bridgeport-scenario-0004,MX1,adu_permission_pathway,confirmed,adu,governing_value,confirmed
bridgeport-rule-candidate-00522,bridgeport-scenario-0004,MX1,adu_conditions,confirmed,adu,governing_value,confirmed
bridgeport-rule-candidate-00523,bridgeport-scenario-0005,MX2,minimum_off_street_parking_spaces_per_dwelling_unit,confirmed,parking,governing_value,confirmed
bridgeport-rule-candidate-00524,bridgeport-scenario-0005,MX2,parking_regime,confirmed,parking,governing_value,confirmed
bridgeport-rule-candidate-00525,bridgeport-scenario-0005,MX2,adu_permission_pathway,confirmed,adu,governing_value,confirmed
bridgeport-rule-candidate-00526,bridgeport-scenario-0005,MX2,adu_conditions,confirmed,adu,governing_value,confirmed
bridgeport-rule-candidate-00527,bridgeport-scenario-0006,MXN,minimum_off_street_parking_spaces_per_dwelling_unit,confirmed,parking,governing_value,confirmed
bridgeport-rule-candidate-00528,bridgeport-scenario-0006,MXN,parking_regime,confirmed,parking,governing_value,confirmed
bridgeport-rule-candidate-00529,bridgeport-scenario-0006,MXN,adu_permission_pathway,confirmed,adu,governing_value,confirmed
bridgeport-rule-candidate-00530,bridgeport-scenario-0006,MXN,adu_conditions,confirmed,adu,governing_value,confirmed
bridgeport-rule-candidate-00531,bridgeport-scenario-0007,RX2,minimum_off_street_parking_spaces_per_dwelling_unit,confirmed,parking,governing_value,confirmed
bridgeport-rule-candidate-00532,bridgeport-scenario-0007,RX2,parking_regime,confirmed,parking,governing_value,confirmed
bridgeport-rule-candidate-00533,bridgeport-scenario-0007,RX2,adu_permission_pathway,confirmed,adu,governing_value,confirmed
bridgeport-rule-candidate-00534,bridgeport-scenario-0007,RX2,adu_conditions,confirmed,adu,governing_value,confirmed
bridgeport-rule-candidate-00535,bridgeport-scenario-0008,DX1,minimum_off_street_parking_spaces_per_dwelling_unit,confirmed,parking,governing_value,confirmed
bridgeport-rule-candidate-00536,bridgeport-scenario-0008,DX1,parking_regime,confirmed,parking,governing_value,confirmed
bridgeport-rule-candidate-00537,bridgeport-scenario-0008,DX1,adu_permission_pathway,confirmed,adu,governing_value,confirmed
bridgeport-rule-candidate-00538,bridgeport-scenario-0008,DX1,adu_conditions,confirmed,adu,governing_value,confirmed
bridgeport-rule-candidate-00539,bridgeport-scenario-0009,MX1,minimum_off_street_parking_spaces_per_dwelling_unit,confirmed,parking,governing_value,confirmed
bridgeport-rule-candidate-00540,bridgeport-scenario-0009,MX1,parking_regime,confirmed,parking,governing_value,confirmed
bridgeport-rule-candidate-00541,bridgeport-scenario-0009,MX1,adu_permission_pathway,confirmed,adu,governing_value,confirmed
bridgeport-rule-candidate-00542,bridgeport-scenario-0009,MX1,adu_conditions,confirmed,adu,governing_value,confirmed
bridgeport-rule-candidate-00543,bridgeport-scenario-0010,MX2,minimum_off_street_parking_spaces_per_dwelling_unit,confirmed,parking,governing_value,confirmed
bridgeport-rule-candidate-00544,bridgeport-scenario-0010,MX2,parking_regime,confirmed,parking,governing_value,confirmed
bridgeport-rule-candidate-00545,bridgeport-scenario-0010,MX2,adu_permission_pathway,confirmed,adu,governing_value,confirmed
bridgeport-rule-candidate-00546,bridgeport-scenario-0010,MX2,adu_conditions,confirmed,adu,governing_value,confirmed
bridgeport-rule-candidate-00547,bridgeport-scenario-0011,MXN,minimum_off_street_parking_spaces_per_dwelling_unit,confirmed,parking,governing_value,confirmed
bridgeport-rule-candidate-00548,bridgeport-scenario-0011,MXN,parking_regime,confirmed,parking,governing_value,confirmed
bridgeport-rule-candidate-00549,bridgeport-scenario-0011,MXN,adu_permission_pathway,confirmed,adu,governing_value,confirmed
bridgeport-rule-candidate-00550,bridgeport-scenario-0011,MXN,adu_conditions,confirmed,adu,governing_value,confirmed
bridgeport-rule-candidate-00551,bridgeport-scenario-0012,DX2,minimum_off_street_parking_spaces_per_dwelling_unit,confirmed,parking,governing_value,confirmed
bridgeport-rule-candidate-00552,bridgeport-scenario-0012,DX2,parking_regime,confirmed,parking,governing_value,confirmed
bridgeport-rule-candidate-00553,bridgeport-scenario-0012,DX2,adu_permission_pathway,confirmed,adu,governing_value,confirmed
bridgeport-rule-candidate-00554,bridgeport-scenario-0012,DX2,adu_conditions,confirmed,adu,governing_value,confirmed
bridgeport-rule-candidate-00555,bridgeport-scenario-0013,MX2,minimum_off_street_parking_spaces_per_dwelling_unit,confirmed,parking,governing_value,confirmed
bridgeport-rule-candidate-00556,bridgeport-scenario-0013,MX2,parking_regime,confirmed,parking,governing_value,confirmed
bridgeport-rule-candidate-00557,bridgeport-scenario-0013,MX2,adu_permission_pathway,confirmed,adu,governing_value,confirmed
bridgeport-rule-candidate-00558,bridgeport-scenario-0013,MX2,adu_conditions,confirmed,adu,governing_value,confirmed
bridgeport-rule-candidate-00559,bridgeport-scenario-0014,MX1,minimum_off_street_parking_spaces_per_dwelling_unit,confirmed,parking,governing_value,confirmed
bridgeport-rule-candidate-00560,bridgeport-scenario-0014,MX1,parking_regime,confirmed,parking,governing_value,confirmed
bridgeport-rule-candidate-00561,bridgeport-scenario-0014,MX1,adu_permission_pathway,confirmed,adu,governing_value,confirmed
bridgeport-rule-candidate-00562,bridgeport-scenario-0014,MX1,adu_conditions,confirmed,adu,governing_value,confirmed
bridgeport-rule-candidate-00563,bridgeport-scenario-0015,MX2,minimum_off_street_parking_spaces_per_dwelling_unit,confirmed,parking,governing_value,confirmed
bridgeport-rule-candidate-00564,bridgeport-scenario-0015,MX2,parking_regime,confirmed,parking,governing_value,confirmed
bridgeport-rule-candidate-00565,bridgeport-scenario-0015,MX2,adu_permission_pathway,confirmed,adu,governing_value,confirmed
bridgeport-rule-candidate-00566,bridgeport-scenario-0015,MX2,adu_conditions,confirmed,adu,governing_value,confirmed
bridgeport-rule-candidate-00567,bridgeport-scenario-0016,MXN,minimum_off_street_parking_spaces_per_dwelling_unit,confirmed,parking,governing_value,confirmed
bridgeport-rule-candidate-00568,bridgeport-scenario-0016,MXN,parking_regime,confirmed,parking,governing_value,confirmed
bridgeport-rule-candidate-00569,bridgeport-scenario-0016,MXN,adu_permission_pathway,confirmed,adu,governing_value,confirmed
bridgeport-rule-candidate-00570,bridgeport-scenario-0016,MXN,adu_conditions,confirmed,adu,governing_value,confirmed
bridgeport-rule-candidate-00571,bridgeport-scenario-0017,RX2,minimum_off_street_parking_spaces_per_dwelling_unit,confirmed,parking,governing_value,confirmed
bridgeport-rule-candidate-00572,bridgeport-scenario-0017,RX2,parking_regime,confirmed,parking,governing_value,confirmed
bridgeport-rule-candidate-00573,bridgeport-scenario-0017,RX2,adu_permission_pathway,confirmed,adu,governing_value,confirmed
bridgeport-rule-candidate-00574,bridgeport-scenario-0017,RX2,adu_conditions,confirmed,adu,governing_value,confirmed
bridgeport-rule-candidate-00575,bridgeport-scenario-0018,CX,minimum_off_street_parking_spaces_per_dwelling_unit,confirmed,parking,governing_value,confirmed
bridgeport-rule-candidate-00576,bridgeport-scenario-0018,CX,parking_regime,confirmed,parking,governing_value,confirmed
bridgeport-rule-candidate-00577,bridgeport-scenario-0018,CX,adu_permission_pathway,confirmed,adu,governing_value,confirmed
bridgeport-rule-candidate-00578,bridgeport-scenario-0018,CX,adu_conditions,confirmed,adu,governing_value,confirmed
bridgeport-rule-candidate-00579,bridgeport-scenario-0019,DX2,minimum_off_street_parking_spaces_per_dwelling_unit,confirmed,parking,governing_value,confirmed
bridgeport-rule-candidate-00580,bridgeport-scenario-0019,DX2,parking_regime,confirmed,parking,governing_value,confirmed
bridgeport-rule-candidate-00581,bridgeport-scenario-0019,DX2,adu_permission_pathway,confirmed,adu,governing_value,confirmed
bridgeport-rule-candidate-00582,bridgeport-scenario-0019,DX2,adu_conditions,confirmed,adu,governing_value,confirmed
bridgeport-rule-candidate-00583,bridgeport-scenario-0020,NX3,minimum_off_street_parking_spaces_per_dwelling_unit,confirmed,parking,governing_value,confirmed
bridgeport-rule-candidate-00584,bridgeport-scenario-0020,NX3,parking_regime,confirmed,parking,governing_value,confirmed
bridgeport-rule-candidate-00585,bridgeport-scenario-0020,NX3,adu_permission_pathway,confirmed,adu,governing_value,confirmed
bridgeport-rule-candidate-00586,bridgeport-scenario-0020,NX3,adu_conditions,confirmed,adu,governing_value,confirmed
bridgeport-rule-candidate-00587,bridgeport-scenario-0021,NX4,minimum_off_street_parking_spaces_per_dwelling_unit,confirmed,parking,governing_value,confirmed
bridgeport-rule-candidate-00588,bridgeport-scenario-0021,NX4,parking_regime,confirmed,parking,governing_value,confirmed
bridgeport-rule-candidate-00589,bridgeport-scenario-0021,NX4,adu_permission_pathway,confirmed,adu,governing_value,confirmed
bridgeport-rule-candidate-00590,bridgeport-scenario-0021,NX4,adu_conditions,confirmed,adu,governing_value,confirmed
bridgeport-rule-candidate-00591,bridgeport-scenario-0022,RX2,minimum_off_street_parking_spaces_per_dwelling_unit,confirmed,parking,governing_value,confirmed
bridgeport-rule-candidate-00592,bridgeport-scenario-0022,RX2,parking_regime,confirmed,parking,governing_value,confirmed
bridgeport-rule-candidate-00593,bridgeport-scenario-0022,RX2,adu_permission_pathway,confirmed,adu,governing_value,confirmed
bridgeport-rule-candidate-00594,bridgeport-scenario-0022,RX2,adu_conditions,confirmed,adu,governing_value,confirmed
bridgeport-rule-candidate-00595,bridgeport-scenario-0023,NX1,minimum_off_street_parking_spaces_per_dwelling_unit,confirmed,parking,governing_value,confirmed
bridgeport-rule-candidate-00596,bridgeport-scenario-0023,NX1,parking_regime,confirmed,parking,governing_value,confirmed
bridgeport-rule-candidate-00597,bridgeport-scenario-0023,NX1,adu_permission_pathway,confirmed,adu,governing_value,confirmed
bridgeport-rule-candidate-00598,bridgeport-scenario-0023,NX1,adu_conditions,confirmed,adu,governing_value,confirmed
bridgeport-rule-candidate-00599,bridgeport-scenario-0024,NX3,minimum_off_street_parking_spaces_per_dwelling_unit,confirmed,parking,governing_value,confirmed
bridgeport-rule-candidate-00600,bridgeport-scenario-0024,NX3,parking_regime,confirmed,parking,governing_value,confirmed
bridgeport-rule-candidate-00601,bridgeport-scenario-0024,NX3,adu_permission_pathway,confirmed,adu,governing_value,confirmed
bridgeport-rule-candidate-00602,bridgeport-scenario-0024,NX3,adu_conditions,confirmed,adu,governing_value,confirmed
bridgeport-rule-candidate-00603,bridgeport-scenario-0025,NX4,minimum_off_street_parking_spaces_per_dwelling_unit,confirmed,parking,governing_value,confirmed
bridgeport-rule-candidate-00604,bridgeport-scenario-0025,NX4,parking_regime,confirmed,parking,governing_value,confirmed
bridgeport-rule-candidate-00605,bridgeport-scenario-0025,NX4,adu_permission_pathway,confirmed,adu,governing_value,confirmed
bridgeport-rule-candidate-00606,bridgeport-scenario-0025,NX4,adu_conditions,confirmed,adu,governing_value,confirmed
bridgeport-rule-candidate-00607,bridgeport-scenario-0026,RX2,minimum_off_street_parking_spaces_per_dwelling_unit,confirmed,parking,governing_value,confirmed
bridgeport-rule-candidate-00608,bridgeport-scenario-0026,RX2,parking_regime,confirmed,parking,governing_value,confirmed
bridgeport-rule-candidate-00609,bridgeport-scenario-0026,RX2,adu_permission_pathway,confirmed,adu,governing_value,confirmed
bridgeport-rule-candidate-00610,bridgeport-scenario-0026,RX2,adu_conditions,confirmed,adu,governing_value,confirmed
bridgeport-rule-candidate-00611,bridgeport-scenario-0027,NX1,minimum_off_street_parking_spaces_per_dwelling_unit,confirmed,parking,governing_value,confirmed
bridgeport-rule-candidate-00612,bridgeport-scenario-0027,NX1,parking_regime,confirmed,parking,governing_value,confirmed
bridgeport-rule-candidate-00613,bridgeport-scenario-0027,NX1,adu_permission_pathway,confirmed,adu,governing_value,confirmed
bridgeport-rule-candidate-00614,bridgeport-scenario-0027,NX1,adu_conditions,confirmed,adu,governing_value,confirmed
bridgeport-rule-candidate-00615,bridgeport-scenario-0028,N1,minimum_off_street_parking_spaces_per_dwelling_unit,confirmed,parking,governing_value,confirmed
bridgeport-rule-candidate-00616,bridgeport-scenario-0028,N1,parking_regime,confirmed,parking,governing_value,confirmed
bridgeport-rule-candidate-00617,bridgeport-scenario-0028,N1,adu_permission_pathway,confirmed,adu,governing_value,confirmed
bridgeport-rule-candidate-00618,bridgeport-scenario-0028,N1,adu_conditions,confirmed,adu,governing_value,confirmed
bridgeport-rule-candidate-00619,bridgeport-scenario-0029,NX1,minimum_off_street_parking_spaces_per_dwelling_unit,confirmed,parking,governing_value,confirmed
bridgeport-rule-candidate-00620,bridgeport-scenario-0029,NX1,parking_regime,confirmed,parking,governing_value,confirmed
bridgeport-rule-candidate-00621,bridgeport-scenario-0029,NX1,adu_permission_pathway,confirmed,adu,governing_value,confirmed
bridgeport-rule-candidate-00622,bridgeport-scenario-0029,NX1,adu_conditions,confirmed,adu,governing_value,confirmed
bridgeport-rule-candidate-00623,bridgeport-scenario-0030,N2,minimum_off_street_parking_spaces_per_dwelling_unit,confirmed,parking,governing_value,confirmed
bridgeport-rule-candidate-00624,bridgeport-scenario-0030,N2,parking_regime,confirmed,parking,governing_value,confirmed
bridgeport-rule-candidate-00625,bridgeport-scenario-0030,N2,adu_permission_pathway,confirmed,adu,governing_value,confirmed
bridgeport-rule-candidate-00626,bridgeport-scenario-0030,N2,adu_conditions,confirmed,adu,governing_value,confirmed
bridgeport-rule-candidate-00627,bridgeport-scenario-0031,N3,minimum_off_street_parking_spaces_per_dwelling_unit,confirmed,parking,governing_value,confirmed
bridgeport-rule-candidate-00628,bridgeport-scenario-0031,N3,parking_regime,confirmed,parking,governing_value,confirmed
bridgeport-rule-candidate-00629,bridgeport-scenario-0031,N3,adu_permission_pathway,confirmed,adu,governing_value,confirmed
bridgeport-rule-candidate-00630,bridgeport-scenario-0031,N3,adu_conditions,confirmed,adu,governing_value,confirmed
bridgeport-rule-candidate-00631,bridgeport-scenario-0032,N4,minimum_off_street_parking_spaces_per_dwelling_unit,confirmed,parking,governing_value,confirmed
bridgeport-rule-candidate-00632,bridgeport-scenario-0032,N4,parking_regime,confirmed,parking,governing_value,confirmed
bridgeport-rule-candidate-00633,bridgeport-scenario-0032,N4,adu_permission_pathway,confirmed,adu,governing_value,confirmed
bridgeport-rule-candidate-00634,bridgeport-scenario-0032,N4,adu_conditions,confirmed,adu,governing_value,confirmed
bridgeport-rule-candidate-00635,bridgeport-scenario-0033,CX,minimum_off_street_parking_spaces_per_dwelling_unit,confirmed,parking,governing_value,confirmed
bridgeport-rule-candidate-00636,bridgeport-scenario-0033,CX,parking_regime,confirmed,parking,governing_value,confirmed
bridgeport-rule-candidate-00637,bridgeport-scenario-0033,CX,adu_permission_pathway,confirmed,adu,governing_value,confirmed
bridgeport-rule-candidate-00638,bridgeport-scenario-0033,CX,adu_conditions,confirmed,adu,governing_value,confirmed
bridgeport-rule-candidate-00639,bridgeport-scenario-0034,CX,minimum_off_street_parking_spaces_per_dwelling_unit,confirmed,parking,governing_value,confirmed
bridgeport-rule-candidate-00640,bridgeport-scenario-0034,CX,parking_regime,confirmed,parking,governing_value,confirmed
bridgeport-rule-candidate-00641,bridgeport-scenario-0034,CX,adu_permission_pathway,confirmed,adu,governing_value,confirmed
bridgeport-rule-candidate-00642,bridgeport-scenario-0034,CX,adu_conditions,confirmed,adu,governing_value,confirmed
bridgeport-rule-candidate-00643,bridgeport-scenario-0035,DX1,minimum_off_street_parking_spaces_per_dwelling_unit,confirmed,parking,governing_value,confirmed
bridgeport-rule-candidate-00644,bridgeport-scenario-0035,DX1,parking_regime,confirmed,parking,governing_value,confirmed
bridgeport-rule-candidate-00645,bridgeport-scenario-0035,DX1,adu_permission_pathway,confirmed,adu,governing_value,confirmed
bridgeport-rule-candidate-00646,bridgeport-scenario-0035,DX1,adu_conditions,confirmed,adu,governing_value,confirmed
bridgeport-rule-candidate-00647,bridgeport-scenario-0036,DX2,minimum_off_street_parking_spaces_per_dwelling_unit,confirmed,parking,governing_value,confirmed
bridgeport-rule-candidate-00648,bridgeport-scenario-0036,DX2,parking_regime,confirmed,parking,governing_value,confirmed
bridgeport-rule-candidate-00649,bridgeport-scenario-0036,DX2,adu_permission_pathway,confirmed,adu,governing_value,confirmed
bridgeport-rule-candidate-00650,bridgeport-scenario-0036,DX2,adu_conditions,confirmed,adu,governing_value,confirmed
bridgeport-rule-candidate-00651,bridgeport-scenario-0037,MX1,minimum_off_street_parking_spaces_per_dwelling_unit,confirmed,parking,governing_value,confirmed
bridgeport-rule-candidate-00652,bridgeport-scenario-0037,MX1,parking_regime,confirmed,parking,governing_value,confirmed
bridgeport-rule-candidate-00653,bridgeport-scenario-0037,MX1,adu_permission_pathway,confirmed,adu,governing_value,confirmed
bridgeport-rule-candidate-00654,bridgeport-scenario-0037,MX1,adu_conditions,confirmed,adu,governing_value,confirmed
bridgeport-rule-candidate-00655,bridgeport-scenario-0038,MX2,minimum_off_street_parking_spaces_per_dwelling_unit,confirmed,parking,governing_value,confirmed
bridgeport-rule-candidate-00656,bridgeport-scenario-0038,MX2,parking_regime,confirmed,parking,governing_value,confirmed
bridgeport-rule-candidate-00657,bridgeport-scenario-0038,MX2,adu_permission_pathway,confirmed,adu,governing_value,confirmed
bridgeport-rule-candidate-00658,bridgeport-scenario-0038,MX2,adu_conditions,confirmed,adu,governing_value,confirmed
bridgeport-rule-candidate-00659,bridgeport-scenario-0039,NX3,minimum_off_street_parking_spaces_per_dwelling_unit,confirmed,parking,governing_value,confirmed
bridgeport-rule-candidate-00660,bridgeport-scenario-0039,NX3,parking_regime,confirmed,parking,governing_value,confirmed
bridgeport-rule-candidate-00661,bridgeport-scenario-0039,NX3,adu_permission_pathway,confirmed,adu,governing_value,confirmed
bridgeport-rule-candidate-00662,bridgeport-scenario-0039,NX3,adu_conditions,confirmed,adu,governing_value,confirmed
bridgeport-rule-candidate-00663,bridgeport-scenario-0040,NX4,minimum_off_street_parking_spaces_per_dwelling_unit,confirmed,parking,governing_value,confirmed
bridgeport-rule-candidate-00664,bridgeport-scenario-0040,NX4,parking_regime,confirmed,parking,governing_value,confirmed
bridgeport-rule-candidate-00665,bridgeport-scenario-0040,NX4,adu_permission_pathway,confirmed,adu,governing_value,confirmed
bridgeport-rule-candidate-00666,bridgeport-scenario-0040,NX4,adu_conditions,confirmed,adu,governing_value,confirmed
bridgeport-rule-candidate-00667,bridgeport-scenario-0041,RX2,minimum_off_street_parking_spaces_per_dwelling_unit,confirmed,parking,governing_value,confirmed
bridgeport-rule-candidate-00668,bridgeport-scenario-0041,RX2,parking_regime,confirmed,parking,governing_value,confirmed
bridgeport-rule-candidate-00669,bridgeport-scenario-0041,RX2,adu_permission_pathway,confirmed,adu,governing_value,confirmed
bridgeport-rule-candidate-00670,bridgeport-scenario-0041,RX2,adu_conditions,confirmed,adu,governing_value,confirmed
bridgeport-rule-candidate-00671,bridgeport-scenario-0042,DX1,minimum_off_street_parking_spaces_per_dwelling_unit,confirmed,parking,governing_value,confirmed
bridgeport-rule-candidate-00672,bridgeport-scenario-0042,DX1,parking_regime,confirmed,parking,governing_value,confirmed
bridgeport-rule-candidate-00673,bridgeport-scenario-0042,DX1,adu_permission_pathway,confirmed,adu,governing_value,confirmed
bridgeport-rule-candidate-00674,bridgeport-scenario-0042,DX1,adu_conditions,confirmed,adu,governing_value,confirmed
bridgeport-rule-candidate-00675,bridgeport-scenario-0043,MX1,minimum_off_street_parking_spaces_per_dwelling_unit,confirmed,parking,governing_value,confirmed
bridgeport-rule-candidate-00676,bridgeport-scenario-0043,MX1,parking_regime,confirmed,parking,governing_value,confirmed
bridgeport-rule-candidate-00677,bridgeport-scenario-0043,MX1,adu_permission_pathway,confirmed,adu,governing_value,confirmed
bridgeport-rule-candidate-00678,bridgeport-scenario-0043,MX1,adu_conditions,confirmed,adu,governing_value,confirmed
bridgeport-rule-candidate-00679,bridgeport-scenario-0044,MX2,minimum_off_street_parking_spaces_per_dwelling_unit,confirmed,parking,governing_value,confirmed
bridgeport-rule-candidate-00680,bridgeport-scenario-0044,MX2,parking_regime,confirmed,parking,governing_value,confirmed
bridgeport-rule-candidate-00681,bridgeport-scenario-0044,MX2,adu_permission_pathway,confirmed,adu,governing_value,confirmed
bridgeport-rule-candidate-00682,bridgeport-scenario-0044,MX2,adu_conditions,confirmed,adu,governing_value,confirmed
bridgeport-rule-candidate-00683,bridgeport-scenario-0045,CX,minimum_off_street_parking_spaces_per_dwelling_unit,confirmed,parking,governing_value,confirmed
bridgeport-rule-candidate-00684,bridgeport-scenario-0045,CX,parking_regime,confirmed,parking,governing_value,confirmed
bridgeport-rule-candidate-00685,bridgeport-scenario-0045,CX,adu_permission_pathway,confirmed,adu,governing_value,confirmed
bridgeport-rule-candidate-00686,bridgeport-scenario-0045,CX,adu_conditions,confirmed,adu,governing_value,confirmed
bridgeport-rule-candidate-00687,bridgeport-scenario-0046,N4,minimum_off_street_parking_spaces_per_dwelling_unit,confirmed,parking,governing_value,confirmed
bridgeport-rule-candidate-00688,bridgeport-scenario-0046,N4,parking_regime,confirmed,parking,governing_value,confirmed
bridgeport-rule-candidate-00689,bridgeport-scenario-0046,N4,adu_permission_pathway,confirmed,adu,governing_value,confirmed
bridgeport-rule-candidate-00690,bridgeport-scenario-0046,N4,adu_conditions,confirmed,adu,governing_value,confirmed
bridgeport-rule-candidate-00691,bridgeport-scenario-0001,CX,summed_minimum_setbacks_ft,review_required,setbacks_or_build_to,diagram_or_unverified_context,review_required
bridgeport-rule-candidate-00692,bridgeport-scenario-0002,DX1,summed_minimum_setbacks_ft,review_required,setbacks_or_build_to,diagram_or_unverified_context,review_required
bridgeport-rule-candidate-00693,bridgeport-scenario-0003,DX2,summed_minimum_setbacks_ft,review_required,setbacks_or_build_to,diagram_or_unverified_context,review_required
bridgeport-rule-candidate-00694,bridgeport-scenario-0004,MX1,summed_minimum_setbacks_ft,review_required,setbacks_or_build_to,diagram_or_unverified_context,review_required
bridgeport-rule-candidate-00695,bridgeport-scenario-0005,MX2,summed_minimum_setbacks_ft,review_required,setbacks_or_build_to,diagram_or_unverified_context,review_required
bridgeport-rule-candidate-00696,bridgeport-scenario-0006,MXN,summed_minimum_setbacks_ft,missing,setbacks_or_build_to,irrelevant,missing
bridgeport-rule-candidate-00697,bridgeport-scenario-0007,RX2,summed_minimum_setbacks_ft,review_required,setbacks_or_build_to,diagram_or_unverified_context,review_required
bridgeport-rule-candidate-00698,bridgeport-scenario-0008,DX1,summed_minimum_setbacks_ft,missing,setbacks_or_build_to,irrelevant,missing
bridgeport-rule-candidate-00699,bridgeport-scenario-0009,MX1,summed_minimum_setbacks_ft,missing,setbacks_or_build_to,irrelevant,missing
bridgeport-rule-candidate-00700,bridgeport-scenario-0010,MX2,summed_minimum_setbacks_ft,missing,setbacks_or_build_to,irrelevant,missing
bridgeport-rule-candidate-00701,bridgeport-scenario-0011,MXN,summed_minimum_setbacks_ft,missing,setbacks_or_build_to,irrelevant,missing
bridgeport-rule-candidate-00702,bridgeport-scenario-0012,DX2,summed_minimum_setbacks_ft,missing,setbacks_or_build_to,irrelevant,missing
bridgeport-rule-candidate-00703,bridgeport-scenario-0013,MX2,summed_minimum_setbacks_ft,missing,setbacks_or_build_to,irrelevant,missing
bridgeport-rule-candidate-00704,bridgeport-scenario-0014,MX1,summed_minimum_setbacks_ft,missing,setbacks_or_build_to,irrelevant,missing
bridgeport-rule-candidate-00705,bridgeport-scenario-0015,MX2,summed_minimum_setbacks_ft,missing,setbacks_or_build_to,irrelevant,missing
bridgeport-rule-candidate-00706,bridgeport-scenario-0016,MXN,summed_minimum_setbacks_ft,missing,setbacks_or_build_to,irrelevant,missing
bridgeport-rule-candidate-00707,bridgeport-scenario-0017,RX2,summed_minimum_setbacks_ft,missing,setbacks_or_build_to,irrelevant,missing
bridgeport-rule-candidate-00708,bridgeport-scenario-0018,CX,summed_minimum_setbacks_ft,missing,setbacks_or_build_to,irrelevant,missing
bridgeport-rule-candidate-00709,bridgeport-scenario-0019,DX2,summed_minimum_setbacks_ft,missing,setbacks_or_build_to,irrelevant,missing
bridgeport-rule-candidate-00710,bridgeport-scenario-0020,NX3,summed_minimum_setbacks_ft,missing,setbacks_or_build_to,irrelevant,missing
bridgeport-rule-candidate-00711,bridgeport-scenario-0021,NX4,summed_minimum_setbacks_ft,missing,setbacks_or_build_to,irrelevant,missing
bridgeport-rule-candidate-00712,bridgeport-scenario-0022,RX2,summed_minimum_setbacks_ft,missing,setbacks_or_build_to,irrelevant,missing
bridgeport-rule-candidate-00713,bridgeport-scenario-0023,NX1,summed_minimum_setbacks_ft,missing,setbacks_or_build_to,irrelevant,missing
bridgeport-rule-candidate-00714,bridgeport-scenario-0024,NX3,summed_minimum_setbacks_ft,missing,setbacks_or_build_to,irrelevant,missing
bridgeport-rule-candidate-00715,bridgeport-scenario-0025,NX4,summed_minimum_setbacks_ft,missing,setbacks_or_build_to,irrelevant,missing
bridgeport-rule-candidate-00716,bridgeport-scenario-0026,RX2,summed_minimum_setbacks_ft,missing,setbacks_or_build_to,irrelevant,missing
bridgeport-rule-candidate-00717,bridgeport-scenario-0027,NX1,summed_minimum_setbacks_ft,missing,setbacks_or_build_to,irrelevant,missing
bridgeport-rule-candidate-00718,bridgeport-scenario-0028,N1,summed_minimum_setbacks_ft,missing,setbacks_or_build_to,irrelevant,missing
bridgeport-rule-candidate-00719,bridgeport-scenario-0029,NX1,summed_minimum_setbacks_ft,missing,setbacks_or_build_to,irrelevant,missing
bridgeport-rule-candidate-00720,bridgeport-scenario-0030,N2,summed_minimum_setbacks_ft,missing,setbacks_or_build_to,irrelevant,missing
bridgeport-rule-candidate-00721,bridgeport-scenario-0031,N3,summed_minimum_setbacks_ft,missing,setbacks_or_build_to,irrelevant,missing
bridgeport-rule-candidate-00722,bridgeport-scenario-0032,N4,summed_minimum_setbacks_ft,missing,setbacks_or_build_to,irrelevant,missing
bridgeport-rule-candidate-00723,bridgeport-scenario-0033,CX,summed_minimum_setbacks_ft,missing,setbacks_or_build_to,irrelevant,missing
bridgeport-rule-candidate-00724,bridgeport-scenario-0034,CX,summed_minimum_setbacks_ft,review_required,setbacks_or_build_to,diagram_or_unverified_context,review_required
bridgeport-rule-candidate-00725,bridgeport-scenario-0035,DX1,summed_minimum_setbacks_ft,review_required,setbacks_or_build_to,diagram_or_unverified_context,review_required
bridgeport-rule-candidate-00726,bridgeport-scenario-0036,DX2,summed_minimum_setbacks_ft,review_required,setbacks_or_build_to,diagram_or_unverified_context,review_required
bridgeport-rule-candidate-00727,bridgeport-scenario-0037,MX1,summed_minimum_setbacks_ft,review_required,setbacks_or_build_to,diagram_or_unverified_context,review_required
bridgeport-rule-candidate-00728,bridgeport-scenario-0038,MX2,summed_minimum_setbacks_ft,review_required,setbacks_or_build_to,diagram_or_unverified_context,review_required
bridgeport-rule-candidate-00729,bridgeport-scenario-0039,NX3,summed_minimum_setbacks_ft,review_required,setbacks_or_build_to,diagram_or_unverified_context,review_required
bridgeport-rule-candidate-00730,bridgeport-scenario-0040,NX4,summed_minimum_setbacks_ft,review_required,setbacks_or_build_to,diagram_or_unverified_context,review_required
bridgeport-rule-candidate-00731,bridgeport-scenario-0041,RX2,summed_minimum_setbacks_ft,review_required,setbacks_or_build_to,diagram_or_unverified_context,review_required
bridgeport-rule-candidate-00732,bridgeport-scenario-0042,DX1,summed_minimum_setbacks_ft,review_required,setbacks_or_build_to,diagram_or_unverified_context,review_required
bridgeport-rule-candidate-00733,bridgeport-scenario-0043,MX1,summed_minimum_setbacks_ft,review_required,setbacks_or_build_to,diagram_or_unverified_context,review_required
bridgeport-rule-candidate-00734,bridgeport-scenario-0044,MX2,summed_minimum_setbacks_ft,review_required,setbacks_or_build_to,diagram_or_unverified_context,review_required
bridgeport-rule-candidate-00735,bridgeport-scenario-0045,CX,summed_minimum_setbacks_ft,review_required,setbacks_or_build_to,diagram_or_unverified_context,review_required
bridgeport-rule-candidate-00736,bridgeport-scenario-0046,N4,summed_minimum_setbacks_ft,missing,setbacks_or_build_to,irrelevant,missing
bridgeport-rule-candidate-00737,bridgeport-scenario-0001,CX,multifamily_approval_pathway,review_required,multifamily_3plus,diagram_or_unverified_context,review_required
bridgeport-rule-candidate-00738,bridgeport-scenario-0002,DX1,multifamily_approval_pathway,review_required,multifamily_3plus,diagram_or_unverified_context,review_required
bridgeport-rule-candidate-00739,bridgeport-scenario-0003,DX2,multifamily_approval_pathway,review_required,multifamily_3plus,diagram_or_unverified_context,review_required
bridgeport-rule-candidate-00740,bridgeport-scenario-0004,MX1,multifamily_approval_pathway,review_required,multifamily_3plus,diagram_or_unverified_context,review_required
bridgeport-rule-candidate-00741,bridgeport-scenario-0005,MX2,multifamily_approval_pathway,review_required,multifamily_3plus,diagram_or_unverified_context,review_required
bridgeport-rule-candidate-00742,bridgeport-scenario-0006,MXN,multifamily_approval_pathway,missing,multifamily_3plus,irrelevant,missing
bridgeport-rule-candidate-00743,bridgeport-scenario-0007,RX2,multifamily_approval_pathway,review_required,multifamily_3plus,diagram_or_unverified_context,review_required
bridgeport-rule-candidate-00744,bridgeport-scenario-0008,DX1,multifamily_approval_pathway,missing,multifamily_3plus,irrelevant,missing
bridgeport-rule-candidate-00745,bridgeport-scenario-0009,MX1,multifamily_approval_pathway,missing,multifamily_3plus,irrelevant,missing
bridgeport-rule-candidate-00746,bridgeport-scenario-0010,MX2,multifamily_approval_pathway,missing,multifamily_3plus,irrelevant,missing
bridgeport-rule-candidate-00747,bridgeport-scenario-0011,MXN,multifamily_approval_pathway,missing,multifamily_3plus,irrelevant,missing
bridgeport-rule-candidate-00748,bridgeport-scenario-0012,DX2,multifamily_approval_pathway,missing,multifamily_3plus,irrelevant,missing
bridgeport-rule-candidate-00749,bridgeport-scenario-0013,MX2,multifamily_approval_pathway,missing,multifamily_3plus,irrelevant,missing
bridgeport-rule-candidate-00750,bridgeport-scenario-0014,MX1,multifamily_approval_pathway,missing,multifamily_3plus,irrelevant,missing
bridgeport-rule-candidate-00751,bridgeport-scenario-0015,MX2,multifamily_approval_pathway,missing,multifamily_3plus,irrelevant,missing
bridgeport-rule-candidate-00752,bridgeport-scenario-0016,MXN,multifamily_approval_pathway,missing,multifamily_3plus,irrelevant,missing
bridgeport-rule-candidate-00753,bridgeport-scenario-0017,RX2,multifamily_approval_pathway,missing,multifamily_3plus,irrelevant,missing
bridgeport-rule-candidate-00754,bridgeport-scenario-0018,CX,multifamily_approval_pathway,missing,multifamily_3plus,irrelevant,missing
bridgeport-rule-candidate-00755,bridgeport-scenario-0019,DX2,multifamily_approval_pathway,missing,multifamily_3plus,irrelevant,missing
bridgeport-rule-candidate-00756,bridgeport-scenario-0020,NX3,multifamily_approval_pathway,missing,multifamily_3plus,irrelevant,missing
bridgeport-rule-candidate-00757,bridgeport-scenario-0021,NX4,multifamily_approval_pathway,missing,multifamily_3plus,irrelevant,missing
bridgeport-rule-candidate-00758,bridgeport-scenario-0022,RX2,multifamily_approval_pathway,missing,multifamily_3plus,irrelevant,missing
bridgeport-rule-candidate-00759,bridgeport-scenario-0023,NX1,multifamily_approval_pathway,missing,multifamily_3plus,irrelevant,missing
bridgeport-rule-candidate-00760,bridgeport-scenario-0024,NX3,multifamily_approval_pathway,missing,multifamily_3plus,irrelevant,missing
bridgeport-rule-candidate-00761,bridgeport-scenario-0025,NX4,multifamily_approval_pathway,missing,multifamily_3plus,irrelevant,missing
bridgeport-rule-candidate-00762,bridgeport-scenario-0026,RX2,multifamily_approval_pathway,missing,multifamily_3plus,irrelevant,missing
bridgeport-rule-candidate-00763,bridgeport-scenario-0027,NX1,multifamily_approval_pathway,not_applicable,multifamily_3plus,non_applicability_clause,not_applicable
bridgeport-rule-candidate-00764,bridgeport-scenario-0028,N1,multifamily_approval_pathway,not_applicable,multifamily_3plus,non_applicability_clause,not_applicable
bridgeport-rule-candidate-00765,bridgeport-scenario-0029,NX1,multifamily_approval_pathway,not_applicable,multifamily_3plus,non_applicability_clause,not_applicable
bridgeport-rule-candidate-00766,bridgeport-scenario-0030,N2,multifamily_approval_pathway,not_applicable,multifamily_3plus,non_applicability_clause,not_applicable
bridgeport-rule-candidate-00767,bridgeport-scenario-0031,N3,multifamily_approval_pathway,not_applicable,multifamily_3plus,non_applicability_clause,not_applicable
bridgeport-rule-candidate-00768,bridgeport-scenario-0032,N4,multifamily_approval_pathway,not_applicable,multifamily_3plus,non_applicability_clause,not_applicable
bridgeport-rule-candidate-00769,bridgeport-scenario-0033,CX,multifamily_approval_pathway,missing,multifamily_3plus,irrelevant,missing
bridgeport-rule-candidate-00770,bridgeport-scenario-0034,CX,multifamily_approval_pathway,review_required,multifamily_3plus,diagram_or_unverified_context,review_required
bridgeport-rule-candidate-00771,bridgeport-scenario-0035,DX1,multifamily_approval_pathway,review_required,multifamily_3plus,diagram_or_unverified_context,review_required
bridgeport-rule-candidate-00772,bridgeport-scenario-0036,DX2,multifamily_approval_pathway,review_required,multifamily_3plus,diagram_or_unverified_context,review_required
bridgeport-rule-candidate-00773,bridgeport-scenario-0037,MX1,multifamily_approval_pathway,review_required,multifamily_3plus,diagram_or_unverified_context,review_required
bridgeport-rule-candidate-00774,bridgeport-scenario-0038,MX2,multifamily_approval_pathway,review_required,multifamily_3plus,diagram_or_unverified_context,review_required
bridgeport-rule-candidate-00775,bridgeport-scenario-0039,NX3,multifamily_approval_pathway,review_required,multifamily_3plus,diagram_or_unverified_context,review_required
bridgeport-rule-candidate-00776,bridgeport-scenario-0040,NX4,multifamily_approval_pathway,review_required,multifamily_3plus,diagram_or_unverified_context,review_required
bridgeport-rule-candidate-00777,bridgeport-scenario-0041,RX2,multifamily_approval_pathway,review_required,multifamily_3plus,diagram_or_unverified_context,review_required
bridgeport-rule-candidate-00778,bridgeport-scenario-0042,DX1,multifamily_approval_pathway,review_required,multifamily_3plus,diagram_or_unverified_context,review_required
bridgeport-rule-candidate-00779,bridgeport-scenario-0043,MX1,multifamily_approval_pathway,review_required,multifamily_3plus,diagram_or_unverified_context,review_required
bridgeport-rule-candidate-00780,bridgeport-scenario-0044,MX2,multifamily_approval_pathway,review_required,multifamily_3plus,diagram_or_unverified_context,review_required
bridgeport-rule-candidate-00781,bridgeport-scenario-0045,CX,multifamily_approval_pathway,review_required,multifamily_3plus,diagram_or_unverified_context,review_required
bridgeport-rule-candidate-00782,bridgeport-scenario-0046,N4,multifamily_approval_pathway,missing,multifamily_3plus,irrelevant,missing
