document_id,table_id,page_number,candidate_table_index_on_page,detection_strategy,bbox_x0,bbox_y0,bbox_x1,bbox_y1,row_count,col_count,nonempty_cell_count,total_cell_count,nonempty_cell_ratio,whole_page_span_flag,initial_confidence,page_layout_type,complex_layout_context,table_dominant_page,is_retained,rejection_reason,review_status,header_names_json,header_external,header_bbox_json,raw_extraction_matrix_json,title_candidate_text,title_node_id,title_node_type,vertical_distance_points,association_confidence,association_rationale,title_association_review_status,table_type_candidate,matched_keywords,classification_confidence,classification_rationale,diagram_risk_reason
bridgeport-connecticut-afe7c678fa5dfc85,bridgeport-connecticut-afe7c678fa5dfc85-table-019-00,19,0,lines,44.86499938964844,399.4099487304687,294.2233479817708,531.3692932128906,8,2,16,16,1.0,False,0.65,single_column,False,False,True,,retained_low_confidence_review,"[""LINK"", ""SUBSECTION""]",False,"[44.86499938964844, 399.4099487304687, 294.2233479817708, 413.07000732421875]","[[""LINK"", ""SUBSECTION""], [""3.20.4"", ""Building Siting""], [""3.20.5"", ""Parking & Accessory Structures""], [""3.20.6"", ""Height""], [""3.20.7"", ""Roofs""], [""3.20.8"", ""Primary & Non-Primary Facades""], [""3.20.9"", ""Allowed Uses Table""], [""3.20.10"", ""Supplemental Regulations""]]",3.20 Storefront Building Type,bridgeport-connecticut-afe7c678fa5dfc85-repaired-node-000103,Section,358.0305351257324,0.7,nearest_preceding_heading_same_page (dy=358pt),auto_associated,building_form_table_candidate,"[""building type"", ""facade""]",0.64,keyword_signal_match (n=2),table_type_candidate_empirically_confirmed_diagram_prone_in_stage_2_manual_inspection
bridgeport-connecticut-afe7c678fa5dfc85,bridgeport-connecticut-afe7c678fa5dfc85-table-020-00,20,0,lines_strict,245.2239212036133,124.51220703125,433.79840698242185,312.73541259765625,5,4,3,20,0.15,False,0.85,single_column,False,False,True,,retained_auto,"[""umax\ncov"", null, ""imum site\nerage"", null]",False,"[245.2239212036133, 124.51220703125, 433.79840698242185, 275.7631558504972]","[[""umax\ncov"", null, ""imum site\nerage"", null], [null, null, """", null], [null, null, """", null], [null, """", """", """"], [null, null, ""y Street e"", null]]",3.20 Storefront Building Type,bridgeport-connecticut-afe7c678fa5dfc85-repaired-node-000103,Section,,0.4,fallback_last_heading_on_earlier_page,needs_review,building_form_table_candidate,"[""building type""]",0.52,keyword_signal_match (n=1),table_type_candidate_empirically_confirmed_diagram_prone_in_stage_2_manual_inspection
bridgeport-connecticut-afe7c678fa5dfc85,bridgeport-connecticut-afe7c678fa5dfc85-table-020-01,20,1,lines_strict,72.27000045776367,337.08089167897293,433.79840698242185,490.96359634399414,9,11,30,99,0.303,False,0.85,single_column,False,False,True,,retained_auto,"[null, null, ""UILDING SITING. S\nWidth"", null, null, null, null, """", null, """", null]",False,"[82.82252807617188, 337.08089167897293, 433.79840698242185, 414.4869079589844]","[[null, null, ""UILDING SITING. S\nWidth"", null, null, null, null, """", null, """", null], [null, null, null, null, null, """", """", """", ""Z"", ""ONES"", null], [null, null, null, null, null, """", """", ""D\n1"", ""X1 MX"", ""1, MX2 MX\n\u2014 50 ft."", null], [null, null, null, ""idth"", null, null, null, null, null, null, null], [null, null, null, null, null, null, null, null, ""8 ft."", ""\u2014"", null], [""ri"", ""m"", ""a"", ""ry Streetwall"", """", """", ""90"", """", ""% min. 75"", ""% min."", ""75%\n100 ft""], ["""", null, ""a"", ""ry Street Build-to Z"", ""one"", """", ""5"", ""0\nft"", ""min. 0"", ""min."", ""0 m\n15 ft.""], [null, null, null, """", null, null, null, null, "". max. 15 ft. max."", null, null], [null, null, ""-Primary Street Buil"", ""rimary Street Buil"", null, """", null, ""0 min. 0 min. 0 m"", ""min. 0 min."", null, null]]",3.20 Storefront Building Type,bridgeport-connecticut-afe7c678fa5dfc85-repaired-node-000103,Section,,0.4,fallback_last_heading_on_earlier_page,needs_review,building_form_table_candidate,"[""building type"", ""build-to""]",0.64,keyword_signal_match (n=2),table_type_candidate_empirically_confirmed_diagram_prone_in_stage_2_manual_inspection
bridgeport-connecticut-afe7c678fa5dfc85,bridgeport-connecticut-afe7c678fa5dfc85-table-028-00,28,0,lines_strict,88.0807113647461,103.59632568359375,303.1283874511719,335.78504435221356,7,2,3,14,0.214,False,0.85,single_column,False,False,True,,retained_auto,"[""y\numaximum site\ncoverage"", null]",False,"[88.0807113647461, 103.59632568359375, 303.1283874511719, 241.998171488444]","[[""y\numaximum site\ncoverage"", null], ["""", null], [""q"", null], ["""", """"], ["""", """"], ["""", """"], [""e\nPrimary Street"", null]]",3.30 Commercial Center Building Type,bridgeport-connecticut-afe7c678fa5dfc85-repaired-node-000117,Section,,0.4,fallback_last_heading_on_earlier_page,needs_review,building_form_table_candidate,"[""building type""]",0.52,keyword_signal_match (n=1),table_type_candidate_empirically_confirmed_diagram_prone_in_stage_2_manual_inspection
bridgeport-connecticut-afe7c678fa5dfc85,bridgeport-connecticut-afe7c678fa5dfc85-table-028-01,28,1,lines_strict,376.28258514404297,103.59632568359375,488.63641357421875,263.794921875,5,2,3,10,0.3,False,0.85,single_column,False,False,True,,retained_auto,"[""y\numaximum site\ncoverage"", null]",False,"[376.28258514404297, 103.59632568359375, 488.63641357421875, 180.87622833251953]","[[""y\numaximum site\ncoverage"", null], ["""", null], [""q"", null], ["""", """"], [""e\nPrimary Street"", """"]]",3.30 Commercial Center Building Type,bridgeport-connecticut-afe7c678fa5dfc85-repaired-node-000117,Section,,0.4,fallback_last_heading_on_earlier_page,needs_review,building_form_table_candidate,"[""building type""]",0.52,keyword_signal_match (n=1),table_type_candidate_empirically_confirmed_diagram_prone_in_stage_2_manual_inspection
bridgeport-connecticut-afe7c678fa5dfc85,bridgeport-connecticut-afe7c678fa5dfc85-table-030-00,30,0,lines_strict,324.39019775390625,181.81207275390625,528.2592366536459,300.9935691139915,6,7,6,42,0.143,False,0.85,single_column,False,False,True,,retained_auto,"["""", """", ""e"", """", """", """", """"]",True,"[324.39019775390625, 178.52499389648438, 528.2592366536459, 181.81207275390625]","[[""t\nq"", null, ""e"", null, null, null, null], [null, null, ""w"", null, null, null, null], [null, null, null, ""w"", """", null, null], [null, ""q"", null, """", """", """", """"], [null, null, null, """", """", ""r"", null], [null, null, null, """", """", null, null]]",3.30.5. PARKING & ACCESSORY STRUCTURES. See Figure 3.20-C.,bridgeport-connecticut-afe7c678fa5dfc85-repaired-node-000119,Subsection,,0.4,fallback_last_heading_on_earlier_page,needs_review,parking_schedule_candidate,"[""parking""]",0.52,keyword_signal_match (n=1),table_type_candidate_empirically_confirmed_diagram_prone_in_stage_2_manual_inspection
bridgeport-connecticut-afe7c678fa5dfc85,bridgeport-connecticut-afe7c678fa5dfc85-table-030-01,30,1,lines_strict,108.125,208.05436197916666,221.99893697102866,300.9935691139915,3,3,4,9,0.444,False,0.85,single_column,False,False,True,,retained_auto,"["""", ""e"", """"]",True,"[108.125, 195.08499145507812, 221.99893697102866, 208.05436197916666]","[[null, ""e"", null], [""w"", null, null], ["""", ""e"", ""q""]]",3.30.5. PARKING & ACCESSORY STRUCTURES. See Figure 3.20-C.,bridgeport-connecticut-afe7c678fa5dfc85-repaired-node-000119,Subsection,,0.4,fallback_last_heading_on_earlier_page,needs_review,parking_schedule_candidate,"[""parking""]",0.52,keyword_signal_match (n=1),table_type_candidate_empirically_confirmed_diagram_prone_in_stage_2_manual_inspection
bridgeport-connecticut-afe7c678fa5dfc85,bridgeport-connecticut-afe7c678fa5dfc85-table-031-02,31,2,lines_strict,41.159871419270836,398.36273803710935,567.343505859375,484.6927361121544,4,13,20,52,0.385,False,0.85,table_dominant,False,True,True,,retained_auto,"[""q Ground Story Transparency on 75% min. Ground story transparency\nPrimary Facades between 2 ft. and 10 ft. fro\nNo bays or 15 ft. wide sections of any story on a\ngrade. See 14.20.11 for mea\nprimary facade may be without transparency transparency.\nGround story transparency must extend a min. 30 ft.\naround the corner, down any street-side facades"", ""% min. Ground story transparency\nbetween 2 ft. and 10 ft. fro\nsections of any story on a\ngrade. See 14.20.11 for mea\nbe without transparency transparency."", null, null, null, null, null, null, null, null, null, ""measured\nm sidewalk\nsuring"", null]",False,"[41.159871419270836, 398.36273803710935, 567.343505859375, 473.36981201171875]","[[""q Ground Story Transparency on 75% min. Ground story transparency\nPrimary Facades between 2 ft. and 10 ft. fro\nNo bays or 15 ft. wide sections of any story on a\ngrade. See 14.20.11 for mea\nprimary facade may be without transparency transparency.\nGround story transparency must extend a min. 30 ft.\naround the corner, down any street-side facades"", ""% min. Ground story transparency\nbetween 2 ft. and 10 ft. fro\nsections of any story on a\ngrade. See 14.20.11 for mea\nbe without transparency transparency."", null, null, null, null, null, null, null, null, null, ""measured\nm sidewalk\nsuring"", null], [null, null, ""must extend"", null, null, null, ""a"", ""min. 30 ft."", """", """", """", null, null], [null, null, ""any"", ""str"", ""ee"", ""t-s"", ""id"", ""e facades"", """", """", """", null, null], [""w Transparency: Primary Facades 18%"", null, ""min."", """", """", """", """", ""Mea"", ""s"", ""ured per story, inclu"", ""d"", ""es a"", ""ny half""]]",3.30.8. PRIMARY & NON-PRIMARY FACADES. See Figure 3.20-E,bridgeport-connecticut-afe7c678fa5dfc85-repaired-node-000122,Subsection,15.646246337890602,0.9,nearest_preceding_heading_same_page (dy=16pt),auto_associated,building_form_table_candidate,"[""facade""]",0.52,keyword_signal_match (n=1),table_type_candidate_empirically_confirmed_diagram_prone_in_stage_2_manual_inspection
bridgeport-connecticut-afe7c678fa5dfc85,bridgeport-connecticut-afe7c678fa5dfc85-table-031-06,31,6,lines_strict,41.159871419270836,527.81103515625,567.343505859375,596.6643134223091,7,14,30,98,0.306,False,0.85,table_dominant,False,True,True,,retained_auto,"["""", """", """", """", null, null, null, null, null, null, null, null, null, """"]",False,"[41.159871419270836, 527.81103515625, 567.343505859375, 531.5537923177084]","[["""", """", """", """", null, null, null, null, null, null, null, null, null, """"], [""e Building Ent"", ""rance Locati"", ""on One per every 60 feet of pr\nfaca"", """", null, null, null, null, null, null, null, null, null, null], [null, null, null, ""de"", null, null, null, """", ""entr"", ""a"", ""nce location."", """", null, null], [null, null, null, """", null, null, null, """", """", """", """", """", null, null], [""r Entrance Tra"", ""nsition Type"", ""Store"", ""front"", null, null, null, """", ""See"", ""6"", "".30 for entrance typ"", ""e"", ""s inc"", ""luded\nn\nocations.""], [null, null, null, """", """", """", """", """", ""elev\nin floodplain loca"", ""at\nti"", ""ed entrance for flo\nons. See 3.10.13 for"", ""od\nflo"", ""plai\nod l"", null], [""t Ground Stor"", ""y Elevation"", ""Within 24 in. of sidewalk ele"", ""vati"", ""on,"", ""ex"", ""ce"", ""pt"", null, null, null, null, null, null]]",3.30.8. PRIMARY & NON-PRIMARY FACADES. See Figure 3.20-E,bridgeport-connecticut-afe7c678fa5dfc85-repaired-node-000122,Subsection,145.09454345703125,0.9,nearest_preceding_heading_same_page (dy=145pt),auto_associated,building_form_table_candidate,"[""facade"", ""entrance""]",0.64,keyword_signal_match (n=2),table_type_candidate_empirically_confirmed_diagram_prone_in_stage_2_manual_inspection
bridgeport-connecticut-afe7c678fa5dfc85,bridgeport-connecticut-afe7c678fa5dfc85-table-036-01,36,1,lines_strict,93.20399856567383,233.7750244140625,569.1974365234375,472.3764953613281,15,21,43,315,0.137,False,0.85,single_column,False,False,True,,retained_auto,"[null, null, null, null, null, null, null, null, null, null, null, """", null, ""KEY\nAllowable Building Area\nBuild-to Zone\nPorch Encroachment Area\nLot Line\nBuilding Setback Line\nES\nRX1, RX2 Additional/References"", null, null, null, null, null, null, null]",False,"[320.98529663085935, 233.7750244140625, 569.1974365234375, 395.89393477006394]","[[null, null, null, null, null, null, null, null, null, null, null, """", null, ""KEY\nAllowable Building Area\nBuild-to Zone\nPorch Encroachment Area\nLot Line\nBuilding Setback Line\nES\nRX1, RX2 Additional/References"", null, null, null, null, null, null, null], [null, null, ""NG LOCATIO"", null, null, ""M\nN. See Figure 3.90-"", null, null, null, null, null, null, null, null, null, null, null, null, null, null, null], [null, null, null, null, null, null, null, null, """", """", ""Z"", ""ON"", null, null, null, null, null, null, null, null, null], [null, null, null, null, null, null, null, null, ""X1, MXN, MX2\nB"", """", """", """", null, null, null, null, null, null, null, null, null], [null, null, null, ""G LOCATI"", null, null, "". See Figu"", null, null, null, null, null, """", """", null, null, null, null, null, null, null], [null, null, null, null, null, null, null, null, null, null, null, null, null, null, null, """", null, """", null, """", null], [""e"", ""P"", ""ri"", ""ncipal Build"", ""i"", ""n"", ""gs"", """", ""allo"", ""we"", ""d"", ""pe"", ""r"", ""3.40.10.A"", """", """", """", """", """", """", """"], [null, null, null, null, null, null, null, null, null, null, null, null, null, """", null, null, null, null, """", null, null], [""dt"", ""h"", """", """", """", """", """", ""50 ft."", ""min. per principal\nbuilding"", """", """", ""45"", ""ft"", "". min. per"", ""prin"", ""cipal buildin"", ""g"", """", """", """", """"], [null, null, null, null, null, null, null, null, null, null, null, null, null, null, """", null, null, null, null, null, null], [null, null, null, """", null, null, """", null, null, null, null, null, null, null, null, null, null, null, null, null, null], [null, null, null, null, null, null, null, null, null, null, null, null, null, null, """", null, null, null, null, null, null], [""y"", null, ""treetwall"", ""eetwall"", null, ""6\npri"", """", null, null, null, null, ""0 ft. max. per principal building See 3.40.10 for multiple\nbuildings on a lot and allowed"", ""t"", "". max. pe"", ""r principal building See 3."", """", null, ""40.10 for m"", ""ultipl"", """", null], [null, null, null, null, null, null, null, null, null, null, null, null, null, null, null, null, null, null, null, ""e"", null], [null, null, null, null, null, null, null, null, null, null, null, null, """", ""buildings on a lot and allowed"", null, null, null, null, null, null, null]]",3.40 Commercial House Building Type,bridgeport-connecticut-afe7c678fa5dfc85-repaired-node-000131,Section,,0.4,fallback_last_heading_on_earlier_page,needs_review,building_form_table_candidate,"[""building type"", ""build-to"", ""principal building""]",0.76,keyword_signal_match (n=3),table_type_candidate_empirically_confirmed_diagram_prone_in_stage_2_manual_inspection
bridgeport-connecticut-afe7c678fa5dfc85,bridgeport-connecticut-afe7c678fa5dfc85-table-038-00,38,0,lines_strict,178.40699768066406,137.426513671875,405.1732177734375,302.1383972167969,7,6,7,42,0.167,False,0.85,single_column,False,False,True,,retained_auto,"[""r\nq\ne"", null, ""r"", ""e"", null, """"]",False,"[178.40699768066406, 137.426513671875, 405.1732177734375, 274.61419041951496]","[[""r\nq\ne"", null, ""r"", ""e"", null, """"], [null, """", """", null, null, """"], [null, null, null, null, null, ""w""], [null, null, """", """", """", ""w""], [null, null, null, """", null, null], [null, null, null, """", """", ""w""], [""r"", null, null, null, null, null]]",3.40.5. PARKING & ACCESSORY STRUCTURES. See Figure 3.90-C .,bridgeport-connecticut-afe7c678fa5dfc85-repaired-node-000133,Subsection,,0.4,fallback_last_heading_on_earlier_page,needs_review,parking_schedule_candidate,"[""parking""]",0.52,keyword_signal_match (n=1),table_type_candidate_empirically_confirmed_diagram_prone_in_stage_2_manual_inspection
bridgeport-connecticut-afe7c678fa5dfc85,bridgeport-connecticut-afe7c678fa5dfc85-table-044-01,44,1,lines_strict,73.54379653930664,337.08089167897293,567.0001220703125,489.1586100260417,8,13,32,104,0.308,False,0.85,single_column,False,False,True,,retained_auto,"[null, null, ""UILDING LOCATIO"", null, null, null, null, """", null, """", null, null, null]",False,"[84.17960018581815, 337.08089167897293, 435.1528150770399, 402.9473114013672]","[[null, null, ""UILDING LOCATIO"", null, null, null, null, """", null, """", null, null, null], [null, null, null, null, null, """", """", """", """", ""ZONES"", null, """", null], [null, null, null, null, null, ""D\nB"", ""X"", ""2"", ""RX2, P2, IX,\nNX4"", ""NX3"", null, """", null], [null, null, null, ""LDING LOCATIO"", null, null, null, null, null, null, null, null, null], [""u"", ""lt"", ""ip"", ""le Principal Buildi"", ""ngs al"", ""lo"", ""w"", ""e"", ""d allowed"", """", ""allowed"", """", ""allowed""], [""t"", ""W"", ""i"", ""dth"", """", """", ""\u2014"", """", ""\u2014"", """", ""\u2014"", """", ""\u2014""], ["""", null, ""ary Streetwall"", ""ry Streetwall"", ""80%"", null, null, ""min. 80% min. 75% min.\n150 ft. max."", null, null, null, null, ""\u2014 See 3.50.10 for\ncourtyard allowance\nand double frontage\nlots.""], [null, null, null, """", null, null, null, null, null, null, null, null, null]]",3.50 General Building Type,bridgeport-connecticut-afe7c678fa5dfc85-repaired-node-000153,Section,,0.4,fallback_last_heading_on_earlier_page,needs_review,building_form_table_candidate,"[""building type"", ""frontage""]",0.64,keyword_signal_match (n=2),table_type_candidate_empirically_confirmed_diagram_prone_in_stage_2_manual_inspection
bridgeport-connecticut-afe7c678fa5dfc85,bridgeport-connecticut-afe7c678fa5dfc85-table-046-00,46,0,lines_strict,188.1090087890625,105.38739013671875,445.0403533935547,331.4462890625,11,5,6,55,0.109,False,0.85,single_column,False,False,True,,retained_auto,"["""", """", """", ""w"", """"]",True,"[188.1090087890625, 98.54867553710938, 445.0403533935547, 105.38739013671875]","[[null, null, null, ""w"", null], [null, null, """", null, null], [null, """", """", """", null], [null, null, null, """", null], [null, null, null, ""e"", null], [null, null, null, """", """"], [null, null, null, ""e"", null], [null, null, null, """", """"], [null, null, null, ""e"", null], [null, null, null, ""w"", null], [""r"", """", null, null, null]]",3.50.5. PARKING & ACCESSORY STRUCTURES. See Figure 3.50-C .,bridgeport-connecticut-afe7c678fa5dfc85-repaired-node-000155,Subsection,,0.4,fallback_last_heading_on_earlier_page,needs_review,parking_schedule_candidate,"[""parking""]",0.52,keyword_signal_match (n=1),table_type_candidate_empirically_confirmed_diagram_prone_in_stage_2_manual_inspection
bridgeport-connecticut-afe7c678fa5dfc85,bridgeport-connecticut-afe7c678fa5dfc85-table-047-00,47,0,lines,188.1103973388672,94.529296875,493.56685965401783,332.5677734375,11,6,11,66,0.167,False,0.65,single_column,False,False,True,,retained_low_confidence_review,"["""", ""r"", null, null, null, null]",False,"[188.1103973388672, 94.529296875, 493.56685965401783, 157.36292734453755]","[["""", ""r"", null, null, null, null], [null, """", null, """", """", null], ["""", """", """", """", null, null], [""ty"", """", """", """", null, null], [null, ""t\nq"", """", """", """", ""upper story\nupper story""], [null, ""pical"", null, null, null, null], [null, null, null, """", """", ""upper story""], [null, null, """", """", """", ""upper story""], [null, ""t"", """", """", """", ""round story\ne basement""], [null, null, """", """", null, null], [""Primary Street we y\nr"", ""Primary Street we y"", null, """", """", null]]",3.50.7. ROOFS. See Figure 3.50-D,bridgeport-connecticut-afe7c678fa5dfc85-repaired-node-000157,Subsection,,0.4,fallback_last_heading_on_earlier_page,needs_review,other_or_unknown,[],0.2,no_keyword_signal_matched,review_status_not_retained_auto
bridgeport-connecticut-afe7c678fa5dfc85,bridgeport-connecticut-afe7c678fa5dfc85-table-047-01,47,1,lines,45.5,346.51991271972656,572.0000203450521,710.8996398925781,10,7,30,70,0.429,False,0.65,single_column,False,False,True,,retained_low_confidence_review,"["""", null, ""ZONES"", null, null, null, ""Additional/\nReferences""]",False,"[45.5, 346.51991271972656, 572.0000203450521, 386.510009765625]","[["""", null, ""ZONES"", null, null, null, ""Additional/\nReferences""], [null, null, ""DX2"", ""RX2, P2, IX,\nNX4"", ""NX3"", ""CX, I"", null], [""3.50.8. PRIMARY & NON-PRIMARY FACADES. Figure 3.50-E"", null, null, null, null, null, null], [""q"", ""Transparency: Primary Facades\nNon-Primary Facades"", ""20% min. 20% min. 18% min. 20% min.\n18% min. 18% min. 18% min. 18% min."", null, null, null, ""Measured per\nstory, includes any\nhalf stories, visible\nbasements, or\ntowers with full floor\nheight. See 14.20.11\nfor measuring\ntransparency.""], [null, null, ""No bays or 15 ft. wide sections of any story may be without transparency"", null, null, null, null], [""w"", ""Building Entrances Location"", ""One per every One per every Primary facade One per every\n150 ft. of 120 ft. of or courtyard 120 ft. of\nprimary facade primary facade primary facade"", null, null, null, ""See 14.20.12 for\nmeasuring building\nentrance location.""], [""e"", ""Entrance Transition Type"", ""Stoop Stoop Porch or stoop Stoop"", null, null, null, ""See 6.30 for\nentrance types,\nincluding elevated\nentrances at\nfloodplain locations.\nSee 3.10.13 for flood\nlocations. See 14.40\nfor definition of\nvisible basement.""], [""r"", ""Ground Story Elevation"", ""Between 18 in. and 30 in. above grade or between 30 in. and 4 ft. with a\nvisible basement, except in floodplain locations"", null, null, null, null], [""t"", ""Horizontal Divisions with Shadow\nLines"", ""Within 3 ft. of the top of any story between the basement\nand 3rd and for buildings over 5 stories, one within 3 ft. of\nany story between 3rd and 6th"", null, null, null, ""Horizontal shadow\nlines to run a min.\n80% of length of\nfacade. See 14.210\nfor definition of\nshadow lines.""], [""y"", ""Vertical Divisions with Shadow Lines"", ""One per every 120 ft. of street One per every One per every\nfacade 90 ft. of street 120 ft. of street\nfacade facade"", null, null, null, null]]",3.50.7. ROOFS. See Figure 3.50-D,bridgeport-connecticut-afe7c678fa5dfc85-repaired-node-000157,Subsection,,0.4,fallback_last_heading_on_earlier_page,needs_review,building_form_table_candidate,"[""facade"", ""entrance""]",0.64,keyword_signal_match (n=2),table_type_candidate_empirically_confirmed_diagram_prone_in_stage_2_manual_inspection
bridgeport-connecticut-afe7c678fa5dfc85,bridgeport-connecticut-afe7c678fa5dfc85-table-049-00,49,0,lines,44.827999114990234,100.33001708984375,574.2860107421875,254.76841735839844,10,8,31,80,0.388,False,0.65,single_column,False,False,True,,retained_low_confidence_review,"["""", ""[table continued from previous page] [table continued from previous page]"", """", """", """", """", """", """"]",True,"[44.827999114990234, 85.57398986816406, 574.2860107421875, 100.33001708984375]","[["""", ""ZONES"", null, null, null, null, null, ""Reference""], [null, ""DX2"", ""RX2"", ""P2"", ""CX"", ""IX, I"", ""NX3, NX4"", null], [""Minor Utilities"", ""4 4 4 4 4 4"", null, null, null, null, null, ""4.60.7""], [""Major Utilities"", ""\u2013 \u2013 \u2013 \u2013 \u2013 \u2013"", null, null, null, null, null, ""4.60.8""], [""ACCESSORY USES"", """", """", """", """", """", """", ""4.70""], [""Accessory Apartments"", ""\u2013 \u2013 \u2013 \u2013 \u2013 \u2013"", null, null, null, null, null, ""4.70.2""], [""Home Occupations"", ""4 4 \u2013 \u2013 \u2013 4"", null, null, null, null, null, ""4.70.3""], [""Sidewalk Cafes"", ""4 4 \u2013 \u2013 \u2013 \u2013"", null, null, null, null, null, ""4.70.4""], [""Outdoor Display Areas"", ""\u2013 \u2013 \u2013 4 4 \u2013"", null, null, null, null, null, ""4.70.5""], [""Outdoor Storage"", ""\u2013 \u2013 \u2013 0 SP 0 SP \u2013"", null, null, null, null, null, ""4.70.6""]]","3.50.9. ALLOWED USES. See Article 4.0 for use definitions, specific use limitations, and other use-related regulations.",bridgeport-connecticut-afe7c678fa5dfc85-repaired-node-000159,Subsection,,0.4,fallback_last_heading_on_earlier_page,needs_review,permitted_use_table_candidate,"[""accessory use""]",0.52,keyword_signal_match (n=1),review_status_not_retained_auto
bridgeport-connecticut-afe7c678fa5dfc85,bridgeport-connecticut-afe7c678fa5dfc85-table-051-00,51,0,lines,45.225,351.2299377441406,294.5833333333333,483.18929290771484,8,2,16,16,1.0,False,0.65,single_column,False,False,True,,retained_low_confidence_review,"[""LINK"", ""SUBSECTION""]",False,"[45.225, 351.2299377441406, 294.5833333333333, 364.8900146484375]","[[""LINK"", ""SUBSECTION""], [""3.60.4"", ""Building Siting""], [""3.60.5"", ""Parking & Accessory Structures""], [""3.60.6"", ""Height""], [""3.60.7"", ""Roofs""], [""3.60.8"", ""Primary & Non-Primary Facades""], [""3.60.9"", ""Allowed Uses Table""], [""3.60.10"", ""Supplemental Regulations""]]",3.60 Small General Building Type,bridgeport-connecticut-afe7c678fa5dfc85-repaired-node-000165,Section,309.8505241394043,0.7,nearest_preceding_heading_same_page (dy=310pt),auto_associated,building_form_table_candidate,"[""building type"", ""facade""]",0.64,keyword_signal_match (n=2),table_type_candidate_empirically_confirmed_diagram_prone_in_stage_2_manual_inspection
bridgeport-connecticut-afe7c678fa5dfc85,bridgeport-connecticut-afe7c678fa5dfc85-table-052-00,52,0,lines_strict,106.46999740600586,124.7821044921875,335.824951171875,463.1997782389323,14,11,21,154,0.136,False,0.85,single_column,False,False,True,,retained_auto,"[null, null, ""y"", null, null, ""y"", null, null, null, null, null]",False,"[117.02222188313802, 124.7821044921875, 246.5998992919922, 275.6505533854167]","[[null, null, ""y"", null, null, ""y"", null, null, null, null, null], [null, null, null, """", """", """", null, null, """", null, null], [null, null, null, """", """", """", null, null, """", null, null], [null, null, null, ""Primary Stree"", ""t"", null, null, null, null, null, null], [null, null, null, ""w"", null, null, null, null, null, null, null], [null, null, """", null, null, ""Figure 3.60-B"", null, null, null, null, null], [null, null, ""L"", ""q"", ""e"", null, null, null, null, null, null], [null, null, null, null, null, null, null, null, null, """", ""ZONES""], [null, null, null, ""OCATION. Se"", null, null, null, null, null, null, null], [null, null, null, null, null, null, null, ""ure 3.60-B"", null, """", ""NX2""], ["""", """", """", """", """", """", """", """", null, """", ""50 ft. min.""], [""re"", ""e"", ""t"", ""wall"", """", """", """", """", null, """", ""85 ft. max.""], [null, null, null, """", null, null, null, """", null, null, null], [""re"", null, ""t Build-to Zone"", """", null, """", null, """", null, null, null]]",3.60 Small General Building Type,bridgeport-connecticut-afe7c678fa5dfc85-repaired-node-000165,Section,,0.4,fallback_last_heading_on_earlier_page,needs_review,building_form_table_candidate,"[""building type"", ""build-to""]",0.64,keyword_signal_match (n=2),table_type_candidate_empirically_confirmed_diagram_prone_in_stage_2_manual_inspection
bridgeport-connecticut-afe7c678fa5dfc85,bridgeport-connecticut-afe7c678fa5dfc85-table-053-01,53,1,lines,45.17359630878155,347.6499938964844,573.2845546177456,699.2681427001953,20,6,44,120,0.367,False,0.65,single_column,False,False,True,,retained_low_confidence_review,"[null, null, ""ZONES"", null, """", null]",False,"[213.1335250854492, 347.6499938964844, 443.8800048828125, 361.9800048828125]","[[null, null, ""ZONES"", null, """", null], [null, null, ""NX2"", ""RX1"", null, null], [""3.60.5. PARKING & ACCESSORY STRUCTURES. See Figure 3.60-C."", null, null, null, null, """"], [null, ""Parking & Driveway Access"", ""Non-primary street; if no non-primary street, primary street;\nmax. 12 ft. width at sidewalk; max. 1 driveway access point\nper principal building"", null, null, ""See 8.0 for parking.""], [null, ""Attached Garage Setback\nAllowed Garage Door Location)"", ""20 ft. min. behind primary facade in rear of building\nRear and street-side facades"", null, null, ""See 6.50.11 for garage door design\nregulations.""], [null, ""Surface Parking Location"", ""Rear yard, limited side yard Rear yard, limited side yard"", null, null, ""See 14.20.9 for allowed limited side\nyard parking layout.""], [null, ""Street Setback"", ""No closer to lot line than principal building"", null, null, null], [null, ""Side & Rear Setback"", ""3 ft. min. 3 ft. min."", null, null, null], [null, ""Accessory Structure Location"", ""Rear yard Rear yard"", null, null, ""See 3.170 accessory structures.""], [null, ""Street Setback"", ""No closer to lot line than principal building"", null, null, null], [null, ""Side & Rear Setback"", ""3 ft. min. 3 ft. min."", null, null, null], [""ALLOWED ACCESSORY STRUCTURES"", null, ""NX2"", ""RX1"", null, ""See 3.170 for accessory structures\nand 4.70 for accessory uses.\nKEY:\n4 = Allowed\n0 SP = Requires a Special Permit""], [""Backyard Cottage"", null, ""4 4"", null, null, null], [""Outbuildings & Garages"", null, ""4 4"", null, null, null], [""Drive-Through Facilities"", null, ""\u2013 \u2013"", null, null, null], [""Fuel Pumps"", null, ""\u2013 \u2013"", null, null, null], [""Parking Structure"", null, ""\u2013 \u2013"", null, null, null], [""Temporary Storage Container"", null, ""4 4"", null, null, null], [""Building-Mounted Utilities"", null, ""4 4"", null, null, null], [""Ground-Mounted Utilities"", null, ""\u2013 \u2013"", null, null, null]]",3.60.4. BUILDING LOCATION. See Figure 3.60-B,bridgeport-connecticut-afe7c678fa5dfc85-repaired-node-000166,Subsection,,0.4,fallback_last_heading_on_earlier_page,needs_review,permitted_use_table_candidate,"[""special permit"", ""accessory use"", ""p ="", ""sp =""]",0.88,keyword_signal_match (n=4),review_status_not_retained_auto
bridgeport-connecticut-afe7c678fa5dfc85,bridgeport-connecticut-afe7c678fa5dfc85-table-054-00,54,0,lines_strict,179.54440307617188,149.7401123046875,612.0,301.20379638671875,8,5,5,40,0.125,False,0.85,single_column,False,False,True,,retained_auto,"["""", null, null, null, null]",False,"[179.54440307617188, 149.7401123046875, 203.86620330810547, 163.1507339477539]","[["""", null, null, null, null], [null, null, ""w"", null, null], [""r\nq"", null, null, null, null], [null, """", ""w"", null, null], [null, null, """", """", """"], [null, null, """", ""w"", null], [null, null, """", """", """"], [""basement\nr"", null, null, null, null]]",3.60.5. PARKING & ACCESSORY STRUCTURES. See Figure 3.60-C .,bridgeport-connecticut-afe7c678fa5dfc85-repaired-node-000167,Subsection,,0.4,fallback_last_heading_on_earlier_page,needs_review,parking_schedule_candidate,"[""parking""]",0.52,keyword_signal_match (n=1),table_type_candidate_empirically_confirmed_diagram_prone_in_stage_2_manual_inspection
bridgeport-connecticut-afe7c678fa5dfc85,bridgeport-connecticut-afe7c678fa5dfc85-table-057-00,57,0,lines,44.827999114990234,103.030029296875,570.4000244140625,255.0927472795759,10,4,26,40,0.65,False,0.65,single_column,False,False,True,,retained_low_confidence_review,"[null, ""ZONES"", null, null]",False,"[190.88800048828125, 103.030029296875, 473.12799072265625, 116.68995361328125]","[[null, ""ZONES"", null, null], [null, ""NX2"", ""RX1"", null], [""Minor Utilities"", ""4 4"", null, ""4.60.7""], [""Major Utilities"", ""\u2013 \u2013"", null, ""4.60.8""], [""ACCESSORY USES"", """", """", ""4.70""], [""Accessory Apartments"", ""\u2013 \u2013"", null, ""4.70.2""], [""Home Occupations"", ""4 4"", null, ""4.70.3""], [""Sidewalk Cafes"", ""\u2013 4"", null, ""4.70.4""], [""Outdoor Display Areas"", ""\u2013 4"", null, ""4.70.5""], [""Outdoor Storage"", ""\u2013 \u2013"", null, ""4.70.6""]]","3.60.9. ALLOWED USES. See Article 4.0 for use definitions, specific use limitations, and other use-related regulations.",bridgeport-connecticut-afe7c678fa5dfc85-repaired-node-000171,Subsection,,0.4,fallback_last_heading_on_earlier_page,needs_review,permitted_use_table_candidate,"[""accessory use""]",0.52,keyword_signal_match (n=1),review_status_not_retained_auto
bridgeport-connecticut-afe7c678fa5dfc85,bridgeport-connecticut-afe7c678fa5dfc85-table-060-01,60,1,lines_strict,104.07754707336426,336.4804596772065,337.4157206217448,474.3504943847656,6,11,20,66,0.303,False,0.85,single_column,False,False,True,,retained_auto,"[null, null, ""NX1\nLOCATION. See Figure 3.70-B"", null, null, null, null, null, null, null, null]",False,"[114.61199781629774, 336.4804596772065, 276.52964274088544, 401.2312418619792]","[[null, null, ""NX1\nLOCATION. See Figure 3.70-B"", null, null, null, null, null, null, null, null], [null, null, null, null, null, null, null, null, null, null, ""ZONE""], [null, null, null, null, null, null, null, null, null, null, ""NX2""], [""ti"", ""o"", ""n"", """", """", """", """", ""Mu"", ""ltiple s"", ""ide"", ""-by-side units sh""], [""ri"", ""n"", ""ci"", ""pal Bui"", ""ldings"", """", """", ""not"", ""allow"", ""ed"", ""not allo""], ["""", null, ""60 ft. min."", null, null, null, null, null, null, null, null]]",3.70 Row Building Type,bridgeport-connecticut-afe7c678fa5dfc85-repaired-node-000173,Section,,0.4,fallback_last_heading_on_earlier_page,needs_review,building_form_table_candidate,"[""building type""]",0.52,keyword_signal_match (n=1),table_type_candidate_empirically_confirmed_diagram_prone_in_stage_2_manual_inspection
bridgeport-connecticut-afe7c678fa5dfc85,bridgeport-connecticut-afe7c678fa5dfc85-table-062-00,62,0,lines_strict,143.83200073242188,147.86431884765625,603.6498548719618,311.20379638671875,11,9,9,99,0.091,False,0.85,single_column,False,False,True,,retained_auto,"[""q"", """", ""r e"", null, null, null, null, null, null]",False,"[143.83200073242188, 147.86431884765625, 236.73868826932684, 289.0117413202922]","[[""q"", """", ""r e"", null, null, null, null, null, null], [null, null, null, ""w"", null, null, null, null, null], [null, ""r"", null, null, null, null, """", """", """"], [null, null, null, null, null, null, ""upper story\nupper story\nground story"", """", """"], [null, null, """", """", null, """", null, null, null], [null, null, null, ""w"", """", """", null, null, null], [null, null, null, """", """", """", null, null, null], [null, null, null, ""w"", null, """", null, null, null], [null, null, null, """", """", """", null, null, null], [null, null, null, ""w"", null, null, null, null, null], [""r"", null, null, null, null, null, null, null, null]]",3.70.5. PARKING & ACCESSORY STRUCTURES. See Figure 3.70-C .,bridgeport-connecticut-afe7c678fa5dfc85-repaired-node-000175,Subsection,,0.4,fallback_last_heading_on_earlier_page,needs_review,parking_schedule_candidate,"[""parking""]",0.52,keyword_signal_match (n=1),table_type_candidate_empirically_confirmed_diagram_prone_in_stage_2_manual_inspection
bridgeport-connecticut-afe7c678fa5dfc85,bridgeport-connecticut-afe7c678fa5dfc85-table-065-01,65,1,lines_strict,0.0,383.5095977783203,265.16129218207465,631.6032802036831,9,8,19,72,0.264,False,0.85,table_dominant,False,True,True,,retained_auto,"[""3.70.10 SUPPLE\nA. Multiple Buildi\nlocated on a lo\n(1) The minim\n(2) Each buildi\nthe buildin\n(3) Each buildi\ncontributin\nexcept one\nSee Figure"", null, null, null, null, null, null, ""MENTAL REGULATIONS\nngs on a Lot. Multiple buildings m\nt with the following regulations:\num space between buildings is me\nng must fulfill all of the requireme\ng type unless otherwise expressly\nng must be located in the build-to""]",False,"[0.0, 383.5095977783203, 265.16129218207465, 543.28125]","[[""3.70.10 SUPPLE\nA. Multiple Buildi\nlocated on a lo\n(1) The minim\n(2) Each buildi\nthe buildin\n(3) Each buildi\ncontributin\nexcept one\nSee Figure"", null, null, null, null, null, null, ""MENTAL REGULATIONS\nngs on a Lot. Multiple buildings m\nt with the following regulations:\num space between buildings is me\nng must fulfill all of the requireme\ng type unless otherwise expressly\nng must be located in the build-to""], ["""", """", ""loca"", ""ted on"", null, null, null, null], [""(1) The mi"", null, null, null, null, null, null, null], ["""", """", ""(2)\n(3)"", ""Each b\nthe bui\nEach b\ncontrib\nexcept\nSee Fi"", null, null, null, null], [null, null, null, null, null, null, ""tin\nne\nure"", null], [""(a) T"", null, null, null, ""h"", ""e"", ""co"", null], [""lo"", null, null, null, ""n"", ""g"", null, null], [""p"", null, null, null, ""ri"", ""m"", null, null], [null, null, null, null, ""a\ns\np"", null, null, null]]","3.70.9. ALLOWED USES. See Article 4.0 for use definitions, specific use limitations, and other use-related regulations.",bridgeport-connecticut-afe7c678fa5dfc85-repaired-node-000179,Subsection,,0.4,fallback_last_heading_on_earlier_page,needs_review,building_form_table_candidate,"[""build-to""]",0.52,keyword_signal_match (n=1),table_type_candidate_empirically_confirmed_diagram_prone_in_stage_2_manual_inspection
bridgeport-connecticut-afe7c678fa5dfc85,bridgeport-connecticut-afe7c678fa5dfc85-table-068-00,68,0,lines_strict,106.78689956665039,126.4324951171875,567.3046875,476.62672306941107,14,10,25,140,0.179,False,0.85,single_column,False,False,True,,retained_auto,"[null, null, ""y\ni"", null, ""y\ni"", null, null, null, null, null]",False,"[117.30417717827692, 126.4324951171875, 246.25790405273438, 277.11724175347223]","[[null, null, ""y\ni"", null, ""y\ni"", null, null, null, null, null], [null, null, null, """", null, null, null, null, null, null], [null, null, null, """", null, null, null, null, null, null], [null, null, ""Primary Street\nw"", """", """", null, """", null, null, null], [null, null, null, """", """", null, """", null, null, null], [null, null, ""q\nLOCATION. See"", null, ""Figure 3.80-B"", null, null, null, null, null], [null, null, null, null, null, null, null, null, ""ZON"", null], [null, null, null, null, null, null, null, null, ""NX1"", null], [null, null, null, ""OCATION. See"", null, ""Figure 3.80-"", null, null, null, null], ["""", """", """", """", """", """", null, """", ""50 ft. min."", ""50 ft. min.""], [null, null, null, """", null, """", null, null, null, null], [""re"", ""e"", ""t"", ""wall"", """", """", null, """", ""50 ft. max."", ""70 ft. max. Measured in build-to zone\nalong any primary street.""], [""re"", ""e"", ""t"", ""Build-to Line"", """", """", null, """", ""15 ft."", null], [""lo"", null, ""ed Porch, Bay Se"", null, ""tback"", null, null, null, null, null]]",3.80 Double House A Building Type,bridgeport-connecticut-afe7c678fa5dfc85-repaired-node-000188,Section,,0.4,fallback_last_heading_on_earlier_page,needs_review,building_form_table_candidate,"[""building type"", ""build-to""]",0.64,keyword_signal_match (n=2),table_type_candidate_empirically_confirmed_diagram_prone_in_stage_2_manual_inspection
bridgeport-connecticut-afe7c678fa5dfc85,bridgeport-connecticut-afe7c678fa5dfc85-table-069-00,69,0,lines,45.125,347.1300048828125,571.8561604817709,662.0152893066406,17,6,37,102,0.363,False,0.65,single_column,False,False,True,,retained_low_confidence_review,"[null, null, ""ZON"", null, ""ES"", null]",False,"[217.97155157725015, 347.1300048828125, 457.4477810329861, 361.4599914550781]","[[null, null, ""ZON"", null, ""ES"", null], [null, null, ""NX1"", ""NX2"", null, null], [""3.80.5. PARKING & ACCESSORY STRUCTURES. See Figure 3.80-C."", null, null, null, null, """"], [null, ""Parking & Driveway Access"", ""Non-primary street; if no non-primary street, primary street;\nmax. 9 ft. width at sidewalk; max. 1 driveway per building"", null, null, ""See 8.0 for parking.""], [null, ""Attached Garage Setback\nAllowed Garage Door Location"", ""50 ft. min. behind primary facade in rear of building, ground\nstory only\nRear facade or non-primary facade"", null, null, """"], [null, ""Parking Lot and\nAccessory Structure Location"", ""Rear yard only Rear yard only"", null, null, ""See 3.170 for accessory\nstructures.""], [null, ""Street-Side Setback"", ""No closer to lot line than principal building"", null, null, null], [null, ""Side & Rear Setback"", ""3 ft. min. 3 ft. min."", null, null, null], [""ALLOWED ACCESSORY STRUCTURES"", null, ""NX1"", ""NX2"", null, ""See 3.170 for accessory\nstructures and 4.70 for\naccessory uses.\nKEY:\n4 = Allowed\n0 SP = Requires a Special Permit""], [""Backyard Cottage"", null, ""4 4"", null, null, null], [""Outbuildings & Garages"", null, ""4 4"", null, null, null], [""Drive-Through Facilities"", null, ""\u2013 \u2013"", null, null, null], [""Fuel Pumps"", null, ""\u2013 \u2013"", null, null, null], [""Parking Structure"", null, ""\u2013 \u2013"", null, null, null], [""Temporary Storage Container"", null, ""4 4"", null, null, null], [""Building-Mounted Utilities"", null, ""4 4"", null, null, null], [""Ground-Mounted Utilities"", null, ""\u2013 \u2013"", null, null, null]]",3.80.4. BUILDING LOCATION. See Figure 3.80-B,bridgeport-connecticut-afe7c678fa5dfc85-repaired-node-000189,Subsection,,0.4,fallback_last_heading_on_earlier_page,needs_review,permitted_use_table_candidate,"[""special permit"", ""accessory use"", ""p ="", ""sp =""]",0.88,keyword_signal_match (n=4),review_status_not_retained_auto
bridgeport-connecticut-afe7c678fa5dfc85,bridgeport-connecticut-afe7c678fa5dfc85-table-070-00,70,0,lines_strict,160.5,133.959716796875,607.3930053710938,301.138427734375,9,14,10,126,0.079,False,0.85,single_column,False,False,True,,retained_auto,"[""r\nq\ne"", null, ""r e"", null, null, ""w\nw\nhalf story\nw\nupper story\nw\nground story"", null, null, null, null, null, null, null, null]",False,"[160.5, 133.959716796875, 607.3930053710938, 274.0010620117188]","[[""r\nq\ne"", null, ""r e"", null, null, ""w\nw\nhalf story\nw\nupper story\nw\nground story"", null, null, null, null, null, null, null, null], [null, null, null, null, null, ""w"", null, null, null, null, null, null, null, null], [null, """", """", null, null, """", """", null, null, null, null, null, null, null], [null, null, null, null, null, null, null, ""half story"", null, null, null, null, null, null], [null, null, null, null, null, ""w"", """", null, null, null, null, null, null, null], [null, """", """", """", """", ""w"", ""upper story"", null, """", """", null, null, null, """"], [null, null, null, """", null, null, null, null, """", null, null, null, null, null], [null, null, null, """", """", ""w\nground story"", null, null, """", null, """", """", """", """"], [""basement\nt\nr"", null, null, null, null, null, null, null, null, null, null, null, null, null]]",3.80.5. PARKING & ACCESSORY STRUCTURES. See Figure 3.80-C .,bridgeport-connecticut-afe7c678fa5dfc85-repaired-node-000190,Subsection,,0.4,fallback_last_heading_on_earlier_page,needs_review,parking_schedule_candidate,"[""parking""]",0.52,keyword_signal_match (n=1),table_type_candidate_empirically_confirmed_diagram_prone_in_stage_2_manual_inspection
bridgeport-connecticut-afe7c678fa5dfc85,bridgeport-connecticut-afe7c678fa5dfc85-table-073-01,73,1,lines_strict,168.83100382486978,443.3330315483941,306.90331268310547,635.1248931884766,2,4,5,8,0.625,False,0.85,table_dominant,False,True,True,,retained_auto,"[""up\nc\ntr\nac\nc\no\n14"", ""t\nlo\nan\nh\nhm\nr\n."", ""o 2 stories on\nsed porches m\nsparency regu\nments. See 14.2\nents into setb\nbuild-to zones.\n20.10.F for defin\nof half stories i\n5% of the foot"", ""a 2.5 story\nust meet\nlation for\n0.6.D for\nacks or\nition of half\nn the roof is\nprint of story""]",False,"[168.83100382486978, 443.3330315483941, 306.90331268310547, 635.1248931884766]","[[""up\nc\ntr\nac\nc\no\n14"", ""t\nlo\nan\nh\nhm\nr\n."", ""o 2 stories on\nsed porches m\nsparency regu\nments. See 14.2\nents into setb\nbuild-to zones.\n20.10.F for defin\nof half stories i\n5% of the foot"", ""a 2.5 story\nust meet\nlation for\n0.6.D for\nacks or\nition of half\nn the roof is\nprint of story""], [""ri\nan"", null, null, null]]","(1) Height. Porches, enclosed porches, and bays",bridgeport-connecticut-afe7c678fa5dfc85-repaired-node-000196,Paragraph,21.483605278862854,0.9,nearest_preceding_heading_same_page (dy=21pt),auto_associated,building_form_table_candidate,"[""build-to""]",0.52,keyword_signal_match (n=1),table_type_candidate_empirically_confirmed_diagram_prone_in_stage_2_manual_inspection
bridgeport-connecticut-afe7c678fa5dfc85,bridgeport-connecticut-afe7c678fa5dfc85-table-075-00,75,0,lines,45.053018951416014,387.2299377441406,294.41139729817706,519.1892852783203,8,2,16,16,1.0,False,0.65,single_column,False,False,True,,retained_low_confidence_review,"[""LINK"", ""SUBSECTION""]",False,"[45.053018951416014, 387.2299377441406, 294.41139729817706, 400.8900146484375]","[[""LINK"", ""SUBSECTION""], [""3.90.4"", ""Building Siting""], [""3.90.5"", ""Parking & Accessory Structures""], [""3.90.6"", ""Height""], [""3.90.7"", ""Roofs""], [""3.90.8"", ""Primary & Non-Primary Facades""], [""3.90.9"", ""Allowed Uses Table""], [""3.90.10"", ""Supplemental Regulations""]]",3.90 House A Building Type,bridgeport-connecticut-afe7c678fa5dfc85-repaired-node-000202,Section,345.8505241394043,0.7,nearest_preceding_heading_same_page (dy=346pt),auto_associated,building_form_table_candidate,"[""building type"", ""facade""]",0.64,keyword_signal_match (n=2),table_type_candidate_empirically_confirmed_diagram_prone_in_stage_2_manual_inspection
bridgeport-connecticut-afe7c678fa5dfc85,bridgeport-connecticut-afe7c678fa5dfc85-table-076-00,76,0,lines_strict,313.3887481689453,86.37420654296875,589.6466064453125,311.86062067205256,9,15,6,135,0.044,False,0.85,single_column,False,False,True,,retained_auto,"["""", null, ""KEY\nAllowable Building Area\nBuild-to Zone\nPorch Encroachment Area\nLot Line\nBuilding Setback Line"", null, null, null, null, null, null, null, null, null, null, null, null]",False,"[313.3887481689453, 86.37420654296875, 589.6466064453125, 311.86062067205256]","[["""", null, ""KEY\nAllowable Building Area\nBuild-to Zone\nPorch Encroachment Area\nLot Line\nBuilding Setback Line"", null, null, null, null, null, null, null, null, null, null, null, null], [null, """", """", null, null, null, null, null, null, null, null, null, null, null, null], [null, """", ""KEY\nAllowable Building Area\nBuild-to Zone\nPorch Encroachment Area\nLot Line"", null, null, null, null, null, null, null, null, null, null, null, null], [null, null, null, null, null, null, null, null, ""KE"", null, null, null, null, null, null], [null, null, null, """", null, null, null, null, null, null, """", null, null, null, null], [null, null, null, null, null, null, null, null, null, """", """", null, ""h Encroachment Ar\nLot Line"", null, null], [null, null, null, null, null, null, null, null, null, null, """", null, null, null, null], [null, """", """", """", null, null, """", """", """", null, """", """", """", null, """"], [null, null, """", null, """", """", null, """", """", null, """", ""B"", null, ""u"", null]]",3.90 House A Building Type,bridgeport-connecticut-afe7c678fa5dfc85-repaired-node-000202,Section,,0.4,fallback_last_heading_on_earlier_page,needs_review,building_form_table_candidate,"[""building type"", ""build-to""]",0.64,keyword_signal_match (n=2),table_type_candidate_empirically_confirmed_diagram_prone_in_stage_2_manual_inspection
bridgeport-connecticut-afe7c678fa5dfc85,bridgeport-connecticut-afe7c678fa5dfc85-table-076-02,76,2,lines_strict,106.49139785766602,322.7501417371962,362.3409118652344,498.04938252766925,13,13,36,169,0.213,False,0.85,single_column,False,False,True,,retained_auto,"[null, null, ""q\nLOCATION."", null, ""See Figure"", null, null, null, null, null, null, null, null]",False,"[117.04124450683594, 322.7501417371962, 214.2807418823242, 394.75926426478793]","[[null, null, ""q\nLOCATION."", null, ""See Figure"", null, null, null, null, null, null, null, null], [null, null, null, null, null, null, """", """", """", ""ZONES"", null, """", null], [null, null, null, null, null, null, ""N1\n3.90-B"", """", """", ""NX1"", """", """", null], [null, null, null, null, null, null, null, null, null, null, ""NX1"", """", null], [null, null, null, ""OCATION."", null, ""e Figure"", null, null, null, null, null, null, null], ["""", """", """", """", """", """", ""45 ft. min."", """", ""4"", ""5 ft. mi"", null, ""n."", null], [null, null, null, """", null, null, null, null, null, null, null, null, null], [""re"", ""e"", ""t"", ""wall"", """", """", ""45 ft. max."", """", ""4"", ""0 f"", ""t. ma"", ""x."", """"], [null, null, null, null, null, null, null, null, null, null, """", """", """"], [""re"", ""e"", ""t Build-to Lin"", null, ""e"", null, ""20 ft."", """", """", ""1"", ""5 ft."", """", """"], [null, null, null, null, null, null, null, null, null, null, null, """", null], [null, null, ""ed Porch, Ba"", null, ""y Setback"", null, null, """", ""7"", ""f"", ""t. min"", ""."", """"], [null, null, null, null, null, null, null, ""8"", null, ""ft. min."", null, null, null]]",3.90 House A Building Type,bridgeport-connecticut-afe7c678fa5dfc85-repaired-node-000202,Section,,0.4,fallback_last_heading_on_earlier_page,needs_review,building_form_table_candidate,"[""building type"", ""build-to""]",0.64,keyword_signal_match (n=2),table_type_candidate_empirically_confirmed_diagram_prone_in_stage_2_manual_inspection
bridgeport-connecticut-afe7c678fa5dfc85,bridgeport-connecticut-afe7c678fa5dfc85-table-077-01,77,1,lines,45.0,346.8500061035156,571.6019999186198,657.8013102213541,17,7,38,119,0.319,False,0.65,single_column,False,False,True,,retained_low_confidence_review,"[null, null, ""ZONES"", null, """", null, null]",False,"[212.62922744750978, 346.8500061035156, 449.9096022385817, 361.17999267578125]","[[null, null, ""ZONES"", null, """", null, null], [null, null, ""N1"", ""NX1"", """", ""NX2"", null], [""3.90.5. PARKING & ACCESSORY STRUCTURES. See Figure 3.90-C."", null, null, null, null, null, """"], [null, ""Parking & Driveway Access"", ""Non-primary street; if no non-primary street, primary street;\nmax. 9 ft. width at primary lot line; max. 1 driveway per\nbuilding"", null, null, null, ""See 8.0 for parking.""], [null, ""Attached Garage Setback\nAllowed Garage Door Location"", ""20 ft. min. behind primary facade in rear of building\nRear or non-primary facade"", null, null, null, """"], [null, ""Surface Parking and\nAccessory Structure Location"", ""Rear yard Rear yard Rear yard"", null, null, null, ""See 3.170 for accessory\nstructures.""], [null, ""Street-Side Setback"", ""No closer to lot line than principal building"", null, null, null, null], [null, ""Side & Rear Setback"", ""3 ft. min. 3 ft. min. 3 ft. min."", null, null, null, null], [""ALLOWED ACCESSORY STRUCTURES"", null, ""N1"", ""NX1"", null, ""NX2"", ""See 3.170 for accessory structures\nand 4.70 for accessory uses.\nKEY:\n4 = Allowed\n0 SP = Requires a Special Permit""], [""Backyard Cottage"", null, ""4 4 4"", null, null, null, null], [""Outbuildings & Garages"", null, ""4 4 4"", null, null, null, null], [""Drive-Through Facilities"", null, ""\u2013 \u2013 \u2013"", null, null, null, null], [""Fuel Pumps"", null, ""\u2013 \u2013 \u2013"", null, null, null, null], [""Parking Structure"", null, ""\u2013 \u2013 \u2013"", null, null, null, null], [""Temporary Storage Container"", null, ""4 4 4"", null, null, null, null], [""Building-Mounted Utilities"", null, ""4 4 4"", null, null, null, null], [""Ground-Mounted Utilities"", null, ""\u2013 \u2013 \u2013"", null, null, null, null]]",3.90.4. BUILDING LOCATION. See Figure 3.90-B,bridgeport-connecticut-afe7c678fa5dfc85-repaired-node-000203,Subsection,,0.4,fallback_last_heading_on_earlier_page,needs_review,permitted_use_table_candidate,"[""special permit"", ""accessory use"", ""p ="", ""sp =""]",0.88,keyword_signal_match (n=4),review_status_not_retained_auto
bridgeport-connecticut-afe7c678fa5dfc85,bridgeport-connecticut-afe7c678fa5dfc85-table-078-00,78,0,lines_strict,120.05400085449219,132.959716796875,346.3208923339844,283.94036865234375,8,8,5,64,0.078,False,0.85,single_column,False,False,True,,retained_auto,"[""r\nq\ne"", null, null, """", null, null, null, null]",False,"[120.05400085449219, 132.959716796875, 205.96758297033477, 273.2784443730893]","[[""r\nq\ne"", null, null, """", null, null, null, null], [null, null, null, null, null, null, ""w"", null], [null, ""r\nq\ne"", """", """", """", null, """", """"], [null, null, null, null, null, null, ""w"", """"], [null, null, """", """", """", """", ""w"", null], [null, null, null, null, """", null, null, null], [null, null, null, null, """", """", """", null], ["""", null, null, """", null, null, null, null]]",3.90.5. PARKING & ACCESSORY STRUCTURES. See Figure 3.90-C .,bridgeport-connecticut-afe7c678fa5dfc85-repaired-node-000204,Subsection,,0.4,fallback_last_heading_on_earlier_page,needs_review,parking_schedule_candidate,"[""parking""]",0.52,keyword_signal_match (n=1),table_type_candidate_empirically_confirmed_diagram_prone_in_stage_2_manual_inspection
bridgeport-connecticut-afe7c678fa5dfc85,bridgeport-connecticut-afe7c678fa5dfc85-table-081-00,81,0,lines,45.0,107.16998291015625,571.7520141601562,261.56223551432294,10,5,28,50,0.56,False,0.65,single_column,False,False,True,,retained_low_confidence_review,"["""", ""ZONES"", null, null, ""Reference""]",False,"[45.0, 107.16998291015625, 571.7520141601562, 134.48995971679688]","[["""", ""ZONES"", null, null, ""Reference""], [null, ""N1"", ""NX1"", ""NX2"", null], [""Minor Utilities"", ""4 4 4"", null, null, ""4.60.7""], [""Major Utilities"", ""\u2013 \u2013 \u2013"", null, null, ""4.60.8""], [""ACCESSORY USES"", """", """", """", ""4.70""], [""Accessory Apartments"", ""4 \u2013 \u2013"", null, null, ""4.70.2""], [""Home Occupations"", ""4 4 4"", null, null, ""4.70.3""], [""Sidewalk Cafes"", ""\u2013 \u2013 \u2013"", null, null, ""4.70.4""], [""Outdoor Display Areas"", ""\u2013 \u2013 \u2013"", null, null, ""4.70.5""], [""Outdoor Storage"", ""\u2013 \u2013 \u2013"", null, null, ""4.70.6""]]","3.90.9. ALLOWED USES. See Article 4.0 for use definitions, specific use limitations, and other use-related regulations.",bridgeport-connecticut-afe7c678fa5dfc85-repaired-node-000208,Subsection,,0.4,fallback_last_heading_on_earlier_page,needs_review,permitted_use_table_candidate,"[""accessory use""]",0.52,keyword_signal_match (n=1),review_status_not_retained_auto
bridgeport-connecticut-afe7c678fa5dfc85,bridgeport-connecticut-afe7c678fa5dfc85-table-083-00,83,0,lines,45.585000610351564,387.2299377441406,294.9433186848958,519.1892852783203,8,2,16,16,1.0,False,0.65,single_column,False,False,True,,retained_low_confidence_review,"[""LINK"", ""SUBSECTION""]",False,"[45.585000610351564, 387.2299377441406, 294.9433186848958, 400.8900146484375]","[[""LINK"", ""SUBSECTION""], [""3.100.4"", ""Building Siting""], [""3.100.5"", ""Parking & Accessory Structures""], [""3.100.6"", ""Height""], [""3.100.7"", ""Roofs""], [""3.100.8"", ""Primary & Non-Primary Facades""], [""3.100.9"", ""Allowed Uses Table""], [""3.100.10"", ""Supplemental Regulations""]]",3.100 House B Building Type,bridgeport-connecticut-afe7c678fa5dfc85-repaired-node-000216,Section,345.8505241394043,0.7,nearest_preceding_heading_same_page (dy=346pt),auto_associated,building_form_table_candidate,"[""building type"", ""facade""]",0.64,keyword_signal_match (n=2),table_type_candidate_empirically_confirmed_diagram_prone_in_stage_2_manual_inspection
bridgeport-connecticut-afe7c678fa5dfc85,bridgeport-connecticut-afe7c678fa5dfc85-table-084-00,84,0,lines_strict,303.02520751953125,88.36199951171875,579.505615234375,314.0795043945312,11,14,3,154,0.019,False,0.85,single_column,False,False,True,,retained_auto,"["""", null, ""KEY\nAllowable Building Area\nBuild-to Zone\nPorch Encroachment Area\nLot Line\nBuilding Setback Line"", null, null, null, null, null, null, null, null, null, null, null]",False,"[303.02520751953125, 88.36199951171875, 579.505615234375, 314.0795043945312]","[["""", null, ""KEY\nAllowable Building Area\nBuild-to Zone\nPorch Encroachment Area\nLot Line\nBuilding Setback Line"", null, null, null, null, null, null, null, null, null, null, null], [null, """", """", null, null, null, null, null, null, null, null, null, null, null], [null, """", ""KEY\nAllowable Building Area\nBuild-to Zone\nPorch Encroachment Area\nLot Line"", null, null, null, null, null, null, null, null, null, null, null], [null, null, null, null, null, null, null, null, """", null, null, null, null, null], [null, null, null, null, null, null, null, null, null, """", """", null, null, null], [null, null, null, """", null, null, null, null, null, """", null, null, null, null], [null, null, null, null, null, null, null, null, null, """", """", ""orch Encroachme\nLot Line"", null, null], [null, null, null, null, null, null, null, null, null, """", null, null, null, null], [null, null, null, null, null, null, null, null, null, """", """", null, null, null], [null, """", """", """", null, null, """", """", """", """", """", """", null, """"], [null, null, """", null, """", """", null, """", """", """", """", null, """", null]]",3.100 House B Building Type,bridgeport-connecticut-afe7c678fa5dfc85-repaired-node-000216,Section,,0.4,fallback_last_heading_on_earlier_page,needs_review,building_form_table_candidate,"[""building type"", ""build-to""]",0.64,keyword_signal_match (n=2),table_type_candidate_empirically_confirmed_diagram_prone_in_stage_2_manual_inspection
bridgeport-connecticut-afe7c678fa5dfc85,bridgeport-connecticut-afe7c678fa5dfc85-table-084-03,84,3,lines_strict,105.54919815063477,323.3287875705295,335.824951171875,476.4107971191406,6,9,18,54,0.333,False,0.85,single_column,False,False,True,,retained_auto,"["""", """", ""q w"", """", """", ""r e"", """", """", """"]",True,"[105.54919815063477, 297.90826416015625, 335.824951171875, 323.3287875705295]","[[null, null, ""q\nG LOCATION"", null, null, "". See Figure"", null, null, null], [""ri"", ""n"", ""cipal Building"", null, null, ""s"", null, null, ""allowed per 3.1""], [null, null, null, """", null, null, """", null, null], [""p"", ""e"", ""r Pr"", ""incipal B"", ""u"", ""il"", ""ding"", """", ""45 ft. min""], ["""", """", """", """", """", """", """", """", ""No min.""], [""r"", null, ""twall"", null, null, """", null, null, null]]",3.100 House B Building Type,bridgeport-connecticut-afe7c678fa5dfc85-repaired-node-000216,Section,,0.4,fallback_last_heading_on_earlier_page,needs_review,building_form_table_candidate,"[""building type""]",0.52,keyword_signal_match (n=1),table_type_candidate_empirically_confirmed_diagram_prone_in_stage_2_manual_inspection
bridgeport-connecticut-afe7c678fa5dfc85,bridgeport-connecticut-afe7c678fa5dfc85-table-086-00,86,0,lines_strict,308.7229919433594,188.7340087890625,612.0,312.09568786621094,6,10,7,60,0.117,False,0.85,single_column,False,False,True,,retained_auto,"[""r e\nr w\nq\nw\ne upper story\nw\neet ground story\nr"", ""r\nr\nq\ne"", null, ""e"", ""w\nw\nupper story\nw\nground story"", null, null, null, null, null]",False,"[308.7229919433594, 188.7340087890625, 612.0, 312.09568786621094]","[[""r e\nr w\nq\nw\ne upper story\nw\neet ground story\nr"", ""r\nr\nq\ne"", null, ""e"", ""w\nw\nupper story\nw\nground story"", null, null, null, null, null], [null, null, null, null, ""w"", null, null, null, null, null], [null, null, null, """", null, null, null, null, null, null], [null, null, """", """", ""w\nw"", ""upp\ngro"", null, null, null, null], [null, null, null, null, null, null, null, """", """", """"], [null, null, null, null, null, null, """", null, null, null]]",3.100.5. PARKING & ACCESSORY STRUCTURES. See Figure 3.100-C,bridgeport-connecticut-afe7c678fa5dfc85-repaired-node-000218,Subsection,,0.4,fallback_last_heading_on_earlier_page,needs_review,parking_schedule_candidate,"[""parking""]",0.52,keyword_signal_match (n=1),table_type_candidate_empirically_confirmed_diagram_prone_in_stage_2_manual_inspection
bridgeport-connecticut-afe7c678fa5dfc85,bridgeport-connecticut-afe7c678fa5dfc85-table-086-01,86,1,lines_strict,0.8305666446685791,195.93482971191406,230.03390502929688,281.0906546456473,5,5,3,25,0.12,False,0.85,single_column,False,False,True,,retained_auto,"[""w\nr\nq\nhalf story\ne\nground story"", null, null, null, null]",False,"[0.8305666446685791, 195.93482971191406, 230.03390502929688, 281.0906546456473]","[[""w\nr\nq\nhalf story\ne\nground story"", null, null, null, null], [null, null, ""w"", null, null], ["""", """", null, """", null], [null, null, null, null, ""e""], ["""", null, null, null, null]]",3.100.5. PARKING & ACCESSORY STRUCTURES. See Figure 3.100-C,bridgeport-connecticut-afe7c678fa5dfc85-repaired-node-000218,Subsection,,0.4,fallback_last_heading_on_earlier_page,needs_review,parking_schedule_candidate,"[""parking""]",0.52,keyword_signal_match (n=1),table_type_candidate_empirically_confirmed_diagram_prone_in_stage_2_manual_inspection
bridgeport-connecticut-afe7c678fa5dfc85,bridgeport-connecticut-afe7c678fa5dfc85-table-094-00,94,0,lines_strict,40.32809829711914,135.35638427734375,566.8751220703125,424.2539916992188,4,9,4,36,0.111,False,0.85,single_column,False,False,True,,retained_auto,"[""r\nw\nhalf story\nq\nw\nupper story\nw\nground story\nbasement\nPrimary Street\nr\nZONES\nN3 Additional/References\n3.110.6. HEIGHT. See Figure 3.110-D\nq Height 1.5 stories min. Half stories are located fully within roof with\n2.5 stories max. dormer and/or area limitations per 3.110.10. See\n14.20.10 for measuring height."", null, null, """", null, null, ""w\nhalf story\nw\nupper story\nw\nground story"", null, null]",False,"[40.32809829711914, 135.35638427734375, 566.8751220703125, 424.2539916992188]","[[""r\nw\nhalf story\nq\nw\nupper story\nw\nground story\nbasement\nPrimary Street\nr\nZONES\nN3 Additional/References\n3.110.6. HEIGHT. See Figure 3.110-D\nq Height 1.5 stories min. Half stories are located fully within roof with\n2.5 stories max. dormer and/or area limitations per 3.110.10. See\n14.20.10 for measuring height."", null, null, """", null, null, ""w\nhalf story\nw\nupper story\nw\nground story"", null, null], [null, ""r\nq"", """", """", null, null, null, null, null], [null, null, null, """", null, null, null, null, null], [null, null, null, null, """", """", """", ""w\nground story"", """"]]",3.110.5. PARKING & ACCESSORY STRUCTURES. See Figure 3.110-C,bridgeport-connecticut-afe7c678fa5dfc85-repaired-node-000235,Subsection,,0.4,fallback_last_heading_on_earlier_page,needs_review,parking_schedule_candidate,"[""parking""]",0.52,keyword_signal_match (n=1),table_type_candidate_empirically_confirmed_diagram_prone_in_stage_2_manual_inspection
bridgeport-connecticut-afe7c678fa5dfc85,bridgeport-connecticut-afe7c678fa5dfc85-table-097-00,97,0,lines,45.36000061035156,106.08502197265625,570.8599853515625,261.509268624442,10,3,26,30,0.867,False,0.65,single_column,False,False,True,,retained_low_confidence_review,"["""", ""ZONES"", ""Reference""]",False,"[45.36000061035156, 106.08502197265625, 570.8599853515625, 133.40489705403647]","[["""", ""ZONES"", ""Reference""], [null, ""N3"", null], [""Minor Utilities"", ""4"", ""4.60.7""], [""Major Utilities"", ""\u2013"", ""4.60.8""], [""ACCESSORY USES"", """", ""4.70""], [""Accessory Apartments"", ""4"", ""4.70.2""], [""Home Occupations"", ""4"", ""4.70.3""], [""Sidewalk Cafes"", ""\u2013"", ""4.70.4""], [""Outdoor Display Areas"", ""\u2013"", ""4.70.5""], [""Outdoor Storage"", ""\u2013"", ""4.70.6""]]","3.110.9. ALLOWED USES. See Article 4.0 for use definitions, specific use limitations, and other use-related regulations.",bridgeport-connecticut-afe7c678fa5dfc85-repaired-node-000239,Subsection,,0.4,fallback_last_heading_on_earlier_page,needs_review,permitted_use_table_candidate,"[""accessory use""]",0.52,keyword_signal_match (n=1),review_status_not_retained_auto
bridgeport-connecticut-afe7c678fa5dfc85,bridgeport-connecticut-afe7c678fa5dfc85-table-099-00,99,0,lines,45.585000610351564,327.2299377441406,294.9433186848958,459.18929290771484,8,2,16,16,1.0,False,0.65,single_column,False,False,True,,retained_low_confidence_review,"[""LINK"", ""SUBSECTION""]",False,"[45.585000610351564, 327.2299377441406, 294.9433186848958, 340.8900146484375]","[[""LINK"", ""SUBSECTION""], [""3.120.4"", ""Building Siting""], [""3.120.5"", ""Parking & Accessory Structures""], [""3.120.6"", ""Height""], [""3.120.7"", ""Roofs""], [""3.120.8"", ""Primary & Non-Primary Facades""], [""3.120.9"", ""Allowed Uses Table""], [""3.120.10"", ""Supplemental Regulations""]]",3.120 House D Building Type,bridgeport-connecticut-afe7c678fa5dfc85-repaired-node-000245,Section,285.8505241394043,0.7,nearest_preceding_heading_same_page (dy=286pt),auto_associated,building_form_table_candidate,"[""building type"", ""facade""]",0.64,keyword_signal_match (n=2),table_type_candidate_empirically_confirmed_diagram_prone_in_stage_2_manual_inspection
bridgeport-connecticut-afe7c678fa5dfc85,bridgeport-connecticut-afe7c678fa5dfc85-table-102-00,102,0,lines_strict,48.85819880167643,199.8748779296875,218.4438018798828,281.5551768335803,3,5,4,15,0.267,False,0.85,single_column,False,False,True,,retained_auto,"["""", """", null, ""e"", ""q""]",False,"[48.85819880167643, 199.8748779296875, 218.4438018798828, 281.5551768335803]","[["""", """", null, ""e"", ""q""], [null, ""w"", null, null, null], [null, ""w\nw"", """", """", """"]]",3.120.5. PARKING & ACCESSORY STRUCTURES. See Figure 3.120-C,bridgeport-connecticut-afe7c678fa5dfc85-repaired-node-000247,Subsection,,0.4,fallback_last_heading_on_earlier_page,needs_review,parking_schedule_candidate,"[""parking""]",0.52,keyword_signal_match (n=1),table_type_candidate_empirically_confirmed_diagram_prone_in_stage_2_manual_inspection
bridgeport-connecticut-afe7c678fa5dfc85,bridgeport-connecticut-afe7c678fa5dfc85-table-102-01,102,1,lines_strict,294.6961975097656,199.8748779296875,456.5144958496094,281.5551768335803,4,6,5,24,0.208,False,0.85,single_column,False,False,True,,retained_auto,"[""e\nq"", null, """", ""w"", null, null]",False,"[294.6961975097656, 199.8748779296875, 456.5144958496094, 281.5551768335803]","[[""e\nq"", null, """", ""w"", null, null], [null, null, null, ""w"", null, null], [null, null, """", null, null, null], [null, """", null, """", ""w\nw"", ""uppe\ngroun""]]",3.120.5. PARKING & ACCESSORY STRUCTURES. See Figure 3.120-C,bridgeport-connecticut-afe7c678fa5dfc85-repaired-node-000247,Subsection,,0.4,fallback_last_heading_on_earlier_page,needs_review,parking_schedule_candidate,"[""parking""]",0.52,keyword_signal_match (n=1),table_type_candidate_empirically_confirmed_diagram_prone_in_stage_2_manual_inspection
bridgeport-connecticut-afe7c678fa5dfc85,bridgeport-connecticut-afe7c678fa5dfc85-table-102-02,102,2,lines_strict,1.5769428525652205,324.7190856933594,567.0010620117188,435.7097930908203,3,5,5,15,0.333,False,0.85,single_column,False,False,True,,retained_auto,"[""3.12\nq\nw"", ""0.6. HEIGHT. See Figure 3.120-D\nHeight"", "".120-D"", """", ""ZONES\nN4 Additional/References\n1 story min. See 14.20.10 for measuring height.\n2 stories max.""]",False,"[1.5769428525652205, 324.7190856933594, 567.0010620117188, 435.7097930908203]","[[""3.12\nq\nw"", ""0.6. HEIGHT. See Figure 3.120-D\nHeight"", "".120-D"", """", ""ZONES\nN4 Additional/References\n1 story min. See 14.20.10 for measuring height.\n2 stories max.""], [null, null, """", null, null], [null, ""Story Height 9 ft. min. Measured floor-to-floor per 14.20.10."", null, null, null]]",3.120.5. PARKING & ACCESSORY STRUCTURES. See Figure 3.120-C,bridgeport-connecticut-afe7c678fa5dfc85-repaired-node-000247,Subsection,,0.4,fallback_last_heading_on_earlier_page,needs_review,parking_schedule_candidate,"[""parking""]",0.52,keyword_signal_match (n=1),table_type_candidate_empirically_confirmed_diagram_prone_in_stage_2_manual_inspection
bridgeport-connecticut-afe7c678fa5dfc85,bridgeport-connecticut-afe7c678fa5dfc85-table-105-00,105,0,lines,45.0,113.28997802734375,571.9859619140625,267.5875752766927,10,3,25,30,0.833,False,0.65,single_column,False,False,True,,retained_low_confidence_review,"[null, ""ZONES"", null]",False,"[199.74600219726562, 113.28997802734375, 501.4259948730469, 126.94999186197917]","[[null, ""ZONES"", null], [null, ""N4"", null], [""Minor Utilities"", ""4"", ""4.60.7""], [""Major Utilities"", ""\u2013"", ""4.60.8""], [""ACCESSORY USES"", """", ""4.70""], [""Accessory Apartments"", ""4"", ""4.70.2""], [""Home Occupations"", ""4"", ""4.70.3""], [""Sidewalk Cafes"", ""\u2013"", ""4.70.4""], [""Outdoor Display Areas"", ""\u2013"", ""4.70.5""], [""Outdoor Storage"", ""\u2013"", ""4.70.6""]]","3.120.9. ALLOWED USES. See Article 4.0 for use definitions, specific use limitations, and other use-related regulations.",bridgeport-connecticut-afe7c678fa5dfc85-repaired-node-000251,Subsection,,0.4,fallback_last_heading_on_earlier_page,needs_review,permitted_use_table_candidate,"[""accessory use""]",0.52,keyword_signal_match (n=1),review_status_not_retained_auto
bridgeport-connecticut-afe7c678fa5dfc85,bridgeport-connecticut-afe7c678fa5dfc85-table-107-00,107,0,lines,45.225,327.2299377441406,294.5833333333333,459.18929290771484,8,2,16,16,1.0,False,0.65,single_column,False,False,True,,retained_low_confidence_review,"[""LINK"", ""SUBSECTION""]",False,"[45.225, 327.2299377441406, 294.5833333333333, 340.8900146484375]","[[""LINK"", ""SUBSECTION""], [""3.130.4"", ""Building Siting""], [""3.130.5"", ""Parking & Accessory Structures""], [""3.130.6"", ""Height""], [""3.130.7"", ""Roofs""], [""3.130.8"", ""Primary & Non-Primary Facades""], [""3.130.9"", ""Allowed Uses Table""], [""3.130.10"", ""Supplemental Regulations""]]",3.130 Workshop Building Type,bridgeport-connecticut-afe7c678fa5dfc85-repaired-node-000254,Section,285.8505241394043,0.7,nearest_preceding_heading_same_page (dy=286pt),auto_associated,building_form_table_candidate,"[""building type"", ""facade""]",0.64,keyword_signal_match (n=2),table_type_candidate_empirically_confirmed_diagram_prone_in_stage_2_manual_inspection
bridgeport-connecticut-afe7c678fa5dfc85,bridgeport-connecticut-afe7c678fa5dfc85-table-108-00,108,0,lines_strict,69.04880015055339,103.282763671875,283.86827392578124,350.57497989430146,5,4,4,20,0.2,False,0.85,single_column,False,False,True,,retained_auto,"[""y t\nr\nu\ne"", null, null, null]",False,"[69.04880015055339, 103.282763671875, 283.86827392578124, 311.10150146484375]","[[""y t\nr\nu\ne"", null, null, null], [null, ""y t\nr\nu\ne"", null, null], [null, """", null, null], ["""", """", """", """"], [""Primary Street\nw"", ""Primary Street"", null, null]]",3.130 Workshop Building Type,bridgeport-connecticut-afe7c678fa5dfc85-repaired-node-000254,Section,,0.4,fallback_last_heading_on_earlier_page,needs_review,building_form_table_candidate,"[""building type""]",0.52,keyword_signal_match (n=1),table_type_candidate_empirically_confirmed_diagram_prone_in_stage_2_manual_inspection
bridgeport-connecticut-afe7c678fa5dfc85,bridgeport-connecticut-afe7c678fa5dfc85-table-108-01,108,1,lines_strict,328.3392639160156,103.282763671875,450.2529703776042,382.19643147786456,9,7,8,63,0.127,False,0.85,single_column,False,False,True,,retained_auto,"[null, null, ""y\nu\ne"", null, null, null, null]",False,"[337.25099182128906, 103.282763671875, 450.2529703776042, 234.4324951171875]","[[null, null, ""y\nu\ne"", null, null, null, null], [null, null, """", null, null, null, null], [null, null, null, """", null, null, null], [null, null, """", """", null, """", """"], [null, null, null, """", null, """", """"], [null, null, null, ""Primary Street"", null, null, """"], [null, null, """", ""w"", null, null, """"], [null, null, """", ""q"", null, null, """"], [""O"", ""N"", ""E"", ""S"", """", null, """"]]",3.130 Workshop Building Type,bridgeport-connecticut-afe7c678fa5dfc85-repaired-node-000254,Section,,0.4,fallback_last_heading_on_earlier_page,needs_review,building_form_table_candidate,"[""building type""]",0.52,keyword_signal_match (n=1),table_type_candidate_empirically_confirmed_diagram_prone_in_stage_2_manual_inspection
bridgeport-connecticut-afe7c678fa5dfc85,bridgeport-connecticut-afe7c678fa5dfc85-table-110-00,110,0,lines_strict,179.54440307617188,152.22222900390625,445.0957489013672,273.41596069335935,4,4,3,16,0.188,False,0.85,single_column,False,False,True,,retained_auto,"["""", null, ""e\nr"", null]",False,"[179.54440307617188, 152.22222900390625, 220.6773249308268, 193.73947143554688]","[["""", null, ""e\nr"", null], ["""", ""q"", """", null], [null, null, null, ""e\nupper story\nw\nground sto""], [null, null, null, """"]]",3.130.5. PARKING & ACCESSORY STRUCTURES. See Figure 3.50-C .,bridgeport-connecticut-afe7c678fa5dfc85-repaired-node-000256,Subsection,,0.4,fallback_last_heading_on_earlier_page,needs_review,parking_schedule_candidate,"[""parking""]",0.52,keyword_signal_match (n=1),table_type_candidate_empirically_confirmed_diagram_prone_in_stage_2_manual_inspection
bridgeport-connecticut-afe7c678fa5dfc85,bridgeport-connecticut-afe7c678fa5dfc85-table-113-00,113,0,lines,43.91999816894531,111.1300048828125,558.6199951171875,265.4678431919643,10,4,26,40,0.65,False,0.65,single_column,False,False,True,,retained_low_confidence_review,"[null, ""ZONES"", null, null]",False,"[208.6999969482422, 111.1300048828125, 483.739990234375, 124.78995361328126]","[[null, ""ZONES"", null, null], [null, ""CX"", ""I"", null], [""Minor Utilities"", ""4 4"", null, ""4.60.7""], [""Major Utilities"", ""\u2013 \u2013"", null, ""4.60.8""], [""ACCESSORY USES"", """", """", ""4.70""], [""Accessory Apartments"", ""\u2013 \u2013"", null, ""4.70.2""], [""Home Occupations"", ""\u2013 \u2013"", null, ""4.70.3""], [""Sidewalk Cafes"", ""\u2013 \u2013"", null, ""4.70.4""], [""Outdoor Display Areas"", ""4 4"", null, ""4.70.5""], [""Outdoor Storage"", ""0 SP 0 SP"", null, ""4.70.6""]]","3.130.9. ALLOWED USES. See Article 4.0 for use definitions, specific use limitations, and other use-related regulations.",bridgeport-connecticut-afe7c678fa5dfc85-repaired-node-000260,Subsection,,0.4,fallback_last_heading_on_earlier_page,needs_review,permitted_use_table_candidate,"[""accessory use""]",0.52,keyword_signal_match (n=1),review_status_not_retained_auto
bridgeport-connecticut-afe7c678fa5dfc85,bridgeport-connecticut-afe7c678fa5dfc85-table-116-00,116,0,lines_strict,258.8035312228733,126.3167724609375,447.5267605251736,323.38405354817706,4,4,3,16,0.188,False,0.85,single_column,False,False,True,,retained_auto,"[""y"", null, ""w"", null]",False,"[258.8035312228733, 126.3167724609375, 447.5267605251736, 277.4124450683594]","[[""y"", null, ""w"", null], [""Primary Street"", null, """", """"], [null, """", """", """"], [null, null, """", null]]",3.140 Civic Building Type,bridgeport-connecticut-afe7c678fa5dfc85-repaired-node-000263,Section,,0.4,fallback_last_heading_on_earlier_page,needs_review,building_form_table_candidate,"[""building type""]",0.52,keyword_signal_match (n=1),table_type_candidate_empirically_confirmed_diagram_prone_in_stage_2_manual_inspection
bridgeport-connecticut-afe7c678fa5dfc85,bridgeport-connecticut-afe7c678fa5dfc85-table-116-01,116,1,lines_strict,248.1018524169922,340.9075012207031,447.5267605251736,492.7681579589844,5,6,13,30,0.433,False,0.85,single_column,False,False,True,,retained_auto,"["""", """", """", """", ""q"", """"]",True,"[248.1018524169922, 316.2962646484375, 447.5267605251736, 340.9075012207031]","[[null, null, """", null, """", null], ["""", """", """", ""ZON"", ""ES"", """"], [""X\n,"", ""2,\nR\nX"", ""X\n4,"", ""MX1,"", "", P5 P3"", """"], [null, null, null, ""2, CX, P1, P4\nP2"", "", P5"", null], [""w"", null, ""d Not allo"", ""Not allo"", ""wed"", null]]",3.140 Civic Building Type,bridgeport-connecticut-afe7c678fa5dfc85-repaired-node-000263,Section,,0.4,fallback_last_heading_on_earlier_page,needs_review,building_form_table_candidate,"[""building type""]",0.52,keyword_signal_match (n=1),table_type_candidate_empirically_confirmed_diagram_prone_in_stage_2_manual_inspection
bridgeport-connecticut-afe7c678fa5dfc85,bridgeport-connecticut-afe7c678fa5dfc85-table-116-02,116,2,lines_strict,102.34677378336589,399.59716138652726,165.3363037109375,466.1808624267578,2,2,3,4,0.75,False,0.85,single_column,False,False,True,,retained_auto,"[""ING LOC"", null]",False,"[102.34677378336589, 399.59716138652726, 138.24869791666666, 437.898006439209]","[[""ING LOC"", null], [""rincipal B"", ""uilding""]]",3.140 Civic Building Type,bridgeport-connecticut-afe7c678fa5dfc85-repaired-node-000263,Section,,0.4,fallback_last_heading_on_earlier_page,needs_review,building_form_table_candidate,"[""building type""]",0.52,keyword_signal_match (n=1),table_type_candidate_empirically_confirmed_diagram_prone_in_stage_2_manual_inspection
bridgeport-connecticut-afe7c678fa5dfc85,bridgeport-connecticut-afe7c678fa5dfc85-table-118-00,118,0,lines_strict,209.33999633789062,96.46881103515625,563.0399780273438,352.8074035644531,10,11,10,110,0.091,False,0.85,single_column,False,False,True,,retained_auto,"[""ht"", """", """", """", """", """", """", """", """", """", """"]",True,"[209.33999633789062, 80.01959991455078, 563.0399780273438, 96.46881103515625]","[[""e\nw\ne\nr\nw\nq\nPrimary Street\nr"", null, null, null, ""e"", """", null, null, null, null, null], [null, null, ""r\nq"", null, """", ""w\nw"", null, null, """", null, null], [null, null, null, null, null, null, null, ""w"", """", null, null], [null, null, null, ""r"", """", null, """", """", """", """", null], [null, null, """", null, null, null, null, """", """", """", """"], [null, null, null, null, null, null, null, ""w"", null, null, null], [null, null, null, null, """", """", null, null, null, null, null], [null, null, ""r"", null, """", """", null, """", ""basement"", null, null], [null, null, null, null, null, null, null, """", """", null, null], ["""", ""ZONES"", null, null, null, null, null, null, null, null, null]]",3.140.5. PARKING & ACCESSORY STRUCTURES. See Figure 3.50-C .,bridgeport-connecticut-afe7c678fa5dfc85-repaired-node-000265,Subsection,,0.4,fallback_last_heading_on_earlier_page,needs_review,parking_schedule_candidate,"[""parking""]",0.52,keyword_signal_match (n=1),table_type_candidate_empirically_confirmed_diagram_prone_in_stage_2_manual_inspection
bridgeport-connecticut-afe7c678fa5dfc85,bridgeport-connecticut-afe7c678fa5dfc85-table-121-00,121,0,lines,45.0,109.69000244140625,571.1400282118055,300.13933621920074,10,9,32,90,0.356,False,0.65,single_column,False,False,True,,retained_low_confidence_review,"["""", ""ZONES"", null, null, null, null, null, null, ""Reference""]",False,"[45.0, 109.69000244140625, 571.1400282118055, 173.00992499457465]","[["""", ""ZONES"", null, null, null, null, null, null, ""Reference""], [null, ""DX1, MX1,\nMX2, RX1,\nCX, NX3,\nNX4"", ""DX2,\nRX2"", ""P1"", ""P2"", ""P3"", ""P4"", ""P5"", null], [""Minor Utilities"", ""4 4 4 4 4 4 4"", null, null, null, null, null, null, ""4.60.7""], [""Major Utilities"", ""\u2013 \u2013 \u2013 \u2013 \u2013 0 SP \u2013"", null, null, null, null, null, null, ""4.60.8""], [""ACCESSORY USES"", """", """", """", """", """", """", """", ""4.70""], [""Accessory Apartments"", ""\u2013 \u2013 \u2013 \u2013 \u2013 \u2013 \u2013"", null, null, null, null, null, null, ""4.70.2""], [""Home Occupations"", ""\u2013 \u2013 \u2013 \u2013 \u2013 \u2013 \u2013"", null, null, null, null, null, null, ""4.70.3""], [""Sidewalk Cafes"", ""0 SP 0 SP 0 SP 0 SP 0 SP \u2013 \u2013"", null, null, null, null, null, null, ""4.70.4""], [""Outdoor Display Areas"", ""\u2013 \u2013 \u2013 \u2013 \u2013 \u2013 \u2013"", null, null, null, null, null, null, ""4.70.5""], [""Outdoor Storage"", ""\u2013 \u2013 \u2013 0 SP \u2013 \u2013 \u2013"", null, null, null, null, null, null, ""4.70.6""]]","3.140.9. ALLOWED USES. See Article 4.0 for use definitions, specific use limitations, and other use-related regulations.",bridgeport-connecticut-afe7c678fa5dfc85-repaired-node-000269,Subsection,,0.4,fallback_last_heading_on_earlier_page,needs_review,permitted_use_table_candidate,"[""accessory use""]",0.52,keyword_signal_match (n=1),review_status_not_retained_auto
bridgeport-connecticut-afe7c678fa5dfc85,bridgeport-connecticut-afe7c678fa5dfc85-table-123-00,123,0,lines,45.07801151275635,270.2299499511719,294.3280487060547,385.28966267903644,7,2,8,14,0.571,False,0.65,multi_column_or_complex,True,False,True,,retained_complex_layout_review,"[""LINK"", ""SUBSECTION""]",False,"[45.07801151275635, 270.2299499511719, 294.3280487060547, 283.88999430338544]","[[""LINK"", ""SUBSECTION""], [""3.150.3"", null], [""3.150.4"", null], [""3.150.5"", null], [""3.150.6"", null], [""3.150.7"", null], [""3.150.8"", null]]",3.150 Patio Outdoor Site,bridgeport-connecticut-afe7c678fa5dfc85-repaired-node-000281,Section,228.85053634643555,0.5,nearest_preceding_heading_same_page (dy=229pt); capped_due_to_complex_layout_page,needs_review,other_or_unknown,[],0.2,no_keyword_signal_matched,review_status_not_retained_auto
bridgeport-connecticut-afe7c678fa5dfc85,bridgeport-connecticut-afe7c678fa5dfc85-table-125-00,125,0,lines,44.694000244140625,85.75,571.8060302734375,364.3169904436384,15,5,30,75,0.4,False,0.65,single_column,False,False,True,,retained_low_confidence_review,"[null, null, ""ZONES"", null, null]",False,"[196.5539978027344, 85.75, 464.96600341796875, 100.08001708984375]","[[null, null, ""ZONES"", null, null], [null, null, ""DX1, MX1"", ""MX2"", null], [""3.150.6. PARKING AND ACCESSORY STRUCTURES. See Figure 3.50-B"", null, null, null, """"], [null, ""Parking & Driveway Access"", ""1 allowed 1 per every 300 feet of street\nfrontage"", null, ""See 8.0 for parking.""], [null, ""Surface Parking Location"", ""Rear, limited side yard Rear, limited side yard, internal"", null, ""Yards are defined by outdoor\nplaza. See 14.20.9 for\nallowed limited side yard\nparking layout.""], [null, ""Accessory Structure Location"", ""\u2014 Rear yard"", null, """"], [""ALLOWED ACCESSORY STRUCTURES"", null, """", """", ""See 3.170 for accessory\nstructures and 4.70 for\naccessory uses.\nKEY:\n4 = Allowed\n0 SP = Requires a Special Permit""], [""Backyard Cottage"", null, ""\u2013 \u2013"", null, null], [""Outbuildings & Garages"", null, ""\u2013 \u2013"", null, null], [""Drive-Through Facilities"", null, ""\u2013 0 SP"", null, null], [""Fuel Pumps"", null, ""\u2013 0 SP"", null, null], [""Parking Structure"", null, ""\u2013 \u2013"", null, null], [""Temporary Storage Container"", null, ""\u2013 \u2013"", null, null], [""Building-Mounted Utilities"", null, ""0 SP 0 SP"", null, null], [""Ground-Mounted Utilities"", null, ""0 SP 0 SP"", null, null]]",3.150.5. OPTIONAL TEMPORARY BUILDING SITING REGULATIONS. See Figure 3.50-B,bridgeport-connecticut-afe7c678fa5dfc85-repaired-node-000284,Subsection,,0.4,fallback_last_heading_on_earlier_page,needs_review,permitted_use_table_candidate,"[""special permit"", ""accessory use"", ""p ="", ""sp =""]",0.88,keyword_signal_match (n=4),review_status_not_retained_auto
bridgeport-connecticut-afe7c678fa5dfc85,bridgeport-connecticut-afe7c678fa5dfc85-table-127-00,127,0,lines,45.0,109.69000244140625,570.239990234375,264.027840750558,10,4,26,40,0.65,False,0.65,single_column,False,False,True,,retained_low_confidence_review,"[null, ""ZONES"", null, null]",False,"[208.6199951171875, 109.69000244140625, 491.5799921209162, 123.349951171875]","[[null, ""ZONES"", null, null], [null, ""DX1, MX1"", ""MX2"", null], [""Minor Utilities"", ""4 4"", null, ""4.60.7""], [""Major Utilities"", ""\u2013 \u2013"", null, ""4.60.8""], [""ACCESSORY USES"", """", """", ""4.70""], [""Accessory Apartments"", ""\u2013 \u2013"", null, ""4.70.2""], [""Home Occupations"", ""\u2013 \u2013"", null, ""4.70.3""], [""Sidewalk Cafes"", ""4 4"", null, ""4.70.4""], [""Outdoor Display Areas"", ""4 4"", null, ""4.70.5""], [""Outdoor Storage"", ""\u2013 \u2013"", null, ""4.70.6""]]","3.150.7. ALLOWED USES. See Article 4.0 for use definitions, specific use limitations, and other use-related regulations.",bridgeport-connecticut-afe7c678fa5dfc85-repaired-node-000286,Subsection,,0.4,fallback_last_heading_on_earlier_page,needs_review,permitted_use_table_candidate,"[""accessory use""]",0.52,keyword_signal_match (n=1),review_status_not_retained_auto
bridgeport-connecticut-afe7c678fa5dfc85,bridgeport-connecticut-afe7c678fa5dfc85-table-129-00,129,0,lines,45.07801151275635,270.2299499511719,294.3280487060547,385.28966267903644,7,2,8,14,0.571,False,0.65,single_column,False,False,True,,retained_low_confidence_review,"[""LINK"", ""SUBSECTION""]",False,"[45.07801151275635, 270.2299499511719, 294.3280487060547, 283.88999430338544]","[[""LINK"", ""SUBSECTION""], [""3.160.3"", null], [""3.160.4"", null], [""3.160.5"", null], [""3.160.6"", null], [""3.160.7"", null], [""3.160.8"", null]]",3.160 Open Outdoor Site,bridgeport-connecticut-afe7c678fa5dfc85-repaired-node-000288,Section,228.85053634643555,0.7,nearest_preceding_heading_same_page (dy=229pt),auto_associated,other_or_unknown,[],0.2,no_keyword_signal_matched,review_status_not_retained_auto
bridgeport-connecticut-afe7c678fa5dfc85,bridgeport-connecticut-afe7c678fa5dfc85-table-131-00,131,0,lines,45.0,85.75,575.572021484375,393.37022399902344,15,6,31,90,0.344,False,0.65,single_column,False,False,True,,retained_low_confidence_review,"[null, null, ""ZONES"", null, null, null]",False,"[189.0, 85.75, 451.739990234375, 100.08001708984375]","[[null, null, ""ZONES"", null, null, null], [null, null, ""CX"", ""I"", ""P1, P2"", null], [""3.160.6. PARKING AND ACCESSORY STRUCTURES. See Figure 3.50-B"", null, null, null, """", """"], [null, ""Parking & Driveway Access"", ""1 per street frontage 1 allowed per every 1 allowed per every\nallowed; one 200 l.f. of street 200 l.f. of street\nadditional allowed frontage frontage\nper every 200 l.f. of\nstreet frontage"", null, null, ""See 8.0 for parking.""], [null, ""Surface Parking Location"", ""Rear half of the lot Any location Any location"", null, null, ""Yards are defined by outdoor\nplaza. See 3.160.2.""], [null, ""Accessory Structure Location"", ""40 ft. min. setback from any street; 5 ft. min. Rear half of lot\nsetback from side or rear lot lines"", null, null, null], [""ALLOWED ACCESSORY STRUCTURES"", null, null, """", """", ""See 3.170 for accessory structures\nand 4.70 for accessory uses.\nKEY:\n4 = Allowed\n0 SP = Requires a Special Permit""], [""Backyard Cottage"", null, ""\u2013 \u2013 \u2013"", null, null, null], [""Outbuildings & Garages"", null, ""4 4 4"", null, null, null], [""Drive-Through Facilities"", null, ""4 \u2013 \u2013"", null, null, null], [""Fuel Pumps"", null, ""4 4 \u2013"", null, null, null], [""Parking Structure"", null, ""\u2013 \u2013 \u2013"", null, null, null], [""Temporary Storage Container"", null, ""\u2013 \u2013 \u2013"", null, null, null], [""Building-Mounted Utilities"", null, ""0 SP 0 SP 0 SP"", null, null, null], [""Ground-Mounted Utilities"", null, ""0 SP 0 SP 0 SP"", null, null, null]]",3.160.5. OPTIONAL TEMPORARY BUILDING SITING REGULATIONS. See Figure 3.50-B,bridgeport-connecticut-afe7c678fa5dfc85-repaired-node-000291,Subsection,,0.4,fallback_last_heading_on_earlier_page,needs_review,permitted_use_table_candidate,"[""special permit"", ""accessory use"", ""p ="", ""sp =""]",0.88,keyword_signal_match (n=4),review_status_not_retained_auto
bridgeport-connecticut-afe7c678fa5dfc85,bridgeport-connecticut-afe7c678fa5dfc85-table-133-00,133,0,lines,44.827999114990234,104.6500244140625,571.3880004882812,261.0714569091797,10,5,27,50,0.54,False,0.65,single_column,False,False,True,,retained_low_confidence_review,"[null, ""ZONES"", null, null, null]",False,"[197.46800231933594, 104.6500244140625, 500.04799582741475, 118.30994524274554]","[[null, ""ZONES"", null, null, null], [null, ""CX"", ""I"", ""P1, P2"", null], [""Minor Utilities"", ""4 4 4"", null, null, ""4.60.7""], [""Major Utilities"", ""\u2013 \u2013 \u2013"", null, null, ""4.60.8""], [""ACCESSORY USES"", """", """", """", ""4.70""], [""Accessory Apartments"", ""\u2013 \u2013 \u2013"", null, null, ""4.70.2""], [""Home Occupations"", ""\u2013 \u2013 \u2013"", null, null, ""4.70.3""], [""Sidewalk Cafes"", ""\u2013 \u2013 0 SP"", null, null, ""4.70.4""], [""Outdoor Display Areas"", ""\u2013 \u2013 \u2013"", null, null, ""4.70.5""], [""Outdoor Storage"", ""0 SP 0 SP 0 SP"", null, null, ""4.70.6""]]","3.160.7. ALLOWED USES. See Article 4.0 for use definitions, specific use limitations, and other use-related regulations.",bridgeport-connecticut-afe7c678fa5dfc85-repaired-node-000293,Subsection,,0.4,fallback_last_heading_on_earlier_page,needs_review,permitted_use_table_candidate,"[""accessory use""]",0.52,keyword_signal_match (n=1),review_status_not_retained_auto
bridgeport-connecticut-afe7c678fa5dfc85,bridgeport-connecticut-afe7c678fa5dfc85-table-172-00,172,0,lines_strict,40.528333028157554,457.9825134277344,566.2664794921875,663.52001953125,7,17,89,119,0.748,False,0.85,multi_column_or_complex,True,False,True,,retained_complex_layout_review,"[""MIX OF ALLOWED ZONES TO BE DESIGNATED ON MPD\nCurrent\nMPD Type Designation on DX1 DX2 MX1 MX2 MXN RX1 RX2 NX1 NX2 NX3 NX4\nto be Applied Zoning Map N1 N2 P1 P2"", null, null, null, null, null, null, null, null, null, null, null, null, null, null, null, ""ADDITIONAL\nREGULATIONS/\nREFERENCE""]",False,"[40.528333028157554, 457.9825134277344, 566.2664794921875, 511.8500061035156]","[[""MIX OF ALLOWED ZONES TO BE DESIGNATED ON MPD\nCurrent\nMPD Type Designation on DX1 DX2 MX1 MX2 MXN RX1 RX2 NX1 NX2 NX3 NX4\nto be Applied Zoning Map N1 N2 P1 P2"", null, null, null, null, null, null, null, null, null, null, null, null, null, null, null, ""ADDITIONAL\nREGULATIONS/\nREFERENCE""], [null, null, ""DX2"", ""MX1 MX2 MXN RX1 RX2 N1 N2 NX1 NX2 NX3 NX4 P1 P2"", null, null, null, null, null, null, null, null, null, null, null, null, null], [""Mixed-Use MPD"", ""MX1, MX2 \u2013"", ""\u2013"", ""R"", ""L"", ""L"", ""A"", ""A"", ""\u2013"", ""\u2013"", ""\u2013"", ""L"", ""A"", ""L"", ""R"", ""L"", ""5.50.3""], [""Downtown MPD"", ""DX1, DX2 L"", ""R"", ""\u2013"", ""\u2013"", ""\u2013"", ""\u2013"", ""A"", ""\u2013"", ""\u2013"", ""\u2013"", ""\u2013"", ""\u2013"", ""A"", ""R"", ""L"", ""5.50.4""], [""Residential-Office\nMPD"", ""RX2 \u2013"", ""\u2013"", ""L"", ""\u2013"", ""L"", ""A"", ""R"", ""\u2013"", ""\u2013"", ""\u2013"", ""\u2013"", ""A"", ""A"", ""R"", ""L"", ""5.50.5""], [""Mixed Residential\nMPD"", ""RX1, NX3, NX4 \u2013"", ""\u2013"", ""L"", ""\u2013"", ""L"", ""R/A"", ""L"", ""\u2013"", ""\u2013"", ""\u2013"", ""L"", ""R/A"", ""A"", ""R"", ""L"", ""5.50.6""], [""Neighborhood MPD"", ""NX1, NX2, N1,\n\u2013\nN2"", ""\u2013"", ""\u2013"", ""\u2013"", ""L"", ""L"", ""\u2013"", ""R/A"", ""R/A"", ""R/A"", ""R/A"", ""R/A"", ""\u2013"", ""R"", ""L"", ""5.50.7""]]",B. Upland Connection. See 7.90.6 for upland connection,bridgeport-connecticut-afe7c678fa5dfc85-repaired-node-000712,Paragraph,238.2530975341797,0.5,nearest_preceding_heading_same_page (dy=238pt); capped_due_to_complex_layout_page,needs_review,other_or_unknown,[],0.2,no_keyword_signal_matched,review_status_not_retained_auto
bridgeport-connecticut-afe7c678fa5dfc85,bridgeport-connecticut-afe7c678fa5dfc85-table-177-01,177,1,lines,253.8040802001953,319.8489990234375,528.9089965820312,474.5979919433594,4,5,3,20,0.15,False,0.65,multi_column_or_complex,True,False,True,,retained_complex_layout_review,"[""*\n*"", ""*\n*\n*"", null, null, null]",False,"[253.8040802001953, 319.8489990234375, 491.24100494384766, 474.5979919433594]","[[""*\n*"", ""*\n*\n*"", null, null, null], [null, null, ""*"", null, """"], [null, null, null, """", """"], [null, null, null, """", null]]",(2) P2 Zone. P2 zones are limited to no more than,bridgeport-connecticut-afe7c678fa5dfc85-repaired-node-000755,Paragraph,,0.4,fallback_last_heading_on_earlier_page,needs_review,other_or_unknown,[],0.2,no_keyword_signal_matched,review_status_not_retained_auto
bridgeport-connecticut-afe7c678fa5dfc85,bridgeport-connecticut-afe7c678fa5dfc85-table-216-00,216,0,lines,0.09328333536783855,448.2720031738281,218.16818237304688,696.0070190429688,10,5,4,50,0.08,False,0.65,single_column,False,False,True,,retained_low_confidence_review,"[""A min\nall co\nfrom t\nck"", null, null, null, null]",False,"[0.09328333536783855, 448.2720031738281, 64.14576848347981, 543.9154575892857]","[[""A min\nall co\nfrom t\nck"", null, null, null, null], ["""", null, null, null, null], ["""", null, null, null, null], [null, null, null, null, ""Min. 10-ft. Min. 10-ft.\nAccess Riparian\nPath Edge""], ["""", null, """", ""Build-to Zone or Required Setba"", ""Primary Frontage of Building""], ["""", null, """", null, null], ["""", null, """", null, null], ["""", null, null, null, null], [null, """", """", null, """"], [null, """", """", null, null]]",D. Path Material. The path must be constructed of a,bridgeport-connecticut-afe7c678fa5dfc85-repaired-node-001072,Paragraph,62.517578125,0.9,nearest_preceding_heading_same_page (dy=63pt),auto_associated,building_form_table_candidate,"[""frontage"", ""build-to""]",0.64,keyword_signal_match (n=2),table_type_candidate_empirically_confirmed_diagram_prone_in_stage_2_manual_inspection
bridgeport-connecticut-afe7c678fa5dfc85,bridgeport-connecticut-afe7c678fa5dfc85-table-218-00,218,0,lines_strict,264.2029113769531,220.68292236328125,571.390869140625,792.0,14,8,7,112,0.062,False,0.85,single_column,False,False,True,,retained_auto,"[""of 3\nutdoor\nis\nof 25\ne.\nuired\ne\nith\nment\nr\ne the\ntalled\nArea\nre not\nVehicular\nnce.\nmum\nore"", null, null, null, null, null, """", null]",False,"[264.2029113769531, 220.68292236328125, 571.390869140625, 497.09271240234375]","[[""of 3\nutdoor\nis\nof 25\ne.\nuired\ne\nith\nment\nr\ne the\ntalled\nArea\nre not\nVehicular\nnce.\nmum\nore"", null, null, null, null, null, """", null], [null, ""ed\nnt\ne\nled\nArea\nnot\nVehicular\ne.\nm\ne"", null, null, """", """", null, null], [null, null, null, null, null, """", null, null], [null, null, null, null, null, """", null, null], [null, null, null, null, null, """", null, null], [null, null, null, null, null, """", null, null], [null, null, null, null, null, """", null, null], [null, null, null, null, null, """", null, null], [null, null, null, null, null, """", null, null], [null, null, null, null, null, """", null, null], [""ed no\nLine\nProperty Sidewalk\nt\nBuilding Curb\nw\n7\u2019 Buffer\nFront Buffer Plan\ne\noning Shade\nTree\nStreet\nTree\nFence\nHedge\nFront Buffer Section\nFigure 7-B. Frontage Buffer Plan & Section\nZoning Cod"", ""no"", null, null, """", """", null, null], [null, null, """", """", ""Line"", null, null, null], [null, null, null, null, null, ""walk"", null, null], [null, null, null, null, null, null, null, ""e""]]","(2) Fence Materials. The fence must be black, gray, or",bridgeport-connecticut-afe7c678fa5dfc85-repaired-node-001094,Paragraph,80.92854309082031,0.9,nearest_preceding_heading_same_page (dy=81pt),auto_associated,building_form_table_candidate,"[""frontage""]",0.52,keyword_signal_match (n=1),table_type_candidate_empirically_confirmed_diagram_prone_in_stage_2_manual_inspection
bridgeport-connecticut-afe7c678fa5dfc85,bridgeport-connecticut-afe7c678fa5dfc85-table-228-01,228,1,lines_strict,40.494764963785805,588.2075805664062,291.71144612630206,708.707275390625,5,2,10,10,1.0,False,0.85,multi_column_or_complex,True,False,True,,retained_complex_layout_review,"[""Office"", ""4 per 1,000 sq. ft.""]",False,"[40.494764963785805, 588.2075805664062, 291.71144612630206, 605.1074829101562]","[[""Office"", ""4 per 1,000 sq. ft.""], [""Retail & Entertainment\nRetail Sales\nEating and Drinking\nGeneral Entertainment"", ""4.5 per 1,000 sq. ft.\n8 per 1,000 sq. ft.\n1 per 4 seats or 10 per 1,000 sq. ft.""], [""Live Entertainment Venue"", ""1 per 4 seats or 10 per 1,000 sq. ft.""], [""Consumer Service, Indoor"", ""3.5 per 1,000 sq. ft.""], [""Controlled Sales & Service"", ""4 per 1,000 sq. ft.""]]",(2) Ribbon Driveways. Ribbon (wheel strip) driveways,bridgeport-connecticut-afe7c678fa5dfc85-repaired-node-001192,Paragraph,97.45315551757812,0.5,nearest_preceding_heading_same_page (dy=97pt); capped_due_to_complex_layout_page,needs_review,other_or_unknown,[],0.2,no_keyword_signal_matched,review_status_not_retained_auto
bridgeport-connecticut-afe7c678fa5dfc85,bridgeport-connecticut-afe7c678fa5dfc85-table-229-01,229,1,lines_strict,45.14250183105469,463.79998779296875,296.6575698852539,497.59991455078125,2,2,4,4,1.0,False,0.85,multi_column_or_complex,True,False,True,,retained_complex_layout_review,"[""0\u201312 Dwelling Units"", ""None""]",False,"[45.14250183105469, 463.79998779296875, 296.6575698852539, 480.70001220703125]","[[""0\u201312 Dwelling Units"", ""None""], [""13+ Dwelling Units"", ""1 per 2 dwelling units [1]""]]",B. Employees. For the purpose of computing bicycle,bridgeport-connecticut-afe7c678fa5dfc85-repaired-node-001200,Paragraph,57.045562744140625,0.5,nearest_preceding_heading_same_page (dy=57pt); capped_due_to_complex_layout_page,needs_review,parking_schedule_candidate,"[""bicycle""]",0.52,keyword_signal_match (n=1),table_type_candidate_empirically_confirmed_diagram_prone_in_stage_2_manual_inspection
bridgeport-connecticut-afe7c678fa5dfc85,bridgeport-connecticut-afe7c678fa5dfc85-table-229-02,229,2,lines_strict,45.14250183105469,514.499755859375,296.6575698852539,637.1995849609375,3,2,6,6,1.0,False,0.85,multi_column_or_complex,True,False,True,,retained_complex_layout_review,"[""NONRESIDENTIAL USES"", """"]",True,"[45.14250183105469, 502.46099853515625, 296.6575698852539, 514.499755859375]","[[""Low-Occupancy Use [2]\n(based on employees)"", ""0-5: None\n6\u201320: 2 spaces\nOver 20: 1 per 10 employees""], [""Non-accessory Parking\n(based on motor vehicle\nparking spaces)"", ""0-5: None\n6\u201320: 2 spaces\nOver 20: 1 per 10 spaces""], [""Other Nonresidential Uses\n(based on sq. ft. of gross\nfloor area)"", ""0-6.000: None\n6,001\u201320,000: 2 spaces\nOver 20,000: 1 per 10,000 [1]""]]",A. General. All required bicycle parking spaces are,bridgeport-connecticut-afe7c678fa5dfc85-repaired-node-001201,Paragraph,38.745330810546875,0.5,nearest_preceding_heading_same_page (dy=39pt); capped_due_to_complex_layout_page,needs_review,parking_schedule_candidate,"[""parking"", ""bicycle"", ""vehicle""]",0.76,keyword_signal_match (n=3),table_type_candidate_empirically_confirmed_diagram_prone_in_stage_2_manual_inspection
bridgeport-connecticut-afe7c678fa5dfc85,bridgeport-connecticut-afe7c678fa5dfc85-table-231-00,231,0,lines_strict,45.41452503204346,95.45001220703125,296.47533416748047,237.34930419921875,9,2,18,18,1.0,False,0.85,two_column,False,False,True,,retained_auto,"[""USE"", ""MINIMUM SPACES (PER LANE)""]",False,"[45.41452503204346, 95.45001220703125, 296.47533416748047, 109.8997802734375]","[[""USE"", ""MINIMUM SPACES (PER LANE)""], [""Automated Teller Machine"", ""2 (from ATM)""], [""Bank"", ""3 (from service area)""], [""Car Wash"", ""3 (from vehicle entrance)""], [""Coffee Shop"", ""8 (from order board)""], [""Drug Store"", ""2 (from pick-up window)""], [""Restaurant"", ""4 (from order board)""], [""Kiosks"", ""2 (from service window)""], [""Other"", ""As approved by zoning official""]]",(4) Unless clearly visible from the main building,bridgeport-connecticut-afe7c678fa5dfc85-repaired-node-001211,Paragraph,,0.4,fallback_last_heading_on_earlier_page,needs_review,building_form_table_candidate,"[""entrance""]",0.52,keyword_signal_match (n=1),table_type_candidate_empirically_confirmed_diagram_prone_in_stage_2_manual_inspection
bridgeport-connecticut-afe7c678fa5dfc85,bridgeport-connecticut-afe7c678fa5dfc85-table-241-01,241,1,lines_strict,319.95001220703125,434.65960693359375,571.5,480.9894104003906,3,4,10,12,0.833,False,0.85,two_column,False,False,True,,retained_auto,"[""Household Living"", """", """", """"]",True,"[319.95001220703125, 423.2381286621094, 571.5, 434.65960693359375]","[[""1 \u2013 2 units"", ""Only those signs allowed in all zones (see 9.30)"", null, null], [""3 \u2013 15 units"", ""1 per street frontage"", ""8"", ""8""], [""16 + units"", ""1 per street frontage"", ""32"", ""8""]]",B. Electronic message displays are expressly prohibited in,bridgeport-connecticut-afe7c678fa5dfc85-repaired-node-001323,Paragraph,181.93019104003906,0.7,nearest_preceding_heading_in_same_column (dy=182pt),auto_associated,building_form_table_candidate,"[""frontage""]",0.52,keyword_signal_match (n=1),table_type_candidate_empirically_confirmed_diagram_prone_in_stage_2_manual_inspection
bridgeport-connecticut-afe7c678fa5dfc85,bridgeport-connecticut-afe7c678fa5dfc85-table-241-03,241,3,lines_strict,319.95001220703125,544.2191772460938,571.5,610.4390869140625,2,4,7,8,0.875,False,0.85,two_column,False,False,True,,retained_auto,"[""Allowed Uses"", ""Option A: 1 per building\nand 1 per street\nfrontage"", ""24 each"", ""8""]",False,"[319.95001220703125, 544.2191772460938, 571.5, 610.4390869140625]","[[""Allowed Uses"", ""Option A: 1 per building\nand 1 per street\nfrontage"", ""24 each"", ""8""], [null, ""Option B: 1 single sign\nin lieu of multiple signs"", ""64"", ""8""]]",B. Electronic message displays are expressly prohibited in,bridgeport-connecticut-afe7c678fa5dfc85-repaired-node-001323,Paragraph,291.48976135253906,0.7,nearest_preceding_heading_in_same_column (dy=291pt),auto_associated,building_form_table_candidate,"[""frontage""]",0.52,keyword_signal_match (n=1),table_type_candidate_empirically_confirmed_diagram_prone_in_stage_2_manual_inspection
bridgeport-connecticut-afe7c678fa5dfc85,bridgeport-connecticut-afe7c678fa5dfc85-table-248-00,248,0,lines_strict,27.518203735351562,497.8037816097862,248.02301534016928,647.535888671875,9,6,7,54,0.13,False,0.85,multi_column_or_complex,True,False,True,,retained_complex_layout_review,"["""", ""frontage\nfrontage\ntenant\nparking\narea frontage\ntenant\nfrontage\ntenant"", ""line\nfrontage frontage frontage\nproperty\ntenant tenant\nfrontage\ntenant\nfrontage\ntenant"", ""frontage\ntenant"", ""frontage frontage\ntenant"", """"]",False,"[27.518203735351562, 497.8037816097862, 248.02301534016928, 632.2304077148438]","[["""", ""frontage\nfrontage\ntenant\nparking\narea frontage\ntenant\nfrontage\ntenant"", ""line\nfrontage frontage frontage\nproperty\ntenant tenant\nfrontage\ntenant\nfrontage\ntenant"", ""frontage\ntenant"", ""frontage frontage\ntenant"", """"], [null, null, null, null, null, """"], [null, null, null, null, null, """"], [null, null, null, ""frontage\ntenant"", null, null], [null, null, null, null, null, """"], [null, null, null, null, null, """"], [null, null, null, ""frontage\ntenant"", null, null], [null, null, null, null, null, """"], ["""", """", ""property line"", null, null, null]]",A. Nits. For the purpose of verifying compliance with,bridgeport-connecticut-afe7c678fa5dfc85-repaired-node-001395,Paragraph,96.26926622892682,0.5,nearest_preceding_heading_same_page (dy=96pt); capped_due_to_complex_layout_page,needs_review,building_form_table_candidate,"[""frontage""]",0.52,keyword_signal_match (n=1),table_type_candidate_empirically_confirmed_diagram_prone_in_stage_2_manual_inspection
bridgeport-connecticut-afe7c678fa5dfc85,bridgeport-connecticut-afe7c678fa5dfc85-table-248-01,248,1,lines_strict,52.32429885864258,497.8037816097862,134.3072509765625,616.5786437988281,3,2,4,6,0.667,False,0.85,multi_column_or_complex,True,False,True,,retained_complex_layout_review,"[""frontage\nfrontage\ntenant"", null]",False,"[52.32429885864258, 497.8037816097862, 97.05345589773995, 548.0481872558594]","[[""frontage\nfrontage\ntenant"", null], [""frontage\ntenant"", ""frontage""], [""frontage\ntenant"", null]]",A. Nits. For the purpose of verifying compliance with,bridgeport-connecticut-afe7c678fa5dfc85-repaired-node-001395,Paragraph,96.26926622892682,0.5,nearest_preceding_heading_same_page (dy=96pt); capped_due_to_complex_layout_page,needs_review,building_form_table_candidate,"[""frontage""]",0.52,keyword_signal_match (n=1),table_type_candidate_empirically_confirmed_diagram_prone_in_stage_2_manual_inspection
bridgeport-connecticut-afe7c678fa5dfc85,bridgeport-connecticut-afe7c678fa5dfc85-table-258-00,258,0,lines,40.733333333333334,360.5349609375,292.4033203125,576.9940185546875,13,4,28,52,0.538,False,0.65,multi_column_or_complex,True,False,True,,retained_complex_layout_review,"[""PROCEDURE"", ""ZO"", ""PZC"", ""ZBA""]",False,"[40.733333333333334, 360.5349609375, 292.4033203125, 374.19491238064234]","[[""PROCEDURE"", ""ZO"", ""PZC"", ""ZBA""], [""Preapplication Review"", ""0"", null, null], [""Zoning Code Text Amendments"", ""0 4"", null, null], [""Zoning Map Amendments"", ""0 4"", null, null], [""Special Permits"", ""0 4"", null, null], [""Development Plans"", ""0 4"", null, null], [""Site Plans"", ""4 4"", null, null], [""Coastal Site Plans"", ""0 4 4"", null, null], [""Variances"", ""0 4"", null, null], [""Subdivisions"", ""0 4"", null, null], [""Certificates of Zoning Compliance"", ""4"", null, null], [""Certificates of Location Approval"", ""4 4"", null, null], [""Appeals of Administrative Decisions"", ""4"", null, null]]","(2) Maps, plats, surveys, dimensioned site plans,",bridgeport-connecticut-afe7c678fa5dfc85-repaired-node-001505,Paragraph,23.000445556640614,0.5,nearest_preceding_heading_same_page (dy=23pt); capped_due_to_complex_layout_page,needs_review,approval_process_table_candidate,"[""approval"", ""administrative""]",0.64,keyword_signal_match (n=2),review_status_not_retained_auto
