document_id,page_number,page_width,page_height,native_word_count,native_span_count,native_text_character_count,native_text_preview,extraction_engine,extraction_method,review_status
greenwich-connecticut-18417c5e9074d765,1,612.0,792.0,17,5,112,"TOWN OF GREENWICH BUILDING ZONE REGULATIONS August 2023 Adopted February 1, 1926 Revisions through July 14, 2023",pymupdf_native,native_text_stream,not_yet_scored
greenwich-connecticut-18417c5e9074d765,2,612.0,792.0,117,42,879,"BUILDING ZONE REGULATIONS OF THE TOWN OF GREENWICH CONNECTICUT PLANNING AND ZONING COMMISSION Margarita T. Alban, Chairperson Nicholas Macri, Secretary Peter Lowe Dennis Yeskey Peter Levy ALTERNATE MEMBERS Bob Barolak Arn Welles Mary Jenkins Fred Camillo, First Selectman Ex-Officio Member Amy Siebert, Commissioner of Public Works Ex-Officio Member Patrick LaRow, AICP Director, Planning and Zoning/Zoning Enforcement Coordinator/Town Planner Tracy Kulikowski, AICP Deputy Director/Assistant Town Pl",pymupdf_native,native_text_stream,not_yet_scored
greenwich-connecticut-18417c5e9074d765,3,612.0,792.0,3,1,17,TABLE OF CONTENTS,pymupdf_native,native_text_stream,not_yet_scored
greenwich-connecticut-18417c5e9074d765,4,612.0,792.0,279,83,4466,GREENWICH MUNICIPAL CODE CHAPTER 6. LAND USE. ARTICLE 1. BUILDING ZONE REGULATIONS Section Page Division 1. General Provisions. §6-1. Purposes of Article. .................................................................................................1-1 §6-2. Classes of Zones. ....................................................................................................1-2 §6-3. Adoption of Zoning Map. ......................................................................................,pymupdf_native,native_text_stream,not_yet_scored
greenwich-connecticut-18417c5e9074d765,5,612.0,792.0,320,91,5431,BUILDING ZONE REGULATIONS Section Page Division 4. Residential - Planned Housing Design - Elderly Zone. §6-35. Residential - Planned Housing Design - Elderly Zone (R-PHD-E); purpose. .......... 4-1 §6-36. Location of Zone. ..................................................................................................... 4-1 §6-37. Size of Zone. ........................................................................................................... 4-1 §6-38. Use regulations. ..............,pymupdf_native,native_text_stream,not_yet_scored
greenwich-connecticut-18417c5e9074d765,6,612.0,792.0,320,79,4505,BUILDING ZONE REGULATIONS Section Page Division 7. Residential - Planned Housing Design - Town House Zone. §6-74.1 Residential - Planned Housing Design - Town House Zone (R-PHD-TH); purposes. ................................................................................................................. 7-1 §6-75 Location of Zone. ..................................................................................................... 7-1 §6-76. Number of families; lot area; terrace area. .........,pymupdf_native,native_text_stream,not_yet_scored
greenwich-connecticut-18417c5e9074d765,7,612.0,792.0,322,89,4677,BUILDING ZONE REGULATIONS Section Page §6-104.1 Use regulations and special requirements for CGB Zone. .................................... 9-26 §6-105. Use regulations and special requirements for GB Zone. ....................................... 9-27 §6-106. Use regulations and special requirements for GBO Zone. .................................... 9-28 §6-107. Use regulations and special requirements for WB Zone. ...................................... 9-28 §6-108. Use regulations for BEX-50 Zo,pymupdf_native,native_text_stream,not_yet_scored
greenwich-connecticut-18417c5e9074d765,8,612.0,792.0,265,74,4100,BUILDING ZONE REGULATIONS Section Page Division 11. Non-Conforming Uses. §6-141 Non-conforming uses; restrictions. ........................................................................ 11-1 §6-142 Non-conforming building. ....................................................................................... 11-3 §6-143 Non-conforming yards. .......................................................................................... 11-3 Division 12. Accessory Buildings. §6-144. Accessory build,pymupdf_native,native_text_stream,not_yet_scored
greenwich-connecticut-18417c5e9074d765,9,612.0,792.0,276,82,4766,"BUILDING ZONE REGULATIONS Section Page §6-171. Sign repairs; alterations. ........................................................................................ 16-9 §6-172. Removal of Signs. ................................................................................................. 16-9 §6-173. Replacements, alteration or relocation. ................................................................. 16-9 §6-174. Prohibited signs. ..........................................................",pymupdf_native,native_text_stream,not_yet_scored
greenwich-connecticut-18417c5e9074d765,10,612.0,792.0,300,74,3746,BUILDING ZONE REGULATIONS Section Page §6-196. Reserved. ...................................................................................................................... §6-197. Reserved. ...................................................................................................................... §6-198. Reserved. ...................................................................................................................... §6-199. Reserved. ................................,pymupdf_native,native_text_stream,not_yet_scored
greenwich-connecticut-18417c5e9074d765,11,612.0,792.0,8,2,60,BUILDING ZONE REGULATIONS THIS PAGE LEFT INTENTIONALLY BLANK,pymupdf_native,native_text_stream,not_yet_scored
greenwich-connecticut-18417c5e9074d765,12,612.0,792.0,275,46,1846,"§6-1 GREENWICH MUNICIPAL CODE §6-1 CHAPTER 6. LAND USE. ARTICLE 1. BUILDING ZONE REGULATIONS. DIVISION 1. GENERAL PROVISIONS1 Sec. 6-1. PURPOSES OF ARTICLE. (a) This Article and the Zoning Regulations contained in this Chapter shall be for the following purposes: (1) Promoting the health, safety, morals and general welfare of the community; (2) Lessening congestion in the streets; (3) Securing safety from fire, flood, panic and other dangers; (4) Providing adequate light and air; (5) Preventing ",pymupdf_native,native_text_stream,not_yet_scored
greenwich-connecticut-18417c5e9074d765,13,612.0,792.0,230,76,1664,"§6-2 LAND USE §6-3 Sec. 6-2. CLASSES OF ZONES. Thirty-three (33) classes of zones are established: CLASSES OF ZONES RA-4. 4 Acre Residence RA-2. 2 Acre Residence RA-1. 1 Acre Residence R-20. Single Family Residence 20,000 square feet R-12. Single Family Residence 12,000 square feet R-7. Single Family Residence 7,500 square feet R-6. Single and Two-family Residence 7,500 square feet; Multi-family R-MF. Multi-Family R-C. Residential Conservation R-CC. Residential Conservation Cluster R-PHD-E. Resi",pymupdf_native,native_text_stream,not_yet_scored
greenwich-connecticut-18417c5e9074d765,14,612.0,792.0,129,16,779,"§6-4 GREENWICH MUNICIPAL CODE §6-4 Sec. 6-4. ZONE BOUNDARIES. (a) The boundaries between zones are as shown and established in accordance with the provisions of Section 6-3. All land under water which shall include but not be limited to stream beds, lake bottoms and tidal areas, is deemed to be in the most restrictive adjacent zone. In cases of uncertainty, the Zoning Commission shall determine the location of the boundary. (b) In the event that any lot is not otherwise designated to be in a zon",pymupdf_native,native_text_stream,not_yet_scored
greenwich-connecticut-18417c5e9074d765,15,612.0,792.0,8,3,47,LAND USE THIS PAGE LEFT INTENTIONALLY BLANK 1-4,pymupdf_native,native_text_stream,not_yet_scored
greenwich-connecticut-18417c5e9074d765,16,612.0,792.0,562,67,3474,"§6-5 GREENWICH MUNICIPAL CODE §6-5 DIVISION 2. ADMINISTRATIVE PROVISIONS.2 Sec. 6-5. DEFINITIONS. (a) As used in this Article: (1) Addition shall mean any alteration in a building which increases its size, height, or roof area. (2) Alteration shall mean any change in the use or location of walls, supports, shape, columns, beams or girders in a structure. (2.1) Animal day care establishments are not permitted in any residential zone nor the retail zones of the CGBR and LBR zones, but are allowed ",pymupdf_native,native_text_stream,not_yet_scored
greenwich-connecticut-18417c5e9074d765,17,612.0,792.0,626,66,3747,"§6-5 LAND USE §6-5 portion of the building, including but not limited to any projecting overhang of the roof excluding the first two feet. (5/10/2000, 3/2/2012) (A) That portion of the area of a building or structure whose roof is treated as ground surface (planted or paved) and is entirely below the elevation of the adjacent grade by at least 3 feet of friable fill, as it was prior to any construction or re- grading shall not be included in lot coverage or Green Area Requirement. (3/2/2012) (B)",pymupdf_native,native_text_stream,not_yet_scored
greenwich-connecticut-18417c5e9074d765,18,612.0,792.0,669,58,4030,"§6-5 GREENWICH MUNICIPAL CODE §6-5 maintained off site. It may sell on site (i) items directly related to care and maintenance of the plant material such as fertilizer, mulch, garden tools and accessories (ii) seasonally appropriate holiday items such as wreaths and pumpkins; and (iii) small accessory locally made items such as honey, jams and eggs. (10/17/2017) (11.1) Congregate Housing means a form of residential environment consisting of independent living assisted by congregate meals, housek",pymupdf_native,native_text_stream,not_yet_scored
greenwich-connecticut-18417c5e9074d765,19,612.0,792.0,592,59,3697,"§6-5 LAND USE §6-5 (15) Dwelling, One Family shall mean detached building containing only one (1) dwelling unit. (16) Dwelling, Two-Family shall mean a detached building containing only two (2) dwelling units. (17) Dwelling Group shall mean two (2) or more principal buildings each one of which contains one or more dwelling units on a lot. (5/4/2005) (18) Dwelling Unit shall mean one or more rooms in a structure which room or rooms is (are) arranged, designed, used or altered for one family, said",pymupdf_native,native_text_stream,not_yet_scored
greenwich-connecticut-18417c5e9074d765,20,612.0,792.0,667,63,4041,"§6-5 GREENWICH MUNICIPAL CODE §6-5 (20) Fall-Out Shelter shall mean a structure or portion of a structure intended to provide protection to human life during periods of danger from nuclear fallout, air raids, storms, or other emergencies. (21) Family shall mean any number of persons living together as a single housekeeping unit in a domestic relationship based on birth, marriage or other domestic bond, or one (1) person living in a single housekeeping unit as distinguished from roomers or boarde",pymupdf_native,native_text_stream,not_yet_scored
greenwich-connecticut-18417c5e9074d765,21,612.0,792.0,585,58,3706,"§6-5 LAND USE §6-5 downward from the exterior walls, the reference plane shall be established as follows: (5/4/2005; 8/9/2017) -If any portion of the building, not including projections permitted by Sec. 6-128, is six (6) feet or less from the lot line, the reference plane with respect to that portion of the building shall be established by the lowest points within the area between the building and the lot line; and -If any portion of the building, not including projections permitted by Sec. 6-1",pymupdf_native,native_text_stream,not_yet_scored
greenwich-connecticut-18417c5e9074d765,22,612.0,792.0,603,56,3928,"§6-5 GREENWICH MUNICIPAL CODE §6-5 no more than 12 individuals, related or unrelated, exclusive of any staff. These individuals must be capable of living independently. (2/25/88) Facilities are provided for room and board. Each person may have his or her own bedroom and may have own bath. Residents share kitchen/dining facilities and other common space. Shared activities may include sharing responsibilities for meals, social activities and daily living activities, but the residents retain the ch",pymupdf_native,native_text_stream,not_yet_scored
greenwich-connecticut-18417c5e9074d765,23,612.0,792.0,643,62,4103,"§6-5 LAND USE §6-5 (29) Horticultural Reservation shall mean an area devoted to the art, study or science of the cultivation of flowers, fruits, vegetables or ornamental plants. (29.1) Hospital shall mean a facility providing around-the-clock 24-hour care for sick and diseased persons by physicians and licensed health professionals, housing in-patients overnight for professional medical care (including less than 48-hour care) and having facilities to handle on a regular basis emergency treatment",pymupdf_native,native_text_stream,not_yet_scored
greenwich-connecticut-18417c5e9074d765,24,612.0,792.0,600,55,3922,"§6-5 GREENWICH MUNICIPAL CODE §6-5 considered as lot coverage. Lot coverage shall apply to R-MF, R-6 (three-family) and all commercial zones. (5/4/2005; 10/26/2010; 3/2/2012) (35) Lot Frontage shall mean the distance between the side lines of a lot measured along the street which distance continues the minimum frontage as stated in Sec. 6-205 for the zone in which the lot is located undiminished to a depth equivalent to at least two hundred percent (200%) of the minimum front yard setback depth ",pymupdf_native,native_text_stream,not_yet_scored
greenwich-connecticut-18417c5e9074d765,25,612.0,792.0,604,60,4078,"§6-5 LAND USE §6-5 (37) Natural Park Area shall mean an area of unusual natural beauty which has remained substantially undisturbed by man and is used primarily for conservation, education, scientific purposes, and the study and enjoyment of nature. (3/2/2012) (38) Non-conforming Use shall mean a building or land, the use of which does not conform to the use regulations for the zone in which it is situated. (38.1) Non-Passenger Vehicle shall include all vehicles other than passenger vehicles und",pymupdf_native,native_text_stream,not_yet_scored
greenwich-connecticut-18417c5e9074d765,26,612.0,792.0,580,62,3803,"§6-5 GREENWICH MUNICIPAL CODE §6-5 convenience of immediate medical attention for common family illnesses such as strep throat, ear, eye, sinus, bladder, and bronchial infections; 3. Shall be staffed only by a nurse practitioner or physician’s assistant in accord with CT General Statutes and who can diagnose, treat, and write prescriptions. No physician shall be on staff otherwise such a facility will be considered medial office use under the Building Zone Regulations; 4. Shall not be characteri",pymupdf_native,native_text_stream,not_yet_scored
greenwich-connecticut-18417c5e9074d765,27,612.0,792.0,648,64,3972,"§6-5 LAND USE §6-5 (43.1) Rowing Club shall mean a facility that consists of a space to store rowing shells, oars, and associated equipment. It may also include incidental space for fitness equipment, locker rooms, office space, boat sales, and restaurant. (1/29/2019) (43.2) Satellite Earth Station Antenna shall mean a parabolic dish and appurtenant tower or other antenna, tower or device the purpose of which is to receive, distribute or transmit a variety of electronic signals in the form of mi",pymupdf_native,native_text_stream,not_yet_scored
greenwich-connecticut-18417c5e9074d765,28,612.0,792.0,631,63,3919,"§6-5 GREENWICH MUNICIPAL CODE §6-5 (45) Story shall mean that portion of a building above the basement, included between the upper surface of a floor and the upper surface of the floor or roof next above it. In the CGBR zone, that portion of the building considered below grade shall also be defined as a ""story"" if it is habitable floor area used for other than storage, parking or mechanical space. (8/9/2017) (45.1) Half-Story. A ""half-story"" is any space under the gable, hip or gambrel roof, the",pymupdf_native,native_text_stream,not_yet_scored
greenwich-connecticut-18417c5e9074d765,29,612.0,792.0,642,62,4073,"§6-5 LAND USE §6-5 such items is secondary to the primary purpose of a supermarket to sell basic food products directly to the consumer. (4/19/2006) (50) Temporary Structure shall mean a structure which by its type and materials of construction is erected to remain for not more than six (6) months in any year. Such structures shall include tents, air supported structures, fabric shelters, portable bandstands, bleachers not erected in conjunction with athletic fields, reviewing stands, or other s",pymupdf_native,native_text_stream,not_yet_scored
greenwich-connecticut-18417c5e9074d765,30,612.0,792.0,592,48,3395,"§6-5 GREENWICH MUNICIPAL CODE §6-7 in length and parallel to and most distant from the front lot line. See Diagrams 7 and 9 (4/30/2002) (56) Yard, Side shall mean an open space, extending from front yard to rear yard between the side lot line and the principal building. See Diagrams 7 and 9 (4/30/2002) (56.1) Yard, Required or Minimum Yard shall mean an open space between a lot line and the yard depth for rear and front yards and the yard width for side yards as stated for a zone in Sec. 6-205 i",pymupdf_native,native_text_stream,not_yet_scored
greenwich-connecticut-18417c5e9074d765,31,612.0,792.0,664,54,4011,§6-8 LAND USE §6-10 Sec. 6-8. ENFORCEMENT OF ARTICLE. (10/26/2010) (a) This Article shall be enforced by the Zoning Enforcement Officer (ZEO) or other official designated by the Planning and Zoning Commission pursuant to CT State Statutes. Said official (ZEO) shall report to the Director of Planning and Zoning/Zoning Enforcement Coordinator and shall consult with and report to the Commission on matters of interpretation of subdivision and zoning regulations. The ZEO shall serve as staff to the P,pymupdf_native,native_text_stream,not_yet_scored
greenwich-connecticut-18417c5e9074d765,32,612.0,792.0,539,70,3320,"§6-10 GREENWICH MUNICIPAL CODE §6-12 (3) The minimum yard setbacks within which the building or structure is to be erected or altered as well as the dimensions of structures from the nearest property line. (5/4/2005, 4/24/2013) (4) The existing and intended use of each building or part of a building; (5) The number of families or housekeeping units the building is designed to accommodate; (6) The subdivision title and a copy of the Planning and Zoning approved and signed record sheet of the subd",pymupdf_native,native_text_stream,not_yet_scored
greenwich-connecticut-18417c5e9074d765,33,612.0,792.0,594,69,3820,"§6-12 LAND USE §6-13 (b) Whenever a Zoning permit application is submitted for a structure(s) that utilizes ninety (90) percent or more of the allowable floor area ratio, the applicant shall provide detailed dimensioned floor plans, per the FAR Worksheet that clearly illustrate the floor areas and floor area calculations for the proposed construction and any other existing structure on the same lot. (4/30/2002, 4/24/2013) (c) Whenever a structure that has been approved and that utilizes ninety (",pymupdf_native,native_text_stream,not_yet_scored
greenwich-connecticut-18417c5e9074d765,34,612.0,792.0,572,60,3778,"§6-13 GREENWICH MUNICIPAL CODE §6-14 (d) Administrative site plan approval for tents for commercial purposes shall be subject to the approval of the Town Planner or his or her designee when the event involves the erection of a tent(s) for non-residential use that meets one or more of the following criteria. 1. Is more than 350 sq. ft. in total area with no seating, or if used for seating that will seat 50 or more people, or 2. Regardless of size is located in an area designated for parking or dr",pymupdf_native,native_text_stream,not_yet_scored
greenwich-connecticut-18417c5e9074d765,35,612.0,792.0,582,68,3727,"§6-14 LAND USE §6-14 be incorporated in to a final site plan application prior to submission to Planning and Zoning Staff. (2) If a final site plan application involves an activity regulated pursuant to CGS Sections 22a- 36 to 22a-45 inclusive, the applicant shall submit an application for a permit to the Inland Wetlands and Watercourses Agency not later than the day such application is filed with the Planning and Zoning Commission. The decision of the Planning and Zoning Commission shall not be",pymupdf_native,native_text_stream,not_yet_scored
greenwich-connecticut-18417c5e9074d765,36,612.0,792.0,575,69,3784,"§6-14 GREENWICH MUNICIPAL CODE §6-14 C) Approximate location of proposed utility lines, including water, gas, electricity, sewer and the location of any transformers. D) Note specifying source of water supply and method of sewage disposal. E) Existing and proposed contours at units of no more than a two foot interval unless waived by the Commission's staff. Cuts and fills and estimates of blasting to be submitted at time of final site plan. F) Location, size and type of proposed landscaping and ",pymupdf_native,native_text_stream,not_yet_scored
greenwich-connecticut-18417c5e9074d765,37,612.0,792.0,608,56,4052,"§6-14 LAND USE §6-14.1 (18) Five copies of a Drainage Summary Report as per Department of Public Works and the Town Drainage Design Manual. The summary report must be prepared in accordance with the following formats: PRELIMINARY: Existing and proposed storm water distribution, existing and proposed runoff rates, capability of off-site drainage facilities to accommodate proposed runoff, capability of off-site soils to accommodate percolation or detention if proposed, and identification of propos",pymupdf_native,native_text_stream,not_yet_scored
greenwich-connecticut-18417c5e9074d765,38,612.0,792.0,594,55,3720,"§6-14 GREENWICH MUNICIPAL CODE §6-15 of a complete application. For purposes of this section the day of receipt of an application shall be the day of the next regularly scheduled meeting of the Commission immediately following submission of the complete application, or thirty-five (35) days after such submission, whichever is sooner. The applicant may consent to one or more extensions of such period, provided the total period of any such extension or extensions shall not exceed one further sixty",pymupdf_native,native_text_stream,not_yet_scored
greenwich-connecticut-18417c5e9074d765,39,612.0,792.0,552,74,3673,"§6-15 LAND USE §6-15 (e) Interconnection of parking areas via access drives within and between adjacent lots, in order to provide maximum efficiency, minimize curb cuts, and encourage safe and convenient traffic circulation; (f) The location, arrangement and adequacy of truck loading and unloading facilities; (g) Patterns of vehicular and pedestrian circulation both within the boundaries of the development and in relation to the adjoining street and sidewalk system; (h) The location, arrangement",pymupdf_native,native_text_stream,not_yet_scored
greenwich-connecticut-18417c5e9074d765,40,612.0,792.0,494,53,3118,"§6-15 GREENWICH MUNICIPAL CODE §6-17 Department, and any other Town agencies or outside specialists with which it consults. (4/24/2013, 5/1/2013) Sec. 6-16. SITE PLAN CHANGES. (a) No building permit or certificate of occupancy shall be issued by the Building Official if the Site Plan is changed after approval of the Commission unless said change is approved by the Commission. (2/7/2001) (b) No changes may be made on an approved Site Plan without a re-approval of the Plan as per Sections 6-14 and",pymupdf_native,native_text_stream,not_yet_scored
greenwich-connecticut-18417c5e9074d765,41,612.0,792.0,528,64,3367,"§6-17 LAND USE §6-17 (11) Section 6-112 — IND-RE Zone applications (12) Section 6-113 — In Hospital Zones: certain accessory uses, expansion exceeding 4,000 s.f. or interior alterations or changes of use exceeding 20,000 s.f. (cumulative within 2 years) (13) Section 6-114 — CCRC (Continuing Care Retirement Community) (14) Section 6-118.1 — Uses within railroad rights of way (15) Section 6-123 — Setbacks from Connecticut Turnpike in Business Zones (16) Section 6-140.1 — Satellite Earth Stations t",pymupdf_native,native_text_stream,not_yet_scored
greenwich-connecticut-18417c5e9074d765,42,612.0,792.0,557,60,3642,"§6-17 GREENWICH MUNICIPAL CODE §6-18 (5) Preserve and enhance important open space and other features of the natural environment and protect against deterioration of the quality of the environment, and support environmental sustainability. (6) Not materially adversely affect pedestrian circulation, most particularly as related to retail shopping patterns and neighborhood accessibility. (7) Not materially adversely affect safety in the streets nor increase traffic congestion in the area so as to ",pymupdf_native,native_text_stream,not_yet_scored
greenwich-connecticut-18417c5e9074d765,43,612.0,792.0,619,62,3779,"§6-18 LAND USE §6-20 (c) No certificate of occupancy shall be issued for any business building, for any multi-family dwelling, for any structure containing a mix of residential and non-residential uses, or for any dwelling group on a lot until any improvements to the lot required by this Article have been completed or a bond or certified check in an amount sufficient to cover the cost thereof, has been filed with the Building Inspector with a surety company thereon and conditioned to complete th",pymupdf_native,native_text_stream,not_yet_scored
greenwich-connecticut-18417c5e9074d765,44,612.0,792.0,433,44,2654,"§6-20 GREENWICH MUNICIPAL CODE §6-22 comprehensive plan set forth in this Article, and in harmony with the purpose and intent expressed in Section 6-1. The Board shall grant all applications for special exceptions, subject to the aforesaid conditions and safeguards, provided that the particular requirements specified in this Article are met, and provided further that the Board shall find in each case that the proposed building or structures or proposed use of land: (1) Will not create a traffic ",pymupdf_native,native_text_stream,not_yet_scored
greenwich-connecticut-18417c5e9074d765,45,612.0,792.0,8,3,48,LAND USE THIS PAGE LEFT INTENTIONALLY BLANK 2-30,pymupdf_native,native_text_stream,not_yet_scored
greenwich-connecticut-18417c5e9074d765,46,612.0,792.0,507,64,3397,"§6-23 GREENWICH MUNICIPAL CODE §6-23 DIVISION 3. CONSERVATION ZONES.3 Sec. 6-23. CONSERVATION ZONES; PURPOSE. (a) The intent of this Division is to provide alternatives to residential development permitted under other sections of these Regulations when such alternatives will more appropriately assure the conservation of land in the manner prescribed in this Division. (b) The Planning and Zoning Commission, upon application in the manner prescribed herein, after a public hearing and consideration",pymupdf_native,native_text_stream,not_yet_scored
greenwich-connecticut-18417c5e9074d765,47,612.0,792.0,437,56,2939,"§6-23 LAND USE §6-25 (2) protect areas of significant vegetation and wildlife habitat, including rare or endangered plants and animals or specimen trees or significant stands of trees, or (1/6/88) (3) protect areas with slopes greater than 15% in grade to prevent the chronic erosion of soils, the substantial alteration of topography, the loss of significant vegetation and trees, and the alteration of drainage patterns including the increase in stormwater runoff, or (1/6/88) (4) protect streams, ",pymupdf_native,native_text_stream,not_yet_scored
greenwich-connecticut-18417c5e9074d765,48,612.0,792.0,409,44,2494,"§6-26 GREENWICH MUNICIPAL CODE §6-29 Sec. 6-26. SIZE OF ZONE. The total acreage for any RA-C4, RA-C2, and RA-C1 Conservation Zone shall consist of not less than twenty (20) acres unless the Commission, pursuant to Sec. 6-23(c), finds a smaller area to be appropriate and for any R-C20, R-C12 and R-C7 Conservation Zone not less than ten (10) acres unless the Commission, pursuant to Sec. 6-23(c), finds a smaller area to be appropriate. (4/26/85) The total acreage for any RA-CC4 and RA-CC2 Conservat",pymupdf_native,native_text_stream,not_yet_scored
greenwich-connecticut-18417c5e9074d765,49,612.0,792.0,444,59,2597,"§6-29 LAND USE §6-30 For detached housing in the RA-C4 and RA-C2 zones only, a 25% increase in F.A.R. is permitted above the maximum F.A.R. for the Conservation zone lots in the underlying existing zones. (1/15/2003) For detached housing in the RA-C1 and R-C20, R-C12, and R-C7 zones only, a 15% increase in F.A.R. for the Conservation Zone lots is permitted above the maximum F.A.R. for the underlying existing zones. These percentage increases result in the following Floor Area Ratios: RA-C4: .078",pymupdf_native,native_text_stream,not_yet_scored
greenwich-connecticut-18417c5e9074d765,50,612.0,792.0,592,62,3594,"§6-30 GREENWICH MUNICIPAL CODE §6-31 RA-C4, RA-C2 and RA-C1: Not more than two attached single family houses per building as the result of conversion of a structure which was existing and listed with the Tax Assessor as of Dec. 1, 1981. RA-CC4 and RA-CC2: Same as RA-C4 and RA-C2. R-C20 and R-C12: Not more than four attached single family houses, singly or in groups of buildings. R-C7: Not more than six attached single family houses, singly or in groups of buildings. (e) For attached housing the ",pymupdf_native,native_text_stream,not_yet_scored
greenwich-connecticut-18417c5e9074d765,51,612.0,792.0,499,55,3087,"§6-31 LAND USE §6-32 (1) The establishment of a neighborhood association made up of all owners in the Conservation Zone each of whom shall have an undivided interest in the conservation land; said association shall have the power to assess the members for all necessary costs; or (2) The conveyance of said Conservation Land to the Nature Conservancy, to a local land Trust, to the Greenwich Audubon Society or to the Town of Greenwich when the Commission deems such conveyance appropriate. Conveyanc",pymupdf_native,native_text_stream,not_yet_scored
greenwich-connecticut-18417c5e9074d765,52,612.0,792.0,562,61,3581,"§6-33 GREENWICH MUNICIPAL CODE §6-34 Sec. 6-33. APPLICATION FOR ZONE APPROVAL. (a) Application by petition of one or more property owners for the inclusion of a specific area in the appropriate Conservation Zone shall be submitted in writing in such form as the Commission may require and shall include the following: (1) Of the land proposed for rezoning, a statement describing conservation purposes to be accomplished and an environmental assessment by a person qualified to perform same, the plan",pymupdf_native,native_text_stream,not_yet_scored
greenwich-connecticut-18417c5e9074d765,53,612.0,792.0,49,8,296,"§6-34 LAND USE §6-34 (4) No building permit or certificate of occupancy shall be issued by the Building Official, nor shall the Town accept any street, should the Conservation Plan, Subdivision Plan or Site Plan be changed in any way without the approval of the Commission. (2/18/82, 4/24/13) 3-8",pymupdf_native,native_text_stream,not_yet_scored
greenwich-connecticut-18417c5e9074d765,54,612.0,792.0,6,2,38,THIS PAGE LEFT INTENTIONALLY BLANK 3-9,pymupdf_native,native_text_stream,not_yet_scored
greenwich-connecticut-18417c5e9074d765,55,612.0,792.0,418,49,2684,"§6-35 GREENWICH MUNICIPAL CODE §6-38 DIVISION 4. RESIDENTIAL-PLANNED HOUSING DESIGN-ELDERLY ZONE.4 Sec. 6-35. RESIDENTIAL-PLANNED HOUSING DESIGN-ELDERLY ZONE (R-PHD-E): PURPOSE. (a) The intent of this Division is to provide under specific conditions indicated herein a type of planned housing development zone that is designed to accommodate those housing needs of present elderly Town residents not now provided for under existing zoning. An elderly person, for the purposes of this regulation shall",pymupdf_native,native_text_stream,not_yet_scored
greenwich-connecticut-18417c5e9074d765,56,612.0,792.0,365,46,2257,"§6-38 LAND USE §6-43 (c) Housing management office when contained within a principal building, provided such office space does not exceed two percent (2%) of the gross floor area of any one such building. Sec. 6-39. NUMBER OF UNITS. The total number of units per acre shall be determined by requiring one thousand (1,000) square feet of land area for each unit. For congregate housing, after considering the availability of community services, the Commission may allocate a lesser amount of land per ",pymupdf_native,native_text_stream,not_yet_scored
greenwich-connecticut-18417c5e9074d765,57,612.0,792.0,131,15,867,"§6-43 GREENWICH MUNICIPAL CODE §6-43.1 herein are met and that the Planned Housing Design-E Plan will not be detrimental to the health, safety, property values and residential character of the neighborhood. (6/17/83) (3) No building permit or certificate of occupancy shall be issued by the Building Official, nor shall the Town accept any street, should the Planned Housing Design-E Plan be changed in any way without the approval of the Commission. (4/24/2013) Sec. 6-43.1. SPECIAL PERMIT – ZONING ",pymupdf_native,native_text_stream,not_yet_scored
greenwich-connecticut-18417c5e9074d765,58,612.0,792.0,8,3,47,LAND USE THIS PAGE LEFT INTENTIONALLY BLANK 4-4,pymupdf_native,native_text_stream,not_yet_scored
greenwich-connecticut-18417c5e9074d765,59,612.0,792.0,383,48,2522,§6-44 GREENWICH MUNICIPAL CODE §6-46 DIVISION 5. PLANNED RESIDENTIAL .5 Sec. 6-44. PLANNED RESIDENTIAL ZONE (R-PR); PURPOSES. (a) The intent of this Division is to provide possible residential alternatives to residential development presently permitted under existing zoning when such alternatives in the judgment of the Commission will insure the conservation of vacant land for private use in the manner prescribed herein and the preservation of land necessary to the general welfare of the Town an,pymupdf_native,native_text_stream,not_yet_scored
greenwich-connecticut-18417c5e9074d765,60,612.0,792.0,451,52,2783,"§6-47 LAND USE §6-49 Sec. 6-47. LOCATION OF ZONE. (a) An R-PR Zone may be located only in those areas of the Town either: (1) Where in the aggregate there exists less than ten (10) acres of land dedicated to park, recreation and/or open space within one (1) mile radius per one thousand (1,000) of existing and potential population under present zoning; (2) Planned by the Commission for additional park, recreation and/or open space to accommodate neighborhood and Town development requirements. Sec",pymupdf_native,native_text_stream,not_yet_scored
greenwich-connecticut-18417c5e9074d765,61,612.0,792.0,323,38,2111,"§6-50 GREENWICH MUNICIPAL CODE §6-55 Sec. 6-50. USE REGULATIONS. (a) The following principal uses are permitted. All business and other principal uses are expressly excluded: (1) Single family detached, and attached dwellings; (2) Public or private park or recreation areas which may include a golf course, swimming pool, tennis court, ski slope, toboggan run, ice skating rink and other similar recreational uses suitable to the particular zone but which may not include any use or activity which pr",pymupdf_native,native_text_stream,not_yet_scored
greenwich-connecticut-18417c5e9074d765,62,612.0,792.0,418,55,2650,"§6-56 LAND USE §6-58 Sec. 6-56. CONSERVATION LAND REQUIREMENTS. (a) As indicated under Section 6-31, except that the requirement concerning area of conservation land shall be as follows: (1) The area of conservation land in a Planned Residential Zone shall equal at least thirty percent (30%) of the total acreage within the Planned Residential Zone. Sec. 6-57. RECREATIONAL LAND REQUIREMENTS. (a) The land for recreation use shall be located entirely within the Planned Residential Zone, shall meet ",pymupdf_native,native_text_stream,not_yet_scored
greenwich-connecticut-18417c5e9074d765,63,612.0,792.0,350,33,2231,"§6-59 GREENWICH MUNICIPAL CODE §6-61 Sec. 6-59. PUBLIC HEARING. The Commission shall hold a public hearing within sixty (60) days after submission of application as required by Section 6-58, preceded by the same notice required for hearings on zoning applications. Recommendations of the Conservation Commission and all other Town agencies may be made at such public hearing or within fifteen (15) days after such hearing. Sec. 6-60. ZONING PLAN APPROVAL. Within sixty (60) days after conclusion of t",pymupdf_native,native_text_stream,not_yet_scored
greenwich-connecticut-18417c5e9074d765,64,612.0,792.0,8,3,47,LAND USE THIS PAGE LEFT INTENTIONALLY BLANK 5-6,pymupdf_native,native_text_stream,not_yet_scored
greenwich-connecticut-18417c5e9074d765,65,612.0,792.0,357,48,2274,"§6-62 GREENWICH MUNICIPAL CODE §6-64 DIVISION 6. RESIDENTIAL-PLANNED HOUSING DESIGN-SMALL UNIT ZONE .6 Sec. 6-62. RESIDENTIAL-PLANNED HOUSING DESIGN-SMALL UNIT ZONE (R-PHD-SU); PURPOSES. (a) The intent of this Article concerning residential development is to encourage attractive, safe, decent and sanitary housing for all Town residents or employees, present and future, without regard to race, color, creed, national origin or economic status. (b) The intent of this Article, in addition to the abo",pymupdf_native,native_text_stream,not_yet_scored
greenwich-connecticut-18417c5e9074d765,66,612.0,792.0,314,49,1822,§6-64 LAND USE §6-69 (c) Type and number of units are as follows: Average Floor Minimum Lot Area Permitted for Area Type of Unit each Required for each Permitted Type of Unit Type of Unit 1 Room-Efficiency 450 sq. ft. 1800 sq. ft. (6/77) 1 Bedroom Unit 650 sq. ft. 1800 sq. ft. 2 Bedroom Unit 850 sq. ft. 3000 sq. ft. Sec. 6-65. MAXIMUM BUILDING AREA. The total building area of all buildings used primarily for dwelling purposes shall occupy no more than twenty percent (20%) of the gross lot area. ,pymupdf_native,native_text_stream,not_yet_scored
greenwich-connecticut-18417c5e9074d765,67,612.0,792.0,320,50,2041,§6-70 GREENWICH MUNICIPAL CODE §6-71.1 Sec. 6-70. USE REGULATIONS. (a) The principal permitted use shall be: (1) Multi-family dwellings only. (b) Parking requirements are as specified in Sec. 6-155. Sec. 6-71. APPLICATION FOR ZONE APPROVAL. (a) Application to the Commission for a zone map change to limit development in conformance with the requirements indicated herein of a specific area shown on the amended Plan of Development shall include the following: (1) The purpose to be accomplished and ,pymupdf_native,native_text_stream,not_yet_scored
greenwich-connecticut-18417c5e9074d765,68,612.0,792.0,242,28,1503,"§6-72 LAND USE §6-74 Sec. 6-72. ZONE APPROVAL PROCEDURE. (a) Upon the filing of such an application the Commission shall: (1) Hold a public hearing within sixty (60) days preceded by the same notice required for hearings on zoning applications; and, (2) Within sixty (60) days after conclusion of such public hearing on the proposed Planned Housing Design-SU Zone Plan, the Commission may approve or disapprove the application and final Planned Housing Design-SU Plan. Any approval is based upon find",pymupdf_native,native_text_stream,not_yet_scored
greenwich-connecticut-18417c5e9074d765,69,612.0,792.0,424,53,2627,"§6-74.1 GREENWICH MUNICIPAL CODE §6-77 DIVISION 7. RESIDENTIAL-PLANNED HOUSING DESIGN-TOWN HOUSE ZONE . Sec. 6-74.1. RESIDENTIAL-PLANNED HOUSING DESIGN-TOWN HOUSE ZONE (R-PHD-TH); PURPOSES. (a) The intent of this Article concerning residential development is to encourage attractive, safe, decent and sanitary housing for all Town residents or employees, present and future, without regard to race, color, creed, national origin or economic status. (b) The intent of this Division, in addition to the",pymupdf_native,native_text_stream,not_yet_scored
greenwich-connecticut-18417c5e9074d765,70,612.0,792.0,346,49,2158,"§6-78 LAND USE §6-83 Sec. 6-78. YARD REQUIREMENTS. Front, side and rear yard shall not be less than thirty (30) feet, except that all buildings and structures shall be at least fifty (50) feet distant from the property line of land zoned for single family residential development. Sec. 6-79. NUMBER OF TOWN HOUSES PER BUILDING. There shall be no more than eight (8) Town House units in any building. Sec. 6-80. DISTANCE BETWEEN BUILDINGS AND/OR STRUCTURES. No building and/or structure in an R-PHD-TH",pymupdf_native,native_text_stream,not_yet_scored
greenwich-connecticut-18417c5e9074d765,71,612.0,792.0,131,14,784,"§6-84 GREENWICH MUNICIPAL CODE §6-85 Sec. 6-84. ISSUANCE OF BUILDING PERMIT OR CERTIFICATE OF OCCUPANCY. No building permit or certificate of occupancy shall be issued by the Building Official, nor shall the Town accept any street, should the Planned Housing Design – TH Plan be changed in any way without the approval of the Commission. (4/24/2013) Sec. 6-85. LIMITATION OF TIME. Failure to comply with any time limit established by the Commission as a condition of its approval shall render the zon",pymupdf_native,native_text_stream,not_yet_scored
greenwich-connecticut-18417c5e9074d765,72,612.0,792.0,8,3,47,LAND USE THIS PAGE LEFT INTENTIONALLY BLANK 7-4,pymupdf_native,native_text_stream,not_yet_scored
greenwich-connecticut-18417c5e9074d765,73,612.0,792.0,347,52,2241,§6-86 GREENWICH MUNICIPAL CODE §6-89 DIVISION 8. RESIDENTIAL-PLANNED HOUSING DESIGN-NEIGHBORHOOD ZONE .7 Sec. 6-86. RESIDENTIAL-PLANNED HOUSING DESIGN-NEIGHBORHOOD ZONE (R-PHD-D); INTENT. The intent of this Division is to encourage the construction of residential units in an environment consistent with the Town’s residential character which will alleviate a shortage in housing available to residents and employees of the Town and essential non-governmental agencies who are of moderate income as m,pymupdf_native,native_text_stream,not_yet_scored
greenwich-connecticut-18417c5e9074d765,74,612.0,792.0,404,54,2429,"§6-89 LAND USE §6-92 (b) No PHD-N Zone shall be designed to accommodate more than three hundred and sixty (360) inhabitants. For the purpose of calculating such designed population it shall be assumed that two (2) such inhabitants will occupy the first bedroom and one (1) such inhabitant will occupy each additional bedroom. (c) As used in this Article, a bedroom shall be considered any room in a dwelling unit other than a kitchen, dining room, living room, bathroom or closet and shall include al",pymupdf_native,native_text_stream,not_yet_scored
greenwich-connecticut-18417c5e9074d765,75,612.0,792.0,163,23,1063,"§6-92 GREENWICH MUNICIPAL CODE §6-92 (2) A proposal in form and substance acceptable to the Town Attorney which will effectively empower the Housing Authority to set rental and/or sales prices annually of all housing that may be constructed in the proposed PHD-N Zone, which rental and/or sales prices shall be consistent with the Housing Authority’s definition of housing for moderate income households; (3) Plans showing the location of all existing buildings and structures situated on all land wi",pymupdf_native,native_text_stream,not_yet_scored
greenwich-connecticut-18417c5e9074d765,76,612.0,792.0,8,3,47,LAND USE THIS PAGE LEFT INTENTIONALLY BLANK 8-4,pymupdf_native,native_text_stream,not_yet_scored
greenwich-connecticut-18417c5e9074d765,77,612.0,792.0,476,54,3119,"§6-93 GREENWICH MUNICIPAL CODE §6-94 DIVISION 9. USE REGULATIONS.8 SUBDIVISION 1. RA-4, RA-2, RA-1, RA-20 and R-12 Zones. Sec. 6-93. PERMITTED USES IN RA-4, RA-2, RA-1, R-20 AND R-12 Zones. (a) The following principal uses are permitted in RA-4, RA-2, RA-1, R-20 and R-12 Zones and all other principal uses are expressly excluded: (1) Detached single family dwellings, one (1) per lot. (2) Streets, parks, playgrounds, public school grounds and Town buildings and uses. (3) Short-term Residential Ren",pymupdf_native,native_text_stream,not_yet_scored
greenwich-connecticut-18417c5e9074d765,78,612.0,792.0,625,70,3949,"§6-94 GREENWICH MUNICIPAL CODE §6-94 (4) Cemeteries, provided that no location shall be approved any part of which is less than five hundred (500) feet from a residence. (5) Religious or educational institutions not operated for commercial profit. (10/17/18) (6) Public utility uses not including incidental service and storage yards. (7) Radio and television stations and towers; satellite earth station towers except those transmitting or distributing microwaves which are subject to Sec. 6-140.1. ",pymupdf_native,native_text_stream,not_yet_scored
greenwich-connecticut-18417c5e9074d765,79,612.0,792.0,591,68,3686,"§6-94 GREENWICH MUNICIPAL CODE §6-94 shall be subject to review by the A.R.C. as part of the Site Plan Review Procedure. The exterior of facilities and the site shall be maintained in good condition and appearance, in conformity with the neighborhood. (i) Any property located on a septic system or served by well water shall be required to prove the efficiency and capacity of the septic system, and the yield and quality of well water, all in accordance with standards of the Department of Health. ",pymupdf_native,native_text_stream,not_yet_scored
greenwich-connecticut-18417c5e9074d765,80,612.0,792.0,573,71,3413,"§6-94 GREENWICH MUNICIPAL CODE §6-94 or more traffic intensive atmosphere; and to promote the health, safety and general welfare of the community. (b) Each Group Day Care Home shall meet the following requirements: (1) Compliance with all state licensing requirements for Group Day Care Homes; (2) One (1) on-site parking space exclusively for residential use; (3) Two (2) on-site parking spaces for non-resident staff members; (4) No exterior features of the Group Day Care Home shall distinguish it",pymupdf_native,native_text_stream,not_yet_scored
greenwich-connecticut-18417c5e9074d765,81,612.0,792.0,572,62,3479,"§6-95 GREENWICH MUNICIPAL CODE §6-95 Sec. 6-95. PERMITTED ACCESSORY USES. (a) Customary uses incidental to the principal uses in Sections 6-93 shall be permitted in RA-4, RA- 2, RA-1, R-20 and R-12 zones and R-7 zone (by the cross reference in Section 6-97 (b) (1) to RA-4 zones permitted uses) and R-6 zone (by the cross reference in Section 6-98 (b) (1) to R- 7 zones permitted uses). They shall include: (2/8/94) (10/17/18) (1) The office of a resident professional person (other than a resident m",pymupdf_native,native_text_stream,not_yet_scored
greenwich-connecticut-18417c5e9074d765,82,612.0,792.0,554,62,3407,"§6-95 GREENWICH MUNICIPAL CODE §6-95 (b) that the site complies with Article 9, Animal Control, of the Town of Greenwich Code of Ordinances, Section 4-111 thru 4-117; (B) The keeping of fewer than six (6) larger domesticated animals such as sheep, llamas or goats, provided: (a) that their enclosure does not encroach in to the primary structure setback or 25’ from the property line, whichever is greater; (b) that site complies with Article 9, Animal Control, of the Town of Greenwich Code of Ordin",pymupdf_native,native_text_stream,not_yet_scored
greenwich-connecticut-18417c5e9074d765,83,612.0,792.0,149,22,917,"§6-95 GREENWICH MUNICIPAL CODE §6-96 (F) There shall be no noise, odor or electrical interference caused by such home office use; (G) There shall be no stock of merchandise for sale or equipment that is customarily employed in sales on the premises; (H) There shall be only one home office in the dwelling and no other accessory use on the premises that might otherwise be permitted under any section of these Regulations; (I) No home office shall occupy more than 700 square feet or 25% of the gross",pymupdf_native,native_text_stream,not_yet_scored
greenwich-connecticut-18417c5e9074d765,84,612.0,792.0,527,64,3246,"§6-97 GREENWICH MUNICIPAL CODE §6-98 SUBDIVISION 2. R-7, R-6, AND R-MF ZONES, AND ACCESSORY DWELLING UNITS . Sec. 6-97. USE REGULATIONS FOR R-7 ZONES. (a) The following principal uses shall be permitted and all other principal uses are expressly excluded in R-7 zones: (1) All uses permitted in RA-4 zones and uses permitted under Sec. 6-94. (10/27/83) (b) The following accessory uses shall be permitted in R-7 zones: (1) The same accessory uses as in RA-4 zones except roadside stands and structure",pymupdf_native,native_text_stream,not_yet_scored
greenwich-connecticut-18417c5e9074d765,85,612.0,792.0,570,61,3492,"§6-98 GREENWICH MUNICIPAL CODE §6-98.1 (B) The building of two single-family dwellings on a lot shall not be permitted, except as follows: the conversion of an existing accessory building to a single-family dwelling provided both the accessory structure and the single-family home located on the lot are at least 50 years old. (a) Additions and alterations made to change the use of the existing accessory structure may not add more than 15% to the gross floor area of the structure. (b) The lot on w",pymupdf_native,native_text_stream,not_yet_scored
greenwich-connecticut-18417c5e9074d765,86,612.0,792.0,587,63,3627,"§6-98.1 GREENWICH MUNICIPAL CODE §6-99 a lot shall not be permitted, except as follows: the conversion of an existing accessory building to a single-family dwelling provided both the accessory structure and the single-family home located on the lot are at least 50 years old. Additions and alterations made to change the use of the existing accessory structure may not add more than 15% to the gross floor area of the structure. In addition, the lot on which such a conversion is approved shall compl",pymupdf_native,native_text_stream,not_yet_scored
greenwich-connecticut-18417c5e9074d765,87,612.0,792.0,639,55,3797,"§6-99 GREENWICH MUNICIPAL CODE §6-99 Internal ADU, for example, the front doors of the Primary Unit and the ADU should not have equal prominence, especially if both are visible from the street. For an External ADU, that portion of the ADU visible from the street must retain the subordinate massing and structural characteristics of an accessory structure. C. Lot Requirements. An ADU shall be constructed within lawful setbacks and on lots conforming with or exceeding the minimum size requirements ",pymupdf_native,native_text_stream,not_yet_scored
greenwich-connecticut-18417c5e9074d765,88,612.0,792.0,225,26,1420,"§6-99 GREENWICH MUNICIPAL CODE §6-99 (4) Procedures, General – A. No conversion or construction contemplated by this Section shall occur, nor shall any associated Building Permit or Certificate of Occupancy be issued, until the Owner has received approval from the Planning and Zoning Office. Applicant shall first submit to the Town Planner or designee the required supporting data, including but not limited to, an Affidavit pursuant to Section 3(A) hereof, endorsements pursuant to Section 3(J) he",pymupdf_native,native_text_stream,not_yet_scored
greenwich-connecticut-18417c5e9074d765,89,612.0,792.0,482,51,3205,"§6-100 GREENWICH MUNICIPAL CODE §6-100 SUBDIVISION 3. BUSINESS ZONES. Sec. 6-100. USE GROUPS FOR BUSINESS ZONES. In order to carry out the purposes and provisions of these regulations, the uses of all non- residential buildings and structures have been classified into Use Groups. Any use not specifically listed in the following Use Groups shall be prohibited, unless allowed under Use Group 5A by Special Exception. (9/15/86) (10/17/18) USE GROUP 1 (9/28/2010) Assembling, processing or any light m",pymupdf_native,native_text_stream,not_yet_scored
greenwich-connecticut-18417c5e9074d765,90,612.0,792.0,643,54,4106,"§6-100 GREENWICH MUNICIPAL CODE §6-100 subject to immediate closure of the outdoor dining and shall be ineligible to reapply for such outdoor dining approval during the following outdoor dining season. All outdoor dining applications are subject to the following requirements: A. The total number of indoor and outdoor seats shall not exceed the total number of seats approved for the site. For example, if a restaurant is limited to 100 seats, the total number of indoor and outdoor seats shall not ",pymupdf_native,native_text_stream,not_yet_scored
greenwich-connecticut-18417c5e9074d765,91,612.0,792.0,606,56,3878,"§6-100 GREENWICH MUNICIPAL CODE §6-100 requirements in this section shall also apply to any areas beyond the outdoor dining areas that are traversed by restaurant staff and/or patrons. (12/28/2022) J. Umbrellas may be used to shade tables, provided that the drip edge thereof is located at least seven feet above the ground and further provided that they shall not be used to advertise the restaurant or any other product or service. Tables, chairs and umbrellas shall be of durable commercial-grade ",pymupdf_native,native_text_stream,not_yet_scored
greenwich-connecticut-18417c5e9074d765,92,612.0,792.0,305,43,1989,"§6-100 GREENWICH MUNICIPAL CODE §6-100 Retail stores Sales agencies of real estate, employment, insurance or travel firms Service and Social Clubs, provide that in the LB, LBR and CGBR Zones: (1) no more than 25% of the ground floor of a building shall be used for this purpose, (including accessways) and (2) other than access, no floor area dedicated to such use shall be located along any ground floor street frontage. (4/29/91 & 9/28/2010) Supermarkets including expansion, when authorized by Spe",pymupdf_native,native_text_stream,not_yet_scored
greenwich-connecticut-18417c5e9074d765,93,612.0,792.0,331,45,2242,"§6-100 GREENWICH MUNICIPAL CODE §6-100 Radio and television stations (excluding transmitting facilities) Recreation uses (excluding billiard and pool rooms, merry-go-rounds, shooting galleries, freak shows and similar attractions and amusement devices) Recreational Facilities(permitted by Special Permit( (Note D) (9/28/2010, 9/20/2013) Schools, both profit and non-profit, day care centers USE GROUP 5 The following uses when and to the extent authorized by the Planning and Zoning Commission, subj",pymupdf_native,native_text_stream,not_yet_scored
greenwich-connecticut-18417c5e9074d765,94,612.0,792.0,437,62,2924,"§6-100 GREENWICH MUNICIPAL CODE §6-100 offensive or obnoxious or detrimental to the neighborhood by reason of emission of odor, dust, smoke, fumes, or noise. (7/19/2006) Commercial fishing and boating facilities such as marine transport and excursion services, including ferries, captained charter services, sport fishing and water taxis. (5/11/87) (1/30/2019) Facilities for marine pollution control, oil spill cleanup, and servicing of marine sanitation devices. (1/30/2019) Harbor security and eme",pymupdf_native,native_text_stream,not_yet_scored
greenwich-connecticut-18417c5e9074d765,95,612.0,792.0,570,54,3721,"§6-100 GREENWICH MUNICIPAL CODE §6-100 Assembling, processing or any light mechanical operation clearly incidental to the conduct of a retail business or personal service shop provided that such use is not larger than 750 square feet gross floor area, and, in the opinion of the Zoning Enforcement Officer, is not offensive or obnoxious or detrimental to neighborhood by reason of: (a) emission of odor, dust, smoke, fumes or noise; (b) use of property for outside storage of equipment, appliances, o",pymupdf_native,native_text_stream,not_yet_scored
greenwich-connecticut-18417c5e9074d765,96,612.0,792.0,463,42,2772,"§6-100 GREENWICH MUNICIPAL CODE §6-101 Note B. Existing gas stations are made conforming as to use existing as of April 30, 1986, and are limited to hours of operation in effect as of that date, or no later than 11 p.m. and no earlier than 6 a.m., whichever is less restrictive. A change to a schedule less restrictive than existed on April 30, 1986 shall be considered an intensification of use requiring a Special Permit pursuant to Sec. 6-17. (9/15/86) Note C. Uses permitted only above the ground",pymupdf_native,native_text_stream,not_yet_scored
greenwich-connecticut-18417c5e9074d765,97,612.0,792.0,550,60,3568,"§6-101 GREENWICH MUNICIPAL CODE §6-102 the standards of Sections 6-15 and 6-17. When height measurement is so authorized by the Commission, the area of such parking structure shall not be included in lot coverage. (7/25/96) (10/17/18) (b) No conversions of existing structures which exceed the size limit provided in this Section shall be permitted except in conformance with the provisions of (a) above; (c) The Commission may require a performance bond for any or all improvements deemed to be esse",pymupdf_native,native_text_stream,not_yet_scored
greenwich-connecticut-18417c5e9074d765,98,612.0,792.0,569,50,3749,"§6-103 GREENWICH MUNICIPAL CODE §6-103 Sec. 6-103. USE REGULATIONS AND SPECIAL REQUIREMENTS FOR ALL LBR ZONES. (9/15/86; 9/28/2010) (A) Purposes. In addition to the purposes stated in Sec. 6-102, the goal of the LBR zones is to protect and encourage neighborhood-oriented retail development. These zones provide central but limited concentration of complementary retail goods and personal services in convenient locations to meet the frequent recurring needs of nearby residents. The regulations are ",pymupdf_native,native_text_stream,not_yet_scored
greenwich-connecticut-18417c5e9074d765,99,612.0,792.0,468,51,2878,"§6-103 GREENWICH MUNICIPAL CODE §6-103.1 (E) Ground Floor Uses Except for access to and egress from upper floor permitted uses, uses on the ground floor shall be limited to uses listed in Use Group 8, except for banks (including drive-up, or drive thru), financial services facilities, Sales Agencies of real estate, employment, insurance or travel firms which are not permitted on first floor of the LBR zones. ATM machines and access entrances to 2nd floor banks are not considered financial servic",pymupdf_native,native_text_stream,not_yet_scored
greenwich-connecticut-18417c5e9074d765,100,612.0,792.0,647,53,3765,"§6-103.1 GREENWICH MUNICIPAL CODE §6-103.1 wide and sub-regional market area; and it provides office uses to complement and support the business uses. The emphasis of the CGBR zone is upon protection of ground floor space for compatible retail uses, and avoidance of a break in storefront continuity. Consequently, businesses in the zone are generally dependent upon pedestrian traffic and storefront exposure. In addition to retail uses, a wide variety of services and community functions is include",pymupdf_native,native_text_stream,not_yet_scored
greenwich-connecticut-18417c5e9074d765,101,612.0,792.0,628,61,3981,"§6-103.1 GREENWICH MUNICIPAL CODE §6-104 The total floor area of the building or buildings on said lot shall not exceed 15,000 square feet of floor area. Division 15 shall be applicable to all other buildings except that for Use Groups 1 and 3 the Planning and Zoning Commission, upon application for Special Permit, may grant Special Permit authorizing a lesser number of parking and loading spaces after consideration of the following: (1) Any past reduction in the size of the subject lot resultin",pymupdf_native,native_text_stream,not_yet_scored
greenwich-connecticut-18417c5e9074d765,102,612.0,792.0,606,53,3651,"§6-104 GREENWICH MUNICIPAL CODE §6-104.1 from streets and adjoining properties can be provided by topography, landscaping or other means, and that the standards of Sec. 6-15 have been met. Except for below ground covered parking, parking shall not be permitted within the required front yard unless, after application for Site Plan Approval pursuant to Sec. 6-13 to 6-16.1 inclusive of these regulations, the Commission finds that said parking is adequately screened from all streets by virtue of lan",pymupdf_native,native_text_stream,not_yet_scored
greenwich-connecticut-18417c5e9074d765,103,612.0,792.0,412,49,2545,"§6-104.1 GREENWICH MUNICIPAL CODE §6-105 also includes significant historic buildings and streetscapes, important resources which foster a sense of history and preserve the Town’s architectural and cultural heritage. The zone serves a town-wide market, attracting people from outlying sections as well as from close-in more densely developed neighborhoods, and is less dependent upon pedestrian traffic and storefront exposure. It is an additional goal of CGB zone to provide increased housing opport",pymupdf_native,native_text_stream,not_yet_scored
greenwich-connecticut-18417c5e9074d765,104,612.0,792.0,467,52,2937,"§6-106 GREENWICH MUNICIPAL CODE §6-107 Sec. 6-106. USE REGULATIONS AND SPECIAL REQUIREMENTS FOR THE GBO ZONE. (a) Permitted Uses: Use Group 1 Use Group 2a, 2b, 2c Use Group 3 Use Group 4 Use Group 5, provided that a special permit is obtained from the Planning and Zoning Commission, pursuant to Section 6-17 inclusive of these Regulations. Use Group 5A, provided that a special exception is obtained from the Board of Appeals pursuant to Sections 6-19 to 6-21 inclusive of these Regulations, Use Gro",pymupdf_native,native_text_stream,not_yet_scored
greenwich-connecticut-18417c5e9074d765,105,612.0,792.0,599,66,3731,§6-107 GREENWICH MUNICIPAL CODE §6-107 (2) Preserve scenic vistas by permitting development of a height and mass which will be compatible with the public enjoyment of waterfront views; (5/11/87) (3) To give high priority and preference to uses and facilities which are dependent upon proximity to the water or the shorelands immediately adjacent to marine and tidal waters; (5/11/87) (4) To capitalize on the waterfront’s unique attributes as a recreational resource accessible either through publicl,pymupdf_native,native_text_stream,not_yet_scored
greenwich-connecticut-18417c5e9074d765,106,612.0,792.0,626,64,3816,"§6-107 GREENWICH MUNICIPAL CODE §6-107 (D) Coastal resources within the view shed, including tidal rivers, streams and creeks, wetlands and marshes, intertidal mudflats, beaches and dunes, bluffs and headlands, islands, rocky shorefronts, and adjacent shoreland areas. (1/30/2019) (d) Special Requirements for Use Group 7b uses only: (1/30/2019) (1) A public waterfront access in accordance with 6-107(f) shall be provided on any site with a Use Group 7b use. (2) Prior to the approval of an applicat",pymupdf_native,native_text_stream,not_yet_scored
greenwich-connecticut-18417c5e9074d765,107,612.0,792.0,540,68,3412,"§6-107 GREENWICH MUNICIPAL CODE §6-107 (D) The net density for a multi-family residential development in the WB zone shall not exceed 1 dwelling unit per 4,200 square feet of lot area. For residential or mixed-use developments comprising more than 5 units, 15% of the total number of units must be deed restricted as moderate income dwelling units. Procedures outlined in Section 6-110(g) must be followed. (5/19/2021) (E) The maximum number of stories for residential buildings may be increased from",pymupdf_native,native_text_stream,not_yet_scored
greenwich-connecticut-18417c5e9074d765,108,612.0,792.0,518,66,3292,"§6-107 GREENWICH MUNICIPAL CODE §6-107 (4) A Declaration of Restrictions for the public waterfront access easement shall be provided to the Commission. The restrictions shall include but not be limited to maintenance obligations of the waterfront public access improvement and associated landscaping. (5) In order to ensure public safety and tenant security, property owners shall be permitted to establish reasonable rules that must be approved by the Planning and Zoning Commission, which will gove",pymupdf_native,native_text_stream,not_yet_scored
greenwich-connecticut-18417c5e9074d765,109,612.0,792.0,444,60,2871,"§6-107 GREENWICH MUNICIPAL CODE §6-108 (A) Shall extend along the entirety of the public waterfront access easement. See Diagram 15. (B) Shall be constructed of high-quality materials that are cohesive with public waterfront improvements on abutting properties so as to create a unified waterfront. See Diagram 15. (C) Shall provide unobstructed access to public waterfront improvements on abutting properties. See Diagram 15. (D) A vegetative buffer, fencing, or screening may be provided between th",pymupdf_native,native_text_stream,not_yet_scored
greenwich-connecticut-18417c5e9074d765,110,612.0,792.0,567,60,3515,"§6-108 GREENWICH MUNICIPAL CODE §6-108 (a) The minimum lot size in BEX-50 zone shall be fifty (50) acres. Subject to (b) below office occupancy shall be limited in use to a maximum number of employees (as hereinafter defined), determined by the size of such lot measured in acres or fractions thereof, multiplied by a figure of 18 employees per acre. Support personnel such as maintenance, security and cafeteria personnel may be in addition to the 18 employees per acre provided the combined maximum",pymupdf_native,native_text_stream,not_yet_scored
greenwich-connecticut-18417c5e9074d765,111,612.0,792.0,624,60,3862,"§6-108 GREENWICH MUNICIPAL CODE §6-108 If property is held in condominium or co-operative form of ownership, the condominium owners or cooperative shareholders shall direct their respective associations to provide a single traffic management plan to the Planning and Zoning Commission The purpose of the analysis and traffic management plan is to assist the Commission in its efforts to evaluate the need to control vehicular traffic generated by the lot on the roads of the Town and to provide recom",pymupdf_native,native_text_stream,not_yet_scored
greenwich-connecticut-18417c5e9074d765,112,612.0,792.0,594,61,3625,"§6-108 GREENWICH MUNICIPAL CODE §6-108 (3) Parking spaces shall be provided on the lot to accommodate all employees, visitors and guests, with at least three (3) spaces for every four (4) employees for which the building(s) on the lot are designed, but in no case less than 3.5 spaces per 1,000 square feet of gross floor area. Where the Commission determines that all of the required parking spaces may not be needed to serve the actual demands on a particular lot due to the unique nature of the pr",pymupdf_native,native_text_stream,not_yet_scored
greenwich-connecticut-18417c5e9074d765,113,612.0,792.0,564,54,3860,"§6-109 GREENWICH MUNICIPAL CODE §6-109 Sec. 6-109 HISTORIC OVERLAY ZONE (HO) (a) Purposes The purpose of a Historic Overlay Zone (“HO”) is to encourage the restoration, preservation, protection, enhancement, perpetuation and use of buildings and structures (hereinafter called “structures”) having historical or aesthetic value which represent or reflect elements of the Town’s cultural, social, economic, political and architectural history. Such preservation promotes the general health and welfare",pymupdf_native,native_text_stream,not_yet_scored
greenwich-connecticut-18417c5e9074d765,114,612.0,792.0,669,61,4317,"§6-109 GREENWICH MUNICIPAL CODE §6-109 (4) Within sixty-five days after the closing of the Public Hearing, the Commission shall take action on the application for rezoning, special permit and site plan review if the Commission finds that Sections 6-13 through 6-17 and 6-109(c) of these Regulations are met. (5) If the Commission finds that the standards of Section 6-109(c) of these Regulations are met but additionally finds, after evidence duly presented by the Owner, that there would be no reaso",pymupdf_native,native_text_stream,not_yet_scored
greenwich-connecticut-18417c5e9074d765,115,612.0,792.0,648,55,4187,"§6-109 GREENWICH MUNICIPAL CODE §6-109 (4) Each property must be recognized as a physical record of its time, place, and use. Changes that create a false sense of historical development, such as adding conjectural features or elements from other buildings, shall not be undertaken. (5) Changes to a property that have acquired historic significance in their own right must be retained and preserved. (6) Distinctive materials, features, finishes, and construction techniques or examples of craftsmans",pymupdf_native,native_text_stream,not_yet_scored
greenwich-connecticut-18417c5e9074d765,116,612.0,792.0,597,47,3685,"§6-109 GREENWICH MUNICIPAL CODE §6-109 (vi) other standards provided in this article and the standards contained in Sections 6-15 and 6-17. (4) For structures on sites in the RA-4 or RA-2 residential zone, the Planning and Zoning Commission may authorize additional FAR up to 25% and for structures on sites in the RA-1, R-20, R-12, or R-7 residential zones, the Planning and Zoning Commission may authorize additional FAR up to 15% in existing buildings or structures and/or in new construction that",pymupdf_native,native_text_stream,not_yet_scored
greenwich-connecticut-18417c5e9074d765,117,612.0,792.0,619,54,3966,"§6-109 GREENWICH MUNICIPAL CODE §6-110 (1) If any structure or building is removed, altered, modified or added to after the granting of a HO zone or during the pendency of any application for HO zone before the Planning and Zoning Commission or if it is demolished by neglect, all zoning rights as defined below applicable to said site shall be reduced by 50% except that this shall not apply if the Commission has thereafter denied the HO zone for the site or if the Commission has granted Special P",pymupdf_native,native_text_stream,not_yet_scored
greenwich-connecticut-18417c5e9074d765,118,612.0,792.0,531,65,3437,"§6-110 GREENWICH MUNICIPAL CODE §6-110 1 person household 1.2 2-3 person household 1.5 4-5 person household 1.8 6 person household 1.9 In calculating household income, the value of assets must be considered. If the value of assets (not including personal property or vehicles) is $5,000 or less, then the income received from those assets should be added to the household’s annual household income. If the value of assets is greater than $5,000, the greater of the following should be added to the ho",pymupdf_native,native_text_stream,not_yet_scored
greenwich-connecticut-18417c5e9074d765,119,612.0,792.0,493,80,2909,"§6-110 GREENWICH MUNICIPAL CODE §6-110 affordable housing units required in this section; and (2) the Commission finds that the purposes and requirements of Section 6-110 are met (5/19/2021). (1) A waiver of the prohibition of ground-floor residential dwelling units in the LB zone may be granted. Ground-floor residential use is permitted in the GB, GBO and CGB zones but is prohibited in the LB and LBR-2 zones. (2) A waiver of maximum coverage and rear setback standards provided the scale of prop",pymupdf_native,native_text_stream,not_yet_scored
greenwich-connecticut-18417c5e9074d765,120,612.0,792.0,582,69,3407,"§6-110 GREENWICH MUNICIPAL CODE §6-110 square feet per AHU). The 3,000 square feet of floor area must be applied to the residential use as the commercial use is capped at the limits defined in Section 6-205. (D) For residential or mixed-use developments comprising more than 25 units, at least 20% of the total number of units must be divided equally between moderate income and affordable housing but in the instances where an odd number of units are required, the extra unit shall be deed restricte",pymupdf_native,native_text_stream,not_yet_scored
greenwich-connecticut-18417c5e9074d765,121,612.0,792.0,653,57,4052,§6-110 GREENWICH MUNICIPAL CODE §6-110 number of on-site parking spaces shall be determined in accordance with Division 15 of the Building Zone Regulations. (3) Parking requirements for residential only developments with Below Market Rate Units (mixed use follows Section 6-155) (5/19/2021): A. Dwelling with studio or one Bedroom: 1 parking space per bedroom; B. Dwelling with Two Bedrooms: 1.25 parking spaces per bedroom; C. Dwellings with three or more Bedrooms: 1.5 parking spaces per bedroom (4,pymupdf_native,native_text_stream,not_yet_scored
greenwich-connecticut-18417c5e9074d765,122,612.0,792.0,670,54,4123,"§6-110 GREENWICH MUNICIPAL CODE §6-110 of such units. This declaration of restrictions shall be binding upon such developer for all succeeding owners of the units and recorded on the Town’s land records. Final site plan approval shall be given by the Commission only after it has been satisfied that the Declaration of Restrictions binds the developer and all succeeding owners of the units and duly restricts the ownership, use, occupancy, and resale thereof, and requires adherence to established s",pymupdf_native,native_text_stream,not_yet_scored
greenwich-connecticut-18417c5e9074d765,123,612.0,792.0,700,55,4350,"§6-110 GREENWICH MUNICIPAL CODE §6-110 (B) The first time a moderate-income dwelling unit is sold, the maximum sales price for a one bedroom unit to a subsequent moderate-income household shall not exceed four times the median annual Town paid wages of all full-time Town of Greenwich Municipal and Board of Education employees during the preceding fiscal year. Additional bedrooms will result in higher maximum sales prices: two bedroom unit prices will be limited to five times and three bedroom un",pymupdf_native,native_text_stream,not_yet_scored
greenwich-connecticut-18417c5e9074d765,124,612.0,792.0,740,55,4423,"§6-110 GREENWICH MUNICIPAL CODE §6-110 (E) Each Below Market Rate Unit shall be subject to an option to purchase (the “Purchase Option”) at the maximum allowable restricted sales price or any mutually agreed upon sales price that does not exceed the maximum sale price. The Purchase Option shall be available to the town of Greenwich, or its designee, followed next by the Housing Authority of the town of Greenwich, then followed next by qualify non-profit as approved by the Town. Upon receipt of a",pymupdf_native,native_text_stream,not_yet_scored
greenwich-connecticut-18417c5e9074d765,125,612.0,792.0,540,63,3457,§6-110 GREENWICH MUNICIPAL CODE §6-111 (E) and Zoning Department which will communicate he availability of the Below Market Rate Unit to the employees of the Town of Greenwich and the Board of Education. It shall be made clear in any advertisement that all applications shall be submitted to the Administrator for determination of compliance. (F) The Administrator is required to submit all compliant applications to the Planning and Zoning Office for verification. If there is more than one eligible,pymupdf_native,native_text_stream,not_yet_scored
greenwich-connecticut-18417c5e9074d765,126,612.0,792.0,522,71,3506,"§6-111 GREENWICH MUNICIPAL CODE §6-111 (1) Minor additions to or minor modifications of existing buildings or detached accessory buildings (1/1/87) (2) Construction of new or modification of walks, decks, patios, driveways, swimming pools, tennis courts, docks and detached accessory buildings or other structures incidental to the enjoyment and maintenance of residential property. (4/19/2006) (3) Construction of new or modification of existing on premise structures including fences, walls, pedest",pymupdf_native,native_text_stream,not_yet_scored
greenwich-connecticut-18417c5e9074d765,127,612.0,792.0,516,64,3364,"§6-111 GREENWICH MUNICIPAL CODE §6-112 recommendations of any Town agencies or outside specialists with which it consults, such as but not limited to the Conservation Commission, Inland Wetlands and Watercourses Agency, Department of Health and the Department of Parks and Recreation in determining whether the proposed activity: (1) Is in accordance with the Plan of Development/Land Use Plan. (1/1/87) (2) Preserves important open space and other features of the natural environment. (3) Does not m",pymupdf_native,native_text_stream,not_yet_scored
greenwich-connecticut-18417c5e9074d765,128,612.0,792.0,634,67,3782,"§6-112 GREENWICH MUNICIPAL CODE §6-112 applicant’s preliminary site plan application pursuant to Sec. 6-14. The Planning and Zoning Commission shall hold a public hearing and act on the application in accordance with the schedule requirements of Sec. 6-14.1 of the Building Zone Regulations. (4) Standards The Commission may grant an IND-RE zone designation to a site where it finds that: (a) At the time of the adoption of the 1964 Land Use Plan and Map and the 1985 Land Use Plan and Map, the site ",pymupdf_native,native_text_stream,not_yet_scored
greenwich-connecticut-18417c5e9074d765,129,612.0,792.0,530,67,3454,§6-112 GREENWICH MUNICIPAL CODE §6-113 (f) Modification of Zoning Requirements: All other requirements of the Building Zone Regulations relative to the underlying zone shall be applicable except that the Planning and Zoning Commission may authorize modifications to the requirements as follows: 1) Lot and Building Coverage: The Commission may authorize modifications of the maximum lot and building coverage provided that the resulting increase in coverage is commensurate with any increased Floor A,pymupdf_native,native_text_stream,not_yet_scored
greenwich-connecticut-18417c5e9074d765,130,612.0,792.0,532,74,3538,"§6-113 GREENWICH MUNICIPAL CODE §6-113 patients of the hospital and are compensated directly by the hospital in respect of such services, or whose practices require the extensive use of specialized medical equipment available only at the hospital. (7/8/95) (c) The following accessory uses shall be permitted in the Hospital Zones, H-1 and H-2, provided they are designed and intended to be used exclusively by hospital patients, visitors and staff: (7/8/95) (1) Food service, pharmacy, laundry, engi",pymupdf_native,native_text_stream,not_yet_scored
greenwich-connecticut-18417c5e9074d765,131,612.0,792.0,599,61,3828,"§6-113 GREENWICH MUNICIPAL CODE §6-114 with any new construction within the prior two years, would exceed 4,000 square feet or interior alterations of a building or a change of use affecting more than 20,000 square feet within the prior two years. (f) Yard Requirements (7/8/95) For existing or approved structures at the time a property is rezoned to a Hospital Zone the existing front, side, and rear yards shall be deemed to be permitted and not legally non-conforming. See Table, Sec. 6-205(c), f",pymupdf_native,native_text_stream,not_yet_scored
greenwich-connecticut-18417c5e9074d765,132,612.0,792.0,551,65,3374,"§6-114 GREENWICH MUNICIPAL CODE §6-114 (1) Purpose It is the purpose of these regulations to provide for a housing and health care alternative for town residents sixty-two (62) years of age or older, in the form of congregate housing communities that maintain a program of continuing health care, and provide ancillary support areas and services designed to maximize the independence of residents as their age advances. Health services should range from health monitoring for the well-elderly, to ass",pymupdf_native,native_text_stream,not_yet_scored
greenwich-connecticut-18417c5e9074d765,133,612.0,792.0,606,60,3631,"§6-114 GREENWICH MUNICIPAL CODE §6-115 2) The maximum FAR in the GB and GBO zones shall be .75 FAR provided applicant can demonstrate that the FAR in excess of that permitted in the underlying zone allows for the provision of floor area for non-residential health-related or support services that are essential elements of the CCRC. (C) Density The maximum number of dwelling units in residential zones shall be 10 per acre in the R-20 zone, 5 per acre in the RA-1 zone, and 1.6 per acre in the RA-2 ",pymupdf_native,native_text_stream,not_yet_scored
greenwich-connecticut-18417c5e9074d765,134,612.0,792.0,656,59,4202,"§6-114 GREENWICH MUNICIPAL CODE §6-115 nursing home in a CCRC is considered an ancillary use in support of the congregate residential community. 2) Accessory uses and buildings which shall be for the exclusive use of residents and their guests and are clearly incidental and subordinate to the CCRC. Accessory uses and buildings may include but are not limited to health and other service facilities; food services; garages; social, religious and recreational facilities; administrative offices; main",pymupdf_native,native_text_stream,not_yet_scored
greenwich-connecticut-18417c5e9074d765,135,612.0,792.0,639,59,3971,"§6-114 GREENWICH MUNICIPAL CODE §6-115 with all applicable standards and requirements of the Town of Greenwich and the State of Connecticut. (7) For any CCRC site served by well water there shall be an adequate and continuous potable water supply of good yield and quality on-site to permanently meet the needs of all existing and proposed uses on the lot in accordance with the applicable standards and requirements of the Town of Greenwich and the State of Connecticut. Furthermore, there shall be ",pymupdf_native,native_text_stream,not_yet_scored
greenwich-connecticut-18417c5e9074d765,136,612.0,792.0,603,53,3811,§6-115 GREENWICH MUNICIPAL CODE §6-115 (a) Purpose The purpose of the Managed Residential Community Overlay Zone (MRCO) is to encourage the development of age-friendly housing options that provide “Assisted living services” to broaden the range of housing and health care options for Greenwich’s increasing elderly population. The MRCO is designed to encourage such housing developments in close proximity to commercial centers and provide attractive congregate housing for elderly residents within t,pymupdf_native,native_text_stream,not_yet_scored
greenwich-connecticut-18417c5e9074d765,137,612.0,792.0,619,55,3904,"§6-115 GREENWICH MUNICIPAL CODE §6-115 (1) Creation of an MRCO requires approval from the Planning and Zoning Commission for a zone change. Any accompanying improvements to the MRCO property require site plan and special permit applications. (2) An application to rezone a site to a MRCO shall be submitted in conjunction with site plan and special permit applications, or pre-applications, as applicable, in accordance with Section 6-13- 6-15 of these regulations, and shall be subject to Special Pe",pymupdf_native,native_text_stream,not_yet_scored
greenwich-connecticut-18417c5e9074d765,138,612.0,792.0,530,54,3467,"§6-115 GREENWICH MUNICIPAL CODE §6-115 MRC and/or agency or agencies that provide such services, (i.e. the “assisted living services agency” or “ASLA”) must be licensed by the Connecticut Department of Public Health (“DPH”) pursuant to chapter 368v and managed in accordance with all applicable provisions of the Connecticut General Statues and regulations of the DPH, as may hereafter be amended. Copies of all documents required to be filed with the DPH under said regulations shall be filed simult",pymupdf_native,native_text_stream,not_yet_scored
greenwich-connecticut-18417c5e9074d765,139,612.0,792.0,590,49,3693,"§6-115 GREENWICH MUNICIPAL CODE §6-116 d. Any first-floor level above such parking shall not exceed the curb level of the street by more than two (2) feet. (B) To encourage the creation of more affordable elderly housing, an FAR bonus of 0.05 may be authorized for providing at least 5% of the total number of dwelling units as “Affordable housing units”, as defined in Section 6-110(b) of these regulations. Due to the importance the Commission places on increasing the Town’s affordable housing sto",pymupdf_native,native_text_stream,not_yet_scored
greenwich-connecticut-18417c5e9074d765,140,612.0,792.0,15,7,109,§6-117 GREENWICH MUNICIPAL CODE §6-118 SUBDIVISION 4. RESERVED Sec. 6-117. RESERVED Sec. 6-118. RESERVED 9-64,pymupdf_native,native_text_stream,not_yet_scored
greenwich-connecticut-18417c5e9074d765,141,612.0,792.0,84,11,614,"6-118.1 GREENWICH MUNICIPAL CODE 6-118.1 SUBDIVISION 5. RAILROAD RIGHTS-OF-WAY. Sec. 6-118.1 USE REGULATIONS IN RAILROAD RIGHTS-OF-WAY. Transportation-oriented uses shall be permitted when authorized by special permit by the Commission pursuant to Sec. 6-17 of these regulations provided the proposed uses are found to the primarily for the service and convenience of passengers such as news-stands, limousine, bus and taxi stands, limited food concessions, vending machines, passenger parking, overh",pymupdf_native,native_text_stream,not_yet_scored
greenwich-connecticut-18417c5e9074d765,142,612.0,792.0,478,50,2867,"§6-119 GREENWICH MUNICIPAL CODE §6-123 DIVISION 10. SUPPLEMENTARY AREA AND HEIGHT REGULATIONS. Sec. 6-119. RESTORATION OF UNSAFE BUILDINGS. Nothing in this Article shall prevent the strengthening of or restoring to a safe condition, any part of any building or structure declared unsafe by the Building Official or any other duly authorized person. (4/24/2013) Sec. 6-120. REDUCTION OR DUPLICATION OF REQUIRED YARD. (a) No lot area shall be reduced or diminished so that the area, yards or other open",pymupdf_native,native_text_stream,not_yet_scored
greenwich-connecticut-18417c5e9074d765,143,612.0,792.0,201,23,1205,6-123 GREENWICH MUNICIPAL CODE 6-126 been given to the safety of nearest adjoining residences and other adjoining buildings by way of man made or topographic features. Sec. 6-124. MINIMUM STREET WIDTH. (a) No plot shall be subdivided into lots and no lot shall be improved with one (1) or more buildings unless all such lots shall front upon a street having a minimum width of fifty (50) feet. (b) This limitation however shall not apply where the maximum width of the street in front of a given plot,pymupdf_native,native_text_stream,not_yet_scored
greenwich-connecticut-18417c5e9074d765,144,612.0,792.0,651,63,3714,"§6-127 GREENWICH MUNICIPAL CODE §6-128 Sec. 6-127. HEIGHT EXCEPTIONS. The following exceptions apply to the maximum building height limitations of this Article: (a) Church spires, belfries, chimneys or radio towers: No height limits (b) Solar panels on a flat roof: No more than (6) six feet above height limits (c) Roof parapets: No more than four (4) feet above height limits (d) Stair and elevator access to the roof on commercial, institutional and multi-family developments: Shall be set back on",pymupdf_native,native_text_stream,not_yet_scored
greenwich-connecticut-18417c5e9074d765,145,612.0,792.0,604,54,3498,"§6-128 GREENWICH MUNICIPAL CODE §6-131 projection may project or extend two (2) feet into any required yard or court. Such projection may have a connection to the ground beneath. No projection except for an eave and minor architectural features including sill, leader, gutter, belt course, water table less than 6” shall be permitted within five (5) feet of any property line. The wall from which a projection extends must comply with the required yard. If such projection, as described above, connec",pymupdf_native,native_text_stream,not_yet_scored
greenwich-connecticut-18417c5e9074d765,146,612.0,792.0,648,71,3594,§6-131 GREENWICH MUNICIPAL CODE §6-131 2) That such access way shall be at least 20 feet wide and no greater than 35 feet shall continue undiminished for at least the depth of the front yard setback of the zone. (5/4/2005) 3) Within the lines of such access way there shall be constructed a graveled or other paved way at least 12 feet wide and of sufficient thickness to support fire apparatus and other mobile equipment; 4) At no point shall the driveway exceed a vertical rise of 15%; 5) The area ,pymupdf_native,native_text_stream,not_yet_scored
greenwich-connecticut-18417c5e9074d765,147,612.0,792.0,601,53,3443,"§6-132 GREENWICH MUNICIPAL CODE §6-134 Sec. 6-132. YARD REQUIREMENTS ON CORNER LOTS. (a) In the case of a corner lot, the owner shall, for the purpose of this Article, have the privilege of electing any street line as the front lot line, regardless of where any entrance doorways may be located in a building on such corner lot, provided that such choice, in the opinion of the Zoning Enforcement Officer, will not be injurious to the development of adjoining properties. (5/1/2013) (b) On any corner",pymupdf_native,native_text_stream,not_yet_scored
greenwich-connecticut-18417c5e9074d765,148,612.0,792.0,641,62,3647,"§6-134 GREENWICH MUNICIPAL CODE §6-134 B. The following standards shall be applied in calculating the area to be excluded from Floor Area, Gross: i. 300 sq. ft. per vehicle; no tandem spaces permitted ii. 100 sq. ft. of space for laundry equipment iii. 100 sq. ft. of space for mechanical equipment; or 3) Where the finished surface of the floor above the basement is more than five (5) feet above the grade plane, then 100% of the space, excluding crawl space, shall be included when calculating Flo",pymupdf_native,native_text_stream,not_yet_scored
greenwich-connecticut-18417c5e9074d765,149,612.0,792.0,458,41,2724,"§6-134 GREENWICH MUNICIPAL CODE §6-139 (1) In the case of a gasoline filling or service station, the nearest edge of the premises at street frontage extended at right angles to the center line of the street. (2) In the case of all other uses, the inside face of the building wall surrounding the use extended at right angles to the center line of the street. (3) In the case of a zone boundary line, the point where the boundary line intersects with the center line of the street along which the meas",pymupdf_native,native_text_stream,not_yet_scored
greenwich-connecticut-18417c5e9074d765,150,612.0,792.0,483,63,3012,"§6-139.1 GREENWICH MUNICIPAL CODE §6-139.1 Sec. 6-139.1 FLOOD HAZARD OVERLAY ZONE. Application for review and certification of projects in regards to the FHO zone standards shall be initiated through the office of the Building Official/Zoning Enforcement Officer. Permits are required for all proposed development in any area of special flood hazard. Applications may also be reviewed by Planning and Zoning simultaneously with the ZEO review if a Coastal Site Plan application is involved. (4/7/99, ",pymupdf_native,native_text_stream,not_yet_scored
greenwich-connecticut-18417c5e9074d765,151,612.0,792.0,595,62,3670,"§6-139.1 GREENWICH MUNICIPAL CODE §6-139.1 wall other than a fire wall. Any walled and roofed addition which is connected by a fire wall or is separated by independent perimeter load-bearing walls is considered new construction. (2) Administrator - means the Federal Insurance Administrator, to whom the Federal Emergency Management Agency has delegated the administration of the National Flood Insurance Program, (NFIP). (3) Appeal - means a request for a review of the Zoning Enforcement Officer’s ",pymupdf_native,native_text_stream,not_yet_scored
greenwich-connecticut-18417c5e9074d765,152,612.0,792.0,640,55,3961,"§6-139.1 GREENWICH MUNICIPAL CODE §6-139.1 manufactured home are to be affixed (including, as a minimum, the installation of utilities, the construction of streets, and either final site grading or the pouring of concrete pads) is completed before the effective date, August 19, 1986, of the floodplain management ordinance adopted by the community. (6/18/2010) (14) Expansion to an Existing Manufactured Home Park or Subdivision - means the preparation of additional sites by the construction of fac",pymupdf_native,native_text_stream,not_yet_scored
greenwich-connecticut-18417c5e9074d765,153,612.0,792.0,640,55,4053,§6-139.1 GREENWICH MUNICIPAL CODE §6-139.1 preliminarily determined by the Secretary of the Interior as meeting the requirements for individual listing on the National Register; (b) Is part of a Local Historic District or Historic Overlay Zone; (c) Certified or preliminarily determined by the Secretary of the Interior as contributing to the historic significance of a registered historic district or a district preliminarily determined by the Secretary to qualify as a registered historic district;,pymupdf_native,native_text_stream,not_yet_scored
greenwich-connecticut-18417c5e9074d765,154,612.0,792.0,614,52,3853,"§6-139.1 GREENWICH MUNICIPAL CODE §6-139.1 (33) Regulatory Floodway - means the channel of a river or other watercourse and the adjacent land areas that must be reserved in order to discharge the base flood without cumulatively increasing the water surface elevation more than one (1) foot. (34) Riverine - means relating to, formed by, or resembling a river (including tributaries), stream, brook, etc. (35) Sand Dunes - means naturally occurring accumulations of sand ridges or mounds landward of t",pymupdf_native,native_text_stream,not_yet_scored
greenwich-connecticut-18417c5e9074d765,155,612.0,792.0,537,63,3665,"§6-139.1 GREENWICH MUNICIPAL CODE §6-139.1 The start date for cumulative costs is the effective date of the Flood Insurance Rate Map (FIRM) that rendered the structure non-compliant, meaning either the 8/19/1986, 2/22/1999, or the 7/8/2013 FIRM. For purposes of this definition, “Substantial Improvement” is considered to occur when the first alteration, after being rendered non-compliant, of any wall, ceiling, floor, or other structural part of the building commences, whether or not that alterati",pymupdf_native,native_text_stream,not_yet_scored
greenwich-connecticut-18417c5e9074d765,156,612.0,792.0,578,60,3637,§6-139.1 GREENWICH MUNICIPAL CODE §6-139.1 approximate (rounded up or down) and should be verified with the BFEs published in the FIS for a specific location. The determination of areas of special flood hazard shall be based on the flood elevations shown on the FIRM and published in the FIS in conjunction with an up-to-date and accurate topographical survey of the site prepared by a Connecticut Licensed Land Surveyor. Areas of special flood hazard shall also include areas where the land surface ,pymupdf_native,native_text_stream,not_yet_scored
greenwich-connecticut-18417c5e9074d765,157,612.0,792.0,548,72,3419,"§6-139.1 GREENWICH MUNICIPAL CODE §6-139.1 (e) Administration (1) The Zoning Enforcement Officer is hereby appointed to administer and implement the provisions of this regulation. (2) Where required under this regulation, a registered professional engineer or architect shall certify that design and methods of construction are in accordance with accepted standards of practice for meeting the provisions of this regulation. Such certification must be provided to the Zoning Enforcement Officer. (3) ",pymupdf_native,native_text_stream,not_yet_scored
greenwich-connecticut-18417c5e9074d765,158,612.0,792.0,515,65,3299,"§6-139.1 GREENWICH MUNICIPAL CODE §6-139.1 permitted to proceed. Failure to submit an acceptable survey or failure to make corrections required hereby shall be caused for issuance of a stop- work order. Final as-built plans of the finished project will be certified by a Connecticut Licensed Engineer or Architect of Record as appropriate in addition to the confirmation of lowest floor elevation by a Connecticut Licensed Land Surveyor. L) The Zoning Enforcement Officer, in the Administration of th",pymupdf_native,native_text_stream,not_yet_scored
greenwich-connecticut-18417c5e9074d765,159,612.0,792.0,522,64,3486,"§6-139.1 GREENWICH MUNICIPAL CODE §6-139.1 (4) Upon completion of the permitted development and prior to issuance of a Certificate of Occupancy, necessary as-built surveys (prepared by a Connecticut Licensed Professional Engineer per Connecticut State Statutes) and engineering or architectural certifications shall be provided to ZEO and Planning & Zoning demonstrating compliance with the approved plans and standards set forth by [Sec. (e)(3)]. (6/18/2010) (f) Provisions for Flood Hazard Reductio",pymupdf_native,native_text_stream,not_yet_scored
greenwich-connecticut-18417c5e9074d765,160,612.0,792.0,578,60,3796,"§6-139.1 GREENWICH MUNICIPAL CODE §6-139.1 (E) Meet all the construction standards for Zones A and AE as per Section 6-139.1 (f) (11). (6/18/2010) (F) Recreational vehicles shall either be on the site for fewer than 180 consecutive days, and be fully licensed and ready for highway use, or meet all the general standard of Sec. 6-139.1 (f) (1)-(8) and the elevation and anchoring requirement of Sec. 6-139.1 (f) (9) (A)–(D). A recreational vehicle is ready for highway use if it is on its wheels or j",pymupdf_native,native_text_stream,not_yet_scored
greenwich-connecticut-18417c5e9074d765,161,612.0,792.0,524,61,3316,§6-139.1 GREENWICH MUNICIPAL CODE §6-139.1 automatic entry and exit of flood waters to equalize hydrostatic flood forces on exterior walls. Designs for complying with this requirement must either be certified by a professional engineer or architect and meet the following minimum criteria: (2/9/2000) (i) Provide a minimum of two openings having a total net area of not less than one square inch for every square foot of enclosed area subject to flooding. Openings shall be on at least two sides of t,pymupdf_native,native_text_stream,not_yet_scored
greenwich-connecticut-18417c5e9074d765,162,612.0,792.0,555,58,3670,"§6-139.1 GREENWICH MUNICIPAL CODE §6-139.1 must be floodproofed both indoors and outdoors. Duct systems and other service equipment is permitted below the elevation provided that they are designed and installed to prevent water from entering or accumulating within the components and to resist hydrostatic and hydrodynamic loads and stresses, including the effects of buoyancy, during the occurrence of flooding to the design flood elevation. (6/18/2010, 6/17/2014) (v) Access to the enclosed area sh",pymupdf_native,native_text_stream,not_yet_scored
greenwich-connecticut-18417c5e9074d765,163,612.0,792.0,513,70,3270,§6-139.1 GREENWICH MUNICIPAL CODE §6-139.1 (E) A registered professional engineer or architect shall review and/or develop structural design specifications and plans for construction and shall certify that the design specifications and methods of construction are in accordance with acceptable standards of practice for meeting the provisions contained in Sec. (f) (12) (B) - (f) (12) (D) of this section; (F) There shall be no fill used as structural support. Non-compacted fill may be used around t,pymupdf_native,native_text_stream,not_yet_scored
greenwich-connecticut-18417c5e9074d765,164,612.0,792.0,554,67,3528,"§6-139.1 GREENWICH MUNICIPAL CODE §6-139.1 (2) All subdivision proposals shall have public utilities and facilities such as sewer, gas, electrical and water systems located and constructed to minimize flood damage. (3) All subdivision proposals shall provide adequate drainage to reduce exposure to flood hazards; and (4) Base flood elevation data shall be provided for all subdivision proposals and other proposed development which are five acres or fifty lots, whichever occurs first, and are locat",pymupdf_native,native_text_stream,not_yet_scored
greenwich-connecticut-18417c5e9074d765,165,612.0,792.0,509,61,3184,"§6-139.1 GREENWICH MUNICIPAL CODE §6-139.1 (G) The compatibility of the proposed use with existing and anticipated development; (H) The relationship of the proposed use to the comprehensive plan and flood plain management program for that area; (I) The safety of access to the property in times of flood for ordinary and emergency vehicles; (J) The expected heights, velocity, direction, rate of rise and sediment transport of the flood waters and the effects of wave action, if applicable, expected ",pymupdf_native,native_text_stream,not_yet_scored
greenwich-connecticut-18417c5e9074d765,166,612.0,792.0,425,44,2932,"§6-140 GREENWICH MUNICIPAL CODE §6-140.1 Sec. 6-140. AIRCRAFT LANDING – TAKEOFF FACILITIES. No aircraft landings, takeoffs and/or facilities or any related activities shall be permitted as a principal or accessory use in any business or residential zone. (11/14/84) Sec. 6-140.1 TELECOMMUNICATION FACILITIES AND SITES. (Sec. 6-140.1 Telecommunication Facilities and Sites replaced former Sec. 6-140.1 Satellite Earth Stations (SES) 12/19/2001) 1. Statement of Purpose: In accord with the Federal Tele",pymupdf_native,native_text_stream,not_yet_scored
greenwich-connecticut-18417c5e9074d765,167,612.0,792.0,500,45,3211,§6-140.1 GREENWICH MUNICIPAL CODE §6-140.1 - to avoid injury and potential damage to adjacent properties from tower failure through high structural standards of engineering and careful siting of tower structures and setback requirements; - to enhance the ability of providers of telecommunication services to provide such services to the community effectively and efficiently; - to provide for the orderly removal of antennas and towers; - to assure that these regulations are consistent with federal,pymupdf_native,native_text_stream,not_yet_scored
greenwich-connecticut-18417c5e9074d765,168,612.0,792.0,419,38,2655,"§6-140.1 GREENWICH MUNICIPAL CODE §6-140.1 Base Station: the primary sending and receiving site in a wireless telecommunication network. Camouflaged: A wireless communication facility that is significantly disguised, hidden, part of an existing or proposed structure, or placed within an existing or proposed structure is considered ""camouflaged."" Flush mounted antennas painted to match a structure will be considered camouflaged as part of an existing or proposed structure as well as rooftop equip",pymupdf_native,native_text_stream,not_yet_scored
greenwich-connecticut-18417c5e9074d765,169,612.0,792.0,492,41,3270,§6-140.1 GREENWICH MUNICIPAL CODE §6-140.1 Omni-directional (Whip) Antenna: A thin rod that beams and receives a signal in all directions. These antennas shall not exceed 20 feet in height or 7” in diameter unless otherwise permitted by the Commission. Panel Antenna: A flat surface antenna usually developed in multiples. A directional or panel antenna shall not exceed 6 feet in height or 2 feet in width unless otherwise permitted by the Commission. Personal Wireless Services: Commercial mobile s,pymupdf_native,native_text_stream,not_yet_scored
greenwich-connecticut-18417c5e9074d765,170,612.0,792.0,368,44,2224,"§6-140.1 GREENWICH MUNICIPAL CODE §6-140.1 Lattice Tower: A type of mount that is self-supporting with multiple legs and cross bracing of structural steel. Monopole Tower: The type of mount that is self-supporting with a single shaft of wood, steel, fiberglass, concrete or other material and a platform (or racks) for panel antennas arrayed at the top. 3. Use Regulations: a. Exemptions. The following shall be exempt from this regulation, but may be subject to a Building Permit issuance: (1) Repai",pymupdf_native,native_text_stream,not_yet_scored
greenwich-connecticut-18417c5e9074d765,171,612.0,792.0,545,58,3317,"§6-140.1 GREENWICH MUNICIPAL CODE §6-140.1 - Any tower and antenna less than 40 feet in total height, that is owned and operated by an amateur radio operator licensed by the FCC shall not be erected nearer to any property line than a distance equal to the vertical height of the tower. - A tower or antenna affixed to a residential structure shall be located on the rear of the structure. - For the purposes of safety where there is no existing fence with a locked gate at a height to restrict unauth",pymupdf_native,native_text_stream,not_yet_scored
greenwich-connecticut-18417c5e9074d765,172,612.0,792.0,571,62,3632,"§6-140.1 GREENWICH MUNICIPAL CODE §6-140.1 a. If feasible, regulated facilities shall be located on existing structures, including but not limited to buildings, water towers, flag pole existing telecommunications facilities, utility poles and towers, and related facilities, provided that such installation preserves the character and integrity of those structures. In particular, applicants are urged to consider use of existing telephone and electric utility structures as sites for regulated activ",pymupdf_native,native_text_stream,not_yet_scored
greenwich-connecticut-18417c5e9074d765,173,612.0,792.0,515,59,3442,"§6-140.1 GREENWICH MUNICIPAL CODE §6-140.1 business zone. If 50% or more of the service area of a site is in another municipality, additional justification is required as to why the site chosen for the tower is in Greenwich. If the applicant demonstrates that it is not feasible to locate on an existing structure, the ground mounted tower shall be designed to be camouflaged to the greatest extent possible, including but not limited to use of compatible building materials and colors, screening, la",pymupdf_native,native_text_stream,not_yet_scored
greenwich-connecticut-18417c5e9074d765,174,612.0,792.0,462,61,2950,§6-140.1 GREENWICH MUNICIPAL CODE §6-140.1 ground-mounted facility under this provision. Service providers shall submit full information establishing that they have exhausted all technically feasible alternatives for minimizing size and visual impacts of the proposed installation and for sharing space or using an existing facility or structure before any permit for a new tower shall be granted. 6. Special Permit Application Requirements: All applications for a Special Permit shall be filed with ,pymupdf_native,native_text_stream,not_yet_scored
greenwich-connecticut-18417c5e9074d765,175,612.0,792.0,601,65,3823,"§6-140.1 GREENWICH MUNICIPAL CODE §6-140.1 The Site Plan shall meet the requirements of the Site Plan Sec. 6- 14 of these Regulations. In addition, the following information shall be provided on the Site Plan. The Commission may waive one or more of the following items at the request of the applicant where the Commission or its designated representative determines that such is not necessary to determine compliance with these Regulations. a. Property lines within 300 feet. b. Significant tree cov",pymupdf_native,native_text_stream,not_yet_scored
greenwich-connecticut-18417c5e9074d765,176,612.0,792.0,517,67,3237,"§6-140.1 GREENWICH MUNICIPAL CODE §6-140.1 (1) Antennas, mounts and equipment shelters with total elevation dimensions and AGL of the highest point. (2) Security barrier. If the security barrier will block views of the facility, the barrier drawing shall be cut away to show the view behind the barrier. (3) Any and all structures on the subject property. (4) Existing significant trees of 12 inches (dbh) or greater at current height and proposed trees and shrubs at proposed height at time of insta",pymupdf_native,native_text_stream,not_yet_scored
greenwich-connecticut-18417c5e9074d765,177,612.0,792.0,418,48,2777,"§6-140.1 GREENWICH MUNICIPAL CODE §6-140.1 The documentation shall include, for each Facility Site listed, the exact location in latitude and longitude, in degrees, minutes and seconds, ground elevation, height of tower or structure, type of Antennas, Antenna gain, height of Antennas on tower or structure, output frequency, number of channels, power input and proposed maximum power output per channel. Potential adjustments to these existing Facility Sites, including changes in Antenna type, orie",pymupdf_native,native_text_stream,not_yet_scored
greenwich-connecticut-18417c5e9074d765,178,612.0,792.0,562,55,3561,"§6-140.1 GREENWICH MUNICIPAL CODE §6-140.1 - Existing plus proposed facilities: maximum estimate of RFR from the proposed Regulated Facility plus the existing RFR environment. - Certification, signed by an RF engineer, stating that RFR measurements are accurate and meet FCC guidelines as specified in the Radio frequency Radiation Standards sub-section of this regulation. d. Landscape and Screening Requirements: If the site is not already adequately screened by virtue of its location or natural t",pymupdf_native,native_text_stream,not_yet_scored
greenwich-connecticut-18417c5e9074d765,179,612.0,792.0,549,61,3501,"§6-140.1 GREENWICH MUNICIPAL CODE §6-140.1 the Planning and Zoning Commission, the Commissioner of Public Works, and the Building Official. Any major modification of an existing facility, which includes changes to tower dimensions or antenna numbers or type, shall require a new structural inspection. (4) Should the inspection of any tower reveal any structural defects that in the opinion of the independent consultant renders the tower unsafe, the following action shall be taken. Within 10 busine",pymupdf_native,native_text_stream,not_yet_scored
greenwich-connecticut-18417c5e9074d765,180,612.0,792.0,530,65,3399,"§6-140.1 GREENWICH MUNICIPAL CODE §6-140.1 (6) Flood plain (7) Wetlands (8) High intensity white lights in residential neighborhoods (9) Excessive radio frequency radiation exposure At the time of application filing, an Environmental Assessment that meets FCC requirements shall be submitted to the Commission for each Regulated Facility Site that requires such an environmental assessment to be submitted to the FCC. For all Special Permit uses the applicant shall identify and assess the impact of ",pymupdf_native,native_text_stream,not_yet_scored
greenwich-connecticut-18417c5e9074d765,181,612.0,792.0,371,37,2224,"§6-140.1 GREENWICH MUNICIPAL CODE §6-140.2 days after the one-year period. Upon removal, the site shall be restored to its previous appearance. All cabling, antennas and mounting must also be removed. (2) The Commission may require the posting of a bond or other security to the satisfaction of the Town Comptroller to secure compliance with the approved installation of all antenna towers and antenna(s) and to ensure the timely and proper removal of said tower and/or antenna and its supporting bas",pymupdf_native,native_text_stream,not_yet_scored
greenwich-connecticut-18417c5e9074d765,182,612.0,792.0,9,3,65,GREENWICH MUNICIPAL CODE THIS PAGE LEFT INTENTIONALLY BLANK 10-41,pymupdf_native,native_text_stream,not_yet_scored
greenwich-connecticut-18417c5e9074d765,183,612.0,792.0,555,59,3425,"§6-141 GREENWICH MUNICIPAL CODE §6-141 DIVISION 11. NON-CONFORMING USES. Sec. 6-141. NON-CONFORMING BUILDING AND USE: RESTRICTIONS. (a) In addition to a building becoming legally non-conforming pursuant to Sec. 8-13a of Connecticut General Statutes, any building, lot or use, lawfully existing on February 1, 1926 or on the effective date of any amendment thereafter to these Regulations, may be continued and its non-conforming status shall be deemed lawful provided that the non-conforming use is a",pymupdf_native,native_text_stream,not_yet_scored
greenwich-connecticut-18417c5e9074d765,184,612.0,792.0,558,64,3486,"§6-141 LAND USE §6-141 (C) i. When a building in any residential zone is razed and rebuilt in one or more steps utilizing an existing foundation, the new structure shall be constructed only on that portion of foundation existing within lawful setbacks. (10/13/92) ii. When a building that is less than 50 years old or is otherwise not eligible to qualify for placement on the National Register of Historic Places in a residential zone is substantially improved as defined in Sec. 6-5(a)(49.1), that b",pymupdf_native,native_text_stream,not_yet_scored
greenwich-connecticut-18417c5e9074d765,185,612.0,792.0,104,15,701,"§6-142 GREENWICH MUNICIPAL CODE §6-143 Sec. 6-142. NON-CONFORMING BUILDING. Any building constructed prior to September 30th, 1947, with front, side and/or rear yards insufficient to comply with the zoning regulations then in effect shall nevertheless be deemed to be lawfully non- conforming with respect to the yards, and may be continued subject to the conditions set forth in Section 6-141. Sec. 6-143. NON-CONFORMING YARDS. Legally conforming yards made deficient in yard requirements, and legal",pymupdf_native,native_text_stream,not_yet_scored
greenwich-connecticut-18417c5e9074d765,186,612.0,792.0,8,3,48,LAND USE THIS PAGE LEFT INTENTIONALLY BLANK 11-4,pymupdf_native,native_text_stream,not_yet_scored
greenwich-connecticut-18417c5e9074d765,187,612.0,792.0,482,49,2922,"§6-144 GREENWICH MUNICIPAL CODE §6-147 DIVISION 12. ACCESSORY BUILDINGS Sec. 6-144. ACCESSORY BUILDINGS IN RESIDENTIAL AND COMMERCIAL ZONES. (11/25/2008; 9/28/2010) (a) Accessory buildings in Commercial and Residence Zones shall not exceed a height of twenty-five (25) feet and must be at least five (5) feet from another structure. (11/25/2008) (b) No accessory building shall be located in any required yard, except that in residence zones permitted accessory buildings, other than those specifical",pymupdf_native,native_text_stream,not_yet_scored
greenwich-connecticut-18417c5e9074d765,188,612.0,792.0,243,33,1566,"§6-147 LAND USE §6-147.1 (1) The passageway shall be a structure capable of human passage and shall not exceed one-fifth the longest side of the principal structure, nor exceed the longest side of the accessory structure to be connected, whichever is less. (1/1/87) (2) Only one such passageway shall be permitted, except that two such passageways shall be permitted when separately attached to different sides of the principal structure, and the total length of the two such separate passageways sha",pymupdf_native,native_text_stream,not_yet_scored
greenwich-connecticut-18417c5e9074d765,189,612.0,792.0,170,20,1056,"§6-148 GREENWICH MUNICIPAL CODE §6-150 DIVISION 13. COURTYARDS Sec. 6-148. COURTS RESTRICTED IN THREE-STORY BUILDINGS. (a) In buildings of three (3) stories and over, used exclusively for residential purposes, inner courts shall not be permitted. (b) No outer court shall have a width less than the average height of the surrounding walls and the depth of the court shall not exceed its width. Sec. 6-149. COURTS IN BUSINESS OR INDUSTRIAL BUILDINGS. In business and industrial buildings, no inner or ",pymupdf_native,native_text_stream,not_yet_scored
greenwich-connecticut-18417c5e9074d765,190,612.0,792.0,8,3,48,LAND USE THIS PAGE LEFT INTENTIONALLY BLANK 13-2,pymupdf_native,native_text_stream,not_yet_scored
greenwich-connecticut-18417c5e9074d765,191,612.0,792.0,445,57,2761,§6-151 GREENWICH MUNICIPAL CODE §6-153 DIVISION 14. LIGHTING REQUIREMENTS Sec. 6-151. PURPOSE OF ARTICLE. The purpose of this Division shall be to reduce to reasonable limits trespass of artificial lighting except street lighting. Luminaries used for exterior lighting shall be full cutoff luminaries to reduce night sky light pollution. (5/4/2005) Sec. 6-152. BUSINESS ZONE REGULATIONS. (a) Exterior lighting shall include but shall not be limited to all lights mounted on the exterior of a building,pymupdf_native,native_text_stream,not_yet_scored
greenwich-connecticut-18417c5e9074d765,192,612.0,792.0,77,14,502,"§6-153 LAND USE §6-153 (b) The flood lights regulations shall be the same as Business Zone. (c) Moving lights and search lights regulations shall be the same as Business Zone. (d) Holiday lights or special events regulations shall be the same as Business Zone. (e) For the purposes of this section, all residential dwellings/structures in residential zones (single, two and multifamily) as well as tennis courts, platform tennis courts and similar recreational facilities are included. (9/28/2010) 14",pymupdf_native,native_text_stream,not_yet_scored
greenwich-connecticut-18417c5e9074d765,193,612.0,792.0,490,59,3199,"§6-154 GREENWICH MUNICIPAL CODE §6-155 DIVISION 15. PARKING AND LOADING FACILITIES.9 Sec. 6-154. PARKING AND GARAGES FOR RESIDENTIAL PURPOSES. (6/11/86) On lots used for single-family residence purposes, Short-term Residential Rentals, or for boarding or rooming houses sufficient garage space or outdoor parking space shall be provided to accommodate the passenger cars used by the residents of such premises. (6/1/2017; 1/27/2022) Sec. 6-155. PARKING AND GARAGES FOR TWO-FAMILY AND MULTI-FAMILY RES",pymupdf_native,native_text_stream,not_yet_scored
greenwich-connecticut-18417c5e9074d765,194,612.0,792.0,541,58,3385,"§6-155 LAND USE §6-158 The Planning and Zoning Commission may, at its discretion, require that bicycle racks be installed as a condition of site plan approval for multi-family housing. The guideline for determining the number of bicycle racks to be installed is one bicycle rack space for every ten parking spaces. In approving bicycle racks, the following standards shall be observed: (i) Bicycle and vehicle parking areas shall be separated by a physical barrier or sufficient distance to protect p",pymupdf_native,native_text_stream,not_yet_scored
greenwich-connecticut-18417c5e9074d765,195,612.0,792.0,372,59,2330,"§6-158 GREENWICH MUNICIPAL CODE §6-158 the nearest entrance within one thousand (1,000) feet of the main entrance of the building. Employees of the building’s occupants shall be required to use such available parking. (2) The Planning and Zoning Commission may, at its discretion, require that bicycle racks be installed as a condition of site plan approval. The guideline for determining the number of bicycle racks to be installed is one bicycle rack space for every ten parking spaces. In approvin",pymupdf_native,native_text_stream,not_yet_scored
greenwich-connecticut-18417c5e9074d765,196,612.0,792.0,266,56,1703,"§6-158 LAND USE §6-158 USE REQUIRED PARKING SPACES Fast Food Restaurant 1 per 2 persons, seated and standee dining capacity plus 14 (queuing) spaces for each drive-up window. (5/4/2005; 9/28/2010) Fitness Club The sum of all parking spaces required for the gym, group fitness center, recreational facility or accessory use portion of the establishment as described in this section or as determined by the Planning and Zoning Commission. (9/28/2010, 9/20/2013) Food Service Providers (Catering Facilit",pymupdf_native,native_text_stream,not_yet_scored
greenwich-connecticut-18417c5e9074d765,197,612.0,792.0,255,58,1585,"§6-158 GREENWICH MUNICIPAL CODE §6-158 USE REQUIRED PARKING SPACES Nursery School 1 space for every employee plus adequate drop-off and pick-up area as determined by the Planning and Zoning Commission. (5/4/2005) Offices - Use Group 2a and 2b (9/23/86) 1 per 150 sq. ft. of usable floor area (9/23/86) Offices – Use Group 2c (9/23/86) 1 per 200 sq. ft. of usable floor area (9/23/86) Personal Services, (includes barber shop, 2 spaces for each chair for barber shop, beauty parlor, and nail salon) be",pymupdf_native,native_text_stream,not_yet_scored
greenwich-connecticut-18417c5e9074d765,198,612.0,792.0,340,52,2056,"§6-158 LAND USE §6-158 USE REQUIRED PARKING SPACES Restaurant (cont’d) …parking, there shall be at least 10 queuing spaces per operation window. The space between the required parking spaces and queuing spaces shall be sufficient for the safe and convenient movement of all traffic on the site. Space for up to 20% of required parking may, as determined by the Planning and Zoning Commission, be in a reserve grassed or other permeable areas that is not striped for parking. In the event such reserve",pymupdf_native,native_text_stream,not_yet_scored
greenwich-connecticut-18417c5e9074d765,199,612.0,792.0,396,44,2418,"§6-158 GREENWICH MUNICIPAL CODE §6-161 - density of employment; or volume of pedestrian traffic; permit a lesser number of parking spaces. (7/24/83) Sec. 6-159. REQUIREMENTS FOR BELOW GRADE PARKING. Excluding such portion of a building or buildings devoted to residential use, any building or group of buildings on a single lot in excess of 200,000 cubic feet in volume above established grade shall be required to conceal parking from adjacent properties around the perimeter of the site in accordan",pymupdf_native,native_text_stream,not_yet_scored
greenwich-connecticut-18417c5e9074d765,200,612.0,792.0,460,47,2892,"§6-161 LAND USE §6-162.1 Where landscaped islands and perimeter buffers are provided they shall be at least five (5) feet wide with no overhang intrusion from vehicles. Landscaped perimeter buffers and landscaped islands shall have suitable curbs of asphalt, concrete or granite. Landscaped perimeter buffer areas and landscaped islands shall be planted with a mix of shrubs and trees as determined by the Commission with the advice of the Architectural Review Committee and Town Tree Warden. Perimet",pymupdf_native,native_text_stream,not_yet_scored
greenwich-connecticut-18417c5e9074d765,201,612.0,792.0,178,18,1140,"§6-162.1 LAND USE §6-162.1 (c) EV parking spaces shall have a sufficient number of ADA compliant EV spaces. The Planning & Zoning Commission may authorize a modified number of EVCS to be installed. However, the total number of required EVCS ready parking spaces shall not be reduced, and the project shall have the electrical capacity and installed conduits sufficient to accommodate the future hardware installation of an EVCS that meets or exceeds the current Level 2 voltage, and charging speed sp",pymupdf_native,native_text_stream,not_yet_scored
greenwich-connecticut-18417c5e9074d765,202,612.0,792.0,395,83,2544,"§6-163 GREENWICH MUNICIPAL CODE §6-163 DIVISION 16. SIGNS.10 Sec. 6-163. RESIDENTIAL ZONES SPECIFICATIONS. (a) The purpose of the regulations contained in this section is to avoid signs that are likely to create traffic hazards or otherwise be detrimental to the public health, welfare and safety; to aid in preserving and enhancing the aesthetic, environmental and historical values of the community; to protect, conserve and enhance property values; and to maintain and preserve pleasant surroundin",pymupdf_native,native_text_stream,not_yet_scored
greenwich-connecticut-18417c5e9074d765,203,612.0,792.0,344,84,1970,§6-163 LAND USE §6-163 MAXIMUM MAXIMUM PERMIT SIZE NUMBER REQUIRED (5) Signs pertaining to other uses 8 sq. ft. 1 on each Yes authorized by the Board of street Appeals as special exceptions frontage or by the Commission by special permit. (7/3/93) (6) Real estate signs pertaining to 3 sq. ft. 1 on each No the premises on which they are street located. (7/13/93) frontage (7) All other lawful signs not 3 sq. ft. 1 on each No specifically provided for. street (7/3/93) frontage TEMPORARY SIGNS IN RE,pymupdf_native,native_text_stream,not_yet_scored
greenwich-connecticut-18417c5e9074d765,204,612.0,792.0,350,84,1961,"§6-163 GREENWICH MUNICIPAL CODE §6-164 (h) A sign that was constructed, installed, or maintained in conformity with a permit which has lapsed or has not been renewed shall be removed forthwith without notice or action from the town. (7/3/93) (i) It shall be a violation of this ordinance and shall be subject to enforcement remedies and penalties provided by the zoning ordinance and by state law to install or maintain any sign requiring a permit without such a permit or to fail to remove any sign ",pymupdf_native,native_text_stream,not_yet_scored
greenwich-connecticut-18417c5e9074d765,205,612.0,792.0,295,73,1684,"§6-164 LAND USE §6-164 MAXIMUM PERMIT SIZE LOCATION REQUIRED (ii) In addition to the On exterior Yes above, rear entrance wall of signs facing parking areas building shall be permitted except that provided they do not one free exceed 1 sq. ft. for each standing sign foot of building fronting on is permitted a public or a private back of lot parking area to which the line but not owner has right of access. exceeding 6 sq. ft. in area. (iii) In the absence of all Back of lot Yes other signs as per",pymupdf_native,native_text_stream,not_yet_scored
greenwich-connecticut-18417c5e9074d765,206,612.0,792.0,204,77,1129,§6-164 GREENWICH MUNICIPAL CODE §6-164 MAXIMUM PERMIT SIZE LOCATION REQUIRED (D) Temporary Window In addition to the above Applied to No Signs but not to exceed 1/3 of Window each of no more than 2 window surfaces to which applied adjacent to the main building entrance. Not permitted on same window as permanent window sign. (E) Christmas holiday Back of lot No decorations (non- line commercial wording or symbol – 40 day limit). (F) Temporary identifying 24 sq. ft. Back of lot Yes signs for a bui,pymupdf_native,native_text_stream,not_yet_scored
greenwich-connecticut-18417c5e9074d765,207,612.0,792.0,187,90,1058,"§6-164 LAND USE §6-164 MAXIMUM PERMIT SIZE LOCATION REQUIRED (C) Christmas holiday - Back of lot No decorations (non- line commercial wording or symbol – 40 day limit). (D) Signs pertaining to the 15 sq. ft. 1 per each Yes, if aggrgate sale, lease, or rental of street under one the property on which frontage, permit is 12 sq. they are located. back of lot ft. and over. line. MAXIMUM MAXIMUM PERMIT SIZE NUMBER LOCATION REQUIRED (3) BEX-50 Zone (A) Signs as permitted and regulated in Section A- Re",pymupdf_native,native_text_stream,not_yet_scored
greenwich-connecticut-18417c5e9074d765,208,612.0,792.0,375,61,2116,"§6-164 GREENWICH MUNICIPAL CODE §6-166 MAXIMUM MAXIMUM PERMIT SIZE NUMBER LOCATION REQUIRED (4) “P” Zone (A) Signs as permitted in Section A- Residential Zones, in addition to the following: (B) Signs identifying the 10 sq. ft. 1 per each Yes parking area and street on any limitations of its which area use. has access located at entrance, back of lot line Sec. 6-165. MEASUREMENT OF SIGN AREA. (a) The area of a sign shall be considered to include all lettering, wording and accompanying designs or",pymupdf_native,native_text_stream,not_yet_scored
greenwich-connecticut-18417c5e9074d765,209,612.0,792.0,520,61,3156,"§6-166 LAND USE §6-168 (1) a governmental body to convey public information or direct pedestrian or vehicular traffic; (2) a public transit company bus stop or similar signs; (3) a public utility informational signs; or (4) (i) a hospital or educational, civic, historic, or religious institution; a neighborhood, fraternal or athletic organization; or a country club, that give directions thereto or convey public information and (ii) temporary non-commercial signs, under guidelines issued by the O",pymupdf_native,native_text_stream,not_yet_scored
greenwich-connecticut-18417c5e9074d765,210,612.0,792.0,406,38,2501,"§6-169 GREENWICH MUNICIPAL CODE §6-173 Sec. 6-169. DESIGN AND LETTERING. Signs shall be designed in harmony with the building and established development, in accordance with recommendations of the Architectural Review Committee. Three dimensional signs shall not exceed three (3) feet (four feet in a BEX-50 zone) in any dimension. All store units in the same building or in separate buildings in an integrated shopping center shall have a uniform design and placement of signs. No more than three (3",pymupdf_native,native_text_stream,not_yet_scored
greenwich-connecticut-18417c5e9074d765,211,612.0,792.0,170,21,1034,"§6-174 LAND USE §6-175 Sec. 6-174. PROHIBITED SIGNS. Any sign that is the structure, building, any part thereof, or any associated structure designed to symbolize and/or identify by its shape or color a particular product, service, organization or business is prohibited. Sec. 6-175. PERMIT PROCEDURE. (a) A permit shall be required for the erection, relocation or alteration of a sign as listed in Sections 6-163 and 6-164. (b) After issuance of a permit for erection of a sign with removable panels",pymupdf_native,native_text_stream,not_yet_scored
greenwich-connecticut-18417c5e9074d765,212,612.0,792.0,375,52,2482,"§6-176 GREENWICH MUNICIPAL CODE §6-178 DIVISION 17. LANDSCAPING (1/18/2023) Sec. 6-176. PURPOSE OF DIVISION. (a) The purpose of these landscape regulations is to preserve and protect all significant existing natural resources within the framework of feasible and prudent design parameters to respect the natural characteristics of the site in order to: 1) Promote environmental sustainability; 2) Protect and enhance visual, aesthetic and natural characteristics; 3) Provide adequate screening; 4) Bu",pymupdf_native,native_text_stream,not_yet_scored
greenwich-connecticut-18417c5e9074d765,213,612.0,792.0,507,55,3282,"§6-178 GREENWICH MUNICIPAL CODE §6-179 (d) A final certificate of occupancy will be issued only after it has been demonstrated to the Zoning Enforcement Officer that all landscaping has been installed in accordance with the approved landscape plan. If it is determined that planting of live material is hindered by adverse weather conditions, an extension of time may be granted for a period of up to six months or a bond can be provided. (e) Any plantings within the Town right-of-way shall be refer",pymupdf_native,native_text_stream,not_yet_scored
greenwich-connecticut-18417c5e9074d765,214,612.0,792.0,450,61,2787,"§6-180 GREENWICH MUNICIPAL CODE §6-182 Sec. 6-180. DEFINITIONS (a) Caliper means a standard trunk diameter measurement for trees. Caliper measurements are taken twelve inches above the finished grade. (b) DBH means Diameter at Breast Height, a point on the tree stem four and one-half feet above ground level. (c) Development means any construction or grading activities to improved or unimproved real estate. (d) Disturbed area means an area where the ground cover is destroyed or removed and the to",pymupdf_native,native_text_stream,not_yet_scored
greenwich-connecticut-18417c5e9074d765,215,612.0,792.0,449,52,3108,"§6-182 GREENWICH MUNICIPAL CODE §6-182 (b) The landscape plan shall demonstrate conformance to: 1) To promote environmental sustainability, landscape plans shall i. Facilitate greenways and planting to support local fauna, including pollinators ii. Prioritize native species iii. Coastal areas planted consistent with the standards contained in Section 6-111 of these regulations iv. Wetland buffer zones consistent with the requirements of the Inland Wetlands and Watercourses Agency (IWWA) v. Water",pymupdf_native,native_text_stream,not_yet_scored
greenwich-connecticut-18417c5e9074d765,216,612.0,792.0,615,54,3917,"§6-182.1 GREENWICH MUNICIPAL CODE §6-182.1 Sec. 6-182.1. SCHEDULE OF REQUIRED SCREENING AND PLANTING FOR COMMERCIALLY USED LOTS SUBJECT TO LOT COVERAGE (see 6-205). (a) Pursuant to Section 6-177, any portion of a developed lot that is not improved with buildings, structures, accessory uses, outside storage areas, off-street parking and loading areas, sidewalks or other paved or impervious areas, shall meet the specifications of Section 6-181 and the below schedule. The site shall be planted in a",pymupdf_native,native_text_stream,not_yet_scored
greenwich-connecticut-18417c5e9074d765,217,612.0,792.0,440,37,2628,§6-182.1 GREENWICH MUNICIPAL CODE §6-183 5) Non-Residential Outdoor Storage. Outdoor storage areas shall be screened from view from along all property lines and adjacent rights-of-way by a solid fence or wall between 6 and 8 feet in height. (f) Planting specifications for parking areas must meet the following: 1) Landscaped perimeter buffer areas and landscaped islands shall be planted with a mix of shrubs and trees as determined by the Commission with the advice of the Architectural Review Comm,pymupdf_native,native_text_stream,not_yet_scored
greenwich-connecticut-18417c5e9074d765,218,612.0,792.0,8,3,48,LAND USE THIS PAGE LEFT INTENTIONALLY BLANK 17-7,pymupdf_native,native_text_stream,not_yet_scored
greenwich-connecticut-18417c5e9074d765,219,612.0,792.0,439,51,2904,"§6-183.1 GREENWICH MUNICIPAL CODE §6-183.3 DIVISION 17.1. SOIL EROSION AND SEDIMENT CONTROL Sec. 6-183.1. DEFINITIONS. (1) “Certification” means a signed, written approval by the Planning and Zoning Commission or its designated agent which may be the Conservation Commission, Department of Public Works, Inland Wetlands and Watercourses Agency or Health Department (who may act through their respective staffs) that a soil erosion and sediment control plan complies with the applicable requirements o",pymupdf_native,native_text_stream,not_yet_scored
greenwich-connecticut-18417c5e9074d765,220,612.0,792.0,459,73,3071,"§6-183.4 LAND USE §6-183.4 Sec. 6-183.4. EROSION AND SEDIMENT CONTROL PLAN (1) To be eligible for certification, a soil erosion and sediment control plan shall contain proper provisions to adequately control erosion and sedimentation and reduce the danger from storm water runoff on the proposed site based on the best available technology. Such principles, methods and practices necessary for certification are found in Connecticut Guidelines for Soil Erosion and Sediment Control (1985) as amended.",pymupdf_native,native_text_stream,not_yet_scored
greenwich-connecticut-18417c5e9074d765,221,612.0,792.0,447,51,2942,"§6-183.5 GREENWICH MUNICIPAL CODE §6-183.7 Sec. 6-183.5. MINIMUM ACCEPTABLE STANDARDS. (1) Plans for soil erosion and sediment control shall be developed in accordance with these regulations using the principles as outlined in Chapters 3 and 4 of the Connecticut Guidelines for Soil Erosion and Sediment Control (1985), as amended. Soil erosion and sediment control plans shall result in a development that: minimizes erosion and sedimentation during construction; is stabilized and protected from er",pymupdf_native,native_text_stream,not_yet_scored
greenwich-connecticut-18417c5e9074d765,222,612.0,792.0,135,20,899,§6-183.8 LAND USE §6-183.10 Sec. 6-183.8 INSPECTION. (1) Inspections shall be made by the Commission or its designated agent during development to ensure compliance with the certified plan and that control measures and facilities are properly performed or installed and maintained. The Commission or its designated agent may require the permittee to verify through progress reports that soil erosion and sediment control measures and facilities have been performed or installed according to the certi,pymupdf_native,native_text_stream,not_yet_scored
greenwich-connecticut-18417c5e9074d765,223,612.0,792.0,497,74,2888,"§6-184 GREENWICH MUNICIPAL CODE §6-185 DIVISION 18. SITE PLANS Sec. 6-184. SITE PLAN CONTENTS: SPECIFICATIONS. (a) Site Plans shall indicate property lines of all buildings and future building locations including yard dimensions, building lines, area of building and lot, existing streets, curbs, or edge of pavement, sidewalks, traffic lights and controls, public trees, catch basins, hydrants, telephone and light poles and other existing objects that may affect the site plan: drives, walks, canop",pymupdf_native,native_text_stream,not_yet_scored
greenwich-connecticut-18417c5e9074d765,224,612.0,792.0,331,30,1978,§6-185 LAND USE §6-186 Notes: Parking Angle (a) Stalls provided for parking parallel to the direction of traffic flow shall have a maneuvering area not less than four feet long in addition to stall depth. Dimensions are minimum standards and may be increased by the Traffic Engineer. (b) All spaces shall be striped with white traffic pavement marking paint or a pavement marking material (i.e. thermoplastic tape) as approved by the Town Traffic Engineering. (D) AISLES PROVIDING FOR GENERAL CIRCULA,pymupdf_native,native_text_stream,not_yet_scored
greenwich-connecticut-18417c5e9074d765,225,612.0,792.0,419,42,2640,"§6-187 GREENWICH MUNICIPAL CODE §6-192 Sec. 6-187. MARKING OF PARKING AND TRAFFIC SIGNS. Parking stalls, directional arrows and other traffic signs shall be adequately marked and maintained on the surface of the pavement with contrasting paint for night operation. All pavement markings shall be reflective and traffic control signs shall be installed and maintained in accord with Town standards to the satisfaction of the Zoning Enforcement Officer. (11/17/97) Sec. 6-188. SIDEWALK SPECIFICATIONS. ",pymupdf_native,native_text_stream,not_yet_scored
greenwich-connecticut-18417c5e9074d765,226,612.0,792.0,7,3,43,LAND USE PAGE LEFT INTENTIONALLY BLANK 18-4,pymupdf_native,native_text_stream,not_yet_scored
greenwich-connecticut-18417c5e9074d765,227,612.0,792.0,216,36,1441,"§6-193 GREENWICH MUNICIPAL CODE §6-201 DIVISION 19. TRAILERS AND ESTABLISHMENTS SELLING ALCOHOLIC BEVERAGES. Sec. 6-193. TRAILERS PROHIBITED. No premises shall be used for the parking or other accommodation of any automobile trailer, house car, or trailer coach being used as living or sleeping quarters, or for the preparation of meals or any combination thereof. Sec. 6-194. LOCATION OF ALCOHOLIC ESTABLISHMENTS (a) Establishments selling or distributing alcohol under all permit types defined by t",pymupdf_native,native_text_stream,not_yet_scored
greenwich-connecticut-18417c5e9074d765,228,612.0,792.0,7,3,43,LAND USE PAGE LEFT INTENTIONALLY BLANK 19-2,pymupdf_native,native_text_stream,not_yet_scored
greenwich-connecticut-18417c5e9074d765,229,612.0,792.0,93,14,568,"§6-202 GREENWICH MUNICIPAL CODE §6-202 DIVISION 20. PENALTIES. Sec. 6-202. PENALTIES; ABATEMENT. (a) The owner, agent, lessee or tenant of either the whole or part of a building or premises, where a violation of this Article shall have been committed or shall exist, shall be guilty of a misdemeanor punishable by fine of not less than Ten Dollars ($10.00) or more than One Hundred Dollars ($100.00) for each such violation. Each days continuance of the violation shall be a separate offense. (b) Aba",pymupdf_native,native_text_stream,not_yet_scored
greenwich-connecticut-18417c5e9074d765,230,612.0,792.0,8,3,48,LAND USE THIS PAGE LEFT INTENTIONALLY BLANK 20-2,pymupdf_native,native_text_stream,not_yet_scored
greenwich-connecticut-18417c5e9074d765,231,612.0,792.0,246,27,1474,"§6-203 GREENWICH MUNICIPAL CODE §6-204 DIVISION 21. SCHEDULE OF OPEN SPACES, HEIGHTS AND BULK OF BUILDINGS – SCHEDULE OF BUILDING LINES. Sec. 6-203. OPEN SPACES, HEIGHT AND BULK OF BUILDINGS. (a) No structure shall be erected or altered except in accordance with the provisions contained in the schedule entitled “Schedule of Required Open Spaces, and Limiting Heights and Bulk of Buildings” except as otherwise provided by this Article. (b) The required minimum front yard depths and street side yar",pymupdf_native,native_text_stream,not_yet_scored
greenwich-connecticut-18417c5e9074d765,232,612.0,792.0,7,3,43,LAND USE PAGE LEFT INTENTIONALLY BLANK 21-2,pymupdf_native,native_text_stream,not_yet_scored
greenwich-connecticut-18417c5e9074d765,233,1008.0,612.0,567,238,2809,"Article. Article. 6-203. SIZE PZBA ft. ft. ft. ft. ft. ft. ft.§6-205 (6/1/2017) this this sq. sq. sq. sq. sq. sq. sq. YARDS of of Section NA SPECIAL 1,200 800 800 600 600 600 10 10 See EXCEPTION 1,200 - REAR MAXIMUM WITHOUT IN feet Division Division 50 See See - - than ft ft. ft. ft. 5 yard lots less 5 5 5 . REAR YARD ft.35 ft.25 ft.15 ft.10 STRUCTURES MINIMUM side Corner Streets - Street 2 Yard YARD ft. ft. ft. ft. ft. ft. ft. ft ACCESSORY 35 25 15 10 5 5 5 5 Front MINIMUM SIDE Minimum 3 SIDE L",pymupdf_native,native_text_stream,not_yet_scored
greenwich-connecticut-18417c5e9074d765,234,1008.0,612.0,569,250,2969,§6-205 REAR REAR ft. ft. ft. ft. ft. ft. ft. ft. ft. ft. IN 10 10 10 None 10 15 15 15 100 15 10 YARDS MINIMUMYEAR SIDE STRUCTURES SIDE AND ft. ft. ft. ft. ft. ft. ft. ft. ft. 5 5 5 5 None 5ft. 10 10 5 100 50 YARD ACCESSORY MINIMUM structured LOT and (4/4/87) **** (4/4/87) (4/4/87) 75% 75%10 75% 60%10 60%10 90% 15% 90% 75% (2/9/2000) 75% (5/11/87) MAX.COVERAGE facilities Note Note Note (4/1/91) of preparation mixed not not min. or vehicles. a but but ft. ft. residential of depth but 6 3 3 30 30 L,pymupdf_native,native_text_stream,not_yet_scored
greenwich-connecticut-18417c5e9074d765,235,612.0,792.0,558,50,3228,"§6-205 GREENWICH MUNICIPAL CODE §6-205 * Not applicable to buildings or additions thereto between the front and rear building lines for any lots as they existed at the date the building lines were established. (Sec. 6-130) ** Use group 2a and 2b only; .9 FAR on all other permitted uses; this .9 FAR shall not apply to uses between the front and rear building lines. In computing FAR for 2a or 2b uses, ground floor areas of other Use Groups shall be considered part of lot area. (6/27/95) *** (a) .9",pymupdf_native,native_text_stream,not_yet_scored
greenwich-connecticut-18417c5e9074d765,236,612.0,792.0,521,51,3260,"§6-205 LAND USE §6-205 Note 7. Applicable to Special Exception and Special Permit uses only with the following exceptions: 7(a) In the RA-4 and RA-2 zones, for Special Permit uses specified in 6-94(b) (1) and for Municipal Uses, the Planning and Zoning Commission may permit an FAR not to exceed .10 in the RA-4 zone on lots in excess of eight acres but less than twenty-five acres, and an F.A.R. not to exceed .10 in the RA-2 zone on lots in excess of 8 acres but less than 25 acres, after considera",pymupdf_native,native_text_stream,not_yet_scored
greenwich-connecticut-18417c5e9074d765,237,612.0,792.0,309,98,1831,"§6-205 GREENWICH MUNICIPAL CODE §6-205.1 Note 9. Where three (3) or more principal buildings which are non-conforming in respect to front yard and street side yard exist within the same block and within the same zone as a lot in question, the average setback line of all existing principal buildings within the block and the zone may be followed in locating a new building or in reconstructing or altering an existing building on such lot. (6/1/2017) Note 10. See Section 6-110(g). (4/4/87) Sec. 205.",pymupdf_native,native_text_stream,not_yet_scored
greenwich-connecticut-18417c5e9074d765,238,612.0,792.0,145,57,869,"§6-205.1 LAND USE §6-205.1 Building Line Shown on Map on File in Date of General Description Town Clerk’s Office Establishment of Street of Building Line as Number - Building Line Sound Beach Both sides from N.Y., N. H. & #4203 October 27, 1959 Avenue H. Railroad south to vicinity of effective Public School. November 16, 1960 West Elm Street North side from Benedict #3091 March 17, 1954 Place to Field Point Road, 35 effective feet from the property line. April 1, 1954 SCHEDULE OF REAR BUILDING L",pymupdf_native,native_text_stream,not_yet_scored
greenwich-connecticut-18417c5e9074d765,239,612.0,792.0,3,1,16,LIST OF DIAGRAMS,pymupdf_native,native_text_stream,not_yet_scored
greenwich-connecticut-18417c5e9074d765,240,612.0,792.0,64,36,395,"DIAGRAM 1 GRADE PLANE CROSS SECTION VIEW Building Height 6’-0” Finished Grade Varies, see 6’-0” section 6-134(d) Grade Plane Walls Finished Grade Varies, see section 6-134(d) Existing Grade Fill PLAN VIEW OF LIMITS OF AREA FOR CALCULATING GRADE PLANE Property Line 6’-0” Less Than 6’-0” Building 6’-0” Six (6’) feet from building wall or property line, whichever is less. 6’-0” Diagrams – Page 1",pymupdf_native,native_text_stream,not_yet_scored
greenwich-connecticut-18417c5e9074d765,241,612.0,792.0,47,24,267,"DIAGRAM 2 ATTIC AREA INCLUDED IN GROSS FLOOR AREA (GFA) Roof Rafters Attic Plane Area in GFA Dormer Area 7’-0” Finished in GFA Attic 5’-0” Floor Common 2nd Floor intersection of the Roof, Roof Rafter and Ceiling Joist. 1st Floor Grade Plane Basement Diagrams – Page 2",pymupdf_native,native_text_stream,not_yet_scored
greenwich-connecticut-18417c5e9074d765,242,612.0,792.0,105,44,631,"DIAGRAM 3 BASEMENT AREAS INCLUDED AND EXCLUDED FROM GROSS FLOOR AREA (GFA) None of basement or crawl space Attic area included in GFA 1st Floor Above Finished surface of floor 5’-0” Less than 3’-0” above BasementGrade More than 4’-0” belowPlane Crawl Space Attic 50% of basement area* included in GFA 1st Floor Above Finished surface of floor More than 3’-0” Less than 5’-0” BasementGrade *Excluding crawl spaces and Plane basement areas for parking, laundry equipment and mechanical equipment. Attic",pymupdf_native,native_text_stream,not_yet_scored
greenwich-connecticut-18417c5e9074d765,243,612.0,792.0,100,38,488,"DIAGRAM 4 HALF AND FULL STORY CALCULATIONS FOR ATTIC AREA Roof Rafters Attic Plane Dormer Area 7’-0” Finished in GFA Area in GFA Attic 5’-0” Floor In zones R-6 through RA- 1, when Area in GFA, is less than 40% of Area B 2nd Floor Attic Counts as ½ story. In zones RA-2 and RA-4, Area B when Area in GFA, is less Floor Below than 50% of Area B Attic Counts as ½ story. When Area in GFA is 1st Floor more than 40% of Area B Attic Counts as full story. Grade Plane Basement Diagrams – Page 4",pymupdf_native,native_text_stream,not_yet_scored
greenwich-connecticut-18417c5e9074d765,244,612.0,792.0,55,24,329,DIAGRAM 5 BASEMENT AREA COUNTED AS A STORY ABOVE GRADE UNDER THE FOLLOWING CONDITIONS Attic 1st Floor Above Finished surface of floor More than 5’-0” above Grade Plane Basement Grade Plane Attic 1st Floor Above Finished surface of floor Finished More than 12’-0” above Basement Grade Finished Grade at any point Diagrams – Page 5,pymupdf_native,native_text_stream,not_yet_scored
greenwich-connecticut-18417c5e9074d765,245,612.0,792.0,78,34,450,"DIAGRAM 6 ILLUSTRATION OF LOT FRONTAGE MEASUREMENT ON CUL-DE-SAC Rear Lot Line Rear Yard Side Side Side Side Yard Yard Lot Lot Principal Line Building Line Front Minimum Front Yard Street Yard Depth Front Lot Line Where the front lot line is along the terminus of a cul-de-sac, the distance may be measured at the required front yard depth setback along an arc concentric with the street line. Required (minimum) Yard See Sec. 6-205 Diagrams – Page 6",pymupdf_native,native_text_stream,not_yet_scored
greenwich-connecticut-18417c5e9074d765,246,612.0,792.0,41,22,244,DIAGRAM 7 ILLUSTRATION DISTINGUISHING YARDS FROM REQUIRED YARDS Rear Lot Line Rear Yard Side Yard Side Side Yard Side Principal Building Lot Lot Line Line Front Yard Street Front Lot Line Required (minimum) Yard See Sec. 6-205 Diagrams – Page 7,pymupdf_native,native_text_stream,not_yet_scored
greenwich-connecticut-18417c5e9074d765,247,612.0,792.0,98,46,540,DIAGRAM 7.1 ILLUSTRATION OF YARDS FOR TYPICAL LOTS AND REAR LOTS Rear Lot Line Rear Yard Principal Side Yard Building Side Yard Front Yard* Side Side Lot REAR Lot Line LOT Line Rear Yard STREET Principal Side Yard FRONTAGE Building Side Yard LOT 20’ Min. Front Yard Street Front Lot Line The area of accessway Required (minimum) Yard See is excluded from lot Sec. 6-205 area calculation for lot *For Rear Lots property owner size and FAR selects which lot line will be front per Sec 6-131 (b) (6). lo,pymupdf_native,native_text_stream,not_yet_scored
greenwich-connecticut-18417c5e9074d765,248,612.0,792.0,52,26,312,DIAGRAM 8 ILLUSTRATION OF LOT FRONTAGE MEASUREMENT Rear Lot Line Rear Yard Side Yard Side Side Lot Lot Side Yard Line Line Principal Building Minimum Frontage Front must extend 200% of Yard minimum front yard depth Street Minimum Frontage Required by Zone Required (minimum) Yard See Sec. 6-205 Diagrams – Page 9,pymupdf_native,native_text_stream,not_yet_scored
greenwich-connecticut-18417c5e9074d765,249,612.0,792.0,42,24,238,DIAGRAM 9 ILLUSTRATION OF YARDS FOR IRREGULAR SHAPED LOT Rear Lot Line Rear Yard Principal Building Side Side Yard Yard Side Side Lot Lot Line Line Front Yard Front Lot Line Street Required (minimum) Yard See Sec. 6-205 Diagrams – Page 10,pymupdf_native,native_text_stream,not_yet_scored
greenwich-connecticut-18417c5e9074d765,250,612.0,792.0,29,26,169,"DIAGRAM 10 CORNER, REAR, AND THROUGH LOTS STREET ' THROUGH LOT STANDARD REAR LOT LOT STANDARD LOT THROUGH CORNER LOT LOT STREET CORNER LOT STANDARD LOT Diagrams- Page 11",pymupdf_native,native_text_stream,not_yet_scored
greenwich-connecticut-18417c5e9074d765,251,612.0,792.0,39,23,170,"DIAGRAM 1A R-6, R-7 BUILDING 6 OF FACE -6"" 2 -6"" 2 6 -6"" 2 6 VIRTUAL WALLS WALL DIAGRAM 1A R-12, R-20 BUILDING 6 OF FACE 3 3 10 3 VIRTUAL WALLS 10 WALL Diagrams – Page 12",pymupdf_native,native_text_stream,not_yet_scored
greenwich-connecticut-18417c5e9074d765,252,612.0,792.0,41,25,162,"DIAGRAM 1A RA 1 BUILDING 6 OF FACE 6 3 6 3 15 6 VIRTUAL WALLS 15 3 WALL DIAGRAM 1A RA 2, RA 4 BUILDING 6 OF FACE 4 4 15 VIRTUAL WALLS 4 15 WALL Diagrams = Page 13",pymupdf_native,native_text_stream,not_yet_scored
greenwich-connecticut-18417c5e9074d765,253,612.0,792.0,26,7,183,DIAGRAM 11: ILLUSTRATION OF BUILDING ORIENTATION AND IMPACTS TO WATERFRONT VIEWS DIAGRAM 12: ILLUSTRATION OF WATERFRONT PUBLIC ACCESS AND PUBLIC ACCESSWAY EASEMENTS Diagrams = Page 14,pymupdf_native,native_text_stream,not_yet_scored
greenwich-connecticut-18417c5e9074d765,254,612.0,792.0,34,7,220,DIAGRAM 13: ILLUSTRATION OF CONDITIONS WHERE A WIDER PUBLIC WATERFRONT ACCESS EASEMENT MAY BE REQUIRED DIAGRAM 14: ILLUSTRATION OF PUBLIC ACCESS SIGNAGE FROM THE DEEP COASTAL PUBLIC ACCESS SIGN CATALOG Diagrams = Page 15,pymupdf_native,native_text_stream,not_yet_scored
greenwich-connecticut-18417c5e9074d765,255,612.0,792.0,26,6,190,DIAGRAM 15: ILLUSTRATION OF DESIGN STANDARDS FOR PUBLIC WATERFRONT ACCESS IMPROVEMENTS DIAGRAM 16 ILLUSTRATION OF WATERFRONT WALKWAY AND VEGETATIVE BUFFER DESIGN STANDARDS Diagrams = Page 16,pymupdf_native,native_text_stream,not_yet_scored
greenwich-connecticut-18417c5e9074d765,256,612.0,792.0,2,1,13,SUBJECT INDEX,pymupdf_native,native_text_stream,not_yet_scored
greenwich-connecticut-18417c5e9074d765,257,612.0,792.0,223,90,1621,"Subject Index Please Note: This index is provided as an aid to users of the Building Zone Regulations and is separate from the Building Zone Regulations. The subject index was prepared by the staff of the Planning and Zoning Commission and will be updated from time-to-time. SUBJECT SECTION Access, Business, Location 6-137 -Design 6-189(b) Accessway -Minimum frontage exceptions 6-131(a)(2), (a)(3), (b)(2), -excluded from FAR 6-131(a)5) Diagram 7.1 Accessory Dwelling Unit -Creation of Accessory Dw",pymupdf_native,native_text_stream,not_yet_scored
greenwich-connecticut-18417c5e9074d765,258,612.0,792.0,207,106,1590,R-MF (See R-7) BEX-50 6-108(d) HRO 6-109(d) Historic Overlay Zone 6-109 Hospital Zones 6-113 CCRC 6-114(3)(k) P-Zone - permitted 6-118(b) - prohibited 6-118(c) Addition - defined 6-5(a)(1) -limitation of permit issuance 6-12 Adequate Capacity – defined 6-141.1(2) Adequate Coverage – defined 6-141.1(2) Affordable Housing (See Conversion to Accessory Housing) Affordable Apartment (See Conversion to Accessory Housing) Agricultural Uses - special exception 6-94(a)(3) Aircraft Landings 6-140 Alcoholi,pymupdf_native,native_text_stream,not_yet_scored
greenwich-connecticut-18417c5e9074d765,259,612.0,792.0,228,102,1693,"-Maximum Area Schedule 6-205(b)(c) -Permits 6-11 -Permits - Applications 6-10 -Permits - Limitations 6-12 -Permits - Outstanding 6-7 -Preservation in Commercial Zone 6-147.1 -Setback Measurements (Business Zones) 6-139 -Unsafe 6-119 Building Lines, Schedule of 6-205.1 Building Permit -Application; Plans; Content; Survey 6-10 -Required; Issuance; Term 6-11 -Limitation on Permit Issuance 6-12 -Outstanding Building Permit 6-7 Business Zones 6-100-108 -Purposes 6-102 -BEX-50 (50 Acre Executive Offic",pymupdf_native,native_text_stream,not_yet_scored
greenwich-connecticut-18417c5e9074d765,260,612.0,792.0,224,95,1725,Congregate Housing - defined 6-5(a)(11.1) Special permit 6.43.1 Conservation Cluster Zone – (See Conservation Zones) Continuing Care Retirement Community Overlay Zone (CCRC) defined 6-5(a) (11.2) regulation 6-114 Convalescent Homes - special permit 6-94(b)(1) Contractor-see Jobbing Establishment Conversion to Accessory Housing 6-99 -Accessory Housing - General Standards 6-99(a) -Elderly Accessory Apartment 6-99(b) -Affordable Accessory Apartment 6-99(c) -Conversion of an Elderly Apartment to an ,pymupdf_native,native_text_stream,not_yet_scored
greenwich-connecticut-18417c5e9074d765,261,612.0,792.0,221,100,1741,"Dwelling Units in Business Zones 6-110 Educational Institutions (private) 6-94(a)(5), 6-100, 6-205(a) Elderly Housing and Zone - (R-PHD-E) 6-35-43 Elderly Group Home 6-94(b)(2) Elderly, Group Living – (See Group Living for the Elderly) Elderly Conversion Unit 6-99 Emergency Youth Shelters - defined 6-5(a)(19.1) -business zones 6-100 -residential zones 6-94(a)(12) Enforcement and Penalties 6-8, 6-202 Employee Density 6-100.1 Environmental Assessment – defined 6-141.1(2) Equipment Shelter – define",pymupdf_native,native_text_stream,not_yet_scored
greenwich-connecticut-18417c5e9074d765,262,612.0,792.0,220,99,1695,"Grid System – defined 6-141.1(2) Grade Plane – defined 6-5(a)(26) Grade Plane – Flood Zone 6-139.1(c)(22.1) Green Area - 6-5(a)(26.1) Ground Floor Uses Limitations on in LBR Zone 6-103 (E) CGBR Zone 6-103.1(B) LB Zone 6-104(E) Group Fitness Center – defined 6-5(a)(26.1.1) Group Day Care Home – defined 6-5(a)(26.3) Group Living for the Elderly-defined 6-5(26.2) Gym – defined 6-5(a)(27.1) Guest House - defined, and accessory building 6-5(a)(27), 6-146 Healthcare Professional – defined 6-5(a)(27.2)",pymupdf_native,native_text_stream,not_yet_scored
greenwich-connecticut-18417c5e9074d765,263,612.0,792.0,180,99,1438,-Business 6-152 -Residential 6-153 Liquor Regulated -retail sales 6-194 -restaurant use 6-194 Loading Space - defined 6-5(a)(32) -Commercial Areas 6-157 Lot - defined 6-5(a)(33) -Accessway 6-131(a)(2) -Corner - defined 6-5(a)(34) -Coverage - defined 6-5(a)(34.1) -Frontage - defined 6-5(a)(35) -Merger 6-9 -Rear (See Minimum Frontage Exceptions) 6-131 -Requirement Schedule 6-205(a)(b)(c) -Exceptions 6-131 -Through - defined 6-5(a)(36) - yard requirements 6-121 -Shape 6-205(a) -Minimum Size 6-205(a,pymupdf_native,native_text_stream,not_yet_scored
greenwich-connecticut-18417c5e9074d765,264,612.0,792.0,234,97,1749,"Continuing Care Retirement Community 6-114 Office Uses -defined 6-5(a)(38.3) -executive offices - defined 6-5(a)(19.2) - regulated 6-108 -business zone [6-100] (Use Group 2) 6-100 -occupancy limitation 6-100.1 -residential zone 6-95(a)(1) -resident medical professional office – defined 6-5(a)(41) - regulated 6-94(b)(4) Omni-directional (Whip) Antenna – defined 6-140.1(2) Open Space, Height and Bulk of Buildings 6-203 schedule 6-205(a)(b)(c) Outdoor Dining -defined 6-5(a)(38.2.1) (Use Group 1) 6-",pymupdf_native,native_text_stream,not_yet_scored
greenwich-connecticut-18417c5e9074d765,265,612.0,792.0,238,100,1877,"Porch – defined 6-5(a)(38.6) Porch, Covered – defined 6-5(a)(12.1) Post Road Impact Overlay Zone (PRIOZ) 6-101 Premises - defined 6-5(a)(39) Preservation of Existing Buildings (Commercial Zones) 6-147.1 Professional Person - defined 6-5(a)[(49)] (40) -Accessory office use 6-95(a)(1) Public Utilities - special exception -Principal Use 94(a)(7) Purpose - Regulations 6-1 Radio Frequency Engineer – defined 6-140.1(2) Radio Frequency Radiation (RFR) 6-140.1(2) Railroads - Rights-of-way 6-118.1 Rear Y",pymupdf_native,native_text_stream,not_yet_scored
greenwich-connecticut-18417c5e9074d765,266,612.0,792.0,197,99,1573,"-Prohibited in two-family dwelling 6-95(a)(4) Satellite Earth Station Antenna - defined 6-5(a)43.1 Satellite Earth Stations and Dish Antenna - defined 6-140.1(2) - regulated 6-140.1(2) Schools- -residential areas -public 6-93(a)(2) -private, non-profit 6-94(a)(5), 6-205(a) -business zones 6-100 Scope of Regulations 6-9 Screening (See Planting) -regulated 6-176 –to 6-183 -zone boundaries, schools and parks 6-135 -parking and loading 6-186 -rubbish enclosures 6-192 Schedule of Required Open Spaces",pymupdf_native,native_text_stream,not_yet_scored
greenwich-connecticut-18417c5e9074d765,267,612.0,792.0,231,99,1686,"-Procedure 6-17(b) -Exemptions 6-17.1 -Business Zones 6-101, 6-110 -Hospital Zones 6-113 6-113 -HO Zones 6-109 -Railroad Rights-of-way 6-118.1 -Residential Zones 6-94(b), 6-98, 6-101(d) Story - defined 6-5(a)(45) - limitation schedule 6-205(a)(b)(c) Story Above Grade – defined 6-5(a)(45.1) Street - defined 6-5(a)(46) Street Curb Line - defined 6-5(a)(47) Street Frontage (See frontage) - defined 6-5(a)(48) - exceptions 6-131 Street Minimum Width 6-124 Street Side Yard – dimensions 6-132(b) & 6-20",pymupdf_native,native_text_stream,not_yet_scored
greenwich-connecticut-18417c5e9074d765,268,612.0,792.0,68,30,491,"-Corner Yard Requirements 6-132 -Projections in Required Yards 6-128 -Requirements for Non-Conforming Lots 6-9 -Exceptions to Front and Side Yard Requirement in Business Zones 6-129 Reduction or duplication of required yard 6-120 Yard, Required or Minimum Yard – defined 6-5(a)(56.1) Zoning Boundaries - description 6-4 -Classification 6-2 -Measurements 6-134(3) -Screening Requirements 6-135 -Yard Requirements 6-125 Zoning Lot Area - defined 6-5(a)(57) Zoning Map 6-3 . Revision 12-2014 12",pymupdf_native,native_text_stream,not_yet_scored
greenwich-connecticut-18417c5e9074d765,269,612.0,792.0,373,67,2473,TOWN OF GREENWICH CHRONOLOGICAL LIST OF AMENDMENTS BUILDING ZONE REGULATIONS 1/1979 TO PRESENT (Updated 7/14/2023) This listing of text amendment was compiled by the staff of the Planning and Zoning Commission to assist users of the Building Zoning Regulations with an interest in knowing when amendments to the regulations from the date indicated took effect. The Commission takes no responsibility for omissions or errors. Users should also consult the public hearing notices and legal ads publishe,pymupdf_native,native_text_stream,not_yet_scored
greenwich-connecticut-18417c5e9074d765,270,612.0,792.0,340,82,2222,"SECTION TITLE EFFECTIVE DATE OF AMENDMENT 6-99 To amend standards for conversion to accessory housing 4/6/2022 To allow for operation of temporary outdoor dining for the 2022 outdoor dining season pursuant to CT HB 5271, AN ACT CONCERNING THE PROVISION OF OUTDOOR FOOD AND BEVERAGE SERVICES AND OUTDOOR DISPLAYS OF GOODS to commence on April 1, 2022 and to have a new end date 6-100 of the Sunday prior to Thanksgiving, November 20, 2022 4/6/2022 6-5(43.4), 6- 93(a)(3), 6-97, 6-98 and 6- 154 To defi",pymupdf_native,native_text_stream,not_yet_scored
greenwich-connecticut-18417c5e9074d765,271,612.0,792.0,324,81,2069,"SECTION TITLE EFFECTIVE DATE OF AMENDMENT conversion of space within existing homes not to exceed 1,200 square feet or 35% of the dwelling, whichever is greater. The definition of “existing structures” is also proposed to be those on the tax rolls for at least 5 years from the date of application. 6-5(a)(52) To amend the definition of ""Walk-in Medical Clinic"" 9/17/2020 6-13 to 6-17 To amend the Site Plan. Special Permit and zoning Amendment and 6-22 process to include a ""Pre-application review p",pymupdf_native,native_text_stream,not_yet_scored
greenwich-connecticut-18417c5e9074d765,272,612.0,792.0,346,99,2290,"SECTION TITLE EFFECTIVE DATE OF AMENDMENT Section 6-194 Amended to remove separation requirements between alcoholic 3/28/2018 establishments Section 6-103 Amended to allow for Fitness Clubs; Group Fitness Centers/Gyms; 3/2/2018 (G) Day-Care Centers; Walk-in Medical Clinics; Sales Agencies of Real Estate or Insurance; Art Galleries; and Schools, both profit and non- profit in the LBR-1 Zone Section 6-100 Amended to all for 10,000 sq. ft. of Office in the GB Zone only 3/2/2018 Use Group 2a Section",pymupdf_native,native_text_stream,not_yet_scored
greenwich-connecticut-18417c5e9074d765,273,612.0,792.0,364,102,2642,SECTION TITLE EFFECTIVE DATE OF AMENDMENT Section 6-98 Amended to remove multi-family uses and references to R-6 6/9/2017 “Multifamily” and RMF Zones from the R-6 Zone Section 6-98.1 Created Section 6-98.1 to define permitted uses in the RMF Zone 6/9/2017 Section 6-155 Amended to refer to two-family and multifamily residential 6/9/2017 purposes Section 6-155 Amended to add subsections (d) and (e) 6/9/2017 Section 6-17.2 Add 12-month moratorium for applications under Sec. 6-17.2 1/18/2017 Section,pymupdf_native,native_text_stream,not_yet_scored
greenwich-connecticut-18417c5e9074d765,274,612.0,792.0,364,110,2656,"SECTION TITLE EFFECTIVE DATE OF AMENDMENT 6-139.1 (f) Amended to include requirements for duct systems in the flood zone 6/25/2014 (11) (D)(iv) PLPZ201400274 6-139.1 (f) Amended to specify the required details for flood control openings 6/25/2014 (11)(D) PLPZ201400274 6-139.1 (c) Amended to reference dates of flood map compliance 6/25/2014 (40) PLPZ201400274 6-5(a)(26) add reference to Flood Zone Grade Plane PLPZ201400274 6/25/2014 6-139.1 (c) Add definition for Grade Plane, Flood Zone PLPZ20140",pymupdf_native,native_text_stream,not_yet_scored
greenwich-connecticut-18417c5e9074d765,275,612.0,792.0,371,115,2741,SECTION TITLE EFFECTIVE DATE OF AMENDMENT 6-175(c) replace building inspector with Zoning Enforcement Officer 5/1/2013 6-132(a) replace building inspector with Zoning Enforcement Officer 5/1/2013 6-20(b) replace building inspector with Zoning Enforcement Officer 5/1/2013 6-20(a) replace building inspector with Zoning Enforcement Officer 5/1/2013 6-15(b) replace building inspector with Zoning Enforcement Officer 5/1/2013 6-168(d) add new language regarding electronic message signs 4/24/2013 6-168,pymupdf_native,native_text_stream,not_yet_scored
greenwich-connecticut-18417c5e9074d765,276,612.0,792.0,370,107,2668,"SECTION TITLE EFFECTIVE DATE OF AMENDMENT 6-11(d) renumber to 6-11(c). Change all references from ""building permit"" 4/24/2013 to ""Zoning Permit"". Update title to ""Zoning Enforcement Officer"" 6-11(c) renumber to 6-11(b). Change all references from ""building permit"" 4/24/2013 to ""Zoning Permit"". Update titles to ""Zoning Enforcement Officer"" and ""Building Official"" 6-11(b)-(d) Delete Section 6-11(b) and reorder accordingly 4/24/2013 6-11(a) amend and update to include Zoning Enforcement Officer and",pymupdf_native,native_text_stream,not_yet_scored
greenwich-connecticut-18417c5e9074d765,277,612.0,792.0,426,97,2764,"SECTION TITLE EFFECTIVE DATE OF AMENDMENT 6-128 Amended to include exceptions for Green Area 3/2/2012 6-98 Added minimum Green Area to R-MF and R-6 Zones 3/2/2012 6-5(a)(26.2) Renumbered Section 6-5(a)(26.1) and (26.2) to 6-5(a)(26.2) and 3/2/2012 and (26.3) (26.3) 6-5(a)(26.1) Definition of Green Area 3/2/2012 6-5(a)(34.1) Amend to add 3 ft./ friable fill, and R-MF and R-6 to definition 3/2/2012 6-5 (a)(7) Amend 6-5(a)(7) to exclude first two ft. of overhang and include 3/2/2012 green area 6-12",pymupdf_native,native_text_stream,not_yet_scored
greenwich-connecticut-18417c5e9074d765,278,612.0,792.0,442,88,2798,"SECTION TITLE EFFECTIVE DATE OF AMENDMENT uses listed in Use Group 1 except for banks and financial services, (including drive up and drive thru) and sales agencies of real estate, employment insurance or travel firms which are not permitted on the first floor of the CGBR zone. These uses are only allowed on the upper floors if parking is provided on site since these uses are considered office uses and not retail uses. ATM machines and bank entrances to the 2nd floor are not considered financial",pymupdf_native,native_text_stream,not_yet_scored
greenwich-connecticut-18417c5e9074d765,279,612.0,792.0,421,102,2758,"SECTION TITLE EFFECTIVE DATE OF AMENDMENT 6-5(a) (38.2) Modify definition of Office uses to include banks 10/12/2010 6-5(a) (36.1) Add Definition for Medical Professional 10/12/2010 6-5(a) (27.2) Add definition for Healthcare Professional 10/12/2010 6-5(a) (21.3) Add definition of Financial Service 10/12/2010 6-5 (a)(3.1) Amend definition of bank to include financial service business that 10/12/2010 primarily … 6-5(a) (12.1) Add definition of COVERED PORCHES; including gazebos, pool 10/12/2010 h",pymupdf_native,native_text_stream,not_yet_scored
greenwich-connecticut-18417c5e9074d765,280,612.0,792.0,439,86,2755,"SECTION TITLE EFFECTIVE DATE OF AMENDMENT 6-158 (b) Drive In/Up Establishment Parking and queuing requirements 11/25/2008 6-100 Use Water dependent uses - revision/adding text regulating boats and 11/7/2007 Group 7 boat storage racks; boat storage racks to meet accessory setback requirements and limited in height to 30'. 6-128 (a) (b) Projections in required yards - revision - deleted term ""attached 10/24/2007 (c) & (d) terraces""; added language permitting balconies, windows and stair wells to p",pymupdf_native,native_text_stream,not_yet_scored
greenwich-connecticut-18417c5e9074d765,281,612.0,792.0,364,116,2672,"SECTION TITLE EFFECTIVE DATE OF AMENDMENT 6-110 (e) Use Regulations and Special Permit Requirement for Dwellings 4/19/2006 Units Permitted in the Business Zones - Revision - Substituted phase ""areas designated for recreation and delete term terraces 6-76 ( c ) Number of Families; Lot Area; Terrace Patio or Deck Area - 4/19/2006 Revision - Substituting ""patio"" and ""deck"" for ""terrace"" 6-30 (f) Lot and Building Requirements - Revision - Substituting ""patio"" and 4/19/2006 ""deck"" for ""terrace"" 6-5 (",pymupdf_native,native_text_stream,not_yet_scored
greenwich-connecticut-18417c5e9074d765,282,612.0,792.0,434,83,2623,"SECTION TITLE EFFECTIVE DATE OF AMENDMENT 6-103 (C) Revised to replace text reading ""average existing grade at street 5/4/2005 level"" to ""grade plane"". 6-104 (C) "" "" 5/4/2005 6-104 (H) Prohibition against display of merchandise or equipment used for on 5/4/2005 site business activity in front yard or required parking area in LB zone. 6-104.1 (D) "" "" in CGB zone 5/4/2005 6-105 (c) "" "" in GB zone 5/4/2005 6-106 (c) "" "" in GBO zone 5/4/2005 6-126 Visibility at Section revised with the addition of i",pymupdf_native,native_text_stream,not_yet_scored
greenwich-connecticut-18417c5e9074d765,283,612.0,792.0,419,65,2684,"SECTION TITLE EFFECTIVE DATE OF AMENDMENT Building Zone Regulations and revised the parking standards for uses for which parking standards already existed. 6-161 Amended title of this section to add landscaping standards to paving 5/4/2005 and drainage requirements for site plans, and lists landscaping criteria for site plan with 10 or more parking spaces. 6-168 (a) Adds neon illumination to the list of prohibited types of signs 5/4/2005 6-175 (b) Deleted this sub-paragraph that specified the fi",pymupdf_native,native_text_stream,not_yet_scored
greenwich-connecticut-18417c5e9074d765,284,612.0,792.0,419,91,2770,"SECTION TITLE EFFECTIVE DATE OF AMENDMENT 1.0, and a height not to exceed four stories and a building height not to exceed 50 feet when authorized by special permit. 6-5 (2.1) Definitions - Attic added 10/9/2002 6-5 (3.1) Definitions - Basement added 8/21/2002 6-5 (12.1) Definitions - Crawl Space added 4/30/2002 6-5 (21.2) Definitions - Finished Grade added 4/30/2002 6-5 (22.1) Definitions - Floor Area Gross added 4/30/2002 6-5 (26) Definitions - Grade Plane added 4/30/2002 6-5 (45.1) Definition",pymupdf_native,native_text_stream,not_yet_scored
greenwich-connecticut-18417c5e9074d765,285,612.0,792.0,383,76,2629,"SECTION TITLE EFFECTIVE DATE OF AMENDMENT RA-2 from 45' to 46 1/2' RA-1 from 35 to 40' R-20 from 35 to 37 1/2' 6-140.1 Satellite Earth Station (SES) deleted and replaced by new Section 6- 4/30/2002 140.1 Telecommunication Facilities and sites. 6-155 Parking and garages for multi-family residential purposes. 4/30/2002 Paragraph added granting Planning and Zoning Commission, authority to require the installation of bicycle racks as a condition of Site Plan approval for multi-family housing. Text a",pymupdf_native,native_text_stream,not_yet_scored
greenwich-connecticut-18417c5e9074d765,286,612.0,792.0,427,83,2772,SECTION TITLE EFFECTIVE DATE OF AMENDMENT Planning Zoning Commission. Special Permit Approval can only be done after IWWA renders its decision. 6-17.1 Exemptions. Deleted in its entirety. 2/7/2001 6-20 (c)(l) Board of Appeals add to sub-paragraph (c)(l) requiring Board of 2/7/2001 Appeals to consider Plan of Conservation and Development in rendering decisions on special exceptions. Addition necessitated re- numbering existing (l) to (6) to (2) to (7). 6-111 Coastal Overlay Zone new section requi,pymupdf_native,native_text_stream,not_yet_scored
greenwich-connecticut-18417c5e9074d765,287,612.0,792.0,331,113,2338,SECTION TITLE EFFECTIVE DATE OF AMENDMENT 6-100 Deleted the Following Uses From Use Group 9: Motor Vehicle 5/10/2000 Repair; Motor Vehicle Sales and Service; and Motor Vehicle Storage 6-104 (A) Deleted entire third paragraph in this section 5/10/2000 6-104 (G) Deleted Entire Last Paragraph in This Section 3/21/2000 6-5 (34.1) Definition - Lot Coverage 3/21/2000 6-98 (a)(2)(c) Maximum Coverage Building & Lot Coverage 3/21/2000 6-128 (b) Revised Projections into Required Yards to Include Projects ,pymupdf_native,native_text_stream,not_yet_scored
greenwich-connecticut-18417c5e9074d765,288,612.0,792.0,316,128,2402,"SECTION TITLE EFFECTIVE DATE OF AMENDMENT 6-118(f) New subsection added to Use Regulations in P-Zones 8/2/1997 6-162(a) Pooled or Group Parking Facilities 8/2/1997 6-162(b) Deletion of subsection (b) in Pooled or Group Parking Facilities 9/23/1996 6-158(a)&(b) Customer, Patron, Tenant or Employee Parking; Required Spaces 9/23/1996 6-117 Term change in of P-Zone 9/23/1996 6-118 Term change in Use Regulations in P-Zones 9/19/1996 (a)(2)(C) 6-118(d) Term changes in Use Regulations in P-Zones 8/14/1",pymupdf_native,native_text_stream,not_yet_scored
greenwich-connecticut-18417c5e9074d765,289,612.0,792.0,361,114,2493,SECTION TITLE EFFECTIVE DATE OF AMENDMENT 6-205.1 Deletion of Building Line on Mason St. 11/25/1991 6-205.1 Amending Schedule of Building Lines by Adding a Front Building 7/1/1991 Line on North Side of East Elm St. 6-100 Floor Area Ratio for Service and Social Clubs 7/1/1991 6-5. Definition of Service and Social Club 4/29/1991 6-5(a)(11.2) Definition of & Standards for Continuing Care Retirement 4/29/1991 Communities 6-114 Continuing Care Retirement Community Overlay Zone 4/29/1991 6-108 Use Reg,pymupdf_native,native_text_stream,not_yet_scored
greenwich-connecticut-18417c5e9074d765,290,612.0,792.0,243,106,1783,SECTION TITLE EFFECTIVE DATE OF AMENDMENT 6-197 (d) Restaurant Containing Service Bar 10/21/1989 6-179(c) New Required Screening; Exceptions 10/2/1989 6-103.1 (D) CGBR Zone Parking 8/19/1989 6-5 (a) (52) Walk-In Medical Clinic 11/30/88 6-110 (g) (5) Moderate Income Dwelling Units 9/28/1988 6-94(b)(2) Group Living Facility for Elderly 7/25/1988 New 6-5 Group Living Facility for Elderly 3/2/1988 6-100 Group Living Facility for Elderly 2/9/1988 6-100 Use Office Uses... 2/9/1988 Group 2 6-110(a) Num,pymupdf_native,native_text_stream,not_yet_scored
greenwich-connecticut-18417c5e9074d765,291,612.0,792.0,341,91,2232,"SECTION TITLE EFFECTIVE DATE OF AMENDMENT 6-205 Refers to Sec. 6-110(g) 5/1/1987 Note 10 6-110(g) (New) Moderate Income Dwelling Units 4/2/1987 6-110 (a) No. of Dwelling Units in GB, GBO, LB 4/2/1987 6-104 (G) Permitted Uses-Use Group 3 4/2/1987 6-104 (E) LB Zone Ground Floor Uses 4/2/1987 6-169 Size of Lettering on Signs 4/2/1987 6-164(c) Signs - Area of Window Coverage 4/2/1987 6-147(a) Breezeways & Attached Structures 1/1/1987 (1)(2)(b)(c) 6-111 all Coastal Area Overlay Zone 1/1/1987 revamped",pymupdf_native,native_text_stream,not_yet_scored
greenwich-connecticut-18417c5e9074d765,292,612.0,792.0,438,58,2783,"SECTION TITLE EFFECTIVE DATE OF AMENDMENT as follows: Use Group 2a limited to .15 F.A.R. in the LBR-1 zone, and limited to .3 FAR in the LBR-2 and LBR-3 zones. Amend Sec. 205 (b) Business Zones ""note page"": Note 1: See Section 6-110 (a) Note 2: See Section 6-110(b) 6-204 Deleted Delete entire (Sec. 6-204. Exceptions to maximum height and 6/16/1986 parking space requirements. 6-205(b) Delete all existing standards and requirements pertaining to 6/11/1986 maximum height, minimum lot size and maxim",pymupdf_native,native_text_stream,not_yet_scored
greenwich-connecticut-18417c5e9074d765,293,612.0,792.0,404,62,2713,"SECTION TITLE EFFECTIVE DATE OF AMENDMENT 6-110(b) Delete existing Section 6-110 (b) and replace with text which 6/11/1986 follows: Distance Requirements. An adequate distance shall be maintained free of all obstructions from any wall containing a dwelling unit window required for light or ventilation. Where minimum side yards are required in Sec. 6-205(b), the Planning and Zoning Commission may find lesser side yards adequate for residential uses. In all zones other than CGBR the minimum distan",pymupdf_native,native_text_stream,not_yet_scored
greenwich-connecticut-18417c5e9074d765,294,612.0,792.0,436,70,2887,"SECTION TITLE EFFECTIVE DATE OF AMENDMENT 6-5(a)(31.3) Delete the existing Section 6-5(a)(31.1) and replace with new 6/11/1986 definition of ""Level of Service, Acceptable"" reading as follows: ""Level of Service, Acceptable, for roads shall mean that stable conditions exist, i.e., movements may be somewhat restricted due to volumes, but conditions are not objectionable for motorists. ""Level of Service, Acceptable,"" for intersections shall mean that drivers occasionally wait through more than one s",pymupdf_native,native_text_stream,not_yet_scored
greenwich-connecticut-18417c5e9074d765,295,612.0,792.0,486,64,2968,SECTION TITLE EFFECTIVE DATE OF AMENDMENT Division 17.1 Division 17.1 Soil Erosion and Sediment Control containing the 6/11/1986 (New) following sections added: 6-183.1; 6-183.2; 6-183.3; 6-183.4; 6- 183.5; 6-183.6; and 6-183.17; 6-183.7; 6-183.8; 6-183.9; and 6- 183.10 6-10(a)(1) Amends Section 6-10(a)(1) to add the underlined text as shown 6/11/1986 below: Section 6-10(a)(1) The actual shape and dimensions of the lot to be built upon. Whenever a lot has been created by the division of a larger,pymupdf_native,native_text_stream,not_yet_scored
greenwich-connecticut-18417c5e9074d765,296,612.0,792.0,445,61,2851,"SECTION TITLE EFFECTIVE DATE OF AMENDMENT rear building line in the CGBR zone, the lot area used for determining the number of permitted units shall be the actual lot area reduced by the amount of floor area devoted to uses other than dwelling units. Upon application for special permit pursuant to Section 6-17 the Commission may authorize computation of permitted units based upon actual lot area reduced by one-half the floor area devoted to uses other than dwelling units provided the maximum FAR",pymupdf_native,native_text_stream,not_yet_scored
greenwich-connecticut-18417c5e9074d765,297,612.0,792.0,487,59,2966,"SECTION TITLE EFFECTIVE DATE OF AMENDMENT height limits of this Article shall not apply to…a parapet wall extending not more than four (4) feet above limiting height of the buildings on which it rests, provided however, that the Planning and Zoning Commission, or their designee, after giving due consideration to the standards of Sec. 6-15 and 6-17 and after consultation with the Architectural Review Committee, may authorize an increase in the height of any such parapet wall in the event such inc",pymupdf_native,native_text_stream,not_yet_scored
greenwich-connecticut-18417c5e9074d765,298,612.0,792.0,426,60,2815,"SECTION TITLE EFFECTIVE DATE OF AMENDMENT 6-18(c ) Amendments added to the text with underlining as shown below: No 10/27/1983 certificate of occupancy shall be issued for any business building, for any multi-family dwelling, for any structure containing a mix of residential and non-residential uses, or for any dwelling group on a lot....reasonable by the Building Inspector; except that on-site and off-site improvements deemed necessary to protect the health, safety and welfare of the public may",pymupdf_native,native_text_stream,not_yet_scored
greenwich-connecticut-18417c5e9074d765,299,612.0,792.0,446,59,2821,SECTION TITLE EFFECTIVE DATE OF AMENDMENT accordance with plan approval by Planning and Zoning Commission. 6-14(b) Amends this sub-paragraph to include the Fire Department among 10/27/1983 the list of departments which recommendations are to be incorporated into a final development plan unless the applicant appeals any such recommendation to the Planning and Zoning Commission. 6-14(g)3 Amends this sub-paragraph to require certification of mail 10/27/1983 notification of abutting property owners ,pymupdf_native,native_text_stream,not_yet_scored
greenwich-connecticut-18417c5e9074d765,300,612.0,792.0,435,60,2825,"SECTION TITLE EFFECTIVE DATE OF AMENDMENT will not create a disturbance or hazard to pedestrians or traffic and will not interfere with the safe and free flow of pedestrians or traffic. 10/18/1983 6-158(b) Amends this section of the regulations covering restaurants, night 7/24/1983 clubs, and taverns by adding the text shown below: as footnote to entry for the uses listed: Use: Restaurants, Night Clubs, Taverns* *In the case of sidewalk cafes or other outdoor dining facilities operating on a tem",pymupdf_native,native_text_stream,not_yet_scored
greenwich-connecticut-18417c5e9074d765,301,612.0,792.0,445,61,2896,"SECTION TITLE EFFECTIVE DATE OF AMENDMENT dwelling units, or any non-residential structure, or any structure containing a mix of residential and non-residential uses. Exterior alterations shall include but not be limited to replacement of doors or windows or signs involving a substantial change in design, material or color as well as to removal or alterations of roof top mechanical structures and other integral parts of the structure. This section amended by the addition of sub-paragraph (8) and",pymupdf_native,native_text_stream,not_yet_scored
greenwich-connecticut-18417c5e9074d765,302,612.0,792.0,432,58,2759,"SECTION TITLE EFFECTIVE DATE OF AMENDMENT special permits, the period of review for the site plan shall be in accordance with Section [8-3c] 8-7d, as may be amended from time to time, of the General Statutes. Delete Sec. 6-14.1 (d) 6-23(c ) Adds the sub-paragraph to Purpose section of Conservation Zones as 6/17/1983 stated below: The Planning and Zoning Commission upon application in the manner prescribed herein, after a public hearing and consideration of the recommendation of the Conservation ",pymupdf_native,native_text_stream,not_yet_scored
greenwich-connecticut-18417c5e9074d765,303,612.0,792.0,446,59,2937,SECTION TITLE EFFECTIVE DATE OF AMENDMENT cultural heritage of the community and to preserve the Town's historic resources in conformance with Sec. 8-2 of the State Statutes 6-118 (a)(2) Amends this sub-paragraph by the addition of the underlined text as 4/3/1982 shown below: Off street parking….permitted uses in the adjoining business zone (when and as to the extent authorized by the Board of Appeals as a special exception as provided in Sec. 6-20(c) subject to the conditions and safe-guard set,pymupdf_native,native_text_stream,not_yet_scored
greenwich-connecticut-18417c5e9074d765,304,612.0,792.0,487,58,2904,"SECTION TITLE EFFECTIVE DATE OF AMENDMENT beauty of an area and when one or more of the following purposes are accomplished: ( (1) To conserve and preserve land to assure.... natural beauty of an area) Existing purposes in Sec. 6-23 numbered 2-6 to be renumbered 1-5. 6-24 (b) Amends this sub-paragraph by additions of underlined text as shown 2/9/1982 below: The Planning and Zoning on its own motion, on the petition of the Conservation Commission, or on the petition of one or more property owners",pymupdf_native,native_text_stream,not_yet_scored
greenwich-connecticut-18417c5e9074d765,305,612.0,792.0,480,53,2903,"SECTION TITLE EFFECTIVE DATE OF AMENDMENT follows: RA-C4, RA-C2 and RA-C1: Not more than two attached single family houses per building as the result of conversion of a structure which was existing and listed with the Tax Assessor as of Dec. 1, 1981. R-C20 and R-C12: Not more than four attached single family houses, singly or in groups of building. R-C7: Not more than six attached single family houses, singly or in groups of buildings. R-C7: Not more than six attached single family houses, singl",pymupdf_native,native_text_stream,not_yet_scored
greenwich-connecticut-18417c5e9074d765,306,612.0,792.0,465,61,2848,"SECTION TITLE EFFECTIVE DATE OF AMENDMENT assessment after consultation with the Conservation Commission. (3) All documents required for Site Plan Approval under Sec. 6-14. Existing (a)(3) becomes (a)(4). NEW (c) No conservation zone shall be established unless the Planning and Zoning Commission finds that the establishment of the zone will be of sufficient benefit to the public in that it accomplishes one or more of the purposes of Sec. 6- 23, and will be of greater benefit to the town than a c",pymupdf_native,native_text_stream,not_yet_scored
greenwich-connecticut-18417c5e9074d765,307,612.0,792.0,488,50,2982,"SECTION TITLE EFFECTIVE DATE OF AMENDMENT within the same structure as existed on February 1, 1926 or on the date that said use conformed to these regulations. (b) A non- conforming building, lot or use, or the building in which a non- conforming use occurs, may not be changed, altered or added to except in accordance with the following: (1) Change A non- conforming building, lot or use, or the building in which a non- conforming use occurs may be changed to another non-conforming use only if af",pymupdf_native,native_text_stream,not_yet_scored
greenwich-connecticut-18417c5e9074d765,308,612.0,792.0,443,60,2755,"SECTION TITLE EFFECTIVE DATE OF AMENDMENT received prior to October 20, 1981 shall be exempt from the requirements of Sec. 6-141 (a) and Sec. (b)(1)(2)(3)(4). 6-99. Adds this new section, Conversion to Additional Dwelling- Elderly Housing 6-94 (a)(9) Amends this section by repealing this sub-paragraph. Text shown in brackets repealed. [Sec. 6-94 (a)(9) Office space for use by physicians, dentists or surgeons not residents of the premises, subject to the following provisions: (A) Said building sh",pymupdf_native,native_text_stream,not_yet_scored
greenwich-connecticut-18417c5e9074d765,309,612.0,792.0,471,59,2938,"SECTION TITLE EFFECTIVE DATE OF AMENDMENT 6-39. Amends section on number of units by addition of underlined text 3/15/1981 and the deletion of text in brackets as shown below: The total number of units per acre shall be determined by [the amount of population accommodated in such units so that the total population housed per acre in these units shall not exceed ninety (90) persons] requiring one thousand (1,000) square feet of land area for each unit. 6-12 (a) Amends this section on Limitations ",pymupdf_native,native_text_stream,not_yet_scored
greenwich-connecticut-18417c5e9074d765,310,612.0,792.0,459,64,2938,"SECTION TITLE EFFECTIVE DATE OF AMENDMENT 6-109.1 (8) Adds this new sub-paragraph, Special Permit Authorizations for HO 10/28/1980 sites of 20 or more acres. 6-109.1 Adds this new section, Historic Overlay Zone (HO). 8/17/1980 6-19 (a)(4) Deletes existing Sec. 6-19 (a)(4) and replace it with new Sec. 6-19 8/15/1979 (a)(4) containing the following text: (4) Decide requests for special exceptions in the following cases: (A) For certain specified uses in residential zones in accordance with Divisio",pymupdf_native,native_text_stream,not_yet_scored
greenwich-connecticut-18417c5e9074d765,311,612.0,792.0,470,50,2987,"SECTION TITLE EFFECTIVE DATE OF AMENDMENT basins, hydrants and telephone and power lines in adjacent streets. E. Existing contours at no more than a two foot vertical interval, unless waived by the Commission staff in circumstances where such contours may not be necessary pertinent. F. The location of all existing watercourses, intermittent streams, wetlands as shown on the Inland Wetlands Map Flood Hazard Lines, springs and rock outcrops. G. Approximate boundaries of any areas subject to floodi",pymupdf_native,native_text_stream,not_yet_scored
greenwich-connecticut-18417c5e9074d765,312,612.0,792.0,519,57,2967,"SECTION TITLE EFFECTIVE DATE OF AMENDMENT is denied, applicant shall incorporate the appealed recommendation in his final documents. Sec. 6.14.1 Commission review of Site Plan applications. (a) Upon receipt of a complete application for preliminary site plan approval, the Planning Staff shall date the receipt of the application and assign a Site Plan number. Action by the Planning and Zoning Commission shall be taken no later than sixty-five (65) days from the date the application is received in",pymupdf_native,native_text_stream,not_yet_scored
greenwich-connecticut-18417c5e9074d765,313,612.0,792.0,166,19,963,SECTION TITLE EFFECTIVE DATE OF AMENDMENT which shall be clear of obstructions and shall be of sufficient thickness to support fire apparatus and other mobile equipment; 4. At no point shall the [twenty (20) foot accessway] 16 foot paved way and two foot shoulders exceed a vertical rise of 15%; 5. Such accessways shall not be included for the purpose of meeting the area required by Section 6-205 of the rear lot; 6. Such accessway does not adjoin any other accessway to a rear lot. [7. Two (2) suc,pymupdf_native,native_text_stream,not_yet_scored
