district_id,district_code,district_name,base_or_overlay,anchor_node_id,anchor_page_number,primary_text,primary_text_word_count,linked_reference_node_ids,linked_reference_count,matched_table_ids,matched_table_row_count,matched_table_cell_count,applicable_general_rule_ids,applicable_general_rule_count,overlay_candidate_ids,overlay_candidate_count,source_pages,source_page_count,evidence_item_count,collection_review_status,collection_review_flags
greenwich-connecticut-18417c5e9074d765-district-cgb,CGB,Sec. 6-104.1 USE REGULATIONS AND SPECIAL REQUIREMENTS FOR THE  ZONE (9/15/86),BASE,greenwich-connecticut-18417c5e9074d765-node-001181,102,"(5) Height and bulk incentives applicable to properties within the GB, GBO, CGB zones only",15,,0,greenwich-connecticut-18417c5e9074d765-table-0004,1,13,greenwich-connecticut-18417c5e9074d765-general-00001 | greenwich-connecticut-18417c5e9074d765-general-00002 | greenwich-connecticut-18417c5e9074d765-general-00003 | greenwich-connecticut-18417c5e9074d765-general-00004 | greenwich-connecticut-18417c5e9074d765-general-00005 | greenwich-connecticut-18417c5e9074d765-general-00006 | greenwich-connecticut-18417c5e9074d765-general-00007 | greenwich-connecticut-18417c5e9074d765-general-00009 | greenwich-connecticut-18417c5e9074d765-general-00010 | greenwich-connecticut-18417c5e9074d765-general-00011 | greenwich-connecticut-18417c5e9074d765-general-00012 | greenwich-connecticut-18417c5e9074d765-general-00013 | greenwich-connecticut-18417c5e9074d765-general-00014 | greenwich-connecticut-18417c5e9074d765-general-00015 | greenwich-connecticut-18417c5e9074d765-general-00017 | greenwich-connecticut-18417c5e9074d765-general-00018 | greenwich-connecticut-18417c5e9074d765-general-00019 | greenwich-connecticut-18417c5e9074d765-general-00020 | greenwich-connecticut-18417c5e9074d765-general-00021 | greenwich-connecticut-18417c5e9074d765-general-00025 | greenwich-connecticut-18417c5e9074d765-general-00026 | greenwich-connecticut-18417c5e9074d765-general-00027 | greenwich-connecticut-18417c5e9074d765-general-00028 | greenwich-connecticut-18417c5e9074d765-general-00029 | greenwich-connecticut-18417c5e9074d765-general-00030 | greenwich-connecticut-18417c5e9074d765-general-00034 | greenwich-connecticut-18417c5e9074d765-general-00036 | greenwich-connecticut-18417c5e9074d765-general-00037 | greenwich-connecticut-18417c5e9074d765-general-00038 | greenwich-connecticut-18417c5e9074d765-general-00039 | greenwich-connecticut-18417c5e9074d765-general-00040 | greenwich-connecticut-18417c5e9074d765-general-00041 | greenwich-connecticut-18417c5e9074d765-general-00042 | greenwich-connecticut-18417c5e9074d765-general-00043 | greenwich-connecticut-18417c5e9074d765-general-00044 | greenwich-connecticut-18417c5e9074d765-general-00045 | greenwich-connecticut-18417c5e9074d765-general-00046 | greenwich-connecticut-18417c5e9074d765-general-00047 | greenwich-connecticut-18417c5e9074d765-general-00048 | greenwich-connecticut-18417c5e9074d765-general-00049 | greenwich-connecticut-18417c5e9074d765-general-00050 | greenwich-connecticut-18417c5e9074d765-general-00052 | greenwich-connecticut-18417c5e9074d765-general-00053 | greenwich-connecticut-18417c5e9074d765-general-00054 | greenwich-connecticut-18417c5e9074d765-general-00055 | greenwich-connecticut-18417c5e9074d765-general-00056 | greenwich-connecticut-18417c5e9074d765-general-00057 | greenwich-connecticut-18417c5e9074d765-general-00059 | greenwich-connecticut-18417c5e9074d765-general-00060 | greenwich-connecticut-18417c5e9074d765-general-00061 | greenwich-connecticut-18417c5e9074d765-general-00062 | greenwich-connecticut-18417c5e9074d765-general-00063 | greenwich-connecticut-18417c5e9074d765-general-00064 | greenwich-connecticut-18417c5e9074d765-general-00065 | greenwich-connecticut-18417c5e9074d765-general-00068 | greenwich-connecticut-18417c5e9074d765-general-00069 | greenwich-connecticut-18417c5e9074d765-general-00070 | greenwich-connecticut-18417c5e9074d765-general-00071 | greenwich-connecticut-18417c5e9074d765-general-00072 | greenwich-connecticut-18417c5e9074d765-general-00073 | greenwich-connecticut-18417c5e9074d765-general-00074 | greenwich-connecticut-18417c5e9074d765-general-00077 | greenwich-connecticut-18417c5e9074d765-general-00078 | greenwich-connecticut-18417c5e9074d765-general-00082 | greenwich-connecticut-18417c5e9074d765-general-00083 | greenwich-connecticut-18417c5e9074d765-general-00084 | greenwich-connecticut-18417c5e9074d765-general-00085 | greenwich-connecticut-18417c5e9074d765-general-00086 | greenwich-connecticut-18417c5e9074d765-general-00087 | greenwich-connecticut-18417c5e9074d765-general-00088 | greenwich-connecticut-18417c5e9074d765-general-00089 | greenwich-connecticut-18417c5e9074d765-general-00090 | greenwich-connecticut-18417c5e9074d765-general-00091 | greenwich-connecticut-18417c5e9074d765-general-00092 | greenwich-connecticut-18417c5e9074d765-general-00093 | greenwich-connecticut-18417c5e9074d765-general-00095 | greenwich-connecticut-18417c5e9074d765-general-00096 | greenwich-connecticut-18417c5e9074d765-general-00098 | greenwich-connecticut-18417c5e9074d765-general-00099 | greenwich-connecticut-18417c5e9074d765-general-00100 | greenwich-connecticut-18417c5e9074d765-general-00101 | greenwich-connecticut-18417c5e9074d765-general-00102 | greenwich-connecticut-18417c5e9074d765-general-00103 | greenwich-connecticut-18417c5e9074d765-general-00104 | greenwich-connecticut-18417c5e9074d765-general-00105 | greenwich-connecticut-18417c5e9074d765-general-00106 | greenwich-connecticut-18417c5e9074d765-general-00107 | greenwich-connecticut-18417c5e9074d765-general-00108 | greenwich-connecticut-18417c5e9074d765-general-00109 | greenwich-connecticut-18417c5e9074d765-general-00110 | greenwich-connecticut-18417c5e9074d765-general-00112 | greenwich-connecticut-18417c5e9074d765-general-00113 | greenwich-connecticut-18417c5e9074d765-general-00114 | greenwich-connecticut-18417c5e9074d765-general-00115 | greenwich-connecticut-18417c5e9074d765-general-00116 | greenwich-connecticut-18417c5e9074d765-general-00117 | greenwich-connecticut-18417c5e9074d765-general-00118 | greenwich-connecticut-18417c5e9074d765-general-00119 | greenwich-connecticut-18417c5e9074d765-general-00120 | greenwich-connecticut-18417c5e9074d765-general-00121 | greenwich-connecticut-18417c5e9074d765-general-00122 | greenwich-connecticut-18417c5e9074d765-general-00123 | greenwich-connecticut-18417c5e9074d765-general-00124 | greenwich-connecticut-18417c5e9074d765-general-00125 | greenwich-connecticut-18417c5e9074d765-general-00126 | greenwich-connecticut-18417c5e9074d765-general-00128 | greenwich-connecticut-18417c5e9074d765-general-00130 | greenwich-connecticut-18417c5e9074d765-general-00131 | greenwich-connecticut-18417c5e9074d765-general-00134 | greenwich-connecticut-18417c5e9074d765-general-00135 | greenwich-connecticut-18417c5e9074d765-general-00136 | greenwich-connecticut-18417c5e9074d765-general-00137 | greenwich-connecticut-18417c5e9074d765-general-00138 | greenwich-connecticut-18417c5e9074d765-general-00139 | greenwich-connecticut-18417c5e9074d765-general-00140 | greenwich-connecticut-18417c5e9074d765-general-00141 | greenwich-connecticut-18417c5e9074d765-general-00142 | greenwich-connecticut-18417c5e9074d765-general-00143 | greenwich-connecticut-18417c5e9074d765-general-00145 | greenwich-connecticut-18417c5e9074d765-general-00146 | greenwich-connecticut-18417c5e9074d765-general-00147 | greenwich-connecticut-18417c5e9074d765-general-00155 | greenwich-connecticut-18417c5e9074d765-general-00156 | greenwich-connecticut-18417c5e9074d765-general-00157 | greenwich-connecticut-18417c5e9074d765-general-00158 | greenwich-connecticut-18417c5e9074d765-general-00162 | greenwich-connecticut-18417c5e9074d765-general-00164 | greenwich-connecticut-18417c5e9074d765-general-00165 | greenwich-connecticut-18417c5e9074d765-general-00166 | greenwich-connecticut-18417c5e9074d765-general-00167 | greenwich-connecticut-18417c5e9074d765-general-00168 | greenwich-connecticut-18417c5e9074d765-general-00169 | greenwich-connecticut-18417c5e9074d765-general-00170 | greenwich-connecticut-18417c5e9074d765-general-00173 | greenwich-connecticut-18417c5e9074d765-general-00175 | greenwich-connecticut-18417c5e9074d765-general-00176 | greenwich-connecticut-18417c5e9074d765-general-00178 | greenwich-connecticut-18417c5e9074d765-general-00179 | greenwich-connecticut-18417c5e9074d765-general-00180 | greenwich-connecticut-18417c5e9074d765-general-00181 | greenwich-connecticut-18417c5e9074d765-general-00182 | greenwich-connecticut-18417c5e9074d765-general-00183 | greenwich-connecticut-18417c5e9074d765-general-00184 | greenwich-connecticut-18417c5e9074d765-general-00185 | greenwich-connecticut-18417c5e9074d765-general-00189 | greenwich-connecticut-18417c5e9074d765-general-00190 | greenwich-connecticut-18417c5e9074d765-general-00191 | greenwich-connecticut-18417c5e9074d765-general-00192 | greenwich-connecticut-18417c5e9074d765-general-00193 | greenwich-connecticut-18417c5e9074d765-general-00194 | greenwich-connecticut-18417c5e9074d765-general-00195 | greenwich-connecticut-18417c5e9074d765-general-00198 | greenwich-connecticut-18417c5e9074d765-general-00199 | greenwich-connecticut-18417c5e9074d765-general-00200 | greenwich-connecticut-18417c5e9074d765-general-00202 | greenwich-connecticut-18417c5e9074d765-general-00203 | greenwich-connecticut-18417c5e9074d765-general-00204 | greenwich-connecticut-18417c5e9074d765-general-00205 | greenwich-connecticut-18417c5e9074d765-general-00206 | greenwich-connecticut-18417c5e9074d765-general-00207 | greenwich-connecticut-18417c5e9074d765-general-00208 | greenwich-connecticut-18417c5e9074d765-general-00210 | greenwich-connecticut-18417c5e9074d765-general-00211 | greenwich-connecticut-18417c5e9074d765-general-00212 | greenwich-connecticut-18417c5e9074d765-general-00213 | greenwich-connecticut-18417c5e9074d765-general-00214 | greenwich-connecticut-18417c5e9074d765-general-00215 | greenwich-connecticut-18417c5e9074d765-general-00220 | greenwich-connecticut-18417c5e9074d765-general-00221 | greenwich-connecticut-18417c5e9074d765-general-00222 | greenwich-connecticut-18417c5e9074d765-general-00231 | greenwich-connecticut-18417c5e9074d765-general-00233 | greenwich-connecticut-18417c5e9074d765-general-00235 | greenwich-connecticut-18417c5e9074d765-general-00236 | greenwich-connecticut-18417c5e9074d765-general-00237 | greenwich-connecticut-18417c5e9074d765-general-00238 | greenwich-connecticut-18417c5e9074d765-general-00239 | greenwich-connecticut-18417c5e9074d765-general-00240 | greenwich-connecticut-18417c5e9074d765-general-00241 | greenwich-connecticut-18417c5e9074d765-general-00243 | greenwich-connecticut-18417c5e9074d765-general-00244 | greenwich-connecticut-18417c5e9074d765-general-00245 | greenwich-connecticut-18417c5e9074d765-general-00246 | greenwich-connecticut-18417c5e9074d765-general-00247 | greenwich-connecticut-18417c5e9074d765-general-00248 | greenwich-connecticut-18417c5e9074d765-general-00250 | greenwich-connecticut-18417c5e9074d765-general-00251 | greenwich-connecticut-18417c5e9074d765-general-00252 | greenwich-connecticut-18417c5e9074d765-general-00253 | greenwich-connecticut-18417c5e9074d765-general-00255 | greenwich-connecticut-18417c5e9074d765-general-00257 | greenwich-connecticut-18417c5e9074d765-general-00258 | greenwich-connecticut-18417c5e9074d765-general-00259 | greenwich-connecticut-18417c5e9074d765-general-00260 | greenwich-connecticut-18417c5e9074d765-general-00261 | greenwich-connecticut-18417c5e9074d765-general-00262 | greenwich-connecticut-18417c5e9074d765-general-00263 | greenwich-connecticut-18417c5e9074d765-general-00264 | greenwich-connecticut-18417c5e9074d765-general-00266 | greenwich-connecticut-18417c5e9074d765-general-00267 | greenwich-connecticut-18417c5e9074d765-general-00268 | greenwich-connecticut-18417c5e9074d765-general-00269 | greenwich-connecticut-18417c5e9074d765-general-00270 | greenwich-connecticut-18417c5e9074d765-general-00274 | greenwich-connecticut-18417c5e9074d765-general-00275 | greenwich-connecticut-18417c5e9074d765-general-00276 | greenwich-connecticut-18417c5e9074d765-general-00277 | greenwich-connecticut-18417c5e9074d765-general-00278 | greenwich-connecticut-18417c5e9074d765-general-00279 | greenwich-connecticut-18417c5e9074d765-general-00280 | greenwich-connecticut-18417c5e9074d765-general-00283 | greenwich-connecticut-18417c5e9074d765-general-00284 | greenwich-connecticut-18417c5e9074d765-general-00285 | greenwich-connecticut-18417c5e9074d765-general-00287 | greenwich-connecticut-18417c5e9074d765-general-00289 | greenwich-connecticut-18417c5e9074d765-general-00290,216,greenwich-connecticut-18417c5e9074d765-district-ho | greenwich-connecticut-18417c5e9074d765-district-mrco,2,4 | 5 | 6 | 8 | 9 | 10 | 16 | 23 | 29 | 30 | 31 | 32 | 33 | 34 | 35 | 37 | 38 | 40 | 41 | 42 | 43 | 46 | 47 | 50 | 52 | 53 | 55 | 56 | 57 | 59 | 62 | 63 | 65 | 67 | 68 | 69 | 70 | 71 | 74 | 77 | 80 | 82 | 84 | 85 | 88 | 91 | 96 | 106 | 108 | 109 | 110 | 113 | 114 | 119 | 121 | 128 | 130 | 132 | 135 | 136 | 139 | 145 | 150 | 151 | 152 | 153 | 154 | 155 | 156 | 157 | 165 | 174 | 178 | 188 | 195 | 200 | 203 | 204 | 209 | 211 | 212 | 214 | 219 | 220 | 221 | 234 | 235 | 236 | 272 | 275 | 291 | 303 | 309,93,220,collection_complete_pending_conflict_check,
greenwich-connecticut-18417c5e9074d765-district-cgbr,CGBR,Sec. 6-103.1. USE REGULATIONS AND SPECIAL REQUIREMENTS FOR  ZONE (9/15/86,BASE,greenwich-connecticut-18417c5e9074d765-node-001155,99,"Sec. 6-103.1. USE REGULATIONS AND SPECIAL REQUIREMENTS FOR CGBR ZONE (9/15/86;
(A) Purposes.",13,,0,greenwich-connecticut-18417c5e9074d765-table-0004,1,13,greenwich-connecticut-18417c5e9074d765-general-00001 | greenwich-connecticut-18417c5e9074d765-general-00002 | greenwich-connecticut-18417c5e9074d765-general-00003 | greenwich-connecticut-18417c5e9074d765-general-00004 | greenwich-connecticut-18417c5e9074d765-general-00005 | greenwich-connecticut-18417c5e9074d765-general-00006 | greenwich-connecticut-18417c5e9074d765-general-00007 | greenwich-connecticut-18417c5e9074d765-general-00009 | greenwich-connecticut-18417c5e9074d765-general-00010 | greenwich-connecticut-18417c5e9074d765-general-00011 | greenwich-connecticut-18417c5e9074d765-general-00012 | greenwich-connecticut-18417c5e9074d765-general-00013 | greenwich-connecticut-18417c5e9074d765-general-00014 | greenwich-connecticut-18417c5e9074d765-general-00015 | greenwich-connecticut-18417c5e9074d765-general-00017 | greenwich-connecticut-18417c5e9074d765-general-00018 | greenwich-connecticut-18417c5e9074d765-general-00019 | greenwich-connecticut-18417c5e9074d765-general-00020 | greenwich-connecticut-18417c5e9074d765-general-00021 | greenwich-connecticut-18417c5e9074d765-general-00025 | greenwich-connecticut-18417c5e9074d765-general-00026 | greenwich-connecticut-18417c5e9074d765-general-00027 | greenwich-connecticut-18417c5e9074d765-general-00028 | greenwich-connecticut-18417c5e9074d765-general-00029 | greenwich-connecticut-18417c5e9074d765-general-00030 | greenwich-connecticut-18417c5e9074d765-general-00034 | greenwich-connecticut-18417c5e9074d765-general-00036 | greenwich-connecticut-18417c5e9074d765-general-00037 | greenwich-connecticut-18417c5e9074d765-general-00038 | greenwich-connecticut-18417c5e9074d765-general-00039 | greenwich-connecticut-18417c5e9074d765-general-00040 | greenwich-connecticut-18417c5e9074d765-general-00041 | greenwich-connecticut-18417c5e9074d765-general-00042 | greenwich-connecticut-18417c5e9074d765-general-00043 | greenwich-connecticut-18417c5e9074d765-general-00044 | greenwich-connecticut-18417c5e9074d765-general-00045 | greenwich-connecticut-18417c5e9074d765-general-00046 | greenwich-connecticut-18417c5e9074d765-general-00047 | greenwich-connecticut-18417c5e9074d765-general-00048 | greenwich-connecticut-18417c5e9074d765-general-00049 | greenwich-connecticut-18417c5e9074d765-general-00050 | greenwich-connecticut-18417c5e9074d765-general-00052 | greenwich-connecticut-18417c5e9074d765-general-00053 | greenwich-connecticut-18417c5e9074d765-general-00054 | greenwich-connecticut-18417c5e9074d765-general-00055 | greenwich-connecticut-18417c5e9074d765-general-00056 | greenwich-connecticut-18417c5e9074d765-general-00057 | greenwich-connecticut-18417c5e9074d765-general-00059 | greenwich-connecticut-18417c5e9074d765-general-00060 | greenwich-connecticut-18417c5e9074d765-general-00061 | greenwich-connecticut-18417c5e9074d765-general-00062 | greenwich-connecticut-18417c5e9074d765-general-00063 | greenwich-connecticut-18417c5e9074d765-general-00064 | greenwich-connecticut-18417c5e9074d765-general-00065 | greenwich-connecticut-18417c5e9074d765-general-00068 | greenwich-connecticut-18417c5e9074d765-general-00069 | greenwich-connecticut-18417c5e9074d765-general-00070 | greenwich-connecticut-18417c5e9074d765-general-00071 | greenwich-connecticut-18417c5e9074d765-general-00072 | greenwich-connecticut-18417c5e9074d765-general-00073 | greenwich-connecticut-18417c5e9074d765-general-00074 | greenwich-connecticut-18417c5e9074d765-general-00077 | greenwich-connecticut-18417c5e9074d765-general-00078 | greenwich-connecticut-18417c5e9074d765-general-00082 | greenwich-connecticut-18417c5e9074d765-general-00083 | greenwich-connecticut-18417c5e9074d765-general-00084 | greenwich-connecticut-18417c5e9074d765-general-00085 | greenwich-connecticut-18417c5e9074d765-general-00086 | greenwich-connecticut-18417c5e9074d765-general-00087 | greenwich-connecticut-18417c5e9074d765-general-00088 | greenwich-connecticut-18417c5e9074d765-general-00089 | greenwich-connecticut-18417c5e9074d765-general-00090 | greenwich-connecticut-18417c5e9074d765-general-00091 | greenwich-connecticut-18417c5e9074d765-general-00092 | greenwich-connecticut-18417c5e9074d765-general-00093 | greenwich-connecticut-18417c5e9074d765-general-00095 | greenwich-connecticut-18417c5e9074d765-general-00096 | greenwich-connecticut-18417c5e9074d765-general-00098 | greenwich-connecticut-18417c5e9074d765-general-00099 | greenwich-connecticut-18417c5e9074d765-general-00100 | greenwich-connecticut-18417c5e9074d765-general-00101 | greenwich-connecticut-18417c5e9074d765-general-00102 | greenwich-connecticut-18417c5e9074d765-general-00103 | greenwich-connecticut-18417c5e9074d765-general-00104 | greenwich-connecticut-18417c5e9074d765-general-00105 | greenwich-connecticut-18417c5e9074d765-general-00106 | greenwich-connecticut-18417c5e9074d765-general-00107 | greenwich-connecticut-18417c5e9074d765-general-00108 | greenwich-connecticut-18417c5e9074d765-general-00109 | greenwich-connecticut-18417c5e9074d765-general-00110 | greenwich-connecticut-18417c5e9074d765-general-00112 | greenwich-connecticut-18417c5e9074d765-general-00113 | greenwich-connecticut-18417c5e9074d765-general-00114 | greenwich-connecticut-18417c5e9074d765-general-00115 | greenwich-connecticut-18417c5e9074d765-general-00116 | greenwich-connecticut-18417c5e9074d765-general-00117 | greenwich-connecticut-18417c5e9074d765-general-00118 | greenwich-connecticut-18417c5e9074d765-general-00119 | greenwich-connecticut-18417c5e9074d765-general-00120 | greenwich-connecticut-18417c5e9074d765-general-00121 | greenwich-connecticut-18417c5e9074d765-general-00122 | greenwich-connecticut-18417c5e9074d765-general-00123 | greenwich-connecticut-18417c5e9074d765-general-00124 | greenwich-connecticut-18417c5e9074d765-general-00125 | greenwich-connecticut-18417c5e9074d765-general-00126 | greenwich-connecticut-18417c5e9074d765-general-00128 | greenwich-connecticut-18417c5e9074d765-general-00130 | greenwich-connecticut-18417c5e9074d765-general-00131 | greenwich-connecticut-18417c5e9074d765-general-00134 | greenwich-connecticut-18417c5e9074d765-general-00135 | greenwich-connecticut-18417c5e9074d765-general-00136 | greenwich-connecticut-18417c5e9074d765-general-00137 | greenwich-connecticut-18417c5e9074d765-general-00138 | greenwich-connecticut-18417c5e9074d765-general-00139 | greenwich-connecticut-18417c5e9074d765-general-00140 | greenwich-connecticut-18417c5e9074d765-general-00141 | greenwich-connecticut-18417c5e9074d765-general-00142 | greenwich-connecticut-18417c5e9074d765-general-00143 | greenwich-connecticut-18417c5e9074d765-general-00145 | greenwich-connecticut-18417c5e9074d765-general-00146 | greenwich-connecticut-18417c5e9074d765-general-00147 | greenwich-connecticut-18417c5e9074d765-general-00155 | greenwich-connecticut-18417c5e9074d765-general-00156 | greenwich-connecticut-18417c5e9074d765-general-00157 | greenwich-connecticut-18417c5e9074d765-general-00158 | greenwich-connecticut-18417c5e9074d765-general-00162 | greenwich-connecticut-18417c5e9074d765-general-00164 | greenwich-connecticut-18417c5e9074d765-general-00165 | greenwich-connecticut-18417c5e9074d765-general-00166 | greenwich-connecticut-18417c5e9074d765-general-00167 | greenwich-connecticut-18417c5e9074d765-general-00168 | greenwich-connecticut-18417c5e9074d765-general-00169 | greenwich-connecticut-18417c5e9074d765-general-00170 | greenwich-connecticut-18417c5e9074d765-general-00173 | greenwich-connecticut-18417c5e9074d765-general-00175 | greenwich-connecticut-18417c5e9074d765-general-00176 | greenwich-connecticut-18417c5e9074d765-general-00178 | greenwich-connecticut-18417c5e9074d765-general-00179 | greenwich-connecticut-18417c5e9074d765-general-00180 | greenwich-connecticut-18417c5e9074d765-general-00181 | greenwich-connecticut-18417c5e9074d765-general-00182 | greenwich-connecticut-18417c5e9074d765-general-00183 | greenwich-connecticut-18417c5e9074d765-general-00184 | greenwich-connecticut-18417c5e9074d765-general-00185 | greenwich-connecticut-18417c5e9074d765-general-00189 | greenwich-connecticut-18417c5e9074d765-general-00190 | greenwich-connecticut-18417c5e9074d765-general-00191 | greenwich-connecticut-18417c5e9074d765-general-00192 | greenwich-connecticut-18417c5e9074d765-general-00193 | greenwich-connecticut-18417c5e9074d765-general-00194 | greenwich-connecticut-18417c5e9074d765-general-00195 | greenwich-connecticut-18417c5e9074d765-general-00198 | greenwich-connecticut-18417c5e9074d765-general-00199 | greenwich-connecticut-18417c5e9074d765-general-00200 | greenwich-connecticut-18417c5e9074d765-general-00202 | greenwich-connecticut-18417c5e9074d765-general-00203 | greenwich-connecticut-18417c5e9074d765-general-00204 | greenwich-connecticut-18417c5e9074d765-general-00205 | greenwich-connecticut-18417c5e9074d765-general-00206 | greenwich-connecticut-18417c5e9074d765-general-00207 | greenwich-connecticut-18417c5e9074d765-general-00208 | greenwich-connecticut-18417c5e9074d765-general-00210 | greenwich-connecticut-18417c5e9074d765-general-00211 | greenwich-connecticut-18417c5e9074d765-general-00212 | greenwich-connecticut-18417c5e9074d765-general-00213 | greenwich-connecticut-18417c5e9074d765-general-00214 | greenwich-connecticut-18417c5e9074d765-general-00215 | greenwich-connecticut-18417c5e9074d765-general-00220 | greenwich-connecticut-18417c5e9074d765-general-00221 | greenwich-connecticut-18417c5e9074d765-general-00222 | greenwich-connecticut-18417c5e9074d765-general-00231 | greenwich-connecticut-18417c5e9074d765-general-00233 | greenwich-connecticut-18417c5e9074d765-general-00235 | greenwich-connecticut-18417c5e9074d765-general-00236 | greenwich-connecticut-18417c5e9074d765-general-00237 | greenwich-connecticut-18417c5e9074d765-general-00238 | greenwich-connecticut-18417c5e9074d765-general-00239 | greenwich-connecticut-18417c5e9074d765-general-00240 | greenwich-connecticut-18417c5e9074d765-general-00241 | greenwich-connecticut-18417c5e9074d765-general-00243 | greenwich-connecticut-18417c5e9074d765-general-00244 | greenwich-connecticut-18417c5e9074d765-general-00245 | greenwich-connecticut-18417c5e9074d765-general-00246 | greenwich-connecticut-18417c5e9074d765-general-00247 | greenwich-connecticut-18417c5e9074d765-general-00248 | greenwich-connecticut-18417c5e9074d765-general-00250 | greenwich-connecticut-18417c5e9074d765-general-00251 | greenwich-connecticut-18417c5e9074d765-general-00252 | greenwich-connecticut-18417c5e9074d765-general-00253 | greenwich-connecticut-18417c5e9074d765-general-00255 | greenwich-connecticut-18417c5e9074d765-general-00257 | greenwich-connecticut-18417c5e9074d765-general-00258 | greenwich-connecticut-18417c5e9074d765-general-00259 | greenwich-connecticut-18417c5e9074d765-general-00260 | greenwich-connecticut-18417c5e9074d765-general-00261 | greenwich-connecticut-18417c5e9074d765-general-00262 | greenwich-connecticut-18417c5e9074d765-general-00263 | greenwich-connecticut-18417c5e9074d765-general-00264 | greenwich-connecticut-18417c5e9074d765-general-00266 | greenwich-connecticut-18417c5e9074d765-general-00267 | greenwich-connecticut-18417c5e9074d765-general-00268 | greenwich-connecticut-18417c5e9074d765-general-00269 | greenwich-connecticut-18417c5e9074d765-general-00270 | greenwich-connecticut-18417c5e9074d765-general-00274 | greenwich-connecticut-18417c5e9074d765-general-00275 | greenwich-connecticut-18417c5e9074d765-general-00276 | greenwich-connecticut-18417c5e9074d765-general-00277 | greenwich-connecticut-18417c5e9074d765-general-00278 | greenwich-connecticut-18417c5e9074d765-general-00279 | greenwich-connecticut-18417c5e9074d765-general-00280 | greenwich-connecticut-18417c5e9074d765-general-00283 | greenwich-connecticut-18417c5e9074d765-general-00284 | greenwich-connecticut-18417c5e9074d765-general-00285 | greenwich-connecticut-18417c5e9074d765-general-00287 | greenwich-connecticut-18417c5e9074d765-general-00289 | greenwich-connecticut-18417c5e9074d765-general-00290,216,greenwich-connecticut-18417c5e9074d765-district-ho | greenwich-connecticut-18417c5e9074d765-district-mrco,2,4 | 5 | 6 | 8 | 9 | 10 | 16 | 23 | 29 | 30 | 31 | 32 | 33 | 34 | 35 | 37 | 38 | 40 | 41 | 42 | 43 | 46 | 47 | 50 | 52 | 53 | 55 | 56 | 57 | 59 | 62 | 63 | 65 | 67 | 68 | 69 | 70 | 71 | 74 | 77 | 80 | 82 | 84 | 85 | 88 | 91 | 96 | 99 | 106 | 108 | 109 | 110 | 113 | 114 | 121 | 128 | 130 | 132 | 135 | 136 | 139 | 145 | 150 | 151 | 152 | 153 | 154 | 155 | 156 | 157 | 165 | 174 | 178 | 188 | 195 | 200 | 203 | 204 | 209 | 211 | 212 | 214 | 219 | 220 | 221 | 234 | 235 | 236 | 272 | 275 | 291 | 303 | 309,93,220,collection_complete_pending_conflict_check,
greenwich-connecticut-18417c5e9074d765-district-gb,GB,Sec. 6-105. USE REGULATIONS AND SPECIAL REQUIREMENTS FOR THE  ZONE.,BASE,greenwich-connecticut-18417c5e9074d765-node-001188,103,"Sec. 6-105. USE REGULATIONS AND SPECIAL REQUIREMENTS FOR THE GB ZONE.
(a) Permitted Uses
(b) Parking
(c) There shall be no display of merchandise or the placement of equipment used for an on-site",33,greenwich-connecticut-18417c5e9074d765-node-001188,1,greenwich-connecticut-18417c5e9074d765-table-0004,1,13,greenwich-connecticut-18417c5e9074d765-general-00001 | greenwich-connecticut-18417c5e9074d765-general-00002 | greenwich-connecticut-18417c5e9074d765-general-00003 | greenwich-connecticut-18417c5e9074d765-general-00004 | greenwich-connecticut-18417c5e9074d765-general-00005 | greenwich-connecticut-18417c5e9074d765-general-00006 | greenwich-connecticut-18417c5e9074d765-general-00007 | greenwich-connecticut-18417c5e9074d765-general-00009 | greenwich-connecticut-18417c5e9074d765-general-00010 | greenwich-connecticut-18417c5e9074d765-general-00011 | greenwich-connecticut-18417c5e9074d765-general-00012 | greenwich-connecticut-18417c5e9074d765-general-00013 | greenwich-connecticut-18417c5e9074d765-general-00014 | greenwich-connecticut-18417c5e9074d765-general-00015 | greenwich-connecticut-18417c5e9074d765-general-00017 | greenwich-connecticut-18417c5e9074d765-general-00018 | greenwich-connecticut-18417c5e9074d765-general-00019 | greenwich-connecticut-18417c5e9074d765-general-00020 | greenwich-connecticut-18417c5e9074d765-general-00021 | greenwich-connecticut-18417c5e9074d765-general-00025 | greenwich-connecticut-18417c5e9074d765-general-00026 | greenwich-connecticut-18417c5e9074d765-general-00027 | greenwich-connecticut-18417c5e9074d765-general-00028 | greenwich-connecticut-18417c5e9074d765-general-00029 | greenwich-connecticut-18417c5e9074d765-general-00030 | greenwich-connecticut-18417c5e9074d765-general-00034 | greenwich-connecticut-18417c5e9074d765-general-00036 | greenwich-connecticut-18417c5e9074d765-general-00037 | greenwich-connecticut-18417c5e9074d765-general-00038 | greenwich-connecticut-18417c5e9074d765-general-00039 | greenwich-connecticut-18417c5e9074d765-general-00040 | greenwich-connecticut-18417c5e9074d765-general-00041 | greenwich-connecticut-18417c5e9074d765-general-00042 | greenwich-connecticut-18417c5e9074d765-general-00043 | greenwich-connecticut-18417c5e9074d765-general-00044 | greenwich-connecticut-18417c5e9074d765-general-00045 | greenwich-connecticut-18417c5e9074d765-general-00046 | greenwich-connecticut-18417c5e9074d765-general-00047 | greenwich-connecticut-18417c5e9074d765-general-00048 | greenwich-connecticut-18417c5e9074d765-general-00049 | greenwich-connecticut-18417c5e9074d765-general-00050 | greenwich-connecticut-18417c5e9074d765-general-00052 | greenwich-connecticut-18417c5e9074d765-general-00053 | greenwich-connecticut-18417c5e9074d765-general-00054 | greenwich-connecticut-18417c5e9074d765-general-00055 | greenwich-connecticut-18417c5e9074d765-general-00056 | greenwich-connecticut-18417c5e9074d765-general-00057 | greenwich-connecticut-18417c5e9074d765-general-00059 | greenwich-connecticut-18417c5e9074d765-general-00060 | greenwich-connecticut-18417c5e9074d765-general-00061 | greenwich-connecticut-18417c5e9074d765-general-00062 | greenwich-connecticut-18417c5e9074d765-general-00063 | greenwich-connecticut-18417c5e9074d765-general-00064 | greenwich-connecticut-18417c5e9074d765-general-00065 | greenwich-connecticut-18417c5e9074d765-general-00068 | greenwich-connecticut-18417c5e9074d765-general-00069 | greenwich-connecticut-18417c5e9074d765-general-00070 | greenwich-connecticut-18417c5e9074d765-general-00071 | greenwich-connecticut-18417c5e9074d765-general-00072 | greenwich-connecticut-18417c5e9074d765-general-00073 | greenwich-connecticut-18417c5e9074d765-general-00074 | greenwich-connecticut-18417c5e9074d765-general-00077 | greenwich-connecticut-18417c5e9074d765-general-00078 | greenwich-connecticut-18417c5e9074d765-general-00082 | greenwich-connecticut-18417c5e9074d765-general-00083 | greenwich-connecticut-18417c5e9074d765-general-00084 | greenwich-connecticut-18417c5e9074d765-general-00085 | greenwich-connecticut-18417c5e9074d765-general-00086 | greenwich-connecticut-18417c5e9074d765-general-00087 | greenwich-connecticut-18417c5e9074d765-general-00088 | greenwich-connecticut-18417c5e9074d765-general-00089 | greenwich-connecticut-18417c5e9074d765-general-00090 | greenwich-connecticut-18417c5e9074d765-general-00091 | greenwich-connecticut-18417c5e9074d765-general-00092 | greenwich-connecticut-18417c5e9074d765-general-00093 | greenwich-connecticut-18417c5e9074d765-general-00095 | greenwich-connecticut-18417c5e9074d765-general-00096 | greenwich-connecticut-18417c5e9074d765-general-00098 | greenwich-connecticut-18417c5e9074d765-general-00099 | greenwich-connecticut-18417c5e9074d765-general-00100 | greenwich-connecticut-18417c5e9074d765-general-00101 | greenwich-connecticut-18417c5e9074d765-general-00102 | greenwich-connecticut-18417c5e9074d765-general-00103 | greenwich-connecticut-18417c5e9074d765-general-00104 | greenwich-connecticut-18417c5e9074d765-general-00105 | greenwich-connecticut-18417c5e9074d765-general-00106 | greenwich-connecticut-18417c5e9074d765-general-00107 | greenwich-connecticut-18417c5e9074d765-general-00108 | greenwich-connecticut-18417c5e9074d765-general-00109 | greenwich-connecticut-18417c5e9074d765-general-00110 | greenwich-connecticut-18417c5e9074d765-general-00112 | greenwich-connecticut-18417c5e9074d765-general-00113 | greenwich-connecticut-18417c5e9074d765-general-00114 | greenwich-connecticut-18417c5e9074d765-general-00115 | greenwich-connecticut-18417c5e9074d765-general-00116 | greenwich-connecticut-18417c5e9074d765-general-00117 | greenwich-connecticut-18417c5e9074d765-general-00118 | greenwich-connecticut-18417c5e9074d765-general-00119 | greenwich-connecticut-18417c5e9074d765-general-00120 | greenwich-connecticut-18417c5e9074d765-general-00121 | greenwich-connecticut-18417c5e9074d765-general-00122 | greenwich-connecticut-18417c5e9074d765-general-00123 | greenwich-connecticut-18417c5e9074d765-general-00124 | greenwich-connecticut-18417c5e9074d765-general-00125 | greenwich-connecticut-18417c5e9074d765-general-00126 | greenwich-connecticut-18417c5e9074d765-general-00128 | greenwich-connecticut-18417c5e9074d765-general-00130 | greenwich-connecticut-18417c5e9074d765-general-00131 | greenwich-connecticut-18417c5e9074d765-general-00134 | greenwich-connecticut-18417c5e9074d765-general-00135 | greenwich-connecticut-18417c5e9074d765-general-00136 | greenwich-connecticut-18417c5e9074d765-general-00137 | greenwich-connecticut-18417c5e9074d765-general-00138 | greenwich-connecticut-18417c5e9074d765-general-00139 | greenwich-connecticut-18417c5e9074d765-general-00140 | greenwich-connecticut-18417c5e9074d765-general-00141 | greenwich-connecticut-18417c5e9074d765-general-00142 | greenwich-connecticut-18417c5e9074d765-general-00143 | greenwich-connecticut-18417c5e9074d765-general-00145 | greenwich-connecticut-18417c5e9074d765-general-00146 | greenwich-connecticut-18417c5e9074d765-general-00147 | greenwich-connecticut-18417c5e9074d765-general-00155 | greenwich-connecticut-18417c5e9074d765-general-00156 | greenwich-connecticut-18417c5e9074d765-general-00157 | greenwich-connecticut-18417c5e9074d765-general-00158 | greenwich-connecticut-18417c5e9074d765-general-00162 | greenwich-connecticut-18417c5e9074d765-general-00164 | greenwich-connecticut-18417c5e9074d765-general-00165 | greenwich-connecticut-18417c5e9074d765-general-00166 | greenwich-connecticut-18417c5e9074d765-general-00167 | greenwich-connecticut-18417c5e9074d765-general-00168 | greenwich-connecticut-18417c5e9074d765-general-00169 | greenwich-connecticut-18417c5e9074d765-general-00170 | greenwich-connecticut-18417c5e9074d765-general-00173 | greenwich-connecticut-18417c5e9074d765-general-00175 | greenwich-connecticut-18417c5e9074d765-general-00176 | greenwich-connecticut-18417c5e9074d765-general-00178 | greenwich-connecticut-18417c5e9074d765-general-00179 | greenwich-connecticut-18417c5e9074d765-general-00180 | greenwich-connecticut-18417c5e9074d765-general-00181 | greenwich-connecticut-18417c5e9074d765-general-00182 | greenwich-connecticut-18417c5e9074d765-general-00183 | greenwich-connecticut-18417c5e9074d765-general-00184 | greenwich-connecticut-18417c5e9074d765-general-00185 | greenwich-connecticut-18417c5e9074d765-general-00189 | greenwich-connecticut-18417c5e9074d765-general-00190 | greenwich-connecticut-18417c5e9074d765-general-00191 | greenwich-connecticut-18417c5e9074d765-general-00192 | greenwich-connecticut-18417c5e9074d765-general-00193 | greenwich-connecticut-18417c5e9074d765-general-00194 | greenwich-connecticut-18417c5e9074d765-general-00195 | greenwich-connecticut-18417c5e9074d765-general-00198 | greenwich-connecticut-18417c5e9074d765-general-00199 | greenwich-connecticut-18417c5e9074d765-general-00200 | greenwich-connecticut-18417c5e9074d765-general-00202 | greenwich-connecticut-18417c5e9074d765-general-00203 | greenwich-connecticut-18417c5e9074d765-general-00204 | greenwich-connecticut-18417c5e9074d765-general-00205 | greenwich-connecticut-18417c5e9074d765-general-00206 | greenwich-connecticut-18417c5e9074d765-general-00207 | greenwich-connecticut-18417c5e9074d765-general-00208 | greenwich-connecticut-18417c5e9074d765-general-00210 | greenwich-connecticut-18417c5e9074d765-general-00211 | greenwich-connecticut-18417c5e9074d765-general-00212 | greenwich-connecticut-18417c5e9074d765-general-00213 | greenwich-connecticut-18417c5e9074d765-general-00214 | greenwich-connecticut-18417c5e9074d765-general-00215 | greenwich-connecticut-18417c5e9074d765-general-00220 | greenwich-connecticut-18417c5e9074d765-general-00221 | greenwich-connecticut-18417c5e9074d765-general-00222 | greenwich-connecticut-18417c5e9074d765-general-00231 | greenwich-connecticut-18417c5e9074d765-general-00233 | greenwich-connecticut-18417c5e9074d765-general-00235 | greenwich-connecticut-18417c5e9074d765-general-00236 | greenwich-connecticut-18417c5e9074d765-general-00237 | greenwich-connecticut-18417c5e9074d765-general-00238 | greenwich-connecticut-18417c5e9074d765-general-00239 | greenwich-connecticut-18417c5e9074d765-general-00240 | greenwich-connecticut-18417c5e9074d765-general-00241 | greenwich-connecticut-18417c5e9074d765-general-00243 | greenwich-connecticut-18417c5e9074d765-general-00244 | greenwich-connecticut-18417c5e9074d765-general-00245 | greenwich-connecticut-18417c5e9074d765-general-00246 | greenwich-connecticut-18417c5e9074d765-general-00247 | greenwich-connecticut-18417c5e9074d765-general-00248 | greenwich-connecticut-18417c5e9074d765-general-00250 | greenwich-connecticut-18417c5e9074d765-general-00251 | greenwich-connecticut-18417c5e9074d765-general-00252 | greenwich-connecticut-18417c5e9074d765-general-00253 | greenwich-connecticut-18417c5e9074d765-general-00255 | greenwich-connecticut-18417c5e9074d765-general-00257 | greenwich-connecticut-18417c5e9074d765-general-00258 | greenwich-connecticut-18417c5e9074d765-general-00259 | greenwich-connecticut-18417c5e9074d765-general-00260 | greenwich-connecticut-18417c5e9074d765-general-00261 | greenwich-connecticut-18417c5e9074d765-general-00262 | greenwich-connecticut-18417c5e9074d765-general-00263 | greenwich-connecticut-18417c5e9074d765-general-00264 | greenwich-connecticut-18417c5e9074d765-general-00266 | greenwich-connecticut-18417c5e9074d765-general-00267 | greenwich-connecticut-18417c5e9074d765-general-00268 | greenwich-connecticut-18417c5e9074d765-general-00269 | greenwich-connecticut-18417c5e9074d765-general-00270 | greenwich-connecticut-18417c5e9074d765-general-00274 | greenwich-connecticut-18417c5e9074d765-general-00275 | greenwich-connecticut-18417c5e9074d765-general-00276 | greenwich-connecticut-18417c5e9074d765-general-00277 | greenwich-connecticut-18417c5e9074d765-general-00278 | greenwich-connecticut-18417c5e9074d765-general-00279 | greenwich-connecticut-18417c5e9074d765-general-00280 | greenwich-connecticut-18417c5e9074d765-general-00283 | greenwich-connecticut-18417c5e9074d765-general-00284 | greenwich-connecticut-18417c5e9074d765-general-00285 | greenwich-connecticut-18417c5e9074d765-general-00287 | greenwich-connecticut-18417c5e9074d765-general-00289 | greenwich-connecticut-18417c5e9074d765-general-00290,216,greenwich-connecticut-18417c5e9074d765-district-ho | greenwich-connecticut-18417c5e9074d765-district-mrco,2,4 | 5 | 6 | 8 | 9 | 10 | 16 | 23 | 29 | 30 | 31 | 32 | 33 | 34 | 35 | 37 | 38 | 40 | 41 | 42 | 43 | 46 | 47 | 50 | 52 | 53 | 55 | 56 | 57 | 59 | 62 | 63 | 65 | 67 | 68 | 69 | 70 | 71 | 74 | 77 | 80 | 82 | 84 | 85 | 88 | 91 | 96 | 103 | 106 | 108 | 109 | 110 | 113 | 114 | 121 | 128 | 130 | 132 | 135 | 136 | 139 | 145 | 150 | 151 | 152 | 153 | 154 | 155 | 156 | 157 | 165 | 174 | 178 | 188 | 195 | 200 | 203 | 204 | 209 | 211 | 212 | 214 | 219 | 220 | 221 | 234 | 235 | 236 | 272 | 275 | 291 | 303 | 309,93,221,collection_complete_pending_conflict_check,
greenwich-connecticut-18417c5e9074d765-district-gbo,GBO,Sec. 6-106. USE REGULATIONS AND SPECIAL REQUIREMENTS FOR THE  ZONE.,BASE,greenwich-connecticut-18417c5e9074d765-node-001194,104,"Sec. 6-106. USE REGULATIONS AND SPECIAL REQUIREMENTS FOR THE GBO ZONE.
(a) Permitted Uses:
(b) Parking:
(c) There shall be no display of merchandise or the placement of equipment used for an on-",33,greenwich-connecticut-18417c5e9074d765-node-001188,1,greenwich-connecticut-18417c5e9074d765-table-0004,1,13,greenwich-connecticut-18417c5e9074d765-general-00001 | greenwich-connecticut-18417c5e9074d765-general-00002 | greenwich-connecticut-18417c5e9074d765-general-00003 | greenwich-connecticut-18417c5e9074d765-general-00004 | greenwich-connecticut-18417c5e9074d765-general-00005 | greenwich-connecticut-18417c5e9074d765-general-00006 | greenwich-connecticut-18417c5e9074d765-general-00007 | greenwich-connecticut-18417c5e9074d765-general-00009 | greenwich-connecticut-18417c5e9074d765-general-00010 | greenwich-connecticut-18417c5e9074d765-general-00011 | greenwich-connecticut-18417c5e9074d765-general-00012 | greenwich-connecticut-18417c5e9074d765-general-00013 | greenwich-connecticut-18417c5e9074d765-general-00014 | greenwich-connecticut-18417c5e9074d765-general-00015 | greenwich-connecticut-18417c5e9074d765-general-00017 | greenwich-connecticut-18417c5e9074d765-general-00018 | greenwich-connecticut-18417c5e9074d765-general-00019 | greenwich-connecticut-18417c5e9074d765-general-00020 | greenwich-connecticut-18417c5e9074d765-general-00021 | greenwich-connecticut-18417c5e9074d765-general-00025 | greenwich-connecticut-18417c5e9074d765-general-00026 | greenwich-connecticut-18417c5e9074d765-general-00027 | greenwich-connecticut-18417c5e9074d765-general-00028 | greenwich-connecticut-18417c5e9074d765-general-00029 | greenwich-connecticut-18417c5e9074d765-general-00030 | greenwich-connecticut-18417c5e9074d765-general-00034 | greenwich-connecticut-18417c5e9074d765-general-00036 | greenwich-connecticut-18417c5e9074d765-general-00037 | greenwich-connecticut-18417c5e9074d765-general-00038 | greenwich-connecticut-18417c5e9074d765-general-00039 | greenwich-connecticut-18417c5e9074d765-general-00040 | greenwich-connecticut-18417c5e9074d765-general-00041 | greenwich-connecticut-18417c5e9074d765-general-00042 | greenwich-connecticut-18417c5e9074d765-general-00043 | greenwich-connecticut-18417c5e9074d765-general-00044 | greenwich-connecticut-18417c5e9074d765-general-00045 | greenwich-connecticut-18417c5e9074d765-general-00046 | greenwich-connecticut-18417c5e9074d765-general-00047 | greenwich-connecticut-18417c5e9074d765-general-00048 | greenwich-connecticut-18417c5e9074d765-general-00049 | greenwich-connecticut-18417c5e9074d765-general-00050 | greenwich-connecticut-18417c5e9074d765-general-00052 | greenwich-connecticut-18417c5e9074d765-general-00053 | greenwich-connecticut-18417c5e9074d765-general-00054 | greenwich-connecticut-18417c5e9074d765-general-00055 | greenwich-connecticut-18417c5e9074d765-general-00056 | greenwich-connecticut-18417c5e9074d765-general-00057 | greenwich-connecticut-18417c5e9074d765-general-00059 | greenwich-connecticut-18417c5e9074d765-general-00060 | greenwich-connecticut-18417c5e9074d765-general-00061 | greenwich-connecticut-18417c5e9074d765-general-00062 | greenwich-connecticut-18417c5e9074d765-general-00063 | greenwich-connecticut-18417c5e9074d765-general-00064 | greenwich-connecticut-18417c5e9074d765-general-00065 | greenwich-connecticut-18417c5e9074d765-general-00068 | greenwich-connecticut-18417c5e9074d765-general-00069 | greenwich-connecticut-18417c5e9074d765-general-00070 | greenwich-connecticut-18417c5e9074d765-general-00071 | greenwich-connecticut-18417c5e9074d765-general-00072 | greenwich-connecticut-18417c5e9074d765-general-00073 | greenwich-connecticut-18417c5e9074d765-general-00074 | greenwich-connecticut-18417c5e9074d765-general-00077 | greenwich-connecticut-18417c5e9074d765-general-00078 | greenwich-connecticut-18417c5e9074d765-general-00082 | greenwich-connecticut-18417c5e9074d765-general-00083 | greenwich-connecticut-18417c5e9074d765-general-00084 | greenwich-connecticut-18417c5e9074d765-general-00085 | greenwich-connecticut-18417c5e9074d765-general-00086 | greenwich-connecticut-18417c5e9074d765-general-00087 | greenwich-connecticut-18417c5e9074d765-general-00088 | greenwich-connecticut-18417c5e9074d765-general-00089 | greenwich-connecticut-18417c5e9074d765-general-00090 | greenwich-connecticut-18417c5e9074d765-general-00091 | greenwich-connecticut-18417c5e9074d765-general-00092 | greenwich-connecticut-18417c5e9074d765-general-00093 | greenwich-connecticut-18417c5e9074d765-general-00095 | greenwich-connecticut-18417c5e9074d765-general-00096 | greenwich-connecticut-18417c5e9074d765-general-00098 | greenwich-connecticut-18417c5e9074d765-general-00099 | greenwich-connecticut-18417c5e9074d765-general-00100 | greenwich-connecticut-18417c5e9074d765-general-00101 | greenwich-connecticut-18417c5e9074d765-general-00102 | greenwich-connecticut-18417c5e9074d765-general-00103 | greenwich-connecticut-18417c5e9074d765-general-00104 | greenwich-connecticut-18417c5e9074d765-general-00105 | greenwich-connecticut-18417c5e9074d765-general-00106 | greenwich-connecticut-18417c5e9074d765-general-00107 | greenwich-connecticut-18417c5e9074d765-general-00108 | greenwich-connecticut-18417c5e9074d765-general-00109 | greenwich-connecticut-18417c5e9074d765-general-00110 | greenwich-connecticut-18417c5e9074d765-general-00112 | greenwich-connecticut-18417c5e9074d765-general-00113 | greenwich-connecticut-18417c5e9074d765-general-00114 | greenwich-connecticut-18417c5e9074d765-general-00115 | greenwich-connecticut-18417c5e9074d765-general-00116 | greenwich-connecticut-18417c5e9074d765-general-00117 | greenwich-connecticut-18417c5e9074d765-general-00118 | greenwich-connecticut-18417c5e9074d765-general-00119 | greenwich-connecticut-18417c5e9074d765-general-00120 | greenwich-connecticut-18417c5e9074d765-general-00121 | greenwich-connecticut-18417c5e9074d765-general-00122 | greenwich-connecticut-18417c5e9074d765-general-00123 | greenwich-connecticut-18417c5e9074d765-general-00124 | greenwich-connecticut-18417c5e9074d765-general-00125 | greenwich-connecticut-18417c5e9074d765-general-00126 | greenwich-connecticut-18417c5e9074d765-general-00128 | greenwich-connecticut-18417c5e9074d765-general-00130 | greenwich-connecticut-18417c5e9074d765-general-00131 | greenwich-connecticut-18417c5e9074d765-general-00134 | greenwich-connecticut-18417c5e9074d765-general-00135 | greenwich-connecticut-18417c5e9074d765-general-00136 | greenwich-connecticut-18417c5e9074d765-general-00137 | greenwich-connecticut-18417c5e9074d765-general-00138 | greenwich-connecticut-18417c5e9074d765-general-00139 | greenwich-connecticut-18417c5e9074d765-general-00140 | greenwich-connecticut-18417c5e9074d765-general-00141 | greenwich-connecticut-18417c5e9074d765-general-00142 | greenwich-connecticut-18417c5e9074d765-general-00143 | greenwich-connecticut-18417c5e9074d765-general-00145 | greenwich-connecticut-18417c5e9074d765-general-00146 | greenwich-connecticut-18417c5e9074d765-general-00147 | greenwich-connecticut-18417c5e9074d765-general-00155 | greenwich-connecticut-18417c5e9074d765-general-00156 | greenwich-connecticut-18417c5e9074d765-general-00157 | greenwich-connecticut-18417c5e9074d765-general-00158 | greenwich-connecticut-18417c5e9074d765-general-00162 | greenwich-connecticut-18417c5e9074d765-general-00164 | greenwich-connecticut-18417c5e9074d765-general-00165 | greenwich-connecticut-18417c5e9074d765-general-00166 | greenwich-connecticut-18417c5e9074d765-general-00167 | greenwich-connecticut-18417c5e9074d765-general-00168 | greenwich-connecticut-18417c5e9074d765-general-00169 | greenwich-connecticut-18417c5e9074d765-general-00170 | greenwich-connecticut-18417c5e9074d765-general-00173 | greenwich-connecticut-18417c5e9074d765-general-00175 | greenwich-connecticut-18417c5e9074d765-general-00176 | greenwich-connecticut-18417c5e9074d765-general-00178 | greenwich-connecticut-18417c5e9074d765-general-00179 | greenwich-connecticut-18417c5e9074d765-general-00180 | greenwich-connecticut-18417c5e9074d765-general-00181 | greenwich-connecticut-18417c5e9074d765-general-00182 | greenwich-connecticut-18417c5e9074d765-general-00183 | greenwich-connecticut-18417c5e9074d765-general-00184 | greenwich-connecticut-18417c5e9074d765-general-00185 | greenwich-connecticut-18417c5e9074d765-general-00189 | greenwich-connecticut-18417c5e9074d765-general-00190 | greenwich-connecticut-18417c5e9074d765-general-00191 | greenwich-connecticut-18417c5e9074d765-general-00192 | greenwich-connecticut-18417c5e9074d765-general-00193 | greenwich-connecticut-18417c5e9074d765-general-00194 | greenwich-connecticut-18417c5e9074d765-general-00195 | greenwich-connecticut-18417c5e9074d765-general-00198 | greenwich-connecticut-18417c5e9074d765-general-00199 | greenwich-connecticut-18417c5e9074d765-general-00200 | greenwich-connecticut-18417c5e9074d765-general-00202 | greenwich-connecticut-18417c5e9074d765-general-00203 | greenwich-connecticut-18417c5e9074d765-general-00204 | greenwich-connecticut-18417c5e9074d765-general-00205 | greenwich-connecticut-18417c5e9074d765-general-00206 | greenwich-connecticut-18417c5e9074d765-general-00207 | greenwich-connecticut-18417c5e9074d765-general-00208 | greenwich-connecticut-18417c5e9074d765-general-00210 | greenwich-connecticut-18417c5e9074d765-general-00211 | greenwich-connecticut-18417c5e9074d765-general-00212 | greenwich-connecticut-18417c5e9074d765-general-00213 | greenwich-connecticut-18417c5e9074d765-general-00214 | greenwich-connecticut-18417c5e9074d765-general-00215 | greenwich-connecticut-18417c5e9074d765-general-00220 | greenwich-connecticut-18417c5e9074d765-general-00221 | greenwich-connecticut-18417c5e9074d765-general-00222 | greenwich-connecticut-18417c5e9074d765-general-00231 | greenwich-connecticut-18417c5e9074d765-general-00233 | greenwich-connecticut-18417c5e9074d765-general-00235 | greenwich-connecticut-18417c5e9074d765-general-00236 | greenwich-connecticut-18417c5e9074d765-general-00237 | greenwich-connecticut-18417c5e9074d765-general-00238 | greenwich-connecticut-18417c5e9074d765-general-00239 | greenwich-connecticut-18417c5e9074d765-general-00240 | greenwich-connecticut-18417c5e9074d765-general-00241 | greenwich-connecticut-18417c5e9074d765-general-00243 | greenwich-connecticut-18417c5e9074d765-general-00244 | greenwich-connecticut-18417c5e9074d765-general-00245 | greenwich-connecticut-18417c5e9074d765-general-00246 | greenwich-connecticut-18417c5e9074d765-general-00247 | greenwich-connecticut-18417c5e9074d765-general-00248 | greenwich-connecticut-18417c5e9074d765-general-00250 | greenwich-connecticut-18417c5e9074d765-general-00251 | greenwich-connecticut-18417c5e9074d765-general-00252 | greenwich-connecticut-18417c5e9074d765-general-00253 | greenwich-connecticut-18417c5e9074d765-general-00255 | greenwich-connecticut-18417c5e9074d765-general-00257 | greenwich-connecticut-18417c5e9074d765-general-00258 | greenwich-connecticut-18417c5e9074d765-general-00259 | greenwich-connecticut-18417c5e9074d765-general-00260 | greenwich-connecticut-18417c5e9074d765-general-00261 | greenwich-connecticut-18417c5e9074d765-general-00262 | greenwich-connecticut-18417c5e9074d765-general-00263 | greenwich-connecticut-18417c5e9074d765-general-00264 | greenwich-connecticut-18417c5e9074d765-general-00266 | greenwich-connecticut-18417c5e9074d765-general-00267 | greenwich-connecticut-18417c5e9074d765-general-00268 | greenwich-connecticut-18417c5e9074d765-general-00269 | greenwich-connecticut-18417c5e9074d765-general-00270 | greenwich-connecticut-18417c5e9074d765-general-00274 | greenwich-connecticut-18417c5e9074d765-general-00275 | greenwich-connecticut-18417c5e9074d765-general-00276 | greenwich-connecticut-18417c5e9074d765-general-00277 | greenwich-connecticut-18417c5e9074d765-general-00278 | greenwich-connecticut-18417c5e9074d765-general-00279 | greenwich-connecticut-18417c5e9074d765-general-00280 | greenwich-connecticut-18417c5e9074d765-general-00283 | greenwich-connecticut-18417c5e9074d765-general-00284 | greenwich-connecticut-18417c5e9074d765-general-00285 | greenwich-connecticut-18417c5e9074d765-general-00287 | greenwich-connecticut-18417c5e9074d765-general-00289 | greenwich-connecticut-18417c5e9074d765-general-00290,216,greenwich-connecticut-18417c5e9074d765-district-ho | greenwich-connecticut-18417c5e9074d765-district-mrco,2,4 | 5 | 6 | 8 | 9 | 10 | 16 | 23 | 29 | 30 | 31 | 32 | 33 | 34 | 35 | 37 | 38 | 40 | 41 | 42 | 43 | 46 | 47 | 50 | 52 | 53 | 55 | 56 | 57 | 59 | 62 | 63 | 65 | 67 | 68 | 69 | 70 | 71 | 74 | 77 | 80 | 82 | 84 | 85 | 88 | 91 | 96 | 103 | 104 | 106 | 108 | 109 | 110 | 113 | 114 | 121 | 128 | 130 | 132 | 135 | 136 | 139 | 145 | 150 | 151 | 152 | 153 | 154 | 155 | 156 | 157 | 165 | 174 | 178 | 188 | 195 | 200 | 203 | 204 | 209 | 211 | 212 | 214 | 219 | 220 | 221 | 234 | 235 | 236 | 272 | 275 | 291 | 303 | 309,94,221,collection_complete_pending_conflict_check,
greenwich-connecticut-18417c5e9074d765-district-lb,LB,Sec. 6-104. USE REGULATIONS AND SPECIAL REQUIREMENTS FOR  ZONE. (3/21/2000),BASE,greenwich-connecticut-18417c5e9074d765-node-001170,101,(1) A waiver of the prohibition of ground-floor residential dwelling units in the LB zone may be,17,,0,greenwich-connecticut-18417c5e9074d765-table-0004,1,13,greenwich-connecticut-18417c5e9074d765-general-00001 | greenwich-connecticut-18417c5e9074d765-general-00002 | greenwich-connecticut-18417c5e9074d765-general-00003 | greenwich-connecticut-18417c5e9074d765-general-00004 | greenwich-connecticut-18417c5e9074d765-general-00005 | greenwich-connecticut-18417c5e9074d765-general-00006 | greenwich-connecticut-18417c5e9074d765-general-00007 | greenwich-connecticut-18417c5e9074d765-general-00009 | greenwich-connecticut-18417c5e9074d765-general-00010 | greenwich-connecticut-18417c5e9074d765-general-00011 | greenwich-connecticut-18417c5e9074d765-general-00012 | greenwich-connecticut-18417c5e9074d765-general-00013 | greenwich-connecticut-18417c5e9074d765-general-00014 | greenwich-connecticut-18417c5e9074d765-general-00015 | greenwich-connecticut-18417c5e9074d765-general-00017 | greenwich-connecticut-18417c5e9074d765-general-00018 | greenwich-connecticut-18417c5e9074d765-general-00019 | greenwich-connecticut-18417c5e9074d765-general-00020 | greenwich-connecticut-18417c5e9074d765-general-00021 | greenwich-connecticut-18417c5e9074d765-general-00025 | greenwich-connecticut-18417c5e9074d765-general-00026 | greenwich-connecticut-18417c5e9074d765-general-00027 | greenwich-connecticut-18417c5e9074d765-general-00028 | greenwich-connecticut-18417c5e9074d765-general-00029 | greenwich-connecticut-18417c5e9074d765-general-00030 | greenwich-connecticut-18417c5e9074d765-general-00034 | greenwich-connecticut-18417c5e9074d765-general-00036 | greenwich-connecticut-18417c5e9074d765-general-00037 | greenwich-connecticut-18417c5e9074d765-general-00038 | greenwich-connecticut-18417c5e9074d765-general-00039 | greenwich-connecticut-18417c5e9074d765-general-00040 | greenwich-connecticut-18417c5e9074d765-general-00041 | greenwich-connecticut-18417c5e9074d765-general-00042 | greenwich-connecticut-18417c5e9074d765-general-00043 | greenwich-connecticut-18417c5e9074d765-general-00044 | greenwich-connecticut-18417c5e9074d765-general-00045 | greenwich-connecticut-18417c5e9074d765-general-00046 | greenwich-connecticut-18417c5e9074d765-general-00047 | greenwich-connecticut-18417c5e9074d765-general-00048 | greenwich-connecticut-18417c5e9074d765-general-00049 | greenwich-connecticut-18417c5e9074d765-general-00050 | greenwich-connecticut-18417c5e9074d765-general-00052 | greenwich-connecticut-18417c5e9074d765-general-00053 | greenwich-connecticut-18417c5e9074d765-general-00054 | greenwich-connecticut-18417c5e9074d765-general-00055 | greenwich-connecticut-18417c5e9074d765-general-00056 | greenwich-connecticut-18417c5e9074d765-general-00057 | greenwich-connecticut-18417c5e9074d765-general-00059 | greenwich-connecticut-18417c5e9074d765-general-00060 | greenwich-connecticut-18417c5e9074d765-general-00061 | greenwich-connecticut-18417c5e9074d765-general-00062 | greenwich-connecticut-18417c5e9074d765-general-00063 | greenwich-connecticut-18417c5e9074d765-general-00064 | greenwich-connecticut-18417c5e9074d765-general-00065 | greenwich-connecticut-18417c5e9074d765-general-00068 | greenwich-connecticut-18417c5e9074d765-general-00069 | greenwich-connecticut-18417c5e9074d765-general-00070 | greenwich-connecticut-18417c5e9074d765-general-00071 | greenwich-connecticut-18417c5e9074d765-general-00072 | greenwich-connecticut-18417c5e9074d765-general-00073 | greenwich-connecticut-18417c5e9074d765-general-00074 | greenwich-connecticut-18417c5e9074d765-general-00077 | greenwich-connecticut-18417c5e9074d765-general-00078 | greenwich-connecticut-18417c5e9074d765-general-00082 | greenwich-connecticut-18417c5e9074d765-general-00083 | greenwich-connecticut-18417c5e9074d765-general-00084 | greenwich-connecticut-18417c5e9074d765-general-00085 | greenwich-connecticut-18417c5e9074d765-general-00086 | greenwich-connecticut-18417c5e9074d765-general-00087 | greenwich-connecticut-18417c5e9074d765-general-00088 | greenwich-connecticut-18417c5e9074d765-general-00089 | greenwich-connecticut-18417c5e9074d765-general-00090 | greenwich-connecticut-18417c5e9074d765-general-00091 | greenwich-connecticut-18417c5e9074d765-general-00092 | greenwich-connecticut-18417c5e9074d765-general-00093 | greenwich-connecticut-18417c5e9074d765-general-00095 | greenwich-connecticut-18417c5e9074d765-general-00096 | greenwich-connecticut-18417c5e9074d765-general-00098 | greenwich-connecticut-18417c5e9074d765-general-00099 | greenwich-connecticut-18417c5e9074d765-general-00100 | greenwich-connecticut-18417c5e9074d765-general-00101 | greenwich-connecticut-18417c5e9074d765-general-00102 | greenwich-connecticut-18417c5e9074d765-general-00103 | greenwich-connecticut-18417c5e9074d765-general-00104 | greenwich-connecticut-18417c5e9074d765-general-00105 | greenwich-connecticut-18417c5e9074d765-general-00106 | greenwich-connecticut-18417c5e9074d765-general-00107 | greenwich-connecticut-18417c5e9074d765-general-00108 | greenwich-connecticut-18417c5e9074d765-general-00109 | greenwich-connecticut-18417c5e9074d765-general-00110 | greenwich-connecticut-18417c5e9074d765-general-00112 | greenwich-connecticut-18417c5e9074d765-general-00113 | greenwich-connecticut-18417c5e9074d765-general-00114 | greenwich-connecticut-18417c5e9074d765-general-00115 | greenwich-connecticut-18417c5e9074d765-general-00116 | greenwich-connecticut-18417c5e9074d765-general-00117 | greenwich-connecticut-18417c5e9074d765-general-00118 | greenwich-connecticut-18417c5e9074d765-general-00119 | greenwich-connecticut-18417c5e9074d765-general-00120 | greenwich-connecticut-18417c5e9074d765-general-00121 | greenwich-connecticut-18417c5e9074d765-general-00122 | greenwich-connecticut-18417c5e9074d765-general-00123 | greenwich-connecticut-18417c5e9074d765-general-00124 | greenwich-connecticut-18417c5e9074d765-general-00125 | greenwich-connecticut-18417c5e9074d765-general-00126 | greenwich-connecticut-18417c5e9074d765-general-00128 | greenwich-connecticut-18417c5e9074d765-general-00130 | greenwich-connecticut-18417c5e9074d765-general-00131 | greenwich-connecticut-18417c5e9074d765-general-00134 | greenwich-connecticut-18417c5e9074d765-general-00135 | greenwich-connecticut-18417c5e9074d765-general-00136 | greenwich-connecticut-18417c5e9074d765-general-00137 | greenwich-connecticut-18417c5e9074d765-general-00138 | greenwich-connecticut-18417c5e9074d765-general-00139 | greenwich-connecticut-18417c5e9074d765-general-00140 | greenwich-connecticut-18417c5e9074d765-general-00141 | greenwich-connecticut-18417c5e9074d765-general-00142 | greenwich-connecticut-18417c5e9074d765-general-00143 | greenwich-connecticut-18417c5e9074d765-general-00145 | greenwich-connecticut-18417c5e9074d765-general-00146 | greenwich-connecticut-18417c5e9074d765-general-00147 | greenwich-connecticut-18417c5e9074d765-general-00151 | greenwich-connecticut-18417c5e9074d765-general-00155 | greenwich-connecticut-18417c5e9074d765-general-00156 | greenwich-connecticut-18417c5e9074d765-general-00157 | greenwich-connecticut-18417c5e9074d765-general-00158 | greenwich-connecticut-18417c5e9074d765-general-00162 | greenwich-connecticut-18417c5e9074d765-general-00164 | greenwich-connecticut-18417c5e9074d765-general-00165 | greenwich-connecticut-18417c5e9074d765-general-00166 | greenwich-connecticut-18417c5e9074d765-general-00167 | greenwich-connecticut-18417c5e9074d765-general-00168 | greenwich-connecticut-18417c5e9074d765-general-00169 | greenwich-connecticut-18417c5e9074d765-general-00170 | greenwich-connecticut-18417c5e9074d765-general-00173 | greenwich-connecticut-18417c5e9074d765-general-00175 | greenwich-connecticut-18417c5e9074d765-general-00176 | greenwich-connecticut-18417c5e9074d765-general-00178 | greenwich-connecticut-18417c5e9074d765-general-00179 | greenwich-connecticut-18417c5e9074d765-general-00180 | greenwich-connecticut-18417c5e9074d765-general-00181 | greenwich-connecticut-18417c5e9074d765-general-00182 | greenwich-connecticut-18417c5e9074d765-general-00183 | greenwich-connecticut-18417c5e9074d765-general-00184 | greenwich-connecticut-18417c5e9074d765-general-00185 | greenwich-connecticut-18417c5e9074d765-general-00189 | greenwich-connecticut-18417c5e9074d765-general-00190 | greenwich-connecticut-18417c5e9074d765-general-00191 | greenwich-connecticut-18417c5e9074d765-general-00192 | greenwich-connecticut-18417c5e9074d765-general-00193 | greenwich-connecticut-18417c5e9074d765-general-00194 | greenwich-connecticut-18417c5e9074d765-general-00195 | greenwich-connecticut-18417c5e9074d765-general-00198 | greenwich-connecticut-18417c5e9074d765-general-00199 | greenwich-connecticut-18417c5e9074d765-general-00200 | greenwich-connecticut-18417c5e9074d765-general-00202 | greenwich-connecticut-18417c5e9074d765-general-00203 | greenwich-connecticut-18417c5e9074d765-general-00204 | greenwich-connecticut-18417c5e9074d765-general-00205 | greenwich-connecticut-18417c5e9074d765-general-00206 | greenwich-connecticut-18417c5e9074d765-general-00207 | greenwich-connecticut-18417c5e9074d765-general-00208 | greenwich-connecticut-18417c5e9074d765-general-00210 | greenwich-connecticut-18417c5e9074d765-general-00211 | greenwich-connecticut-18417c5e9074d765-general-00212 | greenwich-connecticut-18417c5e9074d765-general-00213 | greenwich-connecticut-18417c5e9074d765-general-00214 | greenwich-connecticut-18417c5e9074d765-general-00215 | greenwich-connecticut-18417c5e9074d765-general-00220 | greenwich-connecticut-18417c5e9074d765-general-00221 | greenwich-connecticut-18417c5e9074d765-general-00222 | greenwich-connecticut-18417c5e9074d765-general-00231 | greenwich-connecticut-18417c5e9074d765-general-00233 | greenwich-connecticut-18417c5e9074d765-general-00235 | greenwich-connecticut-18417c5e9074d765-general-00236 | greenwich-connecticut-18417c5e9074d765-general-00237 | greenwich-connecticut-18417c5e9074d765-general-00238 | greenwich-connecticut-18417c5e9074d765-general-00239 | greenwich-connecticut-18417c5e9074d765-general-00240 | greenwich-connecticut-18417c5e9074d765-general-00241 | greenwich-connecticut-18417c5e9074d765-general-00243 | greenwich-connecticut-18417c5e9074d765-general-00244 | greenwich-connecticut-18417c5e9074d765-general-00245 | greenwich-connecticut-18417c5e9074d765-general-00246 | greenwich-connecticut-18417c5e9074d765-general-00247 | greenwich-connecticut-18417c5e9074d765-general-00248 | greenwich-connecticut-18417c5e9074d765-general-00250 | greenwich-connecticut-18417c5e9074d765-general-00251 | greenwich-connecticut-18417c5e9074d765-general-00252 | greenwich-connecticut-18417c5e9074d765-general-00253 | greenwich-connecticut-18417c5e9074d765-general-00255 | greenwich-connecticut-18417c5e9074d765-general-00257 | greenwich-connecticut-18417c5e9074d765-general-00258 | greenwich-connecticut-18417c5e9074d765-general-00259 | greenwich-connecticut-18417c5e9074d765-general-00260 | greenwich-connecticut-18417c5e9074d765-general-00261 | greenwich-connecticut-18417c5e9074d765-general-00262 | greenwich-connecticut-18417c5e9074d765-general-00263 | greenwich-connecticut-18417c5e9074d765-general-00264 | greenwich-connecticut-18417c5e9074d765-general-00266 | greenwich-connecticut-18417c5e9074d765-general-00267 | greenwich-connecticut-18417c5e9074d765-general-00268 | greenwich-connecticut-18417c5e9074d765-general-00269 | greenwich-connecticut-18417c5e9074d765-general-00270 | greenwich-connecticut-18417c5e9074d765-general-00274 | greenwich-connecticut-18417c5e9074d765-general-00275 | greenwich-connecticut-18417c5e9074d765-general-00276 | greenwich-connecticut-18417c5e9074d765-general-00277 | greenwich-connecticut-18417c5e9074d765-general-00278 | greenwich-connecticut-18417c5e9074d765-general-00279 | greenwich-connecticut-18417c5e9074d765-general-00280 | greenwich-connecticut-18417c5e9074d765-general-00283 | greenwich-connecticut-18417c5e9074d765-general-00284 | greenwich-connecticut-18417c5e9074d765-general-00285 | greenwich-connecticut-18417c5e9074d765-general-00287 | greenwich-connecticut-18417c5e9074d765-general-00289 | greenwich-connecticut-18417c5e9074d765-general-00290,217,greenwich-connecticut-18417c5e9074d765-district-ho | greenwich-connecticut-18417c5e9074d765-district-mrco,2,4 | 5 | 6 | 8 | 9 | 10 | 16 | 23 | 29 | 30 | 31 | 32 | 33 | 34 | 35 | 37 | 38 | 40 | 41 | 42 | 43 | 46 | 47 | 50 | 52 | 53 | 55 | 56 | 57 | 59 | 62 | 63 | 65 | 67 | 68 | 69 | 70 | 71 | 74 | 77 | 80 | 82 | 84 | 85 | 88 | 91 | 96 | 106 | 108 | 109 | 110 | 113 | 114 | 119 | 121 | 128 | 130 | 132 | 135 | 136 | 139 | 145 | 150 | 151 | 152 | 153 | 154 | 155 | 156 | 157 | 165 | 174 | 178 | 188 | 195 | 200 | 203 | 204 | 209 | 211 | 212 | 214 | 219 | 220 | 221 | 234 | 235 | 236 | 272 | 275 | 291 | 303 | 309,93,221,collection_complete_pending_conflict_check,
greenwich-connecticut-18417c5e9074d765-district-r_12,R-12,"Sec. 6-93. PERMITTED USES IN RA-4, RA-2, RA-1, R-20 AND  Zones.",BASE,greenwich-connecticut-18417c5e9074d765-node-000924,77,"Sec. 6-93. PERMITTED USES IN RA-4, RA-2, RA-1, R-20 AND R-12 Zones.
(a) The following principal uses are permitted in RA-4, RA-2, RA-1, R-20 and R-12 Zones and all
(1) Detached single family dwellings, one (1) per lot.
(2) Streets, parks, playgrounds, public school grounds and Town buildings and uses.
(3) Short-term Residential Rental subject to the following (1/27/2022):",59,greenwich-connecticut-18417c5e9074d765-node-000924,1,greenwich-connecticut-18417c5e9074d765-table-0003,1,15,greenwich-connecticut-18417c5e9074d765-general-00001 | greenwich-connecticut-18417c5e9074d765-general-00002 | greenwich-connecticut-18417c5e9074d765-general-00003 | greenwich-connecticut-18417c5e9074d765-general-00004 | greenwich-connecticut-18417c5e9074d765-general-00005 | greenwich-connecticut-18417c5e9074d765-general-00006 | greenwich-connecticut-18417c5e9074d765-general-00007 | greenwich-connecticut-18417c5e9074d765-general-00009 | greenwich-connecticut-18417c5e9074d765-general-00010 | greenwich-connecticut-18417c5e9074d765-general-00011 | greenwich-connecticut-18417c5e9074d765-general-00012 | greenwich-connecticut-18417c5e9074d765-general-00013 | greenwich-connecticut-18417c5e9074d765-general-00014 | greenwich-connecticut-18417c5e9074d765-general-00015 | greenwich-connecticut-18417c5e9074d765-general-00017 | greenwich-connecticut-18417c5e9074d765-general-00018 | greenwich-connecticut-18417c5e9074d765-general-00019 | greenwich-connecticut-18417c5e9074d765-general-00020 | greenwich-connecticut-18417c5e9074d765-general-00021 | greenwich-connecticut-18417c5e9074d765-general-00025 | greenwich-connecticut-18417c5e9074d765-general-00026 | greenwich-connecticut-18417c5e9074d765-general-00027 | greenwich-connecticut-18417c5e9074d765-general-00028 | greenwich-connecticut-18417c5e9074d765-general-00029 | greenwich-connecticut-18417c5e9074d765-general-00030 | greenwich-connecticut-18417c5e9074d765-general-00034 | greenwich-connecticut-18417c5e9074d765-general-00036 | greenwich-connecticut-18417c5e9074d765-general-00037 | greenwich-connecticut-18417c5e9074d765-general-00038 | greenwich-connecticut-18417c5e9074d765-general-00039 | greenwich-connecticut-18417c5e9074d765-general-00040 | greenwich-connecticut-18417c5e9074d765-general-00041 | greenwich-connecticut-18417c5e9074d765-general-00042 | greenwich-connecticut-18417c5e9074d765-general-00043 | greenwich-connecticut-18417c5e9074d765-general-00044 | greenwich-connecticut-18417c5e9074d765-general-00045 | greenwich-connecticut-18417c5e9074d765-general-00046 | greenwich-connecticut-18417c5e9074d765-general-00047 | greenwich-connecticut-18417c5e9074d765-general-00048 | greenwich-connecticut-18417c5e9074d765-general-00049 | greenwich-connecticut-18417c5e9074d765-general-00050 | greenwich-connecticut-18417c5e9074d765-general-00052 | greenwich-connecticut-18417c5e9074d765-general-00053 | greenwich-connecticut-18417c5e9074d765-general-00054 | greenwich-connecticut-18417c5e9074d765-general-00055 | greenwich-connecticut-18417c5e9074d765-general-00056 | greenwich-connecticut-18417c5e9074d765-general-00057 | greenwich-connecticut-18417c5e9074d765-general-00059 | greenwich-connecticut-18417c5e9074d765-general-00060 | greenwich-connecticut-18417c5e9074d765-general-00061 | greenwich-connecticut-18417c5e9074d765-general-00062 | greenwich-connecticut-18417c5e9074d765-general-00063 | greenwich-connecticut-18417c5e9074d765-general-00064 | greenwich-connecticut-18417c5e9074d765-general-00065 | greenwich-connecticut-18417c5e9074d765-general-00068 | greenwich-connecticut-18417c5e9074d765-general-00069 | greenwich-connecticut-18417c5e9074d765-general-00070 | greenwich-connecticut-18417c5e9074d765-general-00071 | greenwich-connecticut-18417c5e9074d765-general-00072 | greenwich-connecticut-18417c5e9074d765-general-00073 | greenwich-connecticut-18417c5e9074d765-general-00074 | greenwich-connecticut-18417c5e9074d765-general-00077 | greenwich-connecticut-18417c5e9074d765-general-00078 | greenwich-connecticut-18417c5e9074d765-general-00082 | greenwich-connecticut-18417c5e9074d765-general-00083 | greenwich-connecticut-18417c5e9074d765-general-00084 | greenwich-connecticut-18417c5e9074d765-general-00085 | greenwich-connecticut-18417c5e9074d765-general-00086 | greenwich-connecticut-18417c5e9074d765-general-00087 | greenwich-connecticut-18417c5e9074d765-general-00088 | greenwich-connecticut-18417c5e9074d765-general-00089 | greenwich-connecticut-18417c5e9074d765-general-00090 | greenwich-connecticut-18417c5e9074d765-general-00091 | greenwich-connecticut-18417c5e9074d765-general-00092 | greenwich-connecticut-18417c5e9074d765-general-00093 | greenwich-connecticut-18417c5e9074d765-general-00095 | greenwich-connecticut-18417c5e9074d765-general-00096 | greenwich-connecticut-18417c5e9074d765-general-00098 | greenwich-connecticut-18417c5e9074d765-general-00099 | greenwich-connecticut-18417c5e9074d765-general-00100 | greenwich-connecticut-18417c5e9074d765-general-00101 | greenwich-connecticut-18417c5e9074d765-general-00102 | greenwich-connecticut-18417c5e9074d765-general-00103 | greenwich-connecticut-18417c5e9074d765-general-00104 | greenwich-connecticut-18417c5e9074d765-general-00105 | greenwich-connecticut-18417c5e9074d765-general-00106 | greenwich-connecticut-18417c5e9074d765-general-00107 | greenwich-connecticut-18417c5e9074d765-general-00108 | greenwich-connecticut-18417c5e9074d765-general-00109 | greenwich-connecticut-18417c5e9074d765-general-00110 | greenwich-connecticut-18417c5e9074d765-general-00112 | greenwich-connecticut-18417c5e9074d765-general-00113 | greenwich-connecticut-18417c5e9074d765-general-00114 | greenwich-connecticut-18417c5e9074d765-general-00115 | greenwich-connecticut-18417c5e9074d765-general-00116 | greenwich-connecticut-18417c5e9074d765-general-00117 | greenwich-connecticut-18417c5e9074d765-general-00118 | greenwich-connecticut-18417c5e9074d765-general-00119 | greenwich-connecticut-18417c5e9074d765-general-00120 | greenwich-connecticut-18417c5e9074d765-general-00121 | greenwich-connecticut-18417c5e9074d765-general-00122 | greenwich-connecticut-18417c5e9074d765-general-00123 | greenwich-connecticut-18417c5e9074d765-general-00124 | greenwich-connecticut-18417c5e9074d765-general-00125 | greenwich-connecticut-18417c5e9074d765-general-00126 | greenwich-connecticut-18417c5e9074d765-general-00128 | greenwich-connecticut-18417c5e9074d765-general-00130 | greenwich-connecticut-18417c5e9074d765-general-00131 | greenwich-connecticut-18417c5e9074d765-general-00133 | greenwich-connecticut-18417c5e9074d765-general-00134 | greenwich-connecticut-18417c5e9074d765-general-00135 | greenwich-connecticut-18417c5e9074d765-general-00136 | greenwich-connecticut-18417c5e9074d765-general-00137 | greenwich-connecticut-18417c5e9074d765-general-00138 | greenwich-connecticut-18417c5e9074d765-general-00139 | greenwich-connecticut-18417c5e9074d765-general-00140 | greenwich-connecticut-18417c5e9074d765-general-00141 | greenwich-connecticut-18417c5e9074d765-general-00142 | greenwich-connecticut-18417c5e9074d765-general-00143 | greenwich-connecticut-18417c5e9074d765-general-00145 | greenwich-connecticut-18417c5e9074d765-general-00146 | greenwich-connecticut-18417c5e9074d765-general-00147 | greenwich-connecticut-18417c5e9074d765-general-00155 | greenwich-connecticut-18417c5e9074d765-general-00156 | greenwich-connecticut-18417c5e9074d765-general-00157 | greenwich-connecticut-18417c5e9074d765-general-00158 | greenwich-connecticut-18417c5e9074d765-general-00162 | greenwich-connecticut-18417c5e9074d765-general-00164 | greenwich-connecticut-18417c5e9074d765-general-00165 | greenwich-connecticut-18417c5e9074d765-general-00166 | greenwich-connecticut-18417c5e9074d765-general-00167 | greenwich-connecticut-18417c5e9074d765-general-00168 | greenwich-connecticut-18417c5e9074d765-general-00169 | greenwich-connecticut-18417c5e9074d765-general-00170 | greenwich-connecticut-18417c5e9074d765-general-00173 | greenwich-connecticut-18417c5e9074d765-general-00176 | greenwich-connecticut-18417c5e9074d765-general-00178 | greenwich-connecticut-18417c5e9074d765-general-00179 | greenwich-connecticut-18417c5e9074d765-general-00180 | greenwich-connecticut-18417c5e9074d765-general-00181 | greenwich-connecticut-18417c5e9074d765-general-00182 | greenwich-connecticut-18417c5e9074d765-general-00183 | greenwich-connecticut-18417c5e9074d765-general-00184 | greenwich-connecticut-18417c5e9074d765-general-00185 | greenwich-connecticut-18417c5e9074d765-general-00189 | greenwich-connecticut-18417c5e9074d765-general-00190 | greenwich-connecticut-18417c5e9074d765-general-00191 | greenwich-connecticut-18417c5e9074d765-general-00192 | greenwich-connecticut-18417c5e9074d765-general-00193 | greenwich-connecticut-18417c5e9074d765-general-00194 | greenwich-connecticut-18417c5e9074d765-general-00195 | greenwich-connecticut-18417c5e9074d765-general-00198 | greenwich-connecticut-18417c5e9074d765-general-00199 | greenwich-connecticut-18417c5e9074d765-general-00200 | greenwich-connecticut-18417c5e9074d765-general-00202 | greenwich-connecticut-18417c5e9074d765-general-00203 | greenwich-connecticut-18417c5e9074d765-general-00204 | greenwich-connecticut-18417c5e9074d765-general-00205 | greenwich-connecticut-18417c5e9074d765-general-00206 | greenwich-connecticut-18417c5e9074d765-general-00207 | greenwich-connecticut-18417c5e9074d765-general-00208 | greenwich-connecticut-18417c5e9074d765-general-00210 | greenwich-connecticut-18417c5e9074d765-general-00211 | greenwich-connecticut-18417c5e9074d765-general-00212 | greenwich-connecticut-18417c5e9074d765-general-00213 | greenwich-connecticut-18417c5e9074d765-general-00214 | greenwich-connecticut-18417c5e9074d765-general-00215 | greenwich-connecticut-18417c5e9074d765-general-00220 | greenwich-connecticut-18417c5e9074d765-general-00221 | greenwich-connecticut-18417c5e9074d765-general-00222 | greenwich-connecticut-18417c5e9074d765-general-00231 | greenwich-connecticut-18417c5e9074d765-general-00233 | greenwich-connecticut-18417c5e9074d765-general-00235 | greenwich-connecticut-18417c5e9074d765-general-00236 | greenwich-connecticut-18417c5e9074d765-general-00237 | greenwich-connecticut-18417c5e9074d765-general-00238 | greenwich-connecticut-18417c5e9074d765-general-00239 | greenwich-connecticut-18417c5e9074d765-general-00240 | greenwich-connecticut-18417c5e9074d765-general-00241 | greenwich-connecticut-18417c5e9074d765-general-00243 | greenwich-connecticut-18417c5e9074d765-general-00244 | greenwich-connecticut-18417c5e9074d765-general-00245 | greenwich-connecticut-18417c5e9074d765-general-00246 | greenwich-connecticut-18417c5e9074d765-general-00247 | greenwich-connecticut-18417c5e9074d765-general-00248 | greenwich-connecticut-18417c5e9074d765-general-00250 | greenwich-connecticut-18417c5e9074d765-general-00251 | greenwich-connecticut-18417c5e9074d765-general-00252 | greenwich-connecticut-18417c5e9074d765-general-00253 | greenwich-connecticut-18417c5e9074d765-general-00255 | greenwich-connecticut-18417c5e9074d765-general-00257 | greenwich-connecticut-18417c5e9074d765-general-00258 | greenwich-connecticut-18417c5e9074d765-general-00259 | greenwich-connecticut-18417c5e9074d765-general-00260 | greenwich-connecticut-18417c5e9074d765-general-00261 | greenwich-connecticut-18417c5e9074d765-general-00262 | greenwich-connecticut-18417c5e9074d765-general-00263 | greenwich-connecticut-18417c5e9074d765-general-00264 | greenwich-connecticut-18417c5e9074d765-general-00266 | greenwich-connecticut-18417c5e9074d765-general-00267 | greenwich-connecticut-18417c5e9074d765-general-00268 | greenwich-connecticut-18417c5e9074d765-general-00269 | greenwich-connecticut-18417c5e9074d765-general-00270 | greenwich-connecticut-18417c5e9074d765-general-00273 | greenwich-connecticut-18417c5e9074d765-general-00274 | greenwich-connecticut-18417c5e9074d765-general-00275 | greenwich-connecticut-18417c5e9074d765-general-00276 | greenwich-connecticut-18417c5e9074d765-general-00277 | greenwich-connecticut-18417c5e9074d765-general-00278 | greenwich-connecticut-18417c5e9074d765-general-00279 | greenwich-connecticut-18417c5e9074d765-general-00280 | greenwich-connecticut-18417c5e9074d765-general-00283 | greenwich-connecticut-18417c5e9074d765-general-00284 | greenwich-connecticut-18417c5e9074d765-general-00285 | greenwich-connecticut-18417c5e9074d765-general-00287 | greenwich-connecticut-18417c5e9074d765-general-00289 | greenwich-connecticut-18417c5e9074d765-general-00290,217,greenwich-connecticut-18417c5e9074d765-district-ho | greenwich-connecticut-18417c5e9074d765-district-mrco,2,4 | 5 | 6 | 8 | 9 | 10 | 16 | 23 | 29 | 30 | 31 | 32 | 33 | 34 | 35 | 37 | 38 | 40 | 41 | 42 | 43 | 46 | 47 | 50 | 52 | 53 | 55 | 56 | 57 | 59 | 62 | 63 | 65 | 67 | 68 | 69 | 70 | 71 | 74 | 77 | 80 | 82 | 84 | 85 | 88 | 91 | 96 | 97 | 106 | 108 | 109 | 110 | 113 | 114 | 121 | 128 | 130 | 132 | 135 | 136 | 139 | 150 | 151 | 152 | 153 | 154 | 155 | 156 | 157 | 165 | 174 | 178 | 188 | 195 | 200 | 203 | 204 | 209 | 211 | 212 | 214 | 219 | 220 | 221 | 233 | 235 | 236 | 272 | 275 | 291 | 303 | 309,92,222,collection_complete_pending_conflict_check,
greenwich-connecticut-18417c5e9074d765-district-r_20,R-20,"Sec. 6-93. PERMITTED USES IN RA-4, RA-2, RA-1,  AND R-12 Zones.",BASE,greenwich-connecticut-18417c5e9074d765-node-000924,77,"Sec. 6-93. PERMITTED USES IN RA-4, RA-2, RA-1, R-20 AND R-12 Zones.
(a) The following principal uses are permitted in RA-4, RA-2, RA-1, R-20 and R-12 Zones and all
(1) Detached single family dwellings, one (1) per lot.
(2) Streets, parks, playgrounds, public school grounds and Town buildings and uses.
(3) Short-term Residential Rental subject to the following (1/27/2022):",59,greenwich-connecticut-18417c5e9074d765-node-000924,1,greenwich-connecticut-18417c5e9074d765-table-0003,1,15,greenwich-connecticut-18417c5e9074d765-general-00001 | greenwich-connecticut-18417c5e9074d765-general-00002 | greenwich-connecticut-18417c5e9074d765-general-00003 | greenwich-connecticut-18417c5e9074d765-general-00004 | greenwich-connecticut-18417c5e9074d765-general-00005 | greenwich-connecticut-18417c5e9074d765-general-00006 | greenwich-connecticut-18417c5e9074d765-general-00007 | greenwich-connecticut-18417c5e9074d765-general-00009 | greenwich-connecticut-18417c5e9074d765-general-00010 | greenwich-connecticut-18417c5e9074d765-general-00011 | greenwich-connecticut-18417c5e9074d765-general-00012 | greenwich-connecticut-18417c5e9074d765-general-00013 | greenwich-connecticut-18417c5e9074d765-general-00014 | greenwich-connecticut-18417c5e9074d765-general-00015 | greenwich-connecticut-18417c5e9074d765-general-00017 | greenwich-connecticut-18417c5e9074d765-general-00018 | greenwich-connecticut-18417c5e9074d765-general-00019 | greenwich-connecticut-18417c5e9074d765-general-00020 | greenwich-connecticut-18417c5e9074d765-general-00021 | greenwich-connecticut-18417c5e9074d765-general-00025 | greenwich-connecticut-18417c5e9074d765-general-00026 | greenwich-connecticut-18417c5e9074d765-general-00027 | greenwich-connecticut-18417c5e9074d765-general-00028 | greenwich-connecticut-18417c5e9074d765-general-00029 | greenwich-connecticut-18417c5e9074d765-general-00030 | greenwich-connecticut-18417c5e9074d765-general-00034 | greenwich-connecticut-18417c5e9074d765-general-00036 | greenwich-connecticut-18417c5e9074d765-general-00037 | greenwich-connecticut-18417c5e9074d765-general-00038 | greenwich-connecticut-18417c5e9074d765-general-00039 | greenwich-connecticut-18417c5e9074d765-general-00040 | greenwich-connecticut-18417c5e9074d765-general-00041 | greenwich-connecticut-18417c5e9074d765-general-00042 | greenwich-connecticut-18417c5e9074d765-general-00043 | greenwich-connecticut-18417c5e9074d765-general-00044 | greenwich-connecticut-18417c5e9074d765-general-00045 | greenwich-connecticut-18417c5e9074d765-general-00046 | greenwich-connecticut-18417c5e9074d765-general-00047 | greenwich-connecticut-18417c5e9074d765-general-00048 | greenwich-connecticut-18417c5e9074d765-general-00049 | greenwich-connecticut-18417c5e9074d765-general-00050 | greenwich-connecticut-18417c5e9074d765-general-00052 | greenwich-connecticut-18417c5e9074d765-general-00053 | greenwich-connecticut-18417c5e9074d765-general-00054 | greenwich-connecticut-18417c5e9074d765-general-00055 | greenwich-connecticut-18417c5e9074d765-general-00056 | greenwich-connecticut-18417c5e9074d765-general-00057 | greenwich-connecticut-18417c5e9074d765-general-00059 | greenwich-connecticut-18417c5e9074d765-general-00060 | greenwich-connecticut-18417c5e9074d765-general-00061 | greenwich-connecticut-18417c5e9074d765-general-00062 | greenwich-connecticut-18417c5e9074d765-general-00063 | greenwich-connecticut-18417c5e9074d765-general-00064 | greenwich-connecticut-18417c5e9074d765-general-00065 | greenwich-connecticut-18417c5e9074d765-general-00068 | greenwich-connecticut-18417c5e9074d765-general-00069 | greenwich-connecticut-18417c5e9074d765-general-00070 | greenwich-connecticut-18417c5e9074d765-general-00071 | greenwich-connecticut-18417c5e9074d765-general-00072 | greenwich-connecticut-18417c5e9074d765-general-00073 | greenwich-connecticut-18417c5e9074d765-general-00074 | greenwich-connecticut-18417c5e9074d765-general-00077 | greenwich-connecticut-18417c5e9074d765-general-00078 | greenwich-connecticut-18417c5e9074d765-general-00082 | greenwich-connecticut-18417c5e9074d765-general-00083 | greenwich-connecticut-18417c5e9074d765-general-00084 | greenwich-connecticut-18417c5e9074d765-general-00085 | greenwich-connecticut-18417c5e9074d765-general-00086 | greenwich-connecticut-18417c5e9074d765-general-00087 | greenwich-connecticut-18417c5e9074d765-general-00088 | greenwich-connecticut-18417c5e9074d765-general-00089 | greenwich-connecticut-18417c5e9074d765-general-00090 | greenwich-connecticut-18417c5e9074d765-general-00091 | greenwich-connecticut-18417c5e9074d765-general-00092 | greenwich-connecticut-18417c5e9074d765-general-00093 | greenwich-connecticut-18417c5e9074d765-general-00095 | greenwich-connecticut-18417c5e9074d765-general-00096 | greenwich-connecticut-18417c5e9074d765-general-00098 | greenwich-connecticut-18417c5e9074d765-general-00099 | greenwich-connecticut-18417c5e9074d765-general-00100 | greenwich-connecticut-18417c5e9074d765-general-00101 | greenwich-connecticut-18417c5e9074d765-general-00102 | greenwich-connecticut-18417c5e9074d765-general-00103 | greenwich-connecticut-18417c5e9074d765-general-00104 | greenwich-connecticut-18417c5e9074d765-general-00105 | greenwich-connecticut-18417c5e9074d765-general-00106 | greenwich-connecticut-18417c5e9074d765-general-00107 | greenwich-connecticut-18417c5e9074d765-general-00108 | greenwich-connecticut-18417c5e9074d765-general-00109 | greenwich-connecticut-18417c5e9074d765-general-00110 | greenwich-connecticut-18417c5e9074d765-general-00112 | greenwich-connecticut-18417c5e9074d765-general-00113 | greenwich-connecticut-18417c5e9074d765-general-00114 | greenwich-connecticut-18417c5e9074d765-general-00115 | greenwich-connecticut-18417c5e9074d765-general-00116 | greenwich-connecticut-18417c5e9074d765-general-00117 | greenwich-connecticut-18417c5e9074d765-general-00118 | greenwich-connecticut-18417c5e9074d765-general-00119 | greenwich-connecticut-18417c5e9074d765-general-00120 | greenwich-connecticut-18417c5e9074d765-general-00121 | greenwich-connecticut-18417c5e9074d765-general-00122 | greenwich-connecticut-18417c5e9074d765-general-00123 | greenwich-connecticut-18417c5e9074d765-general-00124 | greenwich-connecticut-18417c5e9074d765-general-00125 | greenwich-connecticut-18417c5e9074d765-general-00126 | greenwich-connecticut-18417c5e9074d765-general-00128 | greenwich-connecticut-18417c5e9074d765-general-00130 | greenwich-connecticut-18417c5e9074d765-general-00131 | greenwich-connecticut-18417c5e9074d765-general-00133 | greenwich-connecticut-18417c5e9074d765-general-00134 | greenwich-connecticut-18417c5e9074d765-general-00135 | greenwich-connecticut-18417c5e9074d765-general-00136 | greenwich-connecticut-18417c5e9074d765-general-00137 | greenwich-connecticut-18417c5e9074d765-general-00138 | greenwich-connecticut-18417c5e9074d765-general-00139 | greenwich-connecticut-18417c5e9074d765-general-00140 | greenwich-connecticut-18417c5e9074d765-general-00141 | greenwich-connecticut-18417c5e9074d765-general-00142 | greenwich-connecticut-18417c5e9074d765-general-00143 | greenwich-connecticut-18417c5e9074d765-general-00145 | greenwich-connecticut-18417c5e9074d765-general-00146 | greenwich-connecticut-18417c5e9074d765-general-00147 | greenwich-connecticut-18417c5e9074d765-general-00155 | greenwich-connecticut-18417c5e9074d765-general-00156 | greenwich-connecticut-18417c5e9074d765-general-00157 | greenwich-connecticut-18417c5e9074d765-general-00158 | greenwich-connecticut-18417c5e9074d765-general-00162 | greenwich-connecticut-18417c5e9074d765-general-00164 | greenwich-connecticut-18417c5e9074d765-general-00165 | greenwich-connecticut-18417c5e9074d765-general-00166 | greenwich-connecticut-18417c5e9074d765-general-00167 | greenwich-connecticut-18417c5e9074d765-general-00168 | greenwich-connecticut-18417c5e9074d765-general-00169 | greenwich-connecticut-18417c5e9074d765-general-00170 | greenwich-connecticut-18417c5e9074d765-general-00173 | greenwich-connecticut-18417c5e9074d765-general-00176 | greenwich-connecticut-18417c5e9074d765-general-00178 | greenwich-connecticut-18417c5e9074d765-general-00179 | greenwich-connecticut-18417c5e9074d765-general-00180 | greenwich-connecticut-18417c5e9074d765-general-00181 | greenwich-connecticut-18417c5e9074d765-general-00182 | greenwich-connecticut-18417c5e9074d765-general-00183 | greenwich-connecticut-18417c5e9074d765-general-00184 | greenwich-connecticut-18417c5e9074d765-general-00185 | greenwich-connecticut-18417c5e9074d765-general-00189 | greenwich-connecticut-18417c5e9074d765-general-00190 | greenwich-connecticut-18417c5e9074d765-general-00191 | greenwich-connecticut-18417c5e9074d765-general-00192 | greenwich-connecticut-18417c5e9074d765-general-00193 | greenwich-connecticut-18417c5e9074d765-general-00194 | greenwich-connecticut-18417c5e9074d765-general-00195 | greenwich-connecticut-18417c5e9074d765-general-00198 | greenwich-connecticut-18417c5e9074d765-general-00199 | greenwich-connecticut-18417c5e9074d765-general-00200 | greenwich-connecticut-18417c5e9074d765-general-00202 | greenwich-connecticut-18417c5e9074d765-general-00203 | greenwich-connecticut-18417c5e9074d765-general-00204 | greenwich-connecticut-18417c5e9074d765-general-00205 | greenwich-connecticut-18417c5e9074d765-general-00206 | greenwich-connecticut-18417c5e9074d765-general-00207 | greenwich-connecticut-18417c5e9074d765-general-00208 | greenwich-connecticut-18417c5e9074d765-general-00210 | greenwich-connecticut-18417c5e9074d765-general-00211 | greenwich-connecticut-18417c5e9074d765-general-00212 | greenwich-connecticut-18417c5e9074d765-general-00213 | greenwich-connecticut-18417c5e9074d765-general-00214 | greenwich-connecticut-18417c5e9074d765-general-00215 | greenwich-connecticut-18417c5e9074d765-general-00220 | greenwich-connecticut-18417c5e9074d765-general-00221 | greenwich-connecticut-18417c5e9074d765-general-00222 | greenwich-connecticut-18417c5e9074d765-general-00231 | greenwich-connecticut-18417c5e9074d765-general-00233 | greenwich-connecticut-18417c5e9074d765-general-00235 | greenwich-connecticut-18417c5e9074d765-general-00236 | greenwich-connecticut-18417c5e9074d765-general-00237 | greenwich-connecticut-18417c5e9074d765-general-00238 | greenwich-connecticut-18417c5e9074d765-general-00239 | greenwich-connecticut-18417c5e9074d765-general-00240 | greenwich-connecticut-18417c5e9074d765-general-00241 | greenwich-connecticut-18417c5e9074d765-general-00243 | greenwich-connecticut-18417c5e9074d765-general-00244 | greenwich-connecticut-18417c5e9074d765-general-00245 | greenwich-connecticut-18417c5e9074d765-general-00246 | greenwich-connecticut-18417c5e9074d765-general-00247 | greenwich-connecticut-18417c5e9074d765-general-00248 | greenwich-connecticut-18417c5e9074d765-general-00250 | greenwich-connecticut-18417c5e9074d765-general-00251 | greenwich-connecticut-18417c5e9074d765-general-00252 | greenwich-connecticut-18417c5e9074d765-general-00253 | greenwich-connecticut-18417c5e9074d765-general-00255 | greenwich-connecticut-18417c5e9074d765-general-00257 | greenwich-connecticut-18417c5e9074d765-general-00258 | greenwich-connecticut-18417c5e9074d765-general-00259 | greenwich-connecticut-18417c5e9074d765-general-00260 | greenwich-connecticut-18417c5e9074d765-general-00261 | greenwich-connecticut-18417c5e9074d765-general-00262 | greenwich-connecticut-18417c5e9074d765-general-00263 | greenwich-connecticut-18417c5e9074d765-general-00264 | greenwich-connecticut-18417c5e9074d765-general-00266 | greenwich-connecticut-18417c5e9074d765-general-00267 | greenwich-connecticut-18417c5e9074d765-general-00268 | greenwich-connecticut-18417c5e9074d765-general-00269 | greenwich-connecticut-18417c5e9074d765-general-00270 | greenwich-connecticut-18417c5e9074d765-general-00273 | greenwich-connecticut-18417c5e9074d765-general-00274 | greenwich-connecticut-18417c5e9074d765-general-00275 | greenwich-connecticut-18417c5e9074d765-general-00276 | greenwich-connecticut-18417c5e9074d765-general-00277 | greenwich-connecticut-18417c5e9074d765-general-00278 | greenwich-connecticut-18417c5e9074d765-general-00279 | greenwich-connecticut-18417c5e9074d765-general-00280 | greenwich-connecticut-18417c5e9074d765-general-00283 | greenwich-connecticut-18417c5e9074d765-general-00284 | greenwich-connecticut-18417c5e9074d765-general-00285 | greenwich-connecticut-18417c5e9074d765-general-00287 | greenwich-connecticut-18417c5e9074d765-general-00289 | greenwich-connecticut-18417c5e9074d765-general-00290,217,greenwich-connecticut-18417c5e9074d765-district-ho | greenwich-connecticut-18417c5e9074d765-district-mrco,2,4 | 5 | 6 | 8 | 9 | 10 | 16 | 23 | 29 | 30 | 31 | 32 | 33 | 34 | 35 | 37 | 38 | 40 | 41 | 42 | 43 | 46 | 47 | 50 | 52 | 53 | 55 | 56 | 57 | 59 | 62 | 63 | 65 | 67 | 68 | 69 | 70 | 71 | 74 | 77 | 80 | 82 | 84 | 85 | 88 | 91 | 96 | 97 | 106 | 108 | 109 | 110 | 113 | 114 | 121 | 128 | 130 | 132 | 135 | 136 | 139 | 150 | 151 | 152 | 153 | 154 | 155 | 156 | 157 | 165 | 174 | 178 | 188 | 195 | 200 | 203 | 204 | 209 | 211 | 212 | 214 | 219 | 220 | 221 | 233 | 235 | 236 | 272 | 275 | 291 | 303 | 309,92,222,collection_complete_pending_conflict_check,
greenwich-connecticut-18417c5e9074d765-district-r_6,R-6,Sec. 6-98. USE REGULATIONS FOR  ZONE.,BASE,greenwich-connecticut-18417c5e9074d765-node-001045,84,"Sec. 6-98. USE REGULATIONS FOR R-6 ZONE.
(a) The following principal uses are permitted and all other principal uses are expressly excluded
(1) All uses permitted in R-7 zones.
(2) Additions or renovations to existing two-family or multi-family dwellings, if such additions
(3) Administrative site plan approval is required on lots of 7,500 square feet or larger for:
(A) New two-family dwellings
(B) Change of use for the conversion from a single-family dwelling to a two-family
(C) Additions or alterations to a single-family dwelling to create a two-family dwelling
(D) Additions or alterations to an existing two-family dwelling that either require a
(4) The following uses are permitted as Special Permit uses when the Planning and Zoning
(A) For lots of less than 7,500 square feet or where the use of cross easements is",134,greenwich-connecticut-18417c5e9074d765-node-002650,1,greenwich-connecticut-18417c5e9074d765-table-0003,1,15,greenwich-connecticut-18417c5e9074d765-general-00001 | greenwich-connecticut-18417c5e9074d765-general-00002 | greenwich-connecticut-18417c5e9074d765-general-00003 | greenwich-connecticut-18417c5e9074d765-general-00004 | greenwich-connecticut-18417c5e9074d765-general-00005 | greenwich-connecticut-18417c5e9074d765-general-00006 | greenwich-connecticut-18417c5e9074d765-general-00007 | greenwich-connecticut-18417c5e9074d765-general-00009 | greenwich-connecticut-18417c5e9074d765-general-00010 | greenwich-connecticut-18417c5e9074d765-general-00011 | greenwich-connecticut-18417c5e9074d765-general-00012 | greenwich-connecticut-18417c5e9074d765-general-00013 | greenwich-connecticut-18417c5e9074d765-general-00014 | greenwich-connecticut-18417c5e9074d765-general-00015 | greenwich-connecticut-18417c5e9074d765-general-00017 | greenwich-connecticut-18417c5e9074d765-general-00018 | greenwich-connecticut-18417c5e9074d765-general-00019 | greenwich-connecticut-18417c5e9074d765-general-00020 | greenwich-connecticut-18417c5e9074d765-general-00021 | greenwich-connecticut-18417c5e9074d765-general-00025 | greenwich-connecticut-18417c5e9074d765-general-00026 | greenwich-connecticut-18417c5e9074d765-general-00027 | greenwich-connecticut-18417c5e9074d765-general-00028 | greenwich-connecticut-18417c5e9074d765-general-00029 | greenwich-connecticut-18417c5e9074d765-general-00030 | greenwich-connecticut-18417c5e9074d765-general-00034 | greenwich-connecticut-18417c5e9074d765-general-00036 | greenwich-connecticut-18417c5e9074d765-general-00037 | greenwich-connecticut-18417c5e9074d765-general-00038 | greenwich-connecticut-18417c5e9074d765-general-00039 | greenwich-connecticut-18417c5e9074d765-general-00040 | greenwich-connecticut-18417c5e9074d765-general-00041 | greenwich-connecticut-18417c5e9074d765-general-00042 | greenwich-connecticut-18417c5e9074d765-general-00043 | greenwich-connecticut-18417c5e9074d765-general-00044 | greenwich-connecticut-18417c5e9074d765-general-00045 | greenwich-connecticut-18417c5e9074d765-general-00046 | greenwich-connecticut-18417c5e9074d765-general-00047 | greenwich-connecticut-18417c5e9074d765-general-00048 | greenwich-connecticut-18417c5e9074d765-general-00049 | greenwich-connecticut-18417c5e9074d765-general-00050 | greenwich-connecticut-18417c5e9074d765-general-00052 | greenwich-connecticut-18417c5e9074d765-general-00053 | greenwich-connecticut-18417c5e9074d765-general-00054 | greenwich-connecticut-18417c5e9074d765-general-00055 | greenwich-connecticut-18417c5e9074d765-general-00056 | greenwich-connecticut-18417c5e9074d765-general-00057 | greenwich-connecticut-18417c5e9074d765-general-00059 | greenwich-connecticut-18417c5e9074d765-general-00060 | greenwich-connecticut-18417c5e9074d765-general-00061 | greenwich-connecticut-18417c5e9074d765-general-00062 | greenwich-connecticut-18417c5e9074d765-general-00063 | greenwich-connecticut-18417c5e9074d765-general-00064 | greenwich-connecticut-18417c5e9074d765-general-00065 | greenwich-connecticut-18417c5e9074d765-general-00068 | greenwich-connecticut-18417c5e9074d765-general-00069 | greenwich-connecticut-18417c5e9074d765-general-00070 | greenwich-connecticut-18417c5e9074d765-general-00071 | greenwich-connecticut-18417c5e9074d765-general-00072 | greenwich-connecticut-18417c5e9074d765-general-00073 | greenwich-connecticut-18417c5e9074d765-general-00074 | greenwich-connecticut-18417c5e9074d765-general-00077 | greenwich-connecticut-18417c5e9074d765-general-00078 | greenwich-connecticut-18417c5e9074d765-general-00082 | greenwich-connecticut-18417c5e9074d765-general-00083 | greenwich-connecticut-18417c5e9074d765-general-00084 | greenwich-connecticut-18417c5e9074d765-general-00085 | greenwich-connecticut-18417c5e9074d765-general-00086 | greenwich-connecticut-18417c5e9074d765-general-00087 | greenwich-connecticut-18417c5e9074d765-general-00088 | greenwich-connecticut-18417c5e9074d765-general-00089 | greenwich-connecticut-18417c5e9074d765-general-00090 | greenwich-connecticut-18417c5e9074d765-general-00091 | greenwich-connecticut-18417c5e9074d765-general-00092 | greenwich-connecticut-18417c5e9074d765-general-00093 | greenwich-connecticut-18417c5e9074d765-general-00095 | greenwich-connecticut-18417c5e9074d765-general-00096 | greenwich-connecticut-18417c5e9074d765-general-00098 | greenwich-connecticut-18417c5e9074d765-general-00099 | greenwich-connecticut-18417c5e9074d765-general-00100 | greenwich-connecticut-18417c5e9074d765-general-00101 | greenwich-connecticut-18417c5e9074d765-general-00102 | greenwich-connecticut-18417c5e9074d765-general-00103 | greenwich-connecticut-18417c5e9074d765-general-00104 | greenwich-connecticut-18417c5e9074d765-general-00105 | greenwich-connecticut-18417c5e9074d765-general-00106 | greenwich-connecticut-18417c5e9074d765-general-00107 | greenwich-connecticut-18417c5e9074d765-general-00108 | greenwich-connecticut-18417c5e9074d765-general-00109 | greenwich-connecticut-18417c5e9074d765-general-00110 | greenwich-connecticut-18417c5e9074d765-general-00112 | greenwich-connecticut-18417c5e9074d765-general-00113 | greenwich-connecticut-18417c5e9074d765-general-00114 | greenwich-connecticut-18417c5e9074d765-general-00115 | greenwich-connecticut-18417c5e9074d765-general-00116 | greenwich-connecticut-18417c5e9074d765-general-00117 | greenwich-connecticut-18417c5e9074d765-general-00118 | greenwich-connecticut-18417c5e9074d765-general-00119 | greenwich-connecticut-18417c5e9074d765-general-00120 | greenwich-connecticut-18417c5e9074d765-general-00121 | greenwich-connecticut-18417c5e9074d765-general-00122 | greenwich-connecticut-18417c5e9074d765-general-00123 | greenwich-connecticut-18417c5e9074d765-general-00124 | greenwich-connecticut-18417c5e9074d765-general-00125 | greenwich-connecticut-18417c5e9074d765-general-00126 | greenwich-connecticut-18417c5e9074d765-general-00128 | greenwich-connecticut-18417c5e9074d765-general-00130 | greenwich-connecticut-18417c5e9074d765-general-00131 | greenwich-connecticut-18417c5e9074d765-general-00133 | greenwich-connecticut-18417c5e9074d765-general-00134 | greenwich-connecticut-18417c5e9074d765-general-00135 | greenwich-connecticut-18417c5e9074d765-general-00136 | greenwich-connecticut-18417c5e9074d765-general-00137 | greenwich-connecticut-18417c5e9074d765-general-00138 | greenwich-connecticut-18417c5e9074d765-general-00139 | greenwich-connecticut-18417c5e9074d765-general-00140 | greenwich-connecticut-18417c5e9074d765-general-00141 | greenwich-connecticut-18417c5e9074d765-general-00142 | greenwich-connecticut-18417c5e9074d765-general-00143 | greenwich-connecticut-18417c5e9074d765-general-00145 | greenwich-connecticut-18417c5e9074d765-general-00146 | greenwich-connecticut-18417c5e9074d765-general-00147 | greenwich-connecticut-18417c5e9074d765-general-00155 | greenwich-connecticut-18417c5e9074d765-general-00156 | greenwich-connecticut-18417c5e9074d765-general-00157 | greenwich-connecticut-18417c5e9074d765-general-00158 | greenwich-connecticut-18417c5e9074d765-general-00162 | greenwich-connecticut-18417c5e9074d765-general-00164 | greenwich-connecticut-18417c5e9074d765-general-00165 | greenwich-connecticut-18417c5e9074d765-general-00166 | greenwich-connecticut-18417c5e9074d765-general-00167 | greenwich-connecticut-18417c5e9074d765-general-00168 | greenwich-connecticut-18417c5e9074d765-general-00169 | greenwich-connecticut-18417c5e9074d765-general-00170 | greenwich-connecticut-18417c5e9074d765-general-00173 | greenwich-connecticut-18417c5e9074d765-general-00176 | greenwich-connecticut-18417c5e9074d765-general-00178 | greenwich-connecticut-18417c5e9074d765-general-00179 | greenwich-connecticut-18417c5e9074d765-general-00180 | greenwich-connecticut-18417c5e9074d765-general-00181 | greenwich-connecticut-18417c5e9074d765-general-00182 | greenwich-connecticut-18417c5e9074d765-general-00183 | greenwich-connecticut-18417c5e9074d765-general-00184 | greenwich-connecticut-18417c5e9074d765-general-00185 | greenwich-connecticut-18417c5e9074d765-general-00189 | greenwich-connecticut-18417c5e9074d765-general-00190 | greenwich-connecticut-18417c5e9074d765-general-00191 | greenwich-connecticut-18417c5e9074d765-general-00192 | greenwich-connecticut-18417c5e9074d765-general-00193 | greenwich-connecticut-18417c5e9074d765-general-00194 | greenwich-connecticut-18417c5e9074d765-general-00195 | greenwich-connecticut-18417c5e9074d765-general-00198 | greenwich-connecticut-18417c5e9074d765-general-00199 | greenwich-connecticut-18417c5e9074d765-general-00200 | greenwich-connecticut-18417c5e9074d765-general-00202 | greenwich-connecticut-18417c5e9074d765-general-00203 | greenwich-connecticut-18417c5e9074d765-general-00204 | greenwich-connecticut-18417c5e9074d765-general-00205 | greenwich-connecticut-18417c5e9074d765-general-00206 | greenwich-connecticut-18417c5e9074d765-general-00207 | greenwich-connecticut-18417c5e9074d765-general-00208 | greenwich-connecticut-18417c5e9074d765-general-00210 | greenwich-connecticut-18417c5e9074d765-general-00211 | greenwich-connecticut-18417c5e9074d765-general-00212 | greenwich-connecticut-18417c5e9074d765-general-00213 | greenwich-connecticut-18417c5e9074d765-general-00214 | greenwich-connecticut-18417c5e9074d765-general-00215 | greenwich-connecticut-18417c5e9074d765-general-00220 | greenwich-connecticut-18417c5e9074d765-general-00221 | greenwich-connecticut-18417c5e9074d765-general-00222 | greenwich-connecticut-18417c5e9074d765-general-00231 | greenwich-connecticut-18417c5e9074d765-general-00233 | greenwich-connecticut-18417c5e9074d765-general-00235 | greenwich-connecticut-18417c5e9074d765-general-00236 | greenwich-connecticut-18417c5e9074d765-general-00237 | greenwich-connecticut-18417c5e9074d765-general-00238 | greenwich-connecticut-18417c5e9074d765-general-00239 | greenwich-connecticut-18417c5e9074d765-general-00240 | greenwich-connecticut-18417c5e9074d765-general-00241 | greenwich-connecticut-18417c5e9074d765-general-00243 | greenwich-connecticut-18417c5e9074d765-general-00244 | greenwich-connecticut-18417c5e9074d765-general-00245 | greenwich-connecticut-18417c5e9074d765-general-00246 | greenwich-connecticut-18417c5e9074d765-general-00247 | greenwich-connecticut-18417c5e9074d765-general-00248 | greenwich-connecticut-18417c5e9074d765-general-00250 | greenwich-connecticut-18417c5e9074d765-general-00251 | greenwich-connecticut-18417c5e9074d765-general-00252 | greenwich-connecticut-18417c5e9074d765-general-00253 | greenwich-connecticut-18417c5e9074d765-general-00255 | greenwich-connecticut-18417c5e9074d765-general-00257 | greenwich-connecticut-18417c5e9074d765-general-00258 | greenwich-connecticut-18417c5e9074d765-general-00259 | greenwich-connecticut-18417c5e9074d765-general-00260 | greenwich-connecticut-18417c5e9074d765-general-00261 | greenwich-connecticut-18417c5e9074d765-general-00262 | greenwich-connecticut-18417c5e9074d765-general-00263 | greenwich-connecticut-18417c5e9074d765-general-00264 | greenwich-connecticut-18417c5e9074d765-general-00266 | greenwich-connecticut-18417c5e9074d765-general-00267 | greenwich-connecticut-18417c5e9074d765-general-00268 | greenwich-connecticut-18417c5e9074d765-general-00269 | greenwich-connecticut-18417c5e9074d765-general-00270 | greenwich-connecticut-18417c5e9074d765-general-00273 | greenwich-connecticut-18417c5e9074d765-general-00274 | greenwich-connecticut-18417c5e9074d765-general-00275 | greenwich-connecticut-18417c5e9074d765-general-00276 | greenwich-connecticut-18417c5e9074d765-general-00277 | greenwich-connecticut-18417c5e9074d765-general-00278 | greenwich-connecticut-18417c5e9074d765-general-00279 | greenwich-connecticut-18417c5e9074d765-general-00280 | greenwich-connecticut-18417c5e9074d765-general-00283 | greenwich-connecticut-18417c5e9074d765-general-00284 | greenwich-connecticut-18417c5e9074d765-general-00285 | greenwich-connecticut-18417c5e9074d765-general-00287 | greenwich-connecticut-18417c5e9074d765-general-00289 | greenwich-connecticut-18417c5e9074d765-general-00290,217,greenwich-connecticut-18417c5e9074d765-district-ho | greenwich-connecticut-18417c5e9074d765-district-mrco,2,4 | 5 | 6 | 8 | 9 | 10 | 16 | 23 | 29 | 30 | 31 | 32 | 33 | 34 | 35 | 37 | 38 | 40 | 41 | 42 | 43 | 46 | 47 | 50 | 52 | 53 | 55 | 56 | 57 | 59 | 62 | 63 | 65 | 67 | 68 | 69 | 70 | 71 | 74 | 77 | 80 | 82 | 84 | 85 | 88 | 91 | 96 | 97 | 106 | 108 | 109 | 110 | 113 | 114 | 121 | 128 | 130 | 132 | 135 | 136 | 139 | 150 | 151 | 152 | 153 | 154 | 155 | 156 | 157 | 165 | 174 | 178 | 188 | 195 | 200 | 203 | 204 | 209 | 211 | 212 | 214 | 219 | 220 | 221 | 233 | 235 | 236 | 272 | 273 | 275 | 291 | 303 | 309,93,222,collection_complete_pending_conflict_check,
greenwich-connecticut-18417c5e9074d765-district-r_7,R-7,Sec. 6-97. USE REGULATIONS FOR  ZONES.,BASE,greenwich-connecticut-18417c5e9074d765-node-001036,84,"Sec. 6-97. USE REGULATIONS FOR R-7 ZONES.
(a) The following principal uses shall be permitted and all other principal uses are expressly
(1) All uses permitted in RA-4 zones and uses permitted under Sec. 6-94. (10/27/83)
(b) The following accessory uses shall be permitted in R-7 zones:
(1) The same accessory uses as in RA-4 zones except roadside stands and structures
(2) Customary home occupations, provided that each such occupation shall be engaged in
(3) The keeping of not more than two (2) roomers or boarders by a resident family only in a
(c) The following accessory uses shall be prohibited in R-7 zones;
(1) Same as in RA-4 zones and as provided in Subsection (b)(1) of this section.",119,greenwich-connecticut-18417c5e9074d765-node-001036,1,greenwich-connecticut-18417c5e9074d765-table-0003,1,15,greenwich-connecticut-18417c5e9074d765-general-00001 | greenwich-connecticut-18417c5e9074d765-general-00002 | greenwich-connecticut-18417c5e9074d765-general-00003 | greenwich-connecticut-18417c5e9074d765-general-00004 | greenwich-connecticut-18417c5e9074d765-general-00005 | greenwich-connecticut-18417c5e9074d765-general-00006 | greenwich-connecticut-18417c5e9074d765-general-00007 | greenwich-connecticut-18417c5e9074d765-general-00009 | greenwich-connecticut-18417c5e9074d765-general-00010 | greenwich-connecticut-18417c5e9074d765-general-00011 | greenwich-connecticut-18417c5e9074d765-general-00012 | greenwich-connecticut-18417c5e9074d765-general-00013 | greenwich-connecticut-18417c5e9074d765-general-00014 | greenwich-connecticut-18417c5e9074d765-general-00015 | greenwich-connecticut-18417c5e9074d765-general-00017 | greenwich-connecticut-18417c5e9074d765-general-00018 | greenwich-connecticut-18417c5e9074d765-general-00019 | greenwich-connecticut-18417c5e9074d765-general-00020 | greenwich-connecticut-18417c5e9074d765-general-00021 | greenwich-connecticut-18417c5e9074d765-general-00025 | greenwich-connecticut-18417c5e9074d765-general-00026 | greenwich-connecticut-18417c5e9074d765-general-00027 | greenwich-connecticut-18417c5e9074d765-general-00028 | greenwich-connecticut-18417c5e9074d765-general-00029 | greenwich-connecticut-18417c5e9074d765-general-00030 | greenwich-connecticut-18417c5e9074d765-general-00034 | greenwich-connecticut-18417c5e9074d765-general-00036 | greenwich-connecticut-18417c5e9074d765-general-00037 | greenwich-connecticut-18417c5e9074d765-general-00038 | greenwich-connecticut-18417c5e9074d765-general-00039 | greenwich-connecticut-18417c5e9074d765-general-00040 | greenwich-connecticut-18417c5e9074d765-general-00041 | greenwich-connecticut-18417c5e9074d765-general-00042 | greenwich-connecticut-18417c5e9074d765-general-00043 | greenwich-connecticut-18417c5e9074d765-general-00044 | greenwich-connecticut-18417c5e9074d765-general-00045 | greenwich-connecticut-18417c5e9074d765-general-00046 | greenwich-connecticut-18417c5e9074d765-general-00047 | greenwich-connecticut-18417c5e9074d765-general-00048 | greenwich-connecticut-18417c5e9074d765-general-00049 | greenwich-connecticut-18417c5e9074d765-general-00050 | greenwich-connecticut-18417c5e9074d765-general-00052 | greenwich-connecticut-18417c5e9074d765-general-00053 | greenwich-connecticut-18417c5e9074d765-general-00054 | greenwich-connecticut-18417c5e9074d765-general-00055 | greenwich-connecticut-18417c5e9074d765-general-00056 | greenwich-connecticut-18417c5e9074d765-general-00057 | greenwich-connecticut-18417c5e9074d765-general-00059 | greenwich-connecticut-18417c5e9074d765-general-00060 | greenwich-connecticut-18417c5e9074d765-general-00061 | greenwich-connecticut-18417c5e9074d765-general-00062 | greenwich-connecticut-18417c5e9074d765-general-00063 | greenwich-connecticut-18417c5e9074d765-general-00064 | greenwich-connecticut-18417c5e9074d765-general-00065 | greenwich-connecticut-18417c5e9074d765-general-00068 | greenwich-connecticut-18417c5e9074d765-general-00069 | greenwich-connecticut-18417c5e9074d765-general-00070 | greenwich-connecticut-18417c5e9074d765-general-00071 | greenwich-connecticut-18417c5e9074d765-general-00072 | greenwich-connecticut-18417c5e9074d765-general-00073 | greenwich-connecticut-18417c5e9074d765-general-00074 | greenwich-connecticut-18417c5e9074d765-general-00077 | greenwich-connecticut-18417c5e9074d765-general-00078 | greenwich-connecticut-18417c5e9074d765-general-00082 | greenwich-connecticut-18417c5e9074d765-general-00083 | greenwich-connecticut-18417c5e9074d765-general-00084 | greenwich-connecticut-18417c5e9074d765-general-00085 | greenwich-connecticut-18417c5e9074d765-general-00086 | greenwich-connecticut-18417c5e9074d765-general-00087 | greenwich-connecticut-18417c5e9074d765-general-00088 | greenwich-connecticut-18417c5e9074d765-general-00089 | greenwich-connecticut-18417c5e9074d765-general-00090 | greenwich-connecticut-18417c5e9074d765-general-00091 | greenwich-connecticut-18417c5e9074d765-general-00092 | greenwich-connecticut-18417c5e9074d765-general-00093 | greenwich-connecticut-18417c5e9074d765-general-00095 | greenwich-connecticut-18417c5e9074d765-general-00096 | greenwich-connecticut-18417c5e9074d765-general-00098 | greenwich-connecticut-18417c5e9074d765-general-00099 | greenwich-connecticut-18417c5e9074d765-general-00100 | greenwich-connecticut-18417c5e9074d765-general-00101 | greenwich-connecticut-18417c5e9074d765-general-00102 | greenwich-connecticut-18417c5e9074d765-general-00103 | greenwich-connecticut-18417c5e9074d765-general-00104 | greenwich-connecticut-18417c5e9074d765-general-00105 | greenwich-connecticut-18417c5e9074d765-general-00106 | greenwich-connecticut-18417c5e9074d765-general-00107 | greenwich-connecticut-18417c5e9074d765-general-00108 | greenwich-connecticut-18417c5e9074d765-general-00109 | greenwich-connecticut-18417c5e9074d765-general-00110 | greenwich-connecticut-18417c5e9074d765-general-00112 | greenwich-connecticut-18417c5e9074d765-general-00113 | greenwich-connecticut-18417c5e9074d765-general-00114 | greenwich-connecticut-18417c5e9074d765-general-00115 | greenwich-connecticut-18417c5e9074d765-general-00116 | greenwich-connecticut-18417c5e9074d765-general-00117 | greenwich-connecticut-18417c5e9074d765-general-00118 | greenwich-connecticut-18417c5e9074d765-general-00119 | greenwich-connecticut-18417c5e9074d765-general-00120 | greenwich-connecticut-18417c5e9074d765-general-00121 | greenwich-connecticut-18417c5e9074d765-general-00122 | greenwich-connecticut-18417c5e9074d765-general-00123 | greenwich-connecticut-18417c5e9074d765-general-00124 | greenwich-connecticut-18417c5e9074d765-general-00125 | greenwich-connecticut-18417c5e9074d765-general-00126 | greenwich-connecticut-18417c5e9074d765-general-00128 | greenwich-connecticut-18417c5e9074d765-general-00130 | greenwich-connecticut-18417c5e9074d765-general-00131 | greenwich-connecticut-18417c5e9074d765-general-00133 | greenwich-connecticut-18417c5e9074d765-general-00134 | greenwich-connecticut-18417c5e9074d765-general-00135 | greenwich-connecticut-18417c5e9074d765-general-00136 | greenwich-connecticut-18417c5e9074d765-general-00137 | greenwich-connecticut-18417c5e9074d765-general-00138 | greenwich-connecticut-18417c5e9074d765-general-00139 | greenwich-connecticut-18417c5e9074d765-general-00140 | greenwich-connecticut-18417c5e9074d765-general-00141 | greenwich-connecticut-18417c5e9074d765-general-00142 | greenwich-connecticut-18417c5e9074d765-general-00143 | greenwich-connecticut-18417c5e9074d765-general-00145 | greenwich-connecticut-18417c5e9074d765-general-00146 | greenwich-connecticut-18417c5e9074d765-general-00147 | greenwich-connecticut-18417c5e9074d765-general-00155 | greenwich-connecticut-18417c5e9074d765-general-00156 | greenwich-connecticut-18417c5e9074d765-general-00157 | greenwich-connecticut-18417c5e9074d765-general-00158 | greenwich-connecticut-18417c5e9074d765-general-00162 | greenwich-connecticut-18417c5e9074d765-general-00164 | greenwich-connecticut-18417c5e9074d765-general-00165 | greenwich-connecticut-18417c5e9074d765-general-00166 | greenwich-connecticut-18417c5e9074d765-general-00167 | greenwich-connecticut-18417c5e9074d765-general-00168 | greenwich-connecticut-18417c5e9074d765-general-00169 | greenwich-connecticut-18417c5e9074d765-general-00170 | greenwich-connecticut-18417c5e9074d765-general-00173 | greenwich-connecticut-18417c5e9074d765-general-00176 | greenwich-connecticut-18417c5e9074d765-general-00178 | greenwich-connecticut-18417c5e9074d765-general-00179 | greenwich-connecticut-18417c5e9074d765-general-00180 | greenwich-connecticut-18417c5e9074d765-general-00181 | greenwich-connecticut-18417c5e9074d765-general-00182 | greenwich-connecticut-18417c5e9074d765-general-00183 | greenwich-connecticut-18417c5e9074d765-general-00184 | greenwich-connecticut-18417c5e9074d765-general-00185 | greenwich-connecticut-18417c5e9074d765-general-00189 | greenwich-connecticut-18417c5e9074d765-general-00190 | greenwich-connecticut-18417c5e9074d765-general-00191 | greenwich-connecticut-18417c5e9074d765-general-00192 | greenwich-connecticut-18417c5e9074d765-general-00193 | greenwich-connecticut-18417c5e9074d765-general-00194 | greenwich-connecticut-18417c5e9074d765-general-00195 | greenwich-connecticut-18417c5e9074d765-general-00198 | greenwich-connecticut-18417c5e9074d765-general-00199 | greenwich-connecticut-18417c5e9074d765-general-00200 | greenwich-connecticut-18417c5e9074d765-general-00202 | greenwich-connecticut-18417c5e9074d765-general-00203 | greenwich-connecticut-18417c5e9074d765-general-00204 | greenwich-connecticut-18417c5e9074d765-general-00205 | greenwich-connecticut-18417c5e9074d765-general-00206 | greenwich-connecticut-18417c5e9074d765-general-00207 | greenwich-connecticut-18417c5e9074d765-general-00208 | greenwich-connecticut-18417c5e9074d765-general-00210 | greenwich-connecticut-18417c5e9074d765-general-00211 | greenwich-connecticut-18417c5e9074d765-general-00212 | greenwich-connecticut-18417c5e9074d765-general-00213 | greenwich-connecticut-18417c5e9074d765-general-00214 | greenwich-connecticut-18417c5e9074d765-general-00215 | greenwich-connecticut-18417c5e9074d765-general-00220 | greenwich-connecticut-18417c5e9074d765-general-00221 | greenwich-connecticut-18417c5e9074d765-general-00222 | greenwich-connecticut-18417c5e9074d765-general-00231 | greenwich-connecticut-18417c5e9074d765-general-00233 | greenwich-connecticut-18417c5e9074d765-general-00235 | greenwich-connecticut-18417c5e9074d765-general-00236 | greenwich-connecticut-18417c5e9074d765-general-00237 | greenwich-connecticut-18417c5e9074d765-general-00238 | greenwich-connecticut-18417c5e9074d765-general-00239 | greenwich-connecticut-18417c5e9074d765-general-00240 | greenwich-connecticut-18417c5e9074d765-general-00241 | greenwich-connecticut-18417c5e9074d765-general-00243 | greenwich-connecticut-18417c5e9074d765-general-00244 | greenwich-connecticut-18417c5e9074d765-general-00245 | greenwich-connecticut-18417c5e9074d765-general-00246 | greenwich-connecticut-18417c5e9074d765-general-00247 | greenwich-connecticut-18417c5e9074d765-general-00248 | greenwich-connecticut-18417c5e9074d765-general-00250 | greenwich-connecticut-18417c5e9074d765-general-00251 | greenwich-connecticut-18417c5e9074d765-general-00252 | greenwich-connecticut-18417c5e9074d765-general-00253 | greenwich-connecticut-18417c5e9074d765-general-00255 | greenwich-connecticut-18417c5e9074d765-general-00257 | greenwich-connecticut-18417c5e9074d765-general-00258 | greenwich-connecticut-18417c5e9074d765-general-00259 | greenwich-connecticut-18417c5e9074d765-general-00260 | greenwich-connecticut-18417c5e9074d765-general-00261 | greenwich-connecticut-18417c5e9074d765-general-00262 | greenwich-connecticut-18417c5e9074d765-general-00263 | greenwich-connecticut-18417c5e9074d765-general-00264 | greenwich-connecticut-18417c5e9074d765-general-00266 | greenwich-connecticut-18417c5e9074d765-general-00267 | greenwich-connecticut-18417c5e9074d765-general-00268 | greenwich-connecticut-18417c5e9074d765-general-00269 | greenwich-connecticut-18417c5e9074d765-general-00270 | greenwich-connecticut-18417c5e9074d765-general-00273 | greenwich-connecticut-18417c5e9074d765-general-00274 | greenwich-connecticut-18417c5e9074d765-general-00275 | greenwich-connecticut-18417c5e9074d765-general-00276 | greenwich-connecticut-18417c5e9074d765-general-00277 | greenwich-connecticut-18417c5e9074d765-general-00278 | greenwich-connecticut-18417c5e9074d765-general-00279 | greenwich-connecticut-18417c5e9074d765-general-00280 | greenwich-connecticut-18417c5e9074d765-general-00283 | greenwich-connecticut-18417c5e9074d765-general-00284 | greenwich-connecticut-18417c5e9074d765-general-00285 | greenwich-connecticut-18417c5e9074d765-general-00287 | greenwich-connecticut-18417c5e9074d765-general-00289 | greenwich-connecticut-18417c5e9074d765-general-00290,217,greenwich-connecticut-18417c5e9074d765-district-ho | greenwich-connecticut-18417c5e9074d765-district-mrco,2,4 | 5 | 6 | 8 | 9 | 10 | 16 | 23 | 29 | 30 | 31 | 32 | 33 | 34 | 35 | 37 | 38 | 40 | 41 | 42 | 43 | 46 | 47 | 50 | 52 | 53 | 55 | 56 | 57 | 59 | 62 | 63 | 65 | 67 | 68 | 69 | 70 | 71 | 74 | 77 | 80 | 82 | 84 | 85 | 88 | 91 | 96 | 97 | 106 | 108 | 109 | 110 | 113 | 114 | 121 | 128 | 130 | 132 | 135 | 136 | 139 | 150 | 151 | 152 | 153 | 154 | 155 | 156 | 157 | 165 | 174 | 178 | 188 | 195 | 200 | 203 | 204 | 209 | 211 | 212 | 214 | 219 | 220 | 221 | 233 | 235 | 236 | 272 | 275 | 291 | 303 | 309,92,222,collection_complete_pending_conflict_check,
greenwich-connecticut-18417c5e9074d765-district-ra_1,RA-1,"Sec. 6-93. PERMITTED USES IN RA-4, RA-2, , R-20 AND R-12 Zones.",BASE,greenwich-connecticut-18417c5e9074d765-node-000924,77,"Sec. 6-93. PERMITTED USES IN RA-4, RA-2, RA-1, R-20 AND R-12 Zones.
(a) The following principal uses are permitted in RA-4, RA-2, RA-1, R-20 and R-12 Zones and all
(1) Detached single family dwellings, one (1) per lot.
(2) Streets, parks, playgrounds, public school grounds and Town buildings and uses.
(3) Short-term Residential Rental subject to the following (1/27/2022):",59,greenwich-connecticut-18417c5e9074d765-node-000924,1,greenwich-connecticut-18417c5e9074d765-table-0003,1,15,greenwich-connecticut-18417c5e9074d765-general-00001 | greenwich-connecticut-18417c5e9074d765-general-00002 | greenwich-connecticut-18417c5e9074d765-general-00003 | greenwich-connecticut-18417c5e9074d765-general-00004 | greenwich-connecticut-18417c5e9074d765-general-00005 | greenwich-connecticut-18417c5e9074d765-general-00006 | greenwich-connecticut-18417c5e9074d765-general-00007 | greenwich-connecticut-18417c5e9074d765-general-00009 | greenwich-connecticut-18417c5e9074d765-general-00010 | greenwich-connecticut-18417c5e9074d765-general-00011 | greenwich-connecticut-18417c5e9074d765-general-00012 | greenwich-connecticut-18417c5e9074d765-general-00013 | greenwich-connecticut-18417c5e9074d765-general-00014 | greenwich-connecticut-18417c5e9074d765-general-00015 | greenwich-connecticut-18417c5e9074d765-general-00017 | greenwich-connecticut-18417c5e9074d765-general-00018 | greenwich-connecticut-18417c5e9074d765-general-00019 | greenwich-connecticut-18417c5e9074d765-general-00020 | greenwich-connecticut-18417c5e9074d765-general-00021 | greenwich-connecticut-18417c5e9074d765-general-00025 | greenwich-connecticut-18417c5e9074d765-general-00026 | greenwich-connecticut-18417c5e9074d765-general-00027 | greenwich-connecticut-18417c5e9074d765-general-00028 | greenwich-connecticut-18417c5e9074d765-general-00029 | greenwich-connecticut-18417c5e9074d765-general-00030 | greenwich-connecticut-18417c5e9074d765-general-00034 | greenwich-connecticut-18417c5e9074d765-general-00036 | greenwich-connecticut-18417c5e9074d765-general-00037 | greenwich-connecticut-18417c5e9074d765-general-00038 | greenwich-connecticut-18417c5e9074d765-general-00039 | greenwich-connecticut-18417c5e9074d765-general-00040 | greenwich-connecticut-18417c5e9074d765-general-00041 | greenwich-connecticut-18417c5e9074d765-general-00042 | greenwich-connecticut-18417c5e9074d765-general-00043 | greenwich-connecticut-18417c5e9074d765-general-00044 | greenwich-connecticut-18417c5e9074d765-general-00045 | greenwich-connecticut-18417c5e9074d765-general-00046 | greenwich-connecticut-18417c5e9074d765-general-00047 | greenwich-connecticut-18417c5e9074d765-general-00048 | greenwich-connecticut-18417c5e9074d765-general-00049 | greenwich-connecticut-18417c5e9074d765-general-00050 | greenwich-connecticut-18417c5e9074d765-general-00052 | greenwich-connecticut-18417c5e9074d765-general-00053 | greenwich-connecticut-18417c5e9074d765-general-00054 | greenwich-connecticut-18417c5e9074d765-general-00055 | greenwich-connecticut-18417c5e9074d765-general-00056 | greenwich-connecticut-18417c5e9074d765-general-00057 | greenwich-connecticut-18417c5e9074d765-general-00059 | greenwich-connecticut-18417c5e9074d765-general-00060 | greenwich-connecticut-18417c5e9074d765-general-00061 | greenwich-connecticut-18417c5e9074d765-general-00062 | greenwich-connecticut-18417c5e9074d765-general-00063 | greenwich-connecticut-18417c5e9074d765-general-00064 | greenwich-connecticut-18417c5e9074d765-general-00065 | greenwich-connecticut-18417c5e9074d765-general-00068 | greenwich-connecticut-18417c5e9074d765-general-00069 | greenwich-connecticut-18417c5e9074d765-general-00070 | greenwich-connecticut-18417c5e9074d765-general-00071 | greenwich-connecticut-18417c5e9074d765-general-00072 | greenwich-connecticut-18417c5e9074d765-general-00073 | greenwich-connecticut-18417c5e9074d765-general-00074 | greenwich-connecticut-18417c5e9074d765-general-00077 | greenwich-connecticut-18417c5e9074d765-general-00078 | greenwich-connecticut-18417c5e9074d765-general-00082 | greenwich-connecticut-18417c5e9074d765-general-00083 | greenwich-connecticut-18417c5e9074d765-general-00084 | greenwich-connecticut-18417c5e9074d765-general-00085 | greenwich-connecticut-18417c5e9074d765-general-00086 | greenwich-connecticut-18417c5e9074d765-general-00087 | greenwich-connecticut-18417c5e9074d765-general-00088 | greenwich-connecticut-18417c5e9074d765-general-00089 | greenwich-connecticut-18417c5e9074d765-general-00090 | greenwich-connecticut-18417c5e9074d765-general-00091 | greenwich-connecticut-18417c5e9074d765-general-00092 | greenwich-connecticut-18417c5e9074d765-general-00093 | greenwich-connecticut-18417c5e9074d765-general-00095 | greenwich-connecticut-18417c5e9074d765-general-00096 | greenwich-connecticut-18417c5e9074d765-general-00098 | greenwich-connecticut-18417c5e9074d765-general-00099 | greenwich-connecticut-18417c5e9074d765-general-00100 | greenwich-connecticut-18417c5e9074d765-general-00101 | greenwich-connecticut-18417c5e9074d765-general-00102 | greenwich-connecticut-18417c5e9074d765-general-00103 | greenwich-connecticut-18417c5e9074d765-general-00104 | greenwich-connecticut-18417c5e9074d765-general-00105 | greenwich-connecticut-18417c5e9074d765-general-00106 | greenwich-connecticut-18417c5e9074d765-general-00107 | greenwich-connecticut-18417c5e9074d765-general-00108 | greenwich-connecticut-18417c5e9074d765-general-00109 | greenwich-connecticut-18417c5e9074d765-general-00110 | greenwich-connecticut-18417c5e9074d765-general-00112 | greenwich-connecticut-18417c5e9074d765-general-00113 | greenwich-connecticut-18417c5e9074d765-general-00114 | greenwich-connecticut-18417c5e9074d765-general-00115 | greenwich-connecticut-18417c5e9074d765-general-00116 | greenwich-connecticut-18417c5e9074d765-general-00117 | greenwich-connecticut-18417c5e9074d765-general-00118 | greenwich-connecticut-18417c5e9074d765-general-00119 | greenwich-connecticut-18417c5e9074d765-general-00120 | greenwich-connecticut-18417c5e9074d765-general-00121 | greenwich-connecticut-18417c5e9074d765-general-00122 | greenwich-connecticut-18417c5e9074d765-general-00123 | greenwich-connecticut-18417c5e9074d765-general-00124 | greenwich-connecticut-18417c5e9074d765-general-00125 | greenwich-connecticut-18417c5e9074d765-general-00126 | greenwich-connecticut-18417c5e9074d765-general-00128 | greenwich-connecticut-18417c5e9074d765-general-00130 | greenwich-connecticut-18417c5e9074d765-general-00131 | greenwich-connecticut-18417c5e9074d765-general-00133 | greenwich-connecticut-18417c5e9074d765-general-00134 | greenwich-connecticut-18417c5e9074d765-general-00135 | greenwich-connecticut-18417c5e9074d765-general-00136 | greenwich-connecticut-18417c5e9074d765-general-00137 | greenwich-connecticut-18417c5e9074d765-general-00138 | greenwich-connecticut-18417c5e9074d765-general-00139 | greenwich-connecticut-18417c5e9074d765-general-00140 | greenwich-connecticut-18417c5e9074d765-general-00141 | greenwich-connecticut-18417c5e9074d765-general-00142 | greenwich-connecticut-18417c5e9074d765-general-00143 | greenwich-connecticut-18417c5e9074d765-general-00145 | greenwich-connecticut-18417c5e9074d765-general-00146 | greenwich-connecticut-18417c5e9074d765-general-00147 | greenwich-connecticut-18417c5e9074d765-general-00155 | greenwich-connecticut-18417c5e9074d765-general-00156 | greenwich-connecticut-18417c5e9074d765-general-00157 | greenwich-connecticut-18417c5e9074d765-general-00158 | greenwich-connecticut-18417c5e9074d765-general-00162 | greenwich-connecticut-18417c5e9074d765-general-00164 | greenwich-connecticut-18417c5e9074d765-general-00165 | greenwich-connecticut-18417c5e9074d765-general-00166 | greenwich-connecticut-18417c5e9074d765-general-00167 | greenwich-connecticut-18417c5e9074d765-general-00168 | greenwich-connecticut-18417c5e9074d765-general-00169 | greenwich-connecticut-18417c5e9074d765-general-00170 | greenwich-connecticut-18417c5e9074d765-general-00173 | greenwich-connecticut-18417c5e9074d765-general-00176 | greenwich-connecticut-18417c5e9074d765-general-00178 | greenwich-connecticut-18417c5e9074d765-general-00179 | greenwich-connecticut-18417c5e9074d765-general-00180 | greenwich-connecticut-18417c5e9074d765-general-00181 | greenwich-connecticut-18417c5e9074d765-general-00182 | greenwich-connecticut-18417c5e9074d765-general-00183 | greenwich-connecticut-18417c5e9074d765-general-00184 | greenwich-connecticut-18417c5e9074d765-general-00185 | greenwich-connecticut-18417c5e9074d765-general-00189 | greenwich-connecticut-18417c5e9074d765-general-00190 | greenwich-connecticut-18417c5e9074d765-general-00191 | greenwich-connecticut-18417c5e9074d765-general-00192 | greenwich-connecticut-18417c5e9074d765-general-00193 | greenwich-connecticut-18417c5e9074d765-general-00194 | greenwich-connecticut-18417c5e9074d765-general-00195 | greenwich-connecticut-18417c5e9074d765-general-00198 | greenwich-connecticut-18417c5e9074d765-general-00199 | greenwich-connecticut-18417c5e9074d765-general-00200 | greenwich-connecticut-18417c5e9074d765-general-00202 | greenwich-connecticut-18417c5e9074d765-general-00203 | greenwich-connecticut-18417c5e9074d765-general-00204 | greenwich-connecticut-18417c5e9074d765-general-00205 | greenwich-connecticut-18417c5e9074d765-general-00206 | greenwich-connecticut-18417c5e9074d765-general-00207 | greenwich-connecticut-18417c5e9074d765-general-00208 | greenwich-connecticut-18417c5e9074d765-general-00210 | greenwich-connecticut-18417c5e9074d765-general-00211 | greenwich-connecticut-18417c5e9074d765-general-00212 | greenwich-connecticut-18417c5e9074d765-general-00213 | greenwich-connecticut-18417c5e9074d765-general-00214 | greenwich-connecticut-18417c5e9074d765-general-00215 | greenwich-connecticut-18417c5e9074d765-general-00220 | greenwich-connecticut-18417c5e9074d765-general-00221 | greenwich-connecticut-18417c5e9074d765-general-00222 | greenwich-connecticut-18417c5e9074d765-general-00231 | greenwich-connecticut-18417c5e9074d765-general-00233 | greenwich-connecticut-18417c5e9074d765-general-00235 | greenwich-connecticut-18417c5e9074d765-general-00236 | greenwich-connecticut-18417c5e9074d765-general-00237 | greenwich-connecticut-18417c5e9074d765-general-00238 | greenwich-connecticut-18417c5e9074d765-general-00239 | greenwich-connecticut-18417c5e9074d765-general-00240 | greenwich-connecticut-18417c5e9074d765-general-00241 | greenwich-connecticut-18417c5e9074d765-general-00243 | greenwich-connecticut-18417c5e9074d765-general-00244 | greenwich-connecticut-18417c5e9074d765-general-00245 | greenwich-connecticut-18417c5e9074d765-general-00246 | greenwich-connecticut-18417c5e9074d765-general-00247 | greenwich-connecticut-18417c5e9074d765-general-00248 | greenwich-connecticut-18417c5e9074d765-general-00250 | greenwich-connecticut-18417c5e9074d765-general-00251 | greenwich-connecticut-18417c5e9074d765-general-00252 | greenwich-connecticut-18417c5e9074d765-general-00253 | greenwich-connecticut-18417c5e9074d765-general-00255 | greenwich-connecticut-18417c5e9074d765-general-00257 | greenwich-connecticut-18417c5e9074d765-general-00258 | greenwich-connecticut-18417c5e9074d765-general-00259 | greenwich-connecticut-18417c5e9074d765-general-00260 | greenwich-connecticut-18417c5e9074d765-general-00261 | greenwich-connecticut-18417c5e9074d765-general-00262 | greenwich-connecticut-18417c5e9074d765-general-00263 | greenwich-connecticut-18417c5e9074d765-general-00264 | greenwich-connecticut-18417c5e9074d765-general-00266 | greenwich-connecticut-18417c5e9074d765-general-00267 | greenwich-connecticut-18417c5e9074d765-general-00268 | greenwich-connecticut-18417c5e9074d765-general-00269 | greenwich-connecticut-18417c5e9074d765-general-00270 | greenwich-connecticut-18417c5e9074d765-general-00273 | greenwich-connecticut-18417c5e9074d765-general-00274 | greenwich-connecticut-18417c5e9074d765-general-00275 | greenwich-connecticut-18417c5e9074d765-general-00276 | greenwich-connecticut-18417c5e9074d765-general-00277 | greenwich-connecticut-18417c5e9074d765-general-00278 | greenwich-connecticut-18417c5e9074d765-general-00279 | greenwich-connecticut-18417c5e9074d765-general-00280 | greenwich-connecticut-18417c5e9074d765-general-00283 | greenwich-connecticut-18417c5e9074d765-general-00284 | greenwich-connecticut-18417c5e9074d765-general-00285 | greenwich-connecticut-18417c5e9074d765-general-00287 | greenwich-connecticut-18417c5e9074d765-general-00289 | greenwich-connecticut-18417c5e9074d765-general-00290,217,greenwich-connecticut-18417c5e9074d765-district-ho | greenwich-connecticut-18417c5e9074d765-district-mrco,2,4 | 5 | 6 | 8 | 9 | 10 | 16 | 23 | 29 | 30 | 31 | 32 | 33 | 34 | 35 | 37 | 38 | 40 | 41 | 42 | 43 | 46 | 47 | 50 | 52 | 53 | 55 | 56 | 57 | 59 | 62 | 63 | 65 | 67 | 68 | 69 | 70 | 71 | 74 | 77 | 80 | 82 | 84 | 85 | 88 | 91 | 96 | 97 | 106 | 108 | 109 | 110 | 113 | 114 | 121 | 128 | 130 | 132 | 135 | 136 | 139 | 150 | 151 | 152 | 153 | 154 | 155 | 156 | 157 | 165 | 174 | 178 | 188 | 195 | 200 | 203 | 204 | 209 | 211 | 212 | 214 | 219 | 220 | 221 | 233 | 235 | 236 | 272 | 275 | 291 | 303 | 309,92,222,collection_complete_pending_conflict_check,
greenwich-connecticut-18417c5e9074d765-district-ra_2,RA-2,"Sec. 6-93. PERMITTED USES IN RA-4, , RA-1, R-20 AND R-12 Zones.",BASE,greenwich-connecticut-18417c5e9074d765-node-000924,77,"Sec. 6-93. PERMITTED USES IN RA-4, RA-2, RA-1, R-20 AND R-12 Zones.
(a) The following principal uses are permitted in RA-4, RA-2, RA-1, R-20 and R-12 Zones and all
(1) Detached single family dwellings, one (1) per lot.
(2) Streets, parks, playgrounds, public school grounds and Town buildings and uses.
(3) Short-term Residential Rental subject to the following (1/27/2022):",59,greenwich-connecticut-18417c5e9074d765-node-000924,1,greenwich-connecticut-18417c5e9074d765-table-0003,1,15,greenwich-connecticut-18417c5e9074d765-general-00001 | greenwich-connecticut-18417c5e9074d765-general-00002 | greenwich-connecticut-18417c5e9074d765-general-00003 | greenwich-connecticut-18417c5e9074d765-general-00004 | greenwich-connecticut-18417c5e9074d765-general-00005 | greenwich-connecticut-18417c5e9074d765-general-00006 | greenwich-connecticut-18417c5e9074d765-general-00007 | greenwich-connecticut-18417c5e9074d765-general-00009 | greenwich-connecticut-18417c5e9074d765-general-00010 | greenwich-connecticut-18417c5e9074d765-general-00011 | greenwich-connecticut-18417c5e9074d765-general-00012 | greenwich-connecticut-18417c5e9074d765-general-00013 | greenwich-connecticut-18417c5e9074d765-general-00014 | greenwich-connecticut-18417c5e9074d765-general-00015 | greenwich-connecticut-18417c5e9074d765-general-00017 | greenwich-connecticut-18417c5e9074d765-general-00018 | greenwich-connecticut-18417c5e9074d765-general-00019 | greenwich-connecticut-18417c5e9074d765-general-00020 | greenwich-connecticut-18417c5e9074d765-general-00021 | greenwich-connecticut-18417c5e9074d765-general-00025 | greenwich-connecticut-18417c5e9074d765-general-00026 | greenwich-connecticut-18417c5e9074d765-general-00027 | greenwich-connecticut-18417c5e9074d765-general-00028 | greenwich-connecticut-18417c5e9074d765-general-00029 | greenwich-connecticut-18417c5e9074d765-general-00030 | greenwich-connecticut-18417c5e9074d765-general-00034 | greenwich-connecticut-18417c5e9074d765-general-00036 | greenwich-connecticut-18417c5e9074d765-general-00037 | greenwich-connecticut-18417c5e9074d765-general-00038 | greenwich-connecticut-18417c5e9074d765-general-00039 | greenwich-connecticut-18417c5e9074d765-general-00040 | greenwich-connecticut-18417c5e9074d765-general-00041 | greenwich-connecticut-18417c5e9074d765-general-00042 | greenwich-connecticut-18417c5e9074d765-general-00043 | greenwich-connecticut-18417c5e9074d765-general-00044 | greenwich-connecticut-18417c5e9074d765-general-00045 | greenwich-connecticut-18417c5e9074d765-general-00046 | greenwich-connecticut-18417c5e9074d765-general-00047 | greenwich-connecticut-18417c5e9074d765-general-00048 | greenwich-connecticut-18417c5e9074d765-general-00049 | greenwich-connecticut-18417c5e9074d765-general-00050 | greenwich-connecticut-18417c5e9074d765-general-00052 | greenwich-connecticut-18417c5e9074d765-general-00053 | greenwich-connecticut-18417c5e9074d765-general-00054 | greenwich-connecticut-18417c5e9074d765-general-00055 | greenwich-connecticut-18417c5e9074d765-general-00056 | greenwich-connecticut-18417c5e9074d765-general-00057 | greenwich-connecticut-18417c5e9074d765-general-00059 | greenwich-connecticut-18417c5e9074d765-general-00060 | greenwich-connecticut-18417c5e9074d765-general-00061 | greenwich-connecticut-18417c5e9074d765-general-00062 | greenwich-connecticut-18417c5e9074d765-general-00063 | greenwich-connecticut-18417c5e9074d765-general-00064 | greenwich-connecticut-18417c5e9074d765-general-00065 | greenwich-connecticut-18417c5e9074d765-general-00068 | greenwich-connecticut-18417c5e9074d765-general-00069 | greenwich-connecticut-18417c5e9074d765-general-00070 | greenwich-connecticut-18417c5e9074d765-general-00071 | greenwich-connecticut-18417c5e9074d765-general-00072 | greenwich-connecticut-18417c5e9074d765-general-00073 | greenwich-connecticut-18417c5e9074d765-general-00074 | greenwich-connecticut-18417c5e9074d765-general-00077 | greenwich-connecticut-18417c5e9074d765-general-00078 | greenwich-connecticut-18417c5e9074d765-general-00082 | greenwich-connecticut-18417c5e9074d765-general-00083 | greenwich-connecticut-18417c5e9074d765-general-00084 | greenwich-connecticut-18417c5e9074d765-general-00085 | greenwich-connecticut-18417c5e9074d765-general-00086 | greenwich-connecticut-18417c5e9074d765-general-00087 | greenwich-connecticut-18417c5e9074d765-general-00088 | greenwich-connecticut-18417c5e9074d765-general-00089 | greenwich-connecticut-18417c5e9074d765-general-00090 | greenwich-connecticut-18417c5e9074d765-general-00091 | greenwich-connecticut-18417c5e9074d765-general-00092 | greenwich-connecticut-18417c5e9074d765-general-00093 | greenwich-connecticut-18417c5e9074d765-general-00095 | greenwich-connecticut-18417c5e9074d765-general-00096 | greenwich-connecticut-18417c5e9074d765-general-00098 | greenwich-connecticut-18417c5e9074d765-general-00099 | greenwich-connecticut-18417c5e9074d765-general-00100 | greenwich-connecticut-18417c5e9074d765-general-00101 | greenwich-connecticut-18417c5e9074d765-general-00102 | greenwich-connecticut-18417c5e9074d765-general-00103 | greenwich-connecticut-18417c5e9074d765-general-00104 | greenwich-connecticut-18417c5e9074d765-general-00105 | greenwich-connecticut-18417c5e9074d765-general-00106 | greenwich-connecticut-18417c5e9074d765-general-00107 | greenwich-connecticut-18417c5e9074d765-general-00108 | greenwich-connecticut-18417c5e9074d765-general-00109 | greenwich-connecticut-18417c5e9074d765-general-00110 | greenwich-connecticut-18417c5e9074d765-general-00112 | greenwich-connecticut-18417c5e9074d765-general-00113 | greenwich-connecticut-18417c5e9074d765-general-00114 | greenwich-connecticut-18417c5e9074d765-general-00115 | greenwich-connecticut-18417c5e9074d765-general-00116 | greenwich-connecticut-18417c5e9074d765-general-00117 | greenwich-connecticut-18417c5e9074d765-general-00118 | greenwich-connecticut-18417c5e9074d765-general-00119 | greenwich-connecticut-18417c5e9074d765-general-00120 | greenwich-connecticut-18417c5e9074d765-general-00121 | greenwich-connecticut-18417c5e9074d765-general-00122 | greenwich-connecticut-18417c5e9074d765-general-00123 | greenwich-connecticut-18417c5e9074d765-general-00124 | greenwich-connecticut-18417c5e9074d765-general-00125 | greenwich-connecticut-18417c5e9074d765-general-00126 | greenwich-connecticut-18417c5e9074d765-general-00128 | greenwich-connecticut-18417c5e9074d765-general-00130 | greenwich-connecticut-18417c5e9074d765-general-00131 | greenwich-connecticut-18417c5e9074d765-general-00133 | greenwich-connecticut-18417c5e9074d765-general-00134 | greenwich-connecticut-18417c5e9074d765-general-00135 | greenwich-connecticut-18417c5e9074d765-general-00136 | greenwich-connecticut-18417c5e9074d765-general-00137 | greenwich-connecticut-18417c5e9074d765-general-00138 | greenwich-connecticut-18417c5e9074d765-general-00139 | greenwich-connecticut-18417c5e9074d765-general-00140 | greenwich-connecticut-18417c5e9074d765-general-00141 | greenwich-connecticut-18417c5e9074d765-general-00142 | greenwich-connecticut-18417c5e9074d765-general-00143 | greenwich-connecticut-18417c5e9074d765-general-00145 | greenwich-connecticut-18417c5e9074d765-general-00146 | greenwich-connecticut-18417c5e9074d765-general-00147 | greenwich-connecticut-18417c5e9074d765-general-00149 | greenwich-connecticut-18417c5e9074d765-general-00155 | greenwich-connecticut-18417c5e9074d765-general-00156 | greenwich-connecticut-18417c5e9074d765-general-00157 | greenwich-connecticut-18417c5e9074d765-general-00158 | greenwich-connecticut-18417c5e9074d765-general-00162 | greenwich-connecticut-18417c5e9074d765-general-00164 | greenwich-connecticut-18417c5e9074d765-general-00165 | greenwich-connecticut-18417c5e9074d765-general-00166 | greenwich-connecticut-18417c5e9074d765-general-00167 | greenwich-connecticut-18417c5e9074d765-general-00168 | greenwich-connecticut-18417c5e9074d765-general-00169 | greenwich-connecticut-18417c5e9074d765-general-00170 | greenwich-connecticut-18417c5e9074d765-general-00173 | greenwich-connecticut-18417c5e9074d765-general-00176 | greenwich-connecticut-18417c5e9074d765-general-00178 | greenwich-connecticut-18417c5e9074d765-general-00179 | greenwich-connecticut-18417c5e9074d765-general-00180 | greenwich-connecticut-18417c5e9074d765-general-00181 | greenwich-connecticut-18417c5e9074d765-general-00182 | greenwich-connecticut-18417c5e9074d765-general-00183 | greenwich-connecticut-18417c5e9074d765-general-00184 | greenwich-connecticut-18417c5e9074d765-general-00185 | greenwich-connecticut-18417c5e9074d765-general-00189 | greenwich-connecticut-18417c5e9074d765-general-00190 | greenwich-connecticut-18417c5e9074d765-general-00191 | greenwich-connecticut-18417c5e9074d765-general-00192 | greenwich-connecticut-18417c5e9074d765-general-00193 | greenwich-connecticut-18417c5e9074d765-general-00194 | greenwich-connecticut-18417c5e9074d765-general-00195 | greenwich-connecticut-18417c5e9074d765-general-00198 | greenwich-connecticut-18417c5e9074d765-general-00199 | greenwich-connecticut-18417c5e9074d765-general-00200 | greenwich-connecticut-18417c5e9074d765-general-00202 | greenwich-connecticut-18417c5e9074d765-general-00203 | greenwich-connecticut-18417c5e9074d765-general-00204 | greenwich-connecticut-18417c5e9074d765-general-00205 | greenwich-connecticut-18417c5e9074d765-general-00206 | greenwich-connecticut-18417c5e9074d765-general-00207 | greenwich-connecticut-18417c5e9074d765-general-00208 | greenwich-connecticut-18417c5e9074d765-general-00210 | greenwich-connecticut-18417c5e9074d765-general-00211 | greenwich-connecticut-18417c5e9074d765-general-00212 | greenwich-connecticut-18417c5e9074d765-general-00213 | greenwich-connecticut-18417c5e9074d765-general-00214 | greenwich-connecticut-18417c5e9074d765-general-00215 | greenwich-connecticut-18417c5e9074d765-general-00220 | greenwich-connecticut-18417c5e9074d765-general-00221 | greenwich-connecticut-18417c5e9074d765-general-00222 | greenwich-connecticut-18417c5e9074d765-general-00231 | greenwich-connecticut-18417c5e9074d765-general-00233 | greenwich-connecticut-18417c5e9074d765-general-00235 | greenwich-connecticut-18417c5e9074d765-general-00236 | greenwich-connecticut-18417c5e9074d765-general-00237 | greenwich-connecticut-18417c5e9074d765-general-00238 | greenwich-connecticut-18417c5e9074d765-general-00239 | greenwich-connecticut-18417c5e9074d765-general-00240 | greenwich-connecticut-18417c5e9074d765-general-00241 | greenwich-connecticut-18417c5e9074d765-general-00243 | greenwich-connecticut-18417c5e9074d765-general-00244 | greenwich-connecticut-18417c5e9074d765-general-00245 | greenwich-connecticut-18417c5e9074d765-general-00246 | greenwich-connecticut-18417c5e9074d765-general-00247 | greenwich-connecticut-18417c5e9074d765-general-00248 | greenwich-connecticut-18417c5e9074d765-general-00250 | greenwich-connecticut-18417c5e9074d765-general-00251 | greenwich-connecticut-18417c5e9074d765-general-00252 | greenwich-connecticut-18417c5e9074d765-general-00253 | greenwich-connecticut-18417c5e9074d765-general-00255 | greenwich-connecticut-18417c5e9074d765-general-00257 | greenwich-connecticut-18417c5e9074d765-general-00258 | greenwich-connecticut-18417c5e9074d765-general-00259 | greenwich-connecticut-18417c5e9074d765-general-00260 | greenwich-connecticut-18417c5e9074d765-general-00261 | greenwich-connecticut-18417c5e9074d765-general-00262 | greenwich-connecticut-18417c5e9074d765-general-00263 | greenwich-connecticut-18417c5e9074d765-general-00264 | greenwich-connecticut-18417c5e9074d765-general-00266 | greenwich-connecticut-18417c5e9074d765-general-00267 | greenwich-connecticut-18417c5e9074d765-general-00268 | greenwich-connecticut-18417c5e9074d765-general-00269 | greenwich-connecticut-18417c5e9074d765-general-00270 | greenwich-connecticut-18417c5e9074d765-general-00273 | greenwich-connecticut-18417c5e9074d765-general-00274 | greenwich-connecticut-18417c5e9074d765-general-00275 | greenwich-connecticut-18417c5e9074d765-general-00276 | greenwich-connecticut-18417c5e9074d765-general-00277 | greenwich-connecticut-18417c5e9074d765-general-00278 | greenwich-connecticut-18417c5e9074d765-general-00279 | greenwich-connecticut-18417c5e9074d765-general-00280 | greenwich-connecticut-18417c5e9074d765-general-00283 | greenwich-connecticut-18417c5e9074d765-general-00284 | greenwich-connecticut-18417c5e9074d765-general-00285 | greenwich-connecticut-18417c5e9074d765-general-00287 | greenwich-connecticut-18417c5e9074d765-general-00289 | greenwich-connecticut-18417c5e9074d765-general-00290,218,greenwich-connecticut-18417c5e9074d765-district-ho | greenwich-connecticut-18417c5e9074d765-district-mrco,2,4 | 5 | 6 | 8 | 9 | 10 | 16 | 23 | 29 | 30 | 31 | 32 | 33 | 34 | 35 | 37 | 38 | 40 | 41 | 42 | 43 | 46 | 47 | 50 | 52 | 53 | 55 | 56 | 57 | 59 | 62 | 63 | 65 | 67 | 68 | 69 | 70 | 71 | 74 | 77 | 80 | 82 | 84 | 85 | 88 | 91 | 96 | 97 | 106 | 108 | 109 | 110 | 113 | 114 | 116 | 121 | 128 | 130 | 132 | 135 | 136 | 139 | 150 | 151 | 152 | 153 | 154 | 155 | 156 | 157 | 165 | 174 | 178 | 188 | 195 | 200 | 203 | 204 | 209 | 211 | 212 | 214 | 219 | 220 | 221 | 233 | 235 | 236 | 272 | 275 | 291 | 303 | 309,93,223,collection_complete_pending_conflict_check,
greenwich-connecticut-18417c5e9074d765-district-ra_4,RA-4,"Sec. 6-93. PERMITTED USES IN , RA-2, RA-1, R-20 AND R-12 Zones.",BASE,greenwich-connecticut-18417c5e9074d765-node-000924,77,"Sec. 6-93. PERMITTED USES IN RA-4, RA-2, RA-1, R-20 AND R-12 Zones.
(a) The following principal uses are permitted in RA-4, RA-2, RA-1, R-20 and R-12 Zones and all
(1) Detached single family dwellings, one (1) per lot.
(2) Streets, parks, playgrounds, public school grounds and Town buildings and uses.
(3) Short-term Residential Rental subject to the following (1/27/2022):",59,greenwich-connecticut-18417c5e9074d765-node-000924,1,greenwich-connecticut-18417c5e9074d765-table-0003,1,15,greenwich-connecticut-18417c5e9074d765-general-00001 | greenwich-connecticut-18417c5e9074d765-general-00002 | greenwich-connecticut-18417c5e9074d765-general-00003 | greenwich-connecticut-18417c5e9074d765-general-00004 | greenwich-connecticut-18417c5e9074d765-general-00005 | greenwich-connecticut-18417c5e9074d765-general-00006 | greenwich-connecticut-18417c5e9074d765-general-00007 | greenwich-connecticut-18417c5e9074d765-general-00009 | greenwich-connecticut-18417c5e9074d765-general-00010 | greenwich-connecticut-18417c5e9074d765-general-00011 | greenwich-connecticut-18417c5e9074d765-general-00012 | greenwich-connecticut-18417c5e9074d765-general-00013 | greenwich-connecticut-18417c5e9074d765-general-00014 | greenwich-connecticut-18417c5e9074d765-general-00015 | greenwich-connecticut-18417c5e9074d765-general-00017 | greenwich-connecticut-18417c5e9074d765-general-00018 | greenwich-connecticut-18417c5e9074d765-general-00019 | greenwich-connecticut-18417c5e9074d765-general-00020 | greenwich-connecticut-18417c5e9074d765-general-00021 | greenwich-connecticut-18417c5e9074d765-general-00025 | greenwich-connecticut-18417c5e9074d765-general-00026 | greenwich-connecticut-18417c5e9074d765-general-00027 | greenwich-connecticut-18417c5e9074d765-general-00028 | greenwich-connecticut-18417c5e9074d765-general-00029 | greenwich-connecticut-18417c5e9074d765-general-00030 | greenwich-connecticut-18417c5e9074d765-general-00034 | greenwich-connecticut-18417c5e9074d765-general-00036 | greenwich-connecticut-18417c5e9074d765-general-00037 | greenwich-connecticut-18417c5e9074d765-general-00038 | greenwich-connecticut-18417c5e9074d765-general-00039 | greenwich-connecticut-18417c5e9074d765-general-00040 | greenwich-connecticut-18417c5e9074d765-general-00041 | greenwich-connecticut-18417c5e9074d765-general-00042 | greenwich-connecticut-18417c5e9074d765-general-00043 | greenwich-connecticut-18417c5e9074d765-general-00044 | greenwich-connecticut-18417c5e9074d765-general-00045 | greenwich-connecticut-18417c5e9074d765-general-00046 | greenwich-connecticut-18417c5e9074d765-general-00047 | greenwich-connecticut-18417c5e9074d765-general-00048 | greenwich-connecticut-18417c5e9074d765-general-00049 | greenwich-connecticut-18417c5e9074d765-general-00050 | greenwich-connecticut-18417c5e9074d765-general-00052 | greenwich-connecticut-18417c5e9074d765-general-00053 | greenwich-connecticut-18417c5e9074d765-general-00054 | greenwich-connecticut-18417c5e9074d765-general-00055 | greenwich-connecticut-18417c5e9074d765-general-00056 | greenwich-connecticut-18417c5e9074d765-general-00057 | greenwich-connecticut-18417c5e9074d765-general-00059 | greenwich-connecticut-18417c5e9074d765-general-00060 | greenwich-connecticut-18417c5e9074d765-general-00061 | greenwich-connecticut-18417c5e9074d765-general-00062 | greenwich-connecticut-18417c5e9074d765-general-00063 | greenwich-connecticut-18417c5e9074d765-general-00064 | greenwich-connecticut-18417c5e9074d765-general-00065 | greenwich-connecticut-18417c5e9074d765-general-00068 | greenwich-connecticut-18417c5e9074d765-general-00069 | greenwich-connecticut-18417c5e9074d765-general-00070 | greenwich-connecticut-18417c5e9074d765-general-00071 | greenwich-connecticut-18417c5e9074d765-general-00072 | greenwich-connecticut-18417c5e9074d765-general-00073 | greenwich-connecticut-18417c5e9074d765-general-00074 | greenwich-connecticut-18417c5e9074d765-general-00077 | greenwich-connecticut-18417c5e9074d765-general-00078 | greenwich-connecticut-18417c5e9074d765-general-00082 | greenwich-connecticut-18417c5e9074d765-general-00083 | greenwich-connecticut-18417c5e9074d765-general-00084 | greenwich-connecticut-18417c5e9074d765-general-00085 | greenwich-connecticut-18417c5e9074d765-general-00086 | greenwich-connecticut-18417c5e9074d765-general-00087 | greenwich-connecticut-18417c5e9074d765-general-00088 | greenwich-connecticut-18417c5e9074d765-general-00089 | greenwich-connecticut-18417c5e9074d765-general-00090 | greenwich-connecticut-18417c5e9074d765-general-00091 | greenwich-connecticut-18417c5e9074d765-general-00092 | greenwich-connecticut-18417c5e9074d765-general-00093 | greenwich-connecticut-18417c5e9074d765-general-00095 | greenwich-connecticut-18417c5e9074d765-general-00096 | greenwich-connecticut-18417c5e9074d765-general-00098 | greenwich-connecticut-18417c5e9074d765-general-00099 | greenwich-connecticut-18417c5e9074d765-general-00100 | greenwich-connecticut-18417c5e9074d765-general-00101 | greenwich-connecticut-18417c5e9074d765-general-00102 | greenwich-connecticut-18417c5e9074d765-general-00103 | greenwich-connecticut-18417c5e9074d765-general-00104 | greenwich-connecticut-18417c5e9074d765-general-00105 | greenwich-connecticut-18417c5e9074d765-general-00106 | greenwich-connecticut-18417c5e9074d765-general-00107 | greenwich-connecticut-18417c5e9074d765-general-00108 | greenwich-connecticut-18417c5e9074d765-general-00109 | greenwich-connecticut-18417c5e9074d765-general-00110 | greenwich-connecticut-18417c5e9074d765-general-00112 | greenwich-connecticut-18417c5e9074d765-general-00113 | greenwich-connecticut-18417c5e9074d765-general-00114 | greenwich-connecticut-18417c5e9074d765-general-00115 | greenwich-connecticut-18417c5e9074d765-general-00116 | greenwich-connecticut-18417c5e9074d765-general-00117 | greenwich-connecticut-18417c5e9074d765-general-00118 | greenwich-connecticut-18417c5e9074d765-general-00119 | greenwich-connecticut-18417c5e9074d765-general-00120 | greenwich-connecticut-18417c5e9074d765-general-00121 | greenwich-connecticut-18417c5e9074d765-general-00122 | greenwich-connecticut-18417c5e9074d765-general-00123 | greenwich-connecticut-18417c5e9074d765-general-00124 | greenwich-connecticut-18417c5e9074d765-general-00125 | greenwich-connecticut-18417c5e9074d765-general-00126 | greenwich-connecticut-18417c5e9074d765-general-00128 | greenwich-connecticut-18417c5e9074d765-general-00130 | greenwich-connecticut-18417c5e9074d765-general-00131 | greenwich-connecticut-18417c5e9074d765-general-00133 | greenwich-connecticut-18417c5e9074d765-general-00134 | greenwich-connecticut-18417c5e9074d765-general-00135 | greenwich-connecticut-18417c5e9074d765-general-00136 | greenwich-connecticut-18417c5e9074d765-general-00137 | greenwich-connecticut-18417c5e9074d765-general-00138 | greenwich-connecticut-18417c5e9074d765-general-00139 | greenwich-connecticut-18417c5e9074d765-general-00140 | greenwich-connecticut-18417c5e9074d765-general-00141 | greenwich-connecticut-18417c5e9074d765-general-00142 | greenwich-connecticut-18417c5e9074d765-general-00143 | greenwich-connecticut-18417c5e9074d765-general-00145 | greenwich-connecticut-18417c5e9074d765-general-00146 | greenwich-connecticut-18417c5e9074d765-general-00147 | greenwich-connecticut-18417c5e9074d765-general-00149 | greenwich-connecticut-18417c5e9074d765-general-00155 | greenwich-connecticut-18417c5e9074d765-general-00156 | greenwich-connecticut-18417c5e9074d765-general-00157 | greenwich-connecticut-18417c5e9074d765-general-00158 | greenwich-connecticut-18417c5e9074d765-general-00162 | greenwich-connecticut-18417c5e9074d765-general-00164 | greenwich-connecticut-18417c5e9074d765-general-00165 | greenwich-connecticut-18417c5e9074d765-general-00166 | greenwich-connecticut-18417c5e9074d765-general-00167 | greenwich-connecticut-18417c5e9074d765-general-00168 | greenwich-connecticut-18417c5e9074d765-general-00169 | greenwich-connecticut-18417c5e9074d765-general-00170 | greenwich-connecticut-18417c5e9074d765-general-00173 | greenwich-connecticut-18417c5e9074d765-general-00176 | greenwich-connecticut-18417c5e9074d765-general-00178 | greenwich-connecticut-18417c5e9074d765-general-00179 | greenwich-connecticut-18417c5e9074d765-general-00180 | greenwich-connecticut-18417c5e9074d765-general-00181 | greenwich-connecticut-18417c5e9074d765-general-00182 | greenwich-connecticut-18417c5e9074d765-general-00183 | greenwich-connecticut-18417c5e9074d765-general-00184 | greenwich-connecticut-18417c5e9074d765-general-00185 | greenwich-connecticut-18417c5e9074d765-general-00189 | greenwich-connecticut-18417c5e9074d765-general-00190 | greenwich-connecticut-18417c5e9074d765-general-00191 | greenwich-connecticut-18417c5e9074d765-general-00192 | greenwich-connecticut-18417c5e9074d765-general-00193 | greenwich-connecticut-18417c5e9074d765-general-00194 | greenwich-connecticut-18417c5e9074d765-general-00195 | greenwich-connecticut-18417c5e9074d765-general-00198 | greenwich-connecticut-18417c5e9074d765-general-00199 | greenwich-connecticut-18417c5e9074d765-general-00200 | greenwich-connecticut-18417c5e9074d765-general-00202 | greenwich-connecticut-18417c5e9074d765-general-00203 | greenwich-connecticut-18417c5e9074d765-general-00204 | greenwich-connecticut-18417c5e9074d765-general-00205 | greenwich-connecticut-18417c5e9074d765-general-00206 | greenwich-connecticut-18417c5e9074d765-general-00207 | greenwich-connecticut-18417c5e9074d765-general-00208 | greenwich-connecticut-18417c5e9074d765-general-00210 | greenwich-connecticut-18417c5e9074d765-general-00211 | greenwich-connecticut-18417c5e9074d765-general-00212 | greenwich-connecticut-18417c5e9074d765-general-00213 | greenwich-connecticut-18417c5e9074d765-general-00214 | greenwich-connecticut-18417c5e9074d765-general-00215 | greenwich-connecticut-18417c5e9074d765-general-00220 | greenwich-connecticut-18417c5e9074d765-general-00221 | greenwich-connecticut-18417c5e9074d765-general-00222 | greenwich-connecticut-18417c5e9074d765-general-00231 | greenwich-connecticut-18417c5e9074d765-general-00233 | greenwich-connecticut-18417c5e9074d765-general-00235 | greenwich-connecticut-18417c5e9074d765-general-00236 | greenwich-connecticut-18417c5e9074d765-general-00237 | greenwich-connecticut-18417c5e9074d765-general-00238 | greenwich-connecticut-18417c5e9074d765-general-00239 | greenwich-connecticut-18417c5e9074d765-general-00240 | greenwich-connecticut-18417c5e9074d765-general-00241 | greenwich-connecticut-18417c5e9074d765-general-00243 | greenwich-connecticut-18417c5e9074d765-general-00244 | greenwich-connecticut-18417c5e9074d765-general-00245 | greenwich-connecticut-18417c5e9074d765-general-00246 | greenwich-connecticut-18417c5e9074d765-general-00247 | greenwich-connecticut-18417c5e9074d765-general-00248 | greenwich-connecticut-18417c5e9074d765-general-00250 | greenwich-connecticut-18417c5e9074d765-general-00251 | greenwich-connecticut-18417c5e9074d765-general-00252 | greenwich-connecticut-18417c5e9074d765-general-00253 | greenwich-connecticut-18417c5e9074d765-general-00255 | greenwich-connecticut-18417c5e9074d765-general-00257 | greenwich-connecticut-18417c5e9074d765-general-00258 | greenwich-connecticut-18417c5e9074d765-general-00259 | greenwich-connecticut-18417c5e9074d765-general-00260 | greenwich-connecticut-18417c5e9074d765-general-00261 | greenwich-connecticut-18417c5e9074d765-general-00262 | greenwich-connecticut-18417c5e9074d765-general-00263 | greenwich-connecticut-18417c5e9074d765-general-00264 | greenwich-connecticut-18417c5e9074d765-general-00266 | greenwich-connecticut-18417c5e9074d765-general-00267 | greenwich-connecticut-18417c5e9074d765-general-00268 | greenwich-connecticut-18417c5e9074d765-general-00269 | greenwich-connecticut-18417c5e9074d765-general-00270 | greenwich-connecticut-18417c5e9074d765-general-00273 | greenwich-connecticut-18417c5e9074d765-general-00274 | greenwich-connecticut-18417c5e9074d765-general-00275 | greenwich-connecticut-18417c5e9074d765-general-00276 | greenwich-connecticut-18417c5e9074d765-general-00277 | greenwich-connecticut-18417c5e9074d765-general-00278 | greenwich-connecticut-18417c5e9074d765-general-00279 | greenwich-connecticut-18417c5e9074d765-general-00280 | greenwich-connecticut-18417c5e9074d765-general-00283 | greenwich-connecticut-18417c5e9074d765-general-00284 | greenwich-connecticut-18417c5e9074d765-general-00285 | greenwich-connecticut-18417c5e9074d765-general-00287 | greenwich-connecticut-18417c5e9074d765-general-00289 | greenwich-connecticut-18417c5e9074d765-general-00290,218,greenwich-connecticut-18417c5e9074d765-district-ho | greenwich-connecticut-18417c5e9074d765-district-mrco,2,4 | 5 | 6 | 8 | 9 | 10 | 16 | 23 | 29 | 30 | 31 | 32 | 33 | 34 | 35 | 37 | 38 | 40 | 41 | 42 | 43 | 46 | 47 | 50 | 52 | 53 | 55 | 56 | 57 | 59 | 62 | 63 | 65 | 67 | 68 | 69 | 70 | 71 | 74 | 77 | 80 | 82 | 84 | 85 | 88 | 91 | 96 | 97 | 106 | 108 | 109 | 110 | 113 | 114 | 116 | 121 | 128 | 130 | 132 | 135 | 136 | 139 | 150 | 151 | 152 | 153 | 154 | 155 | 156 | 157 | 165 | 174 | 178 | 188 | 195 | 200 | 203 | 204 | 209 | 211 | 212 | 214 | 219 | 220 | 221 | 233 | 235 | 236 | 272 | 275 | 291 | 303 | 309,93,223,collection_complete_pending_conflict_check,
