document_id,rule_id,source_node_id,source_node_type,source_page_number,rule_heading,topic_tags,rule_text,rule_text_character_count,scope_text,review_status
greenwich-connecticut-18417c5e9074d765,greenwich-connecticut-18417c5e9074d765-general-00001,greenwich-connecticut-18417c5e9074d765-node-000005,Section,4,§6-5.,definitions,§6-5. Definitions. ............................................................................................................... 2-1,134,§6-5. Definitions. ............................................................................................................... 2-1,scope_not_yet_evaluated
greenwich-connecticut-18417c5e9074d765,greenwich-connecticut-18417c5e9074d765-general-00002,greenwich-connecticut-18417c5e9074d765-node-000007,Section,4,§6-7.,administration,§6-7. Outstanding building permit. .................................................................................. 2-15,122,§6-7. Outstanding building permit. .................................................................................. 2-15,scope_not_yet_evaluated
greenwich-connecticut-18417c5e9074d765,greenwich-connecticut-18417c5e9074d765-general-00003,greenwich-connecticut-18417c5e9074d765-node-000010,Section,4,§6-10.,administration,§6-10. Zoning permit applications; plans; contents; survey. ............................................. 2-16,110,§6-10. Zoning permit applications; plans; contents; survey. ............................................. 2-16,scope_not_yet_evaluated
greenwich-connecticut-18417c5e9074d765,greenwich-connecticut-18417c5e9074d765-general-00004,greenwich-connecticut-18417c5e9074d765-node-000011,Section,4,§6-11.,administration,§6-11. Zoning permit required; issuance; term. ................................................................ 2-17,116,§6-11. Zoning permit required; issuance; term. ................................................................ 2-17,scope_not_yet_evaluated
greenwich-connecticut-18417c5e9074d765,greenwich-connecticut-18417c5e9074d765-general-00005,greenwich-connecticut-18417c5e9074d765-node-000012,Section,4,§6-12.,administration,§6-12. Limitations on Zoning permit issuance. ................................................................. 2-17,116,§6-12. Limitations on Zoning permit issuance. ................................................................. 2-17,scope_not_yet_evaluated
greenwich-connecticut-18417c5e9074d765,greenwich-connecticut-18417c5e9074d765-general-00006,greenwich-connecticut-18417c5e9074d765-node-000013,Section,4,§6-13.,administration,§6-13. Site Plan Approved Required by Planning and Zoning Commission..................... 2-18,94,§6-13. Site Plan Approved Required by Planning and Zoning Commission..................... 2-18,scope_not_yet_evaluated
greenwich-connecticut-18417c5e9074d765,greenwich-connecticut-18417c5e9074d765-general-00007,greenwich-connecticut-18417c5e9074d765-node-000019,Section,4,§6-17.,administration,§6-17. Procedure for Special Permit Applications. ........................................................... 2-25,114,§6-17. Procedure for Special Permit Applications. ........................................................... 2-25,scope_not_yet_evaluated
greenwich-connecticut-18417c5e9074d765,greenwich-connecticut-18417c5e9074d765-general-00008,greenwich-connecticut-18417c5e9074d765-node-000025,Section,4,§6-21.,dimensional_exception,§6-21. Time limit on variance or exception. ...................................................................... 2-29,119,§6-21. Time limit on variance or exception. ...................................................................... 2-29,scope_not_yet_evaluated
greenwich-connecticut-18417c5e9074d765,greenwich-connecticut-18417c5e9074d765-general-00009,greenwich-connecticut-18417c5e9074d765-node-000028,Section,4,§6-24.,administration,§6-24. Planning and Zoning Commission approval. ........................................................... 3-2,111,§6-24. Planning and Zoning Commission approval. ........................................................... 3-2,scope_not_yet_evaluated
greenwich-connecticut-18417c5e9074d765,greenwich-connecticut-18417c5e9074d765-general-00010,greenwich-connecticut-18417c5e9074d765-node-000037,Section,4,§6-33.,administration,§6-33. Application for Zone Approval. ................................................................................ 3-7,122,§6-33. Application for Zone Approval. ................................................................................ 3-7,scope_not_yet_evaluated
greenwich-connecticut-18417c5e9074d765,greenwich-connecticut-18417c5e9074d765-general-00011,greenwich-connecticut-18417c5e9074d765-node-000046,Section,5,§6-42.,administration,§6-42. Application for Zone approval. ................................................................................. 4-2,123,§6-42. Application for Zone approval. ................................................................................. 4-2,scope_not_yet_evaluated
greenwich-connecticut-18417c5e9074d765,greenwich-connecticut-18417c5e9074d765-general-00012,greenwich-connecticut-18417c5e9074d765-node-000048,Section,5,§6-43.1,administration,§6-43.1 Special Permit - Zoning Rights ................................................................................ 4-3,123,§6-43.1 Special Permit - Zoning Rights ................................................................................ 4-3,scope_not_yet_evaluated
greenwich-connecticut-18417c5e9074d765,greenwich-connecticut-18417c5e9074d765-general-00013,greenwich-connecticut-18417c5e9074d765-node-000050,Section,5,§6-45.,administration,§6-45. Planning and Zoning Commission approval. ........................................................... 5-1,111,§6-45. Planning and Zoning Commission approval. ........................................................... 5-1,scope_not_yet_evaluated
greenwich-connecticut-18417c5e9074d765,greenwich-connecticut-18417c5e9074d765-general-00014,greenwich-connecticut-18417c5e9074d765-node-000063,Section,5,§6-58.,administration,§6-58. Application for Zone approval. ................................................................................. 5-4,123,§6-58. Application for Zone approval. ................................................................................. 5-4,scope_not_yet_evaluated
greenwich-connecticut-18417c5e9074d765,greenwich-connecticut-18417c5e9074d765-general-00015,greenwich-connecticut-18417c5e9074d765-node-000076,Section,5,§6-71.,administration,§6-71. Application for Zone approval. ................................................................................. 6-3,123,§6-71. Application for Zone approval. ................................................................................. 6-3,scope_not_yet_evaluated
greenwich-connecticut-18417c5e9074d765,greenwich-connecticut-18417c5e9074d765-general-00016,greenwich-connecticut-18417c5e9074d765-node-000077,Section,5,§6-71.1,administration,§6-71.1 Application for Affordable Housing Units. ................................................................ 6-3,118,§6-71.1 Application for Affordable Housing Units. ................................................................ 6-3,scope_not_yet_evaluated
greenwich-connecticut-18417c5e9074d765,greenwich-connecticut-18417c5e9074d765-general-00017,greenwich-connecticut-18417c5e9074d765-node-000079,Section,5,§6-73.,administration,§6-73. Issuance of building permit or certificate of occupancy. .......................................... 6-4,110,§6-73. Issuance of building permit or certificate of occupancy. .......................................... 6-4,scope_not_yet_evaluated
greenwich-connecticut-18417c5e9074d765,greenwich-connecticut-18417c5e9074d765-general-00018,greenwich-connecticut-18417c5e9074d765-node-000089,Section,6,§6-82.,administration,§6-82. Application for Zone approval. ................................................................................. 7-2,123,§6-82. Application for Zone approval. ................................................................................. 7-2,scope_not_yet_evaluated
greenwich-connecticut-18417c5e9074d765,greenwich-connecticut-18417c5e9074d765-general-00019,greenwich-connecticut-18417c5e9074d765-node-000091,Section,6,§6-84.,administration,§6-84. Issuance of building permit or certificate of occupancy. .......................................... 7-3,110,§6-84. Issuance of building permit or certificate of occupancy. .......................................... 7-3,scope_not_yet_evaluated
greenwich-connecticut-18417c5e9074d765,greenwich-connecticut-18417c5e9074d765-general-00020,greenwich-connecticut-18417c5e9074d765-node-000101,Section,6,§6-94.,administration,§6-94. Permitted uses by special permit. ............................................................................ 9-1,121,§6-94. Permitted uses by special permit. ............................................................................ 9-1,scope_not_yet_evaluated
greenwich-connecticut-18417c5e9074d765,greenwich-connecticut-18417c5e9074d765-general-00021,greenwich-connecticut-18417c5e9074d765-node-000110,Section,6,§6-101.,administration,§6-101. Special permit required for Business and Residential Zones. ............................... 9-20,104,§6-101. Special permit required for Business and Residential Zones. ............................... 9-20,scope_not_yet_evaluated
greenwich-connecticut-18417c5e9074d765,greenwich-connecticut-18417c5e9074d765-general-00022,greenwich-connecticut-18417c5e9074d765-node-000156,Section,8,§6-141,nonconformity,§6-141 Non-conforming uses; restrictions. ........................................................................ 11-1,119,§6-141 Non-conforming uses; restrictions. ........................................................................ 11-1,scope_not_yet_evaluated
greenwich-connecticut-18417c5e9074d765,greenwich-connecticut-18417c5e9074d765-general-00023,greenwich-connecticut-18417c5e9074d765-node-000157,Section,8,§6-142,nonconformity,§6-142 Non-conforming building. ....................................................................................... 11-3,124,§6-142 Non-conforming building. ....................................................................................... 11-3,scope_not_yet_evaluated
greenwich-connecticut-18417c5e9074d765,greenwich-connecticut-18417c5e9074d765-general-00024,greenwich-connecticut-18417c5e9074d765-node-000158,Section,8,§6-143,nonconformity,§6-143 Non-conforming yards. .......................................................................................... 11-3,124,§6-143 Non-conforming yards. .......................................................................................... 11-3,scope_not_yet_evaluated
greenwich-connecticut-18417c5e9074d765,greenwich-connecticut-18417c5e9074d765-general-00025,greenwich-connecticut-18417c5e9074d765-node-000179,Section,8,§6-162.1,parking,§6-162.1 Electric Vehicle Off-Street Parking Requirements. ................................................ 15-8,112,§6-162.1 Electric Vehicle Off-Street Parking Requirements. ................................................ 15-8,scope_not_yet_evaluated
greenwich-connecticut-18417c5e9074d765,greenwich-connecticut-18417c5e9074d765-general-00026,greenwich-connecticut-18417c5e9074d765-node-000192,Section,9,§6-175.,administration,§6-175. Permit procedure. ................................................................................................ 16-10,128,§6-175. Permit procedure. ................................................................................................ 16-10,scope_not_yet_evaluated
greenwich-connecticut-18417c5e9074d765,greenwich-connecticut-18417c5e9074d765-general-00027,greenwich-connecticut-18417c5e9074d765-node-000197,Section,9,§6-180.,definitions,§6-180. Definitions. ............................................................................................................. 17-3,135,§6-180. Definitions. ............................................................................................................. 17-3,scope_not_yet_evaluated
greenwich-connecticut-18417c5e9074d765,greenwich-connecticut-18417c5e9074d765-general-00028,greenwich-connecticut-18417c5e9074d765-node-000201,Section,9,§6-183.1,definitions,§6-183.1 Definitions ........................................................................................................... 17.1-1,135,§6-183.1 Definitions ........................................................................................................... 17.1-1,scope_not_yet_evaluated
greenwich-connecticut-18417c5e9074d765,greenwich-connecticut-18417c5e9074d765-general-00029,greenwich-connecticut-18417c5e9074d765-node-000231,Section,10,§6-204.,parking,§6-204. Exceptions to maximum height and parking space requirements. ........................ 21-1,98,§6-204. Exceptions to maximum height and parking space requirements. ........................ 21-1,scope_not_yet_evaluated
greenwich-connecticut-18417c5e9074d765,greenwich-connecticut-18417c5e9074d765-general-00030,greenwich-connecticut-18417c5e9074d765-node-000262,Section,16,Sec. 6-5. DEFINITIONS.,definitions,Sec. 6-5. DEFINITIONS.,22,Sec. 6-5. DEFINITIONS.,scope_not_yet_evaluated
greenwich-connecticut-18417c5e9074d765,greenwich-connecticut-18417c5e9074d765-general-00031,greenwich-connecticut-18417c5e9074d765-node-000290,Subsection,19,(A) External ADU shall mean an ADU contained in a separate new or pre-existing,accessory_dwelling_unit,(A) External ADU shall mean an ADU contained in a separate new or pre-existing,78,(A) External ADU shall mean an ADU contained in a separate new or pre-existing,scope_not_yet_evaluated
greenwich-connecticut-18417c5e9074d765,greenwich-connecticut-18417c5e9074d765-general-00032,greenwich-connecticut-18417c5e9074d765-node-000291,Subsection,19,(B) Internal ADU shall mean an ADU contained within the existing or proposed interior,accessory_dwelling_unit,(B) Internal ADU shall mean an ADU contained within the existing or proposed interior,85,(B) Internal ADU shall mean an ADU contained within the existing or proposed interior,scope_not_yet_evaluated
greenwich-connecticut-18417c5e9074d765,greenwich-connecticut-18417c5e9074d765-general-00033,greenwich-connecticut-18417c5e9074d765-node-000292,Subsection,19,"(C) Primary Unit shall mean, either (1) for an External ADU, a single-family Dwelling",accessory_dwelling_unit,"(C) Primary Unit shall mean, either (1) for an External ADU, a single-family Dwelling",85,"(C) Primary Unit shall mean, either (1) for an External ADU, a single-family Dwelling",scope_not_yet_evaluated
greenwich-connecticut-18417c5e9074d765,greenwich-connecticut-18417c5e9074d765-general-00034,greenwich-connecticut-18417c5e9074d765-node-000319,Subsection,23,(34),definitions,"(34) Lot Corner see definition Sec. 6-5(a)(11.3), corner lot and Diagram No. 10. (4/19/2006)",92,"(34) Lot Corner see definition Sec. 6-5(a)(11.3), corner lot and Diagram No. 10. (4/19/2006)",scope_not_yet_evaluated
greenwich-connecticut-18417c5e9074d765,greenwich-connecticut-18417c5e9074d765-general-00035,greenwich-connecticut-18417c5e9074d765-node-000327,Subsection,25,(38),nonconformity,"(38) Non-conforming Use shall mean a building or land, the use of which does not conform",88,"(38) Non-conforming Use shall mean a building or land, the use of which does not conform",scope_not_yet_evaluated
greenwich-connecticut-18417c5e9074d765,greenwich-connecticut-18417c5e9074d765-general-00036,greenwich-connecticut-18417c5e9074d765-node-000349,Subsection,29,(51),definitions,(51) Terrace (Definition deleted 4/19/2006),43,(51) Terrace (Definition deleted 4/19/2006),scope_not_yet_evaluated
greenwich-connecticut-18417c5e9074d765,greenwich-connecticut-18417c5e9074d765-general-00037,greenwich-connecticut-18417c5e9074d765-node-000360,Section,30,Sec. 6-7. OUTSTANDING BUILDING PERMIT.,administration,Sec. 6-7. OUTSTANDING BUILDING PERMIT.,38,Sec. 6-7. OUTSTANDING BUILDING PERMIT.,scope_not_yet_evaluated
greenwich-connecticut-18417c5e9074d765,greenwich-connecticut-18417c5e9074d765-general-00038,greenwich-connecticut-18417c5e9074d765-node-000364,Subsection,31,(a),administration,(a) This Article shall be enforced by the Zoning Enforcement Officer (ZEO) or other official,92,(a) This Article shall be enforced by the Zoning Enforcement Officer (ZEO) or other official,scope_not_yet_evaluated
greenwich-connecticut-18417c5e9074d765,greenwich-connecticut-18417c5e9074d765-general-00039,greenwich-connecticut-18417c5e9074d765-node-000368,Section,31,Sec. 6-10. ZONING PERMIT APPLICATIONS; PLANS; CONTENTS; SURVEY. (4/24/2013),administration,Sec. 6-10. ZONING PERMIT APPLICATIONS; PLANS; CONTENTS; SURVEY. (4/24/2013),75,Sec. 6-10. ZONING PERMIT APPLICATIONS; PLANS; CONTENTS; SURVEY. (4/24/2013),scope_not_yet_evaluated
greenwich-connecticut-18417c5e9074d765,greenwich-connecticut-18417c5e9074d765-general-00040,greenwich-connecticut-18417c5e9074d765-node-000383,Subsection,32,(c) All applications for zoning permit that require review by the Zoning Enforcement Officer shall,administration,(c) All applications for zoning permit that require review by the Zoning Enforcement Officer shall,98,(c) All applications for zoning permit that require review by the Zoning Enforcement Officer shall,scope_not_yet_evaluated
greenwich-connecticut-18417c5e9074d765,greenwich-connecticut-18417c5e9074d765-general-00041,greenwich-connecticut-18417c5e9074d765-node-000384,Section,32,Sec. 6-11. ZONING PERMIT REQUIRED; ISSUANCE; TERM. (4/24/2013),administration,Sec. 6-11. ZONING PERMIT REQUIRED; ISSUANCE; TERM. (4/24/2013),62,Sec. 6-11. ZONING PERMIT REQUIRED; ISSUANCE; TERM. (4/24/2013),scope_not_yet_evaluated
greenwich-connecticut-18417c5e9074d765,greenwich-connecticut-18417c5e9074d765-general-00042,greenwich-connecticut-18417c5e9074d765-node-000386,Subsection,32,(b),administration,"(b) Any zoning permit issued by the Zoning Enforcement Officer under the provisions of this Article,",100,"(b) Any zoning permit issued by the Zoning Enforcement Officer under the provisions of this Article,",scope_not_yet_evaluated
greenwich-connecticut-18417c5e9074d765,greenwich-connecticut-18417c5e9074d765-general-00043,greenwich-connecticut-18417c5e9074d765-node-000387,Subsection,32,(c),administration,(c) Any zoning permit issued by the Zoning Enforcement Officer may be revoked if work proceeds,94,(c) Any zoning permit issued by the Zoning Enforcement Officer may be revoked if work proceeds,scope_not_yet_evaluated
greenwich-connecticut-18417c5e9074d765,greenwich-connecticut-18417c5e9074d765-general-00044,greenwich-connecticut-18417c5e9074d765-node-000388,Section,32,Sec. 6-12. LIMITATIONS ON ZONING PERMIT ISSUANCE.,administration,Sec. 6-12. LIMITATIONS ON ZONING PERMIT ISSUANCE.,49,Sec. 6-12. LIMITATIONS ON ZONING PERMIT ISSUANCE.,scope_not_yet_evaluated
greenwich-connecticut-18417c5e9074d765,greenwich-connecticut-18417c5e9074d765-general-00045,greenwich-connecticut-18417c5e9074d765-node-000389,Subsection,32,(a),administration,(a) Whenever a zoning permit is issued for a building or an addition to an existing structure to be,99,(a) Whenever a zoning permit is issued for a building or an addition to an existing structure to be,scope_not_yet_evaluated
greenwich-connecticut-18417c5e9074d765,greenwich-connecticut-18417c5e9074d765-general-00046,greenwich-connecticut-18417c5e9074d765-node-000392,Subsection,33,(b),administration,(b) Whenever a Zoning permit application is submitted for a structure(s) that utilizes ninety (90),98,(b) Whenever a Zoning permit application is submitted for a structure(s) that utilizes ninety (90),scope_not_yet_evaluated
greenwich-connecticut-18417c5e9074d765,greenwich-connecticut-18417c5e9074d765-general-00047,greenwich-connecticut-18417c5e9074d765-node-000395,Subsection,33,(e),administration,(e) No zoning permit for any non-residential building or multi-family building shall be issued and,98,(e) No zoning permit for any non-residential building or multi-family building shall be issued and,scope_not_yet_evaluated
greenwich-connecticut-18417c5e9074d765,greenwich-connecticut-18417c5e9074d765-general-00048,greenwich-connecticut-18417c5e9074d765-node-000396,Section,33,Sec. 6-13. SITE PLAN APPROVAL REQUIRED BY PLANNING AND ZONING COMMISSION.,administration,Sec. 6-13. SITE PLAN APPROVAL REQUIRED BY PLANNING AND ZONING COMMISSION.,73,Sec. 6-13. SITE PLAN APPROVAL REQUIRED BY PLANNING AND ZONING COMMISSION.,scope_not_yet_evaluated
greenwich-connecticut-18417c5e9074d765,greenwich-connecticut-18417c5e9074d765-general-00049,greenwich-connecticut-18417c5e9074d765-node-000397,Subsection,33,(a),administration,(a) A Final Site Plan approval by the Planning and Zoning Commission shall be required in the,93,(a) A Final Site Plan approval by the Planning and Zoning Commission shall be required in the,scope_not_yet_evaluated
greenwich-connecticut-18417c5e9074d765,greenwich-connecticut-18417c5e9074d765-general-00050,greenwich-connecticut-18417c5e9074d765-node-000405,Subsection,33,(7),administration,(7) Any use requiring a Special Permit. Site Plan Approval for any use requiring Special,88,(7) Any use requiring a Special Permit. Site Plan Approval for any use requiring Special,scope_not_yet_evaluated
greenwich-connecticut-18417c5e9074d765,greenwich-connecticut-18417c5e9074d765-general-00051,greenwich-connecticut-18417c5e9074d765-node-000410,Subsection,33,(c),dimensional_exception,"(c) In deciding on a Final Site Plan, the Commission may approve, deny, or require modification",95,"(c) In deciding on a Final Site Plan, the Commission may approve, deny, or require modification",scope_not_yet_evaluated
greenwich-connecticut-18417c5e9074d765,greenwich-connecticut-18417c5e9074d765-general-00052,greenwich-connecticut-18417c5e9074d765-node-000415,Subsection,34,(a),administration,(a) Pre-application review process (9/17/2020),46,(a) Pre-application review process (9/17/2020),scope_not_yet_evaluated
greenwich-connecticut-18417c5e9074d765,greenwich-connecticut-18417c5e9074d765-general-00053,greenwich-connecticut-18417c5e9074d765-node-000416,Subsection,34,(1) Pre-application meeting - For applications requiring a special permit (optional to all other,administration,(1) Pre-application meeting - For applications requiring a special permit (optional to all other,96,(1) Pre-application meeting - For applications requiring a special permit (optional to all other,scope_not_yet_evaluated
greenwich-connecticut-18417c5e9074d765,greenwich-connecticut-18417c5e9074d765-general-00054,greenwich-connecticut-18417c5e9074d765-node-000417,Subsection,34,"(A) One copy of a signed form titled, Applicant’s Agreement to Pre-Application Review",administration,"(A) One copy of a signed form titled, Applicant’s Agreement to Pre-Application Review",85,"(A) One copy of a signed form titled, Applicant’s Agreement to Pre-Application Review",scope_not_yet_evaluated
greenwich-connecticut-18417c5e9074d765,greenwich-connecticut-18417c5e9074d765-general-00055,greenwich-connecticut-18417c5e9074d765-node-000418,Subsection,34,(B) Connecticut General Statutes notes that a “Pre-application review and any results or,administration,(B) Connecticut General Statutes notes that a “Pre-application review and any results or,88,(B) Connecticut General Statutes notes that a “Pre-application review and any results or,scope_not_yet_evaluated
greenwich-connecticut-18417c5e9074d765,greenwich-connecticut-18417c5e9074d765-general-00056,greenwich-connecticut-18417c5e9074d765-node-000424,Subsection,34,(b),administration,(b) Prior to submission of a final site plan application:,57,(b) Prior to submission of a final site plan application:,scope_not_yet_evaluated
greenwich-connecticut-18417c5e9074d765,greenwich-connecticut-18417c5e9074d765-general-00057,greenwich-connecticut-18417c5e9074d765-node-000428,Subsection,35,(2) If a final site plan application involves an activity regulated pursuant to CGS Sections 22a-,administration,(2) If a final site plan application involves an activity regulated pursuant to CGS Sections 22a-,97,(2) If a final site plan application involves an activity regulated pursuant to CGS Sections 22a-,scope_not_yet_evaluated
greenwich-connecticut-18417c5e9074d765,greenwich-connecticut-18417c5e9074d765-general-00058,greenwich-connecticut-18417c5e9074d765-node-000443,Subsection,36,"(11) Ten copies of completed application form, signed by applicant or authorized agent,",administration,"(11) Ten copies of completed application form, signed by applicant or authorized agent,",87,"(11) Ten copies of completed application form, signed by applicant or authorized agent,",scope_not_yet_evaluated
greenwich-connecticut-18417c5e9074d765,greenwich-connecticut-18417c5e9074d765-general-00059,greenwich-connecticut-18417c5e9074d765-node-000454,Subsection,37,(21) Fee submitted at time of application based on latest application fee schedule. (5/4/2005),administration,(21) Fee submitted at time of application based on latest application fee schedule. (5/4/2005),94,(21) Fee submitted at time of application based on latest application fee schedule. (5/4/2005),scope_not_yet_evaluated
greenwich-connecticut-18417c5e9074d765,greenwich-connecticut-18417c5e9074d765-general-00060,greenwich-connecticut-18417c5e9074d765-node-000466,Subsection,37,"(d) Action by the Planning and Zoning Commission shall be taken and a decision as to approval,",administration,"(d) Action by the Planning and Zoning Commission shall be taken and a decision as to approval,",94,"(d) Action by the Planning and Zoning Commission shall be taken and a decision as to approval,",scope_not_yet_evaluated
greenwich-connecticut-18417c5e9074d765,greenwich-connecticut-18417c5e9074d765-general-00061,greenwich-connecticut-18417c5e9074d765-node-000474,Subsection,38,(a),administration,(a) The Planning and Zoning Commission may approve applications for preliminary site plans or,93,(a) The Planning and Zoning Commission may approve applications for preliminary site plans or,scope_not_yet_evaluated
greenwich-connecticut-18417c5e9074d765,greenwich-connecticut-18417c5e9074d765-general-00062,greenwich-connecticut-18417c5e9074d765-node-000479,Subsection,38,(d),parking,"(d) The location, arrangement and adequacy of off-street parking facilities;",76,"(d) The location, arrangement and adequacy of off-street parking facilities;",scope_not_yet_evaluated
greenwich-connecticut-18417c5e9074d765,greenwich-connecticut-18417c5e9074d765-general-00063,greenwich-connecticut-18417c5e9074d765-node-000505,Subsection,40,(a),administration,(a) No building permit or certificate of occupancy shall be issued by the Building Official if the Site,103,(a) No building permit or certificate of occupancy shall be issued by the Building Official if the Site,scope_not_yet_evaluated
greenwich-connecticut-18417c5e9074d765,greenwich-connecticut-18417c5e9074d765-general-00064,greenwich-connecticut-18417c5e9074d765-node-000510,Section,40,Sec. 6-17. PROCEDURE FOR SPECIAL PERMIT APPLICATIONS. (9/17/2020),administration,Sec. 6-17. PROCEDURE FOR SPECIAL PERMIT APPLICATIONS. (9/17/2020),65,Sec. 6-17. PROCEDURE FOR SPECIAL PERMIT APPLICATIONS. (9/17/2020),scope_not_yet_evaluated
greenwich-connecticut-18417c5e9074d765,greenwich-connecticut-18417c5e9074d765-general-00065,greenwich-connecticut-18417c5e9074d765-node-000511,Subsection,40,(a),administration,(a) Special permit approval by the Planning and Zoning commission shall be required as,86,(a) Special permit approval by the Planning and Zoning commission shall be required as,scope_not_yet_evaluated
greenwich-connecticut-18417c5e9074d765,greenwich-connecticut-18417c5e9074d765-general-00066,greenwich-connecticut-18417c5e9074d765-node-000530,Subsection,41,"(17) Section 6-141 — Changes in non-conforming uses, buildings",nonconformity,"(17) Section 6-141 — Changes in non-conforming uses, buildings",62,"(17) Section 6-141 — Changes in non-conforming uses, buildings",scope_not_yet_evaluated
greenwich-connecticut-18417c5e9074d765,greenwich-connecticut-18417c5e9074d765-general-00067,greenwich-connecticut-18417c5e9074d765-node-000532,Subsection,41,"(b) In authorizing uses by special permit in addition to the standards of Subsection (d), the",administration,"(b) In authorizing uses by special permit in addition to the standards of Subsection (d), the",93,"(b) In authorizing uses by special permit in addition to the standards of Subsection (d), the",scope_not_yet_evaluated
greenwich-connecticut-18417c5e9074d765,greenwich-connecticut-18417c5e9074d765-general-00068,greenwich-connecticut-18417c5e9074d765-node-000534,Subsection,41,(1),administration,(1) Special permit submission requirements are the same as for site plans but shall also,88,(1) Special permit submission requirements are the same as for site plans but shall also,scope_not_yet_evaluated
greenwich-connecticut-18417c5e9074d765,greenwich-connecticut-18417c5e9074d765-general-00069,greenwich-connecticut-18417c5e9074d765-node-000535,Subsection,41,(2) If a Special Permit application involves an activity regulated pursuant to CGS sections,administration,(2) If a Special Permit application involves an activity regulated pursuant to CGS sections,91,(2) If a Special Permit application involves an activity regulated pursuant to CGS sections,scope_not_yet_evaluated
greenwich-connecticut-18417c5e9074d765,greenwich-connecticut-18417c5e9074d765-general-00070,greenwich-connecticut-18417c5e9074d765-node-000536,Subsection,41,(3) Application timelines for Special permit applications shall be in accordance with,administration,(3) Application timelines for Special permit applications shall be in accordance with,85,(3) Application timelines for Special permit applications shall be in accordance with,scope_not_yet_evaluated
greenwich-connecticut-18417c5e9074d765,greenwich-connecticut-18417c5e9074d765-general-00071,greenwich-connecticut-18417c5e9074d765-node-000538,Subsection,41,(4),administration,(4) A special permit granted for a particular use shall not constitute a special permit for,91,(4) A special permit granted for a particular use shall not constitute a special permit for,scope_not_yet_evaluated
greenwich-connecticut-18417c5e9074d765,greenwich-connecticut-18417c5e9074d765-general-00072,greenwich-connecticut-18417c5e9074d765-node-000539,Subsection,41,(5),administration,(5) Any material intensification of the use allowed by a special permit shall constitute a,90,(5) Any material intensification of the use allowed by a special permit shall constitute a,scope_not_yet_evaluated
greenwich-connecticut-18417c5e9074d765,greenwich-connecticut-18417c5e9074d765-general-00073,greenwich-connecticut-18417c5e9074d765-node-000557,Subsection,42,(f),administration,(f) Any special permit granted by the Commission shall expire when the corresponding site plan,94,(f) Any special permit granted by the Commission shall expire when the corresponding site plan,scope_not_yet_evaluated
greenwich-connecticut-18417c5e9074d765,greenwich-connecticut-18417c5e9074d765-general-00074,greenwich-connecticut-18417c5e9074d765-node-000558,Subsection,42,(g),administration,"(g) At such time as the Commission takes action on a Special Permit Application, it shall also take",99,"(g) At such time as the Commission takes action on a Special Permit Application, it shall also take",scope_not_yet_evaluated
greenwich-connecticut-18417c5e9074d765,greenwich-connecticut-18417c5e9074d765-general-00075,greenwich-connecticut-18417c5e9074d765-node-000573,Subsection,43,(4),dimensional_exception,"(4) Decide requests for special exception uses for motor vehicle repair, sales, and service",91,"(4) Decide requests for special exception uses for motor vehicle repair, sales, and service",scope_not_yet_evaluated
greenwich-connecticut-18417c5e9074d765,greenwich-connecticut-18417c5e9074d765-general-00076,greenwich-connecticut-18417c5e9074d765-node-000574,Subsection,43,(5) To hear variance requests involving proposed lots in subdivisions that have received,dimensional_exception,(5) To hear variance requests involving proposed lots in subdivisions that have received,88,(5) To hear variance requests involving proposed lots in subdivisions that have received,scope_not_yet_evaluated
greenwich-connecticut-18417c5e9074d765,greenwich-connecticut-18417c5e9074d765-general-00077,greenwich-connecticut-18417c5e9074d765-node-000576,Subsection,43,(a),dimensional_exception | administration,(a) Every application for variance from the use regulations as distinguished from the height and,96,(a) Every application for variance from the use regulations as distinguished from the height and,scope_not_yet_evaluated
greenwich-connecticut-18417c5e9074d765,greenwich-connecticut-18417c5e9074d765-general-00078,greenwich-connecticut-18417c5e9074d765-node-000577,Subsection,43,(b),administration,"(b) Every application for any use in accordance with Section 6-100 Use Group 5A, and whenever",93,"(b) Every application for any use in accordance with Section 6-100 Use Group 5A, and whenever",scope_not_yet_evaluated
greenwich-connecticut-18417c5e9074d765,greenwich-connecticut-18417c5e9074d765-general-00079,greenwich-connecticut-18417c5e9074d765-node-000586,Subsection,44,(d),dimensional_exception,(d) A special exception granted for a particular use shall not constitute a special exception for any,101,(d) A special exception granted for a particular use shall not constitute a special exception for any,scope_not_yet_evaluated
greenwich-connecticut-18417c5e9074d765,greenwich-connecticut-18417c5e9074d765-general-00080,greenwich-connecticut-18417c5e9074d765-node-000587,Subsection,44,(e),dimensional_exception,(e) Any material intensification of the use allowed by a special exception shall constitute a change,100,(e) Any material intensification of the use allowed by a special exception shall constitute a change,scope_not_yet_evaluated
greenwich-connecticut-18417c5e9074d765,greenwich-connecticut-18417c5e9074d765-general-00081,greenwich-connecticut-18417c5e9074d765-node-000588,Section,44,Sec. 6-21. TIME LIMIT ON VARIANCE OR EXCEPTION.,dimensional_exception,Sec. 6-21. TIME LIMIT ON VARIANCE OR EXCEPTION.,47,Sec. 6-21. TIME LIMIT ON VARIANCE OR EXCEPTION.,scope_not_yet_evaluated
greenwich-connecticut-18417c5e9074d765,greenwich-connecticut-18417c5e9074d765-general-00082,greenwich-connecticut-18417c5e9074d765-node-000595,Subsection,46,(b),administration,"(b) The Planning and Zoning Commission, upon application in the manner prescribed herein, after",95,"(b) The Planning and Zoning Commission, upon application in the manner prescribed herein, after",scope_not_yet_evaluated
greenwich-connecticut-18417c5e9074d765,greenwich-connecticut-18417c5e9074d765-general-00083,greenwich-connecticut-18417c5e9074d765-node-000601,Subsection,46,"(c) The Planning and Zoning Commission upon application in the manner prescribed herein, after",administration,"(c) The Planning and Zoning Commission upon application in the manner prescribed herein, after",94,"(c) The Planning and Zoning Commission upon application in the manner prescribed herein, after",scope_not_yet_evaluated
greenwich-connecticut-18417c5e9074d765,greenwich-connecticut-18417c5e9074d765-general-00084,greenwich-connecticut-18417c5e9074d765-node-000606,Subsection,46,(d),administration,"(d) The Planning and Zoning Commission, upon application in the manner prescribed herein, after",95,"(d) The Planning and Zoning Commission, upon application in the manner prescribed herein, after",scope_not_yet_evaluated
greenwich-connecticut-18417c5e9074d765,greenwich-connecticut-18417c5e9074d765-general-00085,greenwich-connecticut-18417c5e9074d765-node-000615,Section,47,Sec. 6-24. PLANNING AND ZONING COMMISSION APPROVAL.,administration,Sec. 6-24. PLANNING AND ZONING COMMISSION APPROVAL.,51,Sec. 6-24. PLANNING AND ZONING COMMISSION APPROVAL.,scope_not_yet_evaluated
greenwich-connecticut-18417c5e9074d765,greenwich-connecticut-18417c5e9074d765-general-00086,greenwich-connecticut-18417c5e9074d765-node-000616,Subsection,47,(a),administration,(a) Conservation Zones are each subject to approval by the Planning and Zoning Commission.,90,(a) Conservation Zones are each subject to approval by the Planning and Zoning Commission.,scope_not_yet_evaluated
greenwich-connecticut-18417c5e9074d765,greenwich-connecticut-18417c5e9074d765-general-00087,greenwich-connecticut-18417c5e9074d765-node-000617,Subsection,47,(b),administration,"(b) The Planning and Zoning Commission on its own motion, on the petition of the Conservation",93,"(b) The Planning and Zoning Commission on its own motion, on the petition of the Conservation",scope_not_yet_evaluated
greenwich-connecticut-18417c5e9074d765,greenwich-connecticut-18417c5e9074d765-general-00088,greenwich-connecticut-18417c5e9074d765-node-000639,Subsection,50,(g),administration,"(g) Notwithstanding the provisions of Sec. 6-30 (a) (b) and (c), the Commission, upon application",97,"(g) Notwithstanding the provisions of Sec. 6-30 (a) (b) and (c), the Commission, upon application",scope_not_yet_evaluated
greenwich-connecticut-18417c5e9074d765,greenwich-connecticut-18417c5e9074d765-general-00089,greenwich-connecticut-18417c5e9074d765-node-000668,Section,52,Sec. 6-33. APPLICATION FOR ZONE APPROVAL.,administration,Sec. 6-33. APPLICATION FOR ZONE APPROVAL.,41,Sec. 6-33. APPLICATION FOR ZONE APPROVAL.,scope_not_yet_evaluated
greenwich-connecticut-18417c5e9074d765,greenwich-connecticut-18417c5e9074d765-general-00090,greenwich-connecticut-18417c5e9074d765-node-000669,Subsection,52,(a),administration,(a) Application by petition of one or more property owners for the inclusion of a specific area in the,102,(a) Application by petition of one or more property owners for the inclusion of a specific area in the,scope_not_yet_evaluated
greenwich-connecticut-18417c5e9074d765,greenwich-connecticut-18417c5e9074d765-general-00091,greenwich-connecticut-18417c5e9074d765-node-000672,Subsection,52,(3),administration,(3) A Special Permit application and all documents required for Site Plan approval under Sec.,93,(3) A Special Permit application and all documents required for Site Plan approval under Sec.,scope_not_yet_evaluated
greenwich-connecticut-18417c5e9074d765,greenwich-connecticut-18417c5e9074d765-general-00092,greenwich-connecticut-18417c5e9074d765-node-000675,Subsection,52,(c),administration,(c) No conservation zone shall be established unless the Planning and Zoning Commission finds,93,(c) No conservation zone shall be established unless the Planning and Zoning Commission finds,scope_not_yet_evaluated
greenwich-connecticut-18417c5e9074d765,greenwich-connecticut-18417c5e9074d765-general-00093,greenwich-connecticut-18417c5e9074d765-node-000683,Subsection,53,(4),administration,"(4) No building permit or certificate of occupancy shall be issued by the Building Official, nor",96,"(4) No building permit or certificate of occupancy shall be issued by the Building Official, nor",scope_not_yet_evaluated
greenwich-connecticut-18417c5e9074d765,greenwich-connecticut-18417c5e9074d765-general-00094,greenwich-connecticut-18417c5e9074d765-node-000688,Subsection,55,(b),administration,"(b) The Planning and Zoning Commission, upon application by the Housing Authority of the Town,",94,"(b) The Planning and Zoning Commission, upon application by the Housing Authority of the Town,",scope_not_yet_evaluated
greenwich-connecticut-18417c5e9074d765,greenwich-connecticut-18417c5e9074d765-general-00095,greenwich-connecticut-18417c5e9074d765-node-000691,Subsection,55,(3),administration,(3) To permit the construction of residential units for the elderly that would be eligible for State,100,(3) To permit the construction of residential units for the elderly that would be eligible for State,scope_not_yet_evaluated
greenwich-connecticut-18417c5e9074d765,greenwich-connecticut-18417c5e9074d765-general-00096,greenwich-connecticut-18417c5e9074d765-node-000706,Section,56,Sec. 6-42. APPLICATION FOR ZONE APPROVAL.,administration,Sec. 6-42. APPLICATION FOR ZONE APPROVAL.,41,Sec. 6-42. APPLICATION FOR ZONE APPROVAL.,scope_not_yet_evaluated
greenwich-connecticut-18417c5e9074d765,greenwich-connecticut-18417c5e9074d765-general-00097,greenwich-connecticut-18417c5e9074d765-node-000707,Subsection,56,(a),administration,(a) Application by the Housing Authority or a non-profit sponsor for the inclusion of a specific area,101,(a) Application by the Housing Authority or a non-profit sponsor for the inclusion of a specific area,scope_not_yet_evaluated
greenwich-connecticut-18417c5e9074d765,greenwich-connecticut-18417c5e9074d765-general-00098,greenwich-connecticut-18417c5e9074d765-node-000708,Subsection,56,(1),administration,(1) The application shall describe the purposes to be accomplished;,67,(1) The application shall describe the purposes to be accomplished;,scope_not_yet_evaluated
greenwich-connecticut-18417c5e9074d765,greenwich-connecticut-18417c5e9074d765-general-00099,greenwich-connecticut-18417c5e9074d765-node-000717,Subsection,57,"(3) No building permit or certificate of occupancy shall be issued by the Building Official, nor",administration,"(3) No building permit or certificate of occupancy shall be issued by the Building Official, nor",96,"(3) No building permit or certificate of occupancy shall be issued by the Building Official, nor",scope_not_yet_evaluated
greenwich-connecticut-18417c5e9074d765,greenwich-connecticut-18417c5e9074d765-general-00100,greenwich-connecticut-18417c5e9074d765-node-000718,Section,57,Sec. 6-43.1. SPECIAL PERMIT – ZONING RIGHTS.,administration,Sec. 6-43.1. SPECIAL PERMIT – ZONING RIGHTS.,44,Sec. 6-43.1. SPECIAL PERMIT – ZONING RIGHTS.,scope_not_yet_evaluated
greenwich-connecticut-18417c5e9074d765,greenwich-connecticut-18417c5e9074d765-general-00101,greenwich-connecticut-18417c5e9074d765-node-000724,Subsection,59,(b),administration,"(b) The Commission, upon application in the manner prescribed herein, after a public hearing,",93,"(b) The Commission, upon application in the manner prescribed herein, after a public hearing,",scope_not_yet_evaluated
greenwich-connecticut-18417c5e9074d765,greenwich-connecticut-18417c5e9074d765-general-00102,greenwich-connecticut-18417c5e9074d765-node-000731,Section,59,Sec. 6-45. PLANNING AND ZONING COMMISSION APPROVAL.,administration,Sec. 6-45. PLANNING AND ZONING COMMISSION APPROVAL.,51,Sec. 6-45. PLANNING AND ZONING COMMISSION APPROVAL.,scope_not_yet_evaluated
greenwich-connecticut-18417c5e9074d765,greenwich-connecticut-18417c5e9074d765-general-00103,greenwich-connecticut-18417c5e9074d765-node-000771,Section,62,Sec. 6-58. APPLICATION FOR ZONE APPROVAL.,administration,Sec. 6-58. APPLICATION FOR ZONE APPROVAL.,41,Sec. 6-58. APPLICATION FOR ZONE APPROVAL.,scope_not_yet_evaluated
greenwich-connecticut-18417c5e9074d765,greenwich-connecticut-18417c5e9074d765-general-00104,greenwich-connecticut-18417c5e9074d765-node-000773,Subsection,62,(b),administration,(b) Application for a request for a zone change of a specific area on the Building Zone Regulation,98,(b) Application for a request for a zone change of a specific area on the Building Zone Regulation,scope_not_yet_evaluated
greenwich-connecticut-18417c5e9074d765,greenwich-connecticut-18417c5e9074d765-general-00105,greenwich-connecticut-18417c5e9074d765-node-000788,Subsection,63,(b),administration,(b) No building permit shall be issued by the Building Official until after approval of the site plan,101,(b) No building permit shall be issued by the Building Official until after approval of the site plan,scope_not_yet_evaluated
greenwich-connecticut-18417c5e9074d765,greenwich-connecticut-18417c5e9074d765-general-00106,greenwich-connecticut-18417c5e9074d765-node-000794,Subsection,65,(b),administration,"(b) The intent of this Article, in addition to the above, is to permit under specific conditions",96,"(b) The intent of this Article, in addition to the above, is to permit under specific conditions",scope_not_yet_evaluated
greenwich-connecticut-18417c5e9074d765,greenwich-connecticut-18417c5e9074d765-general-00107,greenwich-connecticut-18417c5e9074d765-node-000795,Subsection,65,(c),administration,"(c) The Planning and Zoning Commission, upon application in the manner prescribed herein,",89,"(c) The Planning and Zoning Commission, upon application in the manner prescribed herein,",scope_not_yet_evaluated
greenwich-connecticut-18417c5e9074d765,greenwich-connecticut-18417c5e9074d765-general-00108,greenwich-connecticut-18417c5e9074d765-node-000800,Subsection,65,(5),administration,(5) To permit the construction of residential units that may be subsidized by public and/or,91,(5) To permit the construction of residential units that may be subsidized by public and/or,scope_not_yet_evaluated
greenwich-connecticut-18417c5e9074d765,greenwich-connecticut-18417c5e9074d765-general-00109,greenwich-connecticut-18417c5e9074d765-node-000820,Section,67,Sec. 6-71. APPLICATION FOR ZONE APPROVAL.,administration,Sec. 6-71. APPLICATION FOR ZONE APPROVAL.,41,Sec. 6-71. APPLICATION FOR ZONE APPROVAL.,scope_not_yet_evaluated
greenwich-connecticut-18417c5e9074d765,greenwich-connecticut-18417c5e9074d765-general-00110,greenwich-connecticut-18417c5e9074d765-node-000821,Subsection,67,(a),administration,(a) Application to the Commission for a zone map change to limit development in conformance,91,(a) Application to the Commission for a zone map change to limit development in conformance,scope_not_yet_evaluated
greenwich-connecticut-18417c5e9074d765,greenwich-connecticut-18417c5e9074d765-general-00111,greenwich-connecticut-18417c5e9074d765-node-000825,Section,67,Section 6-71.1 APPLICATION FOR AFFORDABLE HOUSING UNITS (See Note Below),administration,Section 6-71.1 APPLICATION FOR AFFORDABLE HOUSING UNITS (See Note Below),72,Section 6-71.1 APPLICATION FOR AFFORDABLE HOUSING UNITS (See Note Below),scope_not_yet_evaluated
greenwich-connecticut-18417c5e9074d765,greenwich-connecticut-18417c5e9074d765-general-00112,greenwich-connecticut-18417c5e9074d765-node-000829,Subsection,68,(a),administration,(a) Upon the filing of such an application the Commission shall:,64,(a) Upon the filing of such an application the Commission shall:,scope_not_yet_evaluated
greenwich-connecticut-18417c5e9074d765,greenwich-connecticut-18417c5e9074d765-general-00113,greenwich-connecticut-18417c5e9074d765-node-000832,Section,68,Sec. 6-73. ISSUANCE OF BUILDING PERMIT OR CERTIFICATE OF OCCUPANCY.,administration,Sec. 6-73. ISSUANCE OF BUILDING PERMIT OR CERTIFICATE OF OCCUPANCY.,67,Sec. 6-73. ISSUANCE OF BUILDING PERMIT OR CERTIFICATE OF OCCUPANCY.,scope_not_yet_evaluated
greenwich-connecticut-18417c5e9074d765,greenwich-connecticut-18417c5e9074d765-general-00114,greenwich-connecticut-18417c5e9074d765-node-000838,Subsection,69,(b),administration,"(b) The intent of this Division, in addition to the above, is to permit under specific conditions",97,"(b) The intent of this Division, in addition to the above, is to permit under specific conditions",scope_not_yet_evaluated
greenwich-connecticut-18417c5e9074d765,greenwich-connecticut-18417c5e9074d765-general-00115,greenwich-connecticut-18417c5e9074d765-node-000839,Subsection,69,(c),administration,"(c) The Planning and Zoning Commission, upon application in the manner prescribed herein,",89,"(c) The Planning and Zoning Commission, upon application in the manner prescribed herein,",scope_not_yet_evaluated
greenwich-connecticut-18417c5e9074d765,greenwich-connecticut-18417c5e9074d765-general-00116,greenwich-connecticut-18417c5e9074d765-node-000862,Section,70,Sec. 6-82. APPLICATION FOR ZONE APPROVAL.,administration,Sec. 6-82. APPLICATION FOR ZONE APPROVAL.,41,Sec. 6-82. APPLICATION FOR ZONE APPROVAL.,scope_not_yet_evaluated
greenwich-connecticut-18417c5e9074d765,greenwich-connecticut-18417c5e9074d765-general-00117,greenwich-connecticut-18417c5e9074d765-node-000863,Subsection,70,(a),administration,(a) Application to the Commission for a zone map change to limit development in conformance,91,(a) Application to the Commission for a zone map change to limit development in conformance,scope_not_yet_evaluated
greenwich-connecticut-18417c5e9074d765,greenwich-connecticut-18417c5e9074d765-general-00118,greenwich-connecticut-18417c5e9074d765-node-000868,Subsection,70,(a),administration,(a) Upon the filing of such an application the Commission shall:,64,(a) Upon the filing of such an application the Commission shall:,scope_not_yet_evaluated
greenwich-connecticut-18417c5e9074d765,greenwich-connecticut-18417c5e9074d765-general-00119,greenwich-connecticut-18417c5e9074d765-node-000873,Section,71,Sec. 6-84. ISSUANCE OF BUILDING PERMIT OR CERTIFICATE OF OCCUPANCY.,administration,Sec. 6-84. ISSUANCE OF BUILDING PERMIT OR CERTIFICATE OF OCCUPANCY.,67,Sec. 6-84. ISSUANCE OF BUILDING PERMIT OR CERTIFICATE OF OCCUPANCY.,scope_not_yet_evaluated
greenwich-connecticut-18417c5e9074d765,greenwich-connecticut-18417c5e9074d765-general-00120,greenwich-connecticut-18417c5e9074d765-node-000912,Subsection,74,(a),administration,"(a) In addition to all other requirements relating to an application for a change of zone, as",93,"(a) In addition to all other requirements relating to an application for a change of zone, as",scope_not_yet_evaluated
greenwich-connecticut-18417c5e9074d765,greenwich-connecticut-18417c5e9074d765-general-00121,greenwich-connecticut-18417c5e9074d765-node-000929,Section,77,Sec. 6-94. PERMITTED USES BY SPECIAL PERMIT AS INDICATED BELOW.,administration,Sec. 6-94. PERMITTED USES BY SPECIAL PERMIT AS INDICATED BELOW.,63,Sec. 6-94. PERMITTED USES BY SPECIAL PERMIT AS INDICATED BELOW.,scope_not_yet_evaluated
greenwich-connecticut-18417c5e9074d765,greenwich-connecticut-18417c5e9074d765-general-00122,greenwich-connecticut-18417c5e9074d765-node-000971,Subsection,80,(2),parking,(2) One (1) on-site parking space exclusively for residential use;,66,(2) One (1) on-site parking space exclusively for residential use;,scope_not_yet_evaluated
greenwich-connecticut-18417c5e9074d765,greenwich-connecticut-18417c5e9074d765-general-00123,greenwich-connecticut-18417c5e9074d765-node-000979,Subsection,80,"(10) Application for Special Permit and Site Plan in accordance with Sections 6-13,",administration,"(10) Application for Special Permit and Site Plan in accordance with Sections 6-13,",83,"(10) Application for Special Permit and Site Plan in accordance with Sections 6-13,",scope_not_yet_evaluated
greenwich-connecticut-18417c5e9074d765,greenwich-connecticut-18417c5e9074d765-general-00124,greenwich-connecticut-18417c5e9074d765-node-001024,Subsection,82,(E),parking,(E) There shall be no change in the exterior of the dwelling or addition of parking space,89,(E) There shall be no change in the exterior of the dwelling or addition of parking space,scope_not_yet_evaluated
greenwich-connecticut-18417c5e9074d765,greenwich-connecticut-18417c5e9074d765-general-00125,greenwich-connecticut-18417c5e9074d765-node-001054,Subsection,84,(4) The following uses are permitted as Special Permit uses when the Planning and Zoning,administration,(4) The following uses are permitted as Special Permit uses when the Planning and Zoning,88,(4) The following uses are permitted as Special Permit uses when the Planning and Zoning,scope_not_yet_evaluated
greenwich-connecticut-18417c5e9074d765,greenwich-connecticut-18417c5e9074d765-general-00126,greenwich-connecticut-18417c5e9074d765-node-001074,Subsection,85,(2),administration,(2) The following uses are permitted as Special Permit uses when the Planning and Zoning,88,(2) The following uses are permitted as Special Permit uses when the Planning and Zoning,scope_not_yet_evaluated
greenwich-connecticut-18417c5e9074d765,greenwich-connecticut-18417c5e9074d765-general-00127,greenwich-connecticut-18417c5e9074d765-node-001089,Subsection,86,(2),accessory_dwelling_unit,"(2) Creation – Only one ADU, either External or Internal, is permitted on a property as an",90,"(2) Creation – Only one ADU, either External or Internal, is permitted on a property as an",scope_not_yet_evaluated
greenwich-connecticut-18417c5e9074d765,greenwich-connecticut-18417c5e9074d765-general-00128,greenwich-connecticut-18417c5e9074d765-node-001097,Section,88,Section 15 shall be referred to the Planning and Zoning Commission for a formal site,administration,Section 15 shall be referred to the Planning and Zoning Commission for a formal site,84,Section 15 shall be referred to the Planning and Zoning Commission for a formal site,scope_not_yet_evaluated
greenwich-connecticut-18417c5e9074d765,greenwich-connecticut-18417c5e9074d765-general-00129,greenwich-connecticut-18417c5e9074d765-node-001098,Subsection,88,(5),accessory_dwelling_unit,(5) Duration – Any approval for an ADU issued hereunder shall be subject to automatic,85,(5) Duration – Any approval for an ADU issued hereunder shall be subject to automatic,scope_not_yet_evaluated
greenwich-connecticut-18417c5e9074d765,greenwich-connecticut-18417c5e9074d765-general-00130,greenwich-connecticut-18417c5e9074d765-node-001108,Subsection,91,(3),administration,(3) Any application for outdoor dining shall include at least the following:,76,(3) Any application for outdoor dining shall include at least the following:,scope_not_yet_evaluated
greenwich-connecticut-18417c5e9074d765,greenwich-connecticut-18417c5e9074d765-general-00131,greenwich-connecticut-18417c5e9074d765-node-001123,Section,96,Sec. 6-101. SPECIAL PERMIT REQUIRED FOR BUSINESS ZONES AND RESIDENTIAL ZONES.,administration,Sec. 6-101. SPECIAL PERMIT REQUIRED FOR BUSINESS ZONES AND RESIDENTIAL ZONES.,77,Sec. 6-101. SPECIAL PERMIT REQUIRED FOR BUSINESS ZONES AND RESIDENTIAL ZONES.,scope_not_yet_evaluated
greenwich-connecticut-18417c5e9074d765,greenwich-connecticut-18417c5e9074d765-general-00132,greenwich-connecticut-18417c5e9074d765-node-001124,Subsection,96,(a),dimensional_exception,(a) No new construction for any use or uses including uses for which special exception has been,95,(a) No new construction for any use or uses including uses for which special exception has been,scope_not_yet_evaluated
greenwich-connecticut-18417c5e9074d765,greenwich-connecticut-18417c5e9074d765-general-00133,greenwich-connecticut-18417c5e9074d765-node-001129,Subsection,97,(d),administration,"(d) Except as otherwise provided under Section 6-99 hereof, in all residential zones a special permit",101,"(d) Except as otherwise provided under Section 6-99 hereof, in all residential zones a special permit",scope_not_yet_evaluated
greenwich-connecticut-18417c5e9074d765,greenwich-connecticut-18417c5e9074d765-general-00134,greenwich-connecticut-18417c5e9074d765-node-001228,Subsection,106,"(2) Prior to the approval of an application for a Special Permit, the Planning and Zoning",administration,"(2) Prior to the approval of an application for a Special Permit, the Planning and Zoning",89,"(2) Prior to the approval of an application for a Special Permit, the Planning and Zoning",scope_not_yet_evaluated
greenwich-connecticut-18417c5e9074d765,greenwich-connecticut-18417c5e9074d765-general-00135,greenwich-connecticut-18417c5e9074d765-node-001229,Subsection,106,(e) Special Permit Requirements for Use Group 7c uses only: (1/30/2019),administration,(e) Special Permit Requirements for Use Group 7c uses only: (1/30/2019),71,(e) Special Permit Requirements for Use Group 7c uses only: (1/30/2019),scope_not_yet_evaluated
greenwich-connecticut-18417c5e9074d765,greenwich-connecticut-18417c5e9074d765-general-00136,greenwich-connecticut-18417c5e9074d765-node-001230,Subsection,106,"(1) Prior to the approval of an application for a Special Permit, the Planning and Zoning",administration,"(1) Prior to the approval of an application for a Special Permit, the Planning and Zoning",89,"(1) Prior to the approval of an application for a Special Permit, the Planning and Zoning",scope_not_yet_evaluated
greenwich-connecticut-18417c5e9074d765,greenwich-connecticut-18417c5e9074d765-general-00137,greenwich-connecticut-18417c5e9074d765-node-001275,Subsection,108,(8) Public Access Parking Requirement. Since many residents do not live within walking distance,parking,(8) Public Access Parking Requirement. Since many residents do not live within walking distance,95,(8) Public Access Parking Requirement. Since many residents do not live within walking distance,scope_not_yet_evaluated
greenwich-connecticut-18417c5e9074d765,greenwich-connecticut-18417c5e9074d765-general-00138,greenwich-connecticut-18417c5e9074d765-node-001276,Subsection,108,(A),parking,(A) One public access parking space shall be required if the total minimum parking,82,(A) One public access parking space shall be required if the total minimum parking,scope_not_yet_evaluated
greenwich-connecticut-18417c5e9074d765,greenwich-connecticut-18417c5e9074d765-general-00139,greenwich-connecticut-18417c5e9074d765-node-001277,Subsection,108,(B),parking,(B) Each dedicated public access parking space shall be clearly signed and demarcated,85,(B) Each dedicated public access parking space shall be clearly signed and demarcated,scope_not_yet_evaluated
greenwich-connecticut-18417c5e9074d765,greenwich-connecticut-18417c5e9074d765-general-00140,greenwich-connecticut-18417c5e9074d765-node-001279,Subsection,108,(9) Up to 25 percent of the minimum parking requirement can be satisfied by off-site parking,parking,(9) Up to 25 percent of the minimum parking requirement can be satisfied by off-site parking,92,(9) Up to 25 percent of the minimum parking requirement can be satisfied by off-site parking,scope_not_yet_evaluated
greenwich-connecticut-18417c5e9074d765,greenwich-connecticut-18417c5e9074d765-general-00141,greenwich-connecticut-18417c5e9074d765-node-001299,Subsection,109,(c),administration,(c) Permitted Uses by Special Permit of the Planning and Zoning Commission.,75,(c) Permitted Uses by Special Permit of the Planning and Zoning Commission.,scope_not_yet_evaluated
greenwich-connecticut-18417c5e9074d765,greenwich-connecticut-18417c5e9074d765-general-00142,greenwich-connecticut-18417c5e9074d765-node-001313,Subsection,110,(a) above shall file or cause to be filed with the Zoning Enforcement Officer an,administration,(a) above shall file or cause to be filed with the Zoning Enforcement Officer an,80,(a) above shall file or cause to be filed with the Zoning Enforcement Officer an,scope_not_yet_evaluated
greenwich-connecticut-18417c5e9074d765,greenwich-connecticut-18417c5e9074d765-general-00143,greenwich-connecticut-18417c5e9074d765-node-001314,Subsection,110,(d),administration,"(d) The Planning and Zoning Commission may, at its option, require each owner",77,"(d) The Planning and Zoning Commission may, at its option, require each owner",scope_not_yet_evaluated
greenwich-connecticut-18417c5e9074d765,greenwich-connecticut-18417c5e9074d765-general-00144,greenwich-connecticut-18417c5e9074d765-node-001344,Subsection,113,(1) To create an HO zone requires approval from the Planning and Zoning Commission for a zone,administration,(1) To create an HO zone requires approval from the Planning and Zoning Commission for a zone,93,(1) To create an HO zone requires approval from the Planning and Zoning Commission for a zone,scope_not_yet_evaluated
greenwich-connecticut-18417c5e9074d765,greenwich-connecticut-18417c5e9074d765-general-00145,greenwich-connecticut-18417c5e9074d765-node-001345,Subsection,113,(2) Application to request a zone change and/or site plan and special permit shall include the following,administration,(2) Application to request a zone change and/or site plan and special permit shall include the following,104,(2) Application to request a zone change and/or site plan and special permit shall include the following,scope_not_yet_evaluated
greenwich-connecticut-18417c5e9074d765,greenwich-connecticut-18417c5e9074d765-general-00146,greenwich-connecticut-18417c5e9074d765-node-001356,Subsection,113,(3),administration,"(3) In acting upon any rezoning, site plan or special permit, the Commission may take into",90,"(3) In acting upon any rezoning, site plan or special permit, the Commission may take into",scope_not_yet_evaluated
greenwich-connecticut-18417c5e9074d765,greenwich-connecticut-18417c5e9074d765-general-00147,greenwich-connecticut-18417c5e9074d765-node-001365,Subsection,114,"(10) As a condition of a Special Permit approval, the Owner shall grant a perpetual Declaration of",administration,"(10) As a condition of a Special Permit approval, the Owner shall grant a perpetual Declaration of",98,"(10) As a condition of a Special Permit approval, the Owner shall grant a perpetual Declaration of",scope_not_yet_evaluated
greenwich-connecticut-18417c5e9074d765,greenwich-connecticut-18417c5e9074d765-general-00148,greenwich-connecticut-18417c5e9074d765-node-001383,Subsection,115,"(1) For structures on sites in the business zone, the Planning and Zoning Commission may authorize",administration,"(1) For structures on sites in the business zone, the Planning and Zoning Commission may authorize",98,"(1) For structures on sites in the business zone, the Planning and Zoning Commission may authorize",scope_not_yet_evaluated
greenwich-connecticut-18417c5e9074d765,greenwich-connecticut-18417c5e9074d765-general-00149,greenwich-connecticut-18417c5e9074d765-node-001396,Subsection,116,"(4) For structures on sites in the RA-4 or RA-2 residential zone, the Planning and Zoning Commission",administration,"(4) For structures on sites in the RA-4 or RA-2 residential zone, the Planning and Zoning Commission",100,"(4) For structures on sites in the RA-4 or RA-2 residential zone, the Planning and Zoning Commission",scope_not_yet_evaluated
greenwich-connecticut-18417c5e9074d765,greenwich-connecticut-18417c5e9074d765-general-00150,greenwich-connecticut-18417c5e9074d765-node-001405,Subsection,116,"(f) Removal, Alteration, Modification or Addition Without a Special Permit.",dimensional_exception | administration,"(f) Removal, Alteration, Modification or Addition Without a Special Permit.",75,"(f) Removal, Alteration, Modification or Addition Without a Special Permit.",scope_not_yet_evaluated
greenwich-connecticut-18417c5e9074d765,greenwich-connecticut-18417c5e9074d765-general-00151,greenwich-connecticut-18417c5e9074d765-node-001432,Subsection,119,(1) A waiver of the prohibition of ground-floor residential dwelling units in the LB zone may be,dimensional_exception,(1) A waiver of the prohibition of ground-floor residential dwelling units in the LB zone may be,96,(1) A waiver of the prohibition of ground-floor residential dwelling units in the LB zone may be,scope_not_yet_evaluated
greenwich-connecticut-18417c5e9074d765,greenwich-connecticut-18417c5e9074d765-general-00152,greenwich-connecticut-18417c5e9074d765-node-001433,Subsection,119,(2) A waiver of maximum coverage and rear setback standards provided the scale of proposed,dimensional_exception,(2) A waiver of maximum coverage and rear setback standards provided the scale of proposed,90,(2) A waiver of maximum coverage and rear setback standards provided the scale of proposed,scope_not_yet_evaluated
greenwich-connecticut-18417c5e9074d765,greenwich-connecticut-18417c5e9074d765-general-00153,greenwich-connecticut-18417c5e9074d765-node-001434,Subsection,119,(3) A waiver of the prohibition of an entrance to or exit from a business use located on any street,dimensional_exception,(3) A waiver of the prohibition of an entrance to or exit from a business use located on any street,99,(3) A waiver of the prohibition of an entrance to or exit from a business use located on any street,scope_not_yet_evaluated
greenwich-connecticut-18417c5e9074d765,greenwich-connecticut-18417c5e9074d765-general-00154,greenwich-connecticut-18417c5e9074d765-node-001458,Subsection,120,(2),dimensional_exception,"(2) A modification of requirements, if any, of the underlying zone that all parking spaces for Use",98,"(2) A modification of requirements, if any, of the underlying zone that all parking spaces for Use",scope_not_yet_evaluated
greenwich-connecticut-18417c5e9074d765,greenwich-connecticut-18417c5e9074d765-general-00155,greenwich-connecticut-18417c5e9074d765-node-001462,Subsection,121,(4),administration,"(4) The Planning and Zoning Commission may, at its discretion, require that bicycle racks and/or",96,"(4) The Planning and Zoning Commission may, at its discretion, require that bicycle racks and/or",scope_not_yet_evaluated
greenwich-connecticut-18417c5e9074d765,greenwich-connecticut-18417c5e9074d765-general-00156,greenwich-connecticut-18417c5e9074d765-node-001475,Subsection,121,"(1) A site plan application is required when the development proposal is four (4) units or fewer, and/or",administration,"(1) A site plan application is required when the development proposal is four (4) units or fewer, and/or",104,"(1) A site plan application is required when the development proposal is four (4) units or fewer, and/or",scope_not_yet_evaluated
greenwich-connecticut-18417c5e9074d765,greenwich-connecticut-18417c5e9074d765-general-00157,greenwich-connecticut-18417c5e9074d765-node-001476,Subsection,121,(2) A special permit and site plan are required when the development proposal is five (5) units or,administration,(2) A special permit and site plan are required when the development proposal is five (5) units or,98,(2) A special permit and site plan are required when the development proposal is five (5) units or,scope_not_yet_evaluated
greenwich-connecticut-18417c5e9074d765,greenwich-connecticut-18417c5e9074d765-general-00158,greenwich-connecticut-18417c5e9074d765-node-001478,Section,121,"Section 6-14(a)(1), a pre-application(s) is required for special permit applications.",administration,"Section 6-14(a)(1), a pre-application(s) is required for special permit applications.",85,"Section 6-14(a)(1), a pre-application(s) is required for special permit applications.",scope_not_yet_evaluated
greenwich-connecticut-18417c5e9074d765,greenwich-connecticut-18417c5e9074d765-general-00159,greenwich-connecticut-18417c5e9074d765-node-001513,Subsection,124,"(A) At the time of Site Plan and Special Permit approval for each housing development, the",administration,"(A) At the time of Site Plan and Special Permit approval for each housing development, the",90,"(A) At the time of Site Plan and Special Permit approval for each housing development, the",scope_not_yet_evaluated
greenwich-connecticut-18417c5e9074d765,greenwich-connecticut-18417c5e9074d765-general-00160,greenwich-connecticut-18417c5e9074d765-node-001536,Subsection,126,(2),dimensional_exception,"(2) Construction of new or modification of walks, decks, patios, driveways, swimming",84,"(2) Construction of new or modification of walks, decks, patios, driveways, swimming",scope_not_yet_evaluated
greenwich-connecticut-18417c5e9074d765,greenwich-connecticut-18417c5e9074d765-general-00161,greenwich-connecticut-18417c5e9074d765-node-001537,Subsection,126,(3),dimensional_exception,(3) Construction of new or modification of existing on premise structures including,83,(3) Construction of new or modification of existing on premise structures including,scope_not_yet_evaluated
greenwich-connecticut-18417c5e9074d765,greenwich-connecticut-18417c5e9074d765-general-00162,greenwich-connecticut-18417c5e9074d765-node-001578,Subsection,128,(a),dimensional_exception | administration,"(a) Special Permit: Any proposed use within an IND-RE zone, and any modification of the",87,"(a) Special Permit: Any proposed use within an IND-RE zone, and any modification of the",scope_not_yet_evaluated
greenwich-connecticut-18417c5e9074d765,greenwich-connecticut-18417c5e9074d765-general-00163,greenwich-connecticut-18417c5e9074d765-node-001585,Subsection,129,(f),dimensional_exception,(f) Modification of Zoning Requirements: All other requirements of the Building Zone Regulations,96,(f) Modification of Zoning Requirements: All other requirements of the Building Zone Regulations,scope_not_yet_evaluated
greenwich-connecticut-18417c5e9074d765,greenwich-connecticut-18417c5e9074d765-general-00164,greenwich-connecticut-18417c5e9074d765-node-001606,Subsection,130,(d),administration,(d) The following accessory uses shall be permitted subject to the issuance of a special Permit,95,(d) The following accessory uses shall be permitted subject to the issuance of a special Permit,scope_not_yet_evaluated
greenwich-connecticut-18417c5e9074d765,greenwich-connecticut-18417c5e9074d765-general-00165,greenwich-connecticut-18417c5e9074d765-node-001607,Subsection,130,(1),parking,(1) On grade off-street parking lots and above ground parking structures;,73,(1) On grade off-street parking lots and above ground parking structures;,scope_not_yet_evaluated
greenwich-connecticut-18417c5e9074d765,greenwich-connecticut-18417c5e9074d765-general-00166,greenwich-connecticut-18417c5e9074d765-node-001616,Subsection,130,(b),administration,(b) Special permit approval also must be obtained from the Commission for an exterior,85,(b) Special permit approval also must be obtained from the Commission for an exterior,scope_not_yet_evaluated
greenwich-connecticut-18417c5e9074d765,greenwich-connecticut-18417c5e9074d765-general-00167,greenwich-connecticut-18417c5e9074d765-node-001632,Subsection,132,(A) An application will be filed with the Planning and Zoning Commission requesting designation,administration,(A) An application will be filed with the Planning and Zoning Commission requesting designation,95,(A) An application will be filed with the Planning and Zoning Commission requesting designation,scope_not_yet_evaluated
greenwich-connecticut-18417c5e9074d765,greenwich-connecticut-18417c5e9074d765-general-00168,greenwich-connecticut-18417c5e9074d765-node-001662,Subsection,135,(11) No Building permit will be issued until the Commission has determined that all requirements for,administration,(11) No Building permit will be issued until the Commission has determined that all requirements for,100,(11) No Building permit will be issued until the Commission has determined that all requirements for,scope_not_yet_evaluated
greenwich-connecticut-18417c5e9074d765,greenwich-connecticut-18417c5e9074d765-general-00169,greenwich-connecticut-18417c5e9074d765-node-001663,Subsection,135,(A),administration,(A) The CCRC applicant shall have filed with the Planning and Zoning Commission and the,87,(A) The CCRC applicant shall have filed with the Planning and Zoning Commission and the,scope_not_yet_evaluated
greenwich-connecticut-18417c5e9074d765,greenwich-connecticut-18417c5e9074d765-general-00170,greenwich-connecticut-18417c5e9074d765-node-001674,Subsection,136,(b) Definitions:,definitions,(b) Definitions:,16,(b) Definitions:,scope_not_yet_evaluated
greenwich-connecticut-18417c5e9074d765,greenwich-connecticut-18417c5e9074d765-general-00171,greenwich-connecticut-18417c5e9074d765-node-001686,Subsection,137,(1) Creation of an MRCO requires approval from the Planning and Zoning Commission for a zone,administration,(1) Creation of an MRCO requires approval from the Planning and Zoning Commission for a zone,92,(1) Creation of an MRCO requires approval from the Planning and Zoning Commission for a zone,scope_not_yet_evaluated
greenwich-connecticut-18417c5e9074d765,greenwich-connecticut-18417c5e9074d765-general-00172,greenwich-connecticut-18417c5e9074d765-node-001687,Subsection,137,(2) An application to rezone a site to a MRCO shall be submitted in conjunction with site plan and,administration,(2) An application to rezone a site to a MRCO shall be submitted in conjunction with site plan and,98,(2) An application to rezone a site to a MRCO shall be submitted in conjunction with site plan and,scope_not_yet_evaluated
greenwich-connecticut-18417c5e9074d765,greenwich-connecticut-18417c5e9074d765-general-00173,greenwich-connecticut-18417c5e9074d765-node-001729,Subsection,139,(2) The Commission may permit a maximum building height of up to 47 ½ feet and up to four (4),administration,(2) The Commission may permit a maximum building height of up to 47 ½ feet and up to four (4),93,(2) The Commission may permit a maximum building height of up to 47 ½ feet and up to four (4),scope_not_yet_evaluated
greenwich-connecticut-18417c5e9074d765,greenwich-connecticut-18417c5e9074d765-general-00174,greenwich-connecticut-18417c5e9074d765-node-001734,Subsection,139,(K) Special Permit Standards for Authorization to Use Zoning Incentives,administration,(K) Special Permit Standards for Authorization to Use Zoning Incentives,71,(K) Special Permit Standards for Authorization to Use Zoning Incentives,scope_not_yet_evaluated
greenwich-connecticut-18417c5e9074d765,greenwich-connecticut-18417c5e9074d765-general-00175,greenwich-connecticut-18417c5e9074d765-node-001782,Subsection,145,(a),nonconformity,(a) In all business zones if three (3) or more principal buildings which are non-conforming in,94,(a) In all business zones if three (3) or more principal buildings which are non-conforming in,scope_not_yet_evaluated
greenwich-connecticut-18417c5e9074d765,greenwich-connecticut-18417c5e9074d765-general-00176,greenwich-connecticut-18417c5e9074d765-node-001847,Subsection,150,(1),definitions,(1) Addition to an Existing Building - means any walled and roofed expansion to the,83,(1) Addition to an Existing Building - means any walled and roofed expansion to the,scope_not_yet_evaluated
greenwich-connecticut-18417c5e9074d765,greenwich-connecticut-18417c5e9074d765-general-00177,greenwich-connecticut-18417c5e9074d765-node-001850,Subsection,151,(2),definitions,"(2) Administrator - means the Federal Insurance Administrator, to whom the Federal",82,"(2) Administrator - means the Federal Insurance Administrator, to whom the Federal",scope_not_yet_evaluated
greenwich-connecticut-18417c5e9074d765,greenwich-connecticut-18417c5e9074d765-general-00178,greenwich-connecticut-18417c5e9074d765-node-001851,Subsection,151,(3),definitions | administration,(3) Appeal - means a request for a review of the Zoning Enforcement Officer’s interpretation,92,(3) Appeal - means a request for a review of the Zoning Enforcement Officer’s interpretation,scope_not_yet_evaluated
greenwich-connecticut-18417c5e9074d765,greenwich-connecticut-18417c5e9074d765-general-00179,greenwich-connecticut-18417c5e9074d765-node-001853,Subsection,151,(5),definitions,(5) Base Flood - means the flood having a one percent chance of being equaled or,80,(5) Base Flood - means the flood having a one percent chance of being equaled or,scope_not_yet_evaluated
greenwich-connecticut-18417c5e9074d765,greenwich-connecticut-18417c5e9074d765-general-00180,greenwich-connecticut-18417c5e9074d765-node-001854,Subsection,151,(6),definitions,"(6) Base Flood Elevation (BFE) – means the elevation reached by the base flood, a flood",87,"(6) Base Flood Elevation (BFE) – means the elevation reached by the base flood, a flood",scope_not_yet_evaluated
greenwich-connecticut-18417c5e9074d765,greenwich-connecticut-18417c5e9074d765-general-00181,greenwich-connecticut-18417c5e9074d765-node-001855,Subsection,151,(7),definitions,(7) Basement - means that portion of a building having its floor subgrade (below ground,87,(7) Basement - means that portion of a building having its floor subgrade (below ground,scope_not_yet_evaluated
greenwich-connecticut-18417c5e9074d765,greenwich-connecticut-18417c5e9074d765-general-00182,greenwich-connecticut-18417c5e9074d765-node-001856,Subsection,151,(8),definitions,(8) Breakaway Wall - means a wall that is not part of the structural support of the building,92,(8) Breakaway Wall - means a wall that is not part of the structural support of the building,scope_not_yet_evaluated
greenwich-connecticut-18417c5e9074d765,greenwich-connecticut-18417c5e9074d765-general-00183,greenwich-connecticut-18417c5e9074d765-node-001857,Subsection,151,(9),definitions,"(9) Building - means any structure build for support, shelter or enclosure for any occupancy",92,"(9) Building - means any structure build for support, shelter or enclosure for any occupancy",scope_not_yet_evaluated
greenwich-connecticut-18417c5e9074d765,greenwich-connecticut-18417c5e9074d765-general-00184,greenwich-connecticut-18417c5e9074d765-node-001858,Subsection,151,(10) Coastal High Hazard Area - means the area of special flood hazard subject to high,definitions,(10) Coastal High Hazard Area - means the area of special flood hazard subject to high,86,(10) Coastal High Hazard Area - means the area of special flood hazard subject to high,scope_not_yet_evaluated
greenwich-connecticut-18417c5e9074d765,greenwich-connecticut-18417c5e9074d765-general-00185,greenwich-connecticut-18417c5e9074d765-node-001859,Subsection,151,"(11) Development - means any man-made change to improved or unimproved real estate,",definitions,"(11) Development - means any man-made change to improved or unimproved real estate,",83,"(11) Development - means any man-made change to improved or unimproved real estate,",scope_not_yet_evaluated
greenwich-connecticut-18417c5e9074d765,greenwich-connecticut-18417c5e9074d765-general-00186,greenwich-connecticut-18417c5e9074d765-node-001860,Subsection,151,(12) Elevated Building - means a building without a basement built to have the lowest floor,definitions,(12) Elevated Building - means a building without a basement built to have the lowest floor,91,(12) Elevated Building - means a building without a basement built to have the lowest floor,scope_not_yet_evaluated
greenwich-connecticut-18417c5e9074d765,greenwich-connecticut-18417c5e9074d765-general-00187,greenwich-connecticut-18417c5e9074d765-node-001861,Subsection,151,(13) Existing Manufactured Home Park or Subdivision - means a manufactured home park,definitions,(13) Existing Manufactured Home Park or Subdivision - means a manufactured home park,84,(13) Existing Manufactured Home Park or Subdivision - means a manufactured home park,scope_not_yet_evaluated
greenwich-connecticut-18417c5e9074d765,greenwich-connecticut-18417c5e9074d765-general-00188,greenwich-connecticut-18417c5e9074d765-node-001864,Subsection,152,(14) Expansion to an Existing Manufactured Home Park or Subdivision - means the,definitions,(14) Expansion to an Existing Manufactured Home Park or Subdivision - means the,79,(14) Expansion to an Existing Manufactured Home Park or Subdivision - means the,scope_not_yet_evaluated
greenwich-connecticut-18417c5e9074d765,greenwich-connecticut-18417c5e9074d765-general-00189,greenwich-connecticut-18417c5e9074d765-node-001866,Subsection,152,(16) Flood or Flooding - means a general and temporary condition of partial or complete,definitions,(16) Flood or Flooding - means a general and temporary condition of partial or complete,87,(16) Flood or Flooding - means a general and temporary condition of partial or complete,scope_not_yet_evaluated
greenwich-connecticut-18417c5e9074d765,greenwich-connecticut-18417c5e9074d765-general-00190,greenwich-connecticut-18417c5e9074d765-node-001867,Subsection,152,(17) Flood Insurance Rate Map - means an official map of a community on which the Federal,definitions,(17) Flood Insurance Rate Map - means an official map of a community on which the Federal,89,(17) Flood Insurance Rate Map - means an official map of a community on which the Federal,scope_not_yet_evaluated
greenwich-connecticut-18417c5e9074d765,greenwich-connecticut-18417c5e9074d765-general-00191,greenwich-connecticut-18417c5e9074d765-node-001869,Subsection,152,(19) Floodway - means the channel of a river or other watercourse and the adjacent land,definitions,(19) Floodway - means the channel of a river or other watercourse and the adjacent land,87,(19) Floodway - means the channel of a river or other watercourse and the adjacent land,scope_not_yet_evaluated
greenwich-connecticut-18417c5e9074d765,greenwich-connecticut-18417c5e9074d765-general-00192,greenwich-connecticut-18417c5e9074d765-node-001870,Subsection,152,(20) Floor - means the top surface of an enclosed area in a building (including basement) i.e.,definitions,(20) Floor - means the top surface of an enclosed area in a building (including basement) i.e.,94,(20) Floor - means the top surface of an enclosed area in a building (including basement) i.e.,scope_not_yet_evaluated
greenwich-connecticut-18417c5e9074d765,greenwich-connecticut-18417c5e9074d765-general-00193,greenwich-connecticut-18417c5e9074d765-node-001871,Subsection,152,(21) Functionally Dependent Facility - means a facility which cannot be used for its intended,definitions,(21) Functionally Dependent Facility - means a facility which cannot be used for its intended,93,(21) Functionally Dependent Facility - means a facility which cannot be used for its intended,scope_not_yet_evaluated
greenwich-connecticut-18417c5e9074d765,greenwich-connecticut-18417c5e9074d765-general-00194,greenwich-connecticut-18417c5e9074d765-node-001873,Subsection,152,(23) Historic Structure - means any structure that is: (a) Listed individually in the National,definitions,(23) Historic Structure - means any structure that is: (a) Listed individually in the National,94,(23) Historic Structure - means any structure that is: (a) Listed individually in the National,scope_not_yet_evaluated
greenwich-connecticut-18417c5e9074d765,greenwich-connecticut-18417c5e9074d765-general-00195,greenwich-connecticut-18417c5e9074d765-node-001876,Subsection,153,(24) Lowest Floor - means the lowest floor of the lowest enclosed area (including basement).,definitions,(24) Lowest Floor - means the lowest floor of the lowest enclosed area (including basement).,92,(24) Lowest Floor - means the lowest floor of the lowest enclosed area (including basement).,scope_not_yet_evaluated
greenwich-connecticut-18417c5e9074d765,greenwich-connecticut-18417c5e9074d765-general-00196,greenwich-connecticut-18417c5e9074d765-node-001877,Subsection,153,"(25) Manufactured Home - means a structure, transportable in one or more sections, which",definitions,"(25) Manufactured Home - means a structure, transportable in one or more sections, which",88,"(25) Manufactured Home - means a structure, transportable in one or more sections, which",scope_not_yet_evaluated
greenwich-connecticut-18417c5e9074d765,greenwich-connecticut-18417c5e9074d765-general-00197,greenwich-connecticut-18417c5e9074d765-node-001878,Subsection,153,"(26) Manufactured Home Park or Subdivision - means a parcel, or contiguous parcels of land",definitions,"(26) Manufactured Home Park or Subdivision - means a parcel, or contiguous parcels of land",90,"(26) Manufactured Home Park or Subdivision - means a parcel, or contiguous parcels of land",scope_not_yet_evaluated
greenwich-connecticut-18417c5e9074d765,greenwich-connecticut-18417c5e9074d765-general-00198,greenwich-connecticut-18417c5e9074d765-node-001879,Subsection,153,(27) Market Value - means the market value of the structure shall be determined by the,definitions,(27) Market Value - means the market value of the structure shall be determined by the,86,(27) Market Value - means the market value of the structure shall be determined by the,scope_not_yet_evaluated
greenwich-connecticut-18417c5e9074d765,greenwich-connecticut-18417c5e9074d765-general-00199,greenwich-connecticut-18417c5e9074d765-node-001880,Subsection,153,"(28) Mean Sea Level - means, for purposes of the National Flood Insurance Program, the",definitions,"(28) Mean Sea Level - means, for purposes of the National Flood Insurance Program, the",86,"(28) Mean Sea Level - means, for purposes of the National Flood Insurance Program, the",scope_not_yet_evaluated
greenwich-connecticut-18417c5e9074d765,greenwich-connecticut-18417c5e9074d765-general-00200,greenwich-connecticut-18417c5e9074d765-node-001882,Subsection,153,(30) New Construction - means structure for which the “start of construction” commenced on,definitions,(30) New Construction - means structure for which the “start of construction” commenced on,90,(30) New Construction - means structure for which the “start of construction” commenced on,scope_not_yet_evaluated
greenwich-connecticut-18417c5e9074d765,greenwich-connecticut-18417c5e9074d765-general-00201,greenwich-connecticut-18417c5e9074d765-node-001883,Subsection,153,(31) New Manufactured Home Park or Subdivision - means a manufactured home park or,definitions,(31) New Manufactured Home Park or Subdivision - means a manufactured home park or,82,(31) New Manufactured Home Park or Subdivision - means a manufactured home park or,scope_not_yet_evaluated
greenwich-connecticut-18417c5e9074d765,greenwich-connecticut-18417c5e9074d765-general-00202,greenwich-connecticut-18417c5e9074d765-node-001884,Subsection,153,"(32) Recreational Vehicle - means a vehicle which is: a) built on a single chassis, b) 400",definitions,"(32) Recreational Vehicle - means a vehicle which is: a) built on a single chassis, b) 400",90,"(32) Recreational Vehicle - means a vehicle which is: a) built on a single chassis, b) 400",scope_not_yet_evaluated
greenwich-connecticut-18417c5e9074d765,greenwich-connecticut-18417c5e9074d765-general-00203,greenwich-connecticut-18417c5e9074d765-node-001887,Subsection,154,(33) Regulatory Floodway - means the channel of a river or other watercourse and the,definitions,(33) Regulatory Floodway - means the channel of a river or other watercourse and the,84,(33) Regulatory Floodway - means the channel of a river or other watercourse and the,scope_not_yet_evaluated
greenwich-connecticut-18417c5e9074d765,greenwich-connecticut-18417c5e9074d765-general-00204,greenwich-connecticut-18417c5e9074d765-node-001888,Subsection,154,"(34) Riverine - means relating to, formed by, or resembling a river (including tributaries),",definitions,"(34) Riverine - means relating to, formed by, or resembling a river (including tributaries),",92,"(34) Riverine - means relating to, formed by, or resembling a river (including tributaries),",scope_not_yet_evaluated
greenwich-connecticut-18417c5e9074d765,greenwich-connecticut-18417c5e9074d765-general-00205,greenwich-connecticut-18417c5e9074d765-node-001889,Subsection,154,(35) Sand Dunes - means naturally occurring accumulations of sand ridges or mounds,definitions,(35) Sand Dunes - means naturally occurring accumulations of sand ridges or mounds,82,(35) Sand Dunes - means naturally occurring accumulations of sand ridges or mounds,scope_not_yet_evaluated
greenwich-connecticut-18417c5e9074d765,greenwich-connecticut-18417c5e9074d765-general-00206,greenwich-connecticut-18417c5e9074d765-node-001892,Subsection,154,"(38) Structure - means a walled and roofed building that is principally above ground, a",definitions,"(38) Structure - means a walled and roofed building that is principally above ground, a",87,"(38) Structure - means a walled and roofed building that is principally above ground, a",scope_not_yet_evaluated
greenwich-connecticut-18417c5e9074d765,greenwich-connecticut-18417c5e9074d765-general-00207,greenwich-connecticut-18417c5e9074d765-node-001893,Subsection,154,(39) Substantial Damage - means damage of any origin sustained by a structure whereby,definitions,(39) Substantial Damage - means damage of any origin sustained by a structure whereby,85,(39) Substantial Damage - means damage of any origin sustained by a structure whereby,scope_not_yet_evaluated
greenwich-connecticut-18417c5e9074d765,greenwich-connecticut-18417c5e9074d765-general-00208,greenwich-connecticut-18417c5e9074d765-node-001894,Subsection,154,"(40) Substantial Improvement - means any combination of repairs, reconstruction,",definitions,"(40) Substantial Improvement - means any combination of repairs, reconstruction,",80,"(40) Substantial Improvement - means any combination of repairs, reconstruction,",scope_not_yet_evaluated
greenwich-connecticut-18417c5e9074d765,greenwich-connecticut-18417c5e9074d765-general-00209,greenwich-connecticut-18417c5e9074d765-node-001897,Subsection,155,(41) Variance - is a grant of relief from the requirements of this ordinance which permits,dimensional_exception,(41) Variance - is a grant of relief from the requirements of this ordinance which permits,90,(41) Variance - is a grant of relief from the requirements of this ordinance which permits,scope_not_yet_evaluated
greenwich-connecticut-18417c5e9074d765,greenwich-connecticut-18417c5e9074d765-general-00210,greenwich-connecticut-18417c5e9074d765-node-001898,Subsection,155,(42) Violation – means a failure of a structure or other development to be fully compliant with,definitions,(42) Violation – means a failure of a structure or other development to be fully compliant with,95,(42) Violation – means a failure of a structure or other development to be fully compliant with,scope_not_yet_evaluated
greenwich-connecticut-18417c5e9074d765,greenwich-connecticut-18417c5e9074d765-general-00211,greenwich-connecticut-18417c5e9074d765-node-001899,Subsection,155,(43) Water Surface Elevation - means the height of various magnitudes and frequencies in,definitions,(43) Water Surface Elevation - means the height of various magnitudes and frequencies in,88,(43) Water Surface Elevation - means the height of various magnitudes and frequencies in,scope_not_yet_evaluated
greenwich-connecticut-18417c5e9074d765,greenwich-connecticut-18417c5e9074d765-general-00212,greenwich-connecticut-18417c5e9074d765-node-001905,Subsection,156,(3),administration,(3) Establishment of a floodplain development permit. A development permit shall be,83,(3) Establishment of a floodplain development permit. A development permit shall be,scope_not_yet_evaluated
greenwich-connecticut-18417c5e9074d765,greenwich-connecticut-18417c5e9074d765-general-00213,greenwich-connecticut-18417c5e9074d765-node-001908,Subsection,156,(6),administration,(6) In the interpretation and application of this regulation all provisions shall be:,85,(6) In the interpretation and application of this regulation all provisions shall be:,scope_not_yet_evaluated
greenwich-connecticut-18417c5e9074d765,greenwich-connecticut-18417c5e9074d765-general-00214,greenwich-connecticut-18417c5e9074d765-node-001916,Subsection,157,(1),administration,(1) The Zoning Enforcement Officer is hereby appointed to administer and implement the,86,(1) The Zoning Enforcement Officer is hereby appointed to administer and implement the,scope_not_yet_evaluated
greenwich-connecticut-18417c5e9074d765,greenwich-connecticut-18417c5e9074d765-general-00215,greenwich-connecticut-18417c5e9074d765-node-001918,Subsection,157,(3),administration,"(3) Prior to any development activities, application for any development and/or Zoning",86,"(3) Prior to any development activities, application for any development and/or Zoning",scope_not_yet_evaluated
greenwich-connecticut-18417c5e9074d765,greenwich-connecticut-18417c5e9074d765-general-00216,greenwich-connecticut-18417c5e9074d765-node-002018,Subsection,165,(A),dimensional_exception,(A) Variances shall only be issued upon a determination that the variance is the,80,(A) Variances shall only be issued upon a determination that the variance is the,scope_not_yet_evaluated
greenwich-connecticut-18417c5e9074d765,greenwich-connecticut-18417c5e9074d765-general-00217,greenwich-connecticut-18417c5e9074d765-node-002021,Paragraph,165,(ii),dimensional_exception,(ii) A determination that failure to grant the variance would result in exceptional,83,(ii) A determination that failure to grant the variance would result in exceptional,scope_not_yet_evaluated
greenwich-connecticut-18417c5e9074d765,greenwich-connecticut-18417c5e9074d765-general-00218,greenwich-connecticut-18417c5e9074d765-node-002022,Paragraph,165,(iii),dimensional_exception,(iii) A determination that the granting of a variance will not result in increased,82,(iii) A determination that the granting of a variance will not result in increased,scope_not_yet_evaluated
greenwich-connecticut-18417c5e9074d765,greenwich-connecticut-18417c5e9074d765-general-00219,greenwich-connecticut-18417c5e9074d765-node-002023,Subsection,165,(C) Any applicant to whom a variance is granted shall be given written notice,dimensional_exception,(C) Any applicant to whom a variance is granted shall be given written notice,77,(C) Any applicant to whom a variance is granted shall be given written notice,scope_not_yet_evaluated
greenwich-connecticut-18417c5e9074d765,greenwich-connecticut-18417c5e9074d765-general-00220,greenwich-connecticut-18417c5e9074d765-node-002024,Subsection,165,(D) The Zoning Enforcement Officer shall maintain the records of all appeal actions,administration,(D) The Zoning Enforcement Officer shall maintain the records of all appeal actions,83,(D) The Zoning Enforcement Officer shall maintain the records of all appeal actions,scope_not_yet_evaluated
greenwich-connecticut-18417c5e9074d765,greenwich-connecticut-18417c5e9074d765-general-00221,greenwich-connecticut-18417c5e9074d765-node-002077,Subsection,174,(3),administration,(3) The applicant shall provide an additional copy or copies of the application for,83,(3) The applicant shall provide an additional copy or copies of the application for,scope_not_yet_evaluated
greenwich-connecticut-18417c5e9074d765,greenwich-connecticut-18417c5e9074d765-general-00222,greenwich-connecticut-18417c5e9074d765-node-002106,Subsection,178,(2),administration,(2) The Commission may require as a condition of the Special Permit that after the facility,91,(2) The Commission may require as a condition of the Special Permit that after the facility,scope_not_yet_evaluated
greenwich-connecticut-18417c5e9074d765,greenwich-connecticut-18417c5e9074d765-general-00223,greenwich-connecticut-18417c5e9074d765-node-002143,Section,183,Sec. 6-141. NON-CONFORMING BUILDING AND USE: RESTRICTIONS.,nonconformity,Sec. 6-141. NON-CONFORMING BUILDING AND USE: RESTRICTIONS.,58,Sec. 6-141. NON-CONFORMING BUILDING AND USE: RESTRICTIONS.,scope_not_yet_evaluated
greenwich-connecticut-18417c5e9074d765,greenwich-connecticut-18417c5e9074d765-general-00224,greenwich-connecticut-18417c5e9074d765-node-002144,Subsection,183,(a) In addition to a building becoming legally non-conforming pursuant to Sec. 8-13a of,nonconformity,(a) In addition to a building becoming legally non-conforming pursuant to Sec. 8-13a of,87,(a) In addition to a building becoming legally non-conforming pursuant to Sec. 8-13a of,scope_not_yet_evaluated
greenwich-connecticut-18417c5e9074d765,greenwich-connecticut-18417c5e9074d765-general-00225,greenwich-connecticut-18417c5e9074d765-node-002145,Subsection,183,(b),nonconformity,"(b) A non-conforming building, lot or use, or the building in which a non-conforming use occurs,",96,"(b) A non-conforming building, lot or use, or the building in which a non-conforming use occurs,",scope_not_yet_evaluated
greenwich-connecticut-18417c5e9074d765,greenwich-connecticut-18417c5e9074d765-general-00226,greenwich-connecticut-18417c5e9074d765-node-002148,Subsection,183,(A),nonconformity,(A) A non-conforming building (other than single family or two family) may be altered,85,(A) A non-conforming building (other than single family or two family) may be altered,scope_not_yet_evaluated
greenwich-connecticut-18417c5e9074d765,greenwich-connecticut-18417c5e9074d765-general-00227,greenwich-connecticut-18417c5e9074d765-node-002153,Subsection,184,(3),nonconformity,(3) A non-conforming lot may not be altered if the result would be to increase the degree,89,(3) A non-conforming lot may not be altered if the result would be to increase the degree,scope_not_yet_evaluated
greenwich-connecticut-18417c5e9074d765,greenwich-connecticut-18417c5e9074d765-general-00228,greenwich-connecticut-18417c5e9074d765-node-002155,Subsection,184,(5),nonconformity,(5) Where a non-conforming use of land or structure has ceased for a period of one (1) year,91,(5) Where a non-conforming use of land or structure has ceased for a period of one (1) year,scope_not_yet_evaluated
greenwich-connecticut-18417c5e9074d765,greenwich-connecticut-18417c5e9074d765-general-00229,greenwich-connecticut-18417c5e9074d765-node-002162,Section,185,Sec. 6-142. NON-CONFORMING BUILDING.,nonconformity,Sec. 6-142. NON-CONFORMING BUILDING.,36,Sec. 6-142. NON-CONFORMING BUILDING.,scope_not_yet_evaluated
greenwich-connecticut-18417c5e9074d765,greenwich-connecticut-18417c5e9074d765-general-00230,greenwich-connecticut-18417c5e9074d765-node-002163,Section,185,Sec. 6-143. NON-CONFORMING YARDS.,nonconformity,Sec. 6-143. NON-CONFORMING YARDS.,33,Sec. 6-143. NON-CONFORMING YARDS.,scope_not_yet_evaluated
greenwich-connecticut-18417c5e9074d765,greenwich-connecticut-18417c5e9074d765-general-00231,greenwich-connecticut-18417c5e9074d765-node-002184,Subsection,188,(a),administration,(a) The purpose of this section is to permit accessory buildings to be placed on commercial,91,(a) The purpose of this section is to permit accessory buildings to be placed on commercial,scope_not_yet_evaluated
greenwich-connecticut-18417c5e9074d765,greenwich-connecticut-18417c5e9074d765-general-00232,greenwich-connecticut-18417c5e9074d765-node-002210,Section,191,Sec. 6-153. RESIDENTIAL ZONE REGULATIONS: EXCEPTION.,dimensional_exception,Sec. 6-153. RESIDENTIAL ZONE REGULATIONS: EXCEPTION.,52,Sec. 6-153. RESIDENTIAL ZONE REGULATIONS: EXCEPTION.,scope_not_yet_evaluated
greenwich-connecticut-18417c5e9074d765,greenwich-connecticut-18417c5e9074d765-general-00233,greenwich-connecticut-18417c5e9074d765-node-002248,Subsection,195,"(2) The Planning and Zoning Commission may, at its discretion, require that bicycle racks be",administration,"(2) The Planning and Zoning Commission may, at its discretion, require that bicycle racks be",92,"(2) The Planning and Zoning Commission may, at its discretion, require that bicycle racks be",scope_not_yet_evaluated
greenwich-connecticut-18417c5e9074d765,greenwich-connecticut-18417c5e9074d765-general-00234,greenwich-connecticut-18417c5e9074d765-node-002264,Subsection,198,(c),dimensional_exception,(c) The provisions of this section shall not be applicable where exception is authorized in,91,(c) The provisions of this section shall not be applicable where exception is authorized in,scope_not_yet_evaluated
greenwich-connecticut-18417c5e9074d765,greenwich-connecticut-18417c5e9074d765-general-00235,greenwich-connecticut-18417c5e9074d765-node-002284,Section,200,Sec. 6-162.1 ELECTRIC VEHICLE OFF-STREET PARKING REQUIREMENTS,parking,Sec. 6-162.1 ELECTRIC VEHICLE OFF-STREET PARKING REQUIREMENTS,61,Sec. 6-162.1 ELECTRIC VEHICLE OFF-STREET PARKING REQUIREMENTS,scope_not_yet_evaluated
greenwich-connecticut-18417c5e9074d765,greenwich-connecticut-18417c5e9074d765-general-00236,greenwich-connecticut-18417c5e9074d765-node-002314,Subsection,203,(3),administration,(3) before a building permit will be issued for any construction on the premises;,81,(3) before a building permit will be issued for any construction on the premises;,scope_not_yet_evaluated
greenwich-connecticut-18417c5e9074d765,greenwich-connecticut-18417c5e9074d765-general-00237,greenwich-connecticut-18417c5e9074d765-node-002319,Subsection,204,(h),administration,"(h) A sign that was constructed, installed, or maintained in conformity with a permit which has",95,"(h) A sign that was constructed, installed, or maintained in conformity with a permit which has",scope_not_yet_evaluated
greenwich-connecticut-18417c5e9074d765,greenwich-connecticut-18417c5e9074d765-general-00238,greenwich-connecticut-18417c5e9074d765-node-002379,Subsection,209,(h),definitions,(h) The location of flags excepted from the definition of a sign in Section 6-5(44) shall be,92,(h) The location of flags excepted from the definition of a sign in Section 6-5(44) shall be,scope_not_yet_evaluated
greenwich-connecticut-18417c5e9074d765,greenwich-connecticut-18417c5e9074d765-general-00239,greenwich-connecticut-18417c5e9074d765-node-002402,Section,211,Sec. 6-175. PERMIT PROCEDURE.,administration,Sec. 6-175. PERMIT PROCEDURE.,29,Sec. 6-175. PERMIT PROCEDURE.,scope_not_yet_evaluated
greenwich-connecticut-18417c5e9074d765,greenwich-connecticut-18417c5e9074d765-general-00240,greenwich-connecticut-18417c5e9074d765-node-002403,Subsection,211,(a),administration,"(a) A permit shall be required for the erection, relocation or alteration of a sign as listed in Sections",105,"(a) A permit shall be required for the erection, relocation or alteration of a sign as listed in Sections",scope_not_yet_evaluated
greenwich-connecticut-18417c5e9074d765,greenwich-connecticut-18417c5e9074d765-general-00241,greenwich-connecticut-18417c5e9074d765-node-002404,Subsection,211,(b),administration,(b) After issuance of a permit for erection of a sign with removable panels or letters for advertising,102,(b) After issuance of a permit for erection of a sign with removable panels or letters for advertising,scope_not_yet_evaluated
greenwich-connecticut-18417c5e9074d765,greenwich-connecticut-18417c5e9074d765-general-00242,greenwich-connecticut-18417c5e9074d765-node-002406,Subsection,211,"(1) year only, with the privilege of renewal by the Zoning Enforcement Officer without",administration,"(1) year only, with the privilege of renewal by the Zoning Enforcement Officer without",86,"(1) year only, with the privilege of renewal by the Zoning Enforcement Officer without",scope_not_yet_evaluated
greenwich-connecticut-18417c5e9074d765,greenwich-connecticut-18417c5e9074d765-general-00243,greenwich-connecticut-18417c5e9074d765-node-002416,Subsection,212,(e),dimensional_exception | administration,(e) Any use requiring a special permit or special exception.,60,(e) Any use requiring a special permit or special exception.,scope_not_yet_evaluated
greenwich-connecticut-18417c5e9074d765,greenwich-connecticut-18417c5e9074d765-general-00244,greenwich-connecticut-18417c5e9074d765-node-002433,Section,214,Sec. 6-180. DEFINITIONS,definitions,Sec. 6-180. DEFINITIONS,23,Sec. 6-180. DEFINITIONS,scope_not_yet_evaluated
greenwich-connecticut-18417c5e9074d765,greenwich-connecticut-18417c5e9074d765-general-00245,greenwich-connecticut-18417c5e9074d765-node-002434,Subsection,214,(a),definitions,(a) Caliper means a standard trunk diameter measurement for trees. Caliper measurements are,91,(a) Caliper means a standard trunk diameter measurement for trees. Caliper measurements are,scope_not_yet_evaluated
greenwich-connecticut-18417c5e9074d765,greenwich-connecticut-18417c5e9074d765-general-00246,greenwich-connecticut-18417c5e9074d765-node-002435,Subsection,214,(b),definitions,"(b) DBH means Diameter at Breast Height, a point on the tree stem four and one-half feet",88,"(b) DBH means Diameter at Breast Height, a point on the tree stem four and one-half feet",scope_not_yet_evaluated
greenwich-connecticut-18417c5e9074d765,greenwich-connecticut-18417c5e9074d765-general-00247,greenwich-connecticut-18417c5e9074d765-node-002436,Subsection,214,(c),definitions,(c) Development means any construction or grading activities to improved or unimproved real,91,(c) Development means any construction or grading activities to improved or unimproved real,scope_not_yet_evaluated
greenwich-connecticut-18417c5e9074d765,greenwich-connecticut-18417c5e9074d765-general-00248,greenwich-connecticut-18417c5e9074d765-node-002437,Subsection,214,(d),definitions,(d) Disturbed area means an area where the ground cover is destroyed or removed and the,87,(d) Disturbed area means an area where the ground cover is destroyed or removed and the,scope_not_yet_evaluated
greenwich-connecticut-18417c5e9074d765,greenwich-connecticut-18417c5e9074d765-general-00249,greenwich-connecticut-18417c5e9074d765-node-002438,Subsection,214,(e),definitions,(e) Herbaceous plant means a plant without woody above-ground parts,67,(e) Herbaceous plant means a plant without woody above-ground parts,scope_not_yet_evaluated
greenwich-connecticut-18417c5e9074d765,greenwich-connecticut-18417c5e9074d765-general-00250,greenwich-connecticut-18417c5e9074d765-node-002439,Subsection,214,(f),definitions,"(f) Invasive species means any species that is not native to that ecosystem, including its seeds,",97,"(f) Invasive species means any species that is not native to that ecosystem, including its seeds,",scope_not_yet_evaluated
greenwich-connecticut-18417c5e9074d765,greenwich-connecticut-18417c5e9074d765-general-00251,greenwich-connecticut-18417c5e9074d765-node-002440,Subsection,214,(g),definitions,(g) Native species means a plant that is a part of the balance of nature that has developed over,96,(g) Native species means a plant that is a part of the balance of nature that has developed over,scope_not_yet_evaluated
greenwich-connecticut-18417c5e9074d765,greenwich-connecticut-18417c5e9074d765-general-00252,greenwich-connecticut-18417c5e9074d765-node-002441,Subsection,214,(h),definitions,(h) Parking Island means a vegetated area with a minimum dimension of six (6) feet by twelve,92,(h) Parking Island means a vegetated area with a minimum dimension of six (6) feet by twelve,scope_not_yet_evaluated
greenwich-connecticut-18417c5e9074d765,greenwich-connecticut-18417c5e9074d765-general-00253,greenwich-connecticut-18417c5e9074d765-node-002443,Subsection,214,(i),definitions,(i) Parking Lot means an area for the maneuvering and parking of automobiles,76,(i) Parking Lot means an area for the maneuvering and parking of automobiles,scope_not_yet_evaluated
greenwich-connecticut-18417c5e9074d765,greenwich-connecticut-18417c5e9074d765-general-00254,greenwich-connecticut-18417c5e9074d765-node-002444,Subsection,214,(j),definitions,"(j) Shrub means low woody plants, usually with multiple shoots or stems emanating from their",92,"(j) Shrub means low woody plants, usually with multiple shoots or stems emanating from their",scope_not_yet_evaluated
greenwich-connecticut-18417c5e9074d765,greenwich-connecticut-18417c5e9074d765-general-00255,greenwich-connecticut-18417c5e9074d765-node-002445,Subsection,214,(k),definitions,"(k) Tree means any living species of woody perennial plant, including its root system.",86,"(k) Tree means any living species of woody perennial plant, including its root system.",scope_not_yet_evaluated
greenwich-connecticut-18417c5e9074d765,greenwich-connecticut-18417c5e9074d765-general-00256,greenwich-connecticut-18417c5e9074d765-node-002466,Section,217,Sec. 6-183. APPROVAL OF SCREENING FOR NON-CONFORMING USES,nonconformity,Sec. 6-183. APPROVAL OF SCREENING FOR NON-CONFORMING USES,57,Sec. 6-183. APPROVAL OF SCREENING FOR NON-CONFORMING USES,scope_not_yet_evaluated
greenwich-connecticut-18417c5e9074d765,greenwich-connecticut-18417c5e9074d765-general-00257,greenwich-connecticut-18417c5e9074d765-node-002469,Section,219,Sec. 6-183.1. DEFINITIONS.,definitions,Sec. 6-183.1. DEFINITIONS.,26,Sec. 6-183.1. DEFINITIONS.,scope_not_yet_evaluated
greenwich-connecticut-18417c5e9074d765,greenwich-connecticut-18417c5e9074d765-general-00258,greenwich-connecticut-18417c5e9074d765-node-002470,Subsection,219,(1),definitions | administration,"(1) “Certification” means a signed, written approval by the Planning and Zoning Commission or its",97,"(1) “Certification” means a signed, written approval by the Planning and Zoning Commission or its",scope_not_yet_evaluated
greenwich-connecticut-18417c5e9074d765,greenwich-connecticut-18417c5e9074d765-general-00259,greenwich-connecticut-18417c5e9074d765-node-002471,Subsection,219,(2),definitions | administration,(2) “Commission” means the Planning and Zoning Commission of the Town of Greenwich.,83,(2) “Commission” means the Planning and Zoning Commission of the Town of Greenwich.,scope_not_yet_evaluated
greenwich-connecticut-18417c5e9074d765,greenwich-connecticut-18417c5e9074d765-general-00260,greenwich-connecticut-18417c5e9074d765-node-002472,Subsection,219,(3),definitions,(3) County Soil and Water Conservation District” means the Fairfield County Soil and Water,90,(3) County Soil and Water Conservation District” means the Fairfield County Soil and Water,scope_not_yet_evaluated
greenwich-connecticut-18417c5e9074d765,greenwich-connecticut-18417c5e9074d765-general-00261,greenwich-connecticut-18417c5e9074d765-node-002473,Subsection,219,(4),definitions,(4) “Development” means any construction or grading activities to improved or unimproved real,93,(4) “Development” means any construction or grading activities to improved or unimproved real,scope_not_yet_evaluated
greenwich-connecticut-18417c5e9074d765,greenwich-connecticut-18417c5e9074d765-general-00262,greenwich-connecticut-18417c5e9074d765-node-002474,Subsection,219,(5),definitions,(5) “Disturbed area” means an area where the ground cover is destroyed or removed leaving the land,98,(5) “Disturbed area” means an area where the ground cover is destroyed or removed leaving the land,scope_not_yet_evaluated
greenwich-connecticut-18417c5e9074d765,greenwich-connecticut-18417c5e9074d765-general-00263,greenwich-connecticut-18417c5e9074d765-node-002475,Subsection,219,(6),definitions,"(6) “Erosion” means the detachment and movement of soil or rock fragments by water, wind, ice or",96,"(6) “Erosion” means the detachment and movement of soil or rock fragments by water, wind, ice or",scope_not_yet_evaluated
greenwich-connecticut-18417c5e9074d765,greenwich-connecticut-18417c5e9074d765-general-00264,greenwich-connecticut-18417c5e9074d765-node-002476,Subsection,219,(7),definitions,"(7) “Grading” means any excavating, grubbing, filling (including hydraulic fill) or stockpiling of earth",104,"(7) “Grading” means any excavating, grubbing, filling (including hydraulic fill) or stockpiling of earth",scope_not_yet_evaluated
greenwich-connecticut-18417c5e9074d765,greenwich-connecticut-18417c5e9074d765-general-00265,greenwich-connecticut-18417c5e9074d765-node-002477,Subsection,219,(8),definitions,(8) “Inspection” means the periodic review of sediment and erosion control measures shown on the,96,(8) “Inspection” means the periodic review of sediment and erosion control measures shown on the,scope_not_yet_evaluated
greenwich-connecticut-18417c5e9074d765,greenwich-connecticut-18417c5e9074d765-general-00266,greenwich-connecticut-18417c5e9074d765-node-002478,Subsection,219,(9),definitions,"(9) “Sediment” means solid material, either mineral or organic, that is in suspension, is transported, or",105,"(9) “Sediment” means solid material, either mineral or organic, that is in suspension, is transported, or",scope_not_yet_evaluated
greenwich-connecticut-18417c5e9074d765,greenwich-connecticut-18417c5e9074d765-general-00267,greenwich-connecticut-18417c5e9074d765-node-002479,Subsection,219,(10) “Soil” means any unconsolidated mineral or organic material of any origin.,definitions,(10) “Soil” means any unconsolidated mineral or organic material of any origin.,79,(10) “Soil” means any unconsolidated mineral or organic material of any origin.,scope_not_yet_evaluated
greenwich-connecticut-18417c5e9074d765,greenwich-connecticut-18417c5e9074d765-general-00268,greenwich-connecticut-18417c5e9074d765-node-002480,Subsection,219,(11) “Soil Erosion and Sediment Control Plan” means a scheme that minimizes soil erosion and,definitions,(11) “Soil Erosion and Sediment Control Plan” means a scheme that minimizes soil erosion and,92,(11) “Soil Erosion and Sediment Control Plan” means a scheme that minimizes soil erosion and,scope_not_yet_evaluated
greenwich-connecticut-18417c5e9074d765,greenwich-connecticut-18417c5e9074d765-general-00269,greenwich-connecticut-18417c5e9074d765-node-002491,Subsection,220,(D) The Planning and Zoning Commission may waive any of the requirements of Sec. 183.4(2)B,administration,(D) The Planning and Zoning Commission may waive any of the requirements of Sec. 183.4(2)B,90,(D) The Planning and Zoning Commission may waive any of the requirements of Sec. 183.4(2)B,scope_not_yet_evaluated
greenwich-connecticut-18417c5e9074d765,greenwich-connecticut-18417c5e9074d765-general-00270,greenwich-connecticut-18417c5e9074d765-node-002499,Subsection,221,(1),administration,(1) The Planning and Zoning Commission or its designated agent shall either certify that the soil,97,(1) The Planning and Zoning Commission or its designated agent shall either certify that the soil,scope_not_yet_evaluated
greenwich-connecticut-18417c5e9074d765,greenwich-connecticut-18417c5e9074d765-general-00271,greenwich-connecticut-18417c5e9074d765-node-002549,Subsection,227,(a),administration,(a) Establishments selling or distributing alcohol under all permit types defined by the Liquor Control Act,107,(a) Establishments selling or distributing alcohol under all permit types defined by the Liquor Control Act,scope_not_yet_evaluated
greenwich-connecticut-18417c5e9074d765,greenwich-connecticut-18417c5e9074d765-general-00272,greenwich-connecticut-18417c5e9074d765-node-002550,Subsection,227,(1) Public areas of an establishment distributing alcohol under a Restaurant or Tavern Permit in the,administration,(1) Public areas of an establishment distributing alcohol under a Restaurant or Tavern Permit in the,100,(1) Public areas of an establishment distributing alcohol under a Restaurant or Tavern Permit in the,scope_not_yet_evaluated
greenwich-connecticut-18417c5e9074d765,greenwich-connecticut-18417c5e9074d765-general-00273,greenwich-connecticut-18417c5e9074d765-node-002579,Section,233,"SEC. 6-205. SCHEDULE OF REQUIRED OPEN SPACES, LIMITING HEIGHTS AND BULK OF BUILDINGS.",dimensional_exception,"BUILDINGS. special location location and be be FRONTAGE OF to to exception house house ft. ft. SIZE BULK 200 150 at at LOT width width measured measured special AND ft. ft. ft. ft. MINIMUM ft. ft. ft. ft. ft. 125 125 125 100 Lot Lot 60 60 60 80 65 HEIGHTS to applicable family ft. 21-5. Acres Acres 20,000 12,000 AREA Acre 7,500 3,600 2,400 ft. ft. ft. ft. ft. LIMITING sq. sq. sq. sq. sq. sq. AND per 1 7,500 2 4 zones 21-4 RA-2 SPACES, PAGES ft. ft. HEIGHT FEET ft. ft. ft. ft. the 37½ 47½ 35 35 50 40 ft. ft. ft. in 35 35 40 SEE OPEN 0.075 MAXIMUM ASTERISKS, STORIES of REQUIRED FAR ZONES 2-1/2 2-1/2 2-1/2 3-1/2 3-1/2 2-1/2 2-1/2 2-1/2 and 4 AND RESIDENTIAL RA-4, OF other NOTES Dwellings. SCHEDULE 6-98.1(a)(2) in and family) family) 0.05 ZONE PERTINENT groups uses)1 family) family) family) family) family) family) of (Multi-family (a) 7(d) two two Section FAR 6-205. permitted Dwelling §6-205 Note (Single, (Single, (Single (Single (Single (Single (Single (Single R-MF RA-2 RA-1 RA-4 – R-20 R-12 R-7 R-6 See SEC. Note *See FOR 1",1035,"BUILDINGS. special location location and be be FRONTAGE OF to to exception house house ft. ft. SIZE BULK 200 150 at at LOT width width measured measured special AND ft. ft. ft. ft. MINIMUM ft. ft. ft. ft. ft. 125 125 125 100 Lot Lot 60 60 60 80 65 HEIGHTS to applicable family ft. 21-5. Acres Acres 20,000 12,000 AREA Acre 7,500 3,600 2,400 ft. ft. ft. ft. ft. LIMITING sq. sq. sq. sq. sq. sq. AND per 1 7,500 2 4 zones 21-4 RA-2 SPACES, PAGES ft. ft. HEIGHT FEET ft. ft. ft. ft. the 37½ 47½ 35 35 50 40 ft. ft. ft. in 35 35 40 SEE OPEN 0.075 MAXIMUM ASTERISKS, STORIES of REQUIRED FAR ZONES 2-1/2 2-1/2 2-1/2 3-1/2 3-1/2 2-1/2 2-1/2 2-1/2 and 4 AND RESIDENTIAL RA-4, OF other NOTES Dwellings. SCHEDULE 6-98.1(a)(2) in and family) family) 0.05 ZONE PERTINENT groups uses)1 family) family) family) family) family) family) of (Multi-family (a) 7(d) two two Section FAR 6-205. permitted Dwelling §6-205 Note (Single, (Single, (Single (Single (Single (Single (Single (Single R-MF RA-2 RA-1 RA-4 – R-20 R-12 R-7 R-6 See SEC. Note *See FOR 1",scope_not_yet_evaluated
greenwich-connecticut-18417c5e9074d765,greenwich-connecticut-18417c5e9074d765-general-00274,greenwich-connecticut-18417c5e9074d765-node-002601,Subsection,235,(a),administration,"*** (a) .9 FAR for an existing structure found by the Planning and Zoning Commission, after",91,"*** (a) .9 FAR for an existing structure found by the Planning and Zoning Commission, after",scope_not_yet_evaluated
greenwich-connecticut-18417c5e9074d765,greenwich-connecticut-18417c5e9074d765-general-00275,greenwich-connecticut-18417c5e9074d765-node-002602,Subsection,235,(b),administration,(b) .9 FAR for a use group 2a for which an application for preliminary site plan approval has,93,(b) .9 FAR for a use group 2a for which an application for preliminary site plan approval has,scope_not_yet_evaluated
greenwich-connecticut-18417c5e9074d765,greenwich-connecticut-18417c5e9074d765-general-00276,greenwich-connecticut-18417c5e9074d765-node-002605,Subsection,236,(1),administration,"(1) No special permit use specified in 6-94(b) shall be closer than 2,500 feet to a use",87,"(1) No special permit use specified in 6-94(b) shall be closer than 2,500 feet to a use",scope_not_yet_evaluated
greenwich-connecticut-18417c5e9074d765,greenwich-connecticut-18417c5e9074d765-general-00277,greenwich-connecticut-18417c5e9074d765-node-002635,Section,272,Section 6-,definitions,Section 6- Amend the definition of Commercial nursery 10/25/2017,64,Section 6- Amend the definition of Commercial nursery 10/25/2017,scope_not_yet_evaluated
greenwich-connecticut-18417c5e9074d765,greenwich-connecticut-18417c5e9074d765-general-00278,greenwich-connecticut-18417c5e9074d765-node-002637,Section,272,Section 6-,administration,"Section 6- To permit recreation facilities, fitness clubs, gyms, and group fitness 9/27/17",90,"Section 6- To permit recreation facilities, fitness clubs, gyms, and group fitness 9/27/17",scope_not_yet_evaluated
greenwich-connecticut-18417c5e9074d765,greenwich-connecticut-18417c5e9074d765-general-00279,greenwich-connecticut-18417c5e9074d765-node-002643,Section,272,Section 6-,definitions,Section 6- Remove definition of half story 8/9/2017,51,Section 6- Remove definition of half story 8/9/2017,scope_not_yet_evaluated
greenwich-connecticut-18417c5e9074d765,greenwich-connecticut-18417c5e9074d765-general-00280,greenwich-connecticut-18417c5e9074d765-node-002644,Section,272,Section 6-,definitions,Section 6- Create definition of half story 8/9/2017,51,Section 6- Create definition of half story 8/9/2017,scope_not_yet_evaluated
greenwich-connecticut-18417c5e9074d765,greenwich-connecticut-18417c5e9074d765-general-00281,greenwich-connecticut-18417c5e9074d765-node-002654,Section,273,Section 6-,dimensional_exception,Section 6- Add waiver of prohibition for entrance/exit from a business use 12/16/2016,85,Section 6- Add waiver of prohibition for entrance/exit from a business use 12/16/2016,scope_not_yet_evaluated
greenwich-connecticut-18417c5e9074d765,greenwich-connecticut-18417c5e9074d765-general-00282,greenwich-connecticut-18417c5e9074d765-node-002656,Section,273,Section 6-,nonconformity,Section 6- Modify Section 6-141(a). Non-Conforming Building and Use: 9/16/2016,78,Section 6- Modify Section 6-141(a). Non-Conforming Building and Use: 9/16/2016,scope_not_yet_evaluated
greenwich-connecticut-18417c5e9074d765,greenwich-connecticut-18417c5e9074d765-general-00283,greenwich-connecticut-18417c5e9074d765-node-002666,Title,275,"title to ""Zoning Enforcement Officer"" and Director, Planning and",administration,"title to ""Zoning Enforcement Officer"" and Director, Planning and",64,"title to ""Zoning Enforcement Officer"" and Director, Planning and",scope_not_yet_evaluated
greenwich-connecticut-18417c5e9074d765,greenwich-connecticut-18417c5e9074d765-general-00284,greenwich-connecticut-18417c5e9074d765-node-002667,Title,275,"title to ""Zoning Enforcement Officer"". Delete ""…per the FAR",administration,"title to ""Zoning Enforcement Officer"". Delete ""…per the FAR",59,"title to ""Zoning Enforcement Officer"". Delete ""…per the FAR",scope_not_yet_evaluated
greenwich-connecticut-18417c5e9074d765,greenwich-connecticut-18417c5e9074d765-general-00285,greenwich-connecticut-18417c5e9074d765-node-002668,Title,275,"title to ""Zoning Enforcement Officer""",administration,"title to ""Zoning Enforcement Officer""",37,"title to ""Zoning Enforcement Officer""",scope_not_yet_evaluated
greenwich-connecticut-18417c5e9074d765,greenwich-connecticut-18417c5e9074d765-general-00286,greenwich-connecticut-18417c5e9074d765-node-002674,Subsection,280,(B) iii,nonconformity,(B) iii vertical addition within a non-conforming yard.,55,(B) iii vertical addition within a non-conforming yard.,scope_not_yet_evaluated
greenwich-connecticut-18417c5e9074d765,greenwich-connecticut-18417c5e9074d765-general-00287,greenwich-connecticut-18417c5e9074d765-node-002680,Subsection,291,(52) walk-in Medical Clinic.,definitions,Definitions (52) walk-in Medical Clinic.,40,Definitions (52) walk-in Medical Clinic.,scope_not_yet_evaluated
greenwich-connecticut-18417c5e9074d765,greenwich-connecticut-18417c5e9074d765-general-00288,greenwich-connecticut-18417c5e9074d765-node-002690,Section,300,Sec. 6-43.1 Special Permit- Zoning Rights For Congregate Housing.,administration,6-5(11.1) Sec. 6-43.1 Special Permit- Zoning Rights For Congregate Housing.,75,6-5(11.1) Sec. 6-43.1 Special Permit- Zoning Rights For Congregate Housing.,scope_not_yet_evaluated
greenwich-connecticut-18417c5e9074d765,greenwich-connecticut-18417c5e9074d765-general-00289,greenwich-connecticut-18417c5e9074d765-node-002692,Subsection,303,(b) .9 FAR for any use group 2a. for which an application for,administration,(b) .9 FAR for any use group 2a. for which an application for,61,(b) .9 FAR for any use group 2a. for which an application for,scope_not_yet_evaluated
greenwich-connecticut-18417c5e9074d765,greenwich-connecticut-18417c5e9074d765-general-00290,greenwich-connecticut-18417c5e9074d765-node-002696,Subsection,309,(a) Whenever a building permit is issued for a building (to be,administration,(a) Whenever a building permit is issued for a building (to be,62,(a) Whenever a building permit is issued for a building (to be,scope_not_yet_evaluated
