document_id,table_id,page_number,candidate_table_index_on_page,detection_strategy,bbox_x0,bbox_y0,bbox_x1,bbox_y1,row_count,col_count,nonempty_cell_count,total_cell_count,nonempty_cell_ratio,whole_page_span_flag,initial_confidence,page_layout_type,complex_layout_context,table_dominant_page,is_retained,rejection_reason,review_status,header_external
bridgeport-connecticut-afe7c678fa5dfc85,bridgeport-connecticut-afe7c678fa5dfc85-table-003-00,3,0,text,44.822784423828125,117.62732696533203,389.00048828125,765.7642211914062,33,3,48,99,0.485,True,0.105,single_column,False,False,False,whole_page_span_likely_false_positive,weak_or_rejected,False
bridgeport-connecticut-afe7c678fa5dfc85,bridgeport-connecticut-afe7c678fa5dfc85-table-005-00,5,0,text,104.94000244140625,117.42427825927734,463.8150329589844,765.7642211914062,5,4,16,20,0.8,True,0.105,single_column,False,False,False,whole_page_span_likely_false_positive,weak_or_rejected,False
bridgeport-connecticut-afe7c678fa5dfc85,bridgeport-connecticut-afe7c678fa5dfc85-table-006-00,6,0,text,40.32809829711914,85.58773040771484,559.1419067382812,765.9483032226562,65,10,370,650,0.569,True,0.105,multi_column_or_complex,True,False,False,whole_page_span_likely_false_positive,weak_or_rejected,False
bridgeport-connecticut-afe7c678fa5dfc85,bridgeport-connecticut-afe7c678fa5dfc85-table-007-00,7,0,text,45.0,31.66315460205078,572.1155395507812,765.7642211914062,63,10,253,630,0.402,True,0.105,two_column,False,False,False,whole_page_span_likely_false_positive,weak_or_rejected,False
bridgeport-connecticut-afe7c678fa5dfc85,bridgeport-connecticut-afe7c678fa5dfc85-table-009-00,9,0,text,83.63999938964844,112.71471405029297,457.5603942871094,218.7147216796875,9,3,27,27,1.0,False,0.35,single_column,False,False,False,degenerate_shape_or_low_confidence,weak_or_rejected,False
bridgeport-connecticut-afe7c678fa5dfc85,bridgeport-connecticut-afe7c678fa5dfc85-table-010-00,10,0,lines_strict,315.70001220703125,149.80987548828125,564.9500122070312,163.46978759765625,1,2,2,2,1.0,False,0.85,two_column,False,False,False,degenerate_shape_or_low_confidence,weak_or_rejected,False
bridgeport-connecticut-afe7c678fa5dfc85,bridgeport-connecticut-afe7c678fa5dfc85-table-011-00,11,0,text,45.36000061035156,31.66315460205078,556.326904296875,765.7642211914062,72,12,352,864,0.407,True,0.105,two_column,False,False,False,whole_page_span_likely_false_positive,weak_or_rejected,False
bridgeport-connecticut-afe7c678fa5dfc85,bridgeport-connecticut-afe7c678fa5dfc85-table-012-00,12,0,lines_strict,152.82809448242188,403.83489990234375,483.90740966796875,453.5498046875,2,10,12,20,0.6,False,0.85,single_column,False,False,True,,retained_auto,False
bridgeport-connecticut-afe7c678fa5dfc85,bridgeport-connecticut-afe7c678fa5dfc85-table-013-00,13,0,lines_strict,179.25779724121094,429.49481201171875,541.871826171875,450.84991455078125,1,12,12,12,1.0,False,0.85,single_column,False,False,False,degenerate_shape_or_low_confidence,weak_or_rejected,False
bridgeport-connecticut-afe7c678fa5dfc85,bridgeport-connecticut-afe7c678fa5dfc85-table-014-00,14,0,text,40.32809829711914,44.85451889038086,250.8280487060547,765.9483032226562,36,4,103,144,0.715,False,0.35,single_column,False,False,False,degenerate_shape_or_low_confidence,weak_or_rejected,False
bridgeport-connecticut-afe7c678fa5dfc85,bridgeport-connecticut-afe7c678fa5dfc85-table-015-00,15,0,text,83.63999938964844,88.13319396972656,457.5605163574219,313.8147277832031,19,4,71,76,0.934,False,0.35,single_column,False,False,False,degenerate_shape_or_low_confidence,weak_or_rejected,False
bridgeport-connecticut-afe7c678fa5dfc85,bridgeport-connecticut-afe7c678fa5dfc85-table-016-00,16,0,text,40.5,31.66315460205078,541.17822265625,765.9483032226562,75,9,342,675,0.507,True,0.105,multi_column_or_complex,True,False,False,whole_page_span_likely_false_positive,weak_or_rejected,False
bridgeport-connecticut-afe7c678fa5dfc85,bridgeport-connecticut-afe7c678fa5dfc85-table-017-00,17,0,text,45.0,31.66315460205078,571.673095703125,765.7630615234375,84,11,401,924,0.434,True,0.105,multi_column_or_complex,True,False,False,whole_page_span_likely_false_positive,weak_or_rejected,False
bridgeport-connecticut-afe7c678fa5dfc85,bridgeport-connecticut-afe7c678fa5dfc85-table-018-00,18,0,text,40.5,85.58773040771484,567.000244140625,765.9483032226562,61,13,327,793,0.412,True,0.105,multi_column_or_complex,True,False,False,whole_page_span_likely_false_positive,weak_or_rejected,False
bridgeport-connecticut-afe7c678fa5dfc85,bridgeport-connecticut-afe7c678fa5dfc85-table-019-00,19,0,lines,44.86499938964844,399.4099487304687,294.2233479817708,531.3692932128906,8,2,16,16,1.0,False,0.65,single_column,False,False,True,,retained_low_confidence_review,False
bridgeport-connecticut-afe7c678fa5dfc85,bridgeport-connecticut-afe7c678fa5dfc85-table-020-00,20,0,lines_strict,245.2239212036133,124.51220703125,433.79840698242185,312.73541259765625,5,4,3,20,0.15,False,0.85,single_column,False,False,True,,retained_auto,False
bridgeport-connecticut-afe7c678fa5dfc85,bridgeport-connecticut-afe7c678fa5dfc85-table-020-01,20,1,lines_strict,72.27000045776367,337.08089167897293,433.79840698242185,490.96359634399414,9,11,30,99,0.303,False,0.85,single_column,False,False,True,,retained_auto,False
bridgeport-connecticut-afe7c678fa5dfc85,bridgeport-connecticut-afe7c678fa5dfc85-table-021-00,21,0,lines_strict,266.20731026785717,123.2318115234375,454.7998962402344,282.6897110284543,5,4,1,20,0.05,False,0.85,single_column,False,False,False,degenerate_shape_or_low_confidence,weak_or_rejected,False
bridgeport-connecticut-afe7c678fa5dfc85,bridgeport-connecticut-afe7c678fa5dfc85-table-022-00,22,0,lines_strict,212.4860076904297,117.948486328125,240.42469787597656,319.4068908691406,4,2,2,8,0.25,False,0.85,single_column,False,False,False,degenerate_shape_or_low_confidence,weak_or_rejected,False
bridgeport-connecticut-afe7c678fa5dfc85,bridgeport-connecticut-afe7c678fa5dfc85-table-022-01,22,1,lines_strict,250.31667350320254,148.87720947265626,384.6110610961914,295.49124953326054,7,2,0,14,0.0,False,0.85,single_column,False,False,False,degenerate_shape_or_low_confidence,weak_or_rejected,False
bridgeport-connecticut-afe7c678fa5dfc85,bridgeport-connecticut-afe7c678fa5dfc85-table-023-00,23,0,lines_strict,183.3197021484375,115.39501953125,416.1866912841797,146.4795715332031,3,2,0,6,0.0,False,0.85,single_column,False,False,False,degenerate_shape_or_low_confidence,weak_or_rejected,False
bridgeport-connecticut-afe7c678fa5dfc85,bridgeport-connecticut-afe7c678fa5dfc85-table-023-01,23,1,lines_strict,199.0800018310547,214.30154418945312,464.3999938964844,293.5237757364909,5,13,4,65,0.062,False,0.85,single_column,False,False,True,,retained_auto,True
bridgeport-connecticut-afe7c678fa5dfc85,bridgeport-connecticut-afe7c678fa5dfc85-table-024-00,24,0,lines,40.327999114990234,85.625,559.8549525669642,663.7953491210938,36,6,101,216,0.468,True,0.65,single_column,False,False,False,whole_page_span_likely_false_positive,weak_or_rejected,False
bridgeport-connecticut-afe7c678fa5dfc85,bridgeport-connecticut-afe7c678fa5dfc85-table-025-00,25,0,lines_strict,104.322998046875,589.4627075195312,389.46002197265625,700.4854736328125,8,4,1,32,0.031,False,0.85,single_column,False,False,False,degenerate_shape_or_low_confidence,weak_or_rejected,False
bridgeport-connecticut-afe7c678fa5dfc85,bridgeport-connecticut-afe7c678fa5dfc85-table-027-00,27,0,lines_strict,45.125,363.2298889160156,294.625,376.889892578125,1,2,2,2,1.0,False,0.85,single_column,False,False,False,degenerate_shape_or_low_confidence,weak_or_rejected,False
bridgeport-connecticut-afe7c678fa5dfc85,bridgeport-connecticut-afe7c678fa5dfc85-table-028-00,28,0,lines_strict,88.0807113647461,103.59632568359375,303.1283874511719,335.78504435221356,7,2,3,14,0.214,False,0.85,single_column,False,False,True,,retained_auto,False
bridgeport-connecticut-afe7c678fa5dfc85,bridgeport-connecticut-afe7c678fa5dfc85-table-028-01,28,1,lines_strict,376.28258514404297,103.59632568359375,488.63641357421875,263.794921875,5,2,3,10,0.3,False,0.85,single_column,False,False,True,,retained_auto,False
bridgeport-connecticut-afe7c678fa5dfc85,bridgeport-connecticut-afe7c678fa5dfc85-table-028-02,28,2,lines_strict,329.5550537109375,276.447021484375,488.63641357421875,406.7129096984863,4,5,1,20,0.05,False,0.85,single_column,False,False,False,degenerate_shape_or_low_confidence,weak_or_rejected,False
bridgeport-connecticut-afe7c678fa5dfc85,bridgeport-connecticut-afe7c678fa5dfc85-table-029-00,29,0,lines_strict,398.13364664713544,104.047314453125,510.59600830078125,246.39822578430176,3,4,1,12,0.083,False,0.85,single_column,False,False,False,degenerate_shape_or_low_confidence,weak_or_rejected,False
bridgeport-connecticut-afe7c678fa5dfc85,bridgeport-connecticut-afe7c678fa5dfc85-table-029-01,29,1,lines_strict,79.53279876708984,310.4793395996094,264.2027587890625,321.84778248180044,2,4,1,8,0.125,False,0.85,single_column,False,False,False,degenerate_shape_or_low_confidence,weak_or_rejected,True
bridgeport-connecticut-afe7c678fa5dfc85,bridgeport-connecticut-afe7c678fa5dfc85-table-030-00,30,0,lines_strict,324.39019775390625,181.81207275390625,528.2592366536459,300.9935691139915,6,7,6,42,0.143,False,0.85,single_column,False,False,True,,retained_auto,True
bridgeport-connecticut-afe7c678fa5dfc85,bridgeport-connecticut-afe7c678fa5dfc85-table-030-01,30,1,lines_strict,108.125,208.05436197916666,221.99893697102866,300.9935691139915,3,3,4,9,0.444,False,0.85,single_column,False,False,True,,retained_auto,True
bridgeport-connecticut-afe7c678fa5dfc85,bridgeport-connecticut-afe7c678fa5dfc85-table-030-02,30,2,lines_strict,40.5,517.092529296875,610.6019807038484,586.0746040344238,5,7,5,35,0.143,False,0.85,single_column,False,False,True,,retained_auto,False
bridgeport-connecticut-afe7c678fa5dfc85,bridgeport-connecticut-afe7c678fa5dfc85-table-031-00,31,0,lines_strict,41.159871419270836,113.02171325683594,588.2186279296875,337.9548034667969,12,17,4,204,0.02,False,0.85,table_dominant,False,True,True,,retained_auto,False
bridgeport-connecticut-afe7c678fa5dfc85,bridgeport-connecticut-afe7c678fa5dfc85-table-031-01,31,1,lines_strict,315.92202540806363,221.87433624267578,528.4147155761718,312.19518620917137,8,15,3,120,0.025,False,0.85,table_dominant,False,True,True,,retained_auto,False
bridgeport-connecticut-afe7c678fa5dfc85,bridgeport-connecticut-afe7c678fa5dfc85-table-031-02,31,2,lines_strict,41.159871419270836,398.36273803710935,567.343505859375,484.6927361121544,4,13,20,52,0.385,False,0.85,table_dominant,False,True,True,,retained_auto,False
bridgeport-connecticut-afe7c678fa5dfc85,bridgeport-connecticut-afe7c678fa5dfc85-table-031-03,31,3,lines_strict,331.01580810546875,415.67977469308033,357.1228942871094,431.03553161621096,1,3,3,3,1.0,False,0.85,table_dominant,False,True,False,degenerate_shape_or_low_confidence,weak_or_rejected,False
bridgeport-connecticut-afe7c678fa5dfc85,bridgeport-connecticut-afe7c678fa5dfc85-table-031-04,31,4,lines_strict,389.7866668701172,415.67977469308033,417.742670694987,431.03553161621096,1,3,2,3,0.667,False,0.85,table_dominant,False,True,False,degenerate_shape_or_low_confidence,weak_or_rejected,False
bridgeport-connecticut-afe7c678fa5dfc85,bridgeport-connecticut-afe7c678fa5dfc85-table-031-05,31,5,lines_strict,463.33223152160645,415.67977469308033,482.99351501464844,431.03553161621096,1,2,2,2,1.0,False,0.85,table_dominant,False,True,False,degenerate_shape_or_low_confidence,weak_or_rejected,False
bridgeport-connecticut-afe7c678fa5dfc85,bridgeport-connecticut-afe7c678fa5dfc85-table-031-06,31,6,lines_strict,41.159871419270836,527.81103515625,567.343505859375,596.6643134223091,7,14,30,98,0.306,False,0.85,table_dominant,False,True,True,,retained_auto,False
bridgeport-connecticut-afe7c678fa5dfc85,bridgeport-connecticut-afe7c678fa5dfc85-table-032-00,32,0,lines,40.5,85.75,560.77197265625,663.6366489955357,36,3,97,108,0.898,True,0.65,single_column,False,False,False,whole_page_span_likely_false_positive,weak_or_rejected,False
bridgeport-connecticut-afe7c678fa5dfc85,bridgeport-connecticut-afe7c678fa5dfc85-table-033-00,33,0,lines_strict,399.8396911621094,503.79844665527344,495.18096923828125,569.3472290039062,2,2,2,4,0.5,False,0.85,single_column,False,False,False,degenerate_shape_or_low_confidence,weak_or_rejected,False
bridgeport-connecticut-afe7c678fa5dfc85,bridgeport-connecticut-afe7c678fa5dfc85-table-034-00,34,0,lines_strict,77.61479350498745,732.81103515625,290.5646057128906,792.0,5,10,3,50,0.06,False,0.85,single_column,False,False,True,,retained_auto,True
bridgeport-connecticut-afe7c678fa5dfc85,bridgeport-connecticut-afe7c678fa5dfc85-table-035-00,35,0,lines_strict,45.48500061035156,363.2298889160156,294.9849853515625,376.889892578125,1,2,2,2,1.0,False,0.85,single_column,False,False,False,degenerate_shape_or_low_confidence,weak_or_rejected,False
bridgeport-connecticut-afe7c678fa5dfc85,bridgeport-connecticut-afe7c678fa5dfc85-table-036-00,36,0,lines_strict,103.64595286051433,122.3983154296875,233.7135009765625,272.9466484917535,1,2,1,2,0.5,False,0.85,single_column,False,False,False,degenerate_shape_or_low_confidence,weak_or_rejected,False
bridgeport-connecticut-afe7c678fa5dfc85,bridgeport-connecticut-afe7c678fa5dfc85-table-036-01,36,1,lines_strict,93.20399856567383,233.7750244140625,569.1974365234375,472.3764953613281,15,21,43,315,0.137,False,0.85,single_column,False,False,True,,retained_auto,False
bridgeport-connecticut-afe7c678fa5dfc85,bridgeport-connecticut-afe7c678fa5dfc85-table-036-02,36,2,lines_strict,110.00923156738281,255.97835540771484,228.86549377441406,312.73541259765625,5,4,1,20,0.05,False,0.85,single_column,False,False,False,degenerate_shape_or_low_confidence,weak_or_rejected,False
bridgeport-connecticut-afe7c678fa5dfc85,bridgeport-connecticut-afe7c678fa5dfc85-table-036-03,36,3,lines_strict,110.00923156738281,479.56577758789064,569.1974365234375,485.1000569661458,1,2,0,2,0.0,False,0.85,single_column,False,False,False,degenerate_shape_or_low_confidence,weak_or_rejected,False
bridgeport-connecticut-afe7c678fa5dfc85,bridgeport-connecticut-afe7c678fa5dfc85-table-037-00,37,0,lines_strict,330.1402954101562,37.38751220703125,578.3524658203125,375.38201904296875,3,2,3,6,0.5,False,0.85,single_column,False,False,True,,retained_auto,False
bridgeport-connecticut-afe7c678fa5dfc85,bridgeport-connecticut-afe7c678fa5dfc85-table-037-01,37,1,lines_strict,486.99912109375,188.58351440429686,566.9044799804688,259.99594497680664,4,3,3,12,0.25,False,0.85,single_column,False,False,True,,retained_auto,False
bridgeport-connecticut-afe7c678fa5dfc85,bridgeport-connecticut-afe7c678fa5dfc85-table-038-00,38,0,lines_strict,178.40699768066406,137.426513671875,405.1732177734375,302.1383972167969,7,6,7,42,0.167,False,0.85,single_column,False,False,True,,retained_auto,False
bridgeport-connecticut-afe7c678fa5dfc85,bridgeport-connecticut-afe7c678fa5dfc85-table-039-00,39,0,lines_strict,222.63600158691406,210.2935767540565,463.72021484375,273.10608089671416,4,10,2,40,0.05,False,0.85,single_column,False,False,False,degenerate_shape_or_low_confidence,weak_or_rejected,True
bridgeport-connecticut-afe7c678fa5dfc85,bridgeport-connecticut-afe7c678fa5dfc85-table-040-00,40,0,lines,42.624000549316406,85.75,538.2360229492188,680.4142788973721,36,7,102,252,0.405,True,0.65,single_column,False,False,False,whole_page_span_likely_false_positive,weak_or_rejected,False
bridgeport-connecticut-afe7c678fa5dfc85,bridgeport-connecticut-afe7c678fa5dfc85-table-041-00,41,0,lines_strict,334.80999755859375,104.469970703125,508.6728006998698,178.38958740234375,5,2,4,10,0.4,False,0.85,single_column,False,False,True,,retained_auto,False
bridgeport-connecticut-afe7c678fa5dfc85,bridgeport-connecticut-afe7c678fa5dfc85-table-041-01,41,1,lines_strict,178.49217224121094,386.08763885498047,285.4981460571289,510.6216557820638,1,2,2,2,1.0,False,0.85,single_column,False,False,False,degenerate_shape_or_low_confidence,weak_or_rejected,False
bridgeport-connecticut-afe7c678fa5dfc85,bridgeport-connecticut-afe7c678fa5dfc85-table-041-02,41,2,lines_strict,178.49217224121094,550.4151458740234,285.4981460571289,674.2074303260216,1,2,2,2,1.0,False,0.85,single_column,False,False,False,degenerate_shape_or_low_confidence,weak_or_rejected,False
bridgeport-connecticut-afe7c678fa5dfc85,bridgeport-connecticut-afe7c678fa5dfc85-table-041-03,41,3,lines_strict,366.3918762207031,602.0152969360352,560.3172073364258,667.4749959309896,2,2,0,4,0.0,False,0.85,single_column,False,False,False,degenerate_shape_or_low_confidence,weak_or_rejected,False
bridgeport-connecticut-afe7c678fa5dfc85,bridgeport-connecticut-afe7c678fa5dfc85-table-042-00,42,0,text,58.5,44.85451889038086,289.41400146484375,548.0877075195312,43,5,116,215,0.54,False,0.35,single_column,False,False,False,degenerate_shape_or_low_confidence,weak_or_rejected,False
bridgeport-connecticut-afe7c678fa5dfc85,bridgeport-connecticut-afe7c678fa5dfc85-table-043-00,43,0,lines_strict,45.125,363.2298889160156,294.625,376.889892578125,1,2,2,2,1.0,False,0.85,single_column,False,False,False,degenerate_shape_or_low_confidence,weak_or_rejected,False
bridgeport-connecticut-afe7c678fa5dfc85,bridgeport-connecticut-afe7c678fa5dfc85-table-044-00,44,0,lines_strict,246.67939300537108,124.51220703125,435.1528150770399,312.73541259765625,5,5,1,25,0.04,False,0.85,single_column,False,False,False,degenerate_shape_or_low_confidence,weak_or_rejected,False
bridgeport-connecticut-afe7c678fa5dfc85,bridgeport-connecticut-afe7c678fa5dfc85-table-044-01,44,1,lines_strict,73.54379653930664,337.08089167897293,567.0001220703125,489.1586100260417,8,13,32,104,0.308,False,0.85,single_column,False,False,True,,retained_auto,False
bridgeport-connecticut-afe7c678fa5dfc85,bridgeport-connecticut-afe7c678fa5dfc85-table-045-00,45,0,lines_strict,255.61520385742188,123.2318115234375,444.07379150390625,273.9978332519531,1,2,2,2,1.0,False,0.85,single_column,False,False,False,degenerate_shape_or_low_confidence,weak_or_rejected,False
bridgeport-connecticut-afe7c678fa5dfc85,bridgeport-connecticut-afe7c678fa5dfc85-table-045-01,45,1,lines_strict,260.7439880371094,184.30517578125,373.87451171875,269.11624627364307,2,2,1,4,0.25,False,0.85,single_column,False,False,False,degenerate_shape_or_low_confidence,weak_or_rejected,False
bridgeport-connecticut-afe7c678fa5dfc85,bridgeport-connecticut-afe7c678fa5dfc85-table-046-00,46,0,lines_strict,188.1090087890625,105.38739013671875,445.0403533935547,331.4462890625,11,5,6,55,0.109,False,0.85,single_column,False,False,True,,retained_auto,True
bridgeport-connecticut-afe7c678fa5dfc85,bridgeport-connecticut-afe7c678fa5dfc85-table-046-01,46,1,lines_strict,463.9604949951172,138.2357177734375,484.0821990966797,157.76177888758042,1,2,2,2,1.0,False,0.85,single_column,False,False,False,degenerate_shape_or_low_confidence,weak_or_rejected,False
bridgeport-connecticut-afe7c678fa5dfc85,bridgeport-connecticut-afe7c678fa5dfc85-table-046-02,46,2,lines_strict,463.9604949951172,171.856689453125,484.0821990966797,189.52780983664772,1,2,2,2,1.0,False,0.85,single_column,False,False,False,degenerate_shape_or_low_confidence,weak_or_rejected,False
bridgeport-connecticut-afe7c678fa5dfc85,bridgeport-connecticut-afe7c678fa5dfc85-table-046-03,46,3,lines_strict,463.9604949951172,204.2567138671875,484.0821990966797,221.98694957386363,1,2,2,2,1.0,False,0.85,single_column,False,False,False,degenerate_shape_or_low_confidence,weak_or_rejected,False
bridgeport-connecticut-afe7c678fa5dfc85,bridgeport-connecticut-afe7c678fa5dfc85-table-046-04,46,4,lines_strict,463.9604949951172,236.86517333984375,484.0821990966797,254.24066162109375,1,2,0,2,0.0,False,0.85,single_column,False,False,False,degenerate_shape_or_low_confidence,weak_or_rejected,False
bridgeport-connecticut-afe7c678fa5dfc85,bridgeport-connecticut-afe7c678fa5dfc85-table-046-05,46,5,lines_strict,463.9604949951172,268.26922607421875,484.0821990966797,286.17555745442706,1,2,0,2,0.0,False,0.85,single_column,False,False,False,degenerate_shape_or_low_confidence,weak_or_rejected,False
bridgeport-connecticut-afe7c678fa5dfc85,bridgeport-connecticut-afe7c678fa5dfc85-table-047-00,47,0,lines,188.1103973388672,94.529296875,493.56685965401783,332.5677734375,11,6,11,66,0.167,False,0.65,single_column,False,False,True,,retained_low_confidence_review,False
bridgeport-connecticut-afe7c678fa5dfc85,bridgeport-connecticut-afe7c678fa5dfc85-table-047-01,47,1,lines,45.5,346.51991271972656,572.0000203450521,710.8996398925781,10,7,30,70,0.429,False,0.65,single_column,False,False,True,,retained_low_confidence_review,False
bridgeport-connecticut-afe7c678fa5dfc85,bridgeport-connecticut-afe7c678fa5dfc85-table-048-00,48,0,lines,40.327999114990234,87.04713439941406,569.7860107421875,685.0642445882162,36,8,103,288,0.358,True,0.65,single_column,False,False,False,whole_page_span_likely_false_positive,weak_or_rejected,False
bridgeport-connecticut-afe7c678fa5dfc85,bridgeport-connecticut-afe7c678fa5dfc85-table-049-00,49,0,lines,44.827999114990234,100.33001708984375,574.2860107421875,254.76841735839844,10,8,31,80,0.388,False,0.65,single_column,False,False,True,,retained_low_confidence_review,True
bridgeport-connecticut-afe7c678fa5dfc85,bridgeport-connecticut-afe7c678fa5dfc85-table-051-00,51,0,lines,45.225,351.2299377441406,294.5833333333333,483.18929290771484,8,2,16,16,1.0,False,0.65,single_column,False,False,True,,retained_low_confidence_review,False
bridgeport-connecticut-afe7c678fa5dfc85,bridgeport-connecticut-afe7c678fa5dfc85-table-052-00,52,0,lines_strict,106.46999740600586,124.7821044921875,335.824951171875,463.1997782389323,14,11,21,154,0.136,False,0.85,single_column,False,False,True,,retained_auto,False
bridgeport-connecticut-afe7c678fa5dfc85,bridgeport-connecticut-afe7c678fa5dfc85-table-053-00,53,0,lines,45.17359630878155,114.86199951171875,374.66802978515625,306.0061950683594,1,2,1,2,0.5,False,0.65,single_column,False,False,False,degenerate_shape_or_low_confidence,weak_or_rejected,False
bridgeport-connecticut-afe7c678fa5dfc85,bridgeport-connecticut-afe7c678fa5dfc85-table-053-01,53,1,lines,45.17359630878155,347.6499938964844,573.2845546177456,699.2681427001953,20,6,44,120,0.367,False,0.65,single_column,False,False,True,,retained_low_confidence_review,False
bridgeport-connecticut-afe7c678fa5dfc85,bridgeport-connecticut-afe7c678fa5dfc85-table-054-00,54,0,lines_strict,179.54440307617188,149.7401123046875,612.0,301.20379638671875,8,5,5,40,0.125,False,0.85,single_column,False,False,True,,retained_auto,False
bridgeport-connecticut-afe7c678fa5dfc85,bridgeport-connecticut-afe7c678fa5dfc85-table-055-00,55,0,lines_strict,178.8437042236328,145.73931884765625,463.72021484375,301.6807861328125,7,3,5,21,0.238,False,0.85,single_column,False,False,True,,retained_auto,False
bridgeport-connecticut-afe7c678fa5dfc85,bridgeport-connecticut-afe7c678fa5dfc85-table-056-00,56,0,lines,40.41999816894531,85.75,565.9920043945312,678.6579437255859,36,4,99,144,0.688,True,0.65,single_column,False,False,False,whole_page_span_likely_false_positive,weak_or_rejected,False
bridgeport-connecticut-afe7c678fa5dfc85,bridgeport-connecticut-afe7c678fa5dfc85-table-057-00,57,0,lines,44.827999114990234,103.030029296875,570.4000244140625,255.0927472795759,10,4,26,40,0.65,False,0.65,single_column,False,False,True,,retained_low_confidence_review,False
bridgeport-connecticut-afe7c678fa5dfc85,bridgeport-connecticut-afe7c678fa5dfc85-table-059-00,59,0,lines_strict,44.95309829711914,364.4049072265625,294.4530944824219,378.0647888183594,1,2,2,2,1.0,False,0.85,single_column,False,False,False,degenerate_shape_or_low_confidence,weak_or_rejected,False
bridgeport-connecticut-afe7c678fa5dfc85,bridgeport-connecticut-afe7c678fa5dfc85-table-060-00,60,0,lines_strict,114.61199781629774,122.38262939453125,276.52964274088544,306.475136496804,6,5,2,30,0.067,False,0.85,single_column,False,False,False,degenerate_shape_or_low_confidence,weak_or_rejected,False
bridgeport-connecticut-afe7c678fa5dfc85,bridgeport-connecticut-afe7c678fa5dfc85-table-060-01,60,1,lines_strict,104.07754707336426,336.4804596772065,337.4157206217448,474.3504943847656,6,11,20,66,0.303,False,0.85,single_column,False,False,True,,retained_auto,False
bridgeport-connecticut-afe7c678fa5dfc85,bridgeport-connecticut-afe7c678fa5dfc85-table-060-02,60,2,lines_strict,121.78028615315755,361.5055835430439,265.6905517578125,383.5898158861243,1,6,1,6,0.167,False,0.85,single_column,False,False,False,degenerate_shape_or_low_confidence,weak_or_rejected,False
bridgeport-connecticut-afe7c678fa5dfc85,bridgeport-connecticut-afe7c678fa5dfc85-table-061-00,61,0,lines_strict,428.0354766845703,20.39141845703125,519.3549194335938,85.15971120198567,2,5,5,10,0.5,False,0.85,single_column,False,False,True,,retained_auto,False
bridgeport-connecticut-afe7c678fa5dfc85,bridgeport-connecticut-afe7c678fa5dfc85-table-062-00,62,0,lines_strict,143.83200073242188,147.86431884765625,603.6498548719618,311.20379638671875,11,9,9,99,0.091,False,0.85,single_column,False,False,True,,retained_auto,False
bridgeport-connecticut-afe7c678fa5dfc85,bridgeport-connecticut-afe7c678fa5dfc85-table-062-01,62,1,lines_strict,389.0651041666667,196.6581827799479,409.18701171875,214.28506673177083,1,2,0,2,0.0,False,0.85,single_column,False,False,False,degenerate_shape_or_low_confidence,weak_or_rejected,False
bridgeport-connecticut-afe7c678fa5dfc85,bridgeport-connecticut-afe7c678fa5dfc85-table-062-02,62,2,lines_strict,389.0651041666667,229.26666259765625,409.18701171875,246.50310872395832,1,2,0,2,0.0,False,0.85,single_column,False,False,False,degenerate_shape_or_low_confidence,weak_or_rejected,False
bridgeport-connecticut-afe7c678fa5dfc85,bridgeport-connecticut-afe7c678fa5dfc85-table-062-03,62,3,lines_strict,389.0651041666667,260.670654296875,409.18701171875,277.9586486816406,1,2,0,2,0.0,False,0.85,single_column,False,False,False,degenerate_shape_or_low_confidence,weak_or_rejected,False
bridgeport-connecticut-afe7c678fa5dfc85,bridgeport-connecticut-afe7c678fa5dfc85-table-063-00,63,0,lines_strict,108.80897521972656,163.83182017008463,465.72021484375,279.99572504216974,6,8,1,48,0.021,False,0.85,single_column,False,False,False,degenerate_shape_or_low_confidence,weak_or_rejected,False
bridgeport-connecticut-afe7c678fa5dfc85,bridgeport-connecticut-afe7c678fa5dfc85-table-064-00,64,0,lines,40.374000549316406,85.75,568.1519810267857,670.616929796007,36,5,100,180,0.556,True,0.65,single_column,False,False,False,whole_page_span_likely_false_positive,weak_or_rejected,False
bridgeport-connecticut-afe7c678fa5dfc85,bridgeport-connecticut-afe7c678fa5dfc85-table-065-00,65,0,lines_strict,0.0,98.67159340598367,572.6060180664062,357.3617935180664,15,23,45,345,0.13,False,0.85,table_dominant,False,True,True,,retained_auto,False
bridgeport-connecticut-afe7c678fa5dfc85,bridgeport-connecticut-afe7c678fa5dfc85-table-065-01,65,1,lines_strict,0.0,383.5095977783203,265.16129218207465,631.6032802036831,9,8,19,72,0.264,False,0.85,table_dominant,False,True,True,,retained_auto,False
bridgeport-connecticut-afe7c678fa5dfc85,bridgeport-connecticut-afe7c678fa5dfc85-table-065-02,65,2,lines_strict,121.11839456761138,730.5993390764509,253.3647356535259,764.7803867885044,2,6,1,12,0.083,False,0.85,table_dominant,False,True,False,degenerate_shape_or_low_confidence,weak_or_rejected,False
bridgeport-connecticut-afe7c678fa5dfc85,bridgeport-connecticut-afe7c678fa5dfc85-table-066-00,66,0,text,40.32809829711914,85.58773040771484,289.41400146484375,765.9483032226562,22,7,86,154,0.558,False,0.35,single_column,False,False,False,degenerate_shape_or_low_confidence,weak_or_rejected,False
bridgeport-connecticut-afe7c678fa5dfc85,bridgeport-connecticut-afe7c678fa5dfc85-table-067-00,67,0,lines_strict,45.125,363.2298889160156,294.625,376.889892578125,1,2,2,2,1.0,False,0.85,single_column,False,False,False,degenerate_shape_or_low_confidence,weak_or_rejected,False
bridgeport-connecticut-afe7c678fa5dfc85,bridgeport-connecticut-afe7c678fa5dfc85-table-068-00,68,0,lines_strict,106.78689956665039,126.4324951171875,567.3046875,476.62672306941107,14,10,25,140,0.179,False,0.85,single_column,False,False,True,,retained_auto,False
bridgeport-connecticut-afe7c678fa5dfc85,bridgeport-connecticut-afe7c678fa5dfc85-table-069-00,69,0,lines,45.125,347.1300048828125,571.8561604817709,662.0152893066406,17,6,37,102,0.363,False,0.65,single_column,False,False,True,,retained_low_confidence_review,False
bridgeport-connecticut-afe7c678fa5dfc85,bridgeport-connecticut-afe7c678fa5dfc85-table-070-00,70,0,lines_strict,160.5,133.959716796875,607.3930053710938,301.138427734375,9,14,10,126,0.079,False,0.85,single_column,False,False,True,,retained_auto,False
bridgeport-connecticut-afe7c678fa5dfc85,bridgeport-connecticut-afe7c678fa5dfc85-table-071-00,71,0,lines_strict,219.56791469029017,203.73128255208334,468.2157897949219,273.31892876876026,6,10,2,60,0.033,False,0.85,single_column,False,False,False,degenerate_shape_or_low_confidence,weak_or_rejected,True
bridgeport-connecticut-afe7c678fa5dfc85,bridgeport-connecticut-afe7c678fa5dfc85-table-072-00,72,0,lines,40.86000061035156,85.75,568.1519775390625,671.7284469604492,36,4,99,144,0.688,True,0.65,single_column,False,False,False,whole_page_span_likely_false_positive,weak_or_rejected,False
bridgeport-connecticut-afe7c678fa5dfc85,bridgeport-connecticut-afe7c678fa5dfc85-table-073-00,73,0,lines_strict,44.82809829711914,143.8016326904297,573.0181884765625,429.04857381184894,13,14,37,182,0.203,False,0.85,table_dominant,False,True,True,,retained_auto,False
bridgeport-connecticut-afe7c678fa5dfc85,bridgeport-connecticut-afe7c678fa5dfc85-table-073-01,73,1,lines_strict,168.83100382486978,443.3330315483941,306.90331268310547,635.1248931884766,2,4,5,8,0.625,False,0.85,table_dominant,False,True,True,,retained_auto,False
bridgeport-connecticut-afe7c678fa5dfc85,bridgeport-connecticut-afe7c678fa5dfc85-table-073-02,73,2,lines_strict,398.6773986816406,476.71116420200894,522.37451171875,682.97216796875,9,10,2,90,0.022,False,0.85,table_dominant,False,True,False,degenerate_shape_or_low_confidence,weak_or_rejected,False
bridgeport-connecticut-afe7c678fa5dfc85,bridgeport-connecticut-afe7c678fa5dfc85-table-075-00,75,0,lines,45.053018951416014,387.2299377441406,294.41139729817706,519.1892852783203,8,2,16,16,1.0,False,0.65,single_column,False,False,True,,retained_low_confidence_review,False
bridgeport-connecticut-afe7c678fa5dfc85,bridgeport-connecticut-afe7c678fa5dfc85-table-076-00,76,0,lines_strict,313.3887481689453,86.37420654296875,589.6466064453125,311.86062067205256,9,15,6,135,0.044,False,0.85,single_column,False,False,True,,retained_auto,False
bridgeport-connecticut-afe7c678fa5dfc85,bridgeport-connecticut-afe7c678fa5dfc85-table-076-01,76,1,lines_strict,117.04124450683594,139.37868612404637,214.2807418823242,286.92211151123047,5,4,2,20,0.1,False,0.85,single_column,False,False,False,degenerate_shape_or_low_confidence,weak_or_rejected,False
bridgeport-connecticut-afe7c678fa5dfc85,bridgeport-connecticut-afe7c678fa5dfc85-table-076-02,76,2,lines_strict,106.49139785766602,322.7501417371962,362.3409118652344,498.04938252766925,13,13,36,169,0.213,False,0.85,single_column,False,False,True,,retained_auto,False
bridgeport-connecticut-afe7c678fa5dfc85,bridgeport-connecticut-afe7c678fa5dfc85-table-077-00,77,0,lines,355.93030340021306,0.0,611.3583984375,124.13449374112216,5,7,0,35,0.0,False,0.65,single_column,False,False,False,degenerate_shape_or_low_confidence,weak_or_rejected,False
bridgeport-connecticut-afe7c678fa5dfc85,bridgeport-connecticut-afe7c678fa5dfc85-table-077-01,77,1,lines,45.0,346.8500061035156,571.6019999186198,657.8013102213541,17,7,38,119,0.319,False,0.65,single_column,False,False,True,,retained_low_confidence_review,False
bridgeport-connecticut-afe7c678fa5dfc85,bridgeport-connecticut-afe7c678fa5dfc85-table-078-00,78,0,lines_strict,120.05400085449219,132.959716796875,346.3208923339844,283.94036865234375,8,8,5,64,0.078,False,0.85,single_column,False,False,True,,retained_auto,False
bridgeport-connecticut-afe7c678fa5dfc85,bridgeport-connecticut-afe7c678fa5dfc85-table-079-00,79,0,lines_strict,201.4154052734375,210.2423075358073,295.1741994222005,273.15286174573396,3,7,2,21,0.095,False,0.85,single_column,False,False,False,degenerate_shape_or_low_confidence,weak_or_rejected,False
bridgeport-connecticut-afe7c678fa5dfc85,bridgeport-connecticut-afe7c678fa5dfc85-table-079-01,79,1,lines_strict,295.1741994222005,210.2423075358073,463.72021484375,273.15286174573396,2,5,2,10,0.2,False,0.85,single_column,False,False,False,degenerate_shape_or_low_confidence,weak_or_rejected,True
bridgeport-connecticut-afe7c678fa5dfc85,bridgeport-connecticut-afe7c678fa5dfc85-table-080-00,80,0,lines,40.374000549316406,85.75,567.1260375976562,670.8518880208334,36,5,100,180,0.556,True,0.65,single_column,False,False,False,whole_page_span_likely_false_positive,weak_or_rejected,False
bridgeport-connecticut-afe7c678fa5dfc85,bridgeport-connecticut-afe7c678fa5dfc85-table-081-00,81,0,lines,45.0,107.16998291015625,571.7520141601562,261.56223551432294,10,5,28,50,0.56,False,0.65,single_column,False,False,True,,retained_low_confidence_review,False
bridgeport-connecticut-afe7c678fa5dfc85,bridgeport-connecticut-afe7c678fa5dfc85-table-083-00,83,0,lines,45.585000610351564,387.2299377441406,294.9433186848958,519.1892852783203,8,2,16,16,1.0,False,0.65,single_column,False,False,True,,retained_low_confidence_review,False
bridgeport-connecticut-afe7c678fa5dfc85,bridgeport-connecticut-afe7c678fa5dfc85-table-084-00,84,0,lines_strict,303.02520751953125,88.36199951171875,579.505615234375,314.0795043945312,11,14,3,154,0.019,False,0.85,single_column,False,False,True,,retained_auto,False
bridgeport-connecticut-afe7c678fa5dfc85,bridgeport-connecticut-afe7c678fa5dfc85-table-084-01,84,1,lines_strict,116.02902475992839,141.43916176946877,213.99339294433594,277.722607421875,1,2,2,2,1.0,False,0.85,single_column,False,False,False,degenerate_shape_or_low_confidence,weak_or_rejected,False
bridgeport-connecticut-afe7c678fa5dfc85,bridgeport-connecticut-afe7c678fa5dfc85-table-084-02,84,2,lines_strict,127.90534973144531,254.63758850097656,200.4542999267578,307.869189453125,4,3,1,12,0.083,False,0.85,single_column,False,False,False,degenerate_shape_or_low_confidence,weak_or_rejected,False
bridgeport-connecticut-afe7c678fa5dfc85,bridgeport-connecticut-afe7c678fa5dfc85-table-084-03,84,3,lines_strict,105.54919815063477,323.3287875705295,335.824951171875,476.4107971191406,6,9,18,54,0.333,False,0.85,single_column,False,False,True,,retained_auto,True
bridgeport-connecticut-afe7c678fa5dfc85,bridgeport-connecticut-afe7c678fa5dfc85-table-085-00,85,0,lines_strict,344.0979817708333,73.37933858235677,612.0,375.38201904296875,5,12,1,60,0.017,False,0.85,single_column,False,False,False,degenerate_shape_or_low_confidence,weak_or_rejected,True
bridgeport-connecticut-afe7c678fa5dfc85,bridgeport-connecticut-afe7c678fa5dfc85-table-086-00,86,0,lines_strict,308.7229919433594,188.7340087890625,612.0,312.09568786621094,6,10,7,60,0.117,False,0.85,single_column,False,False,True,,retained_auto,False
bridgeport-connecticut-afe7c678fa5dfc85,bridgeport-connecticut-afe7c678fa5dfc85-table-086-01,86,1,lines_strict,0.8305666446685791,195.93482971191406,230.03390502929688,281.0906546456473,5,5,3,25,0.12,False,0.85,single_column,False,False,True,,retained_auto,False
bridgeport-connecticut-afe7c678fa5dfc85,bridgeport-connecticut-afe7c678fa5dfc85-table-086-02,86,2,lines_strict,183.79330907549178,312.09568786621094,238.7960968017578,407.05667252974075,1,2,1,2,0.5,False,0.85,single_column,False,False,False,degenerate_shape_or_low_confidence,weak_or_rejected,False
bridgeport-connecticut-afe7c678fa5dfc85,bridgeport-connecticut-afe7c678fa5dfc85-table-087-00,87,0,lines_strict,234.8090057373047,26.596044540405273,488.22979736328125,78.97536044650607,2,5,1,10,0.1,False,0.85,single_column,False,False,False,degenerate_shape_or_low_confidence,weak_or_rejected,False
bridgeport-connecticut-afe7c678fa5dfc85,bridgeport-connecticut-afe7c678fa5dfc85-table-087-01,87,1,lines_strict,136.14315795898438,221.43717447916666,461.9624938964844,281.27421417236326,4,19,3,76,0.039,False,0.85,single_column,False,False,True,,retained_auto,False
bridgeport-connecticut-afe7c678fa5dfc85,bridgeport-connecticut-afe7c678fa5dfc85-table-087-02,87,2,lines_strict,251.8040008544922,318.2162301199777,325.0666079313859,359.9201253255208,5,3,1,15,0.067,False,0.85,single_column,False,False,False,degenerate_shape_or_low_confidence,weak_or_rejected,True
bridgeport-connecticut-afe7c678fa5dfc85,bridgeport-connecticut-afe7c678fa5dfc85-table-088-00,88,0,lines,39.766998291015625,85.75,568.1519496372767,663.5885096958706,36,3,98,108,0.907,True,0.65,single_column,False,False,False,whole_page_span_likely_false_positive,weak_or_rejected,False
bridgeport-connecticut-afe7c678fa5dfc85,bridgeport-connecticut-afe7c678fa5dfc85-table-089-00,89,0,lines_strict,0.6774272918701172,129.3759765625,573.2127075195312,389.04180908203125,15,10,20,150,0.133,False,0.85,single_column,False,False,True,,retained_auto,False
bridgeport-connecticut-afe7c678fa5dfc85,bridgeport-connecticut-afe7c678fa5dfc85-table-089-01,89,1,lines_strict,55.73985460069444,520.7968139648438,244.44173583984374,687.4889193448154,8,13,3,104,0.029,False,0.85,single_column,False,False,True,,retained_auto,True
bridgeport-connecticut-afe7c678fa5dfc85,bridgeport-connecticut-afe7c678fa5dfc85-table-090-00,90,0,text,40.32809829711914,31.66315460205078,294.8270568847656,765.9483032226562,26,7,107,182,0.588,False,0.35,single_column,False,False,False,degenerate_shape_or_low_confidence,weak_or_rejected,False
bridgeport-connecticut-afe7c678fa5dfc85,bridgeport-connecticut-afe7c678fa5dfc85-table-091-00,91,0,lines_strict,45.29690170288086,339.2298889160156,294.7969055175781,352.889892578125,1,2,2,2,1.0,False,0.85,single_column,False,False,False,degenerate_shape_or_low_confidence,weak_or_rejected,False
bridgeport-connecticut-afe7c678fa5dfc85,bridgeport-connecticut-afe7c678fa5dfc85-table-092-00,92,0,lines_strict,103.29940032958984,129.3065185546875,566.8751220703125,463.0953063964844,14,10,19,140,0.136,False,0.85,single_column,False,False,True,,retained_auto,True
bridgeport-connecticut-afe7c678fa5dfc85,bridgeport-connecticut-afe7c678fa5dfc85-table-093-00,93,0,lines_strict,164.85009384155273,102.510986328125,353.0032958984375,291.6564542982313,5,6,0,30,0.0,False,0.85,single_column,False,False,False,degenerate_shape_or_low_confidence,weak_or_rejected,False
bridgeport-connecticut-afe7c678fa5dfc85,bridgeport-connecticut-afe7c678fa5dfc85-table-094-00,94,0,lines_strict,40.32809829711914,135.35638427734375,566.8751220703125,424.2539916992188,4,9,4,36,0.111,False,0.85,single_column,False,False,True,,retained_auto,False
bridgeport-connecticut-afe7c678fa5dfc85,bridgeport-connecticut-afe7c678fa5dfc85-table-094-01,94,1,lines_strict,428.88861083984375,357.6077880859375,459.55159759521484,374.5257873535156,1,3,3,3,1.0,False,0.85,single_column,False,False,False,degenerate_shape_or_low_confidence,weak_or_rejected,False
bridgeport-connecticut-afe7c678fa5dfc85,bridgeport-connecticut-afe7c678fa5dfc85-table-094-02,94,2,lines_strict,420.2806091308594,384.3657938639323,566.8751220703125,415.5155883789063,2,6,5,12,0.417,False,0.85,single_column,False,False,True,,retained_auto,True
bridgeport-connecticut-afe7c678fa5dfc85,bridgeport-connecticut-afe7c678fa5dfc85-table-094-03,94,3,lines_strict,428.88861083984375,392.67430114746094,459.55159759521484,407.18109130859375,1,3,3,3,1.0,False,0.85,single_column,False,False,False,degenerate_shape_or_low_confidence,weak_or_rejected,False
bridgeport-connecticut-afe7c678fa5dfc85,bridgeport-connecticut-afe7c678fa5dfc85-table-094-04,94,4,lines_strict,516.2342987060547,392.67430114746094,545.4531860351562,407.18109130859375,1,3,3,3,1.0,False,0.85,single_column,False,False,False,degenerate_shape_or_low_confidence,weak_or_rejected,False
bridgeport-connecticut-afe7c678fa5dfc85,bridgeport-connecticut-afe7c678fa5dfc85-table-095-00,95,0,lines_strict,199.3948974609375,161.18734741210938,378.3551940917969,273.25402450561523,3,4,2,12,0.167,False,0.85,single_column,False,False,False,degenerate_shape_or_low_confidence,weak_or_rejected,False
bridgeport-connecticut-afe7c678fa5dfc85,bridgeport-connecticut-afe7c678fa5dfc85-table-095-01,95,1,lines_strict,301.56685638427734,354.9548034667969,330.78611246744794,371.872802734375,2,3,4,6,0.667,False,0.85,single_column,False,False,True,,retained_auto,False
bridgeport-connecticut-afe7c678fa5dfc85,bridgeport-connecticut-afe7c678fa5dfc85-table-095-02,95,2,lines_strict,215.27090072631836,390.5758361816406,244.8841667175293,404.52801513671875,2,3,0,6,0.0,False,0.85,single_column,False,False,False,degenerate_shape_or_low_confidence,weak_or_rejected,False
bridgeport-connecticut-afe7c678fa5dfc85,bridgeport-connecticut-afe7c678fa5dfc85-table-095-03,95,3,lines_strict,262.43080139160156,390.5758361816406,282.0814514160156,413.2977325439453,1,3,0,3,0.0,False,0.85,single_column,False,False,False,degenerate_shape_or_low_confidence,weak_or_rejected,False
bridgeport-connecticut-afe7c678fa5dfc85,bridgeport-connecticut-afe7c678fa5dfc85-table-095-04,95,4,lines_strict,301.56685638427734,390.5758361816406,330.78611246744794,404.52801513671875,1,3,0,3,0.0,False,0.85,single_column,False,False,False,degenerate_shape_or_low_confidence,weak_or_rejected,False
bridgeport-connecticut-afe7c678fa5dfc85,bridgeport-connecticut-afe7c678fa5dfc85-table-096-00,96,0,lines,40.41999816894531,85.75,565.9199829101562,669.0825544084821,36,3,98,108,0.907,True,0.65,single_column,False,False,False,whole_page_span_likely_false_positive,weak_or_rejected,False
bridgeport-connecticut-afe7c678fa5dfc85,bridgeport-connecticut-afe7c678fa5dfc85-table-097-00,97,0,lines,45.36000061035156,106.08502197265625,570.8599853515625,261.509268624442,10,3,26,30,0.867,False,0.65,single_column,False,False,True,,retained_low_confidence_review,False
bridgeport-connecticut-afe7c678fa5dfc85,bridgeport-connecticut-afe7c678fa5dfc85-table-099-00,99,0,lines,45.585000610351564,327.2299377441406,294.9433186848958,459.18929290771484,8,2,16,16,1.0,False,0.65,single_column,False,False,True,,retained_low_confidence_review,False
bridgeport-connecticut-afe7c678fa5dfc85,bridgeport-connecticut-afe7c678fa5dfc85-table-100-00,100,0,lines_strict,117.894041273329,123.58587646484375,247.3675994873047,274.00225830078125,1,2,2,2,1.0,False,0.85,single_column,False,False,False,degenerate_shape_or_low_confidence,weak_or_rejected,False
bridgeport-connecticut-afe7c678fa5dfc85,bridgeport-connecticut-afe7c678fa5dfc85-table-100-01,100,1,lines_strict,107.45129776000977,337.1127252346132,566.2677001953125,490.256103515625,9,11,18,99,0.182,False,0.85,single_column,False,False,True,,retained_auto,False
bridgeport-connecticut-afe7c678fa5dfc85,bridgeport-connecticut-afe7c678fa5dfc85-table-101-00,101,0,lines_strict,140.4510040283203,123.73828125,284.6158142089844,273.87644449869794,1,2,1,2,0.5,False,0.85,single_column,False,False,False,degenerate_shape_or_low_confidence,weak_or_rejected,False
bridgeport-connecticut-afe7c678fa5dfc85,bridgeport-connecticut-afe7c678fa5dfc85-table-102-00,102,0,lines_strict,48.85819880167643,199.8748779296875,218.4438018798828,281.5551768335803,3,5,4,15,0.267,False,0.85,single_column,False,False,True,,retained_auto,False
bridgeport-connecticut-afe7c678fa5dfc85,bridgeport-connecticut-afe7c678fa5dfc85-table-102-01,102,1,lines_strict,294.6961975097656,199.8748779296875,456.5144958496094,281.5551768335803,4,6,5,24,0.208,False,0.85,single_column,False,False,True,,retained_auto,False
bridgeport-connecticut-afe7c678fa5dfc85,bridgeport-connecticut-afe7c678fa5dfc85-table-102-02,102,2,lines_strict,1.5769428525652205,324.7190856933594,567.0010620117188,435.7097930908203,3,5,5,15,0.333,False,0.85,single_column,False,False,True,,retained_auto,False
bridgeport-connecticut-afe7c678fa5dfc85,bridgeport-connecticut-afe7c678fa5dfc85-table-103-00,103,0,lines_strict,6.350399971008301,199.9058837890625,296.56168038504467,280.02787136501735,4,9,2,36,0.056,False,0.85,single_column,False,False,False,degenerate_shape_or_low_confidence,weak_or_rejected,False
bridgeport-connecticut-afe7c678fa5dfc85,bridgeport-connecticut-afe7c678fa5dfc85-table-103-01,103,1,lines_strict,202.94024658203125,301.8125,415.7196960449219,401.820771484375,9,7,4,63,0.063,False,0.85,single_column,False,False,True,,retained_auto,True
bridgeport-connecticut-afe7c678fa5dfc85,bridgeport-connecticut-afe7c678fa5dfc85-table-103-02,103,2,lines_strict,206.23460388183594,440.93697248186385,571.1113891601562,482.4953867594401,4,6,5,24,0.208,False,0.85,single_column,False,False,True,,retained_auto,False
bridgeport-connecticut-afe7c678fa5dfc85,bridgeport-connecticut-afe7c678fa5dfc85-table-104-00,104,0,lines,40.374000549316406,85.75,567.3599888392857,677.0533970424107,36,3,98,108,0.907,True,0.65,two_column,False,False,False,whole_page_span_likely_false_positive,weak_or_rejected,False
bridgeport-connecticut-afe7c678fa5dfc85,bridgeport-connecticut-afe7c678fa5dfc85-table-105-00,105,0,lines,45.0,113.28997802734375,571.9859619140625,267.5875752766927,10,3,25,30,0.833,False,0.65,single_column,False,False,True,,retained_low_confidence_review,False
bridgeport-connecticut-afe7c678fa5dfc85,bridgeport-connecticut-afe7c678fa5dfc85-table-107-00,107,0,lines,45.225,327.2299377441406,294.5833333333333,459.18929290771484,8,2,16,16,1.0,False,0.65,single_column,False,False,True,,retained_low_confidence_review,False
bridgeport-connecticut-afe7c678fa5dfc85,bridgeport-connecticut-afe7c678fa5dfc85-table-108-00,108,0,lines_strict,69.04880015055339,103.282763671875,283.86827392578124,350.57497989430146,5,4,4,20,0.2,False,0.85,single_column,False,False,True,,retained_auto,False
bridgeport-connecticut-afe7c678fa5dfc85,bridgeport-connecticut-afe7c678fa5dfc85-table-108-01,108,1,lines_strict,328.3392639160156,103.282763671875,450.2529703776042,382.19643147786456,9,7,8,63,0.127,False,0.85,single_column,False,False,True,,retained_auto,False
bridgeport-connecticut-afe7c678fa5dfc85,bridgeport-connecticut-afe7c678fa5dfc85-table-109-00,109,0,lines_strict,88.16861724853516,309.2462364402977,254.97578048706055,320.5247065226237,2,2,0,4,0.0,False,0.85,single_column,False,False,False,degenerate_shape_or_low_confidence,weak_or_rejected,False
bridgeport-connecticut-afe7c678fa5dfc85,bridgeport-connecticut-afe7c678fa5dfc85-table-109-01,109,1,lines_strict,0.0,383.41650390625,362.7356414794922,452.66597420828685,8,18,12,144,0.083,False,0.85,single_column,False,False,True,,retained_auto,True
bridgeport-connecticut-afe7c678fa5dfc85,bridgeport-connecticut-afe7c678fa5dfc85-table-109-02,109,2,lines_strict,188.27349853515625,402.6563008626302,204.49520874023438,415.8206329345703,1,2,0,2,0.0,False,0.85,single_column,False,False,False,degenerate_shape_or_low_confidence,weak_or_rejected,False
bridgeport-connecticut-afe7c678fa5dfc85,bridgeport-connecticut-afe7c678fa5dfc85-table-110-00,110,0,lines_strict,179.54440307617188,152.22222900390625,445.0957489013672,273.41596069335935,4,4,3,16,0.188,False,0.85,single_column,False,False,True,,retained_auto,False
bridgeport-connecticut-afe7c678fa5dfc85,bridgeport-connecticut-afe7c678fa5dfc85-table-111-00,111,0,lines_strict,66.23430156707764,202.3330337524414,522.6417236328125,283.8266906738281,8,20,1,160,0.006,False,0.85,single_column,False,False,False,degenerate_shape_or_low_confidence,weak_or_rejected,False
bridgeport-connecticut-afe7c678fa5dfc85,bridgeport-connecticut-afe7c678fa5dfc85-table-112-00,112,0,lines,40.24800109863281,93.8499755859375,554.9480015345982,686.6784973144531,36,4,99,144,0.688,True,0.65,single_column,False,False,False,whole_page_span_likely_false_positive,weak_or_rejected,False
bridgeport-connecticut-afe7c678fa5dfc85,bridgeport-connecticut-afe7c678fa5dfc85-table-113-00,113,0,lines,43.91999816894531,111.1300048828125,558.6199951171875,265.4678431919643,10,4,26,40,0.65,False,0.65,single_column,False,False,True,,retained_low_confidence_review,False
bridgeport-connecticut-afe7c678fa5dfc85,bridgeport-connecticut-afe7c678fa5dfc85-table-115-00,115,0,lines_strict,45.48500061035156,372.2298889160156,294.9849853515625,385.889892578125,1,2,2,2,1.0,False,0.85,single_column,False,False,False,degenerate_shape_or_low_confidence,weak_or_rejected,False
bridgeport-connecticut-afe7c678fa5dfc85,bridgeport-connecticut-afe7c678fa5dfc85-table-116-00,116,0,lines_strict,258.8035312228733,126.3167724609375,447.5267605251736,323.38405354817706,4,4,3,16,0.188,False,0.85,single_column,False,False,True,,retained_auto,False
bridgeport-connecticut-afe7c678fa5dfc85,bridgeport-connecticut-afe7c678fa5dfc85-table-116-01,116,1,lines_strict,248.1018524169922,340.9075012207031,447.5267605251736,492.7681579589844,5,6,13,30,0.433,False,0.85,single_column,False,False,True,,retained_auto,True
bridgeport-connecticut-afe7c678fa5dfc85,bridgeport-connecticut-afe7c678fa5dfc85-table-116-02,116,2,lines_strict,102.34677378336589,399.59716138652726,165.3363037109375,466.1808624267578,2,2,3,4,0.75,False,0.85,single_column,False,False,True,,retained_auto,False
bridgeport-connecticut-afe7c678fa5dfc85,bridgeport-connecticut-afe7c678fa5dfc85-table-116-03,116,3,lines_strict,264.16734313964844,498.6466979980469,566.7308959960938,519.3650512695312,2,2,1,4,0.25,False,0.85,single_column,False,False,False,degenerate_shape_or_low_confidence,weak_or_rejected,False
bridgeport-connecticut-afe7c678fa5dfc85,bridgeport-connecticut-afe7c678fa5dfc85-table-117-00,117,0,lines_strict,261.48667399088544,126.26046752929688,450.0367126464844,289.3479580349392,5,5,1,25,0.04,False,0.85,single_column,False,False,False,degenerate_shape_or_low_confidence,weak_or_rejected,False
bridgeport-connecticut-afe7c678fa5dfc85,bridgeport-connecticut-afe7c678fa5dfc85-table-118-00,118,0,lines_strict,209.33999633789062,96.46881103515625,563.0399780273438,352.8074035644531,10,11,10,110,0.091,False,0.85,single_column,False,False,True,,retained_auto,True
bridgeport-connecticut-afe7c678fa5dfc85,bridgeport-connecticut-afe7c678fa5dfc85-table-118-01,118,1,lines_strict,0.0,146.16021728515625,271.427490234375,303.11376953125,1,2,2,2,1.0,False,0.85,single_column,False,False,False,degenerate_shape_or_low_confidence,weak_or_rejected,False
bridgeport-connecticut-afe7c678fa5dfc85,bridgeport-connecticut-afe7c678fa5dfc85-table-118-02,118,2,lines_strict,55.056819152832034,211.05462900797525,130.67806098574684,245.94979858398438,2,2,1,4,0.25,False,0.85,single_column,False,False,False,degenerate_shape_or_low_confidence,weak_or_rejected,True
bridgeport-connecticut-afe7c678fa5dfc85,bridgeport-connecticut-afe7c678fa5dfc85-table-119-00,119,0,lines_strict,422.55039978027344,22.699951171875,444.5110656738281,39.876686096191406,1,2,1,2,0.5,False,0.85,single_column,False,False,False,degenerate_shape_or_low_confidence,weak_or_rejected,False
bridgeport-connecticut-afe7c678fa5dfc85,bridgeport-connecticut-afe7c678fa5dfc85-table-119-01,119,1,lines_strict,490.7741050720215,22.699951171875,509.07671610514325,56.941009409287396,2,2,2,4,0.5,False,0.85,single_column,False,False,False,degenerate_shape_or_low_confidence,weak_or_rejected,False
bridgeport-connecticut-afe7c678fa5dfc85,bridgeport-connecticut-afe7c678fa5dfc85-table-119-02,119,2,lines_strict,559.0423889160156,22.699951171875,579.1646728515625,39.876686096191406,1,2,1,2,0.5,False,0.85,single_column,False,False,False,degenerate_shape_or_low_confidence,weak_or_rejected,False
bridgeport-connecticut-afe7c678fa5dfc85,bridgeport-connecticut-afe7c678fa5dfc85-table-120-00,120,0,lines,40.327999114990234,68.70975070529514,566.4680228097099,682.7777756911057,36,9,104,324,0.321,True,0.65,single_column,False,False,False,whole_page_span_likely_false_positive,weak_or_rejected,False
bridgeport-connecticut-afe7c678fa5dfc85,bridgeport-connecticut-afe7c678fa5dfc85-table-121-00,121,0,lines,45.0,109.69000244140625,571.1400282118055,300.13933621920074,10,9,32,90,0.356,False,0.65,single_column,False,False,True,,retained_low_confidence_review,False
bridgeport-connecticut-afe7c678fa5dfc85,bridgeport-connecticut-afe7c678fa5dfc85-table-122-00,122,0,text,58.5,44.85451889038086,287.44744873046875,465.5877685546875,35,6,139,210,0.662,False,0.35,single_column,False,False,False,degenerate_shape_or_low_confidence,weak_or_rejected,False
bridgeport-connecticut-afe7c678fa5dfc85,bridgeport-connecticut-afe7c678fa5dfc85-table-123-00,123,0,lines,45.07801151275635,270.2299499511719,294.3280487060547,385.28966267903644,7,2,8,14,0.571,False,0.65,multi_column_or_complex,True,False,True,,retained_complex_layout_review,False
bridgeport-connecticut-afe7c678fa5dfc85,bridgeport-connecticut-afe7c678fa5dfc85-table-124-00,124,0,lines,40.86000061035156,85.75,567.9719848632812,638.0340837751116,26,5,46,130,0.354,True,0.65,single_column,False,False,False,whole_page_span_likely_false_positive,weak_or_rejected,False
bridgeport-connecticut-afe7c678fa5dfc85,bridgeport-connecticut-afe7c678fa5dfc85-table-125-00,125,0,lines,44.694000244140625,85.75,571.8060302734375,364.3169904436384,15,5,30,75,0.4,False,0.65,single_column,False,False,True,,retained_low_confidence_review,False
bridgeport-connecticut-afe7c678fa5dfc85,bridgeport-connecticut-afe7c678fa5dfc85-table-126-00,126,0,lines,40.86000061035156,85.75,566.0999755859375,678.4779052734375,36,4,99,144,0.688,True,0.65,single_column,False,False,False,whole_page_span_likely_false_positive,weak_or_rejected,False
bridgeport-connecticut-afe7c678fa5dfc85,bridgeport-connecticut-afe7c678fa5dfc85-table-127-00,127,0,lines,45.0,109.69000244140625,570.239990234375,264.027840750558,10,4,26,40,0.65,False,0.65,single_column,False,False,True,,retained_low_confidence_review,False
bridgeport-connecticut-afe7c678fa5dfc85,bridgeport-connecticut-afe7c678fa5dfc85-table-129-00,129,0,lines,45.07801151275635,270.2299499511719,294.3280487060547,385.28966267903644,7,2,8,14,0.571,False,0.65,single_column,False,False,True,,retained_low_confidence_review,False
bridgeport-connecticut-afe7c678fa5dfc85,bridgeport-connecticut-afe7c678fa5dfc85-table-130-00,130,0,lines,40.86000061035156,84.1300048828125,571.4320068359375,638.3300170898438,20,6,43,120,0.358,True,0.65,single_column,False,False,False,whole_page_span_likely_false_positive,weak_or_rejected,False
bridgeport-connecticut-afe7c678fa5dfc85,bridgeport-connecticut-afe7c678fa5dfc85-table-131-00,131,0,lines,45.0,85.75,575.572021484375,393.37022399902344,15,6,31,90,0.344,False,0.65,single_column,False,False,True,,retained_low_confidence_review,False
bridgeport-connecticut-afe7c678fa5dfc85,bridgeport-connecticut-afe7c678fa5dfc85-table-132-00,132,0,lines,40.86000061035156,85.75,567.4199829101562,676.7578938802084,36,5,100,180,0.556,True,0.65,single_column,False,False,False,whole_page_span_likely_false_positive,weak_or_rejected,False
bridgeport-connecticut-afe7c678fa5dfc85,bridgeport-connecticut-afe7c678fa5dfc85-table-133-00,133,0,lines,44.827999114990234,104.6500244140625,571.3880004882812,261.0714569091797,10,5,27,50,0.54,False,0.65,single_column,False,False,True,,retained_low_confidence_review,False
bridgeport-connecticut-afe7c678fa5dfc85,bridgeport-connecticut-afe7c678fa5dfc85-table-134-00,134,0,text,40.5,85.58773040771484,567.000244140625,765.9483032226562,63,12,382,756,0.505,True,0.105,multi_column_or_complex,True,False,False,whole_page_span_likely_false_positive,weak_or_rejected,False
bridgeport-connecticut-afe7c678fa5dfc85,bridgeport-connecticut-afe7c678fa5dfc85-table-135-00,135,0,text,45.0,31.66315460205078,571.6728515625,765.7630615234375,75,13,358,975,0.367,True,0.105,two_column,False,False,False,whole_page_span_likely_false_positive,weak_or_rejected,False
bridgeport-connecticut-afe7c678fa5dfc85,bridgeport-connecticut-afe7c678fa5dfc85-table-136-00,136,0,text,40.5,31.66315460205078,560.5900268554688,662.0877075195312,61,8,188,488,0.385,True,0.105,two_column,False,False,False,whole_page_span_likely_false_positive,weak_or_rejected,False
bridgeport-connecticut-afe7c678fa5dfc85,bridgeport-connecticut-afe7c678fa5dfc85-table-137-00,137,0,text,45.36000061035156,31.66315460205078,569.8215942382812,707.6008911132812,74,10,280,740,0.378,True,0.105,two_column,False,False,False,whole_page_span_likely_false_positive,weak_or_rejected,False
bridgeport-connecticut-afe7c678fa5dfc85,bridgeport-connecticut-afe7c678fa5dfc85-table-138-00,138,0,text,58.31999969482422,85.0477523803711,551.66015625,765.9483032226562,67,12,381,804,0.474,True,0.105,multi_column_or_complex,True,False,False,whole_page_span_likely_false_positive,weak_or_rejected,False
bridgeport-connecticut-afe7c678fa5dfc85,bridgeport-connecticut-afe7c678fa5dfc85-table-139-00,139,0,text,64.08000183105469,31.66315460205078,571.6728515625,765.7630615234375,61,10,206,610,0.338,True,0.105,two_column,False,False,False,whole_page_span_likely_false_positive,weak_or_rejected,False
bridgeport-connecticut-afe7c678fa5dfc85,bridgeport-connecticut-afe7c678fa5dfc85-table-141-00,141,0,text,84.0,108.21471405029297,457.9205017089844,190.2147216796875,7,3,21,21,1.0,False,0.35,single_column,False,False,False,degenerate_shape_or_low_confidence,weak_or_rejected,False
bridgeport-connecticut-afe7c678fa5dfc85,bridgeport-connecticut-afe7c678fa5dfc85-table-142-00,142,0,text,40.32809829711914,85.9430923461914,557.698486328125,765.9483032226562,71,11,398,781,0.51,True,0.105,multi_column_or_complex,True,False,False,whole_page_span_likely_false_positive,weak_or_rejected,False
bridgeport-connecticut-afe7c678fa5dfc85,bridgeport-connecticut-afe7c678fa5dfc85-table-143-00,143,0,text,44.82809829711914,44.85451889038086,564.49169921875,765.7630615234375,66,9,369,594,0.621,True,0.105,two_column,False,False,False,whole_page_span_likely_false_positive,weak_or_rejected,False
bridgeport-connecticut-afe7c678fa5dfc85,bridgeport-connecticut-afe7c678fa5dfc85-table-144-00,144,0,text,40.5,85.58773040771484,567.000244140625,765.9483032226562,59,11,394,649,0.607,True,0.105,multi_column_or_complex,True,False,False,whole_page_span_likely_false_positive,weak_or_rejected,False
bridgeport-connecticut-afe7c678fa5dfc85,bridgeport-connecticut-afe7c678fa5dfc85-table-145-00,145,0,text,45.0,85.58773040771484,567.7171020507812,726.5877075195312,58,10,371,580,0.64,True,0.105,two_column,False,False,False,whole_page_span_likely_false_positive,weak_or_rejected,False
bridgeport-connecticut-afe7c678fa5dfc85,bridgeport-connecticut-afe7c678fa5dfc85-table-146-00,146,0,text,40.5,44.85451889038086,567.000244140625,765.9483032226562,62,10,371,620,0.598,True,0.105,multi_column_or_complex,True,False,False,whole_page_span_likely_false_positive,weak_or_rejected,False
bridgeport-connecticut-afe7c678fa5dfc85,bridgeport-connecticut-afe7c678fa5dfc85-table-147-00,147,0,text,44.82809829711914,44.85451889038086,557.1441040039062,765.7630615234375,74,8,330,592,0.557,True,0.105,two_column,False,False,False,whole_page_span_likely_false_positive,weak_or_rejected,True
bridgeport-connecticut-afe7c678fa5dfc85,bridgeport-connecticut-afe7c678fa5dfc85-table-148-00,148,0,text,40.5,85.58773040771484,567.000244140625,765.9483032226562,73,10,384,730,0.526,True,0.105,multi_column_or_complex,True,False,False,whole_page_span_likely_false_positive,weak_or_rejected,False
bridgeport-connecticut-afe7c678fa5dfc85,bridgeport-connecticut-afe7c678fa5dfc85-table-149-00,149,0,text,45.0,44.85451889038086,571.6747436523438,765.7630615234375,64,11,428,704,0.608,True,0.105,two_column,False,False,False,whole_page_span_likely_false_positive,weak_or_rejected,False
bridgeport-connecticut-afe7c678fa5dfc85,bridgeport-connecticut-afe7c678fa5dfc85-table-150-00,150,0,text,40.5,85.58773040771484,560.774658203125,699.5352172851562,75,9,338,675,0.501,True,0.105,multi_column_or_complex,True,False,False,whole_page_span_likely_false_positive,weak_or_rejected,False
bridgeport-connecticut-afe7c678fa5dfc85,bridgeport-connecticut-afe7c678fa5dfc85-table-151-00,151,0,text,45.0,31.66315460205078,556.4690551757812,765.7630615234375,72,10,364,720,0.506,True,0.105,two_column,False,False,False,whole_page_span_likely_false_positive,weak_or_rejected,False
bridgeport-connecticut-afe7c678fa5dfc85,bridgeport-connecticut-afe7c678fa5dfc85-table-152-00,152,0,text,40.32809829711914,85.58773040771484,564.9176025390625,765.9483032226562,57,9,393,513,0.766,True,0.105,multi_column_or_complex,True,False,False,whole_page_span_likely_false_positive,weak_or_rejected,False
bridgeport-connecticut-afe7c678fa5dfc85,bridgeport-connecticut-afe7c678fa5dfc85-table-153-00,153,0,text,44.82809829711914,44.85451889038086,572.1122436523438,765.7630615234375,67,9,394,603,0.653,True,0.105,two_column,False,False,False,whole_page_span_likely_false_positive,weak_or_rejected,False
bridgeport-connecticut-afe7c678fa5dfc85,bridgeport-connecticut-afe7c678fa5dfc85-table-154-00,154,0,text,40.5,96.76541137695312,561.8560180664062,728.4827270507812,56,10,391,560,0.698,True,0.105,multi_column_or_complex,True,False,False,whole_page_span_likely_false_positive,weak_or_rejected,False
bridgeport-connecticut-afe7c678fa5dfc85,bridgeport-connecticut-afe7c678fa5dfc85-table-155-00,155,0,text,45.20000076293945,44.85451889038086,572.1123046875,765.7630615234375,73,11,343,803,0.427,True,0.105,two_column,False,False,False,whole_page_span_likely_false_positive,weak_or_rejected,False
bridgeport-connecticut-afe7c678fa5dfc85,bridgeport-connecticut-afe7c678fa5dfc85-table-156-00,156,0,text,40.5,85.58773040771484,542.1696166992188,765.9483032226562,65,10,303,650,0.466,True,0.105,multi_column_or_complex,True,False,False,whole_page_span_likely_false_positive,weak_or_rejected,False
bridgeport-connecticut-afe7c678fa5dfc85,bridgeport-connecticut-afe7c678fa5dfc85-table-157-00,157,0,text,63.0,85.58773040771484,555.2886962890625,765.7630615234375,70,8,293,560,0.523,True,0.105,two_column,False,False,False,whole_page_span_likely_false_positive,weak_or_rejected,False
bridgeport-connecticut-afe7c678fa5dfc85,bridgeport-connecticut-afe7c678fa5dfc85-table-158-00,158,0,text,40.5,85.58773040771484,567.000244140625,765.9483032226562,62,10,316,620,0.51,True,0.105,multi_column_or_complex,True,False,False,whole_page_span_likely_false_positive,weak_or_rejected,False
bridgeport-connecticut-afe7c678fa5dfc85,bridgeport-connecticut-afe7c678fa5dfc85-table-159-00,159,0,text,63.0,44.85451889038086,572.1121826171875,765.7630615234375,94,10,334,940,0.355,True,0.105,two_column,False,False,False,whole_page_span_likely_false_positive,weak_or_rejected,False
bridgeport-connecticut-afe7c678fa5dfc85,bridgeport-connecticut-afe7c678fa5dfc85-table-160-00,160,0,text,58.5,85.58773040771484,559.604736328125,719.0877075195312,66,12,371,792,0.468,True,0.105,multi_column_or_complex,True,False,False,whole_page_span_likely_false_positive,weak_or_rejected,False
bridgeport-connecticut-afe7c678fa5dfc85,bridgeport-connecticut-afe7c678fa5dfc85-table-161-00,161,0,text,63.0,31.66315460205078,572.1123046875,765.7630615234375,31,6,91,186,0.489,True,0.105,single_column,False,False,False,whole_page_span_likely_false_positive,weak_or_rejected,False
bridgeport-connecticut-afe7c678fa5dfc85,bridgeport-connecticut-afe7c678fa5dfc85-table-163-00,163,0,text,84.0,113.25469207763672,457.9205017089844,171.25469970703125,5,4,20,20,1.0,False,0.35,single_column,False,False,False,degenerate_shape_or_low_confidence,weak_or_rejected,False
bridgeport-connecticut-afe7c678fa5dfc85,bridgeport-connecticut-afe7c678fa5dfc85-table-164-00,164,0,text,40.5,85.58773040771484,545.3546142578125,718.5752258300781,57,11,374,627,0.596,True,0.105,multi_column_or_complex,True,False,False,whole_page_span_likely_false_positive,weak_or_rejected,False
bridgeport-connecticut-afe7c678fa5dfc85,bridgeport-connecticut-afe7c678fa5dfc85-table-165-00,165,0,text,45.0,31.66315460205078,571.6751708984375,765.7630615234375,68,9,330,612,0.539,True,0.105,multi_column_or_complex,True,False,False,whole_page_span_likely_false_positive,weak_or_rejected,False
bridgeport-connecticut-afe7c678fa5dfc85,bridgeport-connecticut-afe7c678fa5dfc85-table-166-00,166,0,lines,38.922000885009766,82.48101806640625,576.0,730.5390014648438,3,3,4,9,0.444,True,0.65,single_column,False,False,False,whole_page_span_likely_false_positive,weak_or_rejected,False
bridgeport-connecticut-afe7c678fa5dfc85,bridgeport-connecticut-afe7c678fa5dfc85-table-166-01,166,1,lines,43.20000076293945,164.15997314453125,570.9599609375,720.0,3,3,3,9,0.333,True,0.65,single_column,False,False,False,whole_page_span_likely_false_positive,weak_or_rejected,False
bridgeport-connecticut-afe7c678fa5dfc85,bridgeport-connecticut-afe7c678fa5dfc85-table-167-00,167,0,lines,0.0,96.8955078125,589.5497131347656,743.822509765625,9,6,13,54,0.241,True,0.65,multi_column_or_complex,True,False,False,whole_page_span_likely_false_positive,weak_or_rejected,False
bridgeport-connecticut-afe7c678fa5dfc85,bridgeport-connecticut-afe7c678fa5dfc85-table-167-01,167,1,lines,253.31636555989584,319.8489990234375,489.57598876953125,474.3833465576172,1,2,2,2,1.0,False,0.65,multi_column_or_complex,True,False,False,degenerate_shape_or_low_confidence,weak_or_rejected,False
bridgeport-connecticut-afe7c678fa5dfc85,bridgeport-connecticut-afe7c678fa5dfc85-table-168-00,168,0,lines_strict,0.42454999685287476,36.00262451171875,505.8076477050781,792.0,6,3,4,18,0.222,True,0.85,table_dominant,False,True,False,whole_page_span_likely_false_positive,weak_or_rejected,False
bridgeport-connecticut-afe7c678fa5dfc85,bridgeport-connecticut-afe7c678fa5dfc85-table-168-01,168,1,lines_strict,138.6084082994847,189.58917911717148,609.5196533203125,536.8032531738281,13,21,15,273,0.055,False,0.85,table_dominant,False,True,True,,retained_auto,False
bridgeport-connecticut-afe7c678fa5dfc85,bridgeport-connecticut-afe7c678fa5dfc85-table-169-00,169,0,text,45.4807014465332,85.58773040771484,564.0165405273438,702.5877075195312,68,11,350,748,0.468,True,0.105,multi_column_or_complex,True,False,False,whole_page_span_likely_false_positive,weak_or_rejected,False
bridgeport-connecticut-afe7c678fa5dfc85,bridgeport-connecticut-afe7c678fa5dfc85-table-170-00,170,0,text,41.5,85.58773040771484,545.462890625,701.0877075195312,54,8,189,432,0.438,True,0.105,multi_column_or_complex,True,False,False,whole_page_span_likely_false_positive,weak_or_rejected,False
bridgeport-connecticut-afe7c678fa5dfc85,bridgeport-connecticut-afe7c678fa5dfc85-table-171-00,171,0,text,45.0,31.66315460205078,572.1121215820312,765.7630615234375,62,10,238,620,0.384,True,0.105,two_column,False,False,False,whole_page_span_likely_false_positive,weak_or_rejected,False
bridgeport-connecticut-afe7c678fa5dfc85,bridgeport-connecticut-afe7c678fa5dfc85-table-172-00,172,0,lines_strict,40.528333028157554,457.9825134277344,566.2664794921875,663.52001953125,7,17,89,119,0.748,False,0.85,multi_column_or_complex,True,False,True,,retained_complex_layout_review,False
bridgeport-connecticut-afe7c678fa5dfc85,bridgeport-connecticut-afe7c678fa5dfc85-table-173-00,173,0,text,45.0,44.85451889038086,561.314697265625,765.7630615234375,75,11,378,825,0.458,True,0.105,multi_column_or_complex,True,False,False,whole_page_span_likely_false_positive,weak_or_rejected,False
bridgeport-connecticut-afe7c678fa5dfc85,bridgeport-connecticut-afe7c678fa5dfc85-table-174-00,174,0,text,40.32809829711914,31.66315460205078,556.8147583007812,765.9483032226562,61,10,338,610,0.554,True,0.105,multi_column_or_complex,True,False,False,whole_page_span_likely_false_positive,weak_or_rejected,False
bridgeport-connecticut-afe7c678fa5dfc85,bridgeport-connecticut-afe7c678fa5dfc85-table-175-00,175,0,text,45.0,31.66315460205078,572.1123046875,765.7630615234375,55,8,201,440,0.457,True,0.105,single_column,False,False,False,whole_page_span_likely_false_positive,weak_or_rejected,False
bridgeport-connecticut-afe7c678fa5dfc85,bridgeport-connecticut-afe7c678fa5dfc85-table-176-00,176,0,lines,28.922000885009766,142.48101806640625,576.0,790.5390014648438,3,3,4,9,0.444,True,0.65,single_column,False,False,False,whole_page_span_likely_false_positive,weak_or_rejected,False
bridgeport-connecticut-afe7c678fa5dfc85,bridgeport-connecticut-afe7c678fa5dfc85-table-176-01,176,1,lines,39.599998474121094,247.91998291015625,570.9599609375,739.9364929199219,5,4,7,20,0.35,True,0.65,single_column,False,False,False,whole_page_span_likely_false_positive,weak_or_rejected,False
bridgeport-connecticut-afe7c678fa5dfc85,bridgeport-connecticut-afe7c678fa5dfc85-table-177-00,177,0,lines,0.0,96.8955078125,589.5497131347656,743.822509765625,10,8,17,80,0.212,True,0.65,multi_column_or_complex,True,False,False,whole_page_span_likely_false_positive,weak_or_rejected,False
bridgeport-connecticut-afe7c678fa5dfc85,bridgeport-connecticut-afe7c678fa5dfc85-table-177-01,177,1,lines,253.8040802001953,319.8489990234375,528.9089965820312,474.5979919433594,4,5,3,20,0.15,False,0.65,multi_column_or_complex,True,False,True,,retained_complex_layout_review,False
bridgeport-connecticut-afe7c678fa5dfc85,bridgeport-connecticut-afe7c678fa5dfc85-table-177-02,177,2,lines,40.92900085449219,388.2659912109375,66.48899841308594,441.75799560546875,2,2,0,4,0.0,False,0.65,multi_column_or_complex,True,False,False,degenerate_shape_or_low_confidence,weak_or_rejected,True
bridgeport-connecticut-afe7c678fa5dfc85,bridgeport-connecticut-afe7c678fa5dfc85-table-179-00,179,0,text,84.0,113.25469207763672,457.9205017089844,195.25469970703125,7,3,21,21,1.0,False,0.35,single_column,False,False,False,degenerate_shape_or_low_confidence,weak_or_rejected,False
bridgeport-connecticut-afe7c678fa5dfc85,bridgeport-connecticut-afe7c678fa5dfc85-table-180-00,180,0,text,40.32809829711914,31.66315460205078,567.000244140625,765.9483032226562,65,11,371,715,0.519,True,0.105,multi_column_or_complex,True,False,False,whole_page_span_likely_false_positive,weak_or_rejected,False
bridgeport-connecticut-afe7c678fa5dfc85,bridgeport-connecticut-afe7c678fa5dfc85-table-181-00,181,0,text,45.0,85.58773040771484,553.2911987304688,765.7630615234375,65,11,336,715,0.47,True,0.105,single_column,False,False,False,whole_page_span_likely_false_positive,weak_or_rejected,False
bridgeport-connecticut-afe7c678fa5dfc85,bridgeport-connecticut-afe7c678fa5dfc85-table-182-00,182,0,lines_strict,350.92169189453125,239.55181884765625,369.7415771484375,292.0429992675781,1,2,1,2,0.5,False,0.85,two_column,False,False,False,degenerate_shape_or_low_confidence,weak_or_rejected,False
bridgeport-connecticut-afe7c678fa5dfc85,bridgeport-connecticut-afe7c678fa5dfc85-table-182-01,182,1,lines_strict,358.72149658203125,348.6781412760417,459.54449462890625,417.6054992675781,1,2,1,2,0.5,False,0.85,two_column,False,False,False,degenerate_shape_or_low_confidence,weak_or_rejected,False
bridgeport-connecticut-afe7c678fa5dfc85,bridgeport-connecticut-afe7c678fa5dfc85-table-182-02,182,2,lines_strict,324.2118377685547,539.5919189453125,504.03919982910156,661.2833862304688,3,3,0,9,0.0,False,0.85,two_column,False,False,False,degenerate_shape_or_low_confidence,weak_or_rejected,True
bridgeport-connecticut-afe7c678fa5dfc85,bridgeport-connecticut-afe7c678fa5dfc85-table-183-00,183,0,text,45.36000061035156,31.66315460205078,572.1121215820312,765.7630615234375,61,8,178,488,0.365,True,0.105,two_column,False,False,False,whole_page_span_likely_false_positive,weak_or_rejected,False
bridgeport-connecticut-afe7c678fa5dfc85,bridgeport-connecticut-afe7c678fa5dfc85-table-184-00,184,0,lines_strict,375.1313781738281,168.2605183919271,415.3389892578125,244.5117416381836,1,2,1,2,0.5,False,0.85,two_column,False,False,False,degenerate_shape_or_low_confidence,weak_or_rejected,False
bridgeport-connecticut-afe7c678fa5dfc85,bridgeport-connecticut-afe7c678fa5dfc85-table-184-01,184,1,lines_strict,541.1765747070312,492.7143859863281,554.412109375,531.96435546875,1,2,0,2,0.0,False,0.85,two_column,False,False,False,degenerate_shape_or_low_confidence,weak_or_rejected,False
bridgeport-connecticut-afe7c678fa5dfc85,bridgeport-connecticut-afe7c678fa5dfc85-table-185-00,185,0,text,44.82809829711914,31.66315460205078,571.6734008789062,765.7630615234375,64,9,200,576,0.347,True,0.105,two_column,False,False,False,whole_page_span_likely_false_positive,weak_or_rejected,False
bridgeport-connecticut-afe7c678fa5dfc85,bridgeport-connecticut-afe7c678fa5dfc85-table-186-00,186,0,text,76.5,85.58773040771484,290.1049499511719,699.3377075195312,53,5,190,265,0.717,False,0.35,multi_column_or_complex,True,False,False,degenerate_shape_or_low_confidence,weak_or_rejected,False
bridgeport-connecticut-afe7c678fa5dfc85,bridgeport-connecticut-afe7c678fa5dfc85-table-187-00,187,0,text,44.82809829711914,31.66315460205078,570.849609375,765.7630615234375,71,11,268,781,0.343,True,0.105,two_column,False,False,False,whole_page_span_likely_false_positive,weak_or_rejected,False
bridgeport-connecticut-afe7c678fa5dfc85,bridgeport-connecticut-afe7c678fa5dfc85-table-188-00,188,0,lines_strict,148.81539916992188,537.1199951171875,420.5222473144531,587.8509521484375,3,3,1,9,0.111,False,0.85,two_column,False,False,False,degenerate_shape_or_low_confidence,weak_or_rejected,False
bridgeport-connecticut-afe7c678fa5dfc85,bridgeport-connecticut-afe7c678fa5dfc85-table-189-00,189,0,text,62.356502532958984,31.66315460205078,529.4699096679688,684.3616943359375,41,10,109,410,0.266,True,0.105,single_column,False,False,False,whole_page_span_likely_false_positive,weak_or_rejected,False
bridgeport-connecticut-afe7c678fa5dfc85,bridgeport-connecticut-afe7c678fa5dfc85-table-190-00,190,0,lines,40.745714460100444,85.75,563.608642578125,551.9166015625,14,8,37,112,0.33,True,0.65,single_column,False,False,False,whole_page_span_likely_false_positive,weak_or_rejected,False
bridgeport-connecticut-afe7c678fa5dfc85,bridgeport-connecticut-afe7c678fa5dfc85-table-191-00,191,0,lines,44.63859939575195,66.75,572.1619750976563,697.5389142717634,20,5,56,100,0.56,True,0.65,single_column,False,False,False,whole_page_span_likely_false_positive,weak_or_rejected,False
bridgeport-connecticut-afe7c678fa5dfc85,bridgeport-connecticut-afe7c678fa5dfc85-table-192-00,192,0,text,40.32809829711914,31.66315460205078,537.9830322265625,765.9483032226562,37,10,106,370,0.286,True,0.105,single_column,False,False,False,whole_page_span_likely_false_positive,weak_or_rejected,False
bridgeport-connecticut-afe7c678fa5dfc85,bridgeport-connecticut-afe7c678fa5dfc85-table-193-00,193,0,text,45.36000061035156,85.9430923461914,572.1121826171875,765.7630615234375,58,10,270,580,0.466,True,0.105,two_column,False,False,False,whole_page_span_likely_false_positive,weak_or_rejected,False
bridgeport-connecticut-afe7c678fa5dfc85,bridgeport-connecticut-afe7c678fa5dfc85-table-194-00,194,0,text,40.9807014465332,85.58773040771484,555.4815673828125,722.0877075195312,58,11,298,638,0.467,True,0.105,multi_column_or_complex,True,False,False,whole_page_span_likely_false_positive,weak_or_rejected,False
bridgeport-connecticut-afe7c678fa5dfc85,bridgeport-connecticut-afe7c678fa5dfc85-table-195-00,195,0,text,47.168399810791016,31.66315460205078,572.1119384765625,765.7630615234375,20,3,21,60,0.35,True,0.105,single_column,False,False,False,whole_page_span_likely_false_positive,weak_or_rejected,False
bridgeport-connecticut-afe7c678fa5dfc85,bridgeport-connecticut-afe7c678fa5dfc85-table-196-00,196,0,text,40.5,44.85451889038086,556.366943359375,725.0877075195312,66,8,218,528,0.413,True,0.105,two_column,False,False,False,whole_page_span_likely_false_positive,weak_or_rejected,False
bridgeport-connecticut-afe7c678fa5dfc85,bridgeport-connecticut-afe7c678fa5dfc85-table-197-00,197,0,text,63.0,31.66315460205078,572.112060546875,765.7630615234375,62,7,221,434,0.509,True,0.105,single_column,False,False,False,whole_page_span_likely_false_positive,weak_or_rejected,False
bridgeport-connecticut-afe7c678fa5dfc85,bridgeport-connecticut-afe7c678fa5dfc85-table-198-00,198,0,text,315.45001220703125,90.8077621459961,563.4329833984375,765.9483032226562,58,7,198,406,0.488,False,0.35,multi_column_or_complex,True,False,False,degenerate_shape_or_low_confidence,weak_or_rejected,False
bridgeport-connecticut-afe7c678fa5dfc85,bridgeport-connecticut-afe7c678fa5dfc85-table-199-00,199,0,text,45.0,31.66315460205078,555.6846923828125,765.7630615234375,70,11,305,770,0.396,True,0.105,two_column,False,False,False,whole_page_span_likely_false_positive,weak_or_rejected,False
bridgeport-connecticut-afe7c678fa5dfc85,bridgeport-connecticut-afe7c678fa5dfc85-table-200-00,200,0,lines_strict,315.63751220703125,373.0098876953125,560.6925048828125,422.6698913574219,1,3,3,3,1.0,False,0.85,multi_column_or_complex,True,False,False,degenerate_shape_or_low_confidence,weak_or_rejected,False
bridgeport-connecticut-afe7c678fa5dfc85,bridgeport-connecticut-afe7c678fa5dfc85-table-201-00,201,0,text,44.82809829711914,85.9430923461914,543.5587158203125,765.7630615234375,60,8,302,480,0.629,True,0.105,two_column,False,False,False,whole_page_span_likely_false_positive,weak_or_rejected,False
bridgeport-connecticut-afe7c678fa5dfc85,bridgeport-connecticut-afe7c678fa5dfc85-table-202-00,202,0,lines,269.5953063964844,323.5400085449219,414.60498046875,396.9800109863281,2,2,1,4,0.25,False,0.65,multi_column_or_complex,True,False,False,degenerate_shape_or_low_confidence,weak_or_rejected,False
bridgeport-connecticut-afe7c678fa5dfc85,bridgeport-connecticut-afe7c678fa5dfc85-table-203-00,203,0,text,45.36000061035156,85.58773040771484,543.03369140625,765.7630615234375,56,10,211,560,0.377,True,0.105,two_column,False,False,False,whole_page_span_likely_false_positive,weak_or_rejected,False
bridgeport-connecticut-afe7c678fa5dfc85,bridgeport-connecticut-afe7c678fa5dfc85-table-204-00,204,0,lines_strict,38.25019836425781,381.2799072265625,270.4241943359375,702.2227172851562,4,3,3,12,0.25,False,0.85,two_column,False,False,True,,retained_auto,False
bridgeport-connecticut-afe7c678fa5dfc85,bridgeport-connecticut-afe7c678fa5dfc85-table-204-01,204,1,lines_strict,352.431884765625,576.5474446614584,429.8363952636719,680.9297892252604,2,3,2,6,0.333,False,0.85,two_column,False,False,False,degenerate_shape_or_low_confidence,weak_or_rejected,False
bridgeport-connecticut-afe7c678fa5dfc85,bridgeport-connecticut-afe7c678fa5dfc85-table-205-00,205,0,text,45.0,31.66315460205078,572.1121215820312,765.7630615234375,64,11,240,704,0.341,True,0.105,two_column,False,False,False,whole_page_span_likely_false_positive,weak_or_rejected,False
bridgeport-connecticut-afe7c678fa5dfc85,bridgeport-connecticut-afe7c678fa5dfc85-table-207-00,207,0,text,84.0,86.51319885253906,457.92041015625,279.25469970703125,16,4,59,64,0.922,False,0.35,single_column,False,False,False,degenerate_shape_or_low_confidence,weak_or_rejected,False
bridgeport-connecticut-afe7c678fa5dfc85,bridgeport-connecticut-afe7c678fa5dfc85-table-208-00,208,0,text,41.400001525878906,31.66315460205078,507.00811767578125,709.9627075195312,60,8,222,480,0.463,True,0.105,multi_column_or_complex,True,False,False,whole_page_span_likely_false_positive,weak_or_rejected,False
bridgeport-connecticut-afe7c678fa5dfc85,bridgeport-connecticut-afe7c678fa5dfc85-table-209-00,209,0,lines_strict,45.125,513.3156127929688,296.67498779296875,538.9755859375,1,2,2,2,1.0,False,0.85,single_column,False,False,False,degenerate_shape_or_low_confidence,weak_or_rejected,False
bridgeport-connecticut-afe7c678fa5dfc85,bridgeport-connecticut-afe7c678fa5dfc85-table-209-01,209,1,lines_strict,320.07501220703125,525.3156127929688,572.2369384765625,574.9755859375,1,4,4,4,1.0,False,0.85,single_column,False,False,False,degenerate_shape_or_low_confidence,weak_or_rejected,False
bridgeport-connecticut-afe7c678fa5dfc85,bridgeport-connecticut-afe7c678fa5dfc85-table-210-00,210,0,text,40.5,31.66315460205078,566.2997436523438,677.312744140625,55,10,261,550,0.475,True,0.105,multi_column_or_complex,True,False,False,whole_page_span_likely_false_positive,weak_or_rejected,False
bridgeport-connecticut-afe7c678fa5dfc85,bridgeport-connecticut-afe7c678fa5dfc85-table-211-00,211,0,text,45.20000076293945,44.85451889038086,571.67431640625,765.7630615234375,69,10,361,690,0.523,True,0.105,multi_column_or_complex,True,False,False,whole_page_span_likely_false_positive,weak_or_rejected,False
bridgeport-connecticut-afe7c678fa5dfc85,bridgeport-connecticut-afe7c678fa5dfc85-table-212-00,212,0,text,40.32809829711914,85.58773040771484,550.1666259765625,765.9483032226562,55,11,274,605,0.453,True,0.105,multi_column_or_complex,True,False,False,whole_page_span_likely_false_positive,weak_or_rejected,False
bridgeport-connecticut-afe7c678fa5dfc85,bridgeport-connecticut-afe7c678fa5dfc85-table-213-00,213,0,text,45.0,31.66315460205078,567.7359008789062,691.062744140625,58,12,327,696,0.47,True,0.105,multi_column_or_complex,True,False,False,whole_page_span_likely_false_positive,weak_or_rejected,False
bridgeport-connecticut-afe7c678fa5dfc85,bridgeport-connecticut-afe7c678fa5dfc85-table-214-00,214,0,text,40.5,31.66315460205078,559.3349609375,678.4328002929688,68,10,296,680,0.435,True,0.105,multi_column_or_complex,True,False,False,whole_page_span_likely_false_positive,weak_or_rejected,False
bridgeport-connecticut-afe7c678fa5dfc85,bridgeport-connecticut-afe7c678fa5dfc85-table-215-00,215,0,text,44.82809829711914,31.66315460205078,571.6736450195312,765.7630615234375,62,12,293,744,0.394,True,0.105,two_column,False,False,False,whole_page_span_likely_false_positive,weak_or_rejected,False
bridgeport-connecticut-afe7c678fa5dfc85,bridgeport-connecticut-afe7c678fa5dfc85-table-216-00,216,0,lines,0.09328333536783855,448.2720031738281,218.16818237304688,696.0070190429688,10,5,4,50,0.08,False,0.65,single_column,False,False,True,,retained_low_confidence_review,False
bridgeport-connecticut-afe7c678fa5dfc85,bridgeport-connecticut-afe7c678fa5dfc85-table-217-00,217,0,text,44.82809829711914,31.66315460205078,571.6736450195312,765.7630615234375,68,12,438,816,0.537,True,0.105,multi_column_or_complex,True,False,False,whole_page_span_likely_false_positive,weak_or_rejected,False
bridgeport-connecticut-afe7c678fa5dfc85,bridgeport-connecticut-afe7c678fa5dfc85-table-218-00,218,0,lines_strict,264.2029113769531,220.68292236328125,571.390869140625,792.0,14,8,7,112,0.062,False,0.85,single_column,False,False,True,,retained_auto,False
bridgeport-connecticut-afe7c678fa5dfc85,bridgeport-connecticut-afe7c678fa5dfc85-table-219-00,219,0,lines_strict,46.13856760660807,450.0498962402344,573.4996134440104,509.1499938964844,2,12,13,24,0.542,False,0.85,single_column,False,False,True,,retained_auto,False
bridgeport-connecticut-afe7c678fa5dfc85,bridgeport-connecticut-afe7c678fa5dfc85-table-220-00,220,0,lines_strict,411.4434825755932,269.0316162109375,541.7962036132812,668.4377075195313,2,2,1,4,0.25,False,0.85,single_column,False,False,False,degenerate_shape_or_low_confidence,weak_or_rejected,False
bridgeport-connecticut-afe7c678fa5dfc85,bridgeport-connecticut-afe7c678fa5dfc85-table-220-01,220,1,lines_strict,26.868799209594727,304.93701171875,215.60000610351562,668.4377075195313,1,3,2,3,0.667,False,0.85,single_column,False,False,False,degenerate_shape_or_low_confidence,weak_or_rejected,False
bridgeport-connecticut-afe7c678fa5dfc85,bridgeport-connecticut-afe7c678fa5dfc85-table-221-00,221,0,text,45.0,31.66315460205078,569.117919921875,681.3377075195312,58,11,262,638,0.411,True,0.105,two_column,False,False,False,whole_page_span_likely_false_positive,weak_or_rejected,False
bridgeport-connecticut-afe7c678fa5dfc85,bridgeport-connecticut-afe7c678fa5dfc85-table-222-00,222,0,text,40.32809829711914,85.58773040771484,533.6246337890625,765.9483032226562,34,9,129,306,0.422,True,0.105,single_column,False,False,False,whole_page_span_likely_false_positive,weak_or_rejected,False
bridgeport-connecticut-afe7c678fa5dfc85,bridgeport-connecticut-afe7c678fa5dfc85-table-223-00,223,0,text,45.0,31.66315460205078,560.71630859375,765.7630615234375,61,11,343,671,0.511,True,0.105,multi_column_or_complex,True,False,False,whole_page_span_likely_false_positive,weak_or_rejected,False
bridgeport-connecticut-afe7c678fa5dfc85,bridgeport-connecticut-afe7c678fa5dfc85-table-224-00,224,0,lines_strict,361.8682763414584,517.619140625,612.0,571.4098968505859,3,3,1,9,0.111,False,0.85,two_column,False,False,False,degenerate_shape_or_low_confidence,weak_or_rejected,False
bridgeport-connecticut-afe7c678fa5dfc85,bridgeport-connecticut-afe7c678fa5dfc85-table-224-01,224,1,lines_strict,457.34383169320915,699.556396484375,577.5809326171875,719.5844116210938,1,2,2,2,1.0,False,0.85,two_column,False,False,False,degenerate_shape_or_low_confidence,weak_or_rejected,False
bridgeport-connecticut-afe7c678fa5dfc85,bridgeport-connecticut-afe7c678fa5dfc85-table-225-00,225,0,text,43.650001525878906,85.9430923461914,555.80419921875,718.062744140625,57,12,400,684,0.585,True,0.105,multi_column_or_complex,True,False,False,whole_page_span_likely_false_positive,weak_or_rejected,False
bridgeport-connecticut-afe7c678fa5dfc85,bridgeport-connecticut-afe7c678fa5dfc85-table-226-00,226,0,text,40.5,85.58773040771484,285.47149658203125,765.9483032226562,33,8,115,264,0.436,False,0.35,two_column,False,False,False,degenerate_shape_or_low_confidence,weak_or_rejected,False
bridgeport-connecticut-afe7c678fa5dfc85,bridgeport-connecticut-afe7c678fa5dfc85-table-227-00,227,0,text,84.0,113.25469207763672,457.9203796386719,183.25469970703125,6,4,24,24,1.0,False,0.35,single_column,False,False,False,degenerate_shape_or_low_confidence,weak_or_rejected,False
bridgeport-connecticut-afe7c678fa5dfc85,bridgeport-connecticut-afe7c678fa5dfc85-table-228-00,228,0,lines_strict,40.494764963785805,545.647705078125,291.71144612630206,571.3076782226562,1,2,2,2,1.0,False,0.85,multi_column_or_complex,True,False,False,degenerate_shape_or_low_confidence,weak_or_rejected,False
bridgeport-connecticut-afe7c678fa5dfc85,bridgeport-connecticut-afe7c678fa5dfc85-table-228-01,228,1,lines_strict,40.494764963785805,588.2075805664062,291.71144612630206,708.707275390625,5,2,10,10,1.0,False,0.85,multi_column_or_complex,True,False,True,,retained_complex_layout_review,False
bridgeport-connecticut-afe7c678fa5dfc85,bridgeport-connecticut-afe7c678fa5dfc85-table-229-00,229,0,lines_strict,45.14250183105469,432.7698974609375,296.6575698852539,446.90008544921875,1,2,2,2,1.0,False,0.85,multi_column_or_complex,True,False,False,degenerate_shape_or_low_confidence,weak_or_rejected,False
bridgeport-connecticut-afe7c678fa5dfc85,bridgeport-connecticut-afe7c678fa5dfc85-table-229-01,229,1,lines_strict,45.14250183105469,463.79998779296875,296.6575698852539,497.59991455078125,2,2,4,4,1.0,False,0.85,multi_column_or_complex,True,False,True,,retained_complex_layout_review,False
bridgeport-connecticut-afe7c678fa5dfc85,bridgeport-connecticut-afe7c678fa5dfc85-table-229-02,229,2,lines_strict,45.14250183105469,514.499755859375,296.6575698852539,637.1995849609375,3,2,6,6,1.0,False,0.85,multi_column_or_complex,True,False,True,,retained_complex_layout_review,True
bridgeport-connecticut-afe7c678fa5dfc85,bridgeport-connecticut-afe7c678fa5dfc85-table-230-00,230,0,text,58.32809829711914,44.85451889038086,544.76123046875,765.9483032226562,62,9,339,558,0.608,True,0.105,multi_column_or_complex,True,False,False,whole_page_span_likely_false_positive,weak_or_rejected,False
bridgeport-connecticut-afe7c678fa5dfc85,bridgeport-connecticut-afe7c678fa5dfc85-table-231-00,231,0,lines_strict,45.41452503204346,95.45001220703125,296.47533416748047,237.34930419921875,9,2,18,18,1.0,False,0.85,two_column,False,False,True,,retained_auto,False
bridgeport-connecticut-afe7c678fa5dfc85,bridgeport-connecticut-afe7c678fa5dfc85-table-231-01,231,1,lines_strict,45.41452503204346,445.0098876953125,574.0,470.6698913574219,1,4,4,4,1.0,False,0.85,two_column,False,False,False,degenerate_shape_or_low_confidence,weak_or_rejected,False
bridgeport-connecticut-afe7c678fa5dfc85,bridgeport-connecticut-afe7c678fa5dfc85-table-231-02,231,2,lines_strict,45.41452503204346,487.5697937011719,574.0,516.4697265625,1,4,4,4,1.0,False,0.85,two_column,False,False,False,degenerate_shape_or_low_confidence,weak_or_rejected,False
bridgeport-connecticut-afe7c678fa5dfc85,bridgeport-connecticut-afe7c678fa5dfc85-table-231-03,231,3,lines_strict,45.41452503204346,533.3696899414062,574.0,591.1694946289062,2,4,8,8,1.0,False,0.85,two_column,False,False,True,,retained_auto,False
bridgeport-connecticut-afe7c678fa5dfc85,bridgeport-connecticut-afe7c678fa5dfc85-table-231-04,231,4,lines_strict,45.41452503204346,608.0695190429688,574.0,636.9694213867188,1,4,4,4,1.0,False,0.85,two_column,False,False,False,degenerate_shape_or_low_confidence,weak_or_rejected,False
bridgeport-connecticut-afe7c678fa5dfc85,bridgeport-connecticut-afe7c678fa5dfc85-table-231-05,231,5,lines_strict,45.41452503204346,653.8692626953125,574.0,682.769287109375,1,4,4,4,1.0,False,0.85,two_column,False,False,False,degenerate_shape_or_low_confidence,weak_or_rejected,False
bridgeport-connecticut-afe7c678fa5dfc85,bridgeport-connecticut-afe7c678fa5dfc85-table-232-00,232,0,text,40.32809829711914,44.85451889038086,289.3295593261719,765.9483032226562,42,6,150,252,0.595,False,0.35,single_column,False,False,False,degenerate_shape_or_low_confidence,weak_or_rejected,False
bridgeport-connecticut-afe7c678fa5dfc85,bridgeport-connecticut-afe7c678fa5dfc85-table-233-00,233,0,text,84.0,108.21471405029297,457.9205017089844,238.2147216796875,11,3,33,33,1.0,False,0.35,single_column,False,False,False,degenerate_shape_or_low_confidence,weak_or_rejected,False
bridgeport-connecticut-afe7c678fa5dfc85,bridgeport-connecticut-afe7c678fa5dfc85-table-234-00,234,0,text,40.60000038146973,31.66315460205078,551.3240356445312,765.9483032226562,62,9,327,558,0.586,True,0.105,multi_column_or_complex,True,False,False,whole_page_span_likely_false_positive,weak_or_rejected,False
bridgeport-connecticut-afe7c678fa5dfc85,bridgeport-connecticut-afe7c678fa5dfc85-table-235-00,235,0,text,45.0,44.85451889038086,571.673095703125,684.3377075195312,65,10,326,650,0.502,True,0.105,two_column,False,False,False,whole_page_span_likely_false_positive,weak_or_rejected,True
bridgeport-connecticut-afe7c678fa5dfc85,bridgeport-connecticut-afe7c678fa5dfc85-table-236-00,236,0,text,44.08399963378906,44.85451889038086,561.5115966796875,765.9483032226562,59,11,357,649,0.55,True,0.105,multi_column_or_complex,True,False,False,whole_page_span_likely_false_positive,weak_or_rejected,False
bridgeport-connecticut-afe7c678fa5dfc85,bridgeport-connecticut-afe7c678fa5dfc85-table-237-00,237,0,text,63.0,44.85451889038086,566.4746704101562,765.7630615234375,54,11,328,594,0.552,True,0.105,two_column,False,False,False,whole_page_span_likely_false_positive,weak_or_rejected,False
bridgeport-connecticut-afe7c678fa5dfc85,bridgeport-connecticut-afe7c678fa5dfc85-table-238-00,238,0,text,40.32809829711914,85.58773040771484,552.9380493164062,765.9483032226562,79,10,338,790,0.428,True,0.105,multi_column_or_complex,True,False,False,whole_page_span_likely_false_positive,weak_or_rejected,False
bridgeport-connecticut-afe7c678fa5dfc85,bridgeport-connecticut-afe7c678fa5dfc85-table-239-00,239,0,text,44.82809829711914,85.58773040771484,562.9600219726562,765.7630615234375,64,11,281,704,0.399,True,0.105,two_column,False,False,False,whole_page_span_likely_false_positive,weak_or_rejected,False
bridgeport-connecticut-afe7c678fa5dfc85,bridgeport-connecticut-afe7c678fa5dfc85-table-240-00,240,0,text,40.32809829711914,44.85451889038086,562.333740234375,765.9483032226562,61,9,334,549,0.608,True,0.105,multi_column_or_complex,True,False,False,whole_page_span_likely_false_positive,weak_or_rejected,True
bridgeport-connecticut-afe7c678fa5dfc85,bridgeport-connecticut-afe7c678fa5dfc85-table-241-00,241,0,lines_strict,319.95001220703125,359.4298095703125,571.5,401.6496887207031,2,4,5,8,0.625,False,0.85,two_column,False,False,True,,retained_auto,False
bridgeport-connecticut-afe7c678fa5dfc85,bridgeport-connecticut-afe7c678fa5dfc85-table-241-01,241,1,lines_strict,319.95001220703125,434.65960693359375,571.5,480.9894104003906,3,4,10,12,0.833,False,0.85,two_column,False,False,True,,retained_auto,True
bridgeport-connecticut-afe7c678fa5dfc85,bridgeport-connecticut-afe7c678fa5dfc85-table-241-02,241,2,lines_strict,319.95001220703125,497.0993957519531,571.5,527.3192138671875,2,4,8,8,1.0,False,0.85,two_column,False,False,True,,retained_auto,True
bridgeport-connecticut-afe7c678fa5dfc85,bridgeport-connecticut-afe7c678fa5dfc85-table-241-03,241,3,lines_strict,319.95001220703125,544.2191772460938,571.5,610.4390869140625,2,4,7,8,0.875,False,0.85,two_column,False,False,True,,retained_auto,False
bridgeport-connecticut-afe7c678fa5dfc85,bridgeport-connecticut-afe7c678fa5dfc85-table-242-00,242,0,text,40.32809829711914,44.85451889038086,566.9979248046875,765.9483032226562,65,8,200,520,0.385,True,0.105,single_column,False,False,False,whole_page_span_likely_false_positive,weak_or_rejected,False
bridgeport-connecticut-afe7c678fa5dfc85,bridgeport-connecticut-afe7c678fa5dfc85-table-243-00,243,0,text,62.82809829711914,31.66315460205078,571.6724243164062,765.7630615234375,81,11,372,891,0.418,True,0.105,two_column,False,False,False,whole_page_span_likely_false_positive,weak_or_rejected,False
bridgeport-connecticut-afe7c678fa5dfc85,bridgeport-connecticut-afe7c678fa5dfc85-table-244-00,244,0,text,40.70000076293945,44.85451889038086,541.7277221679688,765.9483032226562,64,9,326,576,0.566,True,0.105,multi_column_or_complex,True,False,False,whole_page_span_likely_false_positive,weak_or_rejected,False
bridgeport-connecticut-afe7c678fa5dfc85,bridgeport-connecticut-afe7c678fa5dfc85-table-245-00,245,0,text,45.0,84.5978012084961,563.3406372070312,720.1078491210938,65,12,370,780,0.474,True,0.105,two_column,False,False,False,whole_page_span_likely_false_positive,weak_or_rejected,False
bridgeport-connecticut-afe7c678fa5dfc85,bridgeport-connecticut-afe7c678fa5dfc85-table-246-00,246,0,text,40.5,85.58773040771484,540.8541259765625,765.9483032226562,60,8,299,480,0.623,True,0.105,multi_column_or_complex,True,False,False,whole_page_span_likely_false_positive,weak_or_rejected,False
bridgeport-connecticut-afe7c678fa5dfc85,bridgeport-connecticut-afe7c678fa5dfc85-table-247-00,247,0,text,45.36000061035156,85.58773040771484,563.2141723632812,723.6145629882812,35,9,184,315,0.584,True,0.105,two_column,False,False,False,whole_page_span_likely_false_positive,weak_or_rejected,False
bridgeport-connecticut-afe7c678fa5dfc85,bridgeport-connecticut-afe7c678fa5dfc85-table-248-00,248,0,lines_strict,27.518203735351562,497.8037816097862,248.02301534016928,647.535888671875,9,6,7,54,0.13,False,0.85,multi_column_or_complex,True,False,True,,retained_complex_layout_review,False
bridgeport-connecticut-afe7c678fa5dfc85,bridgeport-connecticut-afe7c678fa5dfc85-table-248-01,248,1,lines_strict,52.32429885864258,497.8037816097862,134.3072509765625,616.5786437988281,3,2,4,6,0.667,False,0.85,multi_column_or_complex,True,False,True,,retained_complex_layout_review,False
bridgeport-connecticut-afe7c678fa5dfc85,bridgeport-connecticut-afe7c678fa5dfc85-table-249-00,249,0,text,84.0,117.2092514038086,457.9205017089844,199.2147216796875,7,3,21,21,1.0,False,0.35,single_column,False,False,False,degenerate_shape_or_low_confidence,weak_or_rejected,False
bridgeport-connecticut-afe7c678fa5dfc85,bridgeport-connecticut-afe7c678fa5dfc85-table-250-00,250,0,text,40.5,44.85451889038086,567.000244140625,765.9483032226562,73,9,367,657,0.559,True,0.105,multi_column_or_complex,True,False,False,whole_page_span_likely_false_positive,weak_or_rejected,False
bridgeport-connecticut-afe7c678fa5dfc85,bridgeport-connecticut-afe7c678fa5dfc85-table-251-00,251,0,text,45.0,85.58773040771484,558.96044921875,717.3377075195312,68,11,389,748,0.52,True,0.105,multi_column_or_complex,True,False,False,whole_page_span_likely_false_positive,weak_or_rejected,False
bridgeport-connecticut-afe7c678fa5dfc85,bridgeport-connecticut-afe7c678fa5dfc85-table-252-00,252,0,text,58.5,31.66315460205078,562.4681396484375,765.9483032226562,62,9,312,558,0.559,True,0.105,multi_column_or_complex,True,False,False,whole_page_span_likely_false_positive,weak_or_rejected,False
bridgeport-connecticut-afe7c678fa5dfc85,bridgeport-connecticut-afe7c678fa5dfc85-table-253-00,253,0,text,45.0,44.85451889038086,557.066650390625,765.7630615234375,82,8,279,656,0.425,True,0.105,multi_column_or_complex,True,False,False,whole_page_span_likely_false_positive,weak_or_rejected,False
bridgeport-connecticut-afe7c678fa5dfc85,bridgeport-connecticut-afe7c678fa5dfc85-table-254-00,254,0,text,40.5,44.85451889038086,542.6212158203125,728.7828369140625,82,9,348,738,0.472,True,0.105,multi_column_or_complex,True,False,False,whole_page_span_likely_false_positive,weak_or_rejected,False
bridgeport-connecticut-afe7c678fa5dfc85,bridgeport-connecticut-afe7c678fa5dfc85-table-255-00,255,0,text,44.82809829711914,85.58773040771484,551.8544311523438,765.7630615234375,66,9,334,594,0.562,True,0.105,multi_column_or_complex,True,False,False,whole_page_span_likely_false_positive,weak_or_rejected,False
bridgeport-connecticut-afe7c678fa5dfc85,bridgeport-connecticut-afe7c678fa5dfc85-table-256-00,256,0,text,40.5,85.58773040771484,289.05548095703125,623.0877075195312,46,5,158,230,0.687,False,0.35,single_column,False,False,False,degenerate_shape_or_low_confidence,weak_or_rejected,False
bridgeport-connecticut-afe7c678fa5dfc85,bridgeport-connecticut-afe7c678fa5dfc85-table-257-00,257,0,text,84.0,133.7147216796875,424.1707458496094,299.7147216796875,14,4,56,56,1.0,False,0.35,single_column,False,False,False,degenerate_shape_or_low_confidence,weak_or_rejected,False
bridgeport-connecticut-afe7c678fa5dfc85,bridgeport-connecticut-afe7c678fa5dfc85-table-258-00,258,0,lines,40.733333333333334,360.5349609375,292.4033203125,576.9940185546875,13,4,28,52,0.538,False,0.65,multi_column_or_complex,True,False,True,,retained_complex_layout_review,False
bridgeport-connecticut-afe7c678fa5dfc85,bridgeport-connecticut-afe7c678fa5dfc85-table-259-00,259,0,text,44.82809829711914,44.85451889038086,569.141845703125,765.7630615234375,74,9,334,666,0.502,True,0.105,two_column,False,False,False,whole_page_span_likely_false_positive,weak_or_rejected,False
bridgeport-connecticut-afe7c678fa5dfc85,bridgeport-connecticut-afe7c678fa5dfc85-table-260-00,260,0,text,40.32809829711914,44.85451889038086,558.5690307617188,765.9483032226562,76,12,390,912,0.428,True,0.105,multi_column_or_complex,True,False,False,whole_page_span_likely_false_positive,weak_or_rejected,False
bridgeport-connecticut-afe7c678fa5dfc85,bridgeport-connecticut-afe7c678fa5dfc85-table-261-00,261,0,text,45.0,31.66315460205078,566.3110961914062,765.7630615234375,78,10,364,780,0.467,True,0.105,two_column,False,False,False,whole_page_span_likely_false_positive,weak_or_rejected,False
bridgeport-connecticut-afe7c678fa5dfc85,bridgeport-connecticut-afe7c678fa5dfc85-table-262-00,262,0,text,40.5,85.58773040771484,546.1288452148438,765.9483032226562,73,10,366,730,0.501,True,0.105,multi_column_or_complex,True,False,False,whole_page_span_likely_false_positive,weak_or_rejected,False
bridgeport-connecticut-afe7c678fa5dfc85,bridgeport-connecticut-afe7c678fa5dfc85-table-263-00,263,0,text,45.0,44.85451889038086,558.5211791992188,728.4476928710938,72,10,310,720,0.431,True,0.105,two_column,False,False,False,whole_page_span_likely_false_positive,weak_or_rejected,False
bridgeport-connecticut-afe7c678fa5dfc85,bridgeport-connecticut-afe7c678fa5dfc85-table-264-00,264,0,text,40.32809829711914,85.58773040771484,535.629150390625,765.9483032226562,59,9,343,531,0.646,True,0.105,multi_column_or_complex,True,False,False,whole_page_span_likely_false_positive,weak_or_rejected,False
bridgeport-connecticut-afe7c678fa5dfc85,bridgeport-connecticut-afe7c678fa5dfc85-table-265-00,265,0,text,62.82809829711914,31.66315460205078,544.1786499023438,765.7630615234375,70,11,315,770,0.409,True,0.105,two_column,False,False,False,whole_page_span_likely_false_positive,weak_or_rejected,False
bridgeport-connecticut-afe7c678fa5dfc85,bridgeport-connecticut-afe7c678fa5dfc85-table-266-00,266,0,text,40.5,85.9430923461914,564.9935913085938,765.9483032226562,73,11,430,803,0.535,True,0.105,multi_column_or_complex,True,False,False,whole_page_span_likely_false_positive,weak_or_rejected,False
bridgeport-connecticut-afe7c678fa5dfc85,bridgeport-connecticut-afe7c678fa5dfc85-table-267-00,267,0,text,45.0,85.58773040771484,566.5118408203125,765.7630615234375,71,11,385,781,0.493,True,0.105,two_column,False,False,False,whole_page_span_likely_false_positive,weak_or_rejected,False
bridgeport-connecticut-afe7c678fa5dfc85,bridgeport-connecticut-afe7c678fa5dfc85-table-268-00,268,0,text,40.5,44.85451889038086,566.6060791015625,765.9483032226562,68,11,361,748,0.483,True,0.105,multi_column_or_complex,True,False,False,whole_page_span_likely_false_positive,weak_or_rejected,False
bridgeport-connecticut-afe7c678fa5dfc85,bridgeport-connecticut-afe7c678fa5dfc85-table-269-00,269,0,text,44.82809829711914,31.66315460205078,571.67333984375,765.7630615234375,83,8,328,664,0.494,True,0.105,two_column,False,False,False,whole_page_span_likely_false_positive,weak_or_rejected,False
bridgeport-connecticut-afe7c678fa5dfc85,bridgeport-connecticut-afe7c678fa5dfc85-table-270-00,270,0,text,40.5,85.58773040771484,551.9501953125,716.4827270507812,64,10,351,640,0.548,True,0.105,multi_column_or_complex,True,False,False,whole_page_span_likely_false_positive,weak_or_rejected,False
bridgeport-connecticut-afe7c678fa5dfc85,bridgeport-connecticut-afe7c678fa5dfc85-table-271-00,271,0,text,44.82809829711914,44.85451889038086,571.6736450195312,765.7630615234375,74,11,423,814,0.52,True,0.105,two_column,False,False,False,whole_page_span_likely_false_positive,weak_or_rejected,False
bridgeport-connecticut-afe7c678fa5dfc85,bridgeport-connecticut-afe7c678fa5dfc85-table-272-00,272,0,text,40.32809829711914,44.85451889038086,566.7822265625,765.9483032226562,70,11,407,770,0.529,True,0.105,multi_column_or_complex,True,False,False,whole_page_span_likely_false_positive,weak_or_rejected,False
bridgeport-connecticut-afe7c678fa5dfc85,bridgeport-connecticut-afe7c678fa5dfc85-table-273-00,273,0,text,45.0,85.58773040771484,555.6375732421875,765.7630615234375,79,10,343,790,0.434,True,0.105,two_column,False,False,False,whole_page_span_likely_false_positive,weak_or_rejected,False
bridgeport-connecticut-afe7c678fa5dfc85,bridgeport-connecticut-afe7c678fa5dfc85-table-274-00,274,0,text,40.32809829711914,85.58773040771484,558.0490112304688,765.9483032226562,64,9,346,576,0.601,True,0.105,multi_column_or_complex,True,False,False,whole_page_span_likely_false_positive,weak_or_rejected,False
bridgeport-connecticut-afe7c678fa5dfc85,bridgeport-connecticut-afe7c678fa5dfc85-table-275-00,275,0,text,44.82809829711914,31.66315460205078,572.1121215820312,765.7630615234375,23,5,59,115,0.513,True,0.105,multi_column_or_complex,True,False,False,whole_page_span_likely_false_positive,weak_or_rejected,False
bridgeport-connecticut-afe7c678fa5dfc85,bridgeport-connecticut-afe7c678fa5dfc85-table-277-00,277,0,text,84.0,117.57469940185547,424.17041015625,151.57470703125,3,4,12,12,1.0,False,0.35,single_column,False,False,False,degenerate_shape_or_low_confidence,weak_or_rejected,False
bridgeport-connecticut-afe7c678fa5dfc85,bridgeport-connecticut-afe7c678fa5dfc85-table-278-00,278,0,text,40.32809829711914,85.3678207397461,554.7670288085938,765.9483032226562,57,10,424,570,0.744,True,0.105,multi_column_or_complex,True,False,False,whole_page_span_likely_false_positive,weak_or_rejected,False
bridgeport-connecticut-afe7c678fa5dfc85,bridgeport-connecticut-afe7c678fa5dfc85-table-279-00,279,0,text,45.0,31.66315460205078,558.05810546875,765.7630615234375,65,9,350,585,0.598,True,0.105,two_column,False,False,False,whole_page_span_likely_false_positive,weak_or_rejected,False
bridgeport-connecticut-afe7c678fa5dfc85,bridgeport-connecticut-afe7c678fa5dfc85-table-280-00,280,0,text,40.5,44.85451889038086,545.6895141601562,707.0877075195312,72,11,303,792,0.383,True,0.105,multi_column_or_complex,True,False,False,whole_page_span_likely_false_positive,weak_or_rejected,False
bridgeport-connecticut-afe7c678fa5dfc85,bridgeport-connecticut-afe7c678fa5dfc85-table-281-00,281,0,text,84.0,118.29473114013672,424.1705017089844,188.29473876953125,6,4,24,24,1.0,False,0.35,single_column,False,False,False,degenerate_shape_or_low_confidence,weak_or_rejected,False
bridgeport-connecticut-afe7c678fa5dfc85,bridgeport-connecticut-afe7c678fa5dfc85-table-282-00,282,0,text,40.32809829711914,85.3678207397461,560.3369140625,765.9483032226562,59,8,321,472,0.68,True,0.105,multi_column_or_complex,True,False,False,whole_page_span_likely_false_positive,weak_or_rejected,False
bridgeport-connecticut-afe7c678fa5dfc85,bridgeport-connecticut-afe7c678fa5dfc85-table-283-00,283,0,text,44.82809829711914,85.9430923461914,546.8361206054688,765.7630615234375,57,8,307,456,0.673,True,0.105,two_column,False,False,False,whole_page_span_likely_false_positive,weak_or_rejected,False
bridgeport-connecticut-afe7c678fa5dfc85,bridgeport-connecticut-afe7c678fa5dfc85-table-284-00,284,0,text,40.32809829711914,86.2135009765625,268.69000244140625,765.9483032226562,24,4,59,96,0.615,False,0.35,single_column,False,False,False,degenerate_shape_or_low_confidence,weak_or_rejected,False
bridgeport-connecticut-afe7c678fa5dfc85,bridgeport-connecticut-afe7c678fa5dfc85-table-285-00,285,0,text,84.0,113.24922943115234,457.92059326171875,447.25482177734375,28,5,140,140,1.0,False,0.35,single_column,False,False,False,degenerate_shape_or_low_confidence,weak_or_rejected,False
bridgeport-connecticut-afe7c678fa5dfc85,bridgeport-connecticut-afe7c678fa5dfc85-table-286-00,286,0,lines_strict,315.57501220703125,156.84991455078125,566.875,170.50982666015625,1,2,2,2,1.0,False,0.85,two_column,False,False,False,degenerate_shape_or_low_confidence,weak_or_rejected,False
bridgeport-connecticut-afe7c678fa5dfc85,bridgeport-connecticut-afe7c678fa5dfc85-table-287-00,287,0,lines_strict,348.7619934082031,440.1307678222656,580.5057983398438,667.4116821289062,4,6,5,24,0.208,False,0.85,two_column,False,False,True,,retained_auto,True
bridgeport-connecticut-afe7c678fa5dfc85,bridgeport-connecticut-afe7c678fa5dfc85-table-288-00,288,0,lines_strict,59.198132832845054,507.45965576171875,264.2323913574219,632.3970947265625,7,7,2,49,0.041,False,0.85,single_column,False,False,False,degenerate_shape_or_low_confidence,weak_or_rejected,True
bridgeport-connecticut-afe7c678fa5dfc85,bridgeport-connecticut-afe7c678fa5dfc85-table-289-00,289,0,text,45.0,85.58773040771484,567.0780029296875,765.7642211914062,67,12,404,804,0.502,True,0.105,multi_column_or_complex,True,False,False,whole_page_span_likely_false_positive,weak_or_rejected,False
bridgeport-connecticut-afe7c678fa5dfc85,bridgeport-connecticut-afe7c678fa5dfc85-table-290-00,290,0,text,40.32809829711914,85.58773040771484,559.1961059570312,765.9483032226562,68,12,365,816,0.447,True,0.105,multi_column_or_complex,True,False,False,whole_page_span_likely_false_positive,weak_or_rejected,False
bridgeport-connecticut-afe7c678fa5dfc85,bridgeport-connecticut-afe7c678fa5dfc85-table-291-00,291,0,lines_strict,125.25010681152344,102.45562744140625,342.5536804199219,230.49327545166017,5,6,2,30,0.067,False,0.85,single_column,False,False,False,degenerate_shape_or_low_confidence,weak_or_rejected,False
bridgeport-connecticut-afe7c678fa5dfc85,bridgeport-connecticut-afe7c678fa5dfc85-table-291-01,291,1,lines_strict,125.25010681152344,262.7317810058594,342.5536804199219,513.3604736328125,15,8,5,120,0.042,False,0.85,single_column,False,False,True,,retained_auto,False
bridgeport-connecticut-afe7c678fa5dfc85,bridgeport-connecticut-afe7c678fa5dfc85-table-291-02,291,2,lines_strict,54.620601654052734,586.4454752604166,558.6081804547991,699.8399658203125,11,8,13,88,0.148,False,0.85,single_column,False,False,True,,retained_auto,False
bridgeport-connecticut-afe7c678fa5dfc85,bridgeport-connecticut-afe7c678fa5dfc85-table-292-00,292,0,text,40.5,85.58773040771484,255.8143768310547,765.9483032226562,57,5,169,285,0.593,False,0.35,single_column,False,False,False,degenerate_shape_or_low_confidence,weak_or_rejected,False
bridgeport-connecticut-afe7c678fa5dfc85,bridgeport-connecticut-afe7c678fa5dfc85-table-293-00,293,0,lines_strict,12.468899726867676,84.1707763671875,612.0,682.1963326590402,32,36,16,1152,0.014,True,0.85,table_dominant,False,True,False,whole_page_span_likely_false_positive,weak_or_rejected,False
bridgeport-connecticut-afe7c678fa5dfc85,bridgeport-connecticut-afe7c678fa5dfc85-table-293-01,293,1,lines_strict,383.56534576416016,285.02288818359375,548.9269958496094,433.4887839869449,5,12,1,60,0.017,False,0.85,table_dominant,False,True,False,degenerate_shape_or_low_confidence,weak_or_rejected,False
bridgeport-connecticut-afe7c678fa5dfc85,bridgeport-connecticut-afe7c678fa5dfc85-table-293-02,293,2,lines_strict,479.423043643727,353.9185104370117,502.70721158114344,372.15220731847427,2,2,2,4,0.5,False,0.85,table_dominant,False,True,False,degenerate_shape_or_low_confidence,weak_or_rejected,False
bridgeport-connecticut-afe7c678fa5dfc85,bridgeport-connecticut-afe7c678fa5dfc85-table-293-03,293,3,lines_strict,514.2020988464355,353.9185104370117,536.2233174641927,372.15220731847427,2,2,2,4,0.5,False,0.85,table_dominant,False,True,False,degenerate_shape_or_low_confidence,weak_or_rejected,True
bridgeport-connecticut-afe7c678fa5dfc85,bridgeport-connecticut-afe7c678fa5dfc85-table-293-04,293,4,lines_strict,548.9269958496094,353.9185104370117,570.56298828125,372.15220731847427,1,2,2,2,1.0,False,0.85,table_dominant,False,True,False,degenerate_shape_or_low_confidence,weak_or_rejected,False
bridgeport-connecticut-afe7c678fa5dfc85,bridgeport-connecticut-afe7c678fa5dfc85-table-293-05,293,5,lines_strict,136.65295124053955,449.05287742614746,159.01799201965332,473.0190124511719,1,2,2,2,1.0,False,0.85,table_dominant,False,True,False,degenerate_shape_or_low_confidence,weak_or_rejected,False
bridgeport-connecticut-afe7c678fa5dfc85,bridgeport-connecticut-afe7c678fa5dfc85-table-293-06,293,6,lines_strict,193.94972568088107,449.05287742614746,211.39794921875,467.2209879557292,1,2,2,2,1.0,False,0.85,table_dominant,False,True,False,degenerate_shape_or_low_confidence,weak_or_rejected,False
bridgeport-connecticut-afe7c678fa5dfc85,bridgeport-connecticut-afe7c678fa5dfc85-table-293-07,293,7,lines_strict,148.3990889839504,521.5067749023438,171.84918648856026,546.4119873046875,2,2,2,4,0.5,False,0.85,table_dominant,False,True,False,degenerate_shape_or_low_confidence,weak_or_rejected,False
bridgeport-connecticut-afe7c678fa5dfc85,bridgeport-connecticut-afe7c678fa5dfc85-table-294-00,294,0,text,40.32809829711914,31.66315460205078,564.5780029296875,765.9483032226562,76,12,421,912,0.462,True,0.105,multi_column_or_complex,True,False,False,whole_page_span_likely_false_positive,weak_or_rejected,False
bridgeport-connecticut-afe7c678fa5dfc85,bridgeport-connecticut-afe7c678fa5dfc85-table-295-00,295,0,text,44.822784423828125,85.58773040771484,572.1123046875,765.7642211914062,64,9,337,576,0.585,True,0.105,two_column,False,False,False,whole_page_span_likely_false_positive,weak_or_rejected,False
bridgeport-connecticut-afe7c678fa5dfc85,bridgeport-connecticut-afe7c678fa5dfc85-table-296-00,296,0,text,39.5,44.85451889038086,565.8975219726562,765.9483032226562,74,9,346,666,0.52,True,0.105,multi_column_or_complex,True,False,False,whole_page_span_likely_false_positive,weak_or_rejected,False
bridgeport-connecticut-afe7c678fa5dfc85,bridgeport-connecticut-afe7c678fa5dfc85-table-297-00,297,0,text,45.5,31.66315460205078,566.9025268554688,714.4627075195312,72,11,337,792,0.426,True,0.105,multi_column_or_complex,True,False,False,whole_page_span_likely_false_positive,weak_or_rejected,False
bridgeport-connecticut-afe7c678fa5dfc85,bridgeport-connecticut-afe7c678fa5dfc85-table-298-00,298,0,text,40.32809829711914,44.85451889038086,553.4155883789062,765.9483032226562,64,8,311,512,0.607,True,0.105,multi_column_or_complex,True,False,False,whole_page_span_likely_false_positive,weak_or_rejected,False
bridgeport-connecticut-afe7c678fa5dfc85,bridgeport-connecticut-afe7c678fa5dfc85-table-299-00,299,0,text,44.822784423828125,44.85451889038086,573.980224609375,765.7642211914062,77,9,337,693,0.486,True,0.105,two_column,False,False,False,whole_page_span_likely_false_positive,weak_or_rejected,False
bridgeport-connecticut-afe7c678fa5dfc85,bridgeport-connecticut-afe7c678fa5dfc85-table-300-00,300,0,text,40.32809829711914,85.58773040771484,542.6141357421875,765.9483032226562,75,8,308,600,0.513,True,0.105,multi_column_or_complex,True,False,False,whole_page_span_likely_false_positive,weak_or_rejected,False
bridgeport-connecticut-afe7c678fa5dfc85,bridgeport-connecticut-afe7c678fa5dfc85-table-301-00,301,0,text,44.822784423828125,31.66315460205078,571.67431640625,765.7642211914062,63,9,257,567,0.453,True,0.105,two_column,False,False,False,whole_page_span_likely_false_positive,weak_or_rejected,False
bridgeport-connecticut-afe7c678fa5dfc85,bridgeport-connecticut-afe7c678fa5dfc85-table-303-00,303,0,lines_strict,45.234375,111.1300048828125,573.1330871582031,687.342529296875,15,5,40,75,0.533,True,0.85,table_dominant,False,True,False,whole_page_span_likely_false_positive,weak_or_rejected,False
