citation_id,raw_citation_text,normalized_citation,citation_kind,source_node_id,source_page,source_excerpt,target_node_id,resolution_status,resolution_confidence,ambiguity_reason
bridgeport-connecticut-afe7c678fa5dfc85-citation-00001,Table 2-1,2-1,table_reference,bridgeport-connecticut-afe7c678fa5dfc85-repaired-node-000025,10,The city’s mixed-use zones are listed in Table 2-1 . When this,,unresolved,0.0,no_caption_found_for_table_reference
bridgeport-connecticut-afe7c678fa5dfc85-citation-00002,Table 2-1,2-1,table_reference,bridgeport-connecticut-afe7c678fa5dfc85-repaired-node-000032,11,The city’s neighborhood zones are listed in Table 2-1 . When,,unresolved,0.0,no_caption_found_for_table_reference
bridgeport-connecticut-afe7c678fa5dfc85-citation-00003,Table 2-1,2-1,table_reference,bridgeport-connecticut-afe7c678fa5dfc85-repaired-node-000040,11,The city’s industrial zones are listed in Table 2-1 . When this,,unresolved,0.0,no_caption_found_for_table_reference
bridgeport-connecticut-afe7c678fa5dfc85-citation-00004,Table 2-1,2-1,table_reference,bridgeport-connecticut-afe7c678fa5dfc85-repaired-node-000042,11,The city’s public-institutional zones are listed in Table 2-1 .,,unresolved,0.0,no_caption_found_for_table_reference
bridgeport-connecticut-afe7c678fa5dfc85-citation-00005,See 3.140.10,3.140.10,decimal_section,bridgeport-connecticut-afe7c678fa5dfc85-repaired-node-000045,11,"botanical gardens, and universities. See 3.140.10 for",bridgeport-connecticut-afe7c678fa5dfc85-repaired-node-000270,resolved_exact,0.9,
bridgeport-connecticut-afe7c678fa5dfc85-citation-00006,Table 2-1,2-1,table_reference,bridgeport-connecticut-afe7c678fa5dfc85-repaired-node-000051,12,The city’s overlay zones are listed in Table 2-1 . When this,,unresolved,0.0,no_caption_found_for_table_reference
bridgeport-connecticut-afe7c678fa5dfc85-citation-00007,Table 2-2,2-2,table_reference,bridgeport-connecticut-afe7c678fa5dfc85-repaired-node-000057,13,Table 2-2 (continued).,bridgeport-connecticut-afe7c678fa5dfc85-table-012-00,resolved_table,0.8,
bridgeport-connecticut-afe7c678fa5dfc85-citation-00008,Table 2-2,2-2,table_reference,bridgeport-connecticut-afe7c678fa5dfc85-repaired-node-000060,14,"type allowed in the zone per Table 2-2 , unless otherwise",bridgeport-connecticut-afe7c678fa5dfc85-table-012-00,resolved_table,0.8,
bridgeport-connecticut-afe7c678fa5dfc85-citation-00009,See 3.0,3.0,decimal_section,bridgeport-connecticut-afe7c678fa5dfc85-repaired-node-000060,14,expressly stated by this ordinance. See 3.0 for site and,bridgeport-connecticut-afe7c678fa5dfc85-repaired-node-000061,resolved_exact,0.9,
bridgeport-connecticut-afe7c678fa5dfc85-citation-00010,See 13.0,13.0,decimal_section,bridgeport-connecticut-afe7c678fa5dfc85-repaired-node-000060,14,building type regulations. See 13.0 for existing buildings that,bridgeport-connecticut-afe7c678fa5dfc85-repaired-node-001794,resolved_exact,0.9,
bridgeport-connecticut-afe7c678fa5dfc85-citation-00011,See 4.0,4.0,decimal_section,bridgeport-connecticut-afe7c678fa5dfc85-repaired-node-000060,14,See 4.0 for use definitions and supplemental regulations.,bridgeport-connecticut-afe7c678fa5dfc85-repaired-node-000415,resolved_exact,0.9,
bridgeport-connecticut-afe7c678fa5dfc85-citation-00012,See 13.0,13.0,decimal_section,bridgeport-connecticut-afe7c678fa5dfc85-repaired-node-000063,16,See 13.0 for buildings constructed and lots established prior,bridgeport-connecticut-afe7c678fa5dfc85-repaired-node-001794,resolved_exact,0.9,
bridgeport-connecticut-afe7c678fa5dfc85-citation-00013,See 7.0,7.0,decimal_section,bridgeport-connecticut-afe7c678fa5dfc85-repaired-node-000064,16,"sidewalk space, unless otherwise expressly stated. See 7.0",bridgeport-connecticut-afe7c678fa5dfc85-repaired-node-000965,resolved_exact,0.9,
bridgeport-connecticut-afe7c678fa5dfc85-citation-00014,Table 2-2,2-2,table_reference,bridgeport-connecticut-afe7c678fa5dfc85-repaired-node-000066,16,Building types are allowed in zones per Table 2-2 . All,bridgeport-connecticut-afe7c678fa5dfc85-table-012-00,resolved_table,0.8,
bridgeport-connecticut-afe7c678fa5dfc85-citation-00015,See 3.150,3.150,decimal_section,bridgeport-connecticut-afe7c678fa5dfc85-repaired-node-000069,16,site and the Open Outdoor site. See 3.150 and 3.160.,bridgeport-connecticut-afe7c678fa5dfc85-repaired-node-000281,resolved_exact,0.9,
bridgeport-connecticut-afe7c678fa5dfc85-citation-00016,See 7.130,7.130,decimal_section,bridgeport-connecticut-afe7c678fa5dfc85-repaired-node-000082,17,"D. Screening. See 7.130 for required screening of trash,",bridgeport-connecticut-afe7c678fa5dfc85-repaired-node-001130,resolved_exact,0.9,
bridgeport-connecticut-afe7c678fa5dfc85-citation-00017,See 7.0,7.0,decimal_section,bridgeport-connecticut-afe7c678fa5dfc85-repaired-node-000089,17,C. Screening. See 7.0 for required buffers and 7.130 for,bridgeport-connecticut-afe7c678fa5dfc85-repaired-node-000965,resolved_exact,0.9,
bridgeport-connecticut-afe7c678fa5dfc85-citation-00018,See 6.50.12,6.50.12,decimal_section,bridgeport-connecticut-afe7c678fa5dfc85-repaired-node-000097,18,per 6.30.2 . See 6.50.12 for structured parking design on,bridgeport-connecticut-afe7c678fa5dfc85-repaired-node-000854,resolved_to_ancestor_section,0.5,exact_heading_number_'6.50.12'_not_found;_matched_ancestor_'6.50'
bridgeport-connecticut-afe7c678fa5dfc85-citation-00019,See 3.10,3.10,decimal_section,bridgeport-connecticut-afe7c678fa5dfc85-repaired-node-000103,19,building type. See 3.10 for general regulations for all,bridgeport-connecticut-afe7c678fa5dfc85-repaired-node-000062,resolved_exact,0.9,
bridgeport-connecticut-afe7c678fa5dfc85-citation-00020,See 14.0,14.0,decimal_section,bridgeport-connecticut-afe7c678fa5dfc85-repaired-node-000103,19,building types. See 14.0 for definitions and measuring table,bridgeport-connecticut-afe7c678fa5dfc85-repaired-node-001829,resolved_exact,0.9,
bridgeport-connecticut-afe7c678fa5dfc85-citation-00021,See 14.20.6,14.20.6,decimal_section,bridgeport-connecticut-afe7c678fa5dfc85-repaired-node-000104,20,See 14.20.6 for,bridgeport-connecticut-afe7c678fa5dfc85-repaired-node-001853,resolved_exact,0.9,
bridgeport-connecticut-afe7c678fa5dfc85-citation-00022,See 14.20.7,14.20.7,decimal_section,bridgeport-connecticut-afe7c678fa5dfc85-repaired-node-000104,20,See 14.20.7 for measuring,bridgeport-connecticut-afe7c678fa5dfc85-repaired-node-001843,resolved_to_ancestor_section,0.5,exact_heading_number_'14.20.7'_not_found;_matched_ancestor_'14.20'
bridgeport-connecticut-afe7c678fa5dfc85-citation-00023,See 8.0,8.0,decimal_section,bridgeport-connecticut-afe7c678fa5dfc85-repaired-node-000105,21,See 8.0 for parking.,bridgeport-connecticut-afe7c678fa5dfc85-repaired-node-001181,resolved_exact,0.9,
bridgeport-connecticut-afe7c678fa5dfc85-citation-00024,See 6.50.11,6.50.11,decimal_section,bridgeport-connecticut-afe7c678fa5dfc85-repaired-node-000105,21,See 6.50.11 for garage,bridgeport-connecticut-afe7c678fa5dfc85-repaired-node-000854,resolved_to_ancestor_section,0.5,exact_heading_number_'6.50.11'_not_found;_matched_ancestor_'6.50'
bridgeport-connecticut-afe7c678fa5dfc85-citation-00025,See 14.20.9,14.20.9,decimal_section,bridgeport-connecticut-afe7c678fa5dfc85-repaired-node-000105,21,See 14.20.9 for allowed,bridgeport-connecticut-afe7c678fa5dfc85-repaired-node-001872,resolved_exact,0.9,
bridgeport-connecticut-afe7c678fa5dfc85-citation-00026,See 3.170,3.170,decimal_section,bridgeport-connecticut-afe7c678fa5dfc85-repaired-node-000105,21,See 3.170 for accessory,bridgeport-connecticut-afe7c678fa5dfc85-repaired-node-000295,resolved_exact,0.9,
bridgeport-connecticut-afe7c678fa5dfc85-citation-00027,See 3.20.10,3.20.10,decimal_section,bridgeport-connecticut-afe7c678fa5dfc85-repaired-node-000106,22,floor. See 3.20.10 for,bridgeport-connecticut-afe7c678fa5dfc85-repaired-node-000103,resolved_to_ancestor_section,0.5,exact_heading_number_'3.20.10'_not_found;_matched_ancestor_'3.20'
bridgeport-connecticut-afe7c678fa5dfc85-citation-00028,See 3.10.13,3.10.13,decimal_section,bridgeport-connecticut-afe7c678fa5dfc85-repaired-node-000106,22,See 3.10.13 for height in,bridgeport-connecticut-afe7c678fa5dfc85-repaired-node-000062,resolved_to_ancestor_section,0.5,exact_heading_number_'3.10.13'_not_found;_matched_ancestor_'3.10'
bridgeport-connecticut-afe7c678fa5dfc85-citation-00029,See 6.20,6.20,decimal_section,bridgeport-connecticut-afe7c678fa5dfc85-repaired-node-000107,22,See 6.20 for roof types,bridgeport-connecticut-afe7c678fa5dfc85-repaired-node-000757,resolved_exact,0.9,
bridgeport-connecticut-afe7c678fa5dfc85-citation-00030,See 14.20.11,14.20.11,decimal_section,bridgeport-connecticut-afe7c678fa5dfc85-repaired-node-000108,23,See 14.20.11 for,bridgeport-connecticut-afe7c678fa5dfc85-repaired-node-001887,resolved_exact,0.9,
bridgeport-connecticut-afe7c678fa5dfc85-citation-00031,See 14.20.11,14.20.11,decimal_section,bridgeport-connecticut-afe7c678fa5dfc85-repaired-node-000108,23,stories. See 14.20.11 for,bridgeport-connecticut-afe7c678fa5dfc85-repaired-node-001887,resolved_exact,0.9,
bridgeport-connecticut-afe7c678fa5dfc85-citation-00032,See 14.20.12,14.20.12,decimal_section,bridgeport-connecticut-afe7c678fa5dfc85-repaired-node-000108,23,See 14.20.12 for,bridgeport-connecticut-afe7c678fa5dfc85-repaired-node-001905,resolved_exact,0.9,
bridgeport-connecticut-afe7c678fa5dfc85-citation-00033,See 6.30,6.30,decimal_section,bridgeport-connecticut-afe7c678fa5dfc85-repaired-node-000108,23,See 6.30 for entrance,bridgeport-connecticut-afe7c678fa5dfc85-repaired-node-000797,resolved_exact,0.9,
bridgeport-connecticut-afe7c678fa5dfc85-citation-00034,See 3.10.13,3.10.13,decimal_section,bridgeport-connecticut-afe7c678fa5dfc85-repaired-node-000108,23,types. See 3.10.13 for,bridgeport-connecticut-afe7c678fa5dfc85-repaired-node-000062,resolved_to_ancestor_section,0.5,exact_heading_number_'3.10.13'_not_found;_matched_ancestor_'3.10'
bridgeport-connecticut-afe7c678fa5dfc85-citation-00035,See 14.20.11,14.20.11,decimal_section,bridgeport-connecticut-afe7c678fa5dfc85-repaired-node-000114,25,See 14.20.11 for measuring mezzanines and applying,bridgeport-connecticut-afe7c678fa5dfc85-repaired-node-001887,resolved_exact,0.9,
bridgeport-connecticut-afe7c678fa5dfc85-citation-00036,See 3.10,3.10,decimal_section,bridgeport-connecticut-afe7c678fa5dfc85-repaired-node-000117,27,building type. See 3.10 for general regulations for all,bridgeport-connecticut-afe7c678fa5dfc85-repaired-node-000062,resolved_exact,0.9,
bridgeport-connecticut-afe7c678fa5dfc85-citation-00037,See 14.0,14.0,decimal_section,bridgeport-connecticut-afe7c678fa5dfc85-repaired-node-000117,27,building types. See 14.0 for definitions and measuring table,bridgeport-connecticut-afe7c678fa5dfc85-repaired-node-001829,resolved_exact,0.9,
bridgeport-connecticut-afe7c678fa5dfc85-citation-00038,See 14.20.7,14.20.7,decimal_section,bridgeport-connecticut-afe7c678fa5dfc85-repaired-node-000118,28,See 14.20.7 for measuring site coverage.,bridgeport-connecticut-afe7c678fa5dfc85-repaired-node-001843,resolved_to_ancestor_section,0.5,exact_heading_number_'14.20.7'_not_found;_matched_ancestor_'14.20'
bridgeport-connecticut-afe7c678fa5dfc85-citation-00039,See 8.0,8.0,decimal_section,bridgeport-connecticut-afe7c678fa5dfc85-repaired-node-000119,29,See 8.0 for parking.,bridgeport-connecticut-afe7c678fa5dfc85-repaired-node-001181,resolved_exact,0.9,
bridgeport-connecticut-afe7c678fa5dfc85-citation-00040,See 6.50.11,6.50.11,decimal_section,bridgeport-connecticut-afe7c678fa5dfc85-repaired-node-000119,29,See 6.50.11 for garage door design,bridgeport-connecticut-afe7c678fa5dfc85-repaired-node-000854,resolved_to_ancestor_section,0.5,exact_heading_number_'6.50.11'_not_found;_matched_ancestor_'6.50'
bridgeport-connecticut-afe7c678fa5dfc85-citation-00041,See 14.270,14.270,decimal_section,bridgeport-connecticut-afe7c678fa5dfc85-repaired-node-000119,29,See 14.270 for definition of yards.,bridgeport-connecticut-afe7c678fa5dfc85-repaired-node-001938,resolved_exact,0.9,
bridgeport-connecticut-afe7c678fa5dfc85-citation-00042,See 3.170,3.170,decimal_section,bridgeport-connecticut-afe7c678fa5dfc85-repaired-node-000119,29,See 3.170 for accessory structures.,bridgeport-connecticut-afe7c678fa5dfc85-repaired-node-000295,resolved_exact,0.9,
bridgeport-connecticut-afe7c678fa5dfc85-citation-00043,See 3.170,3.170,decimal_section,bridgeport-connecticut-afe7c678fa5dfc85-repaired-node-000119,29,See 3.170 for accessory structures and,bridgeport-connecticut-afe7c678fa5dfc85-repaired-node-000295,resolved_exact,0.9,
bridgeport-connecticut-afe7c678fa5dfc85-citation-00044,See 3.30.10,3.30.10,decimal_section,bridgeport-connecticut-afe7c678fa5dfc85-repaired-node-000120,30,See 3.30.10 for additional height for taller,bridgeport-connecticut-afe7c678fa5dfc85-repaired-node-000117,resolved_to_ancestor_section,0.5,exact_heading_number_'3.30.10'_not_found;_matched_ancestor_'3.30'
bridgeport-connecticut-afe7c678fa5dfc85-citation-00045,See 14.20.10,14.20.10,decimal_section,bridgeport-connecticut-afe7c678fa5dfc85-repaired-node-000120,30,See 14.20.10 for measuring height.,bridgeport-connecticut-afe7c678fa5dfc85-repaired-node-000782,resolved_exact,0.9,
bridgeport-connecticut-afe7c678fa5dfc85-citation-00046,See 6.20,6.20,decimal_section,bridgeport-connecticut-afe7c678fa5dfc85-repaired-node-000121,30,See 6.20 for roof types and tower,bridgeport-connecticut-afe7c678fa5dfc85-repaired-node-000757,resolved_exact,0.9,
bridgeport-connecticut-afe7c678fa5dfc85-citation-00047,See 3.30.10,3.30.10,decimal_section,bridgeport-connecticut-afe7c678fa5dfc85-repaired-node-000121,30,regulations. See 3.30.10 for pitched roof,bridgeport-connecticut-afe7c678fa5dfc85-repaired-node-000117,resolved_to_ancestor_section,0.5,exact_heading_number_'3.30.10'_not_found;_matched_ancestor_'3.30'
bridgeport-connecticut-afe7c678fa5dfc85-citation-00048,See 14.20.11,14.20.11,decimal_section,bridgeport-connecticut-afe7c678fa5dfc85-repaired-node-000122,31,grade. See 14.20.11 for measuring,bridgeport-connecticut-afe7c678fa5dfc85-repaired-node-001887,resolved_exact,0.9,
bridgeport-connecticut-afe7c678fa5dfc85-citation-00049,See 14.20.11,14.20.11,decimal_section,bridgeport-connecticut-afe7c678fa5dfc85-repaired-node-000122,31,with full-floor height. See 14.20.11 for,bridgeport-connecticut-afe7c678fa5dfc85-repaired-node-001887,resolved_exact,0.9,
bridgeport-connecticut-afe7c678fa5dfc85-citation-00050,See 14.20.12,14.20.12,decimal_section,bridgeport-connecticut-afe7c678fa5dfc85-repaired-node-000122,31,See 14.20.12 for measuring building,bridgeport-connecticut-afe7c678fa5dfc85-repaired-node-001905,resolved_exact,0.9,
bridgeport-connecticut-afe7c678fa5dfc85-citation-00051,See 6.30,6.30,decimal_section,bridgeport-connecticut-afe7c678fa5dfc85-repaired-node-000122,31,See 6.30 for entrance types included,bridgeport-connecticut-afe7c678fa5dfc85-repaired-node-000797,resolved_exact,0.9,
bridgeport-connecticut-afe7c678fa5dfc85-citation-00052,See 3.10.13,3.10.13,decimal_section,bridgeport-connecticut-afe7c678fa5dfc85-repaired-node-000122,31,locations. See 3.10.13 for flood locations.,bridgeport-connecticut-afe7c678fa5dfc85-repaired-node-000062,resolved_to_ancestor_section,0.5,exact_heading_number_'3.10.13'_not_found;_matched_ancestor_'3.10'
bridgeport-connecticut-afe7c678fa5dfc85-citation-00053,See 14.210,14.210,decimal_section,bridgeport-connecticut-afe7c678fa5dfc85-repaired-node-000122,31,80% of length of facade. See 14.210 for,bridgeport-connecticut-afe7c678fa5dfc85-repaired-node-001930,resolved_exact,0.9,
bridgeport-connecticut-afe7c678fa5dfc85-citation-00054,See 3.10,3.10,decimal_section,bridgeport-connecticut-afe7c678fa5dfc85-repaired-node-000131,35,building type. See 3.10 for general regulations for all,bridgeport-connecticut-afe7c678fa5dfc85-repaired-node-000062,resolved_exact,0.9,
bridgeport-connecticut-afe7c678fa5dfc85-citation-00055,See 14.0,14.0,decimal_section,bridgeport-connecticut-afe7c678fa5dfc85-repaired-node-000131,35,building types. See 14.0 for definitions and measuring table,bridgeport-connecticut-afe7c678fa5dfc85-repaired-node-001829,resolved_exact,0.9,
bridgeport-connecticut-afe7c678fa5dfc85-citation-00056,See 3.40.10,3.40.10,decimal_section,bridgeport-connecticut-afe7c678fa5dfc85-repaired-node-000132,36,See 3.40.10 for multiple,bridgeport-connecticut-afe7c678fa5dfc85-repaired-node-000131,resolved_to_ancestor_section,0.5,exact_heading_number_'3.40.10'_not_found;_matched_ancestor_'3.40'
bridgeport-connecticut-afe7c678fa5dfc85-citation-00057,See 14.20.6,14.20.6,decimal_section,bridgeport-connecticut-afe7c678fa5dfc85-repaired-node-000132,36,See 14.20.6 for measuring,bridgeport-connecticut-afe7c678fa5dfc85-repaired-node-001853,resolved_exact,0.9,
bridgeport-connecticut-afe7c678fa5dfc85-citation-00058,See 3.40.10,3.40.10,decimal_section,bridgeport-connecticut-afe7c678fa5dfc85-repaired-node-000132,36,prevailing setbacks. See 3.40.10,bridgeport-connecticut-afe7c678fa5dfc85-repaired-node-000131,resolved_to_ancestor_section,0.5,exact_heading_number_'3.40.10'_not_found;_matched_ancestor_'3.40'
bridgeport-connecticut-afe7c678fa5dfc85-citation-00059,See 14.20.7,14.20.7,decimal_section,bridgeport-connecticut-afe7c678fa5dfc85-repaired-node-000132,36,See 14.20.7 for measuring site,bridgeport-connecticut-afe7c678fa5dfc85-repaired-node-001843,resolved_to_ancestor_section,0.5,exact_heading_number_'14.20.7'_not_found;_matched_ancestor_'14.20'
bridgeport-connecticut-afe7c678fa5dfc85-citation-00060,See 8.0,8.0,decimal_section,bridgeport-connecticut-afe7c678fa5dfc85-repaired-node-000133,37,See 8.0 for parking.,bridgeport-connecticut-afe7c678fa5dfc85-repaired-node-001181,resolved_exact,0.9,
bridgeport-connecticut-afe7c678fa5dfc85-citation-00061,See 6.50.11,6.50.11,decimal_section,bridgeport-connecticut-afe7c678fa5dfc85-repaired-node-000133,37,See 6.50.11 for garage door,bridgeport-connecticut-afe7c678fa5dfc85-repaired-node-000854,resolved_to_ancestor_section,0.5,exact_heading_number_'6.50.11'_not_found;_matched_ancestor_'6.50'
bridgeport-connecticut-afe7c678fa5dfc85-citation-00062,See 14.20.9,14.20.9,decimal_section,bridgeport-connecticut-afe7c678fa5dfc85-repaired-node-000133,37,See 14.20.9 for allowed limited,bridgeport-connecticut-afe7c678fa5dfc85-repaired-node-001872,resolved_exact,0.9,
bridgeport-connecticut-afe7c678fa5dfc85-citation-00063,See 3.170,3.170,decimal_section,bridgeport-connecticut-afe7c678fa5dfc85-repaired-node-000133,37,See 3.170 for accessory,bridgeport-connecticut-afe7c678fa5dfc85-repaired-node-000295,resolved_exact,0.9,
bridgeport-connecticut-afe7c678fa5dfc85-citation-00064,See 3.170,3.170,decimal_section,bridgeport-connecticut-afe7c678fa5dfc85-repaired-node-000133,37,See 3.170 for accessory,bridgeport-connecticut-afe7c678fa5dfc85-repaired-node-000295,resolved_exact,0.9,
bridgeport-connecticut-afe7c678fa5dfc85-citation-00065,See 14.20.10,14.20.10,decimal_section,bridgeport-connecticut-afe7c678fa5dfc85-repaired-node-000134,38,of the eave. See 14.20.10 for,bridgeport-connecticut-afe7c678fa5dfc85-repaired-node-000782,resolved_exact,0.9,
bridgeport-connecticut-afe7c678fa5dfc85-citation-00066,See 6.20,6.20,decimal_section,bridgeport-connecticut-afe7c678fa5dfc85-repaired-node-000135,38,See 6.20 for roof types and,bridgeport-connecticut-afe7c678fa5dfc85-repaired-node-000757,resolved_exact,0.9,
bridgeport-connecticut-afe7c678fa5dfc85-citation-00067,See 14.20.11,14.20.11,decimal_section,bridgeport-connecticut-afe7c678fa5dfc85-repaired-node-000136,39,See 14.20.11 for measuring,bridgeport-connecticut-afe7c678fa5dfc85-repaired-node-001887,resolved_exact,0.9,
bridgeport-connecticut-afe7c678fa5dfc85-citation-00068,See 6.30,6.30,decimal_section,bridgeport-connecticut-afe7c678fa5dfc85-repaired-node-000136,39,"See 6.30 for entrance types,",bridgeport-connecticut-afe7c678fa5dfc85-repaired-node-000797,resolved_exact,0.9,
bridgeport-connecticut-afe7c678fa5dfc85-citation-00069,See 14.210,14.210,decimal_section,bridgeport-connecticut-afe7c678fa5dfc85-repaired-node-000136,39,See 14.210 for definition of,bridgeport-connecticut-afe7c678fa5dfc85-repaired-node-001930,resolved_exact,0.9,
bridgeport-connecticut-afe7c678fa5dfc85-citation-00070,See 14.20.9,14.20.9,decimal_section,bridgeport-connecticut-afe7c678fa5dfc85-repaired-node-000142,41,may not be located next to each other. See 14.20.9,bridgeport-connecticut-afe7c678fa5dfc85-repaired-node-001872,resolved_exact,0.9,
bridgeport-connecticut-afe7c678fa5dfc85-citation-00071,See 14.20.6,14.20.6,decimal_section,bridgeport-connecticut-afe7c678fa5dfc85-repaired-node-000148,42,(3) Other Allowed Encroachments. See 14.20.6.D for,bridgeport-connecticut-afe7c678fa5dfc85-repaired-node-001853,resolved_exact,0.9,
bridgeport-connecticut-afe7c678fa5dfc85-citation-00072,See 14.20.10,14.20.10,decimal_section,bridgeport-connecticut-afe7c678fa5dfc85-repaired-node-000149,42,C. Half Stories in Roof. See 14.20.10 . F for definition of half,bridgeport-connecticut-afe7c678fa5dfc85-repaired-node-000782,resolved_exact,0.9,
bridgeport-connecticut-afe7c678fa5dfc85-citation-00073,See 3.10,3.10,decimal_section,bridgeport-connecticut-afe7c678fa5dfc85-repaired-node-000153,43,building type. See 3.10 for general regulations for all,bridgeport-connecticut-afe7c678fa5dfc85-repaired-node-000062,resolved_exact,0.9,
bridgeport-connecticut-afe7c678fa5dfc85-citation-00074,See 14.0,14.0,decimal_section,bridgeport-connecticut-afe7c678fa5dfc85-repaired-node-000153,43,building types. See 14.0 for definitions and measuring table,bridgeport-connecticut-afe7c678fa5dfc85-repaired-node-001829,resolved_exact,0.9,
bridgeport-connecticut-afe7c678fa5dfc85-citation-00075,See 3.50.10,3.50.10,decimal_section,bridgeport-connecticut-afe7c678fa5dfc85-repaired-node-000154,44,See 3.50.10 for,bridgeport-connecticut-afe7c678fa5dfc85-repaired-node-000153,resolved_to_ancestor_section,0.5,exact_heading_number_'3.50.10'_not_found;_matched_ancestor_'3.50'
bridgeport-connecticut-afe7c678fa5dfc85-citation-00076,See 3.50.10,3.50.10,decimal_section,bridgeport-connecticut-afe7c678fa5dfc85-repaired-node-000154,44,See 3.50.10,bridgeport-connecticut-afe7c678fa5dfc85-repaired-node-000153,resolved_to_ancestor_section,0.5,exact_heading_number_'3.50.10'_not_found;_matched_ancestor_'3.50'
bridgeport-connecticut-afe7c678fa5dfc85-citation-00077,See 3.50.10,3.50.10,decimal_section,bridgeport-connecticut-afe7c678fa5dfc85-repaired-node-000154,44,See 3.50.10 for,bridgeport-connecticut-afe7c678fa5dfc85-repaired-node-000153,resolved_to_ancestor_section,0.5,exact_heading_number_'3.50.10'_not_found;_matched_ancestor_'3.50'
bridgeport-connecticut-afe7c678fa5dfc85-citation-00078,See 14.20.7,14.20.7,decimal_section,bridgeport-connecticut-afe7c678fa5dfc85-repaired-node-000154,44,See 14.20.7 for,bridgeport-connecticut-afe7c678fa5dfc85-repaired-node-001843,resolved_to_ancestor_section,0.5,exact_heading_number_'14.20.7'_not_found;_matched_ancestor_'14.20'
bridgeport-connecticut-afe7c678fa5dfc85-citation-00079,See 8.0,8.0,decimal_section,bridgeport-connecticut-afe7c678fa5dfc85-repaired-node-000155,45,See 8.0 for parking.,bridgeport-connecticut-afe7c678fa5dfc85-repaired-node-001181,resolved_exact,0.9,
bridgeport-connecticut-afe7c678fa5dfc85-citation-00080,See 6.50.11,6.50.11,decimal_section,bridgeport-connecticut-afe7c678fa5dfc85-repaired-node-000155,45,See 6.50.11 for,bridgeport-connecticut-afe7c678fa5dfc85-repaired-node-000854,resolved_to_ancestor_section,0.5,exact_heading_number_'6.50.11'_not_found;_matched_ancestor_'6.50'
bridgeport-connecticut-afe7c678fa5dfc85-citation-00081,See 14.20.9,14.20.9,decimal_section,bridgeport-connecticut-afe7c678fa5dfc85-repaired-node-000155,45,See 14.20.9 for,bridgeport-connecticut-afe7c678fa5dfc85-repaired-node-001872,resolved_exact,0.9,
bridgeport-connecticut-afe7c678fa5dfc85-citation-00082,See 3.170,3.170,decimal_section,bridgeport-connecticut-afe7c678fa5dfc85-repaired-node-000155,45,See 3.170 for,bridgeport-connecticut-afe7c678fa5dfc85-repaired-node-000295,resolved_exact,0.9,
bridgeport-connecticut-afe7c678fa5dfc85-citation-00083,See 3.170,3.170,decimal_section,bridgeport-connecticut-afe7c678fa5dfc85-repaired-node-000155,45,See 3.170 for,bridgeport-connecticut-afe7c678fa5dfc85-repaired-node-000295,resolved_exact,0.9,
bridgeport-connecticut-afe7c678fa5dfc85-citation-00084,See 3.50.10,3.50.10,decimal_section,bridgeport-connecticut-afe7c678fa5dfc85-repaired-node-000156,46,See 3.50.10 for step-,bridgeport-connecticut-afe7c678fa5dfc85-repaired-node-000153,resolved_to_ancestor_section,0.5,exact_heading_number_'3.50.10'_not_found;_matched_ancestor_'3.50'
bridgeport-connecticut-afe7c678fa5dfc85-citation-00085,See 14.20.10,14.20.10,decimal_section,bridgeport-connecticut-afe7c678fa5dfc85-repaired-node-000156,46,See 14.20.10 for,bridgeport-connecticut-afe7c678fa5dfc85-repaired-node-000782,resolved_exact,0.9,
bridgeport-connecticut-afe7c678fa5dfc85-citation-00086,See 6.20,6.20,decimal_section,bridgeport-connecticut-afe7c678fa5dfc85-repaired-node-000157,46,See 6.20 for roof,bridgeport-connecticut-afe7c678fa5dfc85-repaired-node-000757,resolved_exact,0.9,
bridgeport-connecticut-afe7c678fa5dfc85-citation-00087,See 14.20.11,14.20.11,decimal_section,bridgeport-connecticut-afe7c678fa5dfc85-repaired-node-000158,47,height. See 14.20.11,bridgeport-connecticut-afe7c678fa5dfc85-repaired-node-001887,resolved_exact,0.9,
bridgeport-connecticut-afe7c678fa5dfc85-citation-00088,See 14.20.12,14.20.12,decimal_section,bridgeport-connecticut-afe7c678fa5dfc85-repaired-node-000158,47,See 14.20.12 for,bridgeport-connecticut-afe7c678fa5dfc85-repaired-node-001905,resolved_exact,0.9,
bridgeport-connecticut-afe7c678fa5dfc85-citation-00089,See 6.30,6.30,decimal_section,bridgeport-connecticut-afe7c678fa5dfc85-repaired-node-000158,47,See 6.30 for,bridgeport-connecticut-afe7c678fa5dfc85-repaired-node-000797,resolved_exact,0.9,
bridgeport-connecticut-afe7c678fa5dfc85-citation-00090,See 3.10.13,3.10.13,decimal_section,bridgeport-connecticut-afe7c678fa5dfc85-repaired-node-000158,47,See 3.10.13 for flood,bridgeport-connecticut-afe7c678fa5dfc85-repaired-node-000062,resolved_to_ancestor_section,0.5,exact_heading_number_'3.10.13'_not_found;_matched_ancestor_'3.10'
bridgeport-connecticut-afe7c678fa5dfc85-citation-00091,See 14.40,14.40,decimal_section,bridgeport-connecticut-afe7c678fa5dfc85-repaired-node-000158,47,locations. See 14.40,bridgeport-connecticut-afe7c678fa5dfc85-repaired-node-001907,resolved_exact,0.9,
bridgeport-connecticut-afe7c678fa5dfc85-citation-00092,See 14.210,14.210,decimal_section,bridgeport-connecticut-afe7c678fa5dfc85-repaired-node-000158,47,facade. See 14.210,bridgeport-connecticut-afe7c678fa5dfc85-repaired-node-001930,resolved_exact,0.9,
bridgeport-connecticut-afe7c678fa5dfc85-citation-00093,See 3.10,3.10,decimal_section,bridgeport-connecticut-afe7c678fa5dfc85-repaired-node-000165,51,building type. See 3.10 for general regulations for all,bridgeport-connecticut-afe7c678fa5dfc85-repaired-node-000062,resolved_exact,0.9,
bridgeport-connecticut-afe7c678fa5dfc85-citation-00094,See 14.0,14.0,decimal_section,bridgeport-connecticut-afe7c678fa5dfc85-repaired-node-000165,51,building types. See 14.0 for definitions and measuring table,bridgeport-connecticut-afe7c678fa5dfc85-repaired-node-001829,resolved_exact,0.9,
bridgeport-connecticut-afe7c678fa5dfc85-citation-00095,See 14.20.6,14.20.6,decimal_section,bridgeport-connecticut-afe7c678fa5dfc85-repaired-node-000166,52,NX2. See 14.20.6 for measuring,bridgeport-connecticut-afe7c678fa5dfc85-repaired-node-001853,resolved_exact,0.9,
bridgeport-connecticut-afe7c678fa5dfc85-citation-00096,See 14.20.7,14.20.7,decimal_section,bridgeport-connecticut-afe7c678fa5dfc85-repaired-node-000166,52,See 14.20.7 for measuring site,bridgeport-connecticut-afe7c678fa5dfc85-repaired-node-001843,resolved_to_ancestor_section,0.5,exact_heading_number_'14.20.7'_not_found;_matched_ancestor_'14.20'
bridgeport-connecticut-afe7c678fa5dfc85-citation-00097,See 8.0,8.0,decimal_section,bridgeport-connecticut-afe7c678fa5dfc85-repaired-node-000167,53,See 8.0 for parking.,bridgeport-connecticut-afe7c678fa5dfc85-repaired-node-001181,resolved_exact,0.9,
bridgeport-connecticut-afe7c678fa5dfc85-citation-00098,See 6.50.11,6.50.11,decimal_section,bridgeport-connecticut-afe7c678fa5dfc85-repaired-node-000167,53,See 6.50.11 for garage door design,bridgeport-connecticut-afe7c678fa5dfc85-repaired-node-000854,resolved_to_ancestor_section,0.5,exact_heading_number_'6.50.11'_not_found;_matched_ancestor_'6.50'
bridgeport-connecticut-afe7c678fa5dfc85-citation-00099,See 14.20.9,14.20.9,decimal_section,bridgeport-connecticut-afe7c678fa5dfc85-repaired-node-000167,53,See 14.20.9 for allowed limited side,bridgeport-connecticut-afe7c678fa5dfc85-repaired-node-001872,resolved_exact,0.9,
bridgeport-connecticut-afe7c678fa5dfc85-citation-00100,See 3.170,3.170,decimal_section,bridgeport-connecticut-afe7c678fa5dfc85-repaired-node-000167,53,See 3.170 accessory structures.,bridgeport-connecticut-afe7c678fa5dfc85-repaired-node-000295,resolved_exact,0.9,
bridgeport-connecticut-afe7c678fa5dfc85-citation-00101,See 3.170,3.170,decimal_section,bridgeport-connecticut-afe7c678fa5dfc85-repaired-node-000167,53,See 3.170 for accessory structures,bridgeport-connecticut-afe7c678fa5dfc85-repaired-node-000295,resolved_exact,0.9,
bridgeport-connecticut-afe7c678fa5dfc85-citation-00102,See 14.20.10,14.20.10,decimal_section,bridgeport-connecticut-afe7c678fa5dfc85-repaired-node-000168,54,See 14.20.10 for measuring height.,bridgeport-connecticut-afe7c678fa5dfc85-repaired-node-000782,resolved_exact,0.9,
bridgeport-connecticut-afe7c678fa5dfc85-citation-00103,See 6.20,6.20,decimal_section,bridgeport-connecticut-afe7c678fa5dfc85-repaired-node-000169,54,See 6.20 for roof types and tower,bridgeport-connecticut-afe7c678fa5dfc85-repaired-node-000757,resolved_exact,0.9,
bridgeport-connecticut-afe7c678fa5dfc85-citation-00104,See 14.20.11,14.20.11,decimal_section,bridgeport-connecticut-afe7c678fa5dfc85-repaired-node-000170,55,See 14.20.11 for measuring,bridgeport-connecticut-afe7c678fa5dfc85-repaired-node-001887,resolved_exact,0.9,
bridgeport-connecticut-afe7c678fa5dfc85-citation-00105,See 6.30,6.30,decimal_section,bridgeport-connecticut-afe7c678fa5dfc85-repaired-node-000170,55,"See 6.30 for entrance types,",bridgeport-connecticut-afe7c678fa5dfc85-repaired-node-000797,resolved_exact,0.9,
bridgeport-connecticut-afe7c678fa5dfc85-citation-00106,See 3.10.13,3.10.13,decimal_section,bridgeport-connecticut-afe7c678fa5dfc85-repaired-node-000170,55,floodplain locations. See 3.10.13 for,bridgeport-connecticut-afe7c678fa5dfc85-repaired-node-000062,resolved_to_ancestor_section,0.5,exact_heading_number_'3.10.13'_not_found;_matched_ancestor_'3.10'
bridgeport-connecticut-afe7c678fa5dfc85-citation-00107,See 14.40,14.40,decimal_section,bridgeport-connecticut-afe7c678fa5dfc85-repaired-node-000170,55,See 14.40 for definition of visible,bridgeport-connecticut-afe7c678fa5dfc85-repaired-node-001907,resolved_exact,0.9,
bridgeport-connecticut-afe7c678fa5dfc85-citation-00108,See 3.10,3.10,decimal_section,bridgeport-connecticut-afe7c678fa5dfc85-repaired-node-000173,59,building consists of a series of Row Houses. See 3.10 for,bridgeport-connecticut-afe7c678fa5dfc85-repaired-node-000062,resolved_exact,0.9,
bridgeport-connecticut-afe7c678fa5dfc85-citation-00109,See 14.0,14.0,decimal_section,bridgeport-connecticut-afe7c678fa5dfc85-repaired-node-000173,59,general regulations for all building types. See 14.0 for,bridgeport-connecticut-afe7c678fa5dfc85-repaired-node-001829,resolved_exact,0.9,
bridgeport-connecticut-afe7c678fa5dfc85-citation-00110,See 3.70.10,3.70.10,decimal_section,bridgeport-connecticut-afe7c678fa5dfc85-repaired-node-000174,60,See 3.70.10 for multiple,bridgeport-connecticut-afe7c678fa5dfc85-repaired-node-000173,resolved_to_ancestor_section,0.5,exact_heading_number_'3.70.10'_not_found;_matched_ancestor_'3.70'
bridgeport-connecticut-afe7c678fa5dfc85-citation-00111,See 3.70.10,3.70.10,decimal_section,bridgeport-connecticut-afe7c678fa5dfc85-repaired-node-000174,60,See 3.70.10 for courtyards.,bridgeport-connecticut-afe7c678fa5dfc85-repaired-node-000173,resolved_to_ancestor_section,0.5,exact_heading_number_'3.70.10'_not_found;_matched_ancestor_'3.70'
bridgeport-connecticut-afe7c678fa5dfc85-citation-00112,See 14.20.7,14.20.7,decimal_section,bridgeport-connecticut-afe7c678fa5dfc85-repaired-node-000174,60,See 14.20.7 for measuring site,bridgeport-connecticut-afe7c678fa5dfc85-repaired-node-001843,resolved_to_ancestor_section,0.5,exact_heading_number_'14.20.7'_not_found;_matched_ancestor_'14.20'
bridgeport-connecticut-afe7c678fa5dfc85-citation-00113,See 8.0,8.0,decimal_section,bridgeport-connecticut-afe7c678fa5dfc85-repaired-node-000175,61,See 8.0 for parking.,bridgeport-connecticut-afe7c678fa5dfc85-repaired-node-001181,resolved_exact,0.9,
bridgeport-connecticut-afe7c678fa5dfc85-citation-00114,See 6.50.11,6.50.11,decimal_section,bridgeport-connecticut-afe7c678fa5dfc85-repaired-node-000175,61,screening. See 6.50.11 for,bridgeport-connecticut-afe7c678fa5dfc85-repaired-node-000854,resolved_to_ancestor_section,0.5,exact_heading_number_'6.50.11'_not_found;_matched_ancestor_'6.50'
bridgeport-connecticut-afe7c678fa5dfc85-citation-00115,See 3.170,3.170,decimal_section,bridgeport-connecticut-afe7c678fa5dfc85-repaired-node-000175,61,See 3.170 for accessory,bridgeport-connecticut-afe7c678fa5dfc85-repaired-node-000295,resolved_exact,0.9,
bridgeport-connecticut-afe7c678fa5dfc85-citation-00116,See 3.170,3.170,decimal_section,bridgeport-connecticut-afe7c678fa5dfc85-repaired-node-000175,61,See 3.170 for accessory,bridgeport-connecticut-afe7c678fa5dfc85-repaired-node-000295,resolved_exact,0.9,
bridgeport-connecticut-afe7c678fa5dfc85-citation-00117,See 14.20.10,14.20.10,decimal_section,bridgeport-connecticut-afe7c678fa5dfc85-repaired-node-000176,62,See 14.20.10 for measuring,bridgeport-connecticut-afe7c678fa5dfc85-repaired-node-000782,resolved_exact,0.9,
bridgeport-connecticut-afe7c678fa5dfc85-citation-00118,See 14.20.10,14.20.10,decimal_section,bridgeport-connecticut-afe7c678fa5dfc85-repaired-node-000176,62,of the eave. See 14.20.10 for,bridgeport-connecticut-afe7c678fa5dfc85-repaired-node-000782,resolved_exact,0.9,
bridgeport-connecticut-afe7c678fa5dfc85-citation-00119,See 6.20,6.20,decimal_section,bridgeport-connecticut-afe7c678fa5dfc85-repaired-node-000177,62,See 6.20 for roof types and,bridgeport-connecticut-afe7c678fa5dfc85-repaired-node-000757,resolved_exact,0.9,
bridgeport-connecticut-afe7c678fa5dfc85-citation-00120,See 14.20.11,14.20.11,decimal_section,bridgeport-connecticut-afe7c678fa5dfc85-repaired-node-000178,63,See 14.20.11 for measuring,bridgeport-connecticut-afe7c678fa5dfc85-repaired-node-001887,resolved_exact,0.9,
bridgeport-connecticut-afe7c678fa5dfc85-citation-00121,See 3.70.10,3.70.10,decimal_section,bridgeport-connecticut-afe7c678fa5dfc85-repaired-node-000178,63,See 3.70.10 for courtyards.,bridgeport-connecticut-afe7c678fa5dfc85-repaired-node-000173,resolved_to_ancestor_section,0.5,exact_heading_number_'3.70.10'_not_found;_matched_ancestor_'3.70'
bridgeport-connecticut-afe7c678fa5dfc85-citation-00122,See 6.30,6.30,decimal_section,bridgeport-connecticut-afe7c678fa5dfc85-repaired-node-000178,63,"See 6.30 for entrance types,",bridgeport-connecticut-afe7c678fa5dfc85-repaired-node-000797,resolved_exact,0.9,
bridgeport-connecticut-afe7c678fa5dfc85-citation-00123,See 3.10.13,3.10.13,decimal_section,bridgeport-connecticut-afe7c678fa5dfc85-repaired-node-000178,63,floodplain locations. See 3.10.13,bridgeport-connecticut-afe7c678fa5dfc85-repaired-node-000062,resolved_to_ancestor_section,0.5,exact_heading_number_'3.10.13'_not_found;_matched_ancestor_'3.10'
bridgeport-connecticut-afe7c678fa5dfc85-citation-00124,See 14.210,14.210,decimal_section,bridgeport-connecticut-afe7c678fa5dfc85-repaired-node-000178,63,See 14.210 for definition of,bridgeport-connecticut-afe7c678fa5dfc85-repaired-node-001930,resolved_exact,0.9,
bridgeport-connecticut-afe7c678fa5dfc85-citation-00125,See 7.100,7.100,decimal_section,bridgeport-connecticut-afe7c678fa5dfc85-repaired-node-000183,65,wall is required. See 7.100 for additional,bridgeport-connecticut-afe7c678fa5dfc85-repaired-node-001076,resolved_exact,0.9,
bridgeport-connecticut-afe7c678fa5dfc85-citation-00126,See 14.20.10,14.20.10,decimal_section,bridgeport-connecticut-afe7c678fa5dfc85-repaired-node-000184,66,C. Half Stories in Roof. See 14.20.10 . F for definition of half,bridgeport-connecticut-afe7c678fa5dfc85-repaired-node-000782,resolved_exact,0.9,
bridgeport-connecticut-afe7c678fa5dfc85-citation-00127,See 3.10,3.10,decimal_section,bridgeport-connecticut-afe7c678fa5dfc85-repaired-node-000188,67,building type. See 3.10 for general regulations for all,bridgeport-connecticut-afe7c678fa5dfc85-repaired-node-000062,resolved_exact,0.9,
bridgeport-connecticut-afe7c678fa5dfc85-citation-00128,See 14.0,14.0,decimal_section,bridgeport-connecticut-afe7c678fa5dfc85-repaired-node-000188,67,building types. See 14.0 for definitions and measuring table,bridgeport-connecticut-afe7c678fa5dfc85-repaired-node-001829,resolved_exact,0.9,
bridgeport-connecticut-afe7c678fa5dfc85-citation-00129,See 3.80.10,3.80.10,decimal_section,bridgeport-connecticut-afe7c678fa5dfc85-repaired-node-000189,68,See 3.80.10 for allowed,bridgeport-connecticut-afe7c678fa5dfc85-repaired-node-000188,resolved_to_ancestor_section,0.5,exact_heading_number_'3.80.10'_not_found;_matched_ancestor_'3.80'
bridgeport-connecticut-afe7c678fa5dfc85-citation-00130,See 14.20.7,14.20.7,decimal_section,bridgeport-connecticut-afe7c678fa5dfc85-repaired-node-000189,68,See 14.20.7 for measuring site,bridgeport-connecticut-afe7c678fa5dfc85-repaired-node-001843,resolved_to_ancestor_section,0.5,exact_heading_number_'14.20.7'_not_found;_matched_ancestor_'14.20'
bridgeport-connecticut-afe7c678fa5dfc85-citation-00131,See 8.0,8.0,decimal_section,bridgeport-connecticut-afe7c678fa5dfc85-repaired-node-000190,69,See 8.0 for parking.,bridgeport-connecticut-afe7c678fa5dfc85-repaired-node-001181,resolved_exact,0.9,
bridgeport-connecticut-afe7c678fa5dfc85-citation-00132,See 3.170,3.170,decimal_section,bridgeport-connecticut-afe7c678fa5dfc85-repaired-node-000190,69,See 3.170 for accessory,bridgeport-connecticut-afe7c678fa5dfc85-repaired-node-000295,resolved_exact,0.9,
bridgeport-connecticut-afe7c678fa5dfc85-citation-00133,See 3.170,3.170,decimal_section,bridgeport-connecticut-afe7c678fa5dfc85-repaired-node-000190,69,See 3.170 for accessory,bridgeport-connecticut-afe7c678fa5dfc85-repaired-node-000295,resolved_exact,0.9,
bridgeport-connecticut-afe7c678fa5dfc85-citation-00134,See 3.80.10,3.80.10,decimal_section,bridgeport-connecticut-afe7c678fa5dfc85-repaired-node-000191,70,See 3.80.10 for half stories.,bridgeport-connecticut-afe7c678fa5dfc85-repaired-node-000188,resolved_to_ancestor_section,0.5,exact_heading_number_'3.80.10'_not_found;_matched_ancestor_'3.80'
bridgeport-connecticut-afe7c678fa5dfc85-citation-00135,See 14.20.10,14.20.10,decimal_section,bridgeport-connecticut-afe7c678fa5dfc85-repaired-node-000191,70,See 14.20.10 for measuring,bridgeport-connecticut-afe7c678fa5dfc85-repaired-node-000782,resolved_exact,0.9,
bridgeport-connecticut-afe7c678fa5dfc85-citation-00136,See 6.20,6.20,decimal_section,bridgeport-connecticut-afe7c678fa5dfc85-repaired-node-000192,70,See 6.20 for roof types and,bridgeport-connecticut-afe7c678fa5dfc85-repaired-node-000757,resolved_exact,0.9,
bridgeport-connecticut-afe7c678fa5dfc85-citation-00137,See 14.20.11,14.20.11,decimal_section,bridgeport-connecticut-afe7c678fa5dfc85-repaired-node-000193,71,See 14.20.11 for measuring,bridgeport-connecticut-afe7c678fa5dfc85-repaired-node-001887,resolved_exact,0.9,
bridgeport-connecticut-afe7c678fa5dfc85-citation-00138,See 6.30,6.30,decimal_section,bridgeport-connecticut-afe7c678fa5dfc85-repaired-node-000193,71,"See 6.30 for entrance types,",bridgeport-connecticut-afe7c678fa5dfc85-repaired-node-000797,resolved_exact,0.9,
bridgeport-connecticut-afe7c678fa5dfc85-citation-00139,See 3.10.13,3.10.13,decimal_section,bridgeport-connecticut-afe7c678fa5dfc85-repaired-node-000193,71,floodplain locations. See 3.10.13,bridgeport-connecticut-afe7c678fa5dfc85-repaired-node-000062,resolved_to_ancestor_section,0.5,exact_heading_number_'3.10.13'_not_found;_matched_ancestor_'3.10'
bridgeport-connecticut-afe7c678fa5dfc85-citation-00140,See 14.210,14.210,decimal_section,bridgeport-connecticut-afe7c678fa5dfc85-repaired-node-000193,71,See 14.210 for definition of,bridgeport-connecticut-afe7c678fa5dfc85-repaired-node-001930,resolved_exact,0.9,
bridgeport-connecticut-afe7c678fa5dfc85-citation-00141,See 14.20.6,14.20.6,decimal_section,bridgeport-connecticut-afe7c678fa5dfc85-repaired-node-000197,73,(3) Other Allowed Encroachments. See 14.20.6.D for,bridgeport-connecticut-afe7c678fa5dfc85-repaired-node-001853,resolved_exact,0.9,
bridgeport-connecticut-afe7c678fa5dfc85-citation-00142,See 14.20.10,14.20.10,decimal_section,bridgeport-connecticut-afe7c678fa5dfc85-repaired-node-000198,73,B. Half Stories in Roof. See 14.20.10 . F for definition of half,bridgeport-connecticut-afe7c678fa5dfc85-repaired-node-000782,resolved_exact,0.9,
bridgeport-connecticut-afe7c678fa5dfc85-citation-00143,See 3.10,3.10,decimal_section,bridgeport-connecticut-afe7c678fa5dfc85-repaired-node-000202,75,building type. See 3.10 for general regulations for all,bridgeport-connecticut-afe7c678fa5dfc85-repaired-node-000062,resolved_exact,0.9,
bridgeport-connecticut-afe7c678fa5dfc85-citation-00144,See 14.0,14.0,decimal_section,bridgeport-connecticut-afe7c678fa5dfc85-repaired-node-000202,75,building types. See 14.0 for definitions and measuring table,bridgeport-connecticut-afe7c678fa5dfc85-repaired-node-001829,resolved_exact,0.9,
bridgeport-connecticut-afe7c678fa5dfc85-citation-00145,See 3.90.10,3.90.10,decimal_section,bridgeport-connecticut-afe7c678fa5dfc85-repaired-node-000203,76,See 3.90.10 for allowed,bridgeport-connecticut-afe7c678fa5dfc85-repaired-node-000202,resolved_to_ancestor_section,0.5,exact_heading_number_'3.90.10'_not_found;_matched_ancestor_'3.90'
bridgeport-connecticut-afe7c678fa5dfc85-citation-00146,See 14.20.7,14.20.7,decimal_section,bridgeport-connecticut-afe7c678fa5dfc85-repaired-node-000203,76,See 14.20.7 for measuring site,bridgeport-connecticut-afe7c678fa5dfc85-repaired-node-001843,resolved_to_ancestor_section,0.5,exact_heading_number_'14.20.7'_not_found;_matched_ancestor_'14.20'
bridgeport-connecticut-afe7c678fa5dfc85-citation-00147,See 8.0,8.0,decimal_section,bridgeport-connecticut-afe7c678fa5dfc85-repaired-node-000204,77,See 8.0 for parking.,bridgeport-connecticut-afe7c678fa5dfc85-repaired-node-001181,resolved_exact,0.9,
bridgeport-connecticut-afe7c678fa5dfc85-citation-00148,See 3.170,3.170,decimal_section,bridgeport-connecticut-afe7c678fa5dfc85-repaired-node-000204,77,See 3.170 for accessory,bridgeport-connecticut-afe7c678fa5dfc85-repaired-node-000295,resolved_exact,0.9,
bridgeport-connecticut-afe7c678fa5dfc85-citation-00149,See 3.170,3.170,decimal_section,bridgeport-connecticut-afe7c678fa5dfc85-repaired-node-000204,77,See 3.170 for accessory structures,bridgeport-connecticut-afe7c678fa5dfc85-repaired-node-000295,resolved_exact,0.9,
bridgeport-connecticut-afe7c678fa5dfc85-citation-00150,See 3.90.10,3.90.10,decimal_section,bridgeport-connecticut-afe7c678fa5dfc85-repaired-node-000205,78,See 3.90.10 for half story,bridgeport-connecticut-afe7c678fa5dfc85-repaired-node-000202,resolved_to_ancestor_section,0.5,exact_heading_number_'3.90.10'_not_found;_matched_ancestor_'3.90'
bridgeport-connecticut-afe7c678fa5dfc85-citation-00151,See 14.20.10,14.20.10,decimal_section,bridgeport-connecticut-afe7c678fa5dfc85-repaired-node-000205,78,regulations. See 14.20.10 for,bridgeport-connecticut-afe7c678fa5dfc85-repaired-node-000782,resolved_exact,0.9,
bridgeport-connecticut-afe7c678fa5dfc85-citation-00152,See 14.20.10,14.20.10,decimal_section,bridgeport-connecticut-afe7c678fa5dfc85-repaired-node-000205,78,eave. See 14.20.10 for measuring,bridgeport-connecticut-afe7c678fa5dfc85-repaired-node-000782,resolved_exact,0.9,
bridgeport-connecticut-afe7c678fa5dfc85-citation-00153,See 6.20,6.20,decimal_section,bridgeport-connecticut-afe7c678fa5dfc85-repaired-node-000206,78,See 6.20 for roof types and tower,bridgeport-connecticut-afe7c678fa5dfc85-repaired-node-000757,resolved_exact,0.9,
bridgeport-connecticut-afe7c678fa5dfc85-citation-00154,See 14.20.11,14.20.11,decimal_section,bridgeport-connecticut-afe7c678fa5dfc85-repaired-node-000207,79,See 14.20.11 for measuring,bridgeport-connecticut-afe7c678fa5dfc85-repaired-node-001887,resolved_exact,0.9,
bridgeport-connecticut-afe7c678fa5dfc85-citation-00155,See 6.30,6.30,decimal_section,bridgeport-connecticut-afe7c678fa5dfc85-repaired-node-000207,79,"See 6.30 for entrance types,",bridgeport-connecticut-afe7c678fa5dfc85-repaired-node-000797,resolved_exact,0.9,
bridgeport-connecticut-afe7c678fa5dfc85-citation-00156,See 3.10.13,3.10.13,decimal_section,bridgeport-connecticut-afe7c678fa5dfc85-repaired-node-000207,79,floodplain locations. See 3.10.13,bridgeport-connecticut-afe7c678fa5dfc85-repaired-node-000062,resolved_to_ancestor_section,0.5,exact_heading_number_'3.10.13'_not_found;_matched_ancestor_'3.10'
bridgeport-connecticut-afe7c678fa5dfc85-citation-00157,See 14.210,14.210,decimal_section,bridgeport-connecticut-afe7c678fa5dfc85-repaired-node-000207,79,See 14.210 for definition of,bridgeport-connecticut-afe7c678fa5dfc85-repaired-node-001930,resolved_exact,0.9,
bridgeport-connecticut-afe7c678fa5dfc85-citation-00158,See 14.20.6,14.20.6,decimal_section,bridgeport-connecticut-afe7c678fa5dfc85-repaired-node-000212,81,(3) Other Allowed Encroachments. See 14.20.6.D for,bridgeport-connecticut-afe7c678fa5dfc85-repaired-node-001853,resolved_exact,0.9,
bridgeport-connecticut-afe7c678fa5dfc85-citation-00159,See 14.20.10,14.20.10,decimal_section,bridgeport-connecticut-afe7c678fa5dfc85-repaired-node-000213,81,B. Half Stories in Roof. See 14.20.10 . F for definition of half,bridgeport-connecticut-afe7c678fa5dfc85-repaired-node-000782,resolved_exact,0.9,
bridgeport-connecticut-afe7c678fa5dfc85-citation-00160,See 3.10,3.10,decimal_section,bridgeport-connecticut-afe7c678fa5dfc85-repaired-node-000216,83,building type. See 3.10 for general regulations for all,bridgeport-connecticut-afe7c678fa5dfc85-repaired-node-000062,resolved_exact,0.9,
bridgeport-connecticut-afe7c678fa5dfc85-citation-00161,See 14.0,14.0,decimal_section,bridgeport-connecticut-afe7c678fa5dfc85-repaired-node-000216,83,building types. See 14.0 for definitions and measuring table,bridgeport-connecticut-afe7c678fa5dfc85-repaired-node-001829,resolved_exact,0.9,
bridgeport-connecticut-afe7c678fa5dfc85-citation-00162,See 14.20.6,14.20.6,decimal_section,bridgeport-connecticut-afe7c678fa5dfc85-repaired-node-000217,84,Prevailing setbacks apply. See 14.20.6 for,bridgeport-connecticut-afe7c678fa5dfc85-repaired-node-001853,resolved_exact,0.9,
bridgeport-connecticut-afe7c678fa5dfc85-citation-00163,See 3.100.10,3.100.10,decimal_section,bridgeport-connecticut-afe7c678fa5dfc85-repaired-node-000217,84,See 3.100.10 for allowed encroachments.,bridgeport-connecticut-afe7c678fa5dfc85-repaired-node-000223,resolved_exact,0.9,
bridgeport-connecticut-afe7c678fa5dfc85-citation-00164,See 14.20.7,14.20.7,decimal_section,bridgeport-connecticut-afe7c678fa5dfc85-repaired-node-000217,84,See 14.20.7 for measuring site coverage.,bridgeport-connecticut-afe7c678fa5dfc85-repaired-node-001843,resolved_to_ancestor_section,0.5,exact_heading_number_'14.20.7'_not_found;_matched_ancestor_'14.20'
bridgeport-connecticut-afe7c678fa5dfc85-citation-00165,See 8.0,8.0,decimal_section,bridgeport-connecticut-afe7c678fa5dfc85-repaired-node-000218,85,See 8.0 for parking.,bridgeport-connecticut-afe7c678fa5dfc85-repaired-node-001181,resolved_exact,0.9,
bridgeport-connecticut-afe7c678fa5dfc85-citation-00166,See 3.170,3.170,decimal_section,bridgeport-connecticut-afe7c678fa5dfc85-repaired-node-000218,85,See 3.170 for accessory structures.,bridgeport-connecticut-afe7c678fa5dfc85-repaired-node-000295,resolved_exact,0.9,
bridgeport-connecticut-afe7c678fa5dfc85-citation-00167,See 3.170,3.170,decimal_section,bridgeport-connecticut-afe7c678fa5dfc85-repaired-node-000218,85,See 3.170 for accessory structures and,bridgeport-connecticut-afe7c678fa5dfc85-repaired-node-000295,resolved_exact,0.9,
bridgeport-connecticut-afe7c678fa5dfc85-citation-00168,See 14.20.10,14.20.10,decimal_section,bridgeport-connecticut-afe7c678fa5dfc85-repaired-node-000219,86,See 14.20.10 for measuring height. See,bridgeport-connecticut-afe7c678fa5dfc85-repaired-node-000782,resolved_exact,0.9,
bridgeport-connecticut-afe7c678fa5dfc85-citation-00169,See 6.20,6.20,decimal_section,bridgeport-connecticut-afe7c678fa5dfc85-repaired-node-000220,86,See 6.20 for roof types.,bridgeport-connecticut-afe7c678fa5dfc85-repaired-node-000757,resolved_exact,0.9,
bridgeport-connecticut-afe7c678fa5dfc85-citation-00170,See 14.20.11,14.20.11,decimal_section,bridgeport-connecticut-afe7c678fa5dfc85-repaired-node-000221,87,See 14.20.11 for measuring transparency.,bridgeport-connecticut-afe7c678fa5dfc85-repaired-node-001887,resolved_exact,0.9,
bridgeport-connecticut-afe7c678fa5dfc85-citation-00171,See 6.30,6.30,decimal_section,bridgeport-connecticut-afe7c678fa5dfc85-repaired-node-000221,87,See 6.30 for entrance types.,bridgeport-connecticut-afe7c678fa5dfc85-repaired-node-000797,resolved_exact,0.9,
bridgeport-connecticut-afe7c678fa5dfc85-citation-00172,See 3.100.10,3.100.10,decimal_section,bridgeport-connecticut-afe7c678fa5dfc85-repaired-node-000221,87,See 3.100.10 for basement garage,bridgeport-connecticut-afe7c678fa5dfc85-repaired-node-000223,resolved_exact,0.9,
bridgeport-connecticut-afe7c678fa5dfc85-citation-00173,See 3.10,3.10,decimal_section,bridgeport-connecticut-afe7c678fa5dfc85-repaired-node-000233,91,building type. See 3.10 for general regulations for all,bridgeport-connecticut-afe7c678fa5dfc85-repaired-node-000062,resolved_exact,0.9,
bridgeport-connecticut-afe7c678fa5dfc85-citation-00174,See 14.0,14.0,decimal_section,bridgeport-connecticut-afe7c678fa5dfc85-repaired-node-000233,91,building types. See 14.0 for definitions and measuring table,bridgeport-connecticut-afe7c678fa5dfc85-repaired-node-001829,resolved_exact,0.9,
bridgeport-connecticut-afe7c678fa5dfc85-citation-00175,See 14.20.6,14.20.6,decimal_section,bridgeport-connecticut-afe7c678fa5dfc85-repaired-node-000234,92,Prevailing setbacks apply. See 14.20.6 for,bridgeport-connecticut-afe7c678fa5dfc85-repaired-node-001853,resolved_exact,0.9,
bridgeport-connecticut-afe7c678fa5dfc85-citation-00176,See 3.110.10,3.110.10,decimal_section,bridgeport-connecticut-afe7c678fa5dfc85-repaired-node-000234,92,See 3.110.10 for allowed encroachments.,bridgeport-connecticut-afe7c678fa5dfc85-repaired-node-000240,resolved_exact,0.9,
bridgeport-connecticut-afe7c678fa5dfc85-citation-00177,See 14.20.7,14.20.7,decimal_section,bridgeport-connecticut-afe7c678fa5dfc85-repaired-node-000234,92,See 14.20.7 for measuring site coverage.,bridgeport-connecticut-afe7c678fa5dfc85-repaired-node-001843,resolved_to_ancestor_section,0.5,exact_heading_number_'14.20.7'_not_found;_matched_ancestor_'14.20'
bridgeport-connecticut-afe7c678fa5dfc85-citation-00178,See 8.0,8.0,decimal_section,bridgeport-connecticut-afe7c678fa5dfc85-repaired-node-000235,93,See 8.0 for parking.,bridgeport-connecticut-afe7c678fa5dfc85-repaired-node-001181,resolved_exact,0.9,
bridgeport-connecticut-afe7c678fa5dfc85-citation-00179,See 3.170,3.170,decimal_section,bridgeport-connecticut-afe7c678fa5dfc85-repaired-node-000235,93,See 3.170 for Accessory Structures.,bridgeport-connecticut-afe7c678fa5dfc85-repaired-node-000295,resolved_exact,0.9,
bridgeport-connecticut-afe7c678fa5dfc85-citation-00180,See 3.170,3.170,decimal_section,bridgeport-connecticut-afe7c678fa5dfc85-repaired-node-000235,93,See 3.170 for accessory structures and 4.70 for,bridgeport-connecticut-afe7c678fa5dfc85-repaired-node-000295,resolved_exact,0.9,
bridgeport-connecticut-afe7c678fa5dfc85-citation-00181,See 14.20.10,14.20.10,decimal_section,bridgeport-connecticut-afe7c678fa5dfc85-repaired-node-000236,94,to the bottom of the eave. See 14.20.10 for,bridgeport-connecticut-afe7c678fa5dfc85-repaired-node-000782,resolved_exact,0.9,
bridgeport-connecticut-afe7c678fa5dfc85-citation-00182,See 6.20,6.20,decimal_section,bridgeport-connecticut-afe7c678fa5dfc85-repaired-node-000237,94,See 6.20 for roof type regulations.,bridgeport-connecticut-afe7c678fa5dfc85-repaired-node-000757,resolved_exact,0.9,
bridgeport-connecticut-afe7c678fa5dfc85-citation-00183,See 14.20.11,14.20.11,decimal_section,bridgeport-connecticut-afe7c678fa5dfc85-repaired-node-000238,95,See 14.20.11 for measuring transparency.,bridgeport-connecticut-afe7c678fa5dfc85-repaired-node-001887,resolved_exact,0.9,
bridgeport-connecticut-afe7c678fa5dfc85-citation-00184,See 6.30,6.30,decimal_section,bridgeport-connecticut-afe7c678fa5dfc85-repaired-node-000238,95,See 6.30 for entrance types.,bridgeport-connecticut-afe7c678fa5dfc85-repaired-node-000797,resolved_exact,0.9,
bridgeport-connecticut-afe7c678fa5dfc85-citation-00185,See 14.20.10,14.20.10,decimal_section,bridgeport-connecticut-afe7c678fa5dfc85-repaired-node-000240,97,A. Half Stories in Roof. See 14.20.10 . F for definition of half,bridgeport-connecticut-afe7c678fa5dfc85-repaired-node-000782,resolved_exact,0.9,
bridgeport-connecticut-afe7c678fa5dfc85-citation-00186,See 3.10,3.10,decimal_section,bridgeport-connecticut-afe7c678fa5dfc85-repaired-node-000245,99,building type. See 3.10 for general regulations for all,bridgeport-connecticut-afe7c678fa5dfc85-repaired-node-000062,resolved_exact,0.9,
bridgeport-connecticut-afe7c678fa5dfc85-citation-00187,See 14.0,14.0,decimal_section,bridgeport-connecticut-afe7c678fa5dfc85-repaired-node-000245,99,building types. See 14.0 for definitions and measuring table,bridgeport-connecticut-afe7c678fa5dfc85-repaired-node-001829,resolved_exact,0.9,
bridgeport-connecticut-afe7c678fa5dfc85-citation-00188,See 14.20.6,14.20.6,decimal_section,bridgeport-connecticut-afe7c678fa5dfc85-repaired-node-000246,100,Prevailing setbacks apply. See 14.20.6 for,bridgeport-connecticut-afe7c678fa5dfc85-repaired-node-001853,resolved_exact,0.9,
bridgeport-connecticut-afe7c678fa5dfc85-citation-00189,See 3.120.10,3.120.10,decimal_section,bridgeport-connecticut-afe7c678fa5dfc85-repaired-node-000246,100,See 3.120.10 for allowed encroachments.,bridgeport-connecticut-afe7c678fa5dfc85-repaired-node-000252,resolved_exact,0.9,
bridgeport-connecticut-afe7c678fa5dfc85-citation-00190,See 3.170,3.170,decimal_section,bridgeport-connecticut-afe7c678fa5dfc85-repaired-node-000247,101,See 3.170 for accessory structures.,bridgeport-connecticut-afe7c678fa5dfc85-repaired-node-000295,resolved_exact,0.9,
bridgeport-connecticut-afe7c678fa5dfc85-citation-00191,See 3.170,3.170,decimal_section,bridgeport-connecticut-afe7c678fa5dfc85-repaired-node-000247,101,See 3.170 for accessory structures and,bridgeport-connecticut-afe7c678fa5dfc85-repaired-node-000295,resolved_exact,0.9,
bridgeport-connecticut-afe7c678fa5dfc85-citation-00192,See 14.20.10,14.20.10,decimal_section,bridgeport-connecticut-afe7c678fa5dfc85-repaired-node-000248,102,See 14.20.10 for measuring height.,bridgeport-connecticut-afe7c678fa5dfc85-repaired-node-000782,resolved_exact,0.9,
bridgeport-connecticut-afe7c678fa5dfc85-citation-00193,See 6.20,6.20,decimal_section,bridgeport-connecticut-afe7c678fa5dfc85-repaired-node-000249,102,See 6.20 for roof types and tower,bridgeport-connecticut-afe7c678fa5dfc85-repaired-node-000757,resolved_exact,0.9,
bridgeport-connecticut-afe7c678fa5dfc85-citation-00194,See 14.20.11,14.20.11,decimal_section,bridgeport-connecticut-afe7c678fa5dfc85-repaired-node-000250,103,with full-floor height. See 14.20.11 for,bridgeport-connecticut-afe7c678fa5dfc85-repaired-node-001887,resolved_exact,0.9,
bridgeport-connecticut-afe7c678fa5dfc85-citation-00195,See 6.30,6.30,decimal_section,bridgeport-connecticut-afe7c678fa5dfc85-repaired-node-000250,103,See 6.30 for entrance types.,bridgeport-connecticut-afe7c678fa5dfc85-repaired-node-000797,resolved_exact,0.9,
bridgeport-connecticut-afe7c678fa5dfc85-citation-00196,See 3.10,3.10,decimal_section,bridgeport-connecticut-afe7c678fa5dfc85-repaired-node-000254,107,building type. See 3.10 for general regulations for all,bridgeport-connecticut-afe7c678fa5dfc85-repaired-node-000062,resolved_exact,0.9,
bridgeport-connecticut-afe7c678fa5dfc85-citation-00197,See 14.0,14.0,decimal_section,bridgeport-connecticut-afe7c678fa5dfc85-repaired-node-000254,107,building types. See 14.0 for definitions and measuring table,bridgeport-connecticut-afe7c678fa5dfc85-repaired-node-001829,resolved_exact,0.9,
bridgeport-connecticut-afe7c678fa5dfc85-citation-00198,See 3.130.10,3.130.10,decimal_section,bridgeport-connecticut-afe7c678fa5dfc85-repaired-node-000255,108,See 3.130.10 minimum,bridgeport-connecticut-afe7c678fa5dfc85-repaired-node-000261,resolved_exact,0.9,
bridgeport-connecticut-afe7c678fa5dfc85-citation-00199,See 7.110,7.110,decimal_section,bridgeport-connecticut-afe7c678fa5dfc85-repaired-node-000255,108,See 7.110 for landscape,bridgeport-connecticut-afe7c678fa5dfc85-repaired-node-001100,resolved_exact,0.9,
bridgeport-connecticut-afe7c678fa5dfc85-citation-00200,See 14.20.7,14.20.7,decimal_section,bridgeport-connecticut-afe7c678fa5dfc85-repaired-node-000255,108,See 14.20.7 for measuring,bridgeport-connecticut-afe7c678fa5dfc85-repaired-node-001843,resolved_to_ancestor_section,0.5,exact_heading_number_'14.20.7'_not_found;_matched_ancestor_'14.20'
bridgeport-connecticut-afe7c678fa5dfc85-citation-00201,See 8.0,8.0,decimal_section,bridgeport-connecticut-afe7c678fa5dfc85-repaired-node-000256,109,See 8.0 for parking.,bridgeport-connecticut-afe7c678fa5dfc85-repaired-node-001181,resolved_exact,0.9,
bridgeport-connecticut-afe7c678fa5dfc85-citation-00202,See 6.50.11,6.50.11,decimal_section,bridgeport-connecticut-afe7c678fa5dfc85-repaired-node-000256,109,See 6.50.11 for garage door,bridgeport-connecticut-afe7c678fa5dfc85-repaired-node-000854,resolved_to_ancestor_section,0.5,exact_heading_number_'6.50.11'_not_found;_matched_ancestor_'6.50'
bridgeport-connecticut-afe7c678fa5dfc85-citation-00203,See 3.170,3.170,decimal_section,bridgeport-connecticut-afe7c678fa5dfc85-repaired-node-000256,109,See 3.170 for accessory,bridgeport-connecticut-afe7c678fa5dfc85-repaired-node-000295,resolved_exact,0.9,
bridgeport-connecticut-afe7c678fa5dfc85-citation-00204,See 3.170,3.170,decimal_section,bridgeport-connecticut-afe7c678fa5dfc85-repaired-node-000256,109,See 3.170 for accessory,bridgeport-connecticut-afe7c678fa5dfc85-repaired-node-000295,resolved_exact,0.9,
bridgeport-connecticut-afe7c678fa5dfc85-citation-00205,See 14.20.10,14.20.10,decimal_section,bridgeport-connecticut-afe7c678fa5dfc85-repaired-node-000257,110,See 14.20.10 for measuring,bridgeport-connecticut-afe7c678fa5dfc85-repaired-node-000782,resolved_exact,0.9,
bridgeport-connecticut-afe7c678fa5dfc85-citation-00206,See 6.20,6.20,decimal_section,bridgeport-connecticut-afe7c678fa5dfc85-repaired-node-000258,110,See 6.20 for roof types and,bridgeport-connecticut-afe7c678fa5dfc85-repaired-node-000757,resolved_exact,0.9,
bridgeport-connecticut-afe7c678fa5dfc85-citation-00207,See 14.20.11,14.20.11,decimal_section,bridgeport-connecticut-afe7c678fa5dfc85-repaired-node-000259,111,See 14.20.11 for measuring,bridgeport-connecticut-afe7c678fa5dfc85-repaired-node-001887,resolved_exact,0.9,
bridgeport-connecticut-afe7c678fa5dfc85-citation-00208,See 14.20.12,14.20.12,decimal_section,bridgeport-connecticut-afe7c678fa5dfc85-repaired-node-000259,111,See 14.20.12 for measuring,bridgeport-connecticut-afe7c678fa5dfc85-repaired-node-001905,resolved_exact,0.9,
bridgeport-connecticut-afe7c678fa5dfc85-citation-00209,See 6.30,6.30,decimal_section,bridgeport-connecticut-afe7c678fa5dfc85-repaired-node-000259,111,See 6.30 for entrance,bridgeport-connecticut-afe7c678fa5dfc85-repaired-node-000797,resolved_exact,0.9,
bridgeport-connecticut-afe7c678fa5dfc85-citation-00210,See 14.40,14.40,decimal_section,bridgeport-connecticut-afe7c678fa5dfc85-repaired-node-000259,111,See 14.40 for definition of,bridgeport-connecticut-afe7c678fa5dfc85-repaired-node-001907,resolved_exact,0.9,
bridgeport-connecticut-afe7c678fa5dfc85-citation-00211,See 14.210,14.210,decimal_section,bridgeport-connecticut-afe7c678fa5dfc85-repaired-node-000259,111,of facade. See 14.210 for,bridgeport-connecticut-afe7c678fa5dfc85-repaired-node-001930,resolved_exact,0.9,
bridgeport-connecticut-afe7c678fa5dfc85-citation-00212,See 3.10,3.10,decimal_section,bridgeport-connecticut-afe7c678fa5dfc85-repaired-node-000263,115,building type. See 3.10 for general regulations for all,bridgeport-connecticut-afe7c678fa5dfc85-repaired-node-000062,resolved_exact,0.9,
bridgeport-connecticut-afe7c678fa5dfc85-citation-00213,See 14.0,14.0,decimal_section,bridgeport-connecticut-afe7c678fa5dfc85-repaired-node-000263,115,building types. See 14.0 for definitions and measuring table,bridgeport-connecticut-afe7c678fa5dfc85-repaired-node-001829,resolved_exact,0.9,
bridgeport-connecticut-afe7c678fa5dfc85-citation-00214,See 3.140.10,3.140.10,decimal_section,bridgeport-connecticut-afe7c678fa5dfc85-repaired-node-000264,116,See 3.140.10 for P3 master,bridgeport-connecticut-afe7c678fa5dfc85-repaired-node-000270,resolved_exact,0.9,
bridgeport-connecticut-afe7c678fa5dfc85-citation-00215,See 3.140.10,3.140.10,decimal_section,bridgeport-connecticut-afe7c678fa5dfc85-repaired-node-000264,116,See 3.140.10 minimum,bridgeport-connecticut-afe7c678fa5dfc85-repaired-node-000270,resolved_exact,0.9,
bridgeport-connecticut-afe7c678fa5dfc85-citation-00216,See 7.110,7.110,decimal_section,bridgeport-connecticut-afe7c678fa5dfc85-repaired-node-000264,116,See 7.110 for landscape,bridgeport-connecticut-afe7c678fa5dfc85-repaired-node-001100,resolved_exact,0.9,
bridgeport-connecticut-afe7c678fa5dfc85-citation-00217,See 14.20.7,14.20.7,decimal_section,bridgeport-connecticut-afe7c678fa5dfc85-repaired-node-000264,116,See 14.20.7 for measuring,bridgeport-connecticut-afe7c678fa5dfc85-repaired-node-001843,resolved_to_ancestor_section,0.5,exact_heading_number_'14.20.7'_not_found;_matched_ancestor_'14.20'
bridgeport-connecticut-afe7c678fa5dfc85-citation-00218,See 8.0,8.0,decimal_section,bridgeport-connecticut-afe7c678fa5dfc85-repaired-node-000265,117,See 8.0 for parking.,bridgeport-connecticut-afe7c678fa5dfc85-repaired-node-001181,resolved_exact,0.9,
bridgeport-connecticut-afe7c678fa5dfc85-citation-00219,See 6.50.11,6.50.11,decimal_section,bridgeport-connecticut-afe7c678fa5dfc85-repaired-node-000265,117,See 6.50.11 for garage door,bridgeport-connecticut-afe7c678fa5dfc85-repaired-node-000854,resolved_to_ancestor_section,0.5,exact_heading_number_'6.50.11'_not_found;_matched_ancestor_'6.50'
bridgeport-connecticut-afe7c678fa5dfc85-citation-00220,See 14.20.9,14.20.9,decimal_section,bridgeport-connecticut-afe7c678fa5dfc85-repaired-node-000265,117,See 14.20.9 for allowed,bridgeport-connecticut-afe7c678fa5dfc85-repaired-node-001872,resolved_exact,0.9,
bridgeport-connecticut-afe7c678fa5dfc85-citation-00221,See 3.170,3.170,decimal_section,bridgeport-connecticut-afe7c678fa5dfc85-repaired-node-000265,117,See 3.170 for accessory,bridgeport-connecticut-afe7c678fa5dfc85-repaired-node-000295,resolved_exact,0.9,
bridgeport-connecticut-afe7c678fa5dfc85-citation-00222,See 3.170,3.170,decimal_section,bridgeport-connecticut-afe7c678fa5dfc85-repaired-node-000265,117,See 3.170 for accessory,bridgeport-connecticut-afe7c678fa5dfc85-repaired-node-000295,resolved_exact,0.9,
bridgeport-connecticut-afe7c678fa5dfc85-citation-00223,See 14.20.10,14.20.10,decimal_section,bridgeport-connecticut-afe7c678fa5dfc85-repaired-node-000266,118,See 14.20.10 for measuring,bridgeport-connecticut-afe7c678fa5dfc85-repaired-node-000782,resolved_exact,0.9,
bridgeport-connecticut-afe7c678fa5dfc85-citation-00224,See 6.20,6.20,decimal_section,bridgeport-connecticut-afe7c678fa5dfc85-repaired-node-000267,118,See 6.20 for roof types and,bridgeport-connecticut-afe7c678fa5dfc85-repaired-node-000757,resolved_exact,0.9,
bridgeport-connecticut-afe7c678fa5dfc85-citation-00225,See 14.20.12,14.20.12,decimal_section,bridgeport-connecticut-afe7c678fa5dfc85-repaired-node-000268,119,See 14.20.12 for measuring,bridgeport-connecticut-afe7c678fa5dfc85-repaired-node-001905,resolved_exact,0.9,
bridgeport-connecticut-afe7c678fa5dfc85-citation-00226,See 6.30,6.30,decimal_section,bridgeport-connecticut-afe7c678fa5dfc85-repaired-node-000268,119,See 6.30 for entrance types.,bridgeport-connecticut-afe7c678fa5dfc85-repaired-node-000797,resolved_exact,0.9,
bridgeport-connecticut-afe7c678fa5dfc85-citation-00227,See 14.40,14.40,decimal_section,bridgeport-connecticut-afe7c678fa5dfc85-repaired-node-000268,119,See 14.40 for definition of,bridgeport-connecticut-afe7c678fa5dfc85-repaired-node-001907,resolved_exact,0.9,
bridgeport-connecticut-afe7c678fa5dfc85-citation-00228,See 3.10,3.10,decimal_section,bridgeport-connecticut-afe7c678fa5dfc85-repaired-node-000281,123,site type. See 3.10 for general regulations for all building,bridgeport-connecticut-afe7c678fa5dfc85-repaired-node-000062,resolved_exact,0.9,
bridgeport-connecticut-afe7c678fa5dfc85-citation-00229,See 14.0,14.0,decimal_section,bridgeport-connecticut-afe7c678fa5dfc85-repaired-node-000281,123,and site types. See 14.0 for definitions and measuring table,bridgeport-connecticut-afe7c678fa5dfc85-repaired-node-001829,resolved_exact,0.9,
bridgeport-connecticut-afe7c678fa5dfc85-citation-00230,See 6.40,6.40,decimal_section,bridgeport-connecticut-afe7c678fa5dfc85-repaired-node-000283,124,See 6.40 for facade,bridgeport-connecticut-afe7c678fa5dfc85-repaired-node-000833,resolved_exact,0.9,
bridgeport-connecticut-afe7c678fa5dfc85-citation-00231,See 6.20,6.20,decimal_section,bridgeport-connecticut-afe7c678fa5dfc85-repaired-node-000283,124,See 6.20 for roof types.,bridgeport-connecticut-afe7c678fa5dfc85-repaired-node-000757,resolved_exact,0.9,
bridgeport-connecticut-afe7c678fa5dfc85-citation-00232,See 8.0,8.0,decimal_section,bridgeport-connecticut-afe7c678fa5dfc85-repaired-node-000285,125,See 8.0 for parking.,bridgeport-connecticut-afe7c678fa5dfc85-repaired-node-001181,resolved_exact,0.9,
bridgeport-connecticut-afe7c678fa5dfc85-citation-00233,See 14.20.9,14.20.9,decimal_section,bridgeport-connecticut-afe7c678fa5dfc85-repaired-node-000285,125,plaza. See 14.20.9 for,bridgeport-connecticut-afe7c678fa5dfc85-repaired-node-001872,resolved_exact,0.9,
bridgeport-connecticut-afe7c678fa5dfc85-citation-00234,See 3.170,3.170,decimal_section,bridgeport-connecticut-afe7c678fa5dfc85-repaired-node-000285,125,See 3.170 for accessory,bridgeport-connecticut-afe7c678fa5dfc85-repaired-node-000295,resolved_exact,0.9,
bridgeport-connecticut-afe7c678fa5dfc85-citation-00235,See 3.10,3.10,decimal_section,bridgeport-connecticut-afe7c678fa5dfc85-repaired-node-000288,129,site type. See 3.10 for general regulations for all building,bridgeport-connecticut-afe7c678fa5dfc85-repaired-node-000062,resolved_exact,0.9,
bridgeport-connecticut-afe7c678fa5dfc85-citation-00236,See 14.0,14.0,decimal_section,bridgeport-connecticut-afe7c678fa5dfc85-repaired-node-000288,129,and site types. See 14.0 for definitions and measuring table,bridgeport-connecticut-afe7c678fa5dfc85-repaired-node-001829,resolved_exact,0.9,
bridgeport-connecticut-afe7c678fa5dfc85-citation-00237,See 6.40,6.40,decimal_section,bridgeport-connecticut-afe7c678fa5dfc85-repaired-node-000290,130,See 6.40 for facade materials.,bridgeport-connecticut-afe7c678fa5dfc85-repaired-node-000833,resolved_exact,0.9,
bridgeport-connecticut-afe7c678fa5dfc85-citation-00238,See 6.20,6.20,decimal_section,bridgeport-connecticut-afe7c678fa5dfc85-repaired-node-000290,130,See 6.20 for roof types.,bridgeport-connecticut-afe7c678fa5dfc85-repaired-node-000757,resolved_exact,0.9,
bridgeport-connecticut-afe7c678fa5dfc85-citation-00239,See 8.0,8.0,decimal_section,bridgeport-connecticut-afe7c678fa5dfc85-repaired-node-000292,131,See 8.0 for parking.,bridgeport-connecticut-afe7c678fa5dfc85-repaired-node-001181,resolved_exact,0.9,
bridgeport-connecticut-afe7c678fa5dfc85-citation-00240,See 3.160.2,3.160.2,decimal_section,bridgeport-connecticut-afe7c678fa5dfc85-repaired-node-000292,131,plaza. See 3.160.2 .,bridgeport-connecticut-afe7c678fa5dfc85-repaired-node-000288,resolved_to_ancestor_section,0.5,exact_heading_number_'3.160.2'_not_found;_matched_ancestor_'3.160'
bridgeport-connecticut-afe7c678fa5dfc85-citation-00241,See 3.170,3.170,decimal_section,bridgeport-connecticut-afe7c678fa5dfc85-repaired-node-000292,131,See 3.170 for accessory structures,bridgeport-connecticut-afe7c678fa5dfc85-repaired-node-000295,resolved_exact,0.9,
bridgeport-connecticut-afe7c678fa5dfc85-citation-00242,Refer to 4.0,4.0,decimal_section,bridgeport-connecticut-afe7c678fa5dfc85-repaired-node-000296,134,Allowed Uses. Refer to 4.0 for description and,bridgeport-connecticut-afe7c678fa5dfc85-repaired-node-000415,resolved_exact,0.9,
bridgeport-connecticut-afe7c678fa5dfc85-citation-00243,See 3.170.4,3.170.4,decimal_section,bridgeport-connecticut-afe7c678fa5dfc85-repaired-node-000320,135,"CX, RX2, P2, and P3 zones. See 3.170.4 for parking",bridgeport-connecticut-afe7c678fa5dfc85-repaired-node-000295,resolved_to_ancestor_section,0.5,exact_heading_number_'3.170.4'_not_found;_matched_ancestor_'3.170'
bridgeport-connecticut-afe7c678fa5dfc85-citation-00244,See 6.50.13,6.50.13,decimal_section,bridgeport-connecticut-afe7c678fa5dfc85-repaired-node-000344,136,(5) Lighting. See 6.50.13 for exterior building and site,bridgeport-connecticut-afe7c678fa5dfc85-repaired-node-000854,resolved_to_ancestor_section,0.5,exact_heading_number_'6.50.13'_not_found;_matched_ancestor_'6.50'
bridgeport-connecticut-afe7c678fa5dfc85-citation-00245,See 6.50.13,6.50.13,decimal_section,bridgeport-connecticut-afe7c678fa5dfc85-repaired-node-000360,137,(3) Lighting. See 6.50.13 for exterior building and site,bridgeport-connecticut-afe7c678fa5dfc85-repaired-node-000854,resolved_to_ancestor_section,0.5,exact_heading_number_'6.50.13'_not_found;_matched_ancestor_'6.50'
bridgeport-connecticut-afe7c678fa5dfc85-citation-00246,See 4.60.8,4.60.8,decimal_section,bridgeport-connecticut-afe7c678fa5dfc85-repaired-node-000391,138,"A. Principal Use. See 4.60.8 for infrastructure uses, utility,",bridgeport-connecticut-afe7c678fa5dfc85-repaired-node-000519,resolved_to_ancestor_section,0.5,exact_heading_number_'4.60.8'_not_found;_matched_ancestor_'4.60'
bridgeport-connecticut-afe7c678fa5dfc85-citation-00247,See 4.70,4.70,decimal_section,bridgeport-connecticut-afe7c678fa5dfc85-repaired-node-000425,142,in conjunction with principal uses. See 4.70 for regulations.,bridgeport-connecticut-afe7c678fa5dfc85-repaired-node-000522,resolved_exact,0.9,
bridgeport-connecticut-afe7c678fa5dfc85-citation-00248,See 4.60,4.60,decimal_section,bridgeport-connecticut-afe7c678fa5dfc85-repaired-node-000514,152,farms are classified as parks and open space. See 4.60 .,bridgeport-connecticut-afe7c678fa5dfc85-repaired-node-000519,resolved_exact,0.9,
bridgeport-connecticut-afe7c678fa5dfc85-citation-00249,See 4.50,4.50,decimal_section,bridgeport-connecticut-afe7c678fa5dfc85-repaired-node-000522,154,classified as low-impact manufacturing uses. See 4.50 .,bridgeport-connecticut-afe7c678fa5dfc85-repaired-node-000508,resolved_exact,0.9,
bridgeport-connecticut-afe7c678fa5dfc85-citation-00250,See 8.40,8.40,decimal_section,bridgeport-connecticut-afe7c678fa5dfc85-repaired-node-000621,159,Heavy Vehicles. See 8.40 .,,unresolved,0.0,no_exact_or_ancestor_heading_number_match
bridgeport-connecticut-afe7c678fa5dfc85-citation-00251,See 3.0,3.0,decimal_section,bridgeport-connecticut-afe7c678fa5dfc85-repaired-node-000665,165,otherwise specified. See 3.0 for building types.,bridgeport-connecticut-afe7c678fa5dfc85-repaired-node-000061,resolved_exact,0.9,
bridgeport-connecticut-afe7c678fa5dfc85-citation-00252,Refer to 5.30,5.30,decimal_section,bridgeport-connecticut-afe7c678fa5dfc85-repaired-node-000674,165,E. Civic Space Frontage. Refer to 5.30 for civic space,bridgeport-connecticut-afe7c678fa5dfc85-repaired-node-000707,resolved_exact,0.9,
bridgeport-connecticut-afe7c678fa5dfc85-citation-00253,See 7.70,7.70,decimal_section,bridgeport-connecticut-afe7c678fa5dfc85-repaired-node-000682,169,(3) Landscape. See 7.70 for streetscape area,bridgeport-connecticut-afe7c678fa5dfc85-repaired-node-001021,resolved_exact,0.9,
bridgeport-connecticut-afe7c678fa5dfc85-citation-00254,See 3.10.11,3.10.11,decimal_section,bridgeport-connecticut-afe7c678fa5dfc85-repaired-node-000697,170,driveway and service access. See 3.10.11 for primary,bridgeport-connecticut-afe7c678fa5dfc85-repaired-node-000062,resolved_to_ancestor_section,0.5,exact_heading_number_'3.10.11'_not_found;_matched_ancestor_'3.10'
bridgeport-connecticut-afe7c678fa5dfc85-citation-00255,See 7.90,7.90,decimal_section,bridgeport-connecticut-afe7c678fa5dfc85-repaired-node-000710,172,See 7.90 inland waterways and waterfronts on or abutting,bridgeport-connecticut-afe7c678fa5dfc85-repaired-node-001064,resolved_exact,0.9,
bridgeport-connecticut-afe7c678fa5dfc85-citation-00256,See 5.20.1,5.20.1,decimal_section,bridgeport-connecticut-afe7c678fa5dfc85-repaired-node-000711,172,See 5.20.1.E for street frontage requirements of civic,bridgeport-connecticut-afe7c678fa5dfc85-repaired-node-000663,resolved_to_ancestor_section,0.5,exact_heading_number_'5.20.1'_not_found;_matched_ancestor_'5.20'
bridgeport-connecticut-afe7c678fa5dfc85-citation-00257,See 7.90.6,7.90.6,decimal_section,bridgeport-connecticut-afe7c678fa5dfc85-repaired-node-000711,172,B. Upland Connection. See 7.90.6 for upland connection,bridgeport-connecticut-afe7c678fa5dfc85-repaired-node-001064,resolved_to_ancestor_section,0.5,exact_heading_number_'7.90.6'_not_found;_matched_ancestor_'7.90'
bridgeport-connecticut-afe7c678fa5dfc85-citation-00258,Table 5-1,5-1,table_reference,bridgeport-connecticut-afe7c678fa5dfc85-repaired-node-000715,173,parcel on the zoning map. See Table 5-1 for types.,bridgeport-connecticut-afe7c678fa5dfc85-table-172-00,resolved_table,0.8,
bridgeport-connecticut-afe7c678fa5dfc85-citation-00259,See 3.0,3.0,decimal_section,bridgeport-connecticut-afe7c678fa5dfc85-repaired-node-000722,173,E. Building and Site Types. See 3.0 for permitted building,bridgeport-connecticut-afe7c678fa5dfc85-repaired-node-000061,resolved_exact,0.9,
bridgeport-connecticut-afe7c678fa5dfc85-citation-00260,See 11.40,11.40,decimal_section,bridgeport-connecticut-afe7c678fa5dfc85-repaired-node-000726,173,the zoning map. See 11.40.,bridgeport-connecticut-afe7c678fa5dfc85-repaired-node-001559,resolved_exact,0.9,
bridgeport-connecticut-afe7c678fa5dfc85-citation-00261,Table 5-1,5-1,table_reference,bridgeport-connecticut-afe7c678fa5dfc85-repaired-node-000727,173,B. Required Zones. Table 5-1 lists zones required to be,bridgeport-connecticut-afe7c678fa5dfc85-table-172-00,resolved_table,0.8,
bridgeport-connecticut-afe7c678fa5dfc85-citation-00262,See 5.50.2,5.50.2,decimal_section,bridgeport-connecticut-afe7c678fa5dfc85-repaired-node-000728,173,used in this MPD type. See 5.50.2.D for specific layout,,unresolved,0.0,no_exact_or_ancestor_heading_number_match
bridgeport-connecticut-afe7c678fa5dfc85-citation-00263,See 11.100,11.100,decimal_section,bridgeport-connecticut-afe7c678fa5dfc85-repaired-node-000728,173,See 11.100 for subdivision and platting process.,bridgeport-connecticut-afe7c678fa5dfc85-repaired-node-001685,resolved_exact,0.9,
bridgeport-connecticut-afe7c678fa5dfc85-citation-00264,Table 5-1,5-1,table_reference,bridgeport-connecticut-afe7c678fa5dfc85-repaired-node-000731,174,A. Required Zones. Table 5-1 lists zones required to be,bridgeport-connecticut-afe7c678fa5dfc85-table-172-00,resolved_table,0.8,
bridgeport-connecticut-afe7c678fa5dfc85-citation-00265,Table 5-1,5-1,table_reference,bridgeport-connecticut-afe7c678fa5dfc85-repaired-node-000733,174,"not required, are listed in Table 5-1 .",bridgeport-connecticut-afe7c678fa5dfc85-table-172-00,resolved_table,0.8,
bridgeport-connecticut-afe7c678fa5dfc85-citation-00266,See 5.50.2,5.50.2,decimal_section,bridgeport-connecticut-afe7c678fa5dfc85-repaired-node-000733,174,used in this MPD type. See 5.50.2.D for specific layout,,unresolved,0.0,no_exact_or_ancestor_heading_number_match
bridgeport-connecticut-afe7c678fa5dfc85-citation-00267,Table 5-1,5-1,table_reference,bridgeport-connecticut-afe7c678fa5dfc85-repaired-node-000733,174,D. Limited Zones. Table 5-1 lists zones allowed with the,bridgeport-connecticut-afe7c678fa5dfc85-table-172-00,resolved_table,0.8,
bridgeport-connecticut-afe7c678fa5dfc85-citation-00268,Table 5-1,5-1,table_reference,bridgeport-connecticut-afe7c678fa5dfc85-repaired-node-000737,174,"not required, are listed in Table 5-1 .",bridgeport-connecticut-afe7c678fa5dfc85-table-172-00,resolved_table,0.8,
bridgeport-connecticut-afe7c678fa5dfc85-citation-00269,Table 5-1,5-1,table_reference,bridgeport-connecticut-afe7c678fa5dfc85-repaired-node-000737,174,C. Limited Zones. Table 5-1 lists zones allowed with the,bridgeport-connecticut-afe7c678fa5dfc85-table-172-00,resolved_table,0.8,
bridgeport-connecticut-afe7c678fa5dfc85-citation-00270,See 3.0,3.0,decimal_section,bridgeport-connecticut-afe7c678fa5dfc85-repaired-node-000738,174,"only. See 3.0 for building and site regulations,",bridgeport-connecticut-afe7c678fa5dfc85-repaired-node-000061,resolved_exact,0.9,
bridgeport-connecticut-afe7c678fa5dfc85-citation-00271,Table 5-1,5-1,table_reference,bridgeport-connecticut-afe7c678fa5dfc85-repaired-node-000738,174,A. Required Zones. Table 5-1 lists zones required to be,bridgeport-connecticut-afe7c678fa5dfc85-table-172-00,resolved_table,0.8,
bridgeport-connecticut-afe7c678fa5dfc85-citation-00272,See 5.50.2,5.50.2,decimal_section,bridgeport-connecticut-afe7c678fa5dfc85-repaired-node-000739,174,used in this MPD type. See 5.50.2.D for specific layout,,unresolved,0.0,no_exact_or_ancestor_heading_number_match
bridgeport-connecticut-afe7c678fa5dfc85-citation-00273,See 3.0,3.0,decimal_section,bridgeport-connecticut-afe7c678fa5dfc85-repaired-node-000740,174,"only. See 3.0 for building and site regulations,",bridgeport-connecticut-afe7c678fa5dfc85-repaired-node-000061,resolved_exact,0.9,
bridgeport-connecticut-afe7c678fa5dfc85-citation-00274,Table 5-1,5-1,table_reference,bridgeport-connecticut-afe7c678fa5dfc85-repaired-node-000742,174,"not required, are listed in Table 5-1 .",bridgeport-connecticut-afe7c678fa5dfc85-table-172-00,resolved_table,0.8,
bridgeport-connecticut-afe7c678fa5dfc85-citation-00275,Table 5-1,5-1,table_reference,bridgeport-connecticut-afe7c678fa5dfc85-repaired-node-000742,174,A. Required Zones. Table 5-1 lists zones required to be,bridgeport-connecticut-afe7c678fa5dfc85-table-172-00,resolved_table,0.8,
bridgeport-connecticut-afe7c678fa5dfc85-citation-00276,See 5.50.2,5.50.2,decimal_section,bridgeport-connecticut-afe7c678fa5dfc85-repaired-node-000743,174,used in this MPD type. See 5.50.2.D for specific layout,,unresolved,0.0,no_exact_or_ancestor_heading_number_match
bridgeport-connecticut-afe7c678fa5dfc85-citation-00277,Table 5-1,5-1,table_reference,bridgeport-connecticut-afe7c678fa5dfc85-repaired-node-000743,174,C. Limited Zones. Table 5-1 lists zones allowed with the,bridgeport-connecticut-afe7c678fa5dfc85-table-172-00,resolved_table,0.8,
bridgeport-connecticut-afe7c678fa5dfc85-citation-00278,See 3.0,3.0,decimal_section,bridgeport-connecticut-afe7c678fa5dfc85-repaired-node-000746,174,"only. See 3.0 for building and site regulations,",bridgeport-connecticut-afe7c678fa5dfc85-repaired-node-000061,resolved_exact,0.9,
bridgeport-connecticut-afe7c678fa5dfc85-citation-00279,Table 5-1,5-1,table_reference,bridgeport-connecticut-afe7c678fa5dfc85-repaired-node-000746,174,B. Limited Zones. Table 5-1 lists zones allowed with the,bridgeport-connecticut-afe7c678fa5dfc85-table-172-00,resolved_table,0.8,
bridgeport-connecticut-afe7c678fa5dfc85-citation-00280,See 3.0,3.0,decimal_section,bridgeport-connecticut-afe7c678fa5dfc85-repaired-node-000749,175,"only. See 3.0 for building and site regulations,",bridgeport-connecticut-afe7c678fa5dfc85-repaired-node-000061,resolved_exact,0.9,
bridgeport-connecticut-afe7c678fa5dfc85-citation-00281,Table 5-1,5-1,table_reference,bridgeport-connecticut-afe7c678fa5dfc85-repaired-node-000750,175,A. Required Zones. Table 5-1 lists zones required to be,bridgeport-connecticut-afe7c678fa5dfc85-table-172-00,resolved_table,0.8,
bridgeport-connecticut-afe7c678fa5dfc85-citation-00282,See 5.50.2,5.50.2,decimal_section,bridgeport-connecticut-afe7c678fa5dfc85-repaired-node-000751,175,used in this MPD type. See 5.50.2.D for specific layout,,unresolved,0.0,no_exact_or_ancestor_heading_number_match
bridgeport-connecticut-afe7c678fa5dfc85-citation-00283,Table 5-1,5-1,table_reference,bridgeport-connecticut-afe7c678fa5dfc85-repaired-node-000753,175,B. Limited Zones. Table 5-1 lists zones allowed with the,bridgeport-connecticut-afe7c678fa5dfc85-table-172-00,resolved_table,0.8,
bridgeport-connecticut-afe7c678fa5dfc85-citation-00284,See 3.0,3.0,decimal_section,bridgeport-connecticut-afe7c678fa5dfc85-repaired-node-000755,175,"only. See 3.0 for building and site regulations,",bridgeport-connecticut-afe7c678fa5dfc85-repaired-node-000061,resolved_exact,0.9,
bridgeport-connecticut-afe7c678fa5dfc85-citation-00285,See 14.210,14.210,decimal_section,bridgeport-connecticut-afe7c678fa5dfc85-repaired-node-000765,180,top of the uppermost story. See 14.210 for definition,bridgeport-connecticut-afe7c678fa5dfc85-repaired-node-001930,resolved_exact,0.9,
bridgeport-connecticut-afe7c678fa5dfc85-citation-00286,See 14.210,14.210,decimal_section,bridgeport-connecticut-afe7c678fa5dfc85-repaired-node-000767,180,parapet. See 14.210 for definition of shadow line.,bridgeport-connecticut-afe7c678fa5dfc85-repaired-node-001930,resolved_exact,0.9,
bridgeport-connecticut-afe7c678fa5dfc85-citation-00287,See 6.60.4,6.60.4,decimal_section,bridgeport-connecticut-afe7c678fa5dfc85-repaired-node-000771,180,per 6.20.6 . See 6.60.4 for additional regulations of,bridgeport-connecticut-afe7c678fa5dfc85-repaired-node-000926,resolved_to_ancestor_section,0.5,exact_heading_number_'6.60.4'_not_found;_matched_ancestor_'6.60'
bridgeport-connecticut-afe7c678fa5dfc85-citation-00288,See 14.170,14.170,decimal_section,bridgeport-connecticut-afe7c678fa5dfc85-repaired-node-000775,181,the flat roof and vertical wall. See 14.170 for definition of,bridgeport-connecticut-afe7c678fa5dfc85-repaired-node-001927,resolved_exact,0.9,
bridgeport-connecticut-afe7c678fa5dfc85-citation-00289,See 14.170,14.170,decimal_section,bridgeport-connecticut-afe7c678fa5dfc85-repaired-node-000782,181,regulations. See 14.170 for definition of occupied,bridgeport-connecticut-afe7c678fa5dfc85-repaired-node-001927,resolved_exact,0.9,
bridgeport-connecticut-afe7c678fa5dfc85-citation-00290,See 14.170,14.170,decimal_section,bridgeport-connecticut-afe7c678fa5dfc85-repaired-node-000783,182,regulations. See 14.170 for definition of occupied,bridgeport-connecticut-afe7c678fa5dfc85-repaired-node-001927,resolved_exact,0.9,
bridgeport-connecticut-afe7c678fa5dfc85-citation-00291,See 14.20.10,14.20.10,decimal_section,bridgeport-connecticut-afe7c678fa5dfc85-repaired-node-000784,182,See 14.20.10.F for definition of half story. See,bridgeport-connecticut-afe7c678fa5dfc85-repaired-node-000782,resolved_exact,0.9,
bridgeport-connecticut-afe7c678fa5dfc85-citation-00292,See 14.170,14.170,decimal_section,bridgeport-connecticut-afe7c678fa5dfc85-repaired-node-000796,183,type to which it is applied. See 14.170 for definition of,bridgeport-connecticut-afe7c678fa5dfc85-repaired-node-001927,resolved_exact,0.9,
bridgeport-connecticut-afe7c678fa5dfc85-citation-00293,See 6.50.1,6.50.1,decimal_section,bridgeport-connecticut-afe7c678fa5dfc85-repaired-node-000812,185,(4) See 6.50.1 for general window regulations.,bridgeport-connecticut-afe7c678fa5dfc85-repaired-node-000854,resolved_to_ancestor_section,0.5,exact_heading_number_'6.50.1'_not_found;_matched_ancestor_'6.50'
bridgeport-connecticut-afe7c678fa5dfc85-citation-00294,See 6.40,6.40,decimal_section,bridgeport-connecticut-afe7c678fa5dfc85-repaired-node-000814,185,See 6.40 for allowed facade materials.,bridgeport-connecticut-afe7c678fa5dfc85-repaired-node-000833,resolved_exact,0.9,
bridgeport-connecticut-afe7c678fa5dfc85-citation-00295,See 6.50.8,6.50.8,decimal_section,bridgeport-connecticut-afe7c678fa5dfc85-repaired-node-000815,185,sidewalk or curb. See 6.50.8 for facades along,bridgeport-connecticut-afe7c678fa5dfc85-repaired-node-000854,resolved_to_ancestor_section,0.5,exact_heading_number_'6.50.8'_not_found;_matched_ancestor_'6.50'
bridgeport-connecticut-afe7c678fa5dfc85-citation-00296,See 3.0,3.0,decimal_section,bridgeport-connecticut-afe7c678fa5dfc85-repaired-node-000817,186,a half story. See 3.0 for building type and allowed,bridgeport-connecticut-afe7c678fa5dfc85-repaired-node-000061,resolved_exact,0.9,
bridgeport-connecticut-afe7c678fa5dfc85-citation-00297,See 3.50.3,3.50.3,decimal_section,bridgeport-connecticut-afe7c678fa5dfc85-repaired-node-000817,186,and facade divisions. See 3.50.3 . Required,bridgeport-connecticut-afe7c678fa5dfc85-repaired-node-000153,resolved_to_ancestor_section,0.5,exact_heading_number_'3.50.3'_not_found;_matched_ancestor_'3.50'
bridgeport-connecticut-afe7c678fa5dfc85-citation-00298,See 6.30.1,6.30.1,decimal_section,bridgeport-connecticut-afe7c678fa5dfc85-repaired-node-000819,187,B. Steps. See 6.30.1 for general step regulations on,bridgeport-connecticut-afe7c678fa5dfc85-repaired-node-000797,resolved_to_ancestor_section,0.5,exact_heading_number_'6.30.1'_not_found;_matched_ancestor_'6.30'
bridgeport-connecticut-afe7c678fa5dfc85-citation-00299,See 6.30.1,6.30.1,decimal_section,bridgeport-connecticut-afe7c678fa5dfc85-repaired-node-000821,187,See 6.30.1 for general step and retaining wall,bridgeport-connecticut-afe7c678fa5dfc85-repaired-node-000797,resolved_to_ancestor_section,0.5,exact_heading_number_'6.30.1'_not_found;_matched_ancestor_'6.30'
bridgeport-connecticut-afe7c678fa5dfc85-citation-00300,See 14.40,14.40,decimal_section,bridgeport-connecticut-afe7c678fa5dfc85-repaired-node-000822,187,transparency and facade divisions. See 14.40 for,bridgeport-connecticut-afe7c678fa5dfc85-repaired-node-001907,resolved_exact,0.9,
bridgeport-connecticut-afe7c678fa5dfc85-citation-00301,See 6.30.1,6.30.1,decimal_section,bridgeport-connecticut-afe7c678fa5dfc85-repaired-node-000828,187,See 6.30.1 for general step and retaining wall,bridgeport-connecticut-afe7c678fa5dfc85-repaired-node-000797,resolved_to_ancestor_section,0.5,exact_heading_number_'6.30.1'_not_found;_matched_ancestor_'6.30'
bridgeport-connecticut-afe7c678fa5dfc85-citation-00302,See 14.40,14.40,decimal_section,bridgeport-connecticut-afe7c678fa5dfc85-repaired-node-000829,187,transparency and facade divisions. See 14.40 for,bridgeport-connecticut-afe7c678fa5dfc85-repaired-node-001907,resolved_exact,0.9,
bridgeport-connecticut-afe7c678fa5dfc85-citation-00303,Table 6-2,6-2,table_reference,bridgeport-connecticut-afe7c678fa5dfc85-repaired-node-000833,188,Allowed major facade materials are listed in Table 6-2 .,,unresolved,0.0,no_caption_found_for_table_reference
bridgeport-connecticut-afe7c678fa5dfc85-citation-00304,Table 6-3,6-3,table_reference,bridgeport-connecticut-afe7c678fa5dfc85-repaired-node-000839,188,composed of minor facade materials per Table 6-3 .,,unresolved,0.0,no_caption_found_for_table_reference
bridgeport-connecticut-afe7c678fa5dfc85-citation-00305,Table 6-4,6-4,table_reference,bridgeport-connecticut-afe7c678fa5dfc85-repaired-node-000840,188,"for trim, accents, and details per Table 6-4 , not included",,unresolved,0.0,no_caption_found_for_table_reference
bridgeport-connecticut-afe7c678fa5dfc85-citation-00306,Table 6-5,6-5,table_reference,bridgeport-connecticut-afe7c678fa5dfc85-repaired-node-000843,189,C. Prohibited Materials. Materials listed on Table 6-5 may,,unresolved,0.0,no_caption_found_for_table_reference
bridgeport-connecticut-afe7c678fa5dfc85-citation-00307,Table 6-5,6-5,table_reference,bridgeport-connecticut-afe7c678fa5dfc85-repaired-node-000846,191,"All allowed major facade materials may be used for minor facade materials, unless otherwise listed as prohibited in Table 6-5 .",,unresolved,0.0,no_caption_found_for_table_reference
bridgeport-connecticut-afe7c678fa5dfc85-citation-00308,Table 6-2,6-2,table_reference,bridgeport-connecticut-afe7c678fa5dfc85-repaired-node-000846,192,"Concrete, Unfinished (except as allowed in Table 6-2)",,unresolved,0.0,no_caption_found_for_table_reference
bridgeport-connecticut-afe7c678fa5dfc85-citation-00309,See 14.20.11,14.20.11,decimal_section,bridgeport-connecticut-afe7c678fa5dfc85-repaired-node-000851,193,definition. See 14.20.11 .,bridgeport-connecticut-afe7c678fa5dfc85-repaired-node-001887,resolved_exact,0.9,
bridgeport-connecticut-afe7c678fa5dfc85-citation-00310,See 9.30.5,9.30.5,decimal_section,bridgeport-connecticut-afe7c678fa5dfc85-repaired-node-000853,193,occupied space of the building. See 9.30.5 for window,bridgeport-connecticut-afe7c678fa5dfc85-repaired-node-001321,resolved_to_ancestor_section,0.5,exact_heading_number_'9.30.5'_not_found;_matched_ancestor_'9.30'
bridgeport-connecticut-afe7c678fa5dfc85-citation-00311,See 9.0,9.0,decimal_section,bridgeport-connecticut-afe7c678fa5dfc85-repaired-node-000863,194,G. Signs. See 9.0 for signs on awnings and canopies.,bridgeport-connecticut-afe7c678fa5dfc85-repaired-node-001219,resolved_exact,0.9,
bridgeport-connecticut-afe7c678fa5dfc85-citation-00312,Table 6-6,6-6,table_reference,bridgeport-connecticut-afe7c678fa5dfc85-repaired-node-000917,200,B. Maximum Lighting. Table 6-6 shows the maximum,,unresolved,0.0,no_caption_found_for_table_reference
bridgeport-connecticut-afe7c678fa5dfc85-citation-00313,See 14.270,14.270,decimal_section,bridgeport-connecticut-afe7c678fa5dfc85-repaired-node-000932,201,B. Allowed Yard Location. See 14.270 for definition of,bridgeport-connecticut-afe7c678fa5dfc85-repaired-node-001938,resolved_exact,0.9,
bridgeport-connecticut-afe7c678fa5dfc85-citation-00314,Table 7-1,7-1,table_reference,bridgeport-connecticut-afe7c678fa5dfc85-repaired-node-000980,209,according to Table 7-1 unless otherwise noted in this,,unresolved,0.0,no_caption_found_for_table_reference
bridgeport-connecticut-afe7c678fa5dfc85-citation-00315,Table 7-2,7-2,table_reference,bridgeport-connecticut-afe7c678fa5dfc85-repaired-node-000989,210,area per Table 7-2 is required per tree based upon the,,unresolved,0.0,no_caption_found_for_table_reference
bridgeport-connecticut-afe7c678fa5dfc85-citation-00316,Table 7-2,7-2,table_reference,bridgeport-connecticut-afe7c678fa5dfc85-repaired-node-000989,210,Table 7-2 are based upon typical street tree areas.,,unresolved,0.0,no_caption_found_for_table_reference
bridgeport-connecticut-afe7c678fa5dfc85-citation-00317,Refer to 7.80,7.80,decimal_section,bridgeport-connecticut-afe7c678fa5dfc85-repaired-node-000998,210,permitted. Refer to 7.80 for clear branch height of,bridgeport-connecticut-afe7c678fa5dfc85-repaired-node-001062,resolved_exact,0.9,
bridgeport-connecticut-afe7c678fa5dfc85-citation-00318,See 7.70,7.70,decimal_section,bridgeport-connecticut-afe7c678fa5dfc85-repaired-node-001019,212,See 7.70 for required public sidewalks along the street and,bridgeport-connecticut-afe7c678fa5dfc85-repaired-node-001021,resolved_exact,0.9,
bridgeport-connecticut-afe7c678fa5dfc85-citation-00319,See 3.10.12,3.10.12,decimal_section,bridgeport-connecticut-afe7c678fa5dfc85-repaired-node-001030,213,See 3.10.12 for streetscape areas less than 9 feet,bridgeport-connecticut-afe7c678fa5dfc85-repaired-node-000062,resolved_to_ancestor_section,0.5,exact_heading_number_'3.10.12'_not_found;_matched_ancestor_'3.10'
bridgeport-connecticut-afe7c678fa5dfc85-citation-00320,See 6.50.13,6.50.13,decimal_section,bridgeport-connecticut-afe7c678fa5dfc85-repaired-node-001033,213,surface and safety along all sidewalks. See 6.50.13 for,bridgeport-connecticut-afe7c678fa5dfc85-repaired-node-000854,resolved_to_ancestor_section,0.5,exact_heading_number_'6.50.13'_not_found;_matched_ancestor_'6.50'
bridgeport-connecticut-afe7c678fa5dfc85-citation-00321,See 14.250,14.250,decimal_section,bridgeport-connecticut-afe7c678fa5dfc85-repaired-node-001066,216,"NX1, and NX2 zones. See 14.250 for definitions of waterway",bridgeport-connecticut-afe7c678fa5dfc85-repaired-node-001933,resolved_exact,0.9,
bridgeport-connecticut-afe7c678fa5dfc85-citation-00322,See 7.40,7.40,decimal_section,bridgeport-connecticut-afe7c678fa5dfc85-repaired-node-001071,216,be maintained. See 7.40 for existing tree regulations.,bridgeport-connecticut-afe7c678fa5dfc85-repaired-node-000999,resolved_exact,0.9,
bridgeport-connecticut-afe7c678fa5dfc85-citation-00323,See 7.100.3,7.100.3,decimal_section,bridgeport-connecticut-afe7c678fa5dfc85-repaired-node-001085,217,"way, waterfront, or open or civic space. See 7.100.3 for",bridgeport-connecticut-afe7c678fa5dfc85-repaired-node-001076,resolved_to_ancestor_section,0.5,exact_heading_number_'7.100.3'_not_found;_matched_ancestor_'7.100'
bridgeport-connecticut-afe7c678fa5dfc85-citation-00324,See 7.100.3,7.100.3,decimal_section,bridgeport-connecticut-afe7c678fa5dfc85-repaired-node-001086,217,sales lots fronting a street right-of-way. See 7.100.3 for,bridgeport-connecticut-afe7c678fa5dfc85-repaired-node-001076,resolved_to_ancestor_section,0.5,exact_heading_number_'7.100.3'_not_found;_matched_ancestor_'7.100'
bridgeport-connecticut-afe7c678fa5dfc85-citation-00325,Table 7-3,7-3,table_reference,bridgeport-connecticut-afe7c678fa5dfc85-repaired-node-001102,219,designated in Table 7-3 . Vehicular areas include,bridgeport-connecticut-afe7c678fa5dfc85-table-219-00,resolved_table,0.8,
bridgeport-connecticut-afe7c678fa5dfc85-citation-00326,Table 7-3,7-3,table_reference,bridgeport-connecticut-afe7c678fa5dfc85-repaired-node-001103,219,designated in Table 7-3 . Loading areas include such,bridgeport-connecticut-afe7c678fa5dfc85-table-219-00,resolved_table,0.8,
bridgeport-connecticut-afe7c678fa5dfc85-citation-00327,Table 7-3,7-3,table_reference,bridgeport-connecticut-afe7c678fa5dfc85-repaired-node-001105,219,designated in Table 7-3 . Service areas include such,bridgeport-connecticut-afe7c678fa5dfc85-table-219-00,resolved_table,0.8,
bridgeport-connecticut-afe7c678fa5dfc85-citation-00328,See 4.70.6,4.70.6,decimal_section,bridgeport-connecticut-afe7c678fa5dfc85-repaired-node-001107,219,7-3 . See 4.70.6 for outdoor storage uses.,bridgeport-connecticut-afe7c678fa5dfc85-repaired-node-000522,resolved_to_ancestor_section,0.5,exact_heading_number_'4.70.6'_not_found;_matched_ancestor_'4.70'
bridgeport-connecticut-afe7c678fa5dfc85-citation-00329,See 7.110.3,7.110.3,decimal_section,bridgeport-connecticut-afe7c678fa5dfc85-repaired-node-001107,219,See 7.110.3 for activities triggering buffer requirement.,bridgeport-connecticut-afe7c678fa5dfc85-repaired-node-001100,resolved_to_ancestor_section,0.5,exact_heading_number_'7.110.3'_not_found;_matched_ancestor_'7.110'
bridgeport-connecticut-afe7c678fa5dfc85-citation-00330,Table 7-3,7-3,table_reference,bridgeport-connecticut-afe7c678fa5dfc85-repaired-node-001113,220,See Table 7-3 where required. See Figure 7-C for illustration.,bridgeport-connecticut-afe7c678fa5dfc85-table-219-00,resolved_table,0.8,
bridgeport-connecticut-afe7c678fa5dfc85-citation-00331,See 7.50,7.50,decimal_section,bridgeport-connecticut-afe7c678fa5dfc85-repaired-node-001115,221,planting bed. See 7.50 for required ground vegetation,bridgeport-connecticut-afe7c678fa5dfc85-repaired-node-001015,resolved_exact,0.9,
bridgeport-connecticut-afe7c678fa5dfc85-citation-00332,Table 7-3,7-3,table_reference,bridgeport-connecticut-afe7c678fa5dfc85-repaired-node-001115,221,See Table 7-3 where required. See Figure 7-D for illustration.,bridgeport-connecticut-afe7c678fa5dfc85-table-219-00,resolved_table,0.8,
bridgeport-connecticut-afe7c678fa5dfc85-citation-00333,See 7.110.4,7.110.4,decimal_section,bridgeport-connecticut-afe7c678fa5dfc85-repaired-node-001117,221,C. Privacy Fence. See 7.110.4 for the requirements of the,bridgeport-connecticut-afe7c678fa5dfc85-repaired-node-001100,resolved_to_ancestor_section,0.5,exact_heading_number_'7.110.4'_not_found;_matched_ancestor_'7.110'
bridgeport-connecticut-afe7c678fa5dfc85-citation-00334,See 7.50,7.50,decimal_section,bridgeport-connecticut-afe7c678fa5dfc85-repaired-node-001120,221,planting bed. See 7.50 for required ground vegetation,bridgeport-connecticut-afe7c678fa5dfc85-repaired-node-001015,resolved_exact,0.9,
bridgeport-connecticut-afe7c678fa5dfc85-citation-00335,Table 7-3,7-3,table_reference,bridgeport-connecticut-afe7c678fa5dfc85-repaired-node-001120,221,See Table 7-3 where required.,bridgeport-connecticut-afe7c678fa5dfc85-table-219-00,resolved_table,0.8,
bridgeport-connecticut-afe7c678fa5dfc85-citation-00336,See 7.50,7.50,decimal_section,bridgeport-connecticut-afe7c678fa5dfc85-repaired-node-001122,221,required. See 7.50 for required ground vegetation.,bridgeport-connecticut-afe7c678fa5dfc85-repaired-node-001015,resolved_exact,0.9,
bridgeport-connecticut-afe7c678fa5dfc85-citation-00337,See 7.50,7.50,decimal_section,bridgeport-connecticut-afe7c678fa5dfc85-repaired-node-001123,221,with brick or stone. See 7.50 for required ground,bridgeport-connecticut-afe7c678fa5dfc85-repaired-node-001015,resolved_exact,0.9,
bridgeport-connecticut-afe7c678fa5dfc85-citation-00338,See 7.100,7.100,decimal_section,bridgeport-connecticut-afe7c678fa5dfc85-repaired-node-001125,222,See 7.100 for frontage buffer along street frontages and 7.110,bridgeport-connecticut-afe7c678fa5dfc85-repaired-node-001076,resolved_exact,0.9,
bridgeport-connecticut-afe7c678fa5dfc85-citation-00339,Refer to 7.20.4,7.20.4,decimal_section,bridgeport-connecticut-afe7c678fa5dfc85-repaired-node-001132,223,wide and the depth of a parking space. Refer to 7.20.4,bridgeport-connecticut-afe7c678fa5dfc85-repaired-node-000976,resolved_to_ancestor_section,0.5,exact_heading_number_'7.20.4'_not_found;_matched_ancestor_'7.20'
bridgeport-connecticut-afe7c678fa5dfc85-citation-00340,See 3.10.9,3.10.9,decimal_section,bridgeport-connecticut-afe7c678fa5dfc85-repaired-node-001133,223,"A. Trash, Recycling, and Other Waste. See 3.10.9 of the",bridgeport-connecticut-afe7c678fa5dfc85-repaired-node-000062,resolved_to_ancestor_section,0.5,exact_heading_number_'3.10.9'_not_found;_matched_ancestor_'3.10'
bridgeport-connecticut-afe7c678fa5dfc85-citation-00341,See 3.10.10,3.10.10,decimal_section,bridgeport-connecticut-afe7c678fa5dfc85-repaired-node-001135,223,"B. Loading. See 3.10.10 , building type regulations, for the",bridgeport-connecticut-afe7c678fa5dfc85-repaired-node-000062,resolved_to_ancestor_section,0.5,exact_heading_number_'3.10.10'_not_found;_matched_ancestor_'3.10'
bridgeport-connecticut-afe7c678fa5dfc85-citation-00342,See 6.60,6.60,decimal_section,bridgeport-connecticut-afe7c678fa5dfc85-repaired-node-001136,223,C. Utility Equipment and Appurtenances. See 6.60 for,bridgeport-connecticut-afe7c678fa5dfc85-repaired-node-000926,resolved_exact,0.9,
bridgeport-connecticut-afe7c678fa5dfc85-citation-00343,Refer to 7.20.4,7.20.4,decimal_section,bridgeport-connecticut-afe7c678fa5dfc85-repaired-node-001141,223,interior. Refer to 7.20.4 for mature canopy sizes.,bridgeport-connecticut-afe7c678fa5dfc85-repaired-node-000976,resolved_to_ancestor_section,0.5,exact_heading_number_'7.20.4'_not_found;_matched_ancestor_'7.20'
bridgeport-connecticut-afe7c678fa5dfc85-citation-00344,See 7.50,7.50,decimal_section,bridgeport-connecticut-afe7c678fa5dfc85-repaired-node-001142,223,"must be unpaved, landscape areas. See 7.50 for required",bridgeport-connecticut-afe7c678fa5dfc85-repaired-node-001015,resolved_exact,0.9,
bridgeport-connecticut-afe7c678fa5dfc85-citation-00345,Table 8-1,8-1,table_reference,bridgeport-connecticut-afe7c678fa5dfc85-repaired-node-001191,228,"established in Table 8-1 , unless approved through the",bridgeport-connecticut-afe7c678fa5dfc85-table-228-01,resolved_table,0.8,
bridgeport-connecticut-afe7c678fa5dfc85-citation-00346,See 7.100,7.100,decimal_section,bridgeport-connecticut-afe7c678fa5dfc85-repaired-node-001192,228,G. Landscape and Screening. See 7.100 and 7.110 .,bridgeport-connecticut-afe7c678fa5dfc85-repaired-node-001076,resolved_exact,0.9,
bridgeport-connecticut-afe7c678fa5dfc85-citation-00347,Table 8-2,8-2,table_reference,bridgeport-connecticut-afe7c678fa5dfc85-repaired-node-001197,229,minimum requirements stated in Table 8-2 .,bridgeport-connecticut-afe7c678fa5dfc85-table-229-01,resolved_table,0.8,
bridgeport-connecticut-afe7c678fa5dfc85-citation-00348,Table 8-4,8-4,table_reference,bridgeport-connecticut-afe7c678fa5dfc85-repaired-node-001209,230,drive-through station in accordance with Table 8-4 . Review,bridgeport-connecticut-afe7c678fa5dfc85-table-231-00,resolved_table,0.8,
bridgeport-connecticut-afe7c678fa5dfc85-citation-00349,Table 8-3,8-3,table_reference,bridgeport-connecticut-afe7c678fa5dfc85-repaired-node-001213,231,requirements established in Table 8-3 .,bridgeport-connecticut-afe7c678fa5dfc85-table-231-03,resolved_table,0.8,
bridgeport-connecticut-afe7c678fa5dfc85-citation-00350,See 9.110.1,9.110.1,decimal_section,bridgeport-connecticut-afe7c678fa5dfc85-repaired-node-001240,235,"(3) Area, Sign (or Sign Face Area). See 9.110.1 .",,unresolved,0.0,no_exact_or_ancestor_heading_number_match
bridgeport-connecticut-afe7c678fa5dfc85-citation-00351,See 9.110.4,9.110.4,decimal_section,bridgeport-connecticut-afe7c678fa5dfc85-repaired-node-001244,235,(7) Building Frontage. See 9.110.4 .,,unresolved,0.0,no_exact_or_ancestor_heading_number_match
bridgeport-connecticut-afe7c678fa5dfc85-citation-00352,See 9.110.2,9.110.2,decimal_section,bridgeport-connecticut-afe7c678fa5dfc85-repaired-node-001257,236,"(4) Height, Sign. See 9.110.2 .",,unresolved,0.0,no_exact_or_ancestor_heading_number_match
bridgeport-connecticut-afe7c678fa5dfc85-citation-00353,See 9.70,9.70,decimal_section,bridgeport-connecticut-afe7c678fa5dfc85-repaired-node-001306,239,must be by constant light. See 9.70 for supplemental,,unresolved,0.0,no_exact_or_ancestor_heading_number_match
bridgeport-connecticut-afe7c678fa5dfc85-citation-00354,Table 11-1,11-1,table_reference,bridgeport-connecticut-afe7c678fa5dfc85-repaired-node-001504,258,Table 11-1 provides a summary of review and decision-making,bridgeport-connecticut-afe7c678fa5dfc85-table-258-00,resolved_table,0.8,
bridgeport-connecticut-afe7c678fa5dfc85-citation-00355,See 9.0,9.0,decimal_section,bridgeport-connecticut-afe7c678fa5dfc85-repaired-node-001826,284,"See 9.0 , signs article.",bridgeport-connecticut-afe7c678fa5dfc85-repaired-node-001219,resolved_exact,0.9,
bridgeport-connecticut-afe7c678fa5dfc85-citation-00356,See 4.0,4.0,decimal_section,bridgeport-connecticut-afe7c678fa5dfc85-repaired-node-001841,286,See 4.0 for an explanation of the use categorization system,bridgeport-connecticut-afe7c678fa5dfc85-repaired-node-000415,resolved_exact,0.9,
bridgeport-connecticut-afe7c678fa5dfc85-citation-00357,See 14.20,14.20,decimal_section,bridgeport-connecticut-afe7c678fa5dfc85-repaired-node-001841,286,See 14.20 .,bridgeport-connecticut-afe7c678fa5dfc85-repaired-node-001843,resolved_exact,0.9,
bridgeport-connecticut-afe7c678fa5dfc85-citation-00358,See 14.20.10,14.20.10,decimal_section,bridgeport-connecticut-afe7c678fa5dfc85-repaired-node-001851,287,the building type. See 14.20.10.A .,bridgeport-connecticut-afe7c678fa5dfc85-repaired-node-000782,resolved_exact,0.9,
bridgeport-connecticut-afe7c678fa5dfc85-citation-00359,See 3.0,3.0,decimal_section,bridgeport-connecticut-afe7c678fa5dfc85-repaired-node-001853,287,and build-to zones. See 3.0 for the building type regulations.,bridgeport-connecticut-afe7c678fa5dfc85-repaired-node-000061,resolved_exact,0.9,
bridgeport-connecticut-afe7c678fa5dfc85-citation-00360,See 14.210,14.210,decimal_section,bridgeport-connecticut-afe7c678fa5dfc85-repaired-node-001859,288,is a primary or non-primary street. (See 14.210 for,bridgeport-connecticut-afe7c678fa5dfc85-repaired-node-001930,resolved_exact,0.9,
bridgeport-connecticut-afe7c678fa5dfc85-citation-00361,See 3.0,3.0,decimal_section,bridgeport-connecticut-afe7c678fa5dfc85-repaired-node-001859,288,regulations section for each building type. See 3.0 .,bridgeport-connecticut-afe7c678fa5dfc85-repaired-node-000061,resolved_exact,0.9,
bridgeport-connecticut-afe7c678fa5dfc85-citation-00362,See 3.10.12,3.10.12,decimal_section,bridgeport-connecticut-afe7c678fa5dfc85-repaired-node-001860,288,B. Required Streetscape Area. See 3.10.12 for regulations,bridgeport-connecticut-afe7c678fa5dfc85-repaired-node-000062,resolved_to_ancestor_section,0.5,exact_heading_number_'3.10.12'_not_found;_matched_ancestor_'3.10'
bridgeport-connecticut-afe7c678fa5dfc85-citation-00363,See 7.90,7.90,decimal_section,bridgeport-connecticut-afe7c678fa5dfc85-repaired-node-001869,289,the easement or lot line. See 7.90 for waterway frontage,bridgeport-connecticut-afe7c678fa5dfc85-repaired-node-001064,resolved_exact,0.9,
bridgeport-connecticut-afe7c678fa5dfc85-citation-00364,See 3.0,3.0,decimal_section,bridgeport-connecticut-afe7c678fa5dfc85-repaired-node-001896,290,as defined below. See 3.0 for required transparency by,bridgeport-connecticut-afe7c678fa5dfc85-repaired-node-000061,resolved_exact,0.9,
bridgeport-connecticut-afe7c678fa5dfc85-citation-00365,See 14.20.6,14.20.6,decimal_section,bridgeport-connecticut-afe7c678fa5dfc85-repaired-node-001907,294,line. See 14.20.6 .,bridgeport-connecticut-afe7c678fa5dfc85-repaired-node-001853,resolved_exact,0.9,
bridgeport-connecticut-afe7c678fa5dfc85-citation-00366,See 14.20.4,14.20.4,decimal_section,bridgeport-connecticut-afe7c678fa5dfc85-repaired-node-001922,297,"LOT, WIDTH. See 14.20.4 .",bridgeport-connecticut-afe7c678fa5dfc85-repaired-node-001846,resolved_exact,0.9,
bridgeport-connecticut-afe7c678fa5dfc85-citation-00367,See 7.90,7.90,decimal_section,bridgeport-connecticut-afe7c678fa5dfc85-repaired-node-001929,299,increase natural wildlife habitat. See 7.90 .,bridgeport-connecticut-afe7c678fa5dfc85-repaired-node-001064,resolved_exact,0.9,
bridgeport-connecticut-afe7c678fa5dfc85-citation-00368,See 9.10.6,9.10.6,decimal_section,bridgeport-connecticut-afe7c678fa5dfc85-repaired-node-001930,299,SIGNS. See 9.10.6 for terminology related specifically to,bridgeport-connecticut-afe7c678fa5dfc85-repaired-node-001220,resolved_to_ancestor_section,0.5,exact_heading_number_'9.10.6'_not_found;_matched_ancestor_'9.10'
