document_id,page_number,block_number,line_number,text,bbox_x0,bbox_y0,bbox_x1,bbox_y1,font_size,font_name,font_flags,page_width,page_height,raw_text,is_breadcrumb_candidate,is_bold_weight,node_type,matched_pattern,heading_confidence,classification_reason,heading_number,depth,node_id
bridgeport-connecticut-afe7c678fa5dfc85,6,0,0,1.0 Introductory Provisions,40.5,27.937376022338867,184.3560028076172,44.785377502441406,12.0,ProximaNova-Regular,4,612.0,792.0,1.0 Introductory Provisions,False,False,Title,chapter,0.7,decimal_pattern=chapter (N.0),1.0,1,bridgeport-connecticut-afe7c678fa5dfc85-node-000001
bridgeport-connecticut-afe7c678fa5dfc85,6,0,1,1.10 Legal Framework,40.5,41.37941360473633,183.10400390625,61.637413024902344,14.0,ProximaNova-Bold,20,612.0,792.0,1.10 Legal Framework,False,True,Section,section,0.9,decimal_pattern=section (N.MM),1.10,2,bridgeport-connecticut-afe7c678fa5dfc85-node-000002
bridgeport-connecticut-afe7c678fa5dfc85,6,1,0,(2) Land may not be used for any purpose other than ones,315.45001220703125,82.75437927246094,563.8441772460938,96.50088500976562,9.5,ProximaNova-Bold | ProximaNova-Light,20,612.0,792.0,(2) Land may not be used for any purpose other than ones,False,True,Paragraph,lettered_or_numbered,0.55,lettered_or_numbered_paragraph_marker,,4,bridgeport-connecticut-afe7c678fa5dfc85-node-000003
bridgeport-connecticut-afe7c678fa5dfc85,6,4,0,"(3) A building or structure may not be erected, located,",315.45001220703125,115.75437927246094,548.3021850585938,129.50088500976562,9.5,ProximaNova-Bold | ProximaNova-Light,20,612.0,792.0,"(3) A building or structure may not be erected, located,",False,True,Paragraph,lettered_or_numbered,0.55,lettered_or_numbered_paragraph_marker,,4,bridgeport-connecticut-afe7c678fa5dfc85-node-000004
bridgeport-connecticut-afe7c678fa5dfc85,6,7,0,"(4) Buildings, structures and land may be used and",315.45001220703125,160.75437927246094,531.316162109375,174.50088500976562,9.5,ProximaNova-Bold | ProximaNova-Light,20,612.0,792.0,"(4) Buildings, structures and land may be used and",False,True,Paragraph,lettered_or_numbered,0.55,lettered_or_numbered_paragraph_marker,,4,bridgeport-connecticut-afe7c678fa5dfc85-node-000005
bridgeport-connecticut-afe7c678fa5dfc85,6,10,2,A. General Statutes. If the provisions of this zoning code,315.45001220703125,217.75437927246094,559.5928955078125,231.50088500976562,9.5,ProximaNova-Bold | ProximaNova-Light,20,612.0,792.0,A. General Statutes. If the provisions of this zoning code,False,True,Paragraph,lettered_or_numbered,0.55,lettered_or_numbered_paragraph_marker,,4,bridgeport-connecticut-afe7c678fa5dfc85-node-000006
bridgeport-connecticut-afe7c678fa5dfc85,6,13,0,B. Other City Regulations. If the provisions of this zoning,315.45001220703125,262.75439453125,561.6024169921875,276.5008850097656,9.5,ProximaNova-Bold | ProximaNova-Light,20,612.0,792.0,B. Other City Regulations. If the provisions of this zoning,False,True,Paragraph,lettered_or_numbered,0.55,lettered_or_numbered_paragraph_marker,,4,bridgeport-connecticut-afe7c678fa5dfc85-node-000007
bridgeport-connecticut-afe7c678fa5dfc85,6,17,0,C. Private Agreements and Restrictions. The regulations,315.45001220703125,355.7544250488281,562.6710815429688,369.50091552734375,9.5,ProximaNova-Bold | ProximaNova-Light,20,612.0,792.0,C. Private Agreements and Restrictions. The regulations,False,True,Paragraph,lettered_or_numbered,0.55,lettered_or_numbered_paragraph_marker,,4,bridgeport-connecticut-afe7c678fa5dfc85-node-000008
bridgeport-connecticut-afe7c678fa5dfc85,6,18,0,"(1) Protecting and promoting the public health, safety and",40.5,366.7294006347656,284.20098876953125,380.47589111328125,9.5,ProximaNova-Bold | ProximaNova-Light,20,612.0,792.0,"(1) Protecting and promoting the public health, safety and",False,True,Paragraph,lettered_or_numbered,0.55,lettered_or_numbered_paragraph_marker,,4,bridgeport-connecticut-afe7c678fa5dfc85-node-000009
bridgeport-connecticut-afe7c678fa5dfc85,6,21,0,(2) Implementing the policies and goals of the master plan,40.5,399.7294006347656,286.8799743652344,413.47589111328125,9.5,ProximaNova-Bold | ProximaNova-Light,20,612.0,792.0,(2) Implementing the policies and goals of the master plan,False,True,Paragraph,lettered_or_numbered,0.55,lettered_or_numbered_paragraph_marker,,4,bridgeport-connecticut-afe7c678fa5dfc85-node-000010
bridgeport-connecticut-afe7c678fa5dfc85,6,22,0,D. Text and Illustrations. In case of any difference of,315.45001220703125,412.7544250488281,542.6786499023438,426.50091552734375,9.5,ProximaNova-Bold | ProximaNova-Light,20,612.0,792.0,D. Text and Illustrations. In case of any difference of,False,True,Paragraph,lettered_or_numbered,0.55,lettered_or_numbered_paragraph_marker,,4,bridgeport-connecticut-afe7c678fa5dfc85-node-000011
bridgeport-connecticut-afe7c678fa5dfc85,6,24,0,(3) Achieving all of the other stated purposes set forth in,40.5,444.7294006347656,279.58404541015625,458.47589111328125,9.5,ProximaNova-Bold | ProximaNova-Light,20,612.0,792.0,(3) Achieving all of the other stated purposes set forth in,False,True,Paragraph,lettered_or_numbered,0.55,lettered_or_numbered_paragraph_marker,,4,bridgeport-connecticut-afe7c678fa5dfc85-node-000012
bridgeport-connecticut-afe7c678fa5dfc85,6,27,2,(1) The regulations of this zoning code are the minimum,40.5,489.7294006347656,277.8645324707031,503.47589111328125,9.5,ProximaNova-Bold | ProximaNova-Light,20,612.0,792.0,(1) The regulations of this zoning code are the minimum,False,True,Paragraph,lettered_or_numbered,0.55,lettered_or_numbered_paragraph_marker,,4,bridgeport-connecticut-afe7c678fa5dfc85-node-000013
bridgeport-connecticut-afe7c678fa5dfc85,6,29,0,"(2) In addition to the requirements of this zoning code,",40.5,534.7294311523438,271.0150451660156,548.4758911132812,9.5,ProximaNova-Bold | ProximaNova-Light,20,612.0,792.0,"(2) In addition to the requirements of this zoning code,",False,True,Paragraph,lettered_or_numbered,0.55,lettered_or_numbered_paragraph_marker,,4,bridgeport-connecticut-afe7c678fa5dfc85-node-000014
bridgeport-connecticut-afe7c678fa5dfc85,6,32,2,"(1) If one or more provisions of this zoning code, or the",315.45001220703125,586.75439453125,549.233154296875,600.5008544921875,9.5,ProximaNova-Bold | ProximaNova-Light,20,612.0,792.0,"(1) If one or more provisions of this zoning code, or the",False,True,Paragraph,lettered_or_numbered,0.55,lettered_or_numbered_paragraph_marker,,4,bridgeport-connecticut-afe7c678fa5dfc85-node-000015
bridgeport-connecticut-afe7c678fa5dfc85,6,33,0,(3) All references in this zoning code to other governmental,40.5,603.7294311523438,293.0644836425781,617.4758911132812,9.5,ProximaNova-Bold | ProximaNova-Light,20,612.0,792.0,(3) All references in this zoning code to other governmental,False,True,Paragraph,lettered_or_numbered,0.55,lettered_or_numbered_paragraph_marker,,4,bridgeport-connecticut-afe7c678fa5dfc85-node-000016
bridgeport-connecticut-afe7c678fa5dfc85,6,36,0,(2) If any requirement or condition attached to an approval,315.45001220703125,679.75439453125,562.837158203125,693.5008544921875,9.5,ProximaNova-Bold | ProximaNova-Light,20,612.0,792.0,(2) If any requirement or condition attached to an approval,False,True,Paragraph,lettered_or_numbered,0.55,lettered_or_numbered_paragraph_marker,,4,bridgeport-connecticut-afe7c678fa5dfc85-node-000017
bridgeport-connecticut-afe7c678fa5dfc85,6,37,2,(1) All lots created or modified must comply with all,40.5,684.7294311523438,257.75299072265625,698.4758911132812,9.5,ProximaNova-Bold | ProximaNova-Light,20,612.0,792.0,(1) All lots created or modified must comply with all,False,True,Paragraph,lettered_or_numbered,0.55,lettered_or_numbered_paragraph_marker,,4,bridgeport-connecticut-afe7c678fa5dfc85-node-000018
bridgeport-connecticut-afe7c678fa5dfc85,7,1,0,1.20 Zoning Map,462.4731140136719,41.37941360473633,575.257080078125,61.637413024902344,14.0,ProximaNova-Bold,20,612.0,792.0,1.20 Zoning Map,False,True,Section,section,0.9,decimal_pattern=section (N.MM),1.20,2,bridgeport-connecticut-afe7c678fa5dfc85-node-000019
bridgeport-connecticut-afe7c678fa5dfc85,7,4,0,(3) The adoption of this zoning code does not affect any,319.95001220703125,103.75437927246094,556.2887573242188,117.50088500976562,9.5,ProximaNova-Bold | ProximaNova-Light,20,612.0,792.0,(3) The adoption of this zoning code does not affect any,False,True,Paragraph,lettered_or_numbered,0.55,lettered_or_numbered_paragraph_marker,,4,bridgeport-connecticut-afe7c678fa5dfc85-node-000020
bridgeport-connecticut-afe7c678fa5dfc85,7,10,0,"(2) No new parcel may be created, whether by division",45.0,362.6544189453125,275.41998291015625,376.4009094238281,9.5,ProximaNova-Bold | ProximaNova-Light,20,612.0,792.0,"(2) No new parcel may be created, whether by division",False,True,Paragraph,lettered_or_numbered,0.55,lettered_or_numbered_paragraph_marker,,4,bridgeport-connecticut-afe7c678fa5dfc85-node-000021
bridgeport-connecticut-afe7c678fa5dfc85,7,12,0,(3) No permits may be issued for a split-zoned parcel until,45.0,443.6544189453125,287.7225036621094,457.4009094238281,9.5,ProximaNova-Bold | ProximaNova-Light,20,612.0,792.0,(3) No permits may be issued for a split-zoned parcel until,False,True,Paragraph,lettered_or_numbered,0.55,lettered_or_numbered_paragraph_marker,,4,bridgeport-connecticut-afe7c678fa5dfc85-node-000022
bridgeport-connecticut-afe7c678fa5dfc85,7,16,0,(2) The zoning administrator is authorized to issue permits,45.0,597.554443359375,288.03607177734375,611.3009033203125,9.5,ProximaNova-Bold | ProximaNova-Light,20,612.0,792.0,(2) The zoning administrator is authorized to issue permits,False,True,Paragraph,lettered_or_numbered,0.55,lettered_or_numbered_paragraph_marker,,4,bridgeport-connecticut-afe7c678fa5dfc85-node-000023
bridgeport-connecticut-afe7c678fa5dfc85,10,0,0,2.0 Zones,40.5,27.937376022338867,102.87600708007812,44.785377502441406,12.0,ProximaNova-Regular,4,612.0,792.0,2.0 Zones,False,False,Title,chapter,0.7,decimal_pattern=chapter (N.0),2.0,1,bridgeport-connecticut-afe7c678fa5dfc85-node-000024
bridgeport-connecticut-afe7c678fa5dfc85,10,0,1,2.10 Mixed-Use & Commercial Zones,40.5,41.37941360473633,277.884033203125,61.637413024902344,14.0,ProximaNova-Bold,20,612.0,792.0,2.10 Mixed-Use & Commercial Zones,False,True,Section,section,0.9,decimal_pattern=section (N.MM),2.10,2,bridgeport-connecticut-afe7c678fa5dfc85-node-000025
bridgeport-connecticut-afe7c678fa5dfc85,10,6,2,"A. DX1, Downtown Core. The DX1 zone is intended for",40.5,174.7294158935547,276.8582458496094,188.47592163085938,9.5,ProximaNova-Bold | ProximaNova-Light,20,612.0,792.0,"A. DX1, Downtown Core. The DX1 zone is intended for",False,True,Paragraph,lettered_or_numbered,0.55,lettered_or_numbered_paragraph_marker,,4,bridgeport-connecticut-afe7c678fa5dfc85-node-000026
bridgeport-connecticut-afe7c678fa5dfc85,10,12,0,"B. DX2, Downtown Support. The DX2 zone is intended",40.5,243.7294158935547,281.3799133300781,257.4759216308594,9.5,ProximaNova-Bold | ProximaNova-Light,20,612.0,792.0,"B. DX2, Downtown Support. The DX2 zone is intended",False,True,Paragraph,lettered_or_numbered,0.55,lettered_or_numbered_paragraph_marker,,4,bridgeport-connecticut-afe7c678fa5dfc85-node-000027
bridgeport-connecticut-afe7c678fa5dfc85,10,17,0,"C. MX1, Mixed-Use Corridor. The MX1 zone is intended",40.5,300.7294006347656,279.1190185546875,314.47589111328125,9.5,ProximaNova-Bold | ProximaNova-Light,20,612.0,792.0,"C. MX1, Mixed-Use Corridor. The MX1 zone is intended",False,True,Paragraph,lettered_or_numbered,0.55,lettered_or_numbered_paragraph_marker,,4,bridgeport-connecticut-afe7c678fa5dfc85-node-000028
bridgeport-connecticut-afe7c678fa5dfc85,10,23,0,"D. MX2, Mixed-Use Centers. The MX2 zone is intended",40.5,357.7294006347656,282.3777160644531,371.47589111328125,9.5,ProximaNova-Bold | ProximaNova-Light,20,612.0,792.0,"D. MX2, Mixed-Use Centers. The MX2 zone is intended",False,True,Paragraph,lettered_or_numbered,0.55,lettered_or_numbered_paragraph_marker,,4,bridgeport-connecticut-afe7c678fa5dfc85-node-000029
bridgeport-connecticut-afe7c678fa5dfc85,10,28,0,"E. MXN, Mixed-Use Neighborhood Corners. The MXN",40.5,414.7294006347656,278.43011474609375,428.47589111328125,9.5,ProximaNova-Bold | ProximaNova-Light,20,612.0,792.0,"E. MXN, Mixed-Use Neighborhood Corners. The MXN",False,True,Paragraph,lettered_or_numbered,0.55,lettered_or_numbered_paragraph_marker,,4,bridgeport-connecticut-afe7c678fa5dfc85-node-000030
bridgeport-connecticut-afe7c678fa5dfc85,10,38,0,"G. RX2, Residential-Office Centers. The RX2 zone is",40.5,528.7294311523438,270.055419921875,542.4758911132812,9.5,ProximaNova-Bold | ProximaNova-Light,20,612.0,792.0,"G. RX2, Residential-Office Centers. The RX2 zone is",False,True,Paragraph,lettered_or_numbered,0.55,lettered_or_numbered_paragraph_marker,,4,bridgeport-connecticut-afe7c678fa5dfc85-node-000031
bridgeport-connecticut-afe7c678fa5dfc85,10,43,0,"H. CX, Heavy Commercial. The CX zone is intended",40.5,585.7294311523438,267.9374084472656,599.4758911132812,9.5,ProximaNova-Bold | ProximaNova-Light,20,612.0,792.0,"H. CX, Heavy Commercial. The CX zone is intended",False,True,Paragraph,lettered_or_numbered,0.55,lettered_or_numbered_paragraph_marker,,4,bridgeport-connecticut-afe7c678fa5dfc85-node-000032
bridgeport-connecticut-afe7c678fa5dfc85,11,0,1,2.20 Neighborhood Zones,401.53240966796875,41.37941360473633,575.2584228515625,61.637413024902344,14.0,ProximaNova-Bold,20,612.0,792.0,2.20 Neighborhood Zones,False,True,Section,section,0.9,decimal_pattern=section (N.MM),2.20,2,bridgeport-connecticut-afe7c678fa5dfc85-node-000033
bridgeport-connecticut-afe7c678fa5dfc85,11,5,2,"A. N1, Neighborhood: Traditional. The N1 neighborhood",45.36000061035156,174.7294158935547,288.8042297363281,188.47592163085938,9.5,ProximaNova-Bold | ProximaNova-Light,20,612.0,792.0,"A. N1, Neighborhood: Traditional. The N1 neighborhood",False,True,Paragraph,lettered_or_numbered,0.55,lettered_or_numbered_paragraph_marker,,4,bridgeport-connecticut-afe7c678fa5dfc85-node-000034
bridgeport-connecticut-afe7c678fa5dfc85,11,6,2,"A. IX, Office-Industrial Centers. The IX zone is intended",320.1119079589844,174.7294158935547,563.432861328125,188.47592163085938,9.5,ProximaNova-Bold | ProximaNova-Light,20,612.0,792.0,"A. IX, Office-Industrial Centers. The IX zone is intended",False,True,Paragraph,lettered_or_numbered,0.55,lettered_or_numbered_paragraph_marker,,4,bridgeport-connecticut-afe7c678fa5dfc85-node-000035
bridgeport-connecticut-afe7c678fa5dfc85,11,9,0,"B. N2, Neighborhood: Mid-Century. The N2 zone is",45.36000061035156,231.7294158935547,271.4952087402344,245.47592163085938,9.5,ProximaNova-Bold | ProximaNova-Light,20,612.0,792.0,"B. N2, Neighborhood: Mid-Century. The N2 zone is",False,True,Paragraph,lettered_or_numbered,0.55,lettered_or_numbered_paragraph_marker,,4,bridgeport-connecticut-afe7c678fa5dfc85-node-000036
bridgeport-connecticut-afe7c678fa5dfc85,11,10,0,"B. I, Industrial. The I zone is intended for general industrial",320.1119079589844,231.7294158935547,572.96630859375,245.47592163085938,9.5,ProximaNova-Bold | ProximaNova-Light,20,612.0,792.0,"B. I, Industrial. The I zone is intended for general industrial",False,True,Paragraph,lettered_or_numbered,0.55,lettered_or_numbered_paragraph_marker,,4,bridgeport-connecticut-afe7c678fa5dfc85-node-000037
bridgeport-connecticut-afe7c678fa5dfc85,11,14,0,"C. N3, Neighborhood: Large Lot. The N3 zone is",45.36000061035156,288.7294006347656,258.7901916503906,302.47589111328125,9.5,ProximaNova-Bold | ProximaNova-Light,20,612.0,792.0,"C. N3, Neighborhood: Large Lot. The N3 zone is",False,True,Paragraph,lettered_or_numbered,0.55,lettered_or_numbered_paragraph_marker,,4,bridgeport-connecticut-afe7c678fa5dfc85-node-000038
bridgeport-connecticut-afe7c678fa5dfc85,11,17,0,"D. N4, Neighborhood: Suburban. The N4 zone is",45.36000061035156,333.7294006347656,260.27587890625,347.47589111328125,9.5,ProximaNova-Bold | ProximaNova-Light,20,612.0,792.0,"D. N4, Neighborhood: Suburban. The N4 zone is",False,True,Paragraph,lettered_or_numbered,0.55,lettered_or_numbered_paragraph_marker,,4,bridgeport-connecticut-afe7c678fa5dfc85-node-000039
bridgeport-connecticut-afe7c678fa5dfc85,11,18,2,"A. P1, Parks and Open Space. The P1 zone is intended",320.1119079589844,361.6294250488281,557.089599609375,375.37591552734375,9.5,ProximaNova-Bold | ProximaNova-Light,20,612.0,792.0,"A. P1, Parks and Open Space. The P1 zone is intended",False,True,Paragraph,lettered_or_numbered,0.55,lettered_or_numbered_paragraph_marker,,4,bridgeport-connecticut-afe7c678fa5dfc85-node-000040
bridgeport-connecticut-afe7c678fa5dfc85,11,21,0,"E. NX1, Neighborhood Mix. The NX1 zone is intended to",45.36000061035156,390.7294006347656,289.7643127441406,404.47589111328125,9.5,ProximaNova-Bold | ProximaNova-Light,20,612.0,792.0,"E. NX1, Neighborhood Mix. The NX1 zone is intended to",False,True,Paragraph,lettered_or_numbered,0.55,lettered_or_numbered_paragraph_marker,,4,bridgeport-connecticut-afe7c678fa5dfc85-node-000041
bridgeport-connecticut-afe7c678fa5dfc85,11,22,0,"B. P2, Civic and Institutional Buildings. The P2 zone",320.1119079589844,406.6294250488281,551.5403442382812,420.37591552734375,9.5,ProximaNova-Bold | ProximaNova-Light,20,612.0,792.0,"B. P2, Civic and Institutional Buildings. The P2 zone",False,True,Paragraph,lettered_or_numbered,0.55,lettered_or_numbered_paragraph_marker,,4,bridgeport-connecticut-afe7c678fa5dfc85-node-000042
bridgeport-connecticut-afe7c678fa5dfc85,11,25,0,"C. P3, Institutional Campuses. The P3 zone is intended",320.1119079589844,463.6294250488281,561.8560791015625,477.37591552734375,9.5,ProximaNova-Bold | ProximaNova-Light,20,612.0,792.0,"C. P3, Institutional Campuses. The P3 zone is intended",False,True,Paragraph,lettered_or_numbered,0.55,lettered_or_numbered_paragraph_marker,,4,bridgeport-connecticut-afe7c678fa5dfc85-node-000043
bridgeport-connecticut-afe7c678fa5dfc85,11,27,0,"G. NX3, Mixed Residential. The NX3 zone is intended for",45.36000061035156,516.7293701171875,292.6242370605469,530.475830078125,9.5,ProximaNova-Bold | ProximaNova-Light,20,612.0,792.0,"G. NX3, Mixed Residential. The NX3 zone is intended for",False,True,Paragraph,lettered_or_numbered,0.55,lettered_or_numbered_paragraph_marker,,4,bridgeport-connecticut-afe7c678fa5dfc85-node-000044
bridgeport-connecticut-afe7c678fa5dfc85,11,29,0,"D. P4, Utility and Energy Infrastructure. The P4 zone",320.1119079589844,556.62939453125,553.0221557617188,570.3758544921875,9.5,ProximaNova-Bold | ProximaNova-Light,20,612.0,792.0,"D. P4, Utility and Energy Infrastructure. The P4 zone",False,True,Paragraph,lettered_or_numbered,0.55,lettered_or_numbered_paragraph_marker,,4,bridgeport-connecticut-afe7c678fa5dfc85-node-000045
bridgeport-connecticut-afe7c678fa5dfc85,11,31,0,"H. NX4, Mixed Residential. The NX4 zone is intended",45.36000061035156,585.7294311523438,279.02972412109375,599.4758911132812,9.5,ProximaNova-Bold | ProximaNova-Light,20,612.0,792.0,"H. NX4, Mixed Residential. The NX4 zone is intended",False,True,Paragraph,lettered_or_numbered,0.55,lettered_or_numbered_paragraph_marker,,4,bridgeport-connecticut-afe7c678fa5dfc85-node-000046
bridgeport-connecticut-afe7c678fa5dfc85,11,34,0,"E. P5, Detention and Correction Facilities. The P5 zone",320.1119079589844,613.62939453125,565.3341064453125,627.3758544921875,9.5,ProximaNova-Bold | ProximaNova-Light,20,612.0,792.0,"E. P5, Detention and Correction Facilities. The P5 zone",False,True,Paragraph,lettered_or_numbered,0.55,lettered_or_numbered_paragraph_marker,,4,bridgeport-connecticut-afe7c678fa5dfc85-node-000047
bridgeport-connecticut-afe7c678fa5dfc85,12,0,1,2.50 Overlay Zones,40.5,41.37941360473633,171.8619842529297,61.637413024902344,14.0,ProximaNova-Bold,20,612.0,792.0,2.50 Overlay Zones,False,True,Section,section,0.9,decimal_pattern=section (N.MM),2.50,2,bridgeport-connecticut-afe7c678fa5dfc85-node-000048
bridgeport-connecticut-afe7c678fa5dfc85,12,3,0,B. Applicability. Lots included in the OH zone are,315.45001220703125,139.75450134277344,530.127685546875,153.50100708007812,9.5,ProximaNova-Bold | ProximaNova-Light,20,612.0,792.0,B. Applicability. Lots included in the OH zone are,False,True,Paragraph,lettered_or_numbered,0.55,lettered_or_numbered_paragraph_marker,,4,bridgeport-connecticut-afe7c678fa5dfc85-node-000049
bridgeport-connecticut-afe7c678fa5dfc85,12,5,0,C. Standards & Guidelines,315.45001220703125,196.75450134277344,434.3115234375,210.50100708007812,9.5,ProximaNova-Bold,20,612.0,792.0,C. Standards & Guidelines,False,True,Paragraph,lettered_or_numbered,0.55,lettered_or_numbered_paragraph_marker,,4,bridgeport-connecticut-afe7c678fa5dfc85-node-000050
bridgeport-connecticut-afe7c678fa5dfc85,12,8,0,(2) Standards and guidelines include those established,333.45001220703125,262.7545166015625,566.3305053710938,275.8835144042969,9.5,ProximaNova-Light,4,612.0,792.0,(2) Standards and guidelines include those established,False,False,Paragraph,lettered_or_numbered,0.55,lettered_or_numbered_paragraph_marker,,4,bridgeport-connecticut-afe7c678fa5dfc85-node-000051
bridgeport-connecticut-afe7c678fa5dfc85,12,11,0,(3) Buildings and sites within the OH zone must also,333.45001220703125,307.7545166015625,554.8165893554688,320.8835144042969,9.5,ProximaNova-Light,4,612.0,792.0,(3) Buildings and sites within the OH zone must also,False,False,Paragraph,lettered_or_numbered,0.55,lettered_or_numbered_paragraph_marker,,4,bridgeport-connecticut-afe7c678fa5dfc85-node-000052
bridgeport-connecticut-afe7c678fa5dfc85,12,12,2,A. Intent. The Historic Overlay (OH) zone is intended to,40.32809829711914,327.7294006347656,278.26220703125,341.47589111328125,9.5,ProximaNova-Bold | ProximaNova-Light,20,612.0,792.0,A. Intent. The Historic Overlay (OH) zone is intended to,False,True,Paragraph,lettered_or_numbered,0.55,lettered_or_numbered_paragraph_marker,,4,bridgeport-connecticut-afe7c678fa5dfc85-node-000053
bridgeport-connecticut-afe7c678fa5dfc85,13,0,1,2.60 Legacy Zones,448.025390625,41.37941360473633,575.2574462890625,61.637413024902344,14.0,ProximaNova-Bold,20,612.0,792.0,2.60 Legacy Zones,False,True,Section,section,0.9,decimal_pattern=section (N.MM),2.60,2,bridgeport-connecticut-afe7c678fa5dfc85-node-000054
bridgeport-connecticut-afe7c678fa5dfc85,13,1,0,D. Certificate of Appropriateness. As provided in Section,45.36000061035156,82.75437927246094,294.1431884765625,96.50088500976562,9.5,ProximaNova-Bold | ProximaNova-Light,20,612.0,792.0,D. Certificate of Appropriateness. As provided in Section,False,True,Paragraph,lettered_or_numbered,0.55,lettered_or_numbered_paragraph_marker,,4,bridgeport-connecticut-afe7c678fa5dfc85-node-000055
bridgeport-connecticut-afe7c678fa5dfc85,13,3,2,A. Legacy Classifications,320.5618896484375,117.72941589355469,433.751953125,131.47592163085938,9.5,ProximaNova-Bold,20,612.0,792.0,A. Legacy Classifications,False,True,Paragraph,lettered_or_numbered,0.55,lettered_or_numbered_paragraph_marker,,4,bridgeport-connecticut-afe7c678fa5dfc85-node-000056
bridgeport-connecticut-afe7c678fa5dfc85,13,6,0,(2) No applications to establish new PDD or MU-W,338.5618896484375,231.7294158935547,552.56591796875,244.85841369628906,9.5,ProximaNova-Light,4,612.0,792.0,(2) No applications to establish new PDD or MU-W,False,False,Paragraph,lettered_or_numbered,0.55,lettered_or_numbered_paragraph_marker,,4,bridgeport-connecticut-afe7c678fa5dfc85-node-000057
bridgeport-connecticut-afe7c678fa5dfc85,14,0,1,2.70 Allowed Site & Building Types,40.5,41.37941360473633,267.42327880859375,61.637413024902344,14.0,ProximaNova-Bold,20,612.0,792.0,2.70 Allowed Site & Building Types,False,True,Section,section,0.9,decimal_pattern=section (N.MM),2.70,2,bridgeport-connecticut-afe7c678fa5dfc85-node-000058
bridgeport-connecticut-afe7c678fa5dfc85,14,1,0,"B. Applicable Regulations. The approved, recorded",40.5,82.75437927246094,265.8417053222656,96.50088500976562,9.5,ProximaNova-Bold | ProximaNova-Light,20,612.0,792.0,"B. Applicable Regulations. The approved, recorded",False,True,Paragraph,lettered_or_numbered,0.55,lettered_or_numbered_paragraph_marker,,4,bridgeport-connecticut-afe7c678fa5dfc85-node-000059
bridgeport-connecticut-afe7c678fa5dfc85,14,3,0,C. Amendments to Approved Plans. Amendments to,40.5,163.75437927246094,271.3056335449219,177.50088500976562,9.5,ProximaNova-Bold | ProximaNova-Light,20,612.0,792.0,C. Amendments to Approved Plans. Amendments to,False,True,Paragraph,lettered_or_numbered,0.55,lettered_or_numbered_paragraph_marker,,4,bridgeport-connecticut-afe7c678fa5dfc85-node-000060
bridgeport-connecticut-afe7c678fa5dfc85,16,0,0,3.0 Site & Building Types,40.5,27.937376022338867,177.35879516601562,44.785377502441406,12.0,ProximaNova-Regular,4,612.0,792.0,3.0 Site & Building Types,False,False,Title,chapter,0.7,decimal_pattern=chapter (N.0),3.0,1,bridgeport-connecticut-afe7c678fa5dfc85-node-000061
bridgeport-connecticut-afe7c678fa5dfc85,16,0,1,3.10 Applicable to All Site & Building Types,40.5,41.37941360473633,317.3052978515625,61.637413024902344,14.0,ProximaNova-Bold,20,612.0,792.0,3.10 Applicable to All Site & Building Types,False,True,Section,section,0.9,decimal_pattern=section (N.MM),3.10,2,bridgeport-connecticut-afe7c678fa5dfc85-node-000062
bridgeport-connecticut-afe7c678fa5dfc85,16,5,0,A. Preserve and Maintain Architectural Character of,40.5,183.7294158935547,272.364013671875,197.47592163085938,9.5,ProximaNova-Bold,20,612.0,792.0,A. Preserve and Maintain Architectural Character of,False,True,Paragraph,lettered_or_numbered,0.55,lettered_or_numbered_paragraph_marker,,4,bridgeport-connecticut-afe7c678fa5dfc85-node-000063
bridgeport-connecticut-afe7c678fa5dfc85,16,9,0,B. Promote Buildings for People. The building and,40.5,288.7294006347656,262.14752197265625,302.47589111328125,9.5,ProximaNova-Bold | ProximaNova-Light,20,612.0,792.0,B. Promote Buildings for People. The building and,False,True,Paragraph,lettered_or_numbered,0.55,lettered_or_numbered_paragraph_marker,,4,bridgeport-connecticut-afe7c678fa5dfc85-node-000064
bridgeport-connecticut-afe7c678fa5dfc85,16,11,0,A. Parking Locations. Paved vehicular areas (parking,315.0,333.6494140625,543.6387329101562,347.3959045410156,9.5,ProximaNova-Bold | ProximaNova-Light,20,612.0,792.0,A. Parking Locations. Paved vehicular areas (parking,False,True,Paragraph,lettered_or_numbered,0.55,lettered_or_numbered_paragraph_marker,,4,bridgeport-connecticut-afe7c678fa5dfc85-node-000065
bridgeport-connecticut-afe7c678fa5dfc85,16,14,0,B. Side Yard Parking Lots. Some zones permit side yard,315.0,378.6494140625,558.2135620117188,392.3959045410156,9.5,ProximaNova-Bold | ProximaNova-Light,20,612.0,792.0,B. Side Yard Parking Lots. Some zones permit side yard,False,True,Paragraph,lettered_or_numbered,0.55,lettered_or_numbered_paragraph_marker,,4,bridgeport-connecticut-afe7c678fa5dfc85-node-000066
bridgeport-connecticut-afe7c678fa5dfc85,16,17,0,C. Driveways Crossing Yards. Paved vehicular areas are,315.0,435.6494140625,558.890869140625,449.3959045410156,9.5,ProximaNova-Bold | ProximaNova-Light,20,612.0,792.0,C. Driveways Crossing Yards. Paved vehicular areas are,False,True,Paragraph,lettered_or_numbered,0.55,lettered_or_numbered_paragraph_marker,,4,bridgeport-connecticut-afe7c678fa5dfc85-node-000067
bridgeport-connecticut-afe7c678fa5dfc85,16,19,0,"(1) Where permitted as access to the lot, driveways",333.0,492.6494140625,551.1461791992188,506.3959045410156,9.5,ProximaNova-Bold | ProximaNova-Light,20,612.0,792.0,"(1) Where permitted as access to the lot, driveways",False,True,Paragraph,lettered_or_numbered,0.55,lettered_or_numbered_paragraph_marker,,4,bridgeport-connecticut-afe7c678fa5dfc85-node-000068
bridgeport-connecticut-afe7c678fa5dfc85,16,21,0,A. Temporary Buildings on Outdoor Sites. Temporary,40.5,519.7293701171875,274.17010498046875,533.475830078125,9.5,ProximaNova-Bold | ProximaNova-Light,20,612.0,792.0,A. Temporary Buildings on Outdoor Sites. Temporary,False,True,Paragraph,lettered_or_numbered,0.55,lettered_or_numbered_paragraph_marker,,4,bridgeport-connecticut-afe7c678fa5dfc85-node-000069
bridgeport-connecticut-afe7c678fa5dfc85,16,24,0,"(2) In all zones, driveways may cross perpendicularly",333.0,549.6494140625,556.42822265625,563.3958740234375,9.5,ProximaNova-Bold | ProximaNova-Light,20,612.0,792.0,"(2) In all zones, driveways may cross perpendicularly",False,True,Paragraph,lettered_or_numbered,0.55,lettered_or_numbered_paragraph_marker,,4,bridgeport-connecticut-afe7c678fa5dfc85-node-000070
bridgeport-connecticut-afe7c678fa5dfc85,16,25,0,B. Temporary Construction Buildings. Temporary,40.5,564.7294311523438,256.3464050292969,578.4758911132812,9.5,ProximaNova-Bold | ProximaNova-Light,20,612.0,792.0,B. Temporary Construction Buildings. Temporary,False,True,Paragraph,lettered_or_numbered,0.55,lettered_or_numbered_paragraph_marker,,4,bridgeport-connecticut-afe7c678fa5dfc85-node-000071
bridgeport-connecticut-afe7c678fa5dfc85,16,28,0,"C. Other Temporary Buildings. Temporary buildings, other",40.5,609.7294311523438,291.6014404296875,623.4758911132812,9.5,ProximaNova-Bold | ProximaNova-Light,20,612.0,792.0,"C. Other Temporary Buildings. Temporary buildings, other",False,True,Paragraph,lettered_or_numbered,0.55,lettered_or_numbered_paragraph_marker,,4,bridgeport-connecticut-afe7c678fa5dfc85-node-000072
bridgeport-connecticut-afe7c678fa5dfc85,16,31,0,"A. Rear Yard. Trash, recycling, and other waste areas must",315.0,675.6494140625,564.9096069335938,689.3958740234375,9.5,ProximaNova-Bold | ProximaNova-Light,20,612.0,792.0,"A. Rear Yard. Trash, recycling, and other waste areas must",False,True,Paragraph,lettered_or_numbered,0.55,lettered_or_numbered_paragraph_marker,,4,bridgeport-connecticut-afe7c678fa5dfc85-node-000073
bridgeport-connecticut-afe7c678fa5dfc85,17,1,0,B. Other Yards.,45.0,82.75437927246094,116.52205657958984,96.50088500976562,9.5,ProximaNova-Bold,20,612.0,792.0,B. Other Yards.,False,True,Paragraph,lettered_or_numbered,0.55,lettered_or_numbered_paragraph_marker,,4,bridgeport-connecticut-afe7c678fa5dfc85-node-000074
bridgeport-connecticut-afe7c678fa5dfc85,17,2,0,(1) Map. Primary streets define primary frontages for,337.95001220703125,82.75437927246094,558.860595703125,96.50088500976562,9.5,ProximaNova-Bold | ProximaNova-Light,20,612.0,792.0,(1) Map. Primary streets define primary frontages for,False,True,Paragraph,lettered_or_numbered,0.55,lettered_or_numbered_paragraph_marker,,4,bridgeport-connecticut-afe7c678fa5dfc85-node-000075
bridgeport-connecticut-afe7c678fa5dfc85,17,3,0,(1) When no rear yard exists or when the rear yard is,63.0,103.75437927246094,287.0930480957031,117.50088500976562,9.5,ProximaNova-Bold | ProximaNova-Light,20,612.0,792.0,(1) When no rear yard exists or when the rear yard is,False,True,Paragraph,lettered_or_numbered,0.55,lettered_or_numbered_paragraph_marker,,4,bridgeport-connecticut-afe7c678fa5dfc85-node-000076
bridgeport-connecticut-afe7c678fa5dfc85,17,6,0,"(2) When no rear or side yard exists, trash, recycling,",63.0,160.75437927246094,285.8390197753906,174.50088500976562,9.5,ProximaNova-Bold | ProximaNova-Light,20,612.0,792.0,"(2) When no rear or side yard exists, trash, recycling,",False,True,Paragraph,lettered_or_numbered,0.55,lettered_or_numbered_paragraph_marker,,4,bridgeport-connecticut-afe7c678fa5dfc85-node-000077
bridgeport-connecticut-afe7c678fa5dfc85,17,7,0,(2) Neighborhood Primary Streets. Within,337.95001220703125,163.75437927246094,512.861572265625,177.50088500976562,9.5,ProximaNova-Bold | ProximaNova-Light,20,612.0,792.0,(2) Neighborhood Primary Streets. Within,False,True,Paragraph,lettered_or_numbered,0.55,lettered_or_numbered_paragraph_marker,,4,bridgeport-connecticut-afe7c678fa5dfc85-node-000078
bridgeport-connecticut-afe7c678fa5dfc85,17,10,0,(3) Waterfronts. Lots with frontage along waterfronts,337.95001220703125,232.75437927246094,557.6919555664062,246.50088500976562,9.5,ProximaNova-Bold | ProximaNova-Light,20,612.0,792.0,(3) Waterfronts. Lots with frontage along waterfronts,False,True,Paragraph,lettered_or_numbered,0.55,lettered_or_numbered_paragraph_marker,,4,bridgeport-connecticut-afe7c678fa5dfc85-node-000079
bridgeport-connecticut-afe7c678fa5dfc85,17,11,0,"(3) Where no yards exist, the containers may be",63.0,241.75437927246094,266.89508056640625,255.50088500976562,9.5,ProximaNova-Bold | ProximaNova-Light,20,612.0,792.0,"(3) Where no yards exist, the containers may be",False,True,Paragraph,lettered_or_numbered,0.55,lettered_or_numbered_paragraph_marker,,4,bridgeport-connecticut-afe7c678fa5dfc85-node-000080
bridgeport-connecticut-afe7c678fa5dfc85,17,13,0,"C. Interior Location Access Doors. Trash, recycling, and",45.0,286.7544250488281,286.6162414550781,300.50091552734375,9.5,ProximaNova-Bold | ProximaNova-Light,20,612.0,792.0,"C. Interior Location Access Doors. Trash, recycling, and",False,True,Paragraph,lettered_or_numbered,0.55,lettered_or_numbered_paragraph_marker,,4,bridgeport-connecticut-afe7c678fa5dfc85-node-000081
bridgeport-connecticut-afe7c678fa5dfc85,17,15,0,(4) Civic or Open Space Frontage. Lots containing or,337.95001220703125,313.7544250488281,561.6631469726562,327.50091552734375,9.5,ProximaNova-Bold | ProximaNova-Light,20,612.0,792.0,(4) Civic or Open Space Frontage. Lots containing or,False,True,Paragraph,lettered_or_numbered,0.55,lettered_or_numbered_paragraph_marker,,4,bridgeport-connecticut-afe7c678fa5dfc85-node-000082
bridgeport-connecticut-afe7c678fa5dfc85,17,18,0,"D. Screening. See 7.130 for required screening of trash,",45.0,367.7544250488281,281.97161865234375,381.50091552734375,9.5,ProximaNova-Bold | ProximaNova-Light,20,612.0,792.0,"D. Screening. See 7.130 for required screening of trash,",False,True,Paragraph,lettered_or_numbered,0.55,lettered_or_numbered_paragraph_marker,,4,bridgeport-connecticut-afe7c678fa5dfc85-node-000083
bridgeport-connecticut-afe7c678fa5dfc85,17,19,0,B. One Primary Street Frontage Required. All lots must,319.95001220703125,370.7544250488281,560.9259643554688,384.50091552734375,9.5,ProximaNova-Bold | ProximaNova-Light,20,612.0,792.0,B. One Primary Street Frontage Required. All lots must,False,True,Paragraph,lettered_or_numbered,0.55,lettered_or_numbered_paragraph_marker,,4,bridgeport-connecticut-afe7c678fa5dfc85-node-000084
bridgeport-connecticut-afe7c678fa5dfc85,17,23,0,C. Through-Lots with Two Primary Frontages. Where,319.95001220703125,427.7544250488281,552.6705322265625,441.50091552734375,9.5,ProximaNova-Bold | ProximaNova-Light,20,612.0,792.0,C. Through-Lots with Two Primary Frontages. Where,False,True,Paragraph,lettered_or_numbered,0.55,lettered_or_numbered_paragraph_marker,,4,bridgeport-connecticut-afe7c678fa5dfc85-node-000085
bridgeport-connecticut-afe7c678fa5dfc85,17,24,0,A. Rear Yard. All loading activities must occur in the rear,45.0,445.7544250488281,286.2076110839844,459.50091552734375,9.5,ProximaNova-Bold | ProximaNova-Light,20,612.0,792.0,A. Rear Yard. All loading activities must occur in the rear,False,True,Paragraph,lettered_or_numbered,0.55,lettered_or_numbered_paragraph_marker,,4,bridgeport-connecticut-afe7c678fa5dfc85-node-000086
bridgeport-connecticut-afe7c678fa5dfc85,17,27,0,"(1) N, NX1, and NX2 Zones. In N, NX1, and NX2 zones,",337.95001220703125,484.7544250488281,568.0662231445312,498.50091552734375,9.5,ProximaNova-Bold | ProximaNova-Light,20,612.0,792.0,"(1) N, NX1, and NX2 Zones. In N, NX1, and NX2 zones,",False,True,Paragraph,lettered_or_numbered,0.55,lettered_or_numbered_paragraph_marker,,4,bridgeport-connecticut-afe7c678fa5dfc85-node-000087
bridgeport-connecticut-afe7c678fa5dfc85,17,28,0,B. Access Doors and Docks. All loading docks and access,45.0,490.7544250488281,297.45635986328125,504.50091552734375,9.5,ProximaNova-Bold | ProximaNova-Light,20,612.0,792.0,B. Access Doors and Docks. All loading docks and access,False,True,Paragraph,lettered_or_numbered,0.55,lettered_or_numbered_paragraph_marker,,4,bridgeport-connecticut-afe7c678fa5dfc85-node-000088
bridgeport-connecticut-afe7c678fa5dfc85,17,31,0,"(2) All Zones Other than N, NX1, and NX2. Through-lots",337.95001220703125,541.75439453125,571.5811157226562,555.5008544921875,9.5,ProximaNova-Bold | ProximaNova-Light,20,612.0,792.0,"(2) All Zones Other than N, NX1, and NX2. Through-lots",False,True,Paragraph,lettered_or_numbered,0.55,lettered_or_numbered_paragraph_marker,,4,bridgeport-connecticut-afe7c678fa5dfc85-node-000089
bridgeport-connecticut-afe7c678fa5dfc85,17,32,0,C. Screening. See 7.0 for required buffers and 7.130 for,45.0,547.75439453125,280.5299072265625,561.5008544921875,9.5,ProximaNova-Bold | ProximaNova-Light,20,612.0,792.0,C. Screening. See 7.0 for required buffers and 7.130 for,False,True,Paragraph,lettered_or_numbered,0.55,lettered_or_numbered_paragraph_marker,,4,bridgeport-connecticut-afe7c678fa5dfc85-node-000090
bridgeport-connecticut-afe7c678fa5dfc85,17,40,0,A. Designation. Lots may have multiple primary frontages.,45.0,673.75439453125,293.43121337890625,687.5008544921875,9.5,ProximaNova-Bold | ProximaNova-Light,20,612.0,792.0,A. Designation. Lots may have multiple primary frontages.,False,True,Paragraph,lettered_or_numbered,0.55,lettered_or_numbered_paragraph_marker,,4,bridgeport-connecticut-afe7c678fa5dfc85-node-000091
bridgeport-connecticut-afe7c678fa5dfc85,18,1,0,D. Streetscape. The extended streetscape area must be,315.45001220703125,82.75437927246094,557.5449829101562,96.50088500976562,9.5,ProximaNova-Bold | ProximaNova-Light,20,612.0,792.0,D. Streetscape. The extended streetscape area must be,False,True,Paragraph,lettered_or_numbered,0.55,lettered_or_numbered_paragraph_marker,,4,bridgeport-connecticut-afe7c678fa5dfc85-node-000092
bridgeport-connecticut-afe7c678fa5dfc85,18,4,0,E. Easement. A public easement may be required per the,315.45001220703125,115.75437927246094,563.6915283203125,129.50088500976562,9.5,ProximaNova-Bold | ProximaNova-Light,20,612.0,792.0,E. Easement. A public easement may be required per the,False,True,Paragraph,lettered_or_numbered,0.55,lettered_or_numbered_paragraph_marker,,4,bridgeport-connecticut-afe7c678fa5dfc85-node-000093
bridgeport-connecticut-afe7c678fa5dfc85,18,10,0,A. Entrance Type. The elevated version of an allowed,315.45001220703125,217.75437927246094,547.888916015625,231.50088500976562,9.5,ProximaNova-Bold | ProximaNova-Light,20,612.0,792.0,A. Entrance Type. The elevated version of an allowed,False,True,Paragraph,lettered_or_numbered,0.55,lettered_or_numbered_paragraph_marker,,4,bridgeport-connecticut-afe7c678fa5dfc85-node-000094
bridgeport-connecticut-afe7c678fa5dfc85,18,14,0,B. Elevations Below BFE. Story elevations below the base,315.45001220703125,250.75437927246094,566.7230224609375,264.5008850097656,9.5,ProximaNova-Bold | ProximaNova-Light,20,612.0,792.0,B. Elevations Below BFE. Story elevations below the base,False,True,Paragraph,lettered_or_numbered,0.55,lettered_or_numbered_paragraph_marker,,4,bridgeport-connecticut-afe7c678fa5dfc85-node-000095
bridgeport-connecticut-afe7c678fa5dfc85,18,15,0,D. Intersecting Primary Streets. Where two primary,40.5,267.25439453125,264.3267822265625,281.0008850097656,9.5,ProximaNova-Bold | ProximaNova-Light,20,612.0,792.0,D. Intersecting Primary Streets. Where two primary,False,True,Paragraph,lettered_or_numbered,0.55,lettered_or_numbered_paragraph_marker,,4,bridgeport-connecticut-afe7c678fa5dfc85-node-000096
bridgeport-connecticut-afe7c678fa5dfc85,18,17,0,C. Structured Parking. Screening of parking vehicles,315.45001220703125,295.7544250488281,544.1171264648438,309.50091552734375,9.5,ProximaNova-Bold | ProximaNova-Light,20,612.0,792.0,C. Structured Parking. Screening of parking vehicles,False,True,Paragraph,lettered_or_numbered,0.55,lettered_or_numbered_paragraph_marker,,4,bridgeport-connecticut-afe7c678fa5dfc85-node-000097
bridgeport-connecticut-afe7c678fa5dfc85,18,20,0,E. Non-Primary Frontages. Non-primary frontages,40.5,360.2544250488281,258.35540771484375,374.00091552734375,9.5,ProximaNova-Bold | ProximaNova-Light,20,612.0,792.0,E. Non-Primary Frontages. Non-primary frontages,False,True,Paragraph,lettered_or_numbered,0.55,lettered_or_numbered_paragraph_marker,,4,bridgeport-connecticut-afe7c678fa5dfc85-node-000098
bridgeport-connecticut-afe7c678fa5dfc85,18,21,0,"D. Height. Stories or basements below BFE, for the",315.45001220703125,364.7544250488281,535.486083984375,378.50091552734375,9.5,ProximaNova-Bold | ProximaNova-Light,20,612.0,792.0,"D. Height. Stories or basements below BFE, for the",False,True,Paragraph,lettered_or_numbered,0.55,lettered_or_numbered_paragraph_marker,,4,bridgeport-connecticut-afe7c678fa5dfc85-node-000099
bridgeport-connecticut-afe7c678fa5dfc85,18,25,0,A. Applicability. The following applies when the total,40.5,498.2544250488281,267.8505859375,512.0009155273438,9.5,ProximaNova-Bold | ProximaNova-Light,20,612.0,792.0,A. Applicability. The following applies when the total,False,True,Paragraph,lettered_or_numbered,0.55,lettered_or_numbered_paragraph_marker,,4,bridgeport-connecticut-afe7c678fa5dfc85-node-000100
bridgeport-connecticut-afe7c678fa5dfc85,18,27,0,"B. All N, NX1, and NX2 Zones. Where the area from",40.5,591.25439453125,266.45343017578125,605.0008544921875,9.5,ProximaNova-Bold | ProximaNova-Light,20,612.0,792.0,"B. All N, NX1, and NX2 Zones. Where the area from",False,True,Paragraph,lettered_or_numbered,0.55,lettered_or_numbered_paragraph_marker,,4,bridgeport-connecticut-afe7c678fa5dfc85-node-000101
bridgeport-connecticut-afe7c678fa5dfc85,18,29,0,C. All Other Zones. Where the area from the back of curb/,40.5,660.25439453125,289.170166015625,674.0008544921875,9.5,ProximaNova-Bold | ProximaNova-Light,20,612.0,792.0,C. All Other Zones. Where the area from the back of curb/,False,True,Paragraph,lettered_or_numbered,0.55,lettered_or_numbered_paragraph_marker,,4,bridgeport-connecticut-afe7c678fa5dfc85-node-000102
bridgeport-connecticut-afe7c678fa5dfc85,19,0,1,3.20 Storefront Building Type,381.14849853515625,41.37941360473633,575.2557373046875,61.637413024902344,14.0,ProximaNova-Bold,20,612.0,792.0,3.20 Storefront Building Type,False,True,Section,section,0.9,decimal_pattern=section (N.MM),3.20,2,bridgeport-connecticut-afe7c678fa5dfc85-node-000103
bridgeport-connecticut-afe7c678fa5dfc85,20,19,0,3.20.4. BUILDING SITING. See Figure 3.20-B,43.91999816894531,380.9638977050781,223.95358276367188,393.9869079589844,9.0,ProximaNova-Bold | ProximaNova-Light | ProximaNova-Semibold,20,612.0,792.0,3.20.4. BUILDING SITING. See Figure 3.20-B,False,True,Subsection,subsection,0.8500000000000001,decimal_pattern=subsection,3.20.4,3,bridgeport-connecticut-afe7c678fa5dfc85-node-000104
bridgeport-connecticut-afe7c678fa5dfc85,21,20,0,3.20.5. PARKING & ACCESSORY STRUCTURES. See Figure 3.20-C .,48.1859016418457,380.7126159667969,319.06390380859375,393.7356262207031,9.0,ProximaNova-Bold | ProximaNova-Light | ProximaNova-Semibold,20,612.0,792.0,3.20.5. PARKING & ACCESSORY STRUCTURES. See Figure 3.20-C .,False,True,Subsection,subsection,0.8500000000000001,decimal_pattern=subsection,3.20.5,3,bridgeport-connecticut-afe7c678fa5dfc85-node-000105
bridgeport-connecticut-afe7c678fa5dfc85,22,16,0,3.20.6. HEIGHT. See Figure 3.20-D,43.208099365234375,380.47149658203125,183.273681640625,393.4945068359375,9.0,ProximaNova-Bold | ProximaNova-Light | ProximaNova-Semibold,20,612.0,792.0,3.20.6. HEIGHT. See Figure 3.20-D,False,True,Subsection,subsection,0.8500000000000001,decimal_pattern=subsection,3.20.6,3,bridgeport-connecticut-afe7c678fa5dfc85-node-000106
bridgeport-connecticut-afe7c678fa5dfc85,22,22,0,3.20.7. ROOFS. See Figure 3.20-D,43.20819854736328,561.7598266601562,179.54827880859375,574.7828369140625,9.0,ProximaNova-Bold | ProximaNova-Light | ProximaNova-Semibold,20,612.0,792.0,3.20.7. ROOFS. See Figure 3.20-D,False,True,Subsection,subsection,0.8500000000000001,decimal_pattern=subsection,3.20.7,3,bridgeport-connecticut-afe7c678fa5dfc85-node-000107
bridgeport-connecticut-afe7c678fa5dfc85,23,15,0,3.20.8. PRIMARY & NON-PRIMARY FACADES. See Figure 3.20-E,47.708099365234375,359.9851989746094,308.57037353515625,373.0082092285156,9.0,ProximaNova-Bold | ProximaNova-Light | ProximaNova-Semibold,20,612.0,792.0,3.20.8. PRIMARY & NON-PRIMARY FACADES. See Figure 3.20-E,False,True,Subsection,subsection,0.8500000000000001,decimal_pattern=subsection,3.20.8,3,bridgeport-connecticut-afe7c678fa5dfc85-node-000108
bridgeport-connecticut-afe7c678fa5dfc85,24,3,0,"3.20.9. ALLOWED USES. See Article 4.0 for use definitions, specific use limitations, and other use-related regulations.",43.208099365234375,116.3936767578125,501.8427429199219,129.4166717529297,9.0,ProximaNova-Bold | ProximaNova-Light | ProximaNova-Semibold,20,612.0,792.0,"3.20.9. ALLOWED USES. See Article 4.0 for use definitions, specific use limitations, and other use-related regulations.",False,True,Subsection,subsection,0.8500000000000001,decimal_pattern=subsection,3.20.9,3,bridgeport-connecticut-afe7c678fa5dfc85-node-000109
bridgeport-connecticut-afe7c678fa5dfc85,25,13,2,A. Primary Streetwall Exceptions. One of the following,45.439998626708984,323.56939697265625,283.4599914550781,337.3158874511719,9.5,ProximaNova-Bold | ProximaNova-Light,20,612.0,792.0,A. Primary Streetwall Exceptions. One of the following,False,True,Paragraph,lettered_or_numbered,0.55,lettered_or_numbered_paragraph_marker,,4,bridgeport-connecticut-afe7c678fa5dfc85-node-000110
bridgeport-connecticut-afe7c678fa5dfc85,25,15,0,"B. DX1 Through-Lots. On DX1 through-lots, any primary",319.95001220703125,344.1744079589844,557.3085327148438,357.9208984375,9.5,ProximaNova-Bold | ProximaNova-Light,20,612.0,792.0,"B. DX1 Through-Lots. On DX1 through-lots, any primary",False,True,Paragraph,lettered_or_numbered,0.55,lettered_or_numbered_paragraph_marker,,4,bridgeport-connecticut-afe7c678fa5dfc85-node-000111
bridgeport-connecticut-afe7c678fa5dfc85,25,16,0,(1) Courtyards. One courtyard may count towards,63.439998626708984,356.56939697265625,273.6155090332031,370.3158874511719,9.5,ProximaNova-Bold | ProximaNova-Light,20,612.0,792.0,(1) Courtyards. One courtyard may count towards,False,True,Paragraph,lettered_or_numbered,0.55,lettered_or_numbered_paragraph_marker,,4,bridgeport-connecticut-afe7c678fa5dfc85-node-000112
bridgeport-connecticut-afe7c678fa5dfc85,25,19,0,C. Treatment Turning Corners. At all intersections of,319.95001220703125,401.1744079589844,547.7196044921875,414.9208984375,9.5,ProximaNova-Bold | ProximaNova-Light,20,612.0,792.0,C. Treatment Turning Corners. At all intersections of,False,True,Paragraph,lettered_or_numbered,0.55,lettered_or_numbered_paragraph_marker,,4,bridgeport-connecticut-afe7c678fa5dfc85-node-000113
bridgeport-connecticut-afe7c678fa5dfc85,25,25,0,D. Mezzanines. Interior mezzanines are allowed within,319.95001220703125,470.1744079589844,553.912841796875,483.9208984375,9.5,ProximaNova-Bold | ProximaNova-Light,20,612.0,792.0,D. Mezzanines. Interior mezzanines are allowed within,False,True,Paragraph,lettered_or_numbered,0.55,lettered_or_numbered_paragraph_marker,,4,bridgeport-connecticut-afe7c678fa5dfc85-node-000114
bridgeport-connecticut-afe7c678fa5dfc85,25,28,0,(2) Seating and Dining. The build-to zone may be,63.439998626708984,517.0693969726562,272.8270568847656,530.8158569335938,9.5,ProximaNova-Bold | ProximaNova-Light,20,612.0,792.0,(2) Seating and Dining. The build-to zone may be,False,True,Paragraph,lettered_or_numbered,0.55,lettered_or_numbered_paragraph_marker,,4,bridgeport-connecticut-afe7c678fa5dfc85-node-000115
bridgeport-connecticut-afe7c678fa5dfc85,25,29,0,E. Transition at N Zones. Facades abutting an N zone,319.95001220703125,527.1744384765625,553.8627319335938,540.9208984375,9.5,ProximaNova-Bold | ProximaNova-Light,20,612.0,792.0,E. Transition at N Zones. Facades abutting an N zone,False,True,Paragraph,lettered_or_numbered,0.55,lettered_or_numbered_paragraph_marker,,4,bridgeport-connecticut-afe7c678fa5dfc85-node-000116
bridgeport-connecticut-afe7c678fa5dfc85,27,0,1,3.30 Commercial Center Building Type,323.09130859375,41.37941360473633,575.256591796875,61.637413024902344,14.0,ProximaNova-Bold,20,612.0,792.0,3.30 Commercial Center Building Type,False,True,Section,section,0.9,decimal_pattern=section (N.MM),3.30,2,bridgeport-connecticut-afe7c678fa5dfc85-node-000117
bridgeport-connecticut-afe7c678fa5dfc85,28,25,0,3.30.4. BUILDING SITING. See Figure 3.20-B,43.20819854736328,392.6438903808594,223.0527801513672,405.6669006347656,9.0,ProximaNova-Bold | ProximaNova-Light | ProximaNova-Semibold,20,612.0,792.0,3.30.4. BUILDING SITING. See Figure 3.20-B,False,True,Subsection,subsection,0.8500000000000001,decimal_pattern=subsection,3.30.4,3,bridgeport-connecticut-afe7c678fa5dfc85-node-000118
bridgeport-connecticut-afe7c678fa5dfc85,29,34,0,3.30.5. PARKING & ACCESSORY STRUCTURES. See Figure 3.20-C.,47.39929962158203,392.5726013183594,318.08831787109375,405.5956115722656,9.0,ProximaNova-Bold | ProximaNova-Light | ProximaNova-Semibold,20,612.0,792.0,3.30.5. PARKING & ACCESSORY STRUCTURES. See Figure 3.20-C.,False,True,Subsection,subsection,0.8500000000000001,decimal_pattern=subsection,3.30.5,3,bridgeport-connecticut-afe7c678fa5dfc85-node-000119
bridgeport-connecticut-afe7c678fa5dfc85,30,12,0,3.30.6. HEIGHT. See Figure 3.20-D,43.380001068115234,380.21148681640625,183.25657653808594,393.2344970703125,9.0,ProximaNova-Bold | ProximaNova-Light | ProximaNova-Semibold,20,612.0,792.0,3.30.6. HEIGHT. See Figure 3.20-D,False,True,Subsection,subsection,0.8500000000000001,decimal_pattern=subsection,3.30.6,3,bridgeport-connecticut-afe7c678fa5dfc85-node-000120
bridgeport-connecticut-afe7c678fa5dfc85,30,14,0,3.30.7. ROOFS. See Figure 3.20-D,43.380001068115234,512.6998901367188,179.5310821533203,525.722900390625,9.0,ProximaNova-Bold | ProximaNova-Light | ProximaNova-Semibold,20,612.0,792.0,3.30.7. ROOFS. See Figure 3.20-D,False,True,Subsection,subsection,0.8500000000000001,decimal_pattern=subsection,3.30.7,3,bridgeport-connecticut-afe7c678fa5dfc85-node-000121
bridgeport-connecticut-afe7c678fa5dfc85,31,14,0,3.30.8. PRIMARY & NON-PRIMARY FACADES. See Figure 3.20-E,43.380001068115234,382.71649169921875,304.05328369140625,395.739501953125,9.0,ProximaNova-Bold | ProximaNova-Light | ProximaNova-Semibold,20,612.0,792.0,3.30.8. PRIMARY & NON-PRIMARY FACADES. See Figure 3.20-E,False,True,Subsection,subsection,0.8500000000000001,decimal_pattern=subsection,3.30.8,3,bridgeport-connecticut-afe7c678fa5dfc85-node-000122
bridgeport-connecticut-afe7c678fa5dfc85,32,3,0,"3.30.9. ALLOWED USES. See Article 4.0 for use definitions, specific use limitations, and other use-related regulations.",43.380001068115234,116.27392578125,501.8256530761719,129.2969207763672,9.0,ProximaNova-Bold | ProximaNova-Light | ProximaNova-Semibold,20,612.0,792.0,"3.30.9. ALLOWED USES. See Article 4.0 for use definitions, specific use limitations, and other use-related regulations.",False,True,Subsection,subsection,0.8500000000000001,decimal_pattern=subsection,3.30.9,3,bridgeport-connecticut-afe7c678fa5dfc85-node-000123
bridgeport-connecticut-afe7c678fa5dfc85,33,12,2,A. Treatment Turning Corners. At all intersections of,44.82809829711914,405.6494140625,272.5976257324219,419.3959045410156,9.5,ProximaNova-Bold | ProximaNova-Light,20,612.0,792.0,A. Treatment Turning Corners. At all intersections of,False,True,Paragraph,lettered_or_numbered,0.55,lettered_or_numbered_paragraph_marker,,4,bridgeport-connecticut-afe7c678fa5dfc85-node-000124
bridgeport-connecticut-afe7c678fa5dfc85,33,14,0,B. Large-Format Spaces. Large-format spaces have taller,44.82809829711914,474.6494140625,291.5450744628906,488.3959045410156,9.5,ProximaNova-Bold | ProximaNova-Light,20,612.0,792.0,B. Large-Format Spaces. Large-format spaces have taller,False,True,Paragraph,lettered_or_numbered,0.55,lettered_or_numbered_paragraph_marker,,4,bridgeport-connecticut-afe7c678fa5dfc85-node-000125
bridgeport-connecticut-afe7c678fa5dfc85,33,19,0,(1) A ground story up to 30 feet in height is allowed for,62.82809829711914,591.6494140625,296.4591064453125,605.3958740234375,9.5,ProximaNova-Bold | ProximaNova-Light,20,612.0,792.0,(1) A ground story up to 30 feet in height is allowed for,False,True,Paragraph,lettered_or_numbered,0.55,lettered_or_numbered_paragraph_marker,,4,bridgeport-connecticut-afe7c678fa5dfc85-node-000126
bridgeport-connecticut-afe7c678fa5dfc85,33,24,0,(2) The facade of the large format space is limited to,62.82809829711914,624.6494140625,285.5815734863281,638.3958740234375,9.5,ProximaNova-Bold | ProximaNova-Light,20,612.0,792.0,(2) The facade of the large format space is limited to,False,True,Paragraph,lettered_or_numbered,0.55,lettered_or_numbered_paragraph_marker,,4,bridgeport-connecticut-afe7c678fa5dfc85-node-000127
bridgeport-connecticut-afe7c678fa5dfc85,33,26,0,(3) Lower scaled commercial spaces may front the,62.82809829711914,681.6494140625,276.7940673828125,695.3958740234375,9.5,ProximaNova-Bold | ProximaNova-Light,20,612.0,792.0,(3) Lower scaled commercial spaces may front the,False,True,Paragraph,lettered_or_numbered,0.55,lettered_or_numbered_paragraph_marker,,4,bridgeport-connecticut-afe7c678fa5dfc85-node-000128
bridgeport-connecticut-afe7c678fa5dfc85,34,2,0,(4) Any heights over 18 feet located on the primary,58.5,115.75437927246094,273.8719787597656,129.50088500976562,9.5,ProximaNova-Bold | ProximaNova-Light,20,612.0,792.0,(4) Any heights over 18 feet located on the primary,False,True,Paragraph,lettered_or_numbered,0.55,lettered_or_numbered_paragraph_marker,,4,bridgeport-connecticut-afe7c678fa5dfc85-node-000129
bridgeport-connecticut-afe7c678fa5dfc85,34,4,0,C. Pitched Roof on Single-Story Building. A pitched roof,40.5,172.75437927246094,286.69110107421875,186.50088500976562,9.5,ProximaNova-Bold | ProximaNova-Light,20,612.0,792.0,C. Pitched Roof on Single-Story Building. A pitched roof,False,True,Paragraph,lettered_or_numbered,0.55,lettered_or_numbered_paragraph_marker,,4,bridgeport-connecticut-afe7c678fa5dfc85-node-000130
bridgeport-connecticut-afe7c678fa5dfc85,35,0,1,3.40 Commercial House Building Type,325.135498046875,41.37941360473633,575.2567749023438,61.637413024902344,14.0,ProximaNova-Bold,20,612.0,792.0,3.40 Commercial House Building Type,False,True,Section,section,0.9,decimal_pattern=section (N.MM),3.40,2,bridgeport-connecticut-afe7c678fa5dfc85-node-000131
bridgeport-connecticut-afe7c678fa5dfc85,36,16,0,3.40.4. BUILDING LOCATION. See Figure 3.90-B,44.20000076293945,381.1239929199219,239.7048797607422,394.1470031738281,9.0,ProximaNova-Bold | ProximaNova-Light | ProximaNova-Semibold,20,612.0,792.0,3.40.4. BUILDING LOCATION. See Figure 3.90-B,False,True,Subsection,subsection,0.8500000000000001,decimal_pattern=subsection,3.40.4,3,bridgeport-connecticut-afe7c678fa5dfc85-node-000132
bridgeport-connecticut-afe7c678fa5dfc85,37,18,0,3.40.5. PARKING & ACCESSORY STRUCTURES. See Figure 3.90-C .,48.2400016784668,381.0526123046875,319.001220703125,394.07562255859375,9.0,ProximaNova-Bold | ProximaNova-Light | ProximaNova-Semibold,20,612.0,792.0,3.40.5. PARKING & ACCESSORY STRUCTURES. See Figure 3.90-C .,False,True,Subsection,subsection,0.8500000000000001,decimal_pattern=subsection,3.40.5,3,bridgeport-connecticut-afe7c678fa5dfc85-node-000133
bridgeport-connecticut-afe7c678fa5dfc85,38,12,0,3.40.6. HEIGHT. See Figure 3.90-D,43.91999816894531,380.4314880371094,183.8685760498047,393.4544982910156,9.0,ProximaNova-Bold | ProximaNova-Light | ProximaNova-Semibold,20,612.0,792.0,3.40.6. HEIGHT. See Figure 3.90-D,False,True,Subsection,subsection,0.8500000000000001,decimal_pattern=subsection,3.40.6,3,bridgeport-connecticut-afe7c678fa5dfc85-node-000134
bridgeport-connecticut-afe7c678fa5dfc85,38,13,0,3.40.7. ROOFS. See Figure 3.90-E,43.91999816894531,508.0299072265625,178.99107360839844,521.0529174804688,9.0,ProximaNova-Bold | ProximaNova-Light | ProximaNova-Semibold,20,612.0,792.0,3.40.7. ROOFS. See Figure 3.90-E,False,True,Subsection,subsection,0.8500000000000001,decimal_pattern=subsection,3.40.7,3,bridgeport-connecticut-afe7c678fa5dfc85-node-000135
bridgeport-connecticut-afe7c678fa5dfc85,39,13,0,3.40.8. PRIMARY & NON-PRIMARY FACADES. See Figure 3.90-E,48.59189987182617,382.9364013671875,309.33709716796875,395.95941162109375,9.0,ProximaNova-Bold | ProximaNova-Light | ProximaNova-Semibold,20,612.0,792.0,3.40.8. PRIMARY & NON-PRIMARY FACADES. See Figure 3.90-E,False,True,Subsection,subsection,0.8500000000000001,decimal_pattern=subsection,3.40.8,3,bridgeport-connecticut-afe7c678fa5dfc85-node-000136
bridgeport-connecticut-afe7c678fa5dfc85,40,3,0,"3.40.9. ALLOWED USES. See Article 4.0 for use definitions, specific use limitations, and other use-related regulations.",45.50410079956055,116.27392578125,504.00372314453125,129.2969207763672,9.0,ProximaNova-Bold | ProximaNova-Light | ProximaNova-Semibold,20,612.0,792.0,"3.40.9. ALLOWED USES. See Article 4.0 for use definitions, specific use limitations, and other use-related regulations.",False,True,Subsection,subsection,0.8500000000000001,decimal_pattern=subsection,3.40.9,3,bridgeport-connecticut-afe7c678fa5dfc85-node-000137
bridgeport-connecticut-afe7c678fa5dfc85,41,13,2,A. Multiple Commercial Houses on a Lot. See Figure,46.79999923706055,401.0481262207031,279.15313720703125,414.79461669921875,9.5,ProximaNova-Bold | ProximaNova-Light,20,612.0,792.0,A. Multiple Commercial Houses on a Lot. See Figure,False,True,Paragraph,lettered_or_numbered,0.55,lettered_or_numbered_paragraph_marker,,4,bridgeport-connecticut-afe7c678fa5dfc85-node-000138
bridgeport-connecticut-afe7c678fa5dfc85,41,20,0,(1) Multiple abutting lots may be aggregated to be,64.80000305175781,458.0481262207031,278.7279968261719,471.79461669921875,9.5,ProximaNova-Bold | ProximaNova-Light,20,612.0,792.0,(1) Multiple abutting lots may be aggregated to be,False,True,Paragraph,lettered_or_numbered,0.55,lettered_or_numbered_paragraph_marker,,4,bridgeport-connecticut-afe7c678fa5dfc85-node-000139
bridgeport-connecticut-afe7c678fa5dfc85,41,22,0,(2) For every Commercial House fronting the street,64.80000305175781,503.048095703125,281.6730041503906,516.7945556640625,9.5,ProximaNova-Bold | ProximaNova-Light,20,612.0,792.0,(2) For every Commercial House fronting the street,False,True,Paragraph,lettered_or_numbered,0.55,lettered_or_numbered_paragraph_marker,,4,bridgeport-connecticut-afe7c678fa5dfc85-node-000140
bridgeport-connecticut-afe7c678fa5dfc85,41,24,0,(3) The primary frontage on the lot shall have a,64.80000305175781,560.048095703125,264.97198486328125,573.7945556640625,9.5,ProximaNova-Bold | ProximaNova-Light,20,612.0,792.0,(3) The primary frontage on the lot shall have a,False,True,Paragraph,lettered_or_numbered,0.55,lettered_or_numbered_paragraph_marker,,4,bridgeport-connecticut-afe7c678fa5dfc85-node-000141
bridgeport-connecticut-afe7c678fa5dfc85,41,27,0,(4) Parking along any street frontage is limited to one,64.80000305175781,617.048095703125,290.299072265625,630.7945556640625,9.5,ProximaNova-Bold | ProximaNova-Light,20,612.0,792.0,(4) Parking along any street frontage is limited to one,False,True,Paragraph,lettered_or_numbered,0.55,lettered_or_numbered_paragraph_marker,,4,bridgeport-connecticut-afe7c678fa5dfc85-node-000142
bridgeport-connecticut-afe7c678fa5dfc85,41,32,0,(5) Any Commercial House buildings located fully,64.80000305175781,686.048095703125,274.3199768066406,699.7945556640625,9.5,ProximaNova-Bold | ProximaNova-Light,20,612.0,792.0,(5) Any Commercial House buildings located fully,False,True,Paragraph,lettered_or_numbered,0.55,lettered_or_numbered_paragraph_marker,,4,bridgeport-connecticut-afe7c678fa5dfc85-node-000143
bridgeport-connecticut-afe7c678fa5dfc85,42,2,0,(6) The interior side yard setback shall apply to spaces,58.5,115.75437927246094,290.6109924316406,129.50088500976562,9.5,ProximaNova-Bold | ProximaNova-Light,20,612.0,792.0,(6) The interior side yard setback shall apply to spaces,False,True,Paragraph,lettered_or_numbered,0.55,lettered_or_numbered_paragraph_marker,,4,bridgeport-connecticut-afe7c678fa5dfc85-node-000144
bridgeport-connecticut-afe7c678fa5dfc85,42,4,0,(7) Connections. Multiple Commercial House buildings,58.5,148.75437927246094,288.5874938964844,162.50088500976562,9.5,ProximaNova-Bold | ProximaNova-Light,20,612.0,792.0,(7) Connections. Multiple Commercial House buildings,False,True,Paragraph,lettered_or_numbered,0.55,lettered_or_numbered_paragraph_marker,,4,bridgeport-connecticut-afe7c678fa5dfc85-node-000145
bridgeport-connecticut-afe7c678fa5dfc85,42,6,0,"B. Porch, Enclosed Porch, Bay Street in Street Yards.",40.5,217.75437927246094,273.18572998046875,231.50088500976562,9.5,ProximaNova-Bold,20,612.0,792.0,"B. Porch, Enclosed Porch, Bay Street in Street Yards.",False,True,Paragraph,lettered_or_numbered,0.55,lettered_or_numbered_paragraph_marker,,4,bridgeport-connecticut-afe7c678fa5dfc85-node-000146
bridgeport-connecticut-afe7c678fa5dfc85,42,8,0,"(1) Height. Porches, enclosed porches, and bays",58.5,262.75439453125,265.3789978027344,276.5008850097656,9.5,ProximaNova-Bold | ProximaNova-Light,20,612.0,792.0,"(1) Height. Porches, enclosed porches, and bays",False,True,Paragraph,lettered_or_numbered,0.55,lettered_or_numbered_paragraph_marker,,4,bridgeport-connecticut-afe7c678fa5dfc85-node-000147
bridgeport-connecticut-afe7c678fa5dfc85,42,10,0,(2) Enclosed Porches. Enclosed porches must meet,58.5,319.7544250488281,277.4154968261719,333.50091552734375,9.5,ProximaNova-Bold | ProximaNova-Light,20,612.0,792.0,(2) Enclosed Porches. Enclosed porches must meet,False,True,Paragraph,lettered_or_numbered,0.55,lettered_or_numbered_paragraph_marker,,4,bridgeport-connecticut-afe7c678fa5dfc85-node-000148
bridgeport-connecticut-afe7c678fa5dfc85,42,12,0,(3) Other Allowed Encroachments. See 14.20.6.D for,58.5,364.7544250488281,279.2605285644531,378.50091552734375,9.5,ProximaNova-Bold | ProximaNova-Light,20,612.0,792.0,(3) Other Allowed Encroachments. See 14.20.6.D for,False,True,Paragraph,lettered_or_numbered,0.55,lettered_or_numbered_paragraph_marker,,4,bridgeport-connecticut-afe7c678fa5dfc85-node-000149
bridgeport-connecticut-afe7c678fa5dfc85,42,14,0,C. Half Stories in Roof. See 14.20.10 . F for definition of half,40.5,409.7544250488281,288.09912109375,423.50091552734375,9.5,ProximaNova-Bold | ProximaNova-Light,20,612.0,792.0,C. Half Stories in Roof. See 14.20.10 . F for definition of half,False,True,Paragraph,lettered_or_numbered,0.55,lettered_or_numbered_paragraph_marker,,4,bridgeport-connecticut-afe7c678fa5dfc85-node-000150
bridgeport-connecticut-afe7c678fa5dfc85,42,16,0,(1) The occupiable footprint of half stories in the roof is,58.5,442.7544250488281,291.3900451660156,456.50091552734375,9.5,ProximaNova-Bold | ProximaNova-Light,20,612.0,792.0,(1) The occupiable footprint of half stories in the roof is,False,True,Paragraph,lettered_or_numbered,0.55,lettered_or_numbered_paragraph_marker,,4,bridgeport-connecticut-afe7c678fa5dfc85-node-000151
bridgeport-connecticut-afe7c678fa5dfc85,42,18,0,(2) Dormers or gabled ends of roofs on half stories are,58.5,487.7544250488281,290.364013671875,501.50091552734375,9.5,ProximaNova-Bold | ProximaNova-Light,20,612.0,792.0,(2) Dormers or gabled ends of roofs on half stories are,False,True,Paragraph,lettered_or_numbered,0.55,lettered_or_numbered_paragraph_marker,,4,bridgeport-connecticut-afe7c678fa5dfc85-node-000152
bridgeport-connecticut-afe7c678fa5dfc85,43,0,1,3.50 General Building Type,395.4704895019531,41.37941360473633,575.2556762695312,61.637413024902344,14.0,ProximaNova-Bold,20,612.0,792.0,3.50 General Building Type,False,True,Section,section,0.9,decimal_pattern=section (N.MM),3.50,2,bridgeport-connecticut-afe7c678fa5dfc85-node-000153
bridgeport-connecticut-afe7c678fa5dfc85,44,17,0,3.50.4. BUILDING LOCATION. See Figure 3.50-B,43.380001068115234,389.6639099121094,239.04698181152344,402.6869201660156,9.0,ProximaNova-Bold | ProximaNova-Light | ProximaNova-Semibold,20,612.0,792.0,3.50.4. BUILDING LOCATION. See Figure 3.50-B,False,True,Subsection,subsection,0.8500000000000001,decimal_pattern=subsection,3.50.4,3,bridgeport-connecticut-afe7c678fa5dfc85-node-000154
bridgeport-connecticut-afe7c678fa5dfc85,45,24,0,3.50.5. PARKING & ACCESSORY STRUCTURES. See Figure 3.50-C .,48.55189895629883,389.59259033203125,319.47491455078125,402.6156005859375,9.0,ProximaNova-Bold | ProximaNova-Light | ProximaNova-Semibold,20,612.0,792.0,3.50.5. PARKING & ACCESSORY STRUCTURES. See Figure 3.50-C .,False,True,Subsection,subsection,0.8500000000000001,decimal_pattern=subsection,3.50.5,3,bridgeport-connecticut-afe7c678fa5dfc85-node-000155
bridgeport-connecticut-afe7c678fa5dfc85,46,22,0,3.50.6. HEIGHT. See Figure 3.50-D,43.380001068115234,389.14129638671875,183.49058532714844,402.164306640625,9.0,ProximaNova-Bold | ProximaNova-Light | ProximaNova-Semibold,20,612.0,792.0,3.50.6. HEIGHT. See Figure 3.50-D,False,True,Subsection,subsection,0.8500000000000001,decimal_pattern=subsection,3.50.6,3,bridgeport-connecticut-afe7c678fa5dfc85-node-000156
bridgeport-connecticut-afe7c678fa5dfc85,46,32,0,3.50.7. ROOFS. See Figure 3.50-D,43.380001068115234,639.2196044921875,179.7651824951172,652.2426147460938,9.0,ProximaNova-Bold | ProximaNova-Light | ProximaNova-Semibold,20,612.0,792.0,3.50.7. ROOFS. See Figure 3.50-D,False,True,Subsection,subsection,0.8500000000000001,decimal_pattern=subsection,3.50.7,3,bridgeport-connecticut-afe7c678fa5dfc85-node-000157
bridgeport-connecticut-afe7c678fa5dfc85,47,18,0,3.50.8. PRIMARY & NON-PRIMARY FACADES. Figure 3.50-E,48.380001068115234,390.0262145996094,291.521728515625,403.0492248535156,9.0,ProximaNova-Bold | ProximaNova-Light | ProximaNova-Semibold,20,612.0,792.0,3.50.8. PRIMARY & NON-PRIMARY FACADES. Figure 3.50-E,False,True,Subsection,subsection,0.8500000000000001,decimal_pattern=subsection,3.50.8,3,bridgeport-connecticut-afe7c678fa5dfc85-node-000158
bridgeport-connecticut-afe7c678fa5dfc85,48,3,0,"3.50.9. ALLOWED USES. See Article 4.0 for use definitions, specific use limitations, and other use-related regulations.",43.208099365234375,117.57110595703125,501.8878479003906,130.59410095214844,9.0,ProximaNova-Bold | ProximaNova-Light | ProximaNova-Semibold,20,612.0,792.0,"3.50.9. ALLOWED USES. See Article 4.0 for use definitions, specific use limitations, and other use-related regulations.",False,True,Subsection,subsection,0.8500000000000001,decimal_pattern=subsection,3.50.9,3,bridgeport-connecticut-afe7c678fa5dfc85-node-000159
bridgeport-connecticut-afe7c678fa5dfc85,49,12,0,C. Stepped-Back Stories. Stepped-back stories must be,319.95001220703125,393.2544250488281,561.6319580078125,407.00091552734375,9.5,ProximaNova-Bold | ProximaNova-Light,20,612.0,792.0,C. Stepped-Back Stories. Stepped-back stories must be,False,True,Paragraph,lettered_or_numbered,0.55,lettered_or_numbered_paragraph_marker,,4,bridgeport-connecticut-afe7c678fa5dfc85-node-000160
bridgeport-connecticut-afe7c678fa5dfc85,49,13,2,A. Primary Streetwall Exceptions. One of the following,45.0,405.6494140625,283.02001953125,419.3959045410156,9.5,ProximaNova-Bold | ProximaNova-Light,20,612.0,792.0,A. Primary Streetwall Exceptions. One of the following,False,True,Paragraph,lettered_or_numbered,0.55,lettered_or_numbered_paragraph_marker,,4,bridgeport-connecticut-afe7c678fa5dfc85-node-000161
bridgeport-connecticut-afe7c678fa5dfc85,49,16,0,(1) Courtyards. One courtyard may count towards,63.0,438.6494140625,273.1755065917969,452.3959045410156,9.5,ProximaNova-Bold | ProximaNova-Light,20,612.0,792.0,(1) Courtyards. One courtyard may count towards,False,True,Paragraph,lettered_or_numbered,0.55,lettered_or_numbered_paragraph_marker,,4,bridgeport-connecticut-afe7c678fa5dfc85-node-000162
bridgeport-connecticut-afe7c678fa5dfc85,49,23,0,(2) Seating and Dining. The build-to zone may be,63.0,599.1494140625,272.3870544433594,612.8958740234375,9.5,ProximaNova-Bold | ProximaNova-Light,20,612.0,792.0,(2) Seating and Dining. The build-to zone may be,False,True,Paragraph,lettered_or_numbered,0.55,lettered_or_numbered_paragraph_marker,,4,bridgeport-connecticut-afe7c678fa5dfc85-node-000163
bridgeport-connecticut-afe7c678fa5dfc85,49,25,0,B. Transition at N Zones. Facades abutting an N zone,45.0,656.1494140625,278.9126892089844,669.8958740234375,9.5,ProximaNova-Bold | ProximaNova-Light,20,612.0,792.0,B. Transition at N Zones. Facades abutting an N zone,False,True,Paragraph,lettered_or_numbered,0.55,lettered_or_numbered_paragraph_marker,,4,bridgeport-connecticut-afe7c678fa5dfc85-node-000164
bridgeport-connecticut-afe7c678fa5dfc85,51,0,1,3.60 Small General Building Type,356.87298583984375,41.37941360473633,575.2561645507812,61.637413024902344,14.0,ProximaNova-Bold,20,612.0,792.0,3.60 Small General Building Type,False,True,Section,section,0.9,decimal_pattern=section (N.MM),3.60,2,bridgeport-connecticut-afe7c678fa5dfc85-node-000165
bridgeport-connecticut-afe7c678fa5dfc85,52,16,0,3.60.4. BUILDING LOCATION. See Figure 3.60-B,43.380001068115234,381.32391357421875,239.07408142089844,394.346923828125,9.0,ProximaNova-Bold | ProximaNova-Light | ProximaNova-Semibold,20,612.0,792.0,3.60.4. BUILDING LOCATION. See Figure 3.60-B,False,True,Subsection,subsection,0.8500000000000001,decimal_pattern=subsection,3.60.4,3,bridgeport-connecticut-afe7c678fa5dfc85-node-000166
bridgeport-connecticut-afe7c678fa5dfc85,53,17,0,3.60.5. PARKING & ACCESSORY STRUCTURES. See Figure 3.60-C .,48.2400016784668,381.2525939941406,319.1903076171875,394.2756042480469,9.0,ProximaNova-Bold | ProximaNova-Light | ProximaNova-Semibold,20,612.0,792.0,3.60.5. PARKING & ACCESSORY STRUCTURES. See Figure 3.60-C .,False,True,Subsection,subsection,0.8500000000000001,decimal_pattern=subsection,3.60.5,3,bridgeport-connecticut-afe7c678fa5dfc85-node-000167
bridgeport-connecticut-afe7c678fa5dfc85,54,15,0,3.60.6. HEIGHT. See Figure 3.60-D,43.20819854736328,378.9114990234375,183.3457794189453,391.93450927734375,9.0,ProximaNova-Bold | ProximaNova-Light | ProximaNova-Semibold,20,612.0,792.0,3.60.6. HEIGHT. See Figure 3.60-D,False,True,Subsection,subsection,0.8500000000000001,decimal_pattern=subsection,3.60.6,3,bridgeport-connecticut-afe7c678fa5dfc85-node-000168
bridgeport-connecticut-afe7c678fa5dfc85,54,19,0,3.60.7. ROOFS. See Figure 3.60-D,43.20819854736328,482.6199951171875,179.62037658691406,495.64300537109375,9.0,ProximaNova-Bold | ProximaNova-Light | ProximaNova-Semibold,20,612.0,792.0,3.60.7. ROOFS. See Figure 3.60-D,False,True,Subsection,subsection,0.8500000000000001,decimal_pattern=subsection,3.60.7,3,bridgeport-connecticut-afe7c678fa5dfc85-node-000169
bridgeport-connecticut-afe7c678fa5dfc85,55,16,0,3.60.8. PRIMARY & NON-PRIMARY FACADES. Figure 3.60-E,47.880001068115234,381.41650390625,291.048828125,394.43951416015625,9.0,ProximaNova-Bold | ProximaNova-Light | ProximaNova-Semibold,20,612.0,792.0,3.60.8. PRIMARY & NON-PRIMARY FACADES. Figure 3.60-E,False,True,Subsection,subsection,0.8500000000000001,decimal_pattern=subsection,3.60.8,3,bridgeport-connecticut-afe7c678fa5dfc85-node-000170
bridgeport-connecticut-afe7c678fa5dfc85,56,3,0,"3.60.9. ALLOWED USES. See Article 4.0 for use definitions, specific use limitations, and other use-related regulations.",43.29999923706055,116.27392578125,501.9887390136719,129.2969207763672,9.0,ProximaNova-Bold | ProximaNova-Light | ProximaNova-Semibold,20,612.0,792.0,"3.60.9. ALLOWED USES. See Article 4.0 for use definitions, specific use limitations, and other use-related regulations.",False,True,Subsection,subsection,0.8500000000000001,decimal_pattern=subsection,3.60.9,3,bridgeport-connecticut-afe7c678fa5dfc85-node-000171
bridgeport-connecticut-afe7c678fa5dfc85,57,12,2,A. [reserved],45.0,401.32940673828125,108.5715103149414,415.0758972167969,9.5,ProximaNova-Bold,20,612.0,792.0,A. [reserved],False,True,Paragraph,lettered_or_numbered,0.55,lettered_or_numbered_paragraph_marker,,4,bridgeport-connecticut-afe7c678fa5dfc85-node-000172
bridgeport-connecticut-afe7c678fa5dfc85,59,0,1,3.70 Row Building Type,419.84381103515625,41.37941360473633,575.2564697265625,61.637413024902344,14.0,ProximaNova-Bold,20,612.0,792.0,3.70 Row Building Type,False,True,Section,section,0.9,decimal_pattern=section (N.MM),3.70,2,bridgeport-connecticut-afe7c678fa5dfc85-node-000173
bridgeport-connecticut-afe7c678fa5dfc85,60,16,0,3.70.4. BUILDING LOCATION. See Figure 3.70-B,43.208099365234375,389.743896484375,236.3453826904297,402.76690673828125,9.0,ProximaNova-Bold | ProximaNova-Light | ProximaNova-Semibold,20,612.0,792.0,3.70.4. BUILDING LOCATION. See Figure 3.70-B,False,True,Subsection,subsection,0.8500000000000001,decimal_pattern=subsection,3.70.4,3,bridgeport-connecticut-afe7c678fa5dfc85-node-000174
bridgeport-connecticut-afe7c678fa5dfc85,61,17,0,3.70.5. PARKING & ACCESSORY STRUCTURES. See Figure 3.70-C .,47.52000045776367,389.6725158691406,315.9143981933594,402.6955261230469,9.0,ProximaNova-Bold | ProximaNova-Light | ProximaNova-Semibold,20,612.0,792.0,3.70.5. PARKING & ACCESSORY STRUCTURES. See Figure 3.70-C .,False,True,Subsection,subsection,0.8500000000000001,decimal_pattern=subsection,3.70.5,3,bridgeport-connecticut-afe7c678fa5dfc85-node-000175
bridgeport-connecticut-afe7c678fa5dfc85,62,16,0,3.70.6. HEIGHT. See Figure 3.70-D,42.458099365234375,387.7113952636719,180.03897094726562,400.7344055175781,9.0,ProximaNova-Bold | ProximaNova-Light | ProximaNova-Semibold,20,612.0,792.0,3.70.6. HEIGHT. See Figure 3.70-D,False,True,Subsection,subsection,0.8500000000000001,decimal_pattern=subsection,3.70.6,3,bridgeport-connecticut-afe7c678fa5dfc85-node-000176
bridgeport-connecticut-afe7c678fa5dfc85,62,18,0,3.70.7. ROOFS. See Figure 3.70-D,42.458099365234375,525.3098754882812,176.3134765625,538.3328857421875,9.0,ProximaNova-Bold | ProximaNova-Light | ProximaNova-Semibold,20,612.0,792.0,3.70.7. ROOFS. See Figure 3.70-D,False,True,Subsection,subsection,0.8500000000000001,decimal_pattern=subsection,3.70.7,3,bridgeport-connecticut-afe7c678fa5dfc85-node-000177
bridgeport-connecticut-afe7c678fa5dfc85,63,15,0,3.70.8. PRIMARY & NON-PRIMARY FACADES. See Figure 3.70-E,47.880001068115234,390.2164001464844,306.25750732421875,403.2394104003906,9.0,ProximaNova-Bold | ProximaNova-Light | ProximaNova-Semibold,20,612.0,792.0,3.70.8. PRIMARY & NON-PRIMARY FACADES. See Figure 3.70-E,False,True,Subsection,subsection,0.8500000000000001,decimal_pattern=subsection,3.70.8,3,bridgeport-connecticut-afe7c678fa5dfc85-node-000178
bridgeport-connecticut-afe7c678fa5dfc85,64,3,0,"3.70.9. ALLOWED USES. See Article 4.0 for use definitions, specific use limitations, and other use-related regulations.",43.25410079956055,116.14892578125,500.69183349609375,129.1719207763672,9.0,ProximaNova-Bold | ProximaNova-Light | ProximaNova-Semibold,20,612.0,792.0,"3.70.9. ALLOWED USES. See Article 4.0 for use definitions, specific use limitations, and other use-related regulations.",False,True,Subsection,subsection,0.8500000000000001,decimal_pattern=subsection,3.70.9,3,bridgeport-connecticut-afe7c678fa5dfc85-node-000179
bridgeport-connecticut-afe7c678fa5dfc85,65,15,2,A. Multiple Buildings on a Lot. Multiple buildings may be,45.0,405.6494140625,291.03076171875,419.3959045410156,9.5,ProximaNova-Bold | ProximaNova-Light,20,612.0,792.0,A. Multiple Buildings on a Lot. Multiple buildings may be,False,True,Paragraph,lettered_or_numbered,0.55,lettered_or_numbered_paragraph_marker,,4,bridgeport-connecticut-afe7c678fa5dfc85-node-000180
bridgeport-connecticut-afe7c678fa5dfc85,65,19,0,(1) The minimum space between buildings is met.,63.0,438.6494140625,271.8454895019531,452.3959045410156,9.5,ProximaNova-Bold | ProximaNova-Light,20,612.0,792.0,(1) The minimum space between buildings is met.,False,True,Paragraph,lettered_or_numbered,0.55,lettered_or_numbered_paragraph_marker,,4,bridgeport-connecticut-afe7c678fa5dfc85-node-000181
bridgeport-connecticut-afe7c678fa5dfc85,65,21,0,(2) Each building must fulfill all of the requirements of,63.0,459.6494140625,288.1570129394531,473.3959045410156,9.5,ProximaNova-Bold | ProximaNova-Light,20,612.0,792.0,(2) Each building must fulfill all of the requirements of,False,True,Paragraph,lettered_or_numbered,0.55,lettered_or_numbered_paragraph_marker,,4,bridgeport-connecticut-afe7c678fa5dfc85-node-000182
bridgeport-connecticut-afe7c678fa5dfc85,65,26,0,"(3) Each building must be located in the build-to zone,",63.0,492.6494140625,292.4224853515625,506.3959045410156,9.5,ProximaNova-Bold | ProximaNova-Light,20,612.0,792.0,"(3) Each building must be located in the build-to zone,",False,True,Paragraph,lettered_or_numbered,0.55,lettered_or_numbered_paragraph_marker,,4,bridgeport-connecticut-afe7c678fa5dfc85-node-000183
bridgeport-connecticut-afe7c678fa5dfc85,66,3,0,B. Garage Door Visibility. Garage doors must be screened,40.5,144.25437927246094,294.2996826171875,158.00088500976562,9.5,ProximaNova-Bold | ProximaNova-Light,20,612.0,792.0,B. Garage Door Visibility. Garage doors must be screened,False,True,Paragraph,lettered_or_numbered,0.55,lettered_or_numbered_paragraph_marker,,4,bridgeport-connecticut-afe7c678fa5dfc85-node-000184
bridgeport-connecticut-afe7c678fa5dfc85,66,5,0,C. Half Stories in Roof. See 14.20.10 . F for definition of half,40.5,177.25437927246094,288.09912109375,191.00088500976562,9.5,ProximaNova-Bold | ProximaNova-Light,20,612.0,792.0,C. Half Stories in Roof. See 14.20.10 . F for definition of half,False,True,Paragraph,lettered_or_numbered,0.55,lettered_or_numbered_paragraph_marker,,4,bridgeport-connecticut-afe7c678fa5dfc85-node-000185
bridgeport-connecticut-afe7c678fa5dfc85,66,7,0,(1) The occupiable footprint of half stories in the roof is,58.5,210.25437927246094,291.3900451660156,224.00088500976562,9.5,ProximaNova-Bold | ProximaNova-Light,20,612.0,792.0,(1) The occupiable footprint of half stories in the roof is,False,True,Paragraph,lettered_or_numbered,0.55,lettered_or_numbered_paragraph_marker,,4,bridgeport-connecticut-afe7c678fa5dfc85-node-000186
bridgeport-connecticut-afe7c678fa5dfc85,66,9,0,(2) Dormers or gabled ends of roofs on half stories are,58.5,255.25437927246094,290.364013671875,269.0008850097656,9.5,ProximaNova-Bold | ProximaNova-Light,20,612.0,792.0,(2) Dormers or gabled ends of roofs on half stories are,False,True,Paragraph,lettered_or_numbered,0.55,lettered_or_numbered_paragraph_marker,,4,bridgeport-connecticut-afe7c678fa5dfc85-node-000187
bridgeport-connecticut-afe7c678fa5dfc85,67,0,1,3.80 Double House A Building Type,342.131103515625,41.37941360473633,575.2564086914062,61.637413024902344,14.0,ProximaNova-Bold,20,612.0,792.0,3.80 Double House A Building Type,False,True,Section,section,0.9,decimal_pattern=section (N.MM),3.80,2,bridgeport-connecticut-afe7c678fa5dfc85-node-000188
bridgeport-connecticut-afe7c678fa5dfc85,68,17,0,3.80.4. BUILDING LOCATION. See Figure 3.80-B,43.505001068115234,380.67901611328125,239.02798461914062,393.7020263671875,9.0,ProximaNova-Bold | ProximaNova-Light | ProximaNova-Semibold,20,612.0,792.0,3.80.4. BUILDING LOCATION. See Figure 3.80-B,False,True,Subsection,subsection,0.8500000000000001,decimal_pattern=subsection,3.80.4,3,bridgeport-connecticut-afe7c678fa5dfc85-node-000189
bridgeport-connecticut-afe7c678fa5dfc85,69,17,0,3.80.5. PARKING & ACCESSORY STRUCTURES. See Figure 3.80-C .,48.005001068115234,380.73260498046875,318.78411865234375,393.755615234375,9.0,ProximaNova-Bold | ProximaNova-Light | ProximaNova-Semibold,20,612.0,792.0,3.80.5. PARKING & ACCESSORY STRUCTURES. See Figure 3.80-C .,False,True,Subsection,subsection,0.8500000000000001,decimal_pattern=subsection,3.80.5,3,bridgeport-connecticut-afe7c678fa5dfc85-node-000190
bridgeport-connecticut-afe7c678fa5dfc85,70,17,0,3.80.6. HEIGHT. See Figure 3.80-D,43.724998474121094,380.1914978027344,183.6914825439453,393.2145080566406,9.0,ProximaNova-Bold | ProximaNova-Light | ProximaNova-Semibold,20,612.0,792.0,3.80.6. HEIGHT. See Figure 3.80-D,False,True,Subsection,subsection,0.8500000000000001,decimal_pattern=subsection,3.80.6,3,bridgeport-connecticut-afe7c678fa5dfc85-node-000191
bridgeport-connecticut-afe7c678fa5dfc85,70,19,0,3.80.7. ROOFS. See Figure 3.80-D,43.724998474121094,516.0914916992188,179.96607971191406,529.114501953125,9.0,ProximaNova-Bold | ProximaNova-Light | ProximaNova-Semibold,20,612.0,792.0,3.80.7. ROOFS. See Figure 3.80-D,False,True,Subsection,subsection,0.8500000000000001,decimal_pattern=subsection,3.80.7,3,bridgeport-connecticut-afe7c678fa5dfc85-node-000192
bridgeport-connecticut-afe7c678fa5dfc85,71,14,0,3.80.8. FACADES. See Figure 3.80-E,48.224998474121094,382.6964111328125,195.25669860839844,395.71942138671875,9.0,ProximaNova-Bold | ProximaNova-Light | ProximaNova-Semibold,20,612.0,792.0,3.80.8. FACADES. See Figure 3.80-E,False,True,Subsection,subsection,0.8500000000000001,decimal_pattern=subsection,3.80.8,3,bridgeport-connecticut-afe7c678fa5dfc85-node-000193
bridgeport-connecticut-afe7c678fa5dfc85,72,3,0,"3.80.9. ALLOWED USES. See Article 4.0 for use definitions, specific use limitations, and other use-related regulations.",43.7400016784668,116.27392578125,502.3746337890625,129.2969207763672,9.0,ProximaNova-Bold | ProximaNova-Light | ProximaNova-Semibold,20,612.0,792.0,"3.80.9. ALLOWED USES. See Article 4.0 for use definitions, specific use limitations, and other use-related regulations.",False,True,Subsection,subsection,0.8500000000000001,decimal_pattern=subsection,3.80.9,3,bridgeport-connecticut-afe7c678fa5dfc85-node-000194
bridgeport-connecticut-afe7c678fa5dfc85,73,13,2,"A. Porch, Enclosed Porch, Bay Street in Street Yards.",45.0,376.84942626953125,277.68572998046875,390.5959167480469,9.5,ProximaNova-Bold,20,612.0,792.0,"A. Porch, Enclosed Porch, Bay Street in Street Yards.",False,True,Paragraph,lettered_or_numbered,0.55,lettered_or_numbered_paragraph_marker,,4,bridgeport-connecticut-afe7c678fa5dfc85-node-000195
bridgeport-connecticut-afe7c678fa5dfc85,73,15,0,"(1) Height. Porches, enclosed porches, and bays",63.0,421.84942626953125,269.8789978027344,435.5959167480469,9.5,ProximaNova-Bold | ProximaNova-Light,20,612.0,792.0,"(1) Height. Porches, enclosed porches, and bays",False,True,Paragraph,lettered_or_numbered,0.55,lettered_or_numbered_paragraph_marker,,4,bridgeport-connecticut-afe7c678fa5dfc85-node-000196
bridgeport-connecticut-afe7c678fa5dfc85,73,17,0,(2) Enclosed Porches. Enclosed porches must meet,63.0,478.84942626953125,281.9155578613281,492.5959167480469,9.5,ProximaNova-Bold | ProximaNova-Light,20,612.0,792.0,(2) Enclosed Porches. Enclosed porches must meet,False,True,Paragraph,lettered_or_numbered,0.55,lettered_or_numbered_paragraph_marker,,4,bridgeport-connecticut-afe7c678fa5dfc85-node-000197
bridgeport-connecticut-afe7c678fa5dfc85,73,19,0,(3) Other Allowed Encroachments. See 14.20.6.D for,63.0,523.8494262695312,283.7605285644531,537.5958862304688,9.5,ProximaNova-Bold | ProximaNova-Light,20,612.0,792.0,(3) Other Allowed Encroachments. See 14.20.6.D for,False,True,Paragraph,lettered_or_numbered,0.55,lettered_or_numbered_paragraph_marker,,4,bridgeport-connecticut-afe7c678fa5dfc85-node-000198
bridgeport-connecticut-afe7c678fa5dfc85,73,22,0,B. Half Stories in Roof. See 14.20.10 . F for definition of half,45.0,568.8494262695312,292.59912109375,582.5958862304688,9.5,ProximaNova-Bold | ProximaNova-Light,20,612.0,792.0,B. Half Stories in Roof. See 14.20.10 . F for definition of half,False,True,Paragraph,lettered_or_numbered,0.55,lettered_or_numbered_paragraph_marker,,4,bridgeport-connecticut-afe7c678fa5dfc85-node-000199
bridgeport-connecticut-afe7c678fa5dfc85,73,25,0,(1) The occupiable footprint of half stories in the roof is,63.0,601.8494262695312,295.8900451660156,615.5958862304688,9.5,ProximaNova-Bold | ProximaNova-Light,20,612.0,792.0,(1) The occupiable footprint of half stories in the roof is,False,True,Paragraph,lettered_or_numbered,0.55,lettered_or_numbered_paragraph_marker,,4,bridgeport-connecticut-afe7c678fa5dfc85-node-000200
bridgeport-connecticut-afe7c678fa5dfc85,73,30,0,(2) Dormers or gabled ends of roofs on half stories are,63.0,646.8494262695312,294.8639831542969,660.5958862304688,9.5,ProximaNova-Bold | ProximaNova-Light,20,612.0,792.0,(2) Dormers or gabled ends of roofs on half stories are,False,True,Paragraph,lettered_or_numbered,0.55,lettered_or_numbered_paragraph_marker,,4,bridgeport-connecticut-afe7c678fa5dfc85-node-000201
bridgeport-connecticut-afe7c678fa5dfc85,75,0,1,3.90 House A Building Type,391.3684997558594,41.37941360473633,575.2557373046875,61.637413024902344,14.0,ProximaNova-Bold,20,612.0,792.0,3.90 House A Building Type,False,True,Section,section,0.9,decimal_pattern=section (N.MM),3.90,2,bridgeport-connecticut-afe7c678fa5dfc85-node-000202
bridgeport-connecticut-afe7c678fa5dfc85,76,16,0,3.90.4. BUILDING LOCATION. See Figure 3.90-B,43.380001068115234,380.5238952636719,239.07408142089844,393.5469055175781,9.0,ProximaNova-Bold | ProximaNova-Light | ProximaNova-Semibold,20,612.0,792.0,3.90.4. BUILDING LOCATION. See Figure 3.90-B,False,True,Subsection,subsection,0.8500000000000001,decimal_pattern=subsection,3.90.4,3,bridgeport-connecticut-afe7c678fa5dfc85-node-000203
bridgeport-connecticut-afe7c678fa5dfc85,77,17,0,3.90.5. PARKING & ACCESSORY STRUCTURES. See Figure 3.90-C .,47.880001068115234,380.45269775390625,318.830322265625,393.4757080078125,9.0,ProximaNova-Bold | ProximaNova-Light | ProximaNova-Semibold,20,612.0,792.0,3.90.5. PARKING & ACCESSORY STRUCTURES. See Figure 3.90-C .,False,True,Subsection,subsection,0.8500000000000001,decimal_pattern=subsection,3.90.5,3,bridgeport-connecticut-afe7c678fa5dfc85-node-000204
bridgeport-connecticut-afe7c678fa5dfc85,78,16,0,3.90.6. HEIGHT. See Figure 3.90-D,43.208099365234375,379.6315002441406,183.3457794189453,392.6545104980469,9.0,ProximaNova-Bold | ProximaNova-Light | ProximaNova-Semibold,20,612.0,792.0,3.90.6. HEIGHT. See Figure 3.90-D,False,True,Subsection,subsection,0.8500000000000001,decimal_pattern=subsection,3.90.6,3,bridgeport-connecticut-afe7c678fa5dfc85-node-000205
bridgeport-connecticut-afe7c678fa5dfc85,78,18,0,3.90.7. ROOFS. See Figure 3.90-E,43.208099365234375,507.22991943359375,178.46827697753906,520.2529296875,9.0,ProximaNova-Bold | ProximaNova-Light | ProximaNova-Semibold,20,612.0,792.0,3.90.7. ROOFS. See Figure 3.90-E,False,True,Subsection,subsection,0.8500000000000001,decimal_pattern=subsection,3.90.7,3,bridgeport-connecticut-afe7c678fa5dfc85-node-000206
bridgeport-connecticut-afe7c678fa5dfc85,79,15,0,3.90.8. PRIMARY & NON-PRIMARY FACADES. See Figure 3.90-E,45.548099517822266,382.13641357421875,306.48236083984375,395.159423828125,9.0,ProximaNova-Bold | ProximaNova-Light | ProximaNova-Semibold,20,612.0,792.0,3.90.8. PRIMARY & NON-PRIMARY FACADES. See Figure 3.90-E,False,True,Subsection,subsection,0.8500000000000001,decimal_pattern=subsection,3.90.8,3,bridgeport-connecticut-afe7c678fa5dfc85-node-000207
bridgeport-connecticut-afe7c678fa5dfc85,80,3,0,"3.90.9. ALLOWED USES. See Article 4.0 for use definitions, specific use limitations, and other use-related regulations.",43.25410079956055,116.27392578125,501.9428405761719,129.2969207763672,9.0,ProximaNova-Bold | ProximaNova-Light | ProximaNova-Semibold,20,612.0,792.0,"3.90.9. ALLOWED USES. See Article 4.0 for use definitions, specific use limitations, and other use-related regulations.",False,True,Subsection,subsection,0.8500000000000001,decimal_pattern=subsection,3.90.9,3,bridgeport-connecticut-afe7c678fa5dfc85-node-000208
bridgeport-connecticut-afe7c678fa5dfc85,81,13,0,(2) Dormers or gabled ends of roofs on half stories are,337.95001220703125,405.4944152832031,569.8141479492188,419.24090576171875,9.5,ProximaNova-Bold | ProximaNova-Light,20,612.0,792.0,(2) Dormers or gabled ends of roofs on half stories are,False,True,Paragraph,lettered_or_numbered,0.55,lettered_or_numbered_paragraph_marker,,4,bridgeport-connecticut-afe7c678fa5dfc85-node-000209
bridgeport-connecticut-afe7c678fa5dfc85,81,14,2,"A. Porch, Enclosed Porch, Bay Street in Street Yards.",45.36000061035156,417.889404296875,278.04571533203125,431.6358947753906,9.5,ProximaNova-Bold,20,612.0,792.0,"A. Porch, Enclosed Porch, Bay Street in Street Yards.",False,True,Paragraph,lettered_or_numbered,0.55,lettered_or_numbered_paragraph_marker,,4,bridgeport-connecticut-afe7c678fa5dfc85-node-000210
bridgeport-connecticut-afe7c678fa5dfc85,81,17,0,"(1) Height. Porches, enclosed porches, and bays",63.36000061035156,462.889404296875,270.2389831542969,476.6358947753906,9.5,ProximaNova-Bold | ProximaNova-Light,20,612.0,792.0,"(1) Height. Porches, enclosed porches, and bays",False,True,Paragraph,lettered_or_numbered,0.55,lettered_or_numbered_paragraph_marker,,4,bridgeport-connecticut-afe7c678fa5dfc85-node-000211
bridgeport-connecticut-afe7c678fa5dfc85,81,19,0,(2) Enclosed Porches. Enclosed porches must meet,63.36000061035156,519.889404296875,282.2755432128906,533.6358642578125,9.5,ProximaNova-Bold | ProximaNova-Light,20,612.0,792.0,(2) Enclosed Porches. Enclosed porches must meet,False,True,Paragraph,lettered_or_numbered,0.55,lettered_or_numbered_paragraph_marker,,4,bridgeport-connecticut-afe7c678fa5dfc85-node-000212
bridgeport-connecticut-afe7c678fa5dfc85,81,21,0,(3) Other Allowed Encroachments. See 14.20.6.D for,63.36000061035156,564.889404296875,284.1205139160156,578.6358642578125,9.5,ProximaNova-Bold | ProximaNova-Light,20,612.0,792.0,(3) Other Allowed Encroachments. See 14.20.6.D for,False,True,Paragraph,lettered_or_numbered,0.55,lettered_or_numbered_paragraph_marker,,4,bridgeport-connecticut-afe7c678fa5dfc85-node-000213
bridgeport-connecticut-afe7c678fa5dfc85,81,23,0,B. Half Stories in Roof. See 14.20.10 . F for definition of half,45.36000061035156,609.889404296875,292.9591369628906,623.6358642578125,9.5,ProximaNova-Bold | ProximaNova-Light,20,612.0,792.0,B. Half Stories in Roof. See 14.20.10 . F for definition of half,False,True,Paragraph,lettered_or_numbered,0.55,lettered_or_numbered_paragraph_marker,,4,bridgeport-connecticut-afe7c678fa5dfc85-node-000214
bridgeport-connecticut-afe7c678fa5dfc85,81,25,0,(1) The occupiable footprint of half stories in the roof is,63.36000061035156,642.889404296875,296.2500305175781,656.6358642578125,9.5,ProximaNova-Bold | ProximaNova-Light,20,612.0,792.0,(1) The occupiable footprint of half stories in the roof is,False,True,Paragraph,lettered_or_numbered,0.55,lettered_or_numbered_paragraph_marker,,4,bridgeport-connecticut-afe7c678fa5dfc85-node-000215
bridgeport-connecticut-afe7c678fa5dfc85,83,0,1,3.100 House B Building Type,387.1263122558594,41.37941360473633,575.255615234375,61.637413024902344,14.0,ProximaNova-Bold,20,612.0,792.0,3.100 House B Building Type,False,True,Section,section,0.9,decimal_pattern=section (N.MM),3.100,2,bridgeport-connecticut-afe7c678fa5dfc85-node-000216
bridgeport-connecticut-afe7c678fa5dfc85,84,18,0,3.100.4. BUILDING LOCATION. See Figure 3.100-B,43.380001068115234,381.2439880371094,244.18508911132812,394.2669982910156,9.0,ProximaNova-Bold | ProximaNova-Light | ProximaNova-Semibold,20,612.0,792.0,3.100.4. BUILDING LOCATION. See Figure 3.100-B,False,True,Subsection,subsection,0.8500000000000001,decimal_pattern=subsection,3.100.4,3,bridgeport-connecticut-afe7c678fa5dfc85-node-000217
bridgeport-connecticut-afe7c678fa5dfc85,85,17,0,3.100.5. PARKING & ACCESSORY STRUCTURES. See Figure 3.100-C,47.880001068115234,381.422607421875,321.9712829589844,394.44561767578125,9.0,ProximaNova-Bold | ProximaNova-Light | ProximaNova-Semibold,20,612.0,792.0,3.100.5. PARKING & ACCESSORY STRUCTURES. See Figure 3.100-C,False,True,Subsection,subsection,0.8500000000000001,decimal_pattern=subsection,3.100.5,3,bridgeport-connecticut-afe7c678fa5dfc85-node-000218
bridgeport-connecticut-afe7c678fa5dfc85,86,13,0,3.100.6. HEIGHT. See Figure 3.100-D,43.380001068115234,381.0014953613281,188.62867736816406,394.0245056152344,9.0,ProximaNova-Bold | ProximaNova-Light | ProximaNova-Semibold,20,612.0,792.0,3.100.6. HEIGHT. See Figure 3.100-D,False,True,Subsection,subsection,0.8500000000000001,decimal_pattern=subsection,3.100.6,3,bridgeport-connecticut-afe7c678fa5dfc85-node-000219
bridgeport-connecticut-afe7c678fa5dfc85,86,15,0,3.100.7. ROOFS. See Figure 3.100-D,43.380001068115234,491.5638122558594,184.90318298339844,504.5868225097656,9.0,ProximaNova-Bold | ProximaNova-Light | ProximaNova-Semibold,20,612.0,792.0,3.100.7. ROOFS. See Figure 3.100-D,False,True,Subsection,subsection,0.8500000000000001,decimal_pattern=subsection,3.100.7,3,bridgeport-connecticut-afe7c678fa5dfc85-node-000220
bridgeport-connecticut-afe7c678fa5dfc85,87,13,0,3.100.8. PRIMARY & NON-PRIMARY FACADES. See Figure 3.100-E,47.48809814453125,383.50640869140625,313.533447265625,396.5294189453125,9.0,ProximaNova-Bold | ProximaNova-Light | ProximaNova-Semibold,20,612.0,792.0,3.100.8. PRIMARY & NON-PRIMARY FACADES. See Figure 3.100-E,False,True,Subsection,subsection,0.8500000000000001,decimal_pattern=subsection,3.100.8,3,bridgeport-connecticut-afe7c678fa5dfc85-node-000221
bridgeport-connecticut-afe7c678fa5dfc85,88,3,0,"3.100.9. ALLOWED USES. See Article 4.0 for use definitions, specific use limitations, and other use-related regulations.",42.64739990234375,116.27392578125,504.08111572265625,129.2969207763672,9.0,ProximaNova-Bold | ProximaNova-Light | ProximaNova-Semibold,20,612.0,792.0,"3.100.9. ALLOWED USES. See Article 4.0 for use definitions, specific use limitations, and other use-related regulations.",False,True,Subsection,subsection,0.8500000000000001,decimal_pattern=subsection,3.100.9,3,bridgeport-connecticut-afe7c678fa5dfc85-node-000222
bridgeport-connecticut-afe7c678fa5dfc85,89,13,0,3.100.10 SUPPLEMENTAL REGULATIONS,320.5899963378906,403.7198791503906,512.3789672851562,418.18988037109375,10.0,ProximaNova-Bold,20,612.0,792.0,3.100.10 SUPPLEMENTAL REGULATIONS,False,True,Subsection,subsection,0.8500000000000001,decimal_pattern=subsection,3.100.10,3,bridgeport-connecticut-afe7c678fa5dfc85-node-000223
bridgeport-connecticut-afe7c678fa5dfc85,89,13,1,A. House B Court. See Figure 3.100-F for one layout of,320.3900146484375,416.2593994140625,556.7154541015625,430.0058898925781,9.5,ProximaNova-Bold | ProximaNova-Light,20,612.0,792.0,A. House B Court. See Figure 3.100-F for one layout of,False,True,Paragraph,lettered_or_numbered,0.55,lettered_or_numbered_paragraph_marker,,4,bridgeport-connecticut-afe7c678fa5dfc85-node-000224
bridgeport-connecticut-afe7c678fa5dfc85,89,19,0,(1) Multiple abutting lots may be aggregated to be,338.3900146484375,473.2593994140625,552.3180541992188,487.0058898925781,9.5,ProximaNova-Bold | ProximaNova-Light,20,612.0,792.0,(1) Multiple abutting lots may be aggregated to be,False,True,Paragraph,lettered_or_numbered,0.55,lettered_or_numbered_paragraph_marker,,4,bridgeport-connecticut-afe7c678fa5dfc85-node-000225
bridgeport-connecticut-afe7c678fa5dfc85,89,24,0,(2) For every House B fronting the street and meeting,338.3900146484375,518.2593994140625,566.568115234375,532.005859375,9.5,ProximaNova-Bold | ProximaNova-Light,20,612.0,792.0,(2) For every House B fronting the street and meeting,False,True,Paragraph,lettered_or_numbered,0.55,lettered_or_numbered_paragraph_marker,,4,bridgeport-connecticut-afe7c678fa5dfc85-node-000226
bridgeport-connecticut-afe7c678fa5dfc85,89,27,0,(3) The minimum space between adjacent buildings,338.3900146484375,563.2593994140625,558.1986694335938,577.005859375,9.5,ProximaNova-Bold | ProximaNova-Light,20,612.0,792.0,(3) The minimum space between adjacent buildings,False,True,Paragraph,lettered_or_numbered,0.55,lettered_or_numbered_paragraph_marker,,4,bridgeport-connecticut-afe7c678fa5dfc85-node-000227
bridgeport-connecticut-afe7c678fa5dfc85,89,29,0,(4) Each building must fulfill all of the requirements of,338.3900146484375,596.2593994140625,563.5469970703125,610.005859375,9.5,ProximaNova-Bold | ProximaNova-Light,20,612.0,792.0,(4) Each building must fulfill all of the requirements of,False,True,Paragraph,lettered_or_numbered,0.55,lettered_or_numbered_paragraph_marker,,4,bridgeport-connecticut-afe7c678fa5dfc85-node-000228
bridgeport-connecticut-afe7c678fa5dfc85,89,31,0,(5) Courtyard Frontage.,338.3900146484375,629.2593994140625,438.6885070800781,643.005859375,9.5,ProximaNova-Bold | ProximaNova-Light,20,612.0,792.0,(5) Courtyard Frontage.,False,True,Paragraph,lettered_or_numbered,0.55,lettered_or_numbered_paragraph_marker,,4,bridgeport-connecticut-afe7c678fa5dfc85-node-000229
bridgeport-connecticut-afe7c678fa5dfc85,90,3,0,B. Primary Street-Accessed Garage in Basement. A,40.5,144.25437927246094,268.7453308105469,158.00088500976562,9.5,ProximaNova-Bold | ProximaNova-Light,20,612.0,792.0,B. Primary Street-Accessed Garage in Basement. A,False,True,Paragraph,lettered_or_numbered,0.55,lettered_or_numbered_paragraph_marker,,4,bridgeport-connecticut-afe7c678fa5dfc85-node-000230
bridgeport-connecticut-afe7c678fa5dfc85,90,5,0,(1) Where Allowed. Where the lot grade is generally,58.5,189.25437927246094,279.2679443359375,203.00088500976562,9.5,ProximaNova-Bold | ProximaNova-Light,20,612.0,792.0,(1) Where Allowed. Where the lot grade is generally,False,True,Paragraph,lettered_or_numbered,0.55,lettered_or_numbered_paragraph_marker,,4,bridgeport-connecticut-afe7c678fa5dfc85-node-000231
bridgeport-connecticut-afe7c678fa5dfc85,90,7,0,(2) Maximum Width. The garage door may be no wider,58.5,258.25439453125,290.63946533203125,272.0008850097656,9.5,ProximaNova-Bold | ProximaNova-Light,20,612.0,792.0,(2) Maximum Width. The garage door may be no wider,False,True,Paragraph,lettered_or_numbered,0.55,lettered_or_numbered_paragraph_marker,,4,bridgeport-connecticut-afe7c678fa5dfc85-node-000232
bridgeport-connecticut-afe7c678fa5dfc85,91,0,1,3.110 House C Building Type,389.71630859375,41.37941360473633,575.2570190429688,61.637413024902344,14.0,ProximaNova-Bold,20,612.0,792.0,3.110 House C Building Type,False,True,Section,section,0.9,decimal_pattern=section (N.MM),3.110,2,bridgeport-connecticut-afe7c678fa5dfc85-node-000233
bridgeport-connecticut-afe7c678fa5dfc85,92,19,0,3.110.4. BUILDING LOCATION. See Figure 3.110-B,43.208099365234375,380.2439880371094,239.1890869140625,393.2669982910156,9.0,ProximaNova-Bold | ProximaNova-Light | ProximaNova-Semibold,20,612.0,792.0,3.110.4. BUILDING LOCATION. See Figure 3.110-B,False,True,Subsection,subsection,0.8500000000000001,decimal_pattern=subsection,3.110.4,3,bridgeport-connecticut-afe7c678fa5dfc85-node-000234
bridgeport-connecticut-afe7c678fa5dfc85,93,18,0,3.110.5. PARKING & ACCESSORY STRUCTURES. See Figure 3.110-C,48.2400016784668,380.172607421875,317.5072937011719,393.19561767578125,9.0,ProximaNova-Bold | ProximaNova-Light | ProximaNova-Semibold,20,612.0,792.0,3.110.5. PARKING & ACCESSORY STRUCTURES. See Figure 3.110-C,False,True,Subsection,subsection,0.8500000000000001,decimal_pattern=subsection,3.110.5,3,bridgeport-connecticut-afe7c678fa5dfc85-node-000235
bridgeport-connecticut-afe7c678fa5dfc85,94,14,0,3.110.6. HEIGHT. See Figure 3.110-D,43.208099365234375,378.9114990234375,183.63278198242188,391.93450927734375,9.0,ProximaNova-Bold | ProximaNova-Light | ProximaNova-Semibold,20,612.0,792.0,3.110.6. HEIGHT. See Figure 3.110-D,False,True,Subsection,subsection,0.8500000000000001,decimal_pattern=subsection,3.110.6,3,bridgeport-connecticut-afe7c678fa5dfc85-node-000236
bridgeport-connecticut-afe7c678fa5dfc85,94,16,0,3.110.7. ROOFS. See Figure 3.110-D,43.208099365234375,491.1499938964844,179.9072723388672,504.1730041503906,9.0,ProximaNova-Bold | ProximaNova-Light | ProximaNova-Semibold,20,612.0,792.0,3.110.7. ROOFS. See Figure 3.110-D,False,True,Subsection,subsection,0.8500000000000001,decimal_pattern=subsection,3.110.7,3,bridgeport-connecticut-afe7c678fa5dfc85-node-000237
bridgeport-connecticut-afe7c678fa5dfc85,95,14,0,3.110.8. PRIMARY & NON-PRIMARY FACADES. See Figure 3.110-E,47.75630187988281,381.41650390625,308.97760009765625,394.43951416015625,9.0,ProximaNova-Bold | ProximaNova-Light | ProximaNova-Semibold,20,612.0,792.0,3.110.8. PRIMARY & NON-PRIMARY FACADES. See Figure 3.110-E,False,True,Subsection,subsection,0.8500000000000001,decimal_pattern=subsection,3.110.8,3,bridgeport-connecticut-afe7c678fa5dfc85-node-000238
bridgeport-connecticut-afe7c678fa5dfc85,96,3,0,"3.110.9. ALLOWED USES. See Article 4.0 for use definitions, specific use limitations, and other use-related regulations.",43.29999923706055,116.27392578125,502.6096496582031,129.2969207763672,9.0,ProximaNova-Bold | ProximaNova-Light | ProximaNova-Semibold,20,612.0,792.0,"3.110.9. ALLOWED USES. See Article 4.0 for use definitions, specific use limitations, and other use-related regulations.",False,True,Subsection,subsection,0.8500000000000001,decimal_pattern=subsection,3.110.9,3,bridgeport-connecticut-afe7c678fa5dfc85-node-000239
bridgeport-connecticut-afe7c678fa5dfc85,97,12,0,3.110.10 SUPPLEMENTAL REGULATIONS,45.028099060058594,403.9098815917969,236.81707763671875,418.3798828125,10.0,ProximaNova-Bold,20,612.0,792.0,3.110.10 SUPPLEMENTAL REGULATIONS,False,True,Subsection,subsection,0.8500000000000001,decimal_pattern=subsection,3.110.10,3,bridgeport-connecticut-afe7c678fa5dfc85-node-000240
bridgeport-connecticut-afe7c678fa5dfc85,97,12,1,A. Half Stories in Roof. See 14.20.10 . F for definition of half,44.82809829711914,416.44940185546875,295.1024475097656,430.1958923339844,9.5,ProximaNova-Bold | ProximaNova-Light,20,612.0,792.0,A. Half Stories in Roof. See 14.20.10 . F for definition of half,False,True,Paragraph,lettered_or_numbered,0.55,lettered_or_numbered_paragraph_marker,,4,bridgeport-connecticut-afe7c678fa5dfc85-node-000241
bridgeport-connecticut-afe7c678fa5dfc85,97,14,0,(1) The occupiable footprint of half stories in the roof is,62.82809829711914,449.44940185546875,295.7181396484375,463.1958923339844,9.5,ProximaNova-Bold | ProximaNova-Light,20,612.0,792.0,(1) The occupiable footprint of half stories in the roof is,False,True,Paragraph,lettered_or_numbered,0.55,lettered_or_numbered_paragraph_marker,,4,bridgeport-connecticut-afe7c678fa5dfc85-node-000242
bridgeport-connecticut-afe7c678fa5dfc85,97,16,0,(2) Dormers or gabled ends of roofs on half stories are,62.82809829711914,494.44940185546875,294.6921081542969,508.1958923339844,9.5,ProximaNova-Bold | ProximaNova-Light,20,612.0,792.0,(2) Dormers or gabled ends of roofs on half stories are,False,True,Paragraph,lettered_or_numbered,0.55,lettered_or_numbered_paragraph_marker,,4,bridgeport-connecticut-afe7c678fa5dfc85-node-000243
bridgeport-connecticut-afe7c678fa5dfc85,97,18,0,B. [reserved],44.82809829711914,563.4494018554688,105.7206039428711,577.1958618164062,9.5,ProximaNova-Bold,20,612.0,792.0,B. [reserved],False,True,Paragraph,lettered_or_numbered,0.55,lettered_or_numbered_paragraph_marker,,4,bridgeport-connecticut-afe7c678fa5dfc85-node-000244
bridgeport-connecticut-afe7c678fa5dfc85,99,0,1,3.120 House D Building Type,386.6365051269531,41.37941360473633,575.2557983398438,61.637413024902344,14.0,ProximaNova-Bold,20,612.0,792.0,3.120 House D Building Type,False,True,Section,section,0.9,decimal_pattern=section (N.MM),3.120,2,bridgeport-connecticut-afe7c678fa5dfc85-node-000245
bridgeport-connecticut-afe7c678fa5dfc85,100,18,0,3.120.4. BUILDING LOCATION. See Figure 3.120-B,43.208099365234375,380.80401611328125,243.590087890625,393.8270263671875,9.0,ProximaNova-Bold | ProximaNova-Light | ProximaNova-Semibold,20,612.0,792.0,3.120.4. BUILDING LOCATION. See Figure 3.120-B,False,True,Subsection,subsection,0.8500000000000001,decimal_pattern=subsection,3.120.4,3,bridgeport-connecticut-afe7c678fa5dfc85-node-000246
bridgeport-connecticut-afe7c678fa5dfc85,101,16,0,3.120.5. PARKING & ACCESSORY STRUCTURES. See Figure 3.120-C,47.708099365234375,381.0115051269531,321.3764343261719,394.0345153808594,9.0,ProximaNova-Bold | ProximaNova-Light | ProximaNova-Semibold,20,612.0,792.0,3.120.5. PARKING & ACCESSORY STRUCTURES. See Figure 3.120-C,False,True,Subsection,subsection,0.8500000000000001,decimal_pattern=subsection,3.120.5,3,bridgeport-connecticut-afe7c678fa5dfc85-node-000247
bridgeport-connecticut-afe7c678fa5dfc85,102,14,0,3.120.6. HEIGHT. See Figure 3.120-D,42.89929962158203,379.09149169921875,187.72488403320312,392.114501953125,9.0,ProximaNova-Bold | ProximaNova-Light | ProximaNova-Semibold,20,612.0,792.0,3.120.6. HEIGHT. See Figure 3.120-D,False,True,Subsection,subsection,0.8500000000000001,decimal_pattern=subsection,3.120.6,3,bridgeport-connecticut-afe7c678fa5dfc85-node-000248
bridgeport-connecticut-afe7c678fa5dfc85,102,17,0,3.120.7. ROOFS. See Figure 3.120-D,42.89929962158203,472.2369079589844,183.9993896484375,485.2599182128906,9.0,ProximaNova-Bold | ProximaNova-Light | ProximaNova-Semibold,20,612.0,792.0,3.120.7. ROOFS. See Figure 3.120-D,False,True,Subsection,subsection,0.8500000000000001,decimal_pattern=subsection,3.120.7,3,bridgeport-connecticut-afe7c678fa5dfc85-node-000249
bridgeport-connecticut-afe7c678fa5dfc85,103,13,0,3.120.8. PRIMARY & NON-PRIMARY FACADES. See Figure 3.100-E,48.05189895629883,381.59649658203125,313.9080810546875,394.6195068359375,9.0,ProximaNova-Bold | ProximaNova-Light | ProximaNova-Semibold,20,612.0,792.0,3.120.8. PRIMARY & NON-PRIMARY FACADES. See Figure 3.100-E,False,True,Subsection,subsection,0.8500000000000001,decimal_pattern=subsection,3.120.8,3,bridgeport-connecticut-afe7c678fa5dfc85-node-000250
bridgeport-connecticut-afe7c678fa5dfc85,104,3,0,"3.120.9. ALLOWED USES. See Article 4.0 for use definitions, specific use limitations, and other use-related regulations.",43.25410079956055,116.27392578125,504.4986267089844,129.2969207763672,9.0,ProximaNova-Bold | ProximaNova-Light | ProximaNova-Semibold,20,612.0,792.0,"3.120.9. ALLOWED USES. See Article 4.0 for use definitions, specific use limitations, and other use-related regulations.",False,True,Subsection,subsection,0.8500000000000001,decimal_pattern=subsection,3.120.9,3,bridgeport-connecticut-afe7c678fa5dfc85-node-000251
bridgeport-connecticut-afe7c678fa5dfc85,105,12,0,3.120.10 SUPPLEMENTAL REGULATIONS,44.84000015258789,400.3099060058594,236.62896728515625,414.7799072265625,10.0,ProximaNova-Bold,20,612.0,792.0,3.120.10 SUPPLEMENTAL REGULATIONS,False,True,Subsection,subsection,0.8500000000000001,decimal_pattern=subsection,3.120.10,3,bridgeport-connecticut-afe7c678fa5dfc85-node-000252
bridgeport-connecticut-afe7c678fa5dfc85,105,12,1,A. [reserved],44.63999938964844,412.84942626953125,108.21150970458984,426.5959167480469,9.5,ProximaNova-Bold,20,612.0,792.0,A. [reserved],False,True,Paragraph,lettered_or_numbered,0.55,lettered_or_numbered_paragraph_marker,,4,bridgeport-connecticut-afe7c678fa5dfc85-node-000253
bridgeport-connecticut-afe7c678fa5dfc85,107,0,1,3.130 Workshop Building Type,377.46649169921875,41.37941360473633,575.2557373046875,61.637413024902344,14.0,ProximaNova-Bold,20,612.0,792.0,3.130 Workshop Building Type,False,True,Section,section,0.9,decimal_pattern=section (N.MM),3.130,2,bridgeport-connecticut-afe7c678fa5dfc85-node-000254
bridgeport-connecticut-afe7c678fa5dfc85,108,23,0,3.130.4. BUILDING LOCATION. See Figure 3.50-B,41.7599983215332,397.5238952636719,239.80288696289062,410.5469055175781,9.0,ProximaNova-Bold | ProximaNova-Light | ProximaNova-Semibold,20,612.0,792.0,3.130.4. BUILDING LOCATION. See Figure 3.50-B,False,True,Subsection,subsection,0.8500000000000001,decimal_pattern=subsection,3.130.4,3,bridgeport-connecticut-afe7c678fa5dfc85-node-000255
bridgeport-connecticut-afe7c678fa5dfc85,109,25,0,3.130.5. PARKING & ACCESSORY STRUCTURES. See Figure 3.50-C .,47.439998626708984,393.1325988769531,320.739013671875,406.1556091308594,9.0,ProximaNova-Bold | ProximaNova-Light | ProximaNova-Semibold,20,612.0,792.0,3.130.5. PARKING & ACCESSORY STRUCTURES. See Figure 3.50-C .,False,True,Subsection,subsection,0.8500000000000001,decimal_pattern=subsection,3.130.5,3,bridgeport-connecticut-afe7c678fa5dfc85-node-000256
bridgeport-connecticut-afe7c678fa5dfc85,110,14,0,3.130.6. HEIGHT. See Figure 3.50-D,43.208099365234375,378.7514953613281,185.69468688964844,391.7745056152344,9.0,ProximaNova-Bold | ProximaNova-Light | ProximaNova-Semibold,20,612.0,792.0,3.130.6. HEIGHT. See Figure 3.50-D,False,True,Subsection,subsection,0.8500000000000001,decimal_pattern=subsection,3.130.6,3,bridgeport-connecticut-afe7c678fa5dfc85-node-000257
bridgeport-connecticut-afe7c678fa5dfc85,110,18,0,3.130.7. ROOFS. See Figure 3.50-D,43.208099365234375,503.35003662109375,181.96908569335938,516.373046875,9.0,ProximaNova-Bold | ProximaNova-Light | ProximaNova-Semibold,20,612.0,792.0,3.130.7. ROOFS. See Figure 3.50-D,False,True,Subsection,subsection,0.8500000000000001,decimal_pattern=subsection,3.130.7,3,bridgeport-connecticut-afe7c678fa5dfc85-node-000258
bridgeport-connecticut-afe7c678fa5dfc85,111,12,0,3.130.8. PRIMARY & NON-PRIMARY FACADES. Figure 3.50-E,48.54410171508789,381.25640869140625,294.06170654296875,394.2794189453125,9.0,ProximaNova-Bold | ProximaNova-Light | ProximaNova-Semibold,20,612.0,792.0,3.130.8. PRIMARY & NON-PRIMARY FACADES. Figure 3.50-E,False,True,Subsection,subsection,0.8500000000000001,decimal_pattern=subsection,3.130.8,3,bridgeport-connecticut-afe7c678fa5dfc85-node-000259
bridgeport-connecticut-afe7c678fa5dfc85,112,3,0,"3.130.9. ALLOWED USES. See Article 4.0 for use definitions, specific use limitations, and other use-related regulations.",43.12820053100586,124.373779296875,504.1837158203125,137.3967742919922,9.0,ProximaNova-Bold | ProximaNova-Light | ProximaNova-Semibold,20,612.0,792.0,"3.130.9. ALLOWED USES. See Article 4.0 for use definitions, specific use limitations, and other use-related regulations.",False,True,Subsection,subsection,0.8500000000000001,decimal_pattern=subsection,3.130.9,3,bridgeport-connecticut-afe7c678fa5dfc85-node-000260
bridgeport-connecticut-afe7c678fa5dfc85,113,12,0,3.130.10 SUPPLEMENTAL REGULATIONS,45.560001373291016,393.1098937988281,237.34896850585938,407.57989501953125,10.0,ProximaNova-Bold,20,612.0,792.0,3.130.10 SUPPLEMENTAL REGULATIONS,False,True,Subsection,subsection,0.8500000000000001,decimal_pattern=subsection,3.130.10,3,bridgeport-connecticut-afe7c678fa5dfc85-node-000261
bridgeport-connecticut-afe7c678fa5dfc85,113,12,1,A. [reserved],45.36000061035156,405.6494140625,106.25251007080078,419.3959045410156,9.5,ProximaNova-Bold,20,612.0,792.0,A. [reserved],False,True,Paragraph,lettered_or_numbered,0.55,lettered_or_numbered_paragraph_marker,,4,bridgeport-connecticut-afe7c678fa5dfc85-node-000262
bridgeport-connecticut-afe7c678fa5dfc85,115,0,1,3.140 Civic Building Type,410.2403869628906,41.37941360473633,575.2570190429688,61.637413024902344,14.0,ProximaNova-Bold,20,612.0,792.0,3.140 Civic Building Type,False,True,Section,section,0.9,decimal_pattern=section (N.MM),3.140,2,bridgeport-connecticut-afe7c678fa5dfc85-node-000263
bridgeport-connecticut-afe7c678fa5dfc85,116,21,0,3.140.4. BUILDING LOCATION. See Figure 3.50-B,42.52000045776367,424.06390380859375,240.61688232421875,437.0869140625,9.0,ProximaNova-Bold | ProximaNova-Light | ProximaNova-Semibold,20,612.0,792.0,3.140.4. BUILDING LOCATION. See Figure 3.50-B,False,True,Subsection,subsection,0.8500000000000001,decimal_pattern=subsection,3.140.4,3,bridgeport-connecticut-afe7c678fa5dfc85-node-000264
bridgeport-connecticut-afe7c678fa5dfc85,117,22,0,3.140.5. PARKING & ACCESSORY STRUCTURES. See Figure 3.50-C .,47.02000045776367,423.99261474609375,320.3730163574219,437.015625,9.0,ProximaNova-Bold | ProximaNova-Light | ProximaNova-Semibold,20,612.0,792.0,3.140.5. PARKING & ACCESSORY STRUCTURES. See Figure 3.50-C .,False,True,Subsection,subsection,0.8500000000000001,decimal_pattern=subsection,3.140.5,3,bridgeport-connecticut-afe7c678fa5dfc85-node-000265
bridgeport-connecticut-afe7c678fa5dfc85,118,22,0,3.140.6. HEIGHT. See Figure 3.50-D,43.208099365234375,391.2113952636719,185.7485809326172,404.2344055175781,9.0,ProximaNova-Bold | ProximaNova-Light | ProximaNova-Semibold,20,612.0,792.0,3.140.6. HEIGHT. See Figure 3.50-D,False,True,Subsection,subsection,0.8500000000000001,decimal_pattern=subsection,3.140.6,3,bridgeport-connecticut-afe7c678fa5dfc85-node-000266
bridgeport-connecticut-afe7c678fa5dfc85,118,31,0,3.140.7. ROOFS. See Figure 3.50-D,43.208099365234375,578.3897094726562,182.02308654785156,591.4127197265625,9.0,ProximaNova-Bold | ProximaNova-Light | ProximaNova-Semibold,20,612.0,792.0,3.140.7. ROOFS. See Figure 3.50-D,False,True,Subsection,subsection,0.8500000000000001,decimal_pattern=subsection,3.140.7,3,bridgeport-connecticut-afe7c678fa5dfc85-node-000267
bridgeport-connecticut-afe7c678fa5dfc85,119,21,0,3.140.8. PRIMARY & NON-PRIMARY FACADES. Figure 3.50-E,47.708099365234375,393.7164001464844,293.27972412109375,406.7394104003906,9.0,ProximaNova-Bold | ProximaNova-Light | ProximaNova-Semibold,20,612.0,792.0,3.140.8. PRIMARY & NON-PRIMARY FACADES. Figure 3.50-E,False,True,Subsection,subsection,0.8500000000000001,decimal_pattern=subsection,3.140.8,3,bridgeport-connecticut-afe7c678fa5dfc85-node-000268
bridgeport-connecticut-afe7c678fa5dfc85,120,8,0,"3.140.9. ALLOWED USES. See Article 4.0 for use definitions, specific use limitations, and other use-related regulations.",43.208099365234375,134.49847412109375,504.3177185058594,147.52146911621094,9.0,ProximaNova-Bold | ProximaNova-Light | ProximaNova-Semibold,20,612.0,792.0,"3.140.9. ALLOWED USES. See Article 4.0 for use definitions, specific use limitations, and other use-related regulations.",False,True,Subsection,subsection,0.8500000000000001,decimal_pattern=subsection,3.140.9,3,bridgeport-connecticut-afe7c678fa5dfc85-node-000269
bridgeport-connecticut-afe7c678fa5dfc85,121,17,0,3.140.10 SUPPLEMENTAL REGULATIONS,45.560001373291016,393.1098937988281,237.34896850585938,407.57989501953125,10.0,ProximaNova-Bold,20,612.0,792.0,3.140.10 SUPPLEMENTAL REGULATIONS,False,True,Subsection,subsection,0.8500000000000001,decimal_pattern=subsection,3.140.10,3,bridgeport-connecticut-afe7c678fa5dfc85-node-000270
bridgeport-connecticut-afe7c678fa5dfc85,121,17,1,A. P3 Development Plan Requirements. The use of the,45.36000061035156,405.6494140625,286.9002380371094,419.3959045410156,9.5,ProximaNova-Bold | ProximaNova-Light,20,612.0,792.0,A. P3 Development Plan Requirements. The use of the,False,True,Paragraph,lettered_or_numbered,0.55,lettered_or_numbered_paragraph_marker,,4,bridgeport-connecticut-afe7c678fa5dfc85-node-000271
bridgeport-connecticut-afe7c678fa5dfc85,121,19,0,(1) Intent. The P3 development plan and the use of the,63.36000061035156,450.6494140625,296.0980224609375,464.3959045410156,9.5,ProximaNova-Bold | ProximaNova-Light,20,612.0,792.0,(1) Intent. The P3 development plan and the use of the,False,True,Paragraph,lettered_or_numbered,0.55,lettered_or_numbered_paragraph_marker,,4,bridgeport-connecticut-afe7c678fa5dfc85-node-000272
bridgeport-connecticut-afe7c678fa5dfc85,121,21,0,(4) Building Layout. The PZC may approve other,337.95001220703125,486.2544250488281,542.85302734375,500.00091552734375,9.5,ProximaNova-Bold | ProximaNova-Light,20,612.0,792.0,(4) Building Layout. The PZC may approve other,False,True,Paragraph,lettered_or_numbered,0.55,lettered_or_numbered_paragraph_marker,,4,bridgeport-connecticut-afe7c678fa5dfc85-node-000273
bridgeport-connecticut-afe7c678fa5dfc85,121,25,0,(2) Campus Layout. The development plan establishes,63.36000061035156,531.6494140625,294.18756103515625,545.3958740234375,9.5,ProximaNova-Bold | ProximaNova-Light,20,612.0,792.0,(2) Campus Layout. The development plan establishes,False,True,Paragraph,lettered_or_numbered,0.55,lettered_or_numbered_paragraph_marker,,4,bridgeport-connecticut-afe7c678fa5dfc85-node-000274
bridgeport-connecticut-afe7c678fa5dfc85,121,37,0,(3) Primary Frontages. The development plan must,63.36000061035156,704.1494140625,278.6370544433594,717.8958740234375,9.5,ProximaNova-Bold | ProximaNova-Light,20,612.0,792.0,(3) Primary Frontages. The development plan must,False,True,Paragraph,lettered_or_numbered,0.55,lettered_or_numbered_paragraph_marker,,4,bridgeport-connecticut-afe7c678fa5dfc85-node-000275
bridgeport-connecticut-afe7c678fa5dfc85,122,1,0,(5) Parking and Accessory Structures. The location of,58.5,82.75437927246094,283.4100341796875,96.50088500976562,9.5,ProximaNova-Bold | ProximaNova-Light,20,612.0,792.0,(5) Parking and Accessory Structures. The location of,False,True,Paragraph,lettered_or_numbered,0.55,lettered_or_numbered_paragraph_marker,,4,bridgeport-connecticut-afe7c678fa5dfc85-node-000276
bridgeport-connecticut-afe7c678fa5dfc85,122,9,0,(6) Height. Heights in stories for the buildings shown,58.5,267.25439453125,281.1585388183594,281.0008850097656,9.5,ProximaNova-Bold | ProximaNova-Light,20,612.0,792.0,(6) Height. Heights in stories for the buildings shown,False,True,Paragraph,lettered_or_numbered,0.55,lettered_or_numbered_paragraph_marker,,4,bridgeport-connecticut-afe7c678fa5dfc85-node-000277
bridgeport-connecticut-afe7c678fa5dfc85,122,11,0,(7) Facades. The regulations in 3.140.8 represent the,58.5,372.2544250488281,281.14263916015625,386.00091552734375,9.5,ProximaNova-Bold | ProximaNova-Light,20,612.0,792.0,(7) Facades. The regulations in 3.140.8 represent the,False,True,Paragraph,lettered_or_numbered,0.55,lettered_or_numbered_paragraph_marker,,4,bridgeport-connecticut-afe7c678fa5dfc85-node-000278
bridgeport-connecticut-afe7c678fa5dfc85,122,13,0,(8) Uses. The campus plan must define the anticipated,58.5,429.2544250488281,289.907958984375,443.00091552734375,9.5,ProximaNova-Bold | ProximaNova-Light,20,612.0,792.0,(8) Uses. The campus plan must define the anticipated,False,True,Paragraph,lettered_or_numbered,0.55,lettered_or_numbered_paragraph_marker,,4,bridgeport-connecticut-afe7c678fa5dfc85-node-000279
bridgeport-connecticut-afe7c678fa5dfc85,122,15,0,B. [reserved],40.5,474.2544250488281,101.39250946044922,488.00091552734375,9.5,ProximaNova-Bold,20,612.0,792.0,B. [reserved],False,True,Paragraph,lettered_or_numbered,0.55,lettered_or_numbered_paragraph_marker,,4,bridgeport-connecticut-afe7c678fa5dfc85-node-000280
bridgeport-connecticut-afe7c678fa5dfc85,123,0,1,3.150 Patio Outdoor Site,414.3277893066406,41.37941360473633,575.2577514648438,61.637413024902344,14.0,ProximaNova-Bold,20,612.0,792.0,3.150 Patio Outdoor Site,False,True,Section,section,0.9,decimal_pattern=section (N.MM),3.150,2,bridgeport-connecticut-afe7c678fa5dfc85-node-000281
bridgeport-connecticut-afe7c678fa5dfc85,124,3,0,3.150.3. SITE REGULATIONS. See Figure 3.50-B,43.7400016784668,119.42401123046875,237.6606903076172,132.44700622558594,9.0,ProximaNova-Bold | ProximaNova-Light | ProximaNova-Semibold,20,612.0,792.0,3.150.3. SITE REGULATIONS. See Figure 3.50-B,False,True,Subsection,subsection,0.8500000000000001,decimal_pattern=subsection,3.150.3,3,bridgeport-connecticut-afe7c678fa5dfc85-node-000282
bridgeport-connecticut-afe7c678fa5dfc85,124,11,0,3.150.4. OPTIONAL KIOSK BUILDING SITING REGULATIONS. See Figure 3.50-B,43.7400016784668,253.6239013671875,364.95458984375,266.64691162109375,9.0,ProximaNova-Bold | ProximaNova-Light | ProximaNova-Semibold,20,612.0,792.0,3.150.4. OPTIONAL KIOSK BUILDING SITING REGULATIONS. See Figure 3.50-B,False,True,Subsection,subsection,0.8500000000000001,decimal_pattern=subsection,3.150.4,3,bridgeport-connecticut-afe7c678fa5dfc85-node-000283
bridgeport-connecticut-afe7c678fa5dfc85,124,27,0,3.150.5. OPTIONAL TEMPORARY BUILDING SITING REGULATIONS. See Figure 3.50-B,43.7400016784668,489.6105041503906,392.989501953125,502.6335144042969,9.0,ProximaNova-Bold | ProximaNova-Light | ProximaNova-Semibold,20,612.0,792.0,3.150.5. OPTIONAL TEMPORARY BUILDING SITING REGULATIONS. See Figure 3.50-B,False,True,Subsection,subsection,0.8500000000000001,decimal_pattern=subsection,3.150.5,3,bridgeport-connecticut-afe7c678fa5dfc85-node-000284
bridgeport-connecticut-afe7c678fa5dfc85,125,4,0,3.150.6. PARKING AND ACCESSORY STRUCTURES. See Figure 3.50-B,47.574100494384766,119.35272216796875,331.989013671875,132.37571716308594,9.0,ProximaNova-Bold | ProximaNova-Light | ProximaNova-Semibold,20,612.0,792.0,3.150.6. PARKING AND ACCESSORY STRUCTURES. See Figure 3.50-B,False,True,Subsection,subsection,0.8500000000000001,decimal_pattern=subsection,3.150.6,3,bridgeport-connecticut-afe7c678fa5dfc85-node-000285
bridgeport-connecticut-afe7c678fa5dfc85,126,3,0,"3.150.7. ALLOWED USES. See Article 4.0 for use definitions, specific use limitations, and other use-related regulations.",43.7400016784668,116.27392578125,503.14874267578125,129.2969207763672,9.0,ProximaNova-Bold | ProximaNova-Light | ProximaNova-Semibold,20,612.0,792.0,"3.150.7. ALLOWED USES. See Article 4.0 for use definitions, specific use limitations, and other use-related regulations.",False,True,Subsection,subsection,0.8500000000000001,decimal_pattern=subsection,3.150.7,3,bridgeport-connecticut-afe7c678fa5dfc85-node-000286
bridgeport-connecticut-afe7c678fa5dfc85,127,12,2,A. [reserved],44.82809829711914,402.09942626953125,108.39961242675781,415.8459167480469,9.5,ProximaNova-Bold,20,612.0,792.0,A. [reserved],False,True,Paragraph,lettered_or_numbered,0.55,lettered_or_numbered_paragraph_marker,,4,bridgeport-connecticut-afe7c678fa5dfc85-node-000287
bridgeport-connecticut-afe7c678fa5dfc85,129,0,1,3.160 Open Outdoor Site,411.94781494140625,41.37941360473633,575.2578125,61.637413024902344,14.0,ProximaNova-Bold,20,612.0,792.0,3.160 Open Outdoor Site,False,True,Section,section,0.9,decimal_pattern=section (N.MM),3.160,2,bridgeport-connecticut-afe7c678fa5dfc85-node-000288
bridgeport-connecticut-afe7c678fa5dfc85,130,3,0,3.160.3. SITE REGULATIONS. See Figure 3.50-B,43.7400016784668,117.67901611328125,237.66969299316406,130.70201110839844,9.0,ProximaNova-Bold | ProximaNova-Light | ProximaNova-Semibold,20,612.0,792.0,3.160.3. SITE REGULATIONS. See Figure 3.50-B,False,True,Subsection,subsection,0.8500000000000001,decimal_pattern=subsection,3.160.3,3,bridgeport-connecticut-afe7c678fa5dfc85-node-000289
bridgeport-connecticut-afe7c678fa5dfc85,130,6,0,3.160.4. OPTIONAL KIOSK BUILDING SITING REGULATIONS. See Figure 3.50-B,43.7400016784668,201.81292724609375,364.96368408203125,214.83592224121094,9.0,ProximaNova-Bold | ProximaNova-Light | ProximaNova-Semibold,20,612.0,792.0,3.160.4. OPTIONAL KIOSK BUILDING SITING REGULATIONS. See Figure 3.50-B,False,True,Subsection,subsection,0.8500000000000001,decimal_pattern=subsection,3.160.4,3,bridgeport-connecticut-afe7c678fa5dfc85-node-000290
bridgeport-connecticut-afe7c678fa5dfc85,130,23,0,3.160.5. OPTIONAL TEMPORARY BUILDING SITING REGULATIONS. See Figure 3.50-B,43.739898681640625,489.6731872558594,392.99847412109375,502.6961975097656,9.0,ProximaNova-Bold | ProximaNova-Light | ProximaNova-Semibold,20,612.0,792.0,3.160.5. OPTIONAL TEMPORARY BUILDING SITING REGULATIONS. See Figure 3.50-B,False,True,Subsection,subsection,0.8500000000000001,decimal_pattern=subsection,3.160.5,3,bridgeport-connecticut-afe7c678fa5dfc85-node-000291
bridgeport-connecticut-afe7c678fa5dfc85,131,6,0,3.160.6. PARKING AND ACCESSORY STRUCTURES. See Figure 3.50-B,47.880001068115234,119.35272216796875,332.30401611328125,132.37571716308594,9.0,ProximaNova-Bold | ProximaNova-Light | ProximaNova-Semibold,20,612.0,792.0,3.160.6. PARKING AND ACCESSORY STRUCTURES. See Figure 3.50-B,False,True,Subsection,subsection,0.8500000000000001,decimal_pattern=subsection,3.160.6,3,bridgeport-connecticut-afe7c678fa5dfc85-node-000292
bridgeport-connecticut-afe7c678fa5dfc85,132,3,0,"3.160.7. ALLOWED USES. See Article 4.0 for use definitions, specific use limitations, and other use-related regulations.",43.7400016784668,116.27392578125,503.1577453613281,129.2969207763672,9.0,ProximaNova-Bold | ProximaNova-Light | ProximaNova-Semibold,20,612.0,792.0,"3.160.7. ALLOWED USES. See Article 4.0 for use definitions, specific use limitations, and other use-related regulations.",False,True,Subsection,subsection,0.8500000000000001,decimal_pattern=subsection,3.160.7,3,bridgeport-connecticut-afe7c678fa5dfc85-node-000293
bridgeport-connecticut-afe7c678fa5dfc85,133,12,2,A. [reserved],45.36000061035156,410.6894226074219,108.93151092529297,424.4359130859375,9.5,ProximaNova-Bold,20,612.0,792.0,A. [reserved],False,True,Paragraph,lettered_or_numbered,0.55,lettered_or_numbered_paragraph_marker,,4,bridgeport-connecticut-afe7c678fa5dfc85-node-000294
bridgeport-connecticut-afe7c678fa5dfc85,134,0,1,3.170 Accessory Structures,40.5,41.37941360473633,217.6265869140625,61.637413024902344,14.0,ProximaNova-Bold,20,612.0,792.0,3.170 Accessory Structures,False,True,Section,section,0.9,decimal_pattern=section (N.MM),3.170,2,bridgeport-connecticut-afe7c678fa5dfc85-node-000295
bridgeport-connecticut-afe7c678fa5dfc85,134,1,0,E. Utilities. All utilities for the backyard cottage must feed,315.45001220703125,82.75437927246094,562.4942016601562,96.50088500976562,9.5,ProximaNova-Bold | ProximaNova-Light,20,612.0,792.0,E. Utilities. All utilities for the backyard cottage must feed,False,True,Paragraph,lettered_or_numbered,0.55,lettered_or_numbered_paragraph_marker,,4,bridgeport-connecticut-afe7c678fa5dfc85-node-000296
bridgeport-connecticut-afe7c678fa5dfc85,134,6,0,(1) Allowed uses in backyard cottages include any uses,333.45001220703125,148.75437927246094,569.4653930664062,162.50088500976562,9.5,ProximaNova-Bold | ProximaNova-Light,20,612.0,792.0,(1) Allowed uses in backyard cottages include any uses,False,True,Paragraph,lettered_or_numbered,0.55,lettered_or_numbered_paragraph_marker,,4,bridgeport-connecticut-afe7c678fa5dfc85-node-000297
bridgeport-connecticut-afe7c678fa5dfc85,134,7,0,A. Compliance with Building Type Accessory Structure,40.5,162.7294158935547,284.0775451660156,176.47592163085938,9.5,ProximaNova-Bold,20,612.0,792.0,A. Compliance with Building Type Accessory Structure,False,True,Paragraph,lettered_or_numbered,0.55,lettered_or_numbered_paragraph_marker,,4,bridgeport-connecticut-afe7c678fa5dfc85-node-000298
bridgeport-connecticut-afe7c678fa5dfc85,134,9,0,(2) Only one accessory apartment use is allowed in a,333.45001220703125,205.75437927246094,558.9777221679688,219.50088500976562,9.5,ProximaNova-Bold | ProximaNova-Light,20,612.0,792.0,(2) Only one accessory apartment use is allowed in a,False,True,Paragraph,lettered_or_numbered,0.55,lettered_or_numbered_paragraph_marker,,4,bridgeport-connecticut-afe7c678fa5dfc85-node-000299
bridgeport-connecticut-afe7c678fa5dfc85,134,12,0,B. Compliance with Any Zone Regulations. Accessory,40.5,231.7294158935547,278.46417236328125,245.47592163085938,9.5,ProximaNova-Bold | ProximaNova-Light,20,612.0,792.0,B. Compliance with Any Zone Regulations. Accessory,False,True,Paragraph,lettered_or_numbered,0.55,lettered_or_numbered_paragraph_marker,,4,bridgeport-connecticut-afe7c678fa5dfc85-node-000300
bridgeport-connecticut-afe7c678fa5dfc85,134,13,0,G. Sale of Backyard Cottage. Backyard cottages shall not,315.45001220703125,238.75437927246094,564.2586669921875,252.50088500976562,9.5,ProximaNova-Bold | ProximaNova-Light,20,612.0,792.0,G. Sale of Backyard Cottage. Backyard cottages shall not,False,True,Paragraph,lettered_or_numbered,0.55,lettered_or_numbered_paragraph_marker,,4,bridgeport-connecticut-afe7c678fa5dfc85-node-000301
bridgeport-connecticut-afe7c678fa5dfc85,134,16,2,"A. Description. A fully enclosed, unconditioned building",315.45001220703125,283.7544250488281,555.1221313476562,297.50091552734375,9.5,ProximaNova-Bold | ProximaNova-Light,20,612.0,792.0,"A. Description. A fully enclosed, unconditioned building",False,True,Paragraph,lettered_or_numbered,0.55,lettered_or_numbered_paragraph_marker,,4,bridgeport-connecticut-afe7c678fa5dfc85-node-000302
bridgeport-connecticut-afe7c678fa5dfc85,134,17,2,A. Description. A backyard cottage is a small accessory,40.5,300.7294006347656,280.3619384765625,314.47589111328125,9.5,ProximaNova-Bold | ProximaNova-Light,20,612.0,792.0,A. Description. A backyard cottage is a small accessory,False,True,Paragraph,lettered_or_numbered,0.55,lettered_or_numbered_paragraph_marker,,4,bridgeport-connecticut-afe7c678fa5dfc85-node-000303
bridgeport-connecticut-afe7c678fa5dfc85,134,20,0,B. Allowed per Building Type. The accessory structure,40.5,369.7294006347656,278.2218017578125,383.47589111328125,9.5,ProximaNova-Bold | ProximaNova-Light,20,612.0,792.0,B. Allowed per Building Type. The accessory structure,False,True,Paragraph,lettered_or_numbered,0.55,lettered_or_numbered_paragraph_marker,,4,bridgeport-connecticut-afe7c678fa5dfc85-node-000304
bridgeport-connecticut-afe7c678fa5dfc85,134,21,0,B. Where Allowed. The accessory structure tables for each,315.45001220703125,376.7544250488281,569.4537963867188,390.50091552734375,9.5,ProximaNova-Bold | ProximaNova-Light,20,612.0,792.0,B. Where Allowed. The accessory structure tables for each,False,True,Paragraph,lettered_or_numbered,0.55,lettered_or_numbered_paragraph_marker,,4,bridgeport-connecticut-afe7c678fa5dfc85-node-000305
bridgeport-connecticut-afe7c678fa5dfc85,134,24,0,C. Number. No more than one backyard cottage is,40.5,414.7294006347656,258.7310791015625,428.47589111328125,9.5,ProximaNova-Bold | ProximaNova-Light,20,612.0,792.0,C. Number. No more than one backyard cottage is,False,True,Paragraph,lettered_or_numbered,0.55,lettered_or_numbered_paragraph_marker,,4,bridgeport-connecticut-afe7c678fa5dfc85-node-000306
bridgeport-connecticut-afe7c678fa5dfc85,134,25,0,C. Allowed Uses. Allowed uses in outbuildings and,315.45001220703125,421.7544250488281,536.0045166015625,435.50091552734375,9.5,ProximaNova-Bold | ProximaNova-Light,20,612.0,792.0,C. Allowed Uses. Allowed uses in outbuildings and,False,True,Paragraph,lettered_or_numbered,0.55,lettered_or_numbered_paragraph_marker,,4,bridgeport-connecticut-afe7c678fa5dfc85-node-000307
bridgeport-connecticut-afe7c678fa5dfc85,134,28,0,D. Additional Lot and Building Regulations,40.5,447.7294006347656,229.5655975341797,461.47589111328125,9.5,ProximaNova-Bold,20,612.0,792.0,D. Additional Lot and Building Regulations,False,True,Paragraph,lettered_or_numbered,0.55,lettered_or_numbered_paragraph_marker,,4,bridgeport-connecticut-afe7c678fa5dfc85-node-000308
bridgeport-connecticut-afe7c678fa5dfc85,134,29,0,D. Site Coverage. All outbuildings and garages contribute,315.45001220703125,466.7544250488281,563.3927001953125,480.50091552734375,9.5,ProximaNova-Bold | ProximaNova-Light,20,612.0,792.0,D. Site Coverage. All outbuildings and garages contribute,False,True,Paragraph,lettered_or_numbered,0.55,lettered_or_numbered_paragraph_marker,,4,bridgeport-connecticut-afe7c678fa5dfc85-node-000309
bridgeport-connecticut-afe7c678fa5dfc85,134,30,0,"(1) Height. The maximum height is one story or, where",58.5,468.7294006347656,290.4584655761719,482.47589111328125,9.5,ProximaNova-Bold | ProximaNova-Light,20,612.0,792.0,"(1) Height. The maximum height is one story or, where",False,True,Paragraph,lettered_or_numbered,0.55,lettered_or_numbered_paragraph_marker,,4,bridgeport-connecticut-afe7c678fa5dfc85-node-000310
bridgeport-connecticut-afe7c678fa5dfc85,134,33,0,E. Height. The maximum height of the outbuilding is one,315.45001220703125,511.75439453125,558.8086547851562,525.5008544921875,9.5,ProximaNova-Bold | ProximaNova-Light,20,612.0,792.0,E. Height. The maximum height of the outbuilding is one,False,True,Paragraph,lettered_or_numbered,0.55,lettered_or_numbered_paragraph_marker,,4,bridgeport-connecticut-afe7c678fa5dfc85-node-000311
bridgeport-connecticut-afe7c678fa5dfc85,134,34,0,(2) Floor Area. Maximum floor area is 800 square feet,58.5,513.7293701171875,288.8868103027344,527.475830078125,9.5,ProximaNova-Bold | ProximaNova-Light,20,612.0,792.0,(2) Floor Area. Maximum floor area is 800 square feet,False,True,Paragraph,lettered_or_numbered,0.55,lettered_or_numbered_paragraph_marker,,4,bridgeport-connecticut-afe7c678fa5dfc85-node-000312
bridgeport-connecticut-afe7c678fa5dfc85,134,37,0,(3) Minimum Backyard Depth. Minimum 45-foot deep,58.5,558.7294311523438,289.5567321777344,572.4758911132812,9.5,ProximaNova-Bold | ProximaNova-Light,20,612.0,792.0,(3) Minimum Backyard Depth. Minimum 45-foot deep,False,True,Paragraph,lettered_or_numbered,0.55,lettered_or_numbered_paragraph_marker,,4,bridgeport-connecticut-afe7c678fa5dfc85-node-000313
bridgeport-connecticut-afe7c678fa5dfc85,134,40,0,(4) Spacing from Principal Building. Minimum 20 feet,58.5,603.7294311523438,289.40032958984375,617.4758911132812,9.5,ProximaNova-Bold | ProximaNova-Light,20,612.0,792.0,(4) Spacing from Principal Building. Minimum 20 feet,False,True,Paragraph,lettered_or_numbered,0.55,lettered_or_numbered_paragraph_marker,,4,bridgeport-connecticut-afe7c678fa5dfc85-node-000314
bridgeport-connecticut-afe7c678fa5dfc85,134,41,0,(1) Floor Area. The maximum floor area is 650 square,333.45001220703125,613.75439453125,563.6849365234375,627.5008544921875,9.5,ProximaNova-Bold | ProximaNova-Light,20,612.0,792.0,(1) Floor Area. The maximum floor area is 650 square,False,True,Paragraph,lettered_or_numbered,0.55,lettered_or_numbered_paragraph_marker,,4,bridgeport-connecticut-afe7c678fa5dfc85-node-000315
bridgeport-connecticut-afe7c678fa5dfc85,134,44,0,(5) Materials. The backyard cottage must utilize similar,58.5,648.7294311523438,291.284912109375,662.4758911132812,9.5,ProximaNova-Bold | ProximaNova-Light,20,612.0,792.0,(5) Materials. The backyard cottage must utilize similar,False,True,Paragraph,lettered_or_numbered,0.55,lettered_or_numbered_paragraph_marker,,4,bridgeport-connecticut-afe7c678fa5dfc85-node-000316
bridgeport-connecticut-afe7c678fa5dfc85,134,45,0,(2) Materials. The outbuilding or detached garage,333.45001220703125,658.75439453125,547.7764892578125,672.5008544921875,9.5,ProximaNova-Bold | ProximaNova-Light,20,612.0,792.0,(2) Materials. The outbuilding or detached garage,False,True,Paragraph,lettered_or_numbered,0.55,lettered_or_numbered_paragraph_marker,,4,bridgeport-connecticut-afe7c678fa5dfc85-node-000317
bridgeport-connecticut-afe7c678fa5dfc85,134,47,0,(6) Roof Type. The backyard cottage must utilize a roof,58.5,681.7294311523438,292.9150085449219,695.4758911132812,9.5,ProximaNova-Bold | ProximaNova-Light,20,612.0,792.0,(6) Roof Type. The backyard cottage must utilize a roof,False,True,Paragraph,lettered_or_numbered,0.55,lettered_or_numbered_paragraph_marker,,4,bridgeport-connecticut-afe7c678fa5dfc85-node-000318
bridgeport-connecticut-afe7c678fa5dfc85,135,1,0,(3) Roof Type. The outbuilding or detached garage,63.0,82.75437927246094,280.8375244140625,96.50088500976562,9.5,ProximaNova-Bold | ProximaNova-Light,20,612.0,792.0,(3) Roof Type. The outbuilding or detached garage,False,True,Paragraph,lettered_or_numbered,0.55,lettered_or_numbered_paragraph_marker,,4,bridgeport-connecticut-afe7c678fa5dfc85-node-000319
bridgeport-connecticut-afe7c678fa5dfc85,135,2,0,D. Additional Lot and Structure Regulations.,319.95001220703125,82.75437927246094,515.6618041992188,96.50088500976562,9.5,ProximaNova-Bold,20,612.0,792.0,D. Additional Lot and Structure Regulations.,False,True,Paragraph,lettered_or_numbered,0.55,lettered_or_numbered_paragraph_marker,,4,bridgeport-connecticut-afe7c678fa5dfc85-node-000320
bridgeport-connecticut-afe7c678fa5dfc85,135,3,0,(1) Setback. Parking structures must not extend closer,337.95001220703125,103.75437927246094,568.5966796875,117.50088500976562,9.5,ProximaNova-Bold | ProximaNova-Light,20,612.0,792.0,(1) Setback. Parking structures must not extend closer,False,True,Paragraph,lettered_or_numbered,0.55,lettered_or_numbered_paragraph_marker,,4,bridgeport-connecticut-afe7c678fa5dfc85-node-000321
bridgeport-connecticut-afe7c678fa5dfc85,135,6,0,"G. DX, MX, CX, RX2, IX, P2, and P3 Zone Regulations.",45.0,127.75437927246094,283.4427185058594,141.50088500976562,9.5,ProximaNova-Bold,20,612.0,792.0,"G. DX, MX, CX, RX2, IX, P2, and P3 Zone Regulations.",False,True,Paragraph,lettered_or_numbered,0.55,lettered_or_numbered_paragraph_marker,,4,bridgeport-connecticut-afe7c678fa5dfc85-node-000322
bridgeport-connecticut-afe7c678fa5dfc85,135,7,0,(2) Height. The overall height of a parking structure,337.95001220703125,148.75437927246094,557.2544555664062,162.50088500976562,9.5,ProximaNova-Bold | ProximaNova-Light,20,612.0,792.0,(2) Height. The overall height of a parking structure,False,True,Paragraph,lettered_or_numbered,0.55,lettered_or_numbered_paragraph_marker,,4,bridgeport-connecticut-afe7c678fa5dfc85-node-000323
bridgeport-connecticut-afe7c678fa5dfc85,135,10,0,(1) Floor Area. The maximum floor area is 50% of the,63.0,184.75437927246094,290.0523986816406,198.50088500976562,9.5,ProximaNova-Bold | ProximaNova-Light,20,612.0,792.0,(1) Floor Area. The maximum floor area is 50% of the,False,True,Paragraph,lettered_or_numbered,0.55,lettered_or_numbered_paragraph_marker,,4,bridgeport-connecticut-afe7c678fa5dfc85-node-000324
bridgeport-connecticut-afe7c678fa5dfc85,135,11,0,"(3) Facade Design. On non-primary frontages,",337.95001220703125,193.75437927246094,535.3055419921875,207.50088500976562,9.5,ProximaNova-Bold | ProximaNova-Light,20,612.0,792.0,"(3) Facade Design. On non-primary frontages,",False,True,Paragraph,lettered_or_numbered,0.55,lettered_or_numbered_paragraph_marker,,4,bridgeport-connecticut-afe7c678fa5dfc85-node-000325
bridgeport-connecticut-afe7c678fa5dfc85,135,13,0,(2) Materials. The outbuilding or detached garage,63.0,217.75437927246094,277.326416015625,231.50088500976562,9.5,ProximaNova-Bold | ProximaNova-Light,20,612.0,792.0,(2) Materials. The outbuilding or detached garage,False,True,Paragraph,lettered_or_numbered,0.55,lettered_or_numbered_paragraph_marker,,4,bridgeport-connecticut-afe7c678fa5dfc85-node-000326
bridgeport-connecticut-afe7c678fa5dfc85,135,16,0,(3) Roof Type. Outbuildings or detached garage must,63.0,262.75439453125,290.7555236816406,276.5008850097656,9.5,ProximaNova-Bold | ProximaNova-Light,20,612.0,792.0,(3) Roof Type. Outbuildings or detached garage must,False,True,Paragraph,lettered_or_numbered,0.55,lettered_or_numbered_paragraph_marker,,4,bridgeport-connecticut-afe7c678fa5dfc85-node-000327
bridgeport-connecticut-afe7c678fa5dfc85,135,17,2,A. Description. A drive-through facility is a structure or,319.95001220703125,262.75439453125,553.532470703125,276.5008850097656,9.5,ProximaNova-Bold | ProximaNova-Light,20,612.0,792.0,A. Description. A drive-through facility is a structure or,False,True,Paragraph,lettered_or_numbered,0.55,lettered_or_numbered_paragraph_marker,,4,bridgeport-connecticut-afe7c678fa5dfc85-node-000328
bridgeport-connecticut-afe7c678fa5dfc85,135,19,0,H. I Zone Regulations. The following applies in all IX and I,45.0,307.7544250488281,294.48712158203125,321.50091552734375,9.5,ProximaNova-Bold | ProximaNova-Light,20,612.0,792.0,H. I Zone Regulations. The following applies in all IX and I,False,True,Paragraph,lettered_or_numbered,0.55,lettered_or_numbered_paragraph_marker,,4,bridgeport-connecticut-afe7c678fa5dfc85-node-000329
bridgeport-connecticut-afe7c678fa5dfc85,135,22,0,B. Allowed per Building Type. The accessory structure,319.95001220703125,331.7544250488281,557.671875,345.50091552734375,9.5,ProximaNova-Bold | ProximaNova-Light,20,612.0,792.0,B. Allowed per Building Type. The accessory structure,False,True,Paragraph,lettered_or_numbered,0.55,lettered_or_numbered_paragraph_marker,,4,bridgeport-connecticut-afe7c678fa5dfc85-node-000330
bridgeport-connecticut-afe7c678fa5dfc85,135,23,0,(1) Number. No maximum number applies.,63.0,340.7544250488281,242.66110229492188,354.50091552734375,9.5,ProximaNova-Bold | ProximaNova-Light,20,612.0,792.0,(1) Number. No maximum number applies.,False,True,Paragraph,lettered_or_numbered,0.55,lettered_or_numbered_paragraph_marker,,4,bridgeport-connecticut-afe7c678fa5dfc85-node-000331
bridgeport-connecticut-afe7c678fa5dfc85,135,25,0,(2) Floor Area. No maximum floor area applies.,63.0,361.7544250488281,261.7233581542969,375.50091552734375,9.5,ProximaNova-Bold | ProximaNova-Light,20,612.0,792.0,(2) Floor Area. No maximum floor area applies.,False,True,Paragraph,lettered_or_numbered,0.55,lettered_or_numbered_paragraph_marker,,4,bridgeport-connecticut-afe7c678fa5dfc85-node-000332
bridgeport-connecticut-afe7c678fa5dfc85,135,26,0,C. Location. The drive-through shall be located in the rear,319.95001220703125,376.7544250488281,568.7806396484375,390.50091552734375,9.5,ProximaNova-Bold | ProximaNova-Light,20,612.0,792.0,C. Location. The drive-through shall be located in the rear,False,True,Paragraph,lettered_or_numbered,0.55,lettered_or_numbered_paragraph_marker,,4,bridgeport-connecticut-afe7c678fa5dfc85-node-000333
bridgeport-connecticut-afe7c678fa5dfc85,135,29,0,(1) Number. No maximum number applies.,63.0,439.7544250488281,242.66110229492188,453.50091552734375,9.5,ProximaNova-Bold | ProximaNova-Light,20,612.0,792.0,(1) Number. No maximum number applies.,False,True,Paragraph,lettered_or_numbered,0.55,lettered_or_numbered_paragraph_marker,,4,bridgeport-connecticut-afe7c678fa5dfc85-node-000334
bridgeport-connecticut-afe7c678fa5dfc85,135,30,0,D. Additional Lot and Structure Regulations.,319.95001220703125,445.7544250488281,515.6618041992188,459.50091552734375,9.5,ProximaNova-Bold,20,612.0,792.0,D. Additional Lot and Structure Regulations.,False,True,Paragraph,lettered_or_numbered,0.55,lettered_or_numbered_paragraph_marker,,4,bridgeport-connecticut-afe7c678fa5dfc85-node-000335
bridgeport-connecticut-afe7c678fa5dfc85,135,31,0,(2) Building Footprint. The maximum footprint of each,63.0,460.7544250488281,294.6784973144531,474.50091552734375,9.5,ProximaNova-Bold | ProximaNova-Light,20,612.0,792.0,(2) Building Footprint. The maximum footprint of each,False,True,Paragraph,lettered_or_numbered,0.55,lettered_or_numbered_paragraph_marker,,4,bridgeport-connecticut-afe7c678fa5dfc85-node-000336
bridgeport-connecticut-afe7c678fa5dfc85,135,34,0,(3) Site Coverage. The maximum footprint of all,63.0,517.75439453125,266.29266357421875,531.5008544921875,9.5,ProximaNova-Bold | ProximaNova-Light,20,612.0,792.0,(3) Site Coverage. The maximum footprint of all,False,True,Paragraph,lettered_or_numbered,0.55,lettered_or_numbered_paragraph_marker,,4,bridgeport-connecticut-afe7c678fa5dfc85-node-000337
bridgeport-connecticut-afe7c678fa5dfc85,135,36,2,"A. Description. A stand-alone, accessory structure for",45.0,562.75439453125,275.466552734375,576.5008544921875,9.5,ProximaNova-Bold | ProximaNova-Light,20,612.0,792.0,"A. Description. A stand-alone, accessory structure for",False,True,Paragraph,lettered_or_numbered,0.55,lettered_or_numbered_paragraph_marker,,4,bridgeport-connecticut-afe7c678fa5dfc85-node-000338
bridgeport-connecticut-afe7c678fa5dfc85,135,38,0,B. Where Allowed. The accessory structure tables for each,45.0,595.75439453125,299.00372314453125,609.5008544921875,9.5,ProximaNova-Bold | ProximaNova-Light,20,612.0,792.0,B. Where Allowed. The accessory structure tables for each,False,True,Paragraph,lettered_or_numbered,0.55,lettered_or_numbered_paragraph_marker,,4,bridgeport-connecticut-afe7c678fa5dfc85-node-000339
bridgeport-connecticut-afe7c678fa5dfc85,135,42,0,C. Location. Accessory parking structures must be located,45.0,640.75439453125,295.5596008300781,654.5008544921875,9.5,ProximaNova-Bold | ProximaNova-Light,20,612.0,792.0,C. Location. Accessory parking structures must be located,False,True,Paragraph,lettered_or_numbered,0.55,lettered_or_numbered_paragraph_marker,,4,bridgeport-connecticut-afe7c678fa5dfc85-node-000340
bridgeport-connecticut-afe7c678fa5dfc85,136,1,0,(1) Stacking. Stacking of cars shall be fully,58.5,82.75437927246094,240.4124755859375,96.50088500976562,9.5,ProximaNova-Bold | ProximaNova-Light,20,612.0,792.0,(1) Stacking. Stacking of cars shall be fully,False,True,Paragraph,lettered_or_numbered,0.55,lettered_or_numbered_paragraph_marker,,4,bridgeport-connecticut-afe7c678fa5dfc85-node-000341
bridgeport-connecticut-afe7c678fa5dfc85,136,3,0,(2) Accessory Structures/Signs. The menu board and,58.5,115.75437927246094,288.8951110839844,129.50088500976562,9.5,ProximaNova-Bold | ProximaNova-Light,20,612.0,792.0,(2) Accessory Structures/Signs. The menu board and,False,True,Paragraph,lettered_or_numbered,0.55,lettered_or_numbered_paragraph_marker,,4,bridgeport-connecticut-afe7c678fa5dfc85-node-000342
bridgeport-connecticut-afe7c678fa5dfc85,136,5,0,(3) Rear Buffer. Where the rear of the lot abuts an,58.5,160.75437927246094,271.5780029296875,174.50088500976562,9.5,ProximaNova-Bold | ProximaNova-Light,20,612.0,792.0,(3) Rear Buffer. Where the rear of the lot abuts an,False,True,Paragraph,lettered_or_numbered,0.55,lettered_or_numbered_paragraph_marker,,4,bridgeport-connecticut-afe7c678fa5dfc85-node-000343
bridgeport-connecticut-afe7c678fa5dfc85,136,7,0,(4) Structure. Drive-through canopies and roofs shall,58.5,241.75437927246094,283.16241455078125,255.50088500976562,9.5,ProximaNova-Bold | ProximaNova-Light,20,612.0,792.0,(4) Structure. Drive-through canopies and roofs shall,False,True,Paragraph,lettered_or_numbered,0.55,lettered_or_numbered_paragraph_marker,,4,bridgeport-connecticut-afe7c678fa5dfc85-node-000344
bridgeport-connecticut-afe7c678fa5dfc85,136,9,0,(5) Lighting. See 6.50.13 for exterior building and site,58.5,310.7544250488281,284.4999694824219,324.50091552734375,9.5,ProximaNova-Bold | ProximaNova-Light,20,612.0,792.0,(5) Lighting. See 6.50.13 for exterior building and site,False,True,Paragraph,lettered_or_numbered,0.55,lettered_or_numbered_paragraph_marker,,4,bridgeport-connecticut-afe7c678fa5dfc85-node-000345
bridgeport-connecticut-afe7c678fa5dfc85,136,12,2,A. General,40.5,355.7544250488281,92.32950592041016,369.50091552734375,9.5,ProximaNova-Bold,20,612.0,792.0,A. General,False,True,Paragraph,lettered_or_numbered,0.55,lettered_or_numbered_paragraph_marker,,4,bridgeport-connecticut-afe7c678fa5dfc85-node-000346
bridgeport-connecticut-afe7c678fa5dfc85,136,13,0,(1) Private (restricted-access) electric-vehicle (EV),58.5,376.7544250488281,266.9560241699219,390.50091552734375,9.5,ProximaNova-Bold | ProximaNova-Light,20,612.0,792.0,(1) Private (restricted-access) electric-vehicle (EV),False,True,Paragraph,lettered_or_numbered,0.55,lettered_or_numbered_paragraph_marker,,4,bridgeport-connecticut-afe7c678fa5dfc85-node-000347
bridgeport-connecticut-afe7c678fa5dfc85,136,17,0,(2) Public EV charging stations are permitted as,58.5,421.7544250488281,260.74298095703125,435.50091552734375,9.5,ProximaNova-Bold | ProximaNova-Light,20,612.0,792.0,(2) Public EV charging stations are permitted as,False,True,Paragraph,lettered_or_numbered,0.55,lettered_or_numbered_paragraph_marker,,4,bridgeport-connecticut-afe7c678fa5dfc85-node-000348
bridgeport-connecticut-afe7c678fa5dfc85,136,21,0,B. Parking. Public electric vehicle charging stations,40.5,466.7544250488281,260.8684997558594,480.50091552734375,9.5,ProximaNova-Bold | ProximaNova-Light,20,612.0,792.0,B. Parking. Public electric vehicle charging stations,False,True,Paragraph,lettered_or_numbered,0.55,lettered_or_numbered_paragraph_marker,,4,bridgeport-connecticut-afe7c678fa5dfc85-node-000349
bridgeport-connecticut-afe7c678fa5dfc85,136,23,0,C. Equipment. Vehicle charging equipment must be,40.5,535.75439453125,263.97479248046875,549.5008544921875,9.5,ProximaNova-Bold | ProximaNova-Light,20,612.0,792.0,C. Equipment. Vehicle charging equipment must be,False,True,Paragraph,lettered_or_numbered,0.55,lettered_or_numbered_paragraph_marker,,4,bridgeport-connecticut-afe7c678fa5dfc85-node-000350
bridgeport-connecticut-afe7c678fa5dfc85,136,26,0,D. Posted Information,40.5,592.75439453125,140.86502075195312,606.5008544921875,9.5,ProximaNova-Bold,20,612.0,792.0,D. Posted Information,False,True,Paragraph,lettered_or_numbered,0.55,lettered_or_numbered_paragraph_marker,,4,bridgeport-connecticut-afe7c678fa5dfc85-node-000351
bridgeport-connecticut-afe7c678fa5dfc85,136,27,0,(1) Information must be posted identifying voltage and,58.5,613.75439453125,288.2645568847656,627.5008544921875,9.5,ProximaNova-Bold | ProximaNova-Light,20,612.0,792.0,(1) Information must be posted identifying voltage and,False,True,Paragraph,lettered_or_numbered,0.55,lettered_or_numbered_paragraph_marker,,4,bridgeport-connecticut-afe7c678fa5dfc85-node-000352
bridgeport-connecticut-afe7c678fa5dfc85,137,1,0,C. Number. Only one storage container is permitted per lot,319.67999267578125,82.93437194824219,572.2821044921875,96.68087768554688,9.5,ProximaNova-Bold | ProximaNova-Light,20,612.0,792.0,C. Number. Only one storage container is permitted per lot,False,True,Paragraph,lettered_or_numbered,0.55,lettered_or_numbered_paragraph_marker,,4,bridgeport-connecticut-afe7c678fa5dfc85-node-000353
bridgeport-connecticut-afe7c678fa5dfc85,137,2,0,(2) Public electric vehicle charging stations must be,63.36000061035156,83.47441101074219,281.5534973144531,97.22091674804688,9.5,ProximaNova-Bold | ProximaNova-Light,20,612.0,792.0,(2) Public electric vehicle charging stations must be,False,True,Paragraph,lettered_or_numbered,0.55,lettered_or_numbered_paragraph_marker,,4,bridgeport-connecticut-afe7c678fa5dfc85-node-000354
bridgeport-connecticut-afe7c678fa5dfc85,137,4,0,D. Additional Lot and Building Regulations,319.67999267578125,115.93437194824219,508.7455139160156,129.68087768554688,9.5,ProximaNova-Bold,20,612.0,792.0,D. Additional Lot and Building Regulations,False,True,Paragraph,lettered_or_numbered,0.55,lettered_or_numbered_paragraph_marker,,4,bridgeport-connecticut-afe7c678fa5dfc85-node-000355
bridgeport-connecticut-afe7c678fa5dfc85,137,5,0,(1) Size. The container’s size is limited to no greater,337.67999267578125,136.9343719482422,558.5140991210938,150.68087768554688,9.5,ProximaNova-Bold | ProximaNova-Light,20,612.0,792.0,(1) Size. The container’s size is limited to no greater,False,True,Paragraph,lettered_or_numbered,0.55,lettered_or_numbered_paragraph_marker,,4,bridgeport-connecticut-afe7c678fa5dfc85-node-000356
bridgeport-connecticut-afe7c678fa5dfc85,137,8,0,E. Maintenance. Electric vehicle charging stations must,45.36000061035156,176.4744110107422,283.4649353027344,190.22091674804688,9.5,ProximaNova-Bold | ProximaNova-Light,20,612.0,792.0,E. Maintenance. Electric vehicle charging stations must,False,True,Paragraph,lettered_or_numbered,0.55,lettered_or_numbered_paragraph_marker,,4,bridgeport-connecticut-afe7c678fa5dfc85-node-000357
bridgeport-connecticut-afe7c678fa5dfc85,137,9,0,(2) Time Limit. Unless being used in conjunction with a,337.67999267578125,181.9343719482422,572.1901245117188,195.68087768554688,9.5,ProximaNova-Bold | ProximaNova-Light,20,612.0,792.0,(2) Time Limit. Unless being used in conjunction with a,False,True,Paragraph,lettered_or_numbered,0.55,lettered_or_numbered_paragraph_marker,,4,bridgeport-connecticut-afe7c678fa5dfc85-node-000358
bridgeport-connecticut-afe7c678fa5dfc85,137,12,0,(3) Location. Any container must be stored in a side or,337.67999267578125,238.9343719482422,570.32275390625,252.68087768554688,9.5,ProximaNova-Bold | ProximaNova-Light,20,612.0,792.0,(3) Location. Any container must be stored in a side or,False,True,Paragraph,lettered_or_numbered,0.55,lettered_or_numbered_paragraph_marker,,4,bridgeport-connecticut-afe7c678fa5dfc85-node-000359
bridgeport-connecticut-afe7c678fa5dfc85,137,14,2,A. Description. Fuel pumps include canopies and pumps,45.36000061035156,269.47442626953125,289.84857177734375,283.2209167480469,9.5,ProximaNova-Bold | ProximaNova-Light,20,612.0,792.0,A. Description. Fuel pumps include canopies and pumps,False,True,Paragraph,lettered_or_numbered,0.55,lettered_or_numbered_paragraph_marker,,4,bridgeport-connecticut-afe7c678fa5dfc85-node-000360
bridgeport-connecticut-afe7c678fa5dfc85,137,15,2,A. Description. Building-mounted utilities includes the,319.67999267578125,283.9344177246094,550.7354736328125,297.680908203125,9.5,ProximaNova-Bold | ProximaNova-Light,20,612.0,792.0,A. Description. Building-mounted utilities includes the,False,True,Paragraph,lettered_or_numbered,0.55,lettered_or_numbered_paragraph_marker,,4,bridgeport-connecticut-afe7c678fa5dfc85-node-000361
bridgeport-connecticut-afe7c678fa5dfc85,137,18,0,B. Where Allowed. The accessory structure tables for each,45.36000061035156,326.47442626953125,299.3581848144531,340.2209167480469,9.5,ProximaNova-Bold | ProximaNova-Light,20,612.0,792.0,B. Where Allowed. The accessory structure tables for each,False,True,Paragraph,lettered_or_numbered,0.55,lettered_or_numbered_paragraph_marker,,4,bridgeport-connecticut-afe7c678fa5dfc85-node-000362
bridgeport-connecticut-afe7c678fa5dfc85,137,20,0,B. Building-Mounted Solar Energy System. A solar,319.67999267578125,340.9344177246094,542.904052734375,354.680908203125,9.5,ProximaNova-Bold | ProximaNova-Light,20,612.0,792.0,B. Building-Mounted Solar Energy System. A solar,False,True,Paragraph,lettered_or_numbered,0.55,lettered_or_numbered_paragraph_marker,,4,bridgeport-connecticut-afe7c678fa5dfc85-node-000363
bridgeport-connecticut-afe7c678fa5dfc85,137,21,0,C. Principal Building. Fuel pumps must be accessory to,45.36000061035156,359.47442626953125,285.7308654785156,373.2209167480469,9.5,ProximaNova-Bold | ProximaNova-Light,20,612.0,792.0,C. Principal Building. Fuel pumps must be accessory to,False,True,Paragraph,lettered_or_numbered,0.55,lettered_or_numbered_paragraph_marker,,4,bridgeport-connecticut-afe7c678fa5dfc85-node-000364
bridgeport-connecticut-afe7c678fa5dfc85,137,24,0,(1) Quantity. The total square footage may not exceed,337.67999267578125,421.9344177246094,570.0472412109375,435.680908203125,9.5,ProximaNova-Bold | ProximaNova-Light,20,612.0,792.0,(1) Quantity. The total square footage may not exceed,False,True,Paragraph,lettered_or_numbered,0.55,lettered_or_numbered_paragraph_marker,,4,bridgeport-connecticut-afe7c678fa5dfc85-node-000365
bridgeport-connecticut-afe7c678fa5dfc85,137,25,0,D. Additional Lot and Building Regulations,45.36000061035156,440.47442626953125,234.42559814453125,454.2209167480469,9.5,ProximaNova-Bold,20,612.0,792.0,D. Additional Lot and Building Regulations,False,True,Paragraph,lettered_or_numbered,0.55,lettered_or_numbered_paragraph_marker,,4,bridgeport-connecticut-afe7c678fa5dfc85-node-000366
bridgeport-connecticut-afe7c678fa5dfc85,137,27,0,(1) Height. Maximum overall height of canopy is 18,63.36000061035156,461.47442626953125,279.2159118652344,475.2209167480469,9.5,ProximaNova-Bold | ProximaNova-Light,20,612.0,792.0,(1) Height. Maximum overall height of canopy is 18,False,True,Paragraph,lettered_or_numbered,0.55,lettered_or_numbered_paragraph_marker,,4,bridgeport-connecticut-afe7c678fa5dfc85-node-000367
bridgeport-connecticut-afe7c678fa5dfc85,137,28,0,(2) Flush Mounted System. Systems should be less,337.67999267578125,466.9344177246094,559.056640625,480.680908203125,9.5,ProximaNova-Bold | ProximaNova-Light,20,612.0,792.0,(2) Flush Mounted System. Systems should be less,False,True,Paragraph,lettered_or_numbered,0.55,lettered_or_numbered_paragraph_marker,,4,bridgeport-connecticut-afe7c678fa5dfc85-node-000368
bridgeport-connecticut-afe7c678fa5dfc85,137,31,0,(2) Materials. The roof of the pumping canopy shall,63.36000061035156,494.47442626953125,282.911376953125,508.2209167480469,9.5,ProximaNova-Bold | ProximaNova-Light,20,612.0,792.0,(2) Materials. The roof of the pumping canopy shall,False,True,Paragraph,lettered_or_numbered,0.55,lettered_or_numbered_paragraph_marker,,4,bridgeport-connecticut-afe7c678fa5dfc85-node-000369
bridgeport-connecticut-afe7c678fa5dfc85,137,32,0,(3) Height,337.67999267578125,511.9344482421875,384.55999755859375,525.680908203125,9.5,ProximaNova-Bold,20,612.0,792.0,(3) Height,False,True,Paragraph,lettered_or_numbered,0.55,lettered_or_numbered_paragraph_marker,,4,bridgeport-connecticut-afe7c678fa5dfc85-node-000370
bridgeport-connecticut-afe7c678fa5dfc85,137,34,0,(4) Systems shall not extend beyond 3 feet parallel,337.67999267578125,532.9344482421875,562.780029296875,546.680908203125,9.5,ProximaNova-Bold,20,612.0,792.0,(4) Systems shall not extend beyond 3 feet parallel,False,True,Paragraph,lettered_or_numbered,0.55,lettered_or_numbered_paragraph_marker,,4,bridgeport-connecticut-afe7c678fa5dfc85-node-000371
bridgeport-connecticut-afe7c678fa5dfc85,137,36,0,(3) Lighting. See 6.50.13 for exterior building and site,63.36000061035156,551.4744262695312,289.3599853515625,565.2208862304688,9.5,ProximaNova-Bold | ProximaNova-Light,20,612.0,792.0,(3) Lighting. See 6.50.13 for exterior building and site,False,True,Paragraph,lettered_or_numbered,0.55,lettered_or_numbered_paragraph_marker,,4,bridgeport-connecticut-afe7c678fa5dfc85-node-000372
bridgeport-connecticut-afe7c678fa5dfc85,137,38,0,(5) Systems shall not extend beyond 4 feet parallel,337.67999267578125,565.9344482421875,562.8702392578125,579.680908203125,9.5,ProximaNova-Bold,20,612.0,792.0,(5) Systems shall not extend beyond 4 feet parallel,False,True,Paragraph,lettered_or_numbered,0.55,lettered_or_numbered_paragraph_marker,,4,bridgeport-connecticut-afe7c678fa5dfc85-node-000373
bridgeport-connecticut-afe7c678fa5dfc85,137,40,0,(4) Car Wash Facility. Accessory car wash facilities are,63.36000061035156,584.4744262695312,296.4599609375,598.2208862304688,9.5,ProximaNova-Bold | ProximaNova-Light,20,612.0,792.0,(4) Car Wash Facility. Accessory car wash facilities are,False,True,Paragraph,lettered_or_numbered,0.55,lettered_or_numbered_paragraph_marker,,4,bridgeport-connecticut-afe7c678fa5dfc85-node-000374
bridgeport-connecticut-afe7c678fa5dfc85,137,42,0,(6) Systems shall not extend more than 5 feet above,337.67999267578125,598.9344482421875,569.591552734375,612.680908203125,9.5,ProximaNova-Bold,20,612.0,792.0,(6) Systems shall not extend more than 5 feet above,False,True,Paragraph,lettered_or_numbered,0.55,lettered_or_numbered_paragraph_marker,,4,bridgeport-connecticut-afe7c678fa5dfc85-node-000375
bridgeport-connecticut-afe7c678fa5dfc85,137,44,2,A. Description. Temporary and transportable containers for,45.36000061035156,629.4744262695312,298.0469970703125,643.2208862304688,9.5,ProximaNova-Bold | ProximaNova-Light,20,612.0,792.0,A. Description. Temporary and transportable containers for,False,True,Paragraph,lettered_or_numbered,0.55,lettered_or_numbered_paragraph_marker,,4,bridgeport-connecticut-afe7c678fa5dfc85-node-000376
bridgeport-connecticut-afe7c678fa5dfc85,137,45,0,(7) Location on Structure. Allowed on the following:,337.67999267578125,631.9344482421875,557.7268676757812,645.680908203125,9.5,ProximaNova-Bold | ProximaNova-Light,20,612.0,792.0,(7) Location on Structure. Allowed on the following:,False,True,Paragraph,lettered_or_numbered,0.55,lettered_or_numbered_paragraph_marker,,4,bridgeport-connecticut-afe7c678fa5dfc85-node-000377
bridgeport-connecticut-afe7c678fa5dfc85,137,47,0,(8) Any roof face.,337.67999267578125,652.9344482421875,415.9955749511719,666.680908203125,9.5,ProximaNova-Bold,20,612.0,792.0,(8) Any roof face.,False,True,Paragraph,lettered_or_numbered,0.55,lettered_or_numbered_paragraph_marker,,4,bridgeport-connecticut-afe7c678fa5dfc85-node-000378
bridgeport-connecticut-afe7c678fa5dfc85,137,48,0,B. Where Allowed. The accessory structure tables for,45.36000061035156,662.4744262695312,276.4972229003906,676.2208862304688,9.5,ProximaNova-Bold | ProximaNova-Light,20,612.0,792.0,B. Where Allowed. The accessory structure tables for,False,True,Paragraph,lettered_or_numbered,0.55,lettered_or_numbered_paragraph_marker,,4,bridgeport-connecticut-afe7c678fa5dfc85-node-000379
bridgeport-connecticut-afe7c678fa5dfc85,137,49,0,(9) Side and rear building facades.,337.67999267578125,673.9343872070312,489.6490783691406,687.6808471679688,9.5,ProximaNova-Bold,20,612.0,792.0,(9) Side and rear building facades.,False,True,Paragraph,lettered_or_numbered,0.55,lettered_or_numbered_paragraph_marker,,4,bridgeport-connecticut-afe7c678fa5dfc85-node-000380
bridgeport-connecticut-afe7c678fa5dfc85,137,51,0,(10) Roof of any parking canopy.,337.67999267578125,694.9343872070312,476.2018127441406,708.6808471679688,9.5,ProximaNova-Bold,20,612.0,792.0,(10) Roof of any parking canopy.,False,True,Paragraph,lettered_or_numbered,0.55,lettered_or_numbered_paragraph_marker,,4,bridgeport-connecticut-afe7c678fa5dfc85-node-000381
bridgeport-connecticut-afe7c678fa5dfc85,138,1,0,(11) Projection. The system may project off a roof edge,58.31999969482422,82.21440124511719,290.2877197265625,95.96090698242188,9.5,ProximaNova-Bold | ProximaNova-Light,20,612.0,792.0,(11) Projection. The system may project off a roof edge,False,True,Paragraph,lettered_or_numbered,0.55,lettered_or_numbered_paragraph_marker,,4,bridgeport-connecticut-afe7c678fa5dfc85-node-000382
bridgeport-connecticut-afe7c678fa5dfc85,138,2,0,(1) Size. The smallest practical size shall be used for,332.6400146484375,82.93437194824219,555.3646240234375,96.68087768554688,9.5,ProximaNova-Bold | ProximaNova-Light,20,612.0,792.0,(1) Size. The smallest practical size shall be used for,False,True,Paragraph,lettered_or_numbered,0.55,lettered_or_numbered_paragraph_marker,,4,bridgeport-connecticut-afe7c678fa5dfc85-node-000383
bridgeport-connecticut-afe7c678fa5dfc85,138,5,0,(12) Signs. Signage or writing of any kind is not,58.31999969482422,115.21440124511719,253.865478515625,128.96090698242188,9.5,ProximaNova-Bold | ProximaNova-Light,20,612.0,792.0,(12) Signs. Signage or writing of any kind is not,False,True,Paragraph,lettered_or_numbered,0.55,lettered_or_numbered_paragraph_marker,,4,bridgeport-connecticut-afe7c678fa5dfc85-node-000384
bridgeport-connecticut-afe7c678fa5dfc85,138,6,0,(2) Location. Antennae and Satellite Dishes shall be,332.6400146484375,127.93437194824219,553.6641845703125,141.68087768554688,9.5,ProximaNova-Bold | ProximaNova-Light,20,612.0,792.0,(2) Location. Antennae and Satellite Dishes shall be,False,True,Paragraph,lettered_or_numbered,0.55,lettered_or_numbered_paragraph_marker,,4,bridgeport-connecticut-afe7c678fa5dfc85-node-000385
bridgeport-connecticut-afe7c678fa5dfc85,138,9,0,C. Building-Mounted Wind. Small wind energy systems,40.31999969482422,160.2144012451172,279.4939270019531,173.96090698242188,9.5,ProximaNova-Bold | ProximaNova-Light,20,612.0,792.0,C. Building-Mounted Wind. Small wind energy systems,False,True,Paragraph,lettered_or_numbered,0.55,lettered_or_numbered_paragraph_marker,,4,bridgeport-connecticut-afe7c678fa5dfc85-node-000386
bridgeport-connecticut-afe7c678fa5dfc85,138,13,0,(1) Minimum Building Height Required. Roof-mounted,58.31999969482422,205.2144012451172,293.5333251953125,218.96090698242188,9.5,ProximaNova-Bold | ProximaNova-Light,20,612.0,792.0,(1) Minimum Building Height Required. Roof-mounted,False,True,Paragraph,lettered_or_numbered,0.55,lettered_or_numbered_paragraph_marker,,4,bridgeport-connecticut-afe7c678fa5dfc85-node-000387
bridgeport-connecticut-afe7c678fa5dfc85,138,17,0,(2) Quantity. One turbine is allowed for every 750,58.31999969482422,262.21441650390625,271.70623779296875,275.9609069824219,9.5,ProximaNova-Bold | ProximaNova-Light,20,612.0,792.0,(2) Quantity. One turbine is allowed for every 750,False,True,Paragraph,lettered_or_numbered,0.55,lettered_or_numbered_paragraph_marker,,4,bridgeport-connecticut-afe7c678fa5dfc85-node-000388
bridgeport-connecticut-afe7c678fa5dfc85,138,21,0,(3) Rated Capacity. A maximum rated capacity of 3,58.31999969482422,331.21441650390625,276.06268310546875,344.9609069824219,9.5,ProximaNova-Bold | ProximaNova-Light,20,612.0,792.0,(3) Rated Capacity. A maximum rated capacity of 3,False,True,Paragraph,lettered_or_numbered,0.55,lettered_or_numbered_paragraph_marker,,4,bridgeport-connecticut-afe7c678fa5dfc85-node-000389
bridgeport-connecticut-afe7c678fa5dfc85,138,24,0,"3.170.10 FREESTANDING, GROUND-MOUNTED",314.8399963378906,347.8948974609375,534.8549194335938,362.3648986816406,10.0,ProximaNova-Bold,20,612.0,792.0,"3.170.10 FREESTANDING, GROUND-MOUNTED",False,True,Subsection,subsection,0.8500000000000001,decimal_pattern=subsection,3.170.10,3,bridgeport-connecticut-afe7c678fa5dfc85-node-000390
bridgeport-connecticut-afe7c678fa5dfc85,138,23,0,(4) Height.,58.31999969482422,364.21441650390625,107.63200378417969,377.9609069824219,9.5,ProximaNova-Bold,20,612.0,792.0,(4) Height.,False,True,Paragraph,lettered_or_numbered,0.55,lettered_or_numbered_paragraph_marker,,4,bridgeport-connecticut-afe7c678fa5dfc85-node-000391
bridgeport-connecticut-afe7c678fa5dfc85,138,24,2,"A. Principal Use. See 4.60.8 for infrastructure uses, utility,",314.6400146484375,372.4344177246094,561.0304565429688,386.180908203125,9.5,ProximaNova-Bold | ProximaNova-Light,20,612.0,792.0,"A. Principal Use. See 4.60.8 for infrastructure uses, utility,",False,True,Paragraph,lettered_or_numbered,0.55,lettered_or_numbered_paragraph_marker,,4,bridgeport-connecticut-afe7c678fa5dfc85-node-000392
bridgeport-connecticut-afe7c678fa5dfc85,138,27,0,B. Freestanding Solar Energy System. A solar energy,314.6400146484375,417.4344177246094,549.1597900390625,431.180908203125,9.5,ProximaNova-Bold | ProximaNova-Light,20,612.0,792.0,B. Freestanding Solar Energy System. A solar energy,False,True,Paragraph,lettered_or_numbered,0.55,lettered_or_numbered_paragraph_marker,,4,bridgeport-connecticut-afe7c678fa5dfc85-node-000393
bridgeport-connecticut-afe7c678fa5dfc85,138,32,0,(1) Output. The system shall produce less than one,332.6400146484375,474.4344177246094,552.286865234375,488.180908203125,9.5,ProximaNova-Bold | ProximaNova-Light,20,612.0,792.0,(1) Output. The system shall produce less than one,False,True,Paragraph,lettered_or_numbered,0.55,lettered_or_numbered_paragraph_marker,,4,bridgeport-connecticut-afe7c678fa5dfc85-node-000394
bridgeport-connecticut-afe7c678fa5dfc85,138,33,0,(5) Location.,58.31999969482422,479.71441650390625,115.5360107421875,493.4609069824219,9.5,ProximaNova-Bold,20,612.0,792.0,(5) Location.,False,True,Paragraph,lettered_or_numbered,0.55,lettered_or_numbered_paragraph_marker,,4,bridgeport-connecticut-afe7c678fa5dfc85-node-000395
bridgeport-connecticut-afe7c678fa5dfc85,138,36,0,(2) Size. A system in any MX or NX zone shall not,332.6400146484375,507.4344482421875,544.1168823242188,521.180908203125,9.5,ProximaNova-Bold | ProximaNova-Light,20,612.0,792.0,(2) Size. A system in any MX or NX zone shall not,False,True,Paragraph,lettered_or_numbered,0.55,lettered_or_numbered_paragraph_marker,,4,bridgeport-connecticut-afe7c678fa5dfc85-node-000396
bridgeport-connecticut-afe7c678fa5dfc85,138,40,0,(3) Maximum Height. The system shall be as close to,332.6400146484375,564.4344482421875,561.4212646484375,578.180908203125,9.5,ProximaNova-Bold | ProximaNova-Light,20,612.0,792.0,(3) Maximum Height. The system shall be as close to,False,True,Paragraph,lettered_or_numbered,0.55,lettered_or_numbered_paragraph_marker,,4,bridgeport-connecticut-afe7c678fa5dfc85-node-000397
bridgeport-connecticut-afe7c678fa5dfc85,138,42,0,(6) Installation. Roof-mounted wind energy systems,58.31999969482422,619.2144165039062,279.2202453613281,632.9608764648438,9.5,ProximaNova-Bold | ProximaNova-Light,20,612.0,792.0,(6) Installation. Roof-mounted wind energy systems,False,True,Paragraph,lettered_or_numbered,0.55,lettered_or_numbered_paragraph_marker,,4,bridgeport-connecticut-afe7c678fa5dfc85-node-000398
bridgeport-connecticut-afe7c678fa5dfc85,138,44,0,(4) Clearance. Minimum clearance between the lowest,332.6400146484375,645.4344482421875,565.425048828125,659.180908203125,9.5,ProximaNova-Bold | ProximaNova-Light,20,612.0,792.0,(4) Clearance. Minimum clearance between the lowest,False,True,Paragraph,lettered_or_numbered,0.55,lettered_or_numbered_paragraph_marker,,4,bridgeport-connecticut-afe7c678fa5dfc85-node-000399
bridgeport-connecticut-afe7c678fa5dfc85,138,47,0,D. Building-Mounted Antenna and Satellite Dish. An,40.31999969482422,676.2144165039062,272.0996398925781,689.9608764648438,9.5,ProximaNova-Bold | ProximaNova-Light,20,612.0,792.0,D. Building-Mounted Antenna and Satellite Dish. An,False,True,Paragraph,lettered_or_numbered,0.55,lettered_or_numbered_paragraph_marker,,4,bridgeport-connecticut-afe7c678fa5dfc85-node-000400
bridgeport-connecticut-afe7c678fa5dfc85,138,48,0,(5) Location. Allowed in the interior side yard and rear,332.6400146484375,690.4343872070312,563.211669921875,704.1808471679688,9.5,ProximaNova-Bold | ProximaNova-Light,20,612.0,792.0,(5) Location. Allowed in the interior side yard and rear,False,True,Paragraph,lettered_or_numbered,0.55,lettered_or_numbered_paragraph_marker,,4,bridgeport-connecticut-afe7c678fa5dfc85-node-000401
bridgeport-connecticut-afe7c678fa5dfc85,139,1,0,(7) Lighting. Small wind energy systems must provide,337.95001220703125,82.93437194824219,566.5548706054688,96.68087768554688,9.5,ProximaNova-Bold | ProximaNova-Light,20,612.0,792.0,(7) Lighting. Small wind energy systems must provide,False,True,Paragraph,lettered_or_numbered,0.55,lettered_or_numbered_paragraph_marker,,4,bridgeport-connecticut-afe7c678fa5dfc85-node-000402
bridgeport-connecticut-afe7c678fa5dfc85,139,3,0,(6) Setbacks. All parts of the freestanding system shall,64.08000183105469,114.49436950683594,295.38311767578125,128.24087524414062,9.5,ProximaNova-Bold | ProximaNova-Light,20,612.0,792.0,(6) Setbacks. All parts of the freestanding system shall,False,True,Paragraph,lettered_or_numbered,0.55,lettered_or_numbered_paragraph_marker,,4,bridgeport-connecticut-afe7c678fa5dfc85-node-000403
bridgeport-connecticut-afe7c678fa5dfc85,139,6,0,(8) Clearance. Minimum clearance between the lowest,337.95001220703125,151.9343719482422,570.7350463867188,165.68087768554688,9.5,ProximaNova-Bold | ProximaNova-Light,20,612.0,792.0,(8) Clearance. Minimum clearance between the lowest,False,True,Paragraph,lettered_or_numbered,0.55,lettered_or_numbered_paragraph_marker,,4,bridgeport-connecticut-afe7c678fa5dfc85-node-000404
bridgeport-connecticut-afe7c678fa5dfc85,139,8,0,"(7) Appearance. Such system must be gray, natural",64.08000183105469,171.49436950683594,282.2252502441406,185.24087524414062,9.5,ProximaNova-Bold | ProximaNova-Light,20,612.0,792.0,"(7) Appearance. Such system must be gray, natural",False,True,Paragraph,lettered_or_numbered,0.55,lettered_or_numbered_paragraph_marker,,4,bridgeport-connecticut-afe7c678fa5dfc85-node-000405
bridgeport-connecticut-afe7c678fa5dfc85,139,9,0,(9) Access. Climbing access (rungs or foot pegs) to,337.95001220703125,184.9343719482422,554.8700561523438,198.68087768554688,9.5,ProximaNova-Bold | ProximaNova-Light,20,612.0,792.0,(9) Access. Climbing access (rungs or foot pegs) to,False,True,Paragraph,lettered_or_numbered,0.55,lettered_or_numbered_paragraph_marker,,4,bridgeport-connecticut-afe7c678fa5dfc85-node-000406
bridgeport-connecticut-afe7c678fa5dfc85,139,12,0,(8) Materials. Such system shall not include any,64.08000183105469,240.49436950683594,268.2889099121094,254.24087524414062,9.5,ProximaNova-Bold | ProximaNova-Light,20,612.0,792.0,(8) Materials. Such system shall not include any,False,True,Paragraph,lettered_or_numbered,0.55,lettered_or_numbered_paragraph_marker,,4,bridgeport-connecticut-afe7c678fa5dfc85-node-000407
bridgeport-connecticut-afe7c678fa5dfc85,139,14,0,C. Wind - Freestanding. Small wind energy systems that,46.08000183105469,273.4944152832031,288.4803161621094,287.24090576171875,9.5,ProximaNova-Bold | ProximaNova-Light,20,612.0,792.0,C. Wind - Freestanding. Small wind energy systems that,False,True,Paragraph,lettered_or_numbered,0.55,lettered_or_numbered_paragraph_marker,,4,bridgeport-connecticut-afe7c678fa5dfc85-node-000408
bridgeport-connecticut-afe7c678fa5dfc85,139,16,0,(1) Output. The system shall produce less than one,64.08000183105469,306.4944152832031,283.72674560546875,320.24090576171875,9.5,ProximaNova-Bold | ProximaNova-Light,20,612.0,792.0,(1) Output. The system shall produce less than one,False,True,Paragraph,lettered_or_numbered,0.55,lettered_or_numbered_paragraph_marker,,4,bridgeport-connecticut-afe7c678fa5dfc85-node-000409
bridgeport-connecticut-afe7c678fa5dfc85,139,18,0,(2) Height. The height of any component of a small,64.08000183105469,339.4944152832031,282.15887451171875,353.24090576171875,9.5,ProximaNova-Bold | ProximaNova-Light,20,612.0,792.0,(2) Height. The height of any component of a small,False,True,Paragraph,lettered_or_numbered,0.55,lettered_or_numbered_paragraph_marker,,4,bridgeport-connecticut-afe7c678fa5dfc85-node-000410
bridgeport-connecticut-afe7c678fa5dfc85,139,20,0,(3) Permitted Yard Location. Allowed only in interior,64.08000183105469,396.4944152832031,287.5751037597656,410.24090576171875,9.5,ProximaNova-Bold | ProximaNova-Light,20,612.0,792.0,(3) Permitted Yard Location. Allowed only in interior,False,True,Paragraph,lettered_or_numbered,0.55,lettered_or_numbered_paragraph_marker,,4,bridgeport-connecticut-afe7c678fa5dfc85-node-000411
bridgeport-connecticut-afe7c678fa5dfc85,139,26,0,(4) Setbacks. The base of the system shall be set,64.08000183105469,535.994384765625,275.3381042480469,549.7408447265625,9.5,ProximaNova-Bold | ProximaNova-Light,20,612.0,792.0,(4) Setbacks. The base of the system shall be set,False,True,Paragraph,lettered_or_numbered,0.55,lettered_or_numbered_paragraph_marker,,4,bridgeport-connecticut-afe7c678fa5dfc85-node-000412
bridgeport-connecticut-afe7c678fa5dfc85,139,28,0,(5) Installation. Small wind energy systems shall be,64.08000183105469,628.994384765625,283.564697265625,642.7408447265625,9.5,ProximaNova-Bold | ProximaNova-Light,20,612.0,792.0,(5) Installation. Small wind energy systems shall be,False,True,Paragraph,lettered_or_numbered,0.55,lettered_or_numbered_paragraph_marker,,4,bridgeport-connecticut-afe7c678fa5dfc85-node-000413
bridgeport-connecticut-afe7c678fa5dfc85,139,30,0,(6) Signs. Signage or writing of any kind is not,64.08000183105469,685.994384765625,261.21148681640625,699.7408447265625,9.5,ProximaNova-Bold | ProximaNova-Light,20,612.0,792.0,(6) Signs. Signage or writing of any kind is not,False,True,Paragraph,lettered_or_numbered,0.55,lettered_or_numbered_paragraph_marker,,4,bridgeport-connecticut-afe7c678fa5dfc85-node-000414
bridgeport-connecticut-afe7c678fa5dfc85,142,0,0,4.0 Uses,40.5,27.937376022338867,92.90399932861328,44.785377502441406,12.0,ProximaNova-Regular,4,612.0,792.0,4.0 Uses,False,False,Title,chapter,0.7,decimal_pattern=chapter (N.0),4.0,1,bridgeport-connecticut-afe7c678fa5dfc85-node-000415
bridgeport-connecticut-afe7c678fa5dfc85,142,0,1,4.20 Use Tables,40.5,41.37941360473633,145.70860290527344,61.637413024902344,14.0,ProximaNova-Bold,20,612.0,792.0,4.20 Use Tables,False,True,Section,section,0.9,decimal_pattern=section (N.MM),4.20,2,bridgeport-connecticut-afe7c678fa5dfc85-node-000416
bridgeport-connecticut-afe7c678fa5dfc85,142,3,0,A. Residential (see 4.30 ).,315.62188720703125,140.14939880371094,423.43109130859375,153.89590454101562,9.5,ProximaNova-Bold | ProximaNova-Light,20,612.0,792.0,A. Residential (see 4.30 ).,False,True,Paragraph,lettered_or_numbered,0.55,lettered_or_numbered_paragraph_marker,,4,bridgeport-connecticut-afe7c678fa5dfc85-node-000417
bridgeport-connecticut-afe7c678fa5dfc85,142,5,0,B. Commercial (see 4.40 ).,315.62188720703125,161.14939880371094,430.0619201660156,174.89590454101562,9.5,ProximaNova-Bold | ProximaNova-Light,20,612.0,792.0,B. Commercial (see 4.40 ).,False,True,Paragraph,lettered_or_numbered,0.55,lettered_or_numbered_paragraph_marker,,4,bridgeport-connecticut-afe7c678fa5dfc85-node-000418
bridgeport-connecticut-afe7c678fa5dfc85,142,6,0,C. Manufacturing & Industry (see 4.50 ).,315.62188720703125,182.14939880371094,481.1214904785156,195.89590454101562,9.5,ProximaNova-Bold | ProximaNova-Light,20,612.0,792.0,C. Manufacturing & Industry (see 4.50 ).,False,True,Paragraph,lettered_or_numbered,0.55,lettered_or_numbered_paragraph_marker,,4,bridgeport-connecticut-afe7c678fa5dfc85-node-000419
bridgeport-connecticut-afe7c678fa5dfc85,142,8,0,D. Civic & Institutional (see 4.60 ).,315.62188720703125,203.14939880371094,456.4789123535156,216.89590454101562,9.5,ProximaNova-Bold | ProximaNova-Light,20,612.0,792.0,D. Civic & Institutional (see 4.60 ).,False,True,Paragraph,lettered_or_numbered,0.55,lettered_or_numbered_paragraph_marker,,4,bridgeport-connecticut-afe7c678fa5dfc85-node-000420
bridgeport-connecticut-afe7c678fa5dfc85,142,15,2,A. Uses identified with a “ 0 SP “ are allowed only if reviewed,40.5,414.7294006347656,293.6856994628906,428.47589111328125,9.5,Harvey_Balls | ProximaNova-Bold | ProximaNova-Light | ProximaNova-Regular,20,612.0,792.0,A. Uses identified with a “ 0 SP “ are allowed only if reviewed,False,True,Paragraph,lettered_or_numbered,0.55,lettered_or_numbered_paragraph_marker,,4,bridgeport-connecticut-afe7c678fa5dfc85-node-000421
bridgeport-connecticut-afe7c678fa5dfc85,142,17,0,B. Uses identified with a “ 0 CL “ must obtain a certificate of,40.5,459.7294006347656,286.6040954589844,473.47589111328125,9.5,Harvey_Balls | ProximaNova-Bold | ProximaNova-Light | ProximaNova-Regular,20,612.0,792.0,B. Uses identified with a “ 0 CL “ must obtain a certificate of,False,True,Paragraph,lettered_or_numbered,0.55,lettered_or_numbered_paragraph_marker,,4,bridgeport-connecticut-afe7c678fa5dfc85-node-000422
bridgeport-connecticut-afe7c678fa5dfc85,142,21,0,A. The types of activities that will occur in conjunction with,315.62188720703125,584.1494140625,564.281982421875,597.8958740234375,9.5,ProximaNova-Bold | ProximaNova-Light,20,612.0,792.0,A. The types of activities that will occur in conjunction with,False,True,Paragraph,lettered_or_numbered,0.55,lettered_or_numbered_paragraph_marker,,4,bridgeport-connecticut-afe7c678fa5dfc85-node-000423
bridgeport-connecticut-afe7c678fa5dfc85,142,24,0,B. The types of equipment and processes to be used;,315.62188720703125,617.1494140625,547.03955078125,630.8958740234375,9.5,ProximaNova-Bold | ProximaNova-Light,20,612.0,792.0,B. The types of equipment and processes to be used;,False,True,Paragraph,lettered_or_numbered,0.55,lettered_or_numbered_paragraph_marker,,4,bridgeport-connecticut-afe7c678fa5dfc85-node-000424
bridgeport-connecticut-afe7c678fa5dfc85,142,25,0,"C. The existence, number and frequency of residents,",315.62188720703125,638.1494140625,545.5385131835938,651.8958740234375,9.5,ProximaNova-Bold | ProximaNova-Light,20,612.0,792.0,"C. The existence, number and frequency of residents,",False,True,Paragraph,lettered_or_numbered,0.55,lettered_or_numbered_paragraph_marker,,4,bridgeport-connecticut-afe7c678fa5dfc85-node-000425
bridgeport-connecticut-afe7c678fa5dfc85,142,28,0,D. Parking demands associated with the use; and,315.62188720703125,671.1494140625,524.99951171875,684.8958740234375,9.5,ProximaNova-Bold | ProximaNova-Light,20,612.0,792.0,D. Parking demands associated with the use; and,False,True,Paragraph,lettered_or_numbered,0.55,lettered_or_numbered_paragraph_marker,,4,bridgeport-connecticut-afe7c678fa5dfc85-node-000426
bridgeport-connecticut-afe7c678fa5dfc85,142,30,0,E. Other factors deemed relevant to a use determination.,315.62188720703125,692.1494140625,557.698486328125,705.8958740234375,9.5,ProximaNova-Bold | ProximaNova-Light,20,612.0,792.0,E. Other factors deemed relevant to a use determination.,False,True,Paragraph,lettered_or_numbered,0.55,lettered_or_numbered_paragraph_marker,,4,bridgeport-connecticut-afe7c678fa5dfc85-node-000427
bridgeport-connecticut-afe7c678fa5dfc85,143,0,1,4.30 Residential Use Group,394.4205017089844,41.37941360473633,575.2584838867188,61.637413024902344,14.0,ProximaNova-Bold,20,612.0,792.0,4.30 Residential Use Group,False,True,Section,section,0.9,decimal_pattern=section (N.MM),4.30,2,bridgeport-connecticut-afe7c678fa5dfc85-node-000428
bridgeport-connecticut-afe7c678fa5dfc85,143,6,0,G. Appeals of use classification determinations may be,45.0,151.75437927246094,278.8685607910156,165.50088500976562,9.5,ProximaNova-Bold | ProximaNova-Light,20,612.0,792.0,G. Appeals of use classification determinations may be,False,True,Paragraph,lettered_or_numbered,0.55,lettered_or_numbered_paragraph_marker,,4,bridgeport-connecticut-afe7c678fa5dfc85-node-000429
bridgeport-connecticut-afe7c678fa5dfc85,143,9,0,(2) Supplemental Use Regulations.,337.95001220703125,192.25437927246094,490.8310546875,206.00088500976562,9.5,ProximaNova-Bold | ProximaNova-Light,20,612.0,792.0,(2) Supplemental Use Regulations.,False,True,Paragraph,lettered_or_numbered,0.55,lettered_or_numbered_paragraph_marker,,4,bridgeport-connecticut-afe7c678fa5dfc85-node-000430
bridgeport-connecticut-afe7c678fa5dfc85,143,17,0,B. Supportive Housing. Housing occupied by persons with,319.95001220703125,450.2544250488281,573.93408203125,464.00091552734375,9.5,ProximaNova-Bold | ProximaNova-Light,20,612.0,792.0,B. Supportive Housing. Housing occupied by persons with,False,True,Paragraph,lettered_or_numbered,0.55,lettered_or_numbered_paragraph_marker,,4,bridgeport-connecticut-afe7c678fa5dfc85-node-000431
bridgeport-connecticut-afe7c678fa5dfc85,143,19,0,A. Group Home.,45.0,575.6544189453125,120.58425903320312,589.40087890625,9.5,ProximaNova-Bold,20,612.0,792.0,A. Group Home.,False,True,Paragraph,lettered_or_numbered,0.55,lettered_or_numbered_paragraph_marker,,4,bridgeport-connecticut-afe7c678fa5dfc85-node-000432
bridgeport-connecticut-afe7c678fa5dfc85,143,21,0,C. Transitional Housing. Housing used to facilitate the,319.95001220703125,603.25439453125,554.4307861328125,617.0008544921875,9.5,ProximaNova-Bold | ProximaNova-Light,20,612.0,792.0,C. Transitional Housing. Housing used to facilitate the,False,True,Paragraph,lettered_or_numbered,0.55,lettered_or_numbered_paragraph_marker,,4,bridgeport-connecticut-afe7c678fa5dfc85-node-000433
bridgeport-connecticut-afe7c678fa5dfc85,144,0,1,4.40 Commercial Use Group,40.5,41.37941360473633,227.42800903320312,61.637413024902344,14.0,ProximaNova-Bold,20,612.0,792.0,4.40 Commercial Use Group,False,True,Section,section,0.9,decimal_pattern=section (N.MM),4.40,2,bridgeport-connecticut-afe7c678fa5dfc85-node-000434
bridgeport-connecticut-afe7c678fa5dfc85,144,1,0,"D. Emergency or Protective Shelter. A temporary,",40.5,82.75437927246094,257.15008544921875,96.50088500976562,9.5,ProximaNova-Bold | ProximaNova-Light,20,612.0,792.0,"D. Emergency or Protective Shelter. A temporary,",False,True,Paragraph,lettered_or_numbered,0.55,lettered_or_numbered_paragraph_marker,,4,bridgeport-connecticut-afe7c678fa5dfc85-node-000435
bridgeport-connecticut-afe7c678fa5dfc85,144,4,0,"E. Re-Entry Facility. A facility operated by the city, the",40.5,151.75437927246094,272.4729919433594,165.50088500976562,9.5,ProximaNova-Bold | ProximaNova-Light,20,612.0,792.0,"E. Re-Entry Facility. A facility operated by the city, the",False,True,Paragraph,lettered_or_numbered,0.55,lettered_or_numbered_paragraph_marker,,4,bridgeport-connecticut-afe7c678fa5dfc85-node-000436
bridgeport-connecticut-afe7c678fa5dfc85,144,10,0,"A. Business & Professional Office. Workplaces of firms,",315.45001220703125,350.6544189453125,555.5275268554688,364.4009094238281,9.5,ProximaNova-Bold | ProximaNova-Light,20,612.0,792.0,"A. Business & Professional Office. Workplaces of firms,",False,True,Paragraph,lettered_or_numbered,0.55,lettered_or_numbered_paragraph_marker,,4,bridgeport-connecticut-afe7c678fa5dfc85-node-000437
bridgeport-connecticut-afe7c678fa5dfc85,144,13,0,B. Medical & Dental Office. Workplaces of medical,315.45001220703125,455.6544189453125,536.3480224609375,469.4009094238281,9.5,ProximaNova-Bold | ProximaNova-Light,20,612.0,792.0,B. Medical & Dental Office. Workplaces of medical,False,True,Paragraph,lettered_or_numbered,0.55,lettered_or_numbered_paragraph_marker,,4,bridgeport-connecticut-afe7c678fa5dfc85-node-000438
bridgeport-connecticut-afe7c678fa5dfc85,144,15,0,A. Since short-term rentals are conducted on a temporary,40.5,514.75439453125,286.6994934082031,528.5008544921875,9.5,ProximaNova-Bold | ProximaNova-Light,20,612.0,792.0,A. Since short-term rentals are conducted on a temporary,False,True,Paragraph,lettered_or_numbered,0.55,lettered_or_numbered_paragraph_marker,,4,bridgeport-connecticut-afe7c678fa5dfc85-node-000439
bridgeport-connecticut-afe7c678fa5dfc85,144,17,0,C. Walk-In Office. Workplaces primarily providing direct,315.45001220703125,536.6544189453125,553.4940185546875,550.40087890625,9.5,ProximaNova-Bold | ProximaNova-Light,20,612.0,792.0,C. Walk-In Office. Workplaces primarily providing direct,False,True,Paragraph,lettered_or_numbered,0.55,lettered_or_numbered_paragraph_marker,,4,bridgeport-connecticut-afe7c678fa5dfc85-node-000440
bridgeport-connecticut-afe7c678fa5dfc85,144,19,0,B. Short-term rentals must comply with all licensing,40.5,571.75439453125,258.8074951171875,585.5008544921875,9.5,ProximaNova-Bold | ProximaNova-Light,20,612.0,792.0,B. Short-term rentals must comply with all licensing,False,True,Paragraph,lettered_or_numbered,0.55,lettered_or_numbered_paragraph_marker,,4,bridgeport-connecticut-afe7c678fa5dfc85-node-000441
bridgeport-connecticut-afe7c678fa5dfc85,144,22,0,C. No more than 6 adults and their dependent children,40.5,628.75439453125,275.69854736328125,642.5008544921875,9.5,ProximaNova-Bold | ProximaNova-Light,20,612.0,792.0,C. No more than 6 adults and their dependent children,False,True,Paragraph,lettered_or_numbered,0.55,lettered_or_numbered_paragraph_marker,,4,bridgeport-connecticut-afe7c678fa5dfc85-node-000442
bridgeport-connecticut-afe7c678fa5dfc85,144,24,0,D. Broadcast or Recording Studio. Establishments that,315.45001220703125,641.6544189453125,552.1551513671875,655.40087890625,9.5,ProximaNova-Bold | ProximaNova-Light,20,612.0,792.0,D. Broadcast or Recording Studio. Establishments that,False,True,Paragraph,lettered_or_numbered,0.55,lettered_or_numbered_paragraph_marker,,4,bridgeport-connecticut-afe7c678fa5dfc85-node-000443
bridgeport-connecticut-afe7c678fa5dfc85,144,25,0,D. Short-term rentals are not permitted on lots occupied by,40.5,661.75439453125,292.2284851074219,675.5008544921875,9.5,ProximaNova-Bold | ProximaNova-Light,20,612.0,792.0,D. Short-term rentals are not permitted on lots occupied by,False,True,Paragraph,lettered_or_numbered,0.55,lettered_or_numbered_paragraph_marker,,4,bridgeport-connecticut-afe7c678fa5dfc85-node-000444
bridgeport-connecticut-afe7c678fa5dfc85,144,28,0,E. Financial Service. Establishments involved in the,315.45001220703125,686.6544189453125,538.2554931640625,700.40087890625,9.5,ProximaNova-Bold | ProximaNova-Light,20,612.0,792.0,E. Financial Service. Establishments involved in the,False,True,Paragraph,lettered_or_numbered,0.55,lettered_or_numbered_paragraph_marker,,4,bridgeport-connecticut-afe7c678fa5dfc85-node-000445
bridgeport-connecticut-afe7c678fa5dfc85,144,29,0,E. External structural alterations or site improvements that,40.5,694.75439453125,286.7375183105469,708.5008544921875,9.5,ProximaNova-Bold | ProximaNova-Light,20,612.0,792.0,E. External structural alterations or site improvements that,False,True,Paragraph,lettered_or_numbered,0.55,lettered_or_numbered_paragraph_marker,,4,bridgeport-connecticut-afe7c678fa5dfc85-node-000446
bridgeport-connecticut-afe7c678fa5dfc85,145,10,0,(2) Consumer Bar. A counter that is typically 42 inches,337.95001220703125,246.25437927246094,570.341552734375,260.0008850097656,9.5,ProximaNova-Bold | ProximaNova-Light,20,612.0,792.0,(2) Consumer Bar. A counter that is typically 42 inches,False,True,Paragraph,lettered_or_numbered,0.55,lettered_or_numbered_paragraph_marker,,4,bridgeport-connecticut-afe7c678fa5dfc85-node-000447
bridgeport-connecticut-afe7c678fa5dfc85,145,11,0,"G. Business Training. Establishments and facilities,",45.0,257.75439453125,263.5494384765625,271.5008850097656,9.5,ProximaNova-Bold | ProximaNova-Light,20,612.0,792.0,"G. Business Training. Establishments and facilities,",False,True,Paragraph,lettered_or_numbered,0.55,lettered_or_numbered_paragraph_marker,,4,bridgeport-connecticut-afe7c678fa5dfc85-node-000448
bridgeport-connecticut-afe7c678fa5dfc85,145,14,0,(3) Service Bar. A table or counter that is typically 28,337.95001220703125,315.2544250488281,562.8079833984375,329.00091552734375,9.5,ProximaNova-Bold | ProximaNova-Light,20,612.0,792.0,(3) Service Bar. A table or counter that is typically 28,False,True,Paragraph,lettered_or_numbered,0.55,lettered_or_numbered_paragraph_marker,,4,bridgeport-connecticut-afe7c678fa5dfc85-node-000449
bridgeport-connecticut-afe7c678fa5dfc85,145,16,0,"C. Entertainment, General. Establishments that provide",319.95001220703125,384.2544250488281,558.9717407226562,398.00091552734375,9.5,ProximaNova-Bold | ProximaNova-Light,20,612.0,792.0,"C. Entertainment, General. Establishments that provide",False,True,Paragraph,lettered_or_numbered,0.55,lettered_or_numbered_paragraph_marker,,4,bridgeport-connecticut-afe7c678fa5dfc85-node-000450
bridgeport-connecticut-afe7c678fa5dfc85,145,18,0,A. Retail Sales. Establishments that sell or otherwise,45.0,455.7544250488281,270.38043212890625,469.50091552734375,9.5,ProximaNova-Bold | ProximaNova-Light,20,612.0,792.0,A. Retail Sales. Establishments that sell or otherwise,False,True,Paragraph,lettered_or_numbered,0.55,lettered_or_numbered_paragraph_marker,,4,bridgeport-connecticut-afe7c678fa5dfc85-node-000451
bridgeport-connecticut-afe7c678fa5dfc85,145,21,0,B. Eating and Drinking Places. Establishments that,45.0,572.75439453125,266.1824035644531,586.5008544921875,9.5,ProximaNova-Bold | ProximaNova-Light,20,612.0,792.0,B. Eating and Drinking Places. Establishments that,False,True,Paragraph,lettered_or_numbered,0.55,lettered_or_numbered_paragraph_marker,,4,bridgeport-connecticut-afe7c678fa5dfc85-node-000452
bridgeport-connecticut-afe7c678fa5dfc85,146,2,0,A. Day Care. Establishments licensed by the State,40.5,103.75437927246094,256.49462890625,117.50088500976562,9.5,ProximaNova-Bold | ProximaNova-Light,20,612.0,792.0,A. Day Care. Establishments licensed by the State,False,True,Paragraph,lettered_or_numbered,0.55,lettered_or_numbered_paragraph_marker,,4,bridgeport-connecticut-afe7c678fa5dfc85-node-000453
bridgeport-connecticut-afe7c678fa5dfc85,146,4,0,G. Animal Care. Establishments that provide medical,315.45001220703125,139.75437927246094,542.0560913085938,153.50088500976562,9.5,ProximaNova-Bold | ProximaNova-Light,20,612.0,792.0,G. Animal Care. Establishments that provide medical,False,True,Paragraph,lettered_or_numbered,0.55,lettered_or_numbered_paragraph_marker,,4,bridgeport-connecticut-afe7c678fa5dfc85-node-000454
bridgeport-connecticut-afe7c678fa5dfc85,146,6,0,H. Social Service. Facilities providing a variety of,315.45001220703125,232.75437927246094,525.7820434570312,246.50088500976562,9.5,ProximaNova-Bold | ProximaNova-Light,20,612.0,792.0,H. Social Service. Facilities providing a variety of,False,True,Paragraph,lettered_or_numbered,0.55,lettered_or_numbered_paragraph_marker,,4,bridgeport-connecticut-afe7c678fa5dfc85-node-000455
bridgeport-connecticut-afe7c678fa5dfc85,146,8,0,B. Personal Improvement Service. Establishments that,40.5,292.7544250488281,277.113525390625,306.50091552734375,9.5,ProximaNova-Bold | ProximaNova-Light,20,612.0,792.0,B. Personal Improvement Service. Establishments that,False,True,Paragraph,lettered_or_numbered,0.55,lettered_or_numbered_paragraph_marker,,4,bridgeport-connecticut-afe7c678fa5dfc85-node-000456
bridgeport-connecticut-afe7c678fa5dfc85,146,11,0,"C. Studio, Artist, or Instructional Service. Establishments",40.5,361.7544250488281,287.992431640625,375.50091552734375,9.5,ProximaNova-Bold | ProximaNova-Light,20,612.0,792.0,"C. Studio, Artist, or Instructional Service. Establishments",False,True,Paragraph,lettered_or_numbered,0.55,lettered_or_numbered_paragraph_marker,,4,bridgeport-connecticut-afe7c678fa5dfc85-node-000457
bridgeport-connecticut-afe7c678fa5dfc85,146,13,0,D. Business Support Service. Establishments that provide,40.5,454.7544250488281,289.23590087890625,468.50091552734375,9.5,ProximaNova-Bold | ProximaNova-Light,20,612.0,792.0,D. Business Support Service. Establishments that provide,False,True,Paragraph,lettered_or_numbered,0.55,lettered_or_numbered_paragraph_marker,,4,bridgeport-connecticut-afe7c678fa5dfc85-node-000458
bridgeport-connecticut-afe7c678fa5dfc85,146,15,0,E. Lodging. Establishments that provide temporary lodging,40.5,547.75439453125,292.3991394042969,561.5008544921875,9.5,ProximaNova-Bold | ProximaNova-Light,20,612.0,792.0,E. Lodging. Establishments that provide temporary lodging,False,True,Paragraph,lettered_or_numbered,0.55,lettered_or_numbered_paragraph_marker,,4,bridgeport-connecticut-afe7c678fa5dfc85-node-000459
bridgeport-connecticut-afe7c678fa5dfc85,146,19,0,(2) The lot on which a social clubs or banquet hall is,333.45001220703125,643.75439453125,554.408203125,656.8833618164062,9.5,ProximaNova-Light,4,612.0,792.0,(2) The lot on which a social clubs or banquet hall is,False,False,Paragraph,lettered_or_numbered,0.55,lettered_or_numbered_paragraph_marker,,4,bridgeport-connecticut-afe7c678fa5dfc85-node-000460
bridgeport-connecticut-afe7c678fa5dfc85,146,21,0,(3) When located on a lot located within 750 feet of an,333.45001220703125,676.75439453125,565.2571411132812,689.8833618164062,9.5,ProximaNova-Light,4,612.0,792.0,(3) When located on a lot located within 750 feet of an,False,False,Paragraph,lettered_or_numbered,0.55,lettered_or_numbered_paragraph_marker,,4,bridgeport-connecticut-afe7c678fa5dfc85-node-000461
bridgeport-connecticut-afe7c678fa5dfc85,147,3,0,(2) Check Cashing Establishment. An establishment,62.82809829711914,160.75437927246094,287.8901062011719,174.50088500976562,9.5,ProximaNova-Bold | ProximaNova-Light,20,612.0,792.0,(2) Check Cashing Establishment. An establishment,False,True,Paragraph,lettered_or_numbered,0.55,lettered_or_numbered_paragraph_marker,,4,bridgeport-connecticut-afe7c678fa5dfc85-node-000462
bridgeport-connecticut-afe7c678fa5dfc85,147,6,0,(3) Payday Lender. Any person or entity that is,62.82809829711914,253.75437927246094,262.0932922363281,267.5008850097656,9.5,ProximaNova-Bold | ProximaNova-Light,20,612.0,792.0,(3) Payday Lender. Any person or entity that is,False,True,Paragraph,lettered_or_numbered,0.55,lettered_or_numbered_paragraph_marker,,4,bridgeport-connecticut-afe7c678fa5dfc85-node-000463
bridgeport-connecticut-afe7c678fa5dfc85,147,9,0,(4) Pawnshop. An establishment that is engaged to any,62.82809829711914,310.7544250488281,298.8526916503906,324.50091552734375,9.5,ProximaNova-Bold | ProximaNova-Light,20,612.0,792.0,(4) Pawnshop. An establishment that is engaged to any,False,True,Paragraph,lettered_or_numbered,0.55,lettered_or_numbered_paragraph_marker,,4,bridgeport-connecticut-afe7c678fa5dfc85-node-000464
bridgeport-connecticut-afe7c678fa5dfc85,147,11,0,"A. Boarding or Shelter, Minor. A facility for keeping,",320.1499938964844,328.7544250488281,544.5336303710938,342.50091552734375,9.5,ProximaNova-Bold | ProximaNova-Light,20,612.0,792.0,"A. Boarding or Shelter, Minor. A facility for keeping,",False,True,Paragraph,lettered_or_numbered,0.55,lettered_or_numbered_paragraph_marker,,4,bridgeport-connecticut-afe7c678fa5dfc85-node-000465
bridgeport-connecticut-afe7c678fa5dfc85,147,18,0,B. Farmers Market. Outdoor establishments in which,320.1499938964844,517.75439453125,548.4373168945312,531.5008544921875,9.5,ProximaNova-Bold | ProximaNova-Light,20,612.0,792.0,B. Farmers Market. Outdoor establishments in which,False,True,Paragraph,lettered_or_numbered,0.55,lettered_or_numbered_paragraph_marker,,4,bridgeport-connecticut-afe7c678fa5dfc85-node-000466
bridgeport-connecticut-afe7c678fa5dfc85,147,22,0,"C. Marina. Facilities that provide moorage, launching,",320.1499938964844,562.75439453125,549.021240234375,576.5008544921875,9.5,ProximaNova-Bold | ProximaNova-Light,20,612.0,792.0,"C. Marina. Facilities that provide moorage, launching,",False,True,Paragraph,lettered_or_numbered,0.55,lettered_or_numbered_paragraph_marker,,4,bridgeport-connecticut-afe7c678fa5dfc85-node-000467
bridgeport-connecticut-afe7c678fa5dfc85,147,26,0,"D. Outdoor Entertainment, Minor. Establishments",320.1499938964844,667.75439453125,535.9781494140625,681.5008544921875,9.5,ProximaNova-Bold | ProximaNova-Light,20,612.0,792.0,"D. Outdoor Entertainment, Minor. Establishments",False,True,Paragraph,lettered_or_numbered,0.55,lettered_or_numbered_paragraph_marker,,4,bridgeport-connecticut-afe7c678fa5dfc85-node-000468
bridgeport-connecticut-afe7c678fa5dfc85,148,2,0,(2) The maximum number of vehicles that may be,333.45001220703125,115.75437927246094,544.1292114257812,128.8833770751953,9.5,ProximaNova-Light,4,612.0,792.0,(2) The maximum number of vehicles that may be,False,False,Paragraph,lettered_or_numbered,0.55,lettered_or_numbered_paragraph_marker,,4,bridgeport-connecticut-afe7c678fa5dfc85-node-000469
bridgeport-connecticut-afe7c678fa5dfc85,148,5,0,(3) All outdoor vehicle display and storage areas must,333.45001220703125,196.75437927246094,562.4639892578125,209.8833770751953,9.5,ProximaNova-Light,4,612.0,792.0,(3) All outdoor vehicle display and storage areas must,False,False,Paragraph,lettered_or_numbered,0.55,lettered_or_numbered_paragraph_marker,,4,bridgeport-connecticut-afe7c678fa5dfc85-node-000470
bridgeport-connecticut-afe7c678fa5dfc85,148,8,0,A. Fueling Station. Establishments engaged in retail sales,40.5,232.75437927246094,288.81341552734375,246.50088500976562,9.5,ProximaNova-Bold | ProximaNova-Light,20,612.0,792.0,A. Fueling Station. Establishments engaged in retail sales,False,True,Paragraph,lettered_or_numbered,0.55,lettered_or_numbered_paragraph_marker,,4,bridgeport-connecticut-afe7c678fa5dfc85-node-000471
bridgeport-connecticut-afe7c678fa5dfc85,148,11,0,"B. Personal Vehicle Repair and Maintenance, Minor.",40.5,325.7544250488281,269.4142761230469,339.50091552734375,9.5,ProximaNova-Bold,20,612.0,792.0,"B. Personal Vehicle Repair and Maintenance, Minor.",False,True,Paragraph,lettered_or_numbered,0.55,lettered_or_numbered_paragraph_marker,,4,bridgeport-connecticut-afe7c678fa5dfc85-node-000472
bridgeport-connecticut-afe7c678fa5dfc85,148,12,0,A. Commercial Vehicle Repair and Maintenance.,315.45001220703125,334.7544250488281,529.2393798828125,348.50091552734375,9.5,ProximaNova-Bold,20,612.0,792.0,A. Commercial Vehicle Repair and Maintenance.,False,True,Paragraph,lettered_or_numbered,0.55,lettered_or_numbered_paragraph_marker,,4,bridgeport-connecticut-afe7c678fa5dfc85-node-000473
bridgeport-connecticut-afe7c678fa5dfc85,148,14,0,B. Commercial Vehicle Sales and Rentals. Establishments,315.45001220703125,439.7544250488281,567.1893920898438,453.50091552734375,9.5,ProximaNova-Bold | ProximaNova-Light,20,612.0,792.0,B. Commercial Vehicle Sales and Rentals. Establishments,False,True,Paragraph,lettered_or_numbered,0.55,lettered_or_numbered_paragraph_marker,,4,bridgeport-connecticut-afe7c678fa5dfc85-node-000474
bridgeport-connecticut-afe7c678fa5dfc85,148,17,0,"C. Personal Vehicle Repair and Maintenance, Major.",315.4501037597656,508.75439453125,544.0224609375,522.5008544921875,9.5,ProximaNova-Bold,20,612.0,792.0,"C. Personal Vehicle Repair and Maintenance, Major.",False,True,Paragraph,lettered_or_numbered,0.55,lettered_or_numbered_paragraph_marker,,4,bridgeport-connecticut-afe7c678fa5dfc85-node-000475
bridgeport-connecticut-afe7c678fa5dfc85,148,18,0,C. Personal Vehicle Sales and Rentals. Establishments,40.5,514.75439453125,278.1795349121094,528.5008544921875,9.5,ProximaNova-Bold | ProximaNova-Light,20,612.0,792.0,C. Personal Vehicle Sales and Rentals. Establishments,False,True,Paragraph,lettered_or_numbered,0.55,lettered_or_numbered_paragraph_marker,,4,bridgeport-connecticut-afe7c678fa5dfc85-node-000476
bridgeport-connecticut-afe7c678fa5dfc85,148,20,0,D. Vehicle Equipment and Supplies Sales and Rentals.,315.4501037597656,613.75439453125,554.3489990234375,627.5008544921875,9.5,ProximaNova-Bold,20,612.0,792.0,D. Vehicle Equipment and Supplies Sales and Rentals.,False,True,Paragraph,lettered_or_numbered,0.55,lettered_or_numbered_paragraph_marker,,4,bridgeport-connecticut-afe7c678fa5dfc85-node-000477
bridgeport-connecticut-afe7c678fa5dfc85,148,22,0,E. Vehicle Body and Paint Finishing Shop. Establishments,315.4501037597656,670.75439453125,569.0097045898438,684.5008544921875,9.5,ProximaNova-Bold | ProximaNova-Light,20,612.0,792.0,E. Vehicle Body and Paint Finishing Shop. Establishments,False,True,Paragraph,lettered_or_numbered,0.55,lettered_or_numbered_paragraph_marker,,4,bridgeport-connecticut-afe7c678fa5dfc85-node-000478
bridgeport-connecticut-afe7c678fa5dfc85,149,1,0,"B. Firearms Sales. Any establishment engaged in the sale,",319.95001220703125,82.75437927246094,571.398193359375,96.50088500976562,9.5,ProximaNova-Bold | ProximaNova-Light,20,612.0,792.0,"B. Firearms Sales. Any establishment engaged in the sale,",False,True,Paragraph,lettered_or_numbered,0.55,lettered_or_numbered_paragraph_marker,,4,bridgeport-connecticut-afe7c678fa5dfc85-node-000479
bridgeport-connecticut-afe7c678fa5dfc85,149,4,0,C. Hookah Lounge. An establishment whose business,319.95001220703125,115.75437927246094,553.5478515625,129.50088500976562,9.5,ProximaNova-Bold | ProximaNova-Light,20,612.0,792.0,C. Hookah Lounge. An establishment whose business,False,True,Paragraph,lettered_or_numbered,0.55,lettered_or_numbered_paragraph_marker,,4,bridgeport-connecticut-afe7c678fa5dfc85-node-000480
bridgeport-connecticut-afe7c678fa5dfc85,149,6,0,"G. Boarding or Shelter, Major. A facility for keeping,",45.0,208.75437927246094,269.04180908203125,222.50088500976562,9.5,ProximaNova-Bold | ProximaNova-Light,20,612.0,792.0,"G. Boarding or Shelter, Major. A facility for keeping,",False,True,Paragraph,lettered_or_numbered,0.55,lettered_or_numbered_paragraph_marker,,4,bridgeport-connecticut-afe7c678fa5dfc85-node-000481
bridgeport-connecticut-afe7c678fa5dfc85,149,11,0,"H. Outdoor Entertainment, Major. Establishments on",45.0,301.7544250488281,273.7482604980469,315.50091552734375,9.5,ProximaNova-Bold | ProximaNova-Light,20,612.0,792.0,"H. Outdoor Entertainment, Major. Establishments on",False,True,Paragraph,lettered_or_numbered,0.55,lettered_or_numbered_paragraph_marker,,4,bridgeport-connecticut-afe7c678fa5dfc85-node-000482
bridgeport-connecticut-afe7c678fa5dfc85,149,10,0,(2) The certificate of location approval application must,337.95001220703125,301.7544250488281,570.7545166015625,314.8834228515625,9.5,ProximaNova-Light,4,612.0,792.0,(2) The certificate of location approval application must,False,False,Paragraph,lettered_or_numbered,0.55,lettered_or_numbered_paragraph_marker,,4,bridgeport-connecticut-afe7c678fa5dfc85-node-000483
bridgeport-connecticut-afe7c678fa5dfc85,149,13,0,D. Tobacco Bar. Any establishment that meets the,319.95001220703125,358.7544250488281,535.2511596679688,372.50091552734375,9.5,ProximaNova-Bold | ProximaNova-Light,20,612.0,792.0,D. Tobacco Bar. Any establishment that meets the,False,True,Paragraph,lettered_or_numbered,0.55,lettered_or_numbered_paragraph_marker,,4,bridgeport-connecticut-afe7c678fa5dfc85-node-000484
bridgeport-connecticut-afe7c678fa5dfc85,149,18,0,(2) The certificate of location approval application must,337.95001220703125,496.7544250488281,570.7545166015625,509.8834228515625,9.5,ProximaNova-Light,4,612.0,792.0,(2) The certificate of location approval application must,False,False,Paragraph,lettered_or_numbered,0.55,lettered_or_numbered_paragraph_marker,,4,bridgeport-connecticut-afe7c678fa5dfc85-node-000485
bridgeport-connecticut-afe7c678fa5dfc85,149,20,0,E. Smoke Shop. A retail establishment where 50% or,319.95001220703125,553.75439453125,548.7409057617188,567.5008544921875,9.5,ProximaNova-Bold | ProximaNova-Light,20,612.0,792.0,E. Smoke Shop. A retail establishment where 50% or,False,True,Paragraph,lettered_or_numbered,0.55,lettered_or_numbered_paragraph_marker,,4,bridgeport-connecticut-afe7c678fa5dfc85-node-000486
bridgeport-connecticut-afe7c678fa5dfc85,149,21,10,11.120 . The following are expressly classified as controlled,45.0,607.75439453125,282.8227844238281,620.8833618164062,9.5,ProximaNova-Light,4,612.0,792.0,11.120 . The following are expressly classified as controlled,False,False,Section,section,0.6,decimal_pattern=section (N.MM),11.120,2,bridgeport-connecticut-afe7c678fa5dfc85-node-000487
bridgeport-connecticut-afe7c678fa5dfc85,149,22,0,A. Package Store. Any establishment for which a package,45.0,640.75439453125,294.4820251464844,654.5008544921875,9.5,ProximaNova-Bold | ProximaNova-Light,20,612.0,792.0,A. Package Store. Any establishment for which a package,False,True,Paragraph,lettered_or_numbered,0.55,lettered_or_numbered_paragraph_marker,,4,bridgeport-connecticut-afe7c678fa5dfc85-node-000488
bridgeport-connecticut-afe7c678fa5dfc85,150,3,0,(2) Smoke shops must be separated from any another,58.5,151.75437927246094,287.6659851074219,164.8833770751953,9.5,ProximaNova-Light,4,612.0,792.0,(2) Smoke shops must be separated from any another,False,False,Paragraph,lettered_or_numbered,0.55,lettered_or_numbered_paragraph_marker,,4,bridgeport-connecticut-afe7c678fa5dfc85-node-000489
bridgeport-connecticut-afe7c678fa5dfc85,150,4,0,"A. Adult Cabaret. A night club, bar, restaurant, or similar",315.45001220703125,152.14939880371094,558.1358642578125,165.89590454101562,9.5,ProximaNova-Bold | ProximaNova-Light,20,612.0,792.0,"A. Adult Cabaret. A night club, bar, restaurant, or similar",False,True,Paragraph,lettered_or_numbered,0.55,lettered_or_numbered_paragraph_marker,,4,bridgeport-connecticut-afe7c678fa5dfc85-node-000490
bridgeport-connecticut-afe7c678fa5dfc85,150,6,0,(3) The certificate of location approval application,58.5,232.75437927246094,268.9984436035156,245.8833770751953,9.5,ProximaNova-Light,4,612.0,792.0,(3) The certificate of location approval application,False,False,Paragraph,lettered_or_numbered,0.55,lettered_or_numbered_paragraph_marker,,4,bridgeport-connecticut-afe7c678fa5dfc85-node-000491
bridgeport-connecticut-afe7c678fa5dfc85,150,9,0,B. Adult Media Store. Any establishment that rents and,315.45001220703125,377.1494140625,553.8795166015625,390.8959045410156,9.5,ProximaNova-Bold | ProximaNova-Light,20,612.0,792.0,B. Adult Media Store. Any establishment that rents and,False,True,Paragraph,lettered_or_numbered,0.55,lettered_or_numbered_paragraph_marker,,4,bridgeport-connecticut-afe7c678fa5dfc85-node-000492
bridgeport-connecticut-afe7c678fa5dfc85,150,11,0,A. Cannabis establishments which are licensed for,40.5,430.7544250488281,256.6985168457031,444.50091552734375,9.5,ProximaNova-Bold | ProximaNova-Light,20,612.0,792.0,A. Cannabis establishments which are licensed for,False,True,Paragraph,lettered_or_numbered,0.55,lettered_or_numbered_paragraph_marker,,4,bridgeport-connecticut-afe7c678fa5dfc85-node-000493
bridgeport-connecticut-afe7c678fa5dfc85,150,13,0,C. Adult Motion Picture Theater. A commercial,315.45001220703125,506.1494140625,521.4323120117188,519.8958740234375,9.5,ProximaNova-Bold | ProximaNova-Light,20,612.0,792.0,C. Adult Motion Picture Theater. A commercial,False,True,Paragraph,lettered_or_numbered,0.55,lettered_or_numbered_paragraph_marker,,4,bridgeport-connecticut-afe7c678fa5dfc85-node-000494
bridgeport-connecticut-afe7c678fa5dfc85,150,15,0,B. Cannabis sales establishments are prohibited within,40.5,535.75439453125,274.23553466796875,549.5008544921875,9.5,ProximaNova-Bold | ProximaNova-Light,20,612.0,792.0,B. Cannabis sales establishments are prohibited within,False,True,Paragraph,lettered_or_numbered,0.55,lettered_or_numbered_paragraph_marker,,4,bridgeport-connecticut-afe7c678fa5dfc85-node-000495
bridgeport-connecticut-afe7c678fa5dfc85,150,17,0,C. The certificate of location approval application must,40.5,604.75439453125,273.304443359375,618.5008544921875,9.5,ProximaNova-Bold | ProximaNova-Light,20,612.0,792.0,C. The certificate of location approval application must,False,True,Paragraph,lettered_or_numbered,0.55,lettered_or_numbered_paragraph_marker,,4,bridgeport-connecticut-afe7c678fa5dfc85-node-000496
bridgeport-connecticut-afe7c678fa5dfc85,151,1,0,D. Adult Novelty Store. A business offering goods for,45.0,82.75437927246094,276.6175231933594,96.50088500976562,9.5,ProximaNova-Bold | ProximaNova-Light,20,612.0,792.0,D. Adult Novelty Store. A business offering goods for,False,True,Paragraph,lettered_or_numbered,0.55,lettered_or_numbered_paragraph_marker,,4,bridgeport-connecticut-afe7c678fa5dfc85-node-000497
bridgeport-connecticut-afe7c678fa5dfc85,151,2,0,G. Video Booth. Any private or semi-private booth or,319.95001220703125,82.75437927246094,547.677001953125,96.50088500976562,9.5,ProximaNova-Bold | ProximaNova-Light,20,612.0,792.0,G. Video Booth. Any private or semi-private booth or,False,True,Paragraph,lettered_or_numbered,0.55,lettered_or_numbered_paragraph_marker,,4,bridgeport-connecticut-afe7c678fa5dfc85-node-000498
bridgeport-connecticut-afe7c678fa5dfc85,151,6,1,(1) it offers for sale items from any two of the following,63.0,106.75437927246094,285.79400634765625,119.88338470458984,9.5,ProximaNova-Light,4,612.0,792.0,(1) it offers for sale items from any two of the following,False,False,Paragraph,lettered_or_numbered,0.55,lettered_or_numbered_paragraph_marker,,4,bridgeport-connecticut-afe7c678fa5dfc85-node-000499
bridgeport-connecticut-afe7c678fa5dfc85,151,4,0,"H. Viewing Booth. A live viewing booth or video booth, or",319.95001220703125,187.75437927246094,569.4127807617188,201.50088500976562,9.5,ProximaNova-Bold | ProximaNova-Light,20,612.0,792.0,"H. Viewing Booth. A live viewing booth or video booth, or",False,True,Paragraph,lettered_or_numbered,0.55,lettered_or_numbered_paragraph_marker,,4,bridgeport-connecticut-afe7c678fa5dfc85-node-000500
bridgeport-connecticut-afe7c678fa5dfc85,151,8,0,"E. Adult Theater. A theater, concert hall, auditorium, or",45.0,319.7544250488281,279.9753723144531,333.50091552734375,9.5,ProximaNova-Bold | ProximaNova-Light,20,612.0,792.0,"E. Adult Theater. A theater, concert hall, auditorium, or",False,True,Paragraph,lettered_or_numbered,0.55,lettered_or_numbered_paragraph_marker,,4,bridgeport-connecticut-afe7c678fa5dfc85-node-000501
bridgeport-connecticut-afe7c678fa5dfc85,151,10,0,(2) A sexually oriented business must be separated,337.95001220703125,382.7544250488281,556.0675659179688,395.8834228515625,9.5,ProximaNova-Light,4,612.0,792.0,(2) A sexually oriented business must be separated,False,False,Paragraph,lettered_or_numbered,0.55,lettered_or_numbered_paragraph_marker,,4,bridgeport-connecticut-afe7c678fa5dfc85-node-000502
bridgeport-connecticut-afe7c678fa5dfc85,151,12,0,(3) A sexually oriented business must be separated,337.95001220703125,439.7544250488281,556.0675659179688,452.8834228515625,9.5,ProximaNova-Light,4,612.0,792.0,(3) A sexually oriented business must be separated,False,False,Paragraph,lettered_or_numbered,0.55,lettered_or_numbered_paragraph_marker,,4,bridgeport-connecticut-afe7c678fa5dfc85-node-000503
bridgeport-connecticut-afe7c678fa5dfc85,151,15,0,(4) A sexually oriented business must be separated,337.95001220703125,484.7544250488281,556.0675659179688,497.8834228515625,9.5,ProximaNova-Light,4,612.0,792.0,(4) A sexually oriented business must be separated,False,False,Paragraph,lettered_or_numbered,0.55,lettered_or_numbered_paragraph_marker,,4,bridgeport-connecticut-afe7c678fa5dfc85-node-000504
bridgeport-connecticut-afe7c678fa5dfc85,151,17,0,(5) The minimum required separation distances for,337.95001220703125,529.75439453125,552.609619140625,542.8833618164062,9.5,ProximaNova-Light,4,612.0,792.0,(5) The minimum required separation distances for,False,False,Paragraph,lettered_or_numbered,0.55,lettered_or_numbered_paragraph_marker,,4,bridgeport-connecticut-afe7c678fa5dfc85-node-000505
bridgeport-connecticut-afe7c678fa5dfc85,151,19,0,(6) All sexually oriented businesses require site plan,337.95001220703125,610.75439453125,559.2681274414062,623.8833618164062,9.5,ProximaNova-Light,4,612.0,792.0,(6) All sexually oriented businesses require site plan,False,False,Paragraph,lettered_or_numbered,0.55,lettered_or_numbered_paragraph_marker,,4,bridgeport-connecticut-afe7c678fa5dfc85-node-000506
bridgeport-connecticut-afe7c678fa5dfc85,151,21,0,(7) These supplemental regulations do not apply to,337.95001220703125,655.75439453125,555.545166015625,668.8833618164062,9.5,ProximaNova-Light,4,612.0,792.0,(7) These supplemental regulations do not apply to,False,False,Paragraph,lettered_or_numbered,0.55,lettered_or_numbered_paragraph_marker,,4,bridgeport-connecticut-afe7c678fa5dfc85-node-000507
bridgeport-connecticut-afe7c678fa5dfc85,152,0,1,4.50 Manufacturing & Industry Use Group,40.5,41.37941360473633,312.3800354003906,61.637413024902344,14.0,ProximaNova-Bold,20,612.0,792.0,4.50 Manufacturing & Industry Use Group,False,True,Section,section,0.9,decimal_pattern=section (N.MM),4.50,2,bridgeport-connecticut-afe7c678fa5dfc85-node-000508
bridgeport-connecticut-afe7c678fa5dfc85,152,6,0,A. Artisan Manufacturing. Indoor work spaces used by,40.5,291.7294006347656,279.265380859375,305.47589111328125,9.5,ProximaNova-Bold | ProximaNova-Light,20,612.0,792.0,A. Artisan Manufacturing. Indoor work spaces used by,False,True,Paragraph,lettered_or_numbered,0.55,lettered_or_numbered_paragraph_marker,,4,bridgeport-connecticut-afe7c678fa5dfc85-node-000509
bridgeport-connecticut-afe7c678fa5dfc85,152,8,0,A. Trucking and Transportation Terminal. Uses engaged,315.45001220703125,373.7544250488281,562.5189208984375,387.50091552734375,9.5,ProximaNova-Bold | ProximaNova-Light,20,612.0,792.0,A. Trucking and Transportation Terminal. Uses engaged,False,True,Paragraph,lettered_or_numbered,0.55,lettered_or_numbered_paragraph_marker,,4,bridgeport-connecticut-afe7c678fa5dfc85-node-000510
bridgeport-connecticut-afe7c678fa5dfc85,152,10,0,B. Limited Manufacturing. Indoor work spaces used,40.5,444.7294006347656,267.74188232421875,458.47589111328125,9.5,ProximaNova-Bold | ProximaNova-Light,20,612.0,792.0,B. Limited Manufacturing. Indoor work spaces used,False,True,Paragraph,lettered_or_numbered,0.55,lettered_or_numbered_paragraph_marker,,4,bridgeport-connecticut-afe7c678fa5dfc85-node-000511
bridgeport-connecticut-afe7c678fa5dfc85,152,12,0,"B. Marine-Related Industrial. Uses such as docks,",315.45001220703125,490.7544250488281,533.5240478515625,504.50091552734375,9.5,ProximaNova-Bold | ProximaNova-Light,20,612.0,792.0,"B. Marine-Related Industrial. Uses such as docks,",False,True,Paragraph,lettered_or_numbered,0.55,lettered_or_numbered_paragraph_marker,,4,bridgeport-connecticut-afe7c678fa5dfc85-node-000512
bridgeport-connecticut-afe7c678fa5dfc85,152,14,0,C. Warehouse. Uses conducted within a completely,315.45001220703125,559.75439453125,538.573486328125,573.5008544921875,9.5,ProximaNova-Bold | ProximaNova-Light,20,612.0,792.0,C. Warehouse. Uses conducted within a completely,False,True,Paragraph,lettered_or_numbered,0.55,lettered_or_numbered_paragraph_marker,,4,bridgeport-connecticut-afe7c678fa5dfc85-node-000513
bridgeport-connecticut-afe7c678fa5dfc85,152,17,0,"C. Urban Farm, Indoor. Growing, washing, packaging and",40.5,597.7294311523438,288.7427978515625,611.4758911132812,9.5,ProximaNova-Bold | ProximaNova-Light,20,612.0,792.0,"C. Urban Farm, Indoor. Growing, washing, packaging and",False,True,Paragraph,lettered_or_numbered,0.55,lettered_or_numbered_paragraph_marker,,4,bridgeport-connecticut-afe7c678fa5dfc85-node-000514
bridgeport-connecticut-afe7c678fa5dfc85,153,0,1,4.60 Civic & Institutional Use Group,341.7674865722656,41.37941360473633,575.2594604492188,61.637413024902344,14.0,ProximaNova-Bold,20,612.0,792.0,4.60 Civic & Institutional Use Group,False,True,Section,section,0.9,decimal_pattern=section (N.MM),4.60,2,bridgeport-connecticut-afe7c678fa5dfc85-node-000515
bridgeport-connecticut-afe7c678fa5dfc85,153,5,0,"A. Hospital. State-licensed public, private, and non-profit",320.1499938964844,232.75437927246094,562.2723388671875,246.50088500976562,9.5,ProximaNova-Bold | ProximaNova-Light,20,612.0,792.0,"A. Hospital. State-licensed public, private, and non-profit",False,True,Paragraph,lettered_or_numbered,0.55,lettered_or_numbered_paragraph_marker,,4,bridgeport-connecticut-afe7c678fa5dfc85-node-000516
bridgeport-connecticut-afe7c678fa5dfc85,153,8,0,B. College or University. Institutions of higher learning,320.1499938964844,289.7544250488281,554.5126953125,303.50091552734375,9.5,ProximaNova-Bold | ProximaNova-Light,20,612.0,792.0,B. College or University. Institutions of higher learning,False,True,Paragraph,lettered_or_numbered,0.55,lettered_or_numbered_paragraph_marker,,4,bridgeport-connecticut-afe7c678fa5dfc85-node-000517
bridgeport-connecticut-afe7c678fa5dfc85,153,12,0,"A. School. Public and private schools at the primary,",44.82809829711914,434.6544189453125,268.2745056152344,448.4009094238281,9.5,ProximaNova-Bold | ProximaNova-Light,20,612.0,792.0,"A. School. Public and private schools at the primary,",False,True,Paragraph,lettered_or_numbered,0.55,lettered_or_numbered_paragraph_marker,,4,bridgeport-connecticut-afe7c678fa5dfc85-node-000518
bridgeport-connecticut-afe7c678fa5dfc85,153,15,0,"B. Safety Service. Establishments that provide fire, police,",44.82809829711914,527.6544189453125,292.57977294921875,541.40087890625,9.5,ProximaNova-Bold | ProximaNova-Light,20,612.0,792.0,"B. Safety Service. Establishments that provide fire, police,",False,True,Paragraph,lettered_or_numbered,0.55,lettered_or_numbered_paragraph_marker,,4,bridgeport-connecticut-afe7c678fa5dfc85-node-000519
bridgeport-connecticut-afe7c678fa5dfc85,153,17,0,C. Cultural Facility. Facilities engaged in activities to,44.82809829711914,596.6544189453125,271.0348205566406,610.40087890625,9.5,ProximaNova-Bold | ProximaNova-Light,20,612.0,792.0,C. Cultural Facility. Facilities engaged in activities to,False,True,Paragraph,lettered_or_numbered,0.55,lettered_or_numbered_paragraph_marker,,4,bridgeport-connecticut-afe7c678fa5dfc85-node-000520
bridgeport-connecticut-afe7c678fa5dfc85,153,20,0,D. Community Assembly. A facility for public or private,44.82809829711914,701.6544189453125,281.21844482421875,715.40087890625,9.5,ProximaNova-Bold | ProximaNova-Light,20,612.0,792.0,D. Community Assembly. A facility for public or private,False,True,Paragraph,lettered_or_numbered,0.55,lettered_or_numbered_paragraph_marker,,4,bridgeport-connecticut-afe7c678fa5dfc85-node-000521
bridgeport-connecticut-afe7c678fa5dfc85,154,0,1,4.70 Accessory Uses,40.5,41.37941360473633,178.260009765625,61.637413024902344,14.0,ProximaNova-Bold,20,612.0,792.0,4.70 Accessory Uses,False,True,Section,section,0.9,decimal_pattern=section (N.MM),4.70,2,bridgeport-connecticut-afe7c678fa5dfc85-node-000522
bridgeport-connecticut-afe7c678fa5dfc85,154,3,0,A. Community Garden. An area of land managed and,40.5,200.14939880371094,273.0144348144531,213.89590454101562,9.5,ProximaNova-Bold | ProximaNova-Light,20,612.0,792.0,A. Community Garden. An area of land managed and,False,True,Paragraph,lettered_or_numbered,0.55,lettered_or_numbered_paragraph_marker,,4,bridgeport-connecticut-afe7c678fa5dfc85-node-000523
bridgeport-connecticut-afe7c678fa5dfc85,154,8,0,B. Natural Resource Preservation. Undeveloped land left,40.5,425.1494140625,289.20709228515625,438.8959045410156,9.5,ProximaNova-Bold | ProximaNova-Light,20,612.0,792.0,B. Natural Resource Preservation. Undeveloped land left,False,True,Paragraph,lettered_or_numbered,0.55,lettered_or_numbered_paragraph_marker,,4,bridgeport-connecticut-afe7c678fa5dfc85-node-000524
bridgeport-connecticut-afe7c678fa5dfc85,154,9,2,A. Accessory Uses Allowed. Accessory uses and,315.45001220703125,437.6544189453125,529.3591918945312,451.4009094238281,9.5,ProximaNova-Bold | ProximaNova-Light,20,612.0,792.0,A. Accessory Uses Allowed. Accessory uses and,False,True,Paragraph,lettered_or_numbered,0.55,lettered_or_numbered_paragraph_marker,,4,bridgeport-connecticut-afe7c678fa5dfc85-node-000525
bridgeport-connecticut-afe7c678fa5dfc85,154,11,0,"C. Parks and Recreation. Parks, playgrounds, recreation",40.5,494.1494140625,282.1592712402344,507.8959045410156,9.5,ProximaNova-Bold | ProximaNova-Light,20,612.0,792.0,"C. Parks and Recreation. Parks, playgrounds, recreation",False,True,Paragraph,lettered_or_numbered,0.55,lettered_or_numbered_paragraph_marker,,4,bridgeport-connecticut-afe7c678fa5dfc85-node-000526
bridgeport-connecticut-afe7c678fa5dfc85,154,14,0,(2) They are subordinate and clearly incidental to the,333.45001220703125,551.6544189453125,558.3125610351562,564.7833862304688,9.5,ProximaNova-Light,4,612.0,792.0,(2) They are subordinate and clearly incidental to the,False,False,Paragraph,lettered_or_numbered,0.55,lettered_or_numbered_paragraph_marker,,4,bridgeport-connecticut-afe7c678fa5dfc85-node-000527
bridgeport-connecticut-afe7c678fa5dfc85,154,17,0,(3) They are operated and maintained under the same,333.45001220703125,584.6544189453125,564.3165283203125,597.7833862304688,9.5,ProximaNova-Light,4,612.0,792.0,(3) They are operated and maintained under the same,False,False,Paragraph,lettered_or_numbered,0.55,lettered_or_numbered_paragraph_marker,,4,bridgeport-connecticut-afe7c678fa5dfc85-node-000528
bridgeport-connecticut-afe7c678fa5dfc85,154,18,0,D. Cemetery. Land or structures used for burial or,40.5,599.1494140625,254.8644256591797,612.8958740234375,9.5,ProximaNova-Bold | ProximaNova-Light,20,612.0,792.0,D. Cemetery. Land or structures used for burial or,False,True,Paragraph,lettered_or_numbered,0.55,lettered_or_numbered_paragraph_marker,,4,bridgeport-connecticut-afe7c678fa5dfc85-node-000529
bridgeport-connecticut-afe7c678fa5dfc85,154,20,0,(4) They serve a necessary function for or contribute to,333.45001220703125,629.6544189453125,567.0810546875,642.7833862304688,9.5,ProximaNova-Light,4,612.0,792.0,(4) They serve a necessary function for or contribute to,False,False,Paragraph,lettered_or_numbered,0.55,lettered_or_numbered_paragraph_marker,,4,bridgeport-connecticut-afe7c678fa5dfc85-node-000530
bridgeport-connecticut-afe7c678fa5dfc85,154,23,0,"E. Urban Farm, Outdoor. Growing, washing, packaging",40.5,656.1494140625,278.4068908691406,669.8958740234375,9.5,ProximaNova-Bold | ProximaNova-Light,20,612.0,792.0,"E. Urban Farm, Outdoor. Growing, washing, packaging",False,True,Paragraph,lettered_or_numbered,0.55,lettered_or_numbered_paragraph_marker,,4,bridgeport-connecticut-afe7c678fa5dfc85-node-000531
bridgeport-connecticut-afe7c678fa5dfc85,154,24,0,B. Time of Establishment. Accessory uses may be,315.45001220703125,674.6544189453125,534.9835205078125,688.40087890625,9.5,ProximaNova-Bold | ProximaNova-Light,20,612.0,792.0,B. Time of Establishment. Accessory uses may be,False,True,Paragraph,lettered_or_numbered,0.55,lettered_or_numbered_paragraph_marker,,4,bridgeport-connecticut-afe7c678fa5dfc85-node-000532
bridgeport-connecticut-afe7c678fa5dfc85,155,2,0,C. Where Allowed. Accessory uses are allowed per the,45.0,82.75437927246094,284.10772705078125,96.50088500976562,9.5,ProximaNova-Bold | ProximaNova-Light,20,612.0,792.0,C. Where Allowed. Accessory uses are allowed per the,False,True,Paragraph,lettered_or_numbered,0.55,lettered_or_numbered_paragraph_marker,,4,bridgeport-connecticut-afe7c678fa5dfc85-node-000533
bridgeport-connecticut-afe7c678fa5dfc85,155,5,0,D. Location. Accessory uses must be located on the same,45.0,115.75437927246094,295.02764892578125,129.50088500976562,9.5,ProximaNova-Bold | ProximaNova-Light,20,612.0,792.0,D. Location. Accessory uses must be located on the same,False,True,Paragraph,lettered_or_numbered,0.55,lettered_or_numbered_paragraph_marker,,4,bridgeport-connecticut-afe7c678fa5dfc85-node-000534
bridgeport-connecticut-afe7c678fa5dfc85,155,9,0,(4) Rental,337.95001220703125,163.75437927246094,383.3005065917969,177.50088500976562,9.5,ProximaNova-Bold | ProximaNova-Light,20,612.0,792.0,(4) Rental,False,True,Paragraph,lettered_or_numbered,0.55,lettered_or_numbered_paragraph_marker,,4,bridgeport-connecticut-afe7c678fa5dfc85-node-000535
bridgeport-connecticut-afe7c678fa5dfc85,155,10,2,A. Purpose. The accessory apartment regulations of this,45.0,172.75437927246094,286.19244384765625,186.50088500976562,9.5,ProximaNova-Bold | ProximaNova-Light,20,612.0,792.0,A. Purpose. The accessory apartment regulations of this,False,True,Paragraph,lettered_or_numbered,0.55,lettered_or_numbered_paragraph_marker,,4,bridgeport-connecticut-afe7c678fa5dfc85-node-000536
bridgeport-connecticut-afe7c678fa5dfc85,155,17,0,(2) Allowing efficient use of the city’s existing housing,63.0,262.75439453125,289.6770324707031,275.8833923339844,9.5,ProximaNova-Light,4,612.0,792.0,(2) Allowing efficient use of the city’s existing housing,False,False,Paragraph,lettered_or_numbered,0.55,lettered_or_numbered_paragraph_marker,,4,bridgeport-connecticut-afe7c678fa5dfc85-node-000537
bridgeport-connecticut-afe7c678fa5dfc85,155,20,0,(3) Providing housing options and choices that respond,63.0,295.7544250488281,297.8755187988281,308.8834228515625,9.5,ProximaNova-Light,4,612.0,792.0,(3) Providing housing options and choices that respond,False,False,Paragraph,lettered_or_numbered,0.55,lettered_or_numbered_paragraph_marker,,4,bridgeport-connecticut-afe7c678fa5dfc85-node-000538
bridgeport-connecticut-afe7c678fa5dfc85,155,22,0,(4) Providing a means for residents to remain in their,63.0,340.7544250488281,285.8960266113281,353.8834228515625,9.5,ProximaNova-Light,4,612.0,792.0,(4) Providing a means for residents to remain in their,False,False,Paragraph,lettered_or_numbered,0.55,lettered_or_numbered_paragraph_marker,,4,bridgeport-connecticut-afe7c678fa5dfc85-node-000539
bridgeport-connecticut-afe7c678fa5dfc85,155,24,0,(5) Promoting a broader range of accessible and more,63.0,397.7544250488281,293.9425048828125,410.8834228515625,9.5,ProximaNova-Light,4,612.0,792.0,(5) Promoting a broader range of accessible and more,False,False,Paragraph,lettered_or_numbered,0.55,lettered_or_numbered_paragraph_marker,,4,bridgeport-connecticut-afe7c678fa5dfc85-node-000540
bridgeport-connecticut-afe7c678fa5dfc85,155,26,0,B. General Regulations for all Accessory Apartments. All,45.0,430.7544250488281,295.2334289550781,444.50091552734375,9.5,ProximaNova-Bold | ProximaNova-Light,20,612.0,792.0,B. General Regulations for all Accessory Apartments. All,False,True,Paragraph,lettered_or_numbered,0.55,lettered_or_numbered_paragraph_marker,,4,bridgeport-connecticut-afe7c678fa5dfc85-node-000541
bridgeport-connecticut-afe7c678fa5dfc85,155,29,0,(5) Size. The floor area of an accessory apartment,337.95001220703125,462.2544250488281,551.2791137695312,476.00091552734375,9.5,ProximaNova-Bold | ProximaNova-Light,20,612.0,792.0,(5) Size. The floor area of an accessory apartment,False,True,Paragraph,lettered_or_numbered,0.55,lettered_or_numbered_paragraph_marker,,4,bridgeport-connecticut-afe7c678fa5dfc85-node-000542
bridgeport-connecticut-afe7c678fa5dfc85,155,31,0,(2) Number. No more than one accessory apartment is,63.0,532.75439453125,295.3291015625,546.5008544921875,9.5,ProximaNova-Bold | ProximaNova-Light,20,612.0,792.0,(2) Number. No more than one accessory apartment is,False,True,Paragraph,lettered_or_numbered,0.55,lettered_or_numbered_paragraph_marker,,4,bridgeport-connecticut-afe7c678fa5dfc85-node-000543
bridgeport-connecticut-afe7c678fa5dfc85,155,35,0,(3) Methods of Creation. An accessory apartment may,63.0,565.75439453125,296.5080871582031,579.5008544921875,9.5,ProximaNova-Bold | ProximaNova-Light,20,612.0,792.0,(3) Methods of Creation. An accessory apartment may,False,True,Paragraph,lettered_or_numbered,0.55,lettered_or_numbered_paragraph_marker,,4,bridgeport-connecticut-afe7c678fa5dfc85-node-000544
bridgeport-connecticut-afe7c678fa5dfc85,155,43,0,(6) Parking. No additional parking is required for an,337.95001220703125,628.75439453125,557.7105712890625,642.5008544921875,9.5,ProximaNova-Bold | ProximaNova-Light,20,612.0,792.0,(6) Parking. No additional parking is required for an,False,True,Paragraph,lettered_or_numbered,0.55,lettered_or_numbered_paragraph_marker,,4,bridgeport-connecticut-afe7c678fa5dfc85-node-000545
bridgeport-connecticut-afe7c678fa5dfc85,155,48,0,C. Building Regulations. Only one entrance to a principal,319.95001220703125,685.75439453125,567.1229248046875,699.5008544921875,9.5,ProximaNova-Bold | ProximaNova-Light,20,612.0,792.0,C. Building Regulations. Only one entrance to a principal,False,True,Paragraph,lettered_or_numbered,0.55,lettered_or_numbered_paragraph_marker,,4,bridgeport-connecticut-afe7c678fa5dfc85-node-000546
bridgeport-connecticut-afe7c678fa5dfc85,156,1,0,E. Allowed Uses. The home occupation regulations of,315.45001220703125,82.75437927246094,548.9150390625,96.50088500976562,9.5,ProximaNova-Bold | ProximaNova-Light,20,612.0,792.0,E. Allowed Uses. The home occupation regulations of,False,True,Paragraph,lettered_or_numbered,0.55,lettered_or_numbered_paragraph_marker,,4,bridgeport-connecticut-afe7c678fa5dfc85-node-000547
bridgeport-connecticut-afe7c678fa5dfc85,156,5,0,D. Building Permit Approval. Before the issuance of,40.5,163.75437927246094,266.9490051269531,177.50088500976562,9.5,ProximaNova-Bold | ProximaNova-Light,20,612.0,792.0,D. Building Permit Approval. Before the issuance of,False,True,Paragraph,lettered_or_numbered,0.55,lettered_or_numbered_paragraph_marker,,4,bridgeport-connecticut-afe7c678fa5dfc85-node-000548
bridgeport-connecticut-afe7c678fa5dfc85,156,8,0,(2) Dispatch centers or other businesses where,333.45001220703125,253.75437927246094,535.4745483398438,266.8833923339844,9.5,ProximaNova-Light,4,612.0,792.0,(2) Dispatch centers or other businesses where,False,False,Paragraph,lettered_or_numbered,0.55,lettered_or_numbered_paragraph_marker,,4,bridgeport-connecticut-afe7c678fa5dfc85-node-000549
bridgeport-connecticut-afe7c678fa5dfc85,156,9,2,A. Description. Home occupations are jobs or professions,40.5,256.75439453125,290.23248291015625,270.5008850097656,9.5,ProximaNova-Bold | ProximaNova-Light,20,612.0,792.0,A. Description. Home occupations are jobs or professions,False,True,Paragraph,lettered_or_numbered,0.55,lettered_or_numbered_paragraph_marker,,4,bridgeport-connecticut-afe7c678fa5dfc85-node-000550
bridgeport-connecticut-afe7c678fa5dfc85,156,12,0,(3) Equipment or supply rental businesses;,333.45001220703125,298.7544250488281,512.7506103515625,311.8834228515625,9.5,ProximaNova-Light,4,612.0,792.0,(3) Equipment or supply rental businesses;,False,False,Paragraph,lettered_or_numbered,0.55,lettered_or_numbered_paragraph_marker,,4,bridgeport-connecticut-afe7c678fa5dfc85-node-000551
bridgeport-connecticut-afe7c678fa5dfc85,156,13,0,B. Purpose. The home occupation regulations of this,40.5,301.7544250488281,267.6228942871094,315.50091552734375,9.5,ProximaNova-Bold | ProximaNova-Light,20,612.0,792.0,B. Purpose. The home occupation regulations of this,False,True,Paragraph,lettered_or_numbered,0.55,lettered_or_numbered_paragraph_marker,,4,bridgeport-connecticut-afe7c678fa5dfc85-node-000552
bridgeport-connecticut-afe7c678fa5dfc85,156,14,0,"(4) Taxi, limo, van or bus services;",333.45001220703125,319.7544250488281,475.8431091308594,332.8834228515625,9.5,ProximaNova-Light,4,612.0,792.0,"(4) Taxi, limo, van or bus services;",False,False,Paragraph,lettered_or_numbered,0.55,lettered_or_numbered_paragraph_marker,,4,bridgeport-connecticut-afe7c678fa5dfc85-node-000553
bridgeport-connecticut-afe7c678fa5dfc85,156,15,0,(5) Tow truck services;,333.45001220703125,340.7544250488281,429.435546875,353.8834228515625,9.5,ProximaNova-Light,4,612.0,792.0,(5) Tow truck services;,False,False,Paragraph,lettered_or_numbered,0.55,lettered_or_numbered_paragraph_marker,,4,bridgeport-connecticut-afe7c678fa5dfc85-node-000554
bridgeport-connecticut-afe7c678fa5dfc85,156,16,0,(6) Restaurants;,333.45001220703125,361.7544250488281,401.3915100097656,374.8834228515625,9.5,ProximaNova-Light,4,612.0,792.0,(6) Restaurants;,False,False,Paragraph,lettered_or_numbered,0.55,lettered_or_numbered_paragraph_marker,,4,bridgeport-connecticut-afe7c678fa5dfc85-node-000555
bridgeport-connecticut-afe7c678fa5dfc85,156,18,0,(7) Funeral or interment services;,333.45001220703125,382.7544250488281,475.9380798339844,395.8834228515625,9.5,ProximaNova-Light,4,612.0,792.0,(7) Funeral or interment services;,False,False,Paragraph,lettered_or_numbered,0.55,lettered_or_numbered_paragraph_marker,,4,bridgeport-connecticut-afe7c678fa5dfc85-node-000556
bridgeport-connecticut-afe7c678fa5dfc85,156,19,0,C. Types of Home Occupations. These regulations,40.5,394.7544250488281,261.5398254394531,408.50091552734375,9.5,ProximaNova-Bold | ProximaNova-Light,20,612.0,792.0,C. Types of Home Occupations. These regulations,False,True,Paragraph,lettered_or_numbered,0.55,lettered_or_numbered_paragraph_marker,,4,bridgeport-connecticut-afe7c678fa5dfc85-node-000557
bridgeport-connecticut-afe7c678fa5dfc85,156,20,0,"(8) Animal care, shelter or boarding establishments;",333.45001220703125,403.7544250488281,551.7955322265625,416.8834228515625,9.5,ProximaNova-Light,4,612.0,792.0,"(8) Animal care, shelter or boarding establishments;",False,False,Paragraph,lettered_or_numbered,0.55,lettered_or_numbered_paragraph_marker,,4,bridgeport-connecticut-afe7c678fa5dfc85-node-000558
bridgeport-connecticut-afe7c678fa5dfc85,156,22,0,(9) Commercial food preparation;,333.45001220703125,424.7544250488281,473.9810485839844,437.8834228515625,9.5,ProximaNova-Light,4,612.0,792.0,(9) Commercial food preparation;,False,False,Paragraph,lettered_or_numbered,0.55,lettered_or_numbered_paragraph_marker,,4,bridgeport-connecticut-afe7c678fa5dfc85-node-000559
bridgeport-connecticut-afe7c678fa5dfc85,156,23,0,(10) Home-based day care for more than 6 children;,333.45001220703125,445.7544250488281,547.3306274414062,458.8834228515625,9.5,ProximaNova-Light,4,612.0,792.0,(10) Home-based day care for more than 6 children;,False,False,Paragraph,lettered_or_numbered,0.55,lettered_or_numbered_paragraph_marker,,4,bridgeport-connecticut-afe7c678fa5dfc85-node-000560
bridgeport-connecticut-afe7c678fa5dfc85,156,24,0,"(11) Any use involving the use or storage of vehicles,",333.45001220703125,466.7544250488281,553.84765625,479.8834228515625,9.5,ProximaNova-Light,4,612.0,792.0,"(11) Any use involving the use or storage of vehicles,",False,False,Paragraph,lettered_or_numbered,0.55,lettered_or_numbered_paragraph_marker,,4,bridgeport-connecticut-afe7c678fa5dfc85-node-000561
bridgeport-connecticut-afe7c678fa5dfc85,156,27,0,(12) Any home-based work activity that does not comply,333.45001220703125,523.75439453125,567.3755493164062,536.8833618164062,9.5,ProximaNova-Light,4,612.0,792.0,(12) Any home-based work activity that does not comply,False,False,Paragraph,lettered_or_numbered,0.55,lettered_or_numbered_paragraph_marker,,4,bridgeport-connecticut-afe7c678fa5dfc85-node-000562
bridgeport-connecticut-afe7c678fa5dfc85,156,28,0,(2) Home Businesses. Home businesses are home,58.5,532.75439453125,276.6790466308594,546.5008544921875,9.5,ProximaNova-Bold | ProximaNova-Light,20,612.0,792.0,(2) Home Businesses. Home businesses are home,False,True,Paragraph,lettered_or_numbered,0.55,lettered_or_numbered_paragraph_marker,,4,bridgeport-connecticut-afe7c678fa5dfc85-node-000563
bridgeport-connecticut-afe7c678fa5dfc85,156,30,0,G. Home Offices. Home offices are allowed as an,315.45001220703125,556.75439453125,530.1524047851562,570.5008544921875,9.5,ProximaNova-Bold | ProximaNova-Light,20,612.0,792.0,G. Home Offices. Home offices are allowed as an,False,True,Paragraph,lettered_or_numbered,0.55,lettered_or_numbered_paragraph_marker,,4,bridgeport-connecticut-afe7c678fa5dfc85-node-000564
bridgeport-connecticut-afe7c678fa5dfc85,156,34,0,D. Exemptions. Nonresidential uses that are expressly,40.5,637.75439453125,273.3039245605469,651.5008544921875,9.5,ProximaNova-Bold | ProximaNova-Light,20,612.0,792.0,D. Exemptions. Nonresidential uses that are expressly,False,True,Paragraph,lettered_or_numbered,0.55,lettered_or_numbered_paragraph_marker,,4,bridgeport-connecticut-afe7c678fa5dfc85-node-000565
bridgeport-connecticut-afe7c678fa5dfc85,156,35,0,"(2) No clients, customers, patients, or students are",333.45001220703125,658.75439453125,546.4850463867188,671.8833618164062,9.5,ProximaNova-Light,4,612.0,792.0,"(2) No clients, customers, patients, or students are",False,False,Paragraph,lettered_or_numbered,0.55,lettered_or_numbered_paragraph_marker,,4,bridgeport-connecticut-afe7c678fa5dfc85-node-000566
bridgeport-connecticut-afe7c678fa5dfc85,156,38,0,(3) Only residents of the dwelling in which the home,333.45001220703125,691.75439453125,555.1680297851562,704.8833618164062,9.5,ProximaNova-Light,4,612.0,792.0,(3) Only residents of the dwelling in which the home,False,False,Paragraph,lettered_or_numbered,0.55,lettered_or_numbered_paragraph_marker,,4,bridgeport-connecticut-afe7c678fa5dfc85-node-000567
bridgeport-connecticut-afe7c678fa5dfc85,157,1,0,(2) At least one individual engaged in the home,337.95001220703125,82.75437927246094,540.9530639648438,95.88338470458984,9.5,ProximaNova-Light,4,612.0,792.0,(2) At least one individual engaged in the home,False,False,Paragraph,lettered_or_numbered,0.55,lettered_or_numbered_paragraph_marker,,4,bridgeport-connecticut-afe7c678fa5dfc85-node-000568
bridgeport-connecticut-afe7c678fa5dfc85,157,3,0,(4) Home offices that change the physical form of the,63.0,115.75437927246094,288.8789978027344,128.8833770751953,9.5,ProximaNova-Light,4,612.0,792.0,(4) Home offices that change the physical form of the,False,False,Paragraph,lettered_or_numbered,0.55,lettered_or_numbered_paragraph_marker,,4,bridgeport-connecticut-afe7c678fa5dfc85-node-000569
bridgeport-connecticut-afe7c678fa5dfc85,157,5,0,(3) A maximum of 2 nonresident employees are,337.95001220703125,139.75437927246094,541.257080078125,152.8833770751953,9.5,ProximaNova-Light,4,612.0,792.0,(3) A maximum of 2 nonresident employees are,False,False,Paragraph,lettered_or_numbered,0.55,lettered_or_numbered_paragraph_marker,,4,bridgeport-connecticut-afe7c678fa5dfc85-node-000570
bridgeport-connecticut-afe7c678fa5dfc85,157,8,0,(5) External structural alterations or site improvements,63.0,220.75437927246094,291.22552490234375,233.8833770751953,9.5,ProximaNova-Light,4,612.0,792.0,(5) External structural alterations or site improvements,False,False,Paragraph,lettered_or_numbered,0.55,lettered_or_numbered_paragraph_marker,,4,bridgeport-connecticut-afe7c678fa5dfc85-node-000571
bridgeport-connecticut-afe7c678fa5dfc85,157,9,0,(4) No more than 8 clients or customers may visit the,337.95001220703125,232.75437927246094,562.3187255859375,245.8833770751953,9.5,ProximaNova-Light,4,612.0,792.0,(4) No more than 8 clients or customers may visit the,False,False,Paragraph,lettered_or_numbered,0.55,lettered_or_numbered_paragraph_marker,,4,bridgeport-connecticut-afe7c678fa5dfc85-node-000572
bridgeport-connecticut-afe7c678fa5dfc85,157,11,0,(5) Face-to-face or walk-in retail sales activities are,337.95001220703125,289.7544250488281,552.6465454101562,302.8834228515625,9.5,ProximaNova-Light,4,612.0,792.0,(5) Face-to-face or walk-in retail sales activities are,False,False,Paragraph,lettered_or_numbered,0.55,lettered_or_numbered_paragraph_marker,,4,bridgeport-connecticut-afe7c678fa5dfc85-node-000573
bridgeport-connecticut-afe7c678fa5dfc85,157,13,0,(6) No display of any material or merchandise is,63.0,325.7544250488281,266.155029296875,338.8834228515625,9.5,ProximaNova-Light,4,612.0,792.0,(6) No display of any material or merchandise is,False,False,Paragraph,lettered_or_numbered,0.55,lettered_or_numbered_paragraph_marker,,4,bridgeport-connecticut-afe7c678fa5dfc85-node-000574
bridgeport-connecticut-afe7c678fa5dfc85,157,16,0,(7) The use or storage of hazardous substances is,63.0,358.7544250488281,276.3389892578125,371.8834228515625,9.5,ProximaNova-Light,4,612.0,792.0,(7) The use or storage of hazardous substances is,False,False,Paragraph,lettered_or_numbered,0.55,lettered_or_numbered_paragraph_marker,,4,bridgeport-connecticut-afe7c678fa5dfc85-node-000575
bridgeport-connecticut-afe7c678fa5dfc85,157,17,0,(6) Home businesses that change the physical form,337.95001220703125,370.7544250488281,556.3432006835938,383.8834228515625,9.5,ProximaNova-Light,4,612.0,792.0,(6) Home businesses that change the physical form,False,False,Paragraph,lettered_or_numbered,0.55,lettered_or_numbered_paragraph_marker,,4,bridgeport-connecticut-afe7c678fa5dfc85-node-000576
bridgeport-connecticut-afe7c678fa5dfc85,157,19,0,(8) Home offices and all related activities must be,63.0,403.7544250488281,273.3465270996094,416.8834228515625,9.5,ProximaNova-Light,4,612.0,792.0,(8) Home offices and all related activities must be,False,False,Paragraph,lettered_or_numbered,0.55,lettered_or_numbered_paragraph_marker,,4,bridgeport-connecticut-afe7c678fa5dfc85-node-000577
bridgeport-connecticut-afe7c678fa5dfc85,157,21,0,(9) Deliveries or pickups of supplies or products,63.0,448.7544250488281,267.34246826171875,461.8834228515625,9.5,ProximaNova-Light,4,612.0,792.0,(9) Deliveries or pickups of supplies or products,False,False,Paragraph,lettered_or_numbered,0.55,lettered_or_numbered_paragraph_marker,,4,bridgeport-connecticut-afe7c678fa5dfc85-node-000578
bridgeport-connecticut-afe7c678fa5dfc85,157,23,0,(7) External structural alterations or site improvements,337.95001220703125,487.7544250488281,566.1754150390625,500.8834228515625,9.5,ProximaNova-Light,4,612.0,792.0,(7) External structural alterations or site improvements,False,False,Paragraph,lettered_or_numbered,0.55,lettered_or_numbered_paragraph_marker,,4,bridgeport-connecticut-afe7c678fa5dfc85-node-000579
bridgeport-connecticut-afe7c678fa5dfc85,157,25,0,"(10) More than one home office is allowed, but the",63.0,517.75439453125,273.0615234375,530.8833618164062,9.5,ProximaNova-Light,4,612.0,792.0,"(10) More than one home office is allowed, but the",False,False,Paragraph,lettered_or_numbered,0.55,lettered_or_numbered_paragraph_marker,,4,bridgeport-connecticut-afe7c678fa5dfc85-node-000580
bridgeport-connecticut-afe7c678fa5dfc85,157,27,0,H. Home Businesses. Home businesses are allowed as an,45.0,562.75439453125,296.6285400390625,576.5008544921875,9.5,ProximaNova-Bold | ProximaNova-Light,20,612.0,792.0,H. Home Businesses. Home businesses are allowed as an,False,True,Paragraph,lettered_or_numbered,0.55,lettered_or_numbered_paragraph_marker,,4,bridgeport-connecticut-afe7c678fa5dfc85-node-000581
bridgeport-connecticut-afe7c678fa5dfc85,157,29,0,(8) Any tools or equipment used as part of a home,337.95001220703125,592.75439453125,552.8472290039062,605.8833618164062,9.5,ProximaNova-Light,4,612.0,792.0,(8) Any tools or equipment used as part of a home,False,False,Paragraph,lettered_or_numbered,0.55,lettered_or_numbered_paragraph_marker,,4,bridgeport-connecticut-afe7c678fa5dfc85-node-000582
bridgeport-connecticut-afe7c678fa5dfc85,157,32,0,(9) The use or storage of hazardous substances is,337.95001220703125,649.75439453125,551.2891235351562,662.8833618164062,9.5,ProximaNova-Light,4,612.0,792.0,(9) The use or storage of hazardous substances is,False,False,Paragraph,lettered_or_numbered,0.55,lettered_or_numbered_paragraph_marker,,4,bridgeport-connecticut-afe7c678fa5dfc85-node-000583
bridgeport-connecticut-afe7c678fa5dfc85,157,35,0,"(10) Home businesses and all related activities, including",337.95001220703125,694.75439453125,573.2816162109375,707.8833618164062,9.5,ProximaNova-Light,4,612.0,792.0,"(10) Home businesses and all related activities, including",False,False,Paragraph,lettered_or_numbered,0.55,lettered_or_numbered_paragraph_marker,,4,bridgeport-connecticut-afe7c678fa5dfc85-node-000584
bridgeport-connecticut-afe7c678fa5dfc85,158,3,0,(11) Deliveries or pickups of supplies or products,58.5,127.75437927246094,262.84246826171875,140.8833770751953,9.5,ProximaNova-Light,4,612.0,792.0,(11) Deliveries or pickups of supplies or products,False,False,Paragraph,lettered_or_numbered,0.55,lettered_or_numbered_paragraph_marker,,4,bridgeport-connecticut-afe7c678fa5dfc85-node-000585
bridgeport-connecticut-afe7c678fa5dfc85,158,4,0,(2) The sidewalk cafe must have tables and chairs for,333.45001220703125,127.75437927246094,559.8421020507812,140.8833770751953,9.5,ProximaNova-Light,4,612.0,792.0,(2) The sidewalk cafe must have tables and chairs for,False,False,Paragraph,lettered_or_numbered,0.55,lettered_or_numbered_paragraph_marker,,4,bridgeport-connecticut-afe7c678fa5dfc85-node-000586
bridgeport-connecticut-afe7c678fa5dfc85,158,7,0,(12) No more than one home business is allowed on,58.5,196.75437927246094,276.4180603027344,209.8833770751953,9.5,ProximaNova-Light,4,612.0,792.0,(12) No more than one home business is allowed on,False,False,Paragraph,lettered_or_numbered,0.55,lettered_or_numbered_paragraph_marker,,4,bridgeport-connecticut-afe7c678fa5dfc85-node-000587
bridgeport-connecticut-afe7c678fa5dfc85,158,8,0,(3) Sidewalk cafe areas in which liquor service is,333.45001220703125,208.75437927246094,539.901611328125,221.8833770751953,9.5,ProximaNova-Light,4,612.0,792.0,(3) Sidewalk cafe areas in which liquor service is,False,False,Paragraph,lettered_or_numbered,0.55,lettered_or_numbered_paragraph_marker,,4,bridgeport-connecticut-afe7c678fa5dfc85-node-000588
bridgeport-connecticut-afe7c678fa5dfc85,158,11,0,(4) The sidewalk cafe may not remain open beyond the,333.45001220703125,265.75439453125,568.838623046875,278.8833923339844,9.5,ProximaNova-Light,4,612.0,792.0,(4) The sidewalk cafe may not remain open beyond the,False,False,Paragraph,lettered_or_numbered,0.55,lettered_or_numbered_paragraph_marker,,4,bridgeport-connecticut-afe7c678fa5dfc85-node-000589
bridgeport-connecticut-afe7c678fa5dfc85,158,13,0,(5) Sidewalk cafes that constitute a nuisance to,333.45001220703125,298.7544250488281,534.135009765625,311.8834228515625,9.5,ProximaNova-Light,4,612.0,792.0,(5) Sidewalk cafes that constitute a nuisance to,False,False,Paragraph,lettered_or_numbered,0.55,lettered_or_numbered_paragraph_marker,,4,bridgeport-connecticut-afe7c678fa5dfc85-node-000590
bridgeport-connecticut-afe7c678fa5dfc85,158,15,0,A. Sidewalk Definition. Solely for the purpose of,40.5,322.7544250488281,251.6678924560547,336.50091552734375,9.5,ProximaNova-Bold | ProximaNova-Light,20,612.0,792.0,A. Sidewalk Definition. Solely for the purpose of,False,True,Paragraph,lettered_or_numbered,0.55,lettered_or_numbered_paragraph_marker,,4,bridgeport-connecticut-afe7c678fa5dfc85-node-000591
bridgeport-connecticut-afe7c678fa5dfc85,158,17,0,D. Permit. A sidewalk cafe permit must be posted on,315.45001220703125,379.7544250488281,543.2001342773438,393.50091552734375,9.5,ProximaNova-Bold | ProximaNova-Light,20,612.0,792.0,D. Permit. A sidewalk cafe permit must be posted on,False,True,Paragraph,lettered_or_numbered,0.55,lettered_or_numbered_paragraph_marker,,4,bridgeport-connecticut-afe7c678fa5dfc85-node-000592
bridgeport-connecticut-afe7c678fa5dfc85,158,21,0,B. Application. Applications for approval of sidewalk cafes,40.5,427.7544250488281,291.1541748046875,441.50091552734375,9.5,ProximaNova-Bold | ProximaNova-Light,20,612.0,792.0,B. Application. Applications for approval of sidewalk cafes,False,True,Paragraph,lettered_or_numbered,0.55,lettered_or_numbered_paragraph_marker,,4,bridgeport-connecticut-afe7c678fa5dfc85-node-000593
bridgeport-connecticut-afe7c678fa5dfc85,158,28,0,(2) The completed application must be accompanied,58.5,505.75439453125,282.9349365234375,518.8833618164062,9.5,ProximaNova-Light,4,612.0,792.0,(2) The completed application must be accompanied,False,False,Paragraph,lettered_or_numbered,0.55,lettered_or_numbered_paragraph_marker,,4,bridgeport-connecticut-afe7c678fa5dfc85-node-000594
bridgeport-connecticut-afe7c678fa5dfc85,158,29,0,(2) Permits are not assignable and must be renewed,333.45001220703125,507.25439453125,556.0990600585938,520.3833618164062,9.5,ProximaNova-Light,4,612.0,792.0,(2) Permits are not assignable and must be renewed,False,False,Paragraph,lettered_or_numbered,0.55,lettered_or_numbered_paragraph_marker,,4,bridgeport-connecticut-afe7c678fa5dfc85-node-000595
bridgeport-connecticut-afe7c678fa5dfc85,158,31,0,(3) Permit may be revoked by the zoning enforcement,333.45001220703125,540.25439453125,563.2145385742188,553.3833618164062,9.5,ProximaNova-Light,4,612.0,792.0,(3) Permit may be revoked by the zoning enforcement,False,False,Paragraph,lettered_or_numbered,0.55,lettered_or_numbered_paragraph_marker,,4,bridgeport-connecticut-afe7c678fa5dfc85-node-000596
bridgeport-connecticut-afe7c678fa5dfc85,158,33,0,(3) The completed application must be accompanied,58.5,562.75439453125,282.9349365234375,575.8833618164062,9.5,ProximaNova-Light,4,612.0,792.0,(3) The completed application must be accompanied,False,False,Paragraph,lettered_or_numbered,0.55,lettered_or_numbered_paragraph_marker,,4,bridgeport-connecticut-afe7c678fa5dfc85-node-000597
bridgeport-connecticut-afe7c678fa5dfc85,158,36,0,(4) Planning and zoning commission approval is,58.5,595.75439453125,261.44598388671875,608.8833618164062,9.5,ProximaNova-Light,4,612.0,792.0,(4) Planning and zoning commission approval is,False,False,Paragraph,lettered_or_numbered,0.55,lettered_or_numbered_paragraph_marker,,4,bridgeport-connecticut-afe7c678fa5dfc85-node-000598
bridgeport-connecticut-afe7c678fa5dfc85,158,37,2,A. Description. The outdoor display of merchandise or,315.45001220703125,597.25439453125,550.3720703125,611.0008544921875,9.5,ProximaNova-Bold | ProximaNova-Light,20,612.0,792.0,A. Description. The outdoor display of merchandise or,False,True,Paragraph,lettered_or_numbered,0.55,lettered_or_numbered_paragraph_marker,,4,bridgeport-connecticut-afe7c678fa5dfc85-node-000599
bridgeport-connecticut-afe7c678fa5dfc85,158,39,0,B. Building and Site Regulations. The following,315.45001220703125,642.25439453125,523.7218017578125,656.0008544921875,9.5,ProximaNova-Bold | ProximaNova-Light,20,612.0,792.0,B. Building and Site Regulations. The following,False,True,Paragraph,lettered_or_numbered,0.55,lettered_or_numbered_paragraph_marker,,4,bridgeport-connecticut-afe7c678fa5dfc85-node-000600
bridgeport-connecticut-afe7c678fa5dfc85,158,41,0,C. Conditions. Sidewalk cafes are subject to all of the,40.5,664.75439453125,271.5937805175781,678.5008544921875,9.5,ProximaNova-Bold | ProximaNova-Light,20,612.0,792.0,C. Conditions. Sidewalk cafes are subject to all of the,False,True,Paragraph,lettered_or_numbered,0.55,lettered_or_numbered_paragraph_marker,,4,bridgeport-connecticut-afe7c678fa5dfc85-node-000601
bridgeport-connecticut-afe7c678fa5dfc85,159,1,0,(8) The area occupied by outdoor vending machines,337.95001220703125,82.75437927246094,561.7390747070312,95.88338470458984,9.5,ProximaNova-Light,4,612.0,792.0,(8) The area occupied by outdoor vending machines,False,False,Paragraph,lettered_or_numbered,0.55,lettered_or_numbered_paragraph_marker,,4,bridgeport-connecticut-afe7c678fa5dfc85-node-000602
bridgeport-connecticut-afe7c678fa5dfc85,159,3,0,(2) Outdoor displays on corner lots must be confined to,63.0,115.75437927246094,298.3789978027344,128.8833770751953,9.5,ProximaNova-Light,4,612.0,792.0,(2) Outdoor displays on corner lots must be confined to,False,False,Paragraph,lettered_or_numbered,0.55,lettered_or_numbered_paragraph_marker,,4,bridgeport-connecticut-afe7c678fa5dfc85-node-000603
bridgeport-connecticut-afe7c678fa5dfc85,159,6,0,(3) Merchandise or other items may only be displayed,63.0,148.75437927246094,291.8809509277344,161.8833770751953,9.5,ProximaNova-Light,4,612.0,792.0,(3) Merchandise or other items may only be displayed,False,False,Paragraph,lettered_or_numbered,0.55,lettered_or_numbered_paragraph_marker,,4,bridgeport-connecticut-afe7c678fa5dfc85-node-000604
bridgeport-connecticut-afe7c678fa5dfc85,159,7,0,"(9) If exposed conduits or pipes are required (e.g., to",337.95001220703125,151.75437927246094,561.4730834960938,164.8833770751953,9.5,ProximaNova-Light,4,612.0,792.0,"(9) If exposed conduits or pipes are required (e.g., to",False,False,Paragraph,lettered_or_numbered,0.55,lettered_or_numbered_paragraph_marker,,4,bridgeport-connecticut-afe7c678fa5dfc85-node-000605
bridgeport-connecticut-afe7c678fa5dfc85,159,9,0,(4) Outdoor display areas may not interfere with,63.0,181.75437927246094,266.6965026855469,194.8833770751953,9.5,ProximaNova-Light,4,612.0,792.0,(4) Outdoor display areas may not interfere with,False,False,Paragraph,lettered_or_numbered,0.55,lettered_or_numbered_paragraph_marker,,4,bridgeport-connecticut-afe7c678fa5dfc85-node-000606
bridgeport-connecticut-afe7c678fa5dfc85,159,12,0,"C. Outdoor Vending Machines. Vending machines,",45.0,250.75437927246094,266.81329345703125,264.5008850097656,9.5,ProximaNova-Bold | ProximaNova-Light,20,612.0,792.0,"C. Outdoor Vending Machines. Vending machines,",False,True,Paragraph,lettered_or_numbered,0.55,lettered_or_numbered_paragraph_marker,,4,bridgeport-connecticut-afe7c678fa5dfc85-node-000607
bridgeport-connecticut-afe7c678fa5dfc85,159,13,0,(10) All outdoor vending machines must be maintained,337.95001220703125,256.75439453125,565.1401977539062,269.8833923339844,9.5,ProximaNova-Light,4,612.0,792.0,(10) All outdoor vending machines must be maintained,False,False,Paragraph,lettered_or_numbered,0.55,lettered_or_numbered_paragraph_marker,,4,bridgeport-connecticut-afe7c678fa5dfc85-node-000608
bridgeport-connecticut-afe7c678fa5dfc85,159,17,2,A. Description. The outdoor storage of goods that are not,319.95001220703125,373.7544250488281,569.0936279296875,387.50091552734375,9.5,ProximaNova-Bold | ProximaNova-Light,20,612.0,792.0,A. Description. The outdoor storage of goods that are not,False,True,Paragraph,lettered_or_numbered,0.55,lettered_or_numbered_paragraph_marker,,4,bridgeport-connecticut-afe7c678fa5dfc85-node-000609
bridgeport-connecticut-afe7c678fa5dfc85,159,19,0,(2) The back of any outdoor vending machine must be,63.0,388.7544250488281,294.2180480957031,401.8834228515625,9.5,ProximaNova-Light,4,612.0,792.0,(2) The back of any outdoor vending machine must be,False,False,Paragraph,lettered_or_numbered,0.55,lettered_or_numbered_paragraph_marker,,4,bridgeport-connecticut-afe7c678fa5dfc85-node-000610
bridgeport-connecticut-afe7c678fa5dfc85,159,20,0,B. General Building and Site Regulations. The following,319.95001220703125,406.7544250488281,564.7259521484375,420.50091552734375,9.5,ProximaNova-Bold | ProximaNova-Light,20,612.0,792.0,B. General Building and Site Regulations. The following,False,True,Paragraph,lettered_or_numbered,0.55,lettered_or_numbered_paragraph_marker,,4,bridgeport-connecticut-afe7c678fa5dfc85-node-000611
bridgeport-connecticut-afe7c678fa5dfc85,159,23,0,"(3) When located in the non-primary street yard, the",63.0,445.7544250488281,282.6660461425781,458.8834228515625,9.5,ProximaNova-Light,4,612.0,792.0,"(3) When located in the non-primary street yard, the",False,False,Paragraph,lettered_or_numbered,0.55,lettered_or_numbered_paragraph_marker,,4,bridgeport-connecticut-afe7c678fa5dfc85-node-000612
bridgeport-connecticut-afe7c678fa5dfc85,159,26,0,(4) Outdoor vending machines may not be lit after,63.0,490.7544250488281,275.11346435546875,503.8834228515625,9.5,ProximaNova-Light,4,612.0,792.0,(4) Outdoor vending machines may not be lit after,False,False,Paragraph,lettered_or_numbered,0.55,lettered_or_numbered_paragraph_marker,,4,bridgeport-connecticut-afe7c678fa5dfc85-node-000613
bridgeport-connecticut-afe7c678fa5dfc85,159,27,0,(2) Outdoor storage areas count toward maximum,337.95001220703125,496.7544250488281,550.443603515625,509.8834228515625,9.5,ProximaNova-Light,4,612.0,792.0,(2) Outdoor storage areas count toward maximum,False,False,Paragraph,lettered_or_numbered,0.55,lettered_or_numbered_paragraph_marker,,4,bridgeport-connecticut-afe7c678fa5dfc85-node-000614
bridgeport-connecticut-afe7c678fa5dfc85,159,30,0,(5) Outdoor vending machines may not obstruct,63.0,523.75439453125,267.00048828125,536.8833618164062,9.5,ProximaNova-Light,4,612.0,792.0,(5) Outdoor vending machines may not obstruct,False,False,Paragraph,lettered_or_numbered,0.55,lettered_or_numbered_paragraph_marker,,4,bridgeport-connecticut-afe7c678fa5dfc85-node-000615
bridgeport-connecticut-afe7c678fa5dfc85,159,31,0,(3) All materials or wastes stored outdoors that cause,337.95001220703125,529.75439453125,564.1995849609375,542.8833618164062,9.5,ProximaNova-Light,4,612.0,792.0,(3) All materials or wastes stored outdoors that cause,False,False,Paragraph,lettered_or_numbered,0.55,lettered_or_numbered_paragraph_marker,,4,bridgeport-connecticut-afe7c678fa5dfc85-node-000616
bridgeport-connecticut-afe7c678fa5dfc85,159,34,0,(4) No materials or wastes may be stored or deposited,337.95001220703125,586.75439453125,569.85205078125,599.8833618164062,9.5,ProximaNova-Light,4,612.0,792.0,(4) No materials or wastes may be stored or deposited,False,False,Paragraph,lettered_or_numbered,0.55,lettered_or_numbered_paragraph_marker,,4,bridgeport-connecticut-afe7c678fa5dfc85-node-000617
bridgeport-connecticut-afe7c678fa5dfc85,159,35,0,(6) Outdoor vending machines may not be located,63.0,604.75439453125,277.7734680175781,617.8833618164062,9.5,ProximaNova-Light,4,612.0,792.0,(6) Outdoor vending machines may not be located,False,False,Paragraph,lettered_or_numbered,0.55,lettered_or_numbered_paragraph_marker,,4,bridgeport-connecticut-afe7c678fa5dfc85-node-000618
bridgeport-connecticut-afe7c678fa5dfc85,159,37,0,(5) All outdoor storage areas must be screened from,337.95001220703125,643.75439453125,561.4826049804688,656.8833618164062,9.5,ProximaNova-Light,4,612.0,792.0,(5) All outdoor storage areas must be screened from,False,False,Paragraph,lettered_or_numbered,0.55,lettered_or_numbered_paragraph_marker,,4,bridgeport-connecticut-afe7c678fa5dfc85-node-000619
bridgeport-connecticut-afe7c678fa5dfc85,159,40,0,(7) No more than 2 outdoor vending machines are,63.0,673.75439453125,277.2130432128906,686.8833618164062,9.5,ProximaNova-Light,4,612.0,792.0,(7) No more than 2 outdoor vending machines are,False,False,Paragraph,lettered_or_numbered,0.55,lettered_or_numbered_paragraph_marker,,4,bridgeport-connecticut-afe7c678fa5dfc85-node-000620
bridgeport-connecticut-afe7c678fa5dfc85,159,42,0,C. Parking and Storage of RVs and Inoperable and,319.95001220703125,688.75439453125,545.6058349609375,702.5008544921875,9.5,ProximaNova-Bold,20,612.0,792.0,C. Parking and Storage of RVs and Inoperable and,False,True,Paragraph,lettered_or_numbered,0.55,lettered_or_numbered_paragraph_marker,,4,bridgeport-connecticut-afe7c678fa5dfc85-node-000621
bridgeport-connecticut-afe7c678fa5dfc85,160,1,0,D. Industrial Zone Building and Site Regulations.,40.5,82.75437927246094,255.67727661132812,96.50088500976562,9.5,ProximaNova-Bold,20,612.0,792.0,D. Industrial Zone Building and Site Regulations.,False,True,Paragraph,lettered_or_numbered,0.55,lettered_or_numbered_paragraph_marker,,4,bridgeport-connecticut-afe7c678fa5dfc85-node-000622
bridgeport-connecticut-afe7c678fa5dfc85,160,4,0,(5) A cleared fire lane must be maintained to facilitate,333.45001220703125,127.75437927246094,560.459716796875,140.8833770751953,9.5,ProximaNova-Light,4,612.0,792.0,(5) A cleared fire lane must be maintained to facilitate,False,False,Paragraph,lettered_or_numbered,0.55,lettered_or_numbered_paragraph_marker,,4,bridgeport-connecticut-afe7c678fa5dfc85-node-000623
bridgeport-connecticut-afe7c678fa5dfc85,160,7,0,(6) Nothing in this section precludes the planning,333.45001220703125,172.75437927246094,542.6851806640625,185.8833770751953,9.5,ProximaNova-Light,4,612.0,792.0,(6) Nothing in this section precludes the planning,False,False,Paragraph,lettered_or_numbered,0.55,lettered_or_numbered_paragraph_marker,,4,bridgeport-connecticut-afe7c678fa5dfc85-node-000624
bridgeport-connecticut-afe7c678fa5dfc85,160,13,0,"(7) No goods, materials or equipment may be stored",333.45001220703125,253.75437927246094,556.3745727539062,266.8833923339844,9.5,ProximaNova-Light,4,612.0,792.0,"(7) No goods, materials or equipment may be stored",False,False,Paragraph,lettered_or_numbered,0.55,lettered_or_numbered_paragraph_marker,,4,bridgeport-connecticut-afe7c678fa5dfc85-node-000625
bridgeport-connecticut-afe7c678fa5dfc85,160,18,0,"(8) Any goods, materials or equipment stored outdoors",333.45001220703125,322.7544250488281,566.43505859375,335.8834228515625,9.5,ProximaNova-Light,4,612.0,792.0,"(8) Any goods, materials or equipment stored outdoors",False,False,Paragraph,lettered_or_numbered,0.55,lettered_or_numbered_paragraph_marker,,4,bridgeport-connecticut-afe7c678fa5dfc85-node-000626
bridgeport-connecticut-afe7c678fa5dfc85,160,24,2,A. Description. Live music accessory use allows for,315.45001220703125,403.7544250488281,537.2810668945312,417.50091552734375,9.5,ProximaNova-Bold | ProximaNova-Light,20,612.0,792.0,A. Description. Live music accessory use allows for,False,True,Paragraph,lettered_or_numbered,0.55,lettered_or_numbered_paragraph_marker,,4,bridgeport-connecticut-afe7c678fa5dfc85-node-000627
bridgeport-connecticut-afe7c678fa5dfc85,160,26,0,B. Purpose. The live music accessory use regulations of,315.45001220703125,448.7544250488281,556.2625732421875,462.50091552734375,9.5,ProximaNova-Bold | ProximaNova-Light,20,612.0,792.0,B. Purpose. The live music accessory use regulations of,False,True,Paragraph,lettered_or_numbered,0.55,lettered_or_numbered_paragraph_marker,,4,bridgeport-connecticut-afe7c678fa5dfc85-node-000628
bridgeport-connecticut-afe7c678fa5dfc85,160,30,0,(2) No material may be received at the facility that is,58.5,484.7544250488281,279.4104919433594,497.8834228515625,9.5,ProximaNova-Light,4,612.0,792.0,(2) No material may be received at the facility that is,False,False,Paragraph,lettered_or_numbered,0.55,lettered_or_numbered_paragraph_marker,,4,bridgeport-connecticut-afe7c678fa5dfc85-node-000629
bridgeport-connecticut-afe7c678fa5dfc85,160,33,0,(2) Recognize the importance of live music to the,333.45001220703125,514.75439453125,542.26708984375,527.8833618164062,9.5,ProximaNova-Light,4,612.0,792.0,(2) Recognize the importance of live music to the,False,False,Paragraph,lettered_or_numbered,0.55,lettered_or_numbered_paragraph_marker,,4,bridgeport-connecticut-afe7c678fa5dfc85-node-000630
bridgeport-connecticut-afe7c678fa5dfc85,160,35,0,(3) All materials and activities not within fully enclosed,58.5,529.75439453125,286.801513671875,542.8833618164062,9.5,ProximaNova-Light,4,612.0,792.0,(3) All materials and activities not within fully enclosed,False,False,Paragraph,lettered_or_numbered,0.55,lettered_or_numbered_paragraph_marker,,4,bridgeport-connecticut-afe7c678fa5dfc85-node-000631
bridgeport-connecticut-afe7c678fa5dfc85,160,36,0,(3) Ensure that live music accessory uses remain,333.45001220703125,547.75439453125,540.2626342773438,560.8833618164062,9.5,ProximaNova-Light,4,612.0,792.0,(3) Ensure that live music accessory uses remain,False,False,Paragraph,lettered_or_numbered,0.55,lettered_or_numbered_paragraph_marker,,4,bridgeport-connecticut-afe7c678fa5dfc85-node-000632
bridgeport-connecticut-afe7c678fa5dfc85,160,38,0,(4) Minimize potential disturbances or nuisances,333.45001220703125,580.75439453125,538.5240478515625,593.8833618164062,9.5,ProximaNova-Light,4,612.0,792.0,(4) Minimize potential disturbances or nuisances,False,False,Paragraph,lettered_or_numbered,0.55,lettered_or_numbered_paragraph_marker,,4,bridgeport-connecticut-afe7c678fa5dfc85-node-000633
bridgeport-connecticut-afe7c678fa5dfc85,160,40,0,C. Zoning Districts Permitted.,315.45001220703125,613.75439453125,448.7325744628906,627.5008544921875,9.5,ProximaNova-Bold,20,612.0,792.0,C. Zoning Districts Permitted.,False,True,Paragraph,lettered_or_numbered,0.55,lettered_or_numbered_paragraph_marker,,4,bridgeport-connecticut-afe7c678fa5dfc85-node-000634
bridgeport-connecticut-afe7c678fa5dfc85,160,42,0,(4) All materials must be stored in such a manner as to,58.5,670.75439453125,289.5849914550781,683.8833618164062,9.5,ProximaNova-Light,4,612.0,792.0,(4) All materials must be stored in such a manner as to,False,False,Paragraph,lettered_or_numbered,0.55,lettered_or_numbered_paragraph_marker,,4,bridgeport-connecticut-afe7c678fa5dfc85-node-000635
bridgeport-connecticut-afe7c678fa5dfc85,161,1,0,(2) The accessory use is subject to approval by,63.0,82.75437927246094,264.4449768066406,95.88338470458984,9.5,ProximaNova-Light,4,612.0,792.0,(2) The accessory use is subject to approval by,False,False,Paragraph,lettered_or_numbered,0.55,lettered_or_numbered_paragraph_marker,,4,bridgeport-connecticut-afe7c678fa5dfc85-node-000636
bridgeport-connecticut-afe7c678fa5dfc85,161,3,0,D. General Regulations.,45.0,151.75437927246094,152.73226928710938,165.50088500976562,9.5,ProximaNova-Bold,20,612.0,792.0,D. General Regulations.,False,True,Paragraph,lettered_or_numbered,0.55,lettered_or_numbered_paragraph_marker,,4,bridgeport-connecticut-afe7c678fa5dfc85-node-000637
bridgeport-connecticut-afe7c678fa5dfc85,161,5,0,(2) Soundproofing. Establishments must provide,63.0,241.75437927246094,270.2959289550781,255.50088500976562,9.5,ProximaNova-Bold | ProximaNova-Light,20,612.0,792.0,(2) Soundproofing. Establishments must provide,False,True,Paragraph,lettered_or_numbered,0.55,lettered_or_numbered_paragraph_marker,,4,bridgeport-connecticut-afe7c678fa5dfc85-node-000638
bridgeport-connecticut-afe7c678fa5dfc85,161,7,0,(3) Outdoor Performances. Any outdoor performances,63.0,286.7544250488281,297.3382263183594,300.50091552734375,9.5,ProximaNova-Bold | ProximaNova-Light,20,612.0,792.0,(3) Outdoor Performances. Any outdoor performances,False,True,Paragraph,lettered_or_numbered,0.55,lettered_or_numbered_paragraph_marker,,4,bridgeport-connecticut-afe7c678fa5dfc85-node-000639
bridgeport-connecticut-afe7c678fa5dfc85,161,9,0,(4) Capacity. The maximum number of attendees at,63.0,331.7544250488281,282.6086120605469,345.50091552734375,9.5,ProximaNova-Bold | ProximaNova-Light,20,612.0,792.0,(4) Capacity. The maximum number of attendees at,False,True,Paragraph,lettered_or_numbered,0.55,lettered_or_numbered_paragraph_marker,,4,bridgeport-connecticut-afe7c678fa5dfc85-node-000640
bridgeport-connecticut-afe7c678fa5dfc85,164,0,0,5.0 Master Plan Developments (MPD),40.5,27.937376022338867,245.4119415283203,44.785377502441406,12.0,ProximaNova-Regular,4,612.0,792.0,5.0 Master Plan Developments (MPD),False,False,Title,chapter,0.7,decimal_pattern=chapter (N.0),5.0,1,bridgeport-connecticut-afe7c678fa5dfc85-node-000641
bridgeport-connecticut-afe7c678fa5dfc85,164,0,1,5.10 Generally,40.5,41.37941360473633,140.55801391601562,61.637413024902344,14.0,ProximaNova-Bold,20,612.0,792.0,5.10 Generally,False,True,Section,section,0.9,decimal_pattern=section (N.MM),5.10,2,bridgeport-connecticut-afe7c678fa5dfc85-node-000642
bridgeport-connecticut-afe7c678fa5dfc85,164,3,0,(4) All parcels the director of the Office of Planning and,333.45001220703125,139.75437927246094,567.2332153320312,152.8833770751953,9.5,ProximaNova-Light,4,612.0,792.0,(4) All parcels the director of the Office of Planning and,False,False,Paragraph,lettered_or_numbered,0.55,lettered_or_numbered_paragraph_marker,,4,bridgeport-connecticut-afe7c678fa5dfc85-node-000643
bridgeport-connecticut-afe7c678fa5dfc85,164,5,0,C. Alternative Plan. The PZC may approve a Master,315.45001220703125,184.75437927246094,540.4121704101562,198.50088500976562,9.5,ProximaNova-Bold | ProximaNova-Light,20,612.0,792.0,C. Alternative Plan. The PZC may approve a Master,False,True,Paragraph,lettered_or_numbered,0.55,lettered_or_numbered_paragraph_marker,,4,bridgeport-connecticut-afe7c678fa5dfc85-node-000644
bridgeport-connecticut-afe7c678fa5dfc85,164,7,0,A. Addresses the surrounding existing and planned,40.5,210.7294158935547,260.935546875,224.47592163085938,9.5,ProximaNova-Bold | ProximaNova-Light,20,612.0,792.0,A. Addresses the surrounding existing and planned,False,True,Paragraph,lettered_or_numbered,0.55,lettered_or_numbered_paragraph_marker,,4,bridgeport-connecticut-afe7c678fa5dfc85-node-000645
bridgeport-connecticut-afe7c678fa5dfc85,164,9,0,B. Results in an interconnected system of streets and,40.5,255.7294158935547,268.4120178222656,269.4759216308594,9.5,ProximaNova-Bold | ProximaNova-Light,20,612.0,792.0,B. Results in an interconnected system of streets and,False,True,Paragraph,lettered_or_numbered,0.55,lettered_or_numbered_paragraph_marker,,4,bridgeport-connecticut-afe7c678fa5dfc85-node-000646
bridgeport-connecticut-afe7c678fa5dfc85,164,12,0,"C. Incorporates a variety of smaller, usable, accessible",40.5,300.7294006347656,271.9355773925781,314.47589111328125,9.5,ProximaNova-Bold | ProximaNova-Light,20,612.0,792.0,"C. Incorporates a variety of smaller, usable, accessible",False,True,Paragraph,lettered_or_numbered,0.55,lettered_or_numbered_paragraph_marker,,4,bridgeport-connecticut-afe7c678fa5dfc85-node-000647
bridgeport-connecticut-afe7c678fa5dfc85,164,14,3,11.60 . The required submittals must illustrate compliance with,315.45001220703125,301.7544250488281,567.1619262695312,314.8834228515625,9.5,ProximaNova-Light,4,612.0,792.0,11.60 . The required submittals must illustrate compliance with,False,False,Section,section,0.6,decimal_pattern=section (N.MM),11.60,2,bridgeport-connecticut-afe7c678fa5dfc85-node-000648
bridgeport-connecticut-afe7c678fa5dfc85,164,15,0,"D. Implements the waterfront plan, providing access,",40.5,333.7294006347656,265.1344909667969,347.47589111328125,9.5,ProximaNova-Bold | ProximaNova-Light,20,612.0,792.0,"D. Implements the waterfront plan, providing access,",False,True,Paragraph,lettered_or_numbered,0.55,lettered_or_numbered_paragraph_marker,,4,bridgeport-connecticut-afe7c678fa5dfc85-node-000649
bridgeport-connecticut-afe7c678fa5dfc85,164,16,0,A. Project Information. The development application must,315.45001220703125,334.7544250488281,566.5843505859375,348.50091552734375,9.5,ProximaNova-Bold | ProximaNova-Light,20,612.0,792.0,A. Project Information. The development application must,False,True,Paragraph,lettered_or_numbered,0.55,lettered_or_numbered_paragraph_marker,,4,bridgeport-connecticut-afe7c678fa5dfc85-node-000650
bridgeport-connecticut-afe7c678fa5dfc85,164,19,0,"E. Provides an appropriate, finer grade mix of zones and",40.5,366.7294006347656,282.49957275390625,380.47589111328125,9.5,ProximaNova-Bold | ProximaNova-Light,20,612.0,792.0,"E. Provides an appropriate, finer grade mix of zones and",False,True,Paragraph,lettered_or_numbered,0.55,lettered_or_numbered_paragraph_marker,,4,bridgeport-connecticut-afe7c678fa5dfc85-node-000651
bridgeport-connecticut-afe7c678fa5dfc85,164,22,0,(2) Ownership and contact information.,333.45001220703125,400.7544250488281,497.5885314941406,413.8834228515625,9.5,ProximaNova-Light,4,612.0,792.0,(2) Ownership and contact information.,False,False,Paragraph,lettered_or_numbered,0.55,lettered_or_numbered_paragraph_marker,,4,bridgeport-connecticut-afe7c678fa5dfc85-node-000652
bridgeport-connecticut-afe7c678fa5dfc85,164,23,2,A. 3 Acre Developments. All developments on a single,40.5,411.7294006347656,278.6722717285156,425.47589111328125,9.5,ProximaNova-Bold | ProximaNova-Light,20,612.0,792.0,A. 3 Acre Developments. All developments on a single,False,True,Paragraph,lettered_or_numbered,0.55,lettered_or_numbered_paragraph_marker,,4,bridgeport-connecticut-afe7c678fa5dfc85-node-000653
bridgeport-connecticut-afe7c678fa5dfc85,164,24,0,(3) Intent of development.,333.45001220703125,421.7544250488281,444.14154052734375,434.8834228515625,9.5,ProximaNova-Light,4,612.0,792.0,(3) Intent of development.,False,False,Paragraph,lettered_or_numbered,0.55,lettered_or_numbered_paragraph_marker,,4,bridgeport-connecticut-afe7c678fa5dfc85-node-000654
bridgeport-connecticut-afe7c678fa5dfc85,164,25,0,(4) Brief narrative explaining how adjacent and abutting,333.45001220703125,442.7544250488281,567.7935791015625,455.8834228515625,9.5,ProximaNova-Light,4,612.0,792.0,(4) Brief narrative explaining how adjacent and abutting,False,False,Paragraph,lettered_or_numbered,0.55,lettered_or_numbered_paragraph_marker,,4,bridgeport-connecticut-afe7c678fa5dfc85-node-000655
bridgeport-connecticut-afe7c678fa5dfc85,164,28,0,B. Project Phasing & Guarantees. Description and,315.45001220703125,487.7544250488281,534.9221801757812,501.50091552734375,9.5,ProximaNova-Bold | ProximaNova-Light,20,612.0,792.0,B. Project Phasing & Guarantees. Description and,False,True,Paragraph,lettered_or_numbered,0.55,lettered_or_numbered_paragraph_marker,,4,bridgeport-connecticut-afe7c678fa5dfc85-node-000656
bridgeport-connecticut-afe7c678fa5dfc85,164,30,0,"(2) Rezoning any parcel to I, IX, or P does not require",58.5,525.7293701171875,284.0654296875,538.8583374023438,9.5,ProximaNova-Light,4,612.0,792.0,"(2) Rezoning any parcel to I, IX, or P does not require",False,False,Paragraph,lettered_or_numbered,0.55,lettered_or_numbered_paragraph_marker,,4,bridgeport-connecticut-afe7c678fa5dfc85-node-000657
bridgeport-connecticut-afe7c678fa5dfc85,164,32,0,B. The following must be included in the MPD:,40.5,558.7294311523438,237.69850158691406,572.4758911132812,9.5,ProximaNova-Bold | ProximaNova-Light,20,612.0,792.0,B. The following must be included in the MPD:,False,True,Paragraph,lettered_or_numbered,0.55,lettered_or_numbered_paragraph_marker,,4,bridgeport-connecticut-afe7c678fa5dfc85-node-000658
bridgeport-connecticut-afe7c678fa5dfc85,164,34,0,C. Plans and Details. List of plan and detail submittal,315.45001220703125,592.75439453125,543.3248901367188,606.5008544921875,9.5,ProximaNova-Bold | ProximaNova-Light,20,612.0,792.0,C. Plans and Details. List of plan and detail submittal,False,True,Paragraph,lettered_or_numbered,0.55,lettered_or_numbered_paragraph_marker,,4,bridgeport-connecticut-afe7c678fa5dfc85-node-000659
bridgeport-connecticut-afe7c678fa5dfc85,164,37,0,D. Master Development Plan Components. The submittal,315.45001220703125,625.75439453125,565.7491455078125,639.5008544921875,9.5,ProximaNova-Bold | ProximaNova-Light,20,612.0,792.0,D. Master Development Plan Components. The submittal,False,True,Paragraph,lettered_or_numbered,0.55,lettered_or_numbered_paragraph_marker,,4,bridgeport-connecticut-afe7c678fa5dfc85-node-000660
bridgeport-connecticut-afe7c678fa5dfc85,164,38,0,(2) All parcels considered to be part of the same,58.5,636.7294311523438,265.0559997558594,649.8583984375,9.5,ProximaNova-Light,4,612.0,792.0,(2) All parcels considered to be part of the same,False,False,Paragraph,lettered_or_numbered,0.55,lettered_or_numbered_paragraph_marker,,4,bridgeport-connecticut-afe7c678fa5dfc85-node-000661
bridgeport-connecticut-afe7c678fa5dfc85,164,41,0,(3) All adjacent and abutting parcels under separate,58.5,669.7294311523438,279.4104919433594,682.8583984375,9.5,ProximaNova-Light,4,612.0,792.0,(3) All adjacent and abutting parcels under separate,False,False,Paragraph,lettered_or_numbered,0.55,lettered_or_numbered_paragraph_marker,,4,bridgeport-connecticut-afe7c678fa5dfc85-node-000662
bridgeport-connecticut-afe7c678fa5dfc85,165,1,0,5.20 Blocks and Streets,417.42169189453125,41.37941360473633,575.2562866210938,61.637413024902344,14.0,ProximaNova-Bold,20,612.0,792.0,5.20 Blocks and Streets,False,True,Section,section,0.9,decimal_pattern=section (N.MM),5.20,2,bridgeport-connecticut-afe7c678fa5dfc85-node-000663
bridgeport-connecticut-afe7c678fa5dfc85,165,2,0,(2) Zones and Building Types. The regulating plan must,63.0,82.75437927246094,297.35302734375,95.88338470458984,9.5,ProximaNova-Light,4,612.0,792.0,(2) Zones and Building Types. The regulating plan must,False,False,Paragraph,lettered_or_numbered,0.55,lettered_or_numbered_paragraph_marker,,4,bridgeport-connecticut-afe7c678fa5dfc85-node-000664
bridgeport-connecticut-afe7c678fa5dfc85,165,4,0,G. Lot Configuration. All lots must have frontage along,319.95001220703125,163.75437927246094,556.1602783203125,177.50088500976562,9.5,ProximaNova-Bold | ProximaNova-Light,20,612.0,792.0,G. Lot Configuration. All lots must have frontage along,False,True,Paragraph,lettered_or_numbered,0.55,lettered_or_numbered_paragraph_marker,,4,bridgeport-connecticut-afe7c678fa5dfc85-node-000665
bridgeport-connecticut-afe7c678fa5dfc85,165,10,0,"(2) Flag lots, located on the interior of the block with",337.95001220703125,277.7544250488281,559.734619140625,290.8834228515625,9.5,ProximaNova-Light,4,612.0,792.0,"(2) Flag lots, located on the interior of the block with",False,False,Paragraph,lettered_or_numbered,0.55,lettered_or_numbered_paragraph_marker,,4,bridgeport-connecticut-afe7c678fa5dfc85-node-000666
bridgeport-connecticut-afe7c678fa5dfc85,165,11,0,A. Block Size. Block length must be no more than 600,45.0,284.6544189453125,279.76629638671875,298.4009094238281,9.5,ProximaNova-Bold | ProximaNova-Light,20,612.0,792.0,A. Block Size. Block length must be no more than 600,False,True,Paragraph,lettered_or_numbered,0.55,lettered_or_numbered_paragraph_marker,,4,bridgeport-connecticut-afe7c678fa5dfc85-node-000667
bridgeport-connecticut-afe7c678fa5dfc85,165,14,0,(3) Regulations for anticipated building types shall be,337.95001220703125,322.7544250488281,562.9644775390625,335.8834228515625,9.5,ProximaNova-Light,4,612.0,792.0,(3) Regulations for anticipated building types shall be,False,False,Paragraph,lettered_or_numbered,0.55,lettered_or_numbered_paragraph_marker,,4,bridgeport-connecticut-afe7c678fa5dfc85-node-000668
bridgeport-connecticut-afe7c678fa5dfc85,165,17,0,(4) Consider lot and block orientation for maximum,337.95001220703125,367.7544250488281,553.6070556640625,380.8834228515625,9.5,ProximaNova-Light,4,612.0,792.0,(4) Consider lot and block orientation for maximum,False,False,Paragraph,lettered_or_numbered,0.55,lettered_or_numbered_paragraph_marker,,4,bridgeport-connecticut-afe7c678fa5dfc85-node-000669
bridgeport-connecticut-afe7c678fa5dfc85,165,18,0,"(2) Where blocks are longer than 800 feet, pedestrian",63.0,374.6544189453125,292.5079650878906,387.7834167480469,9.5,ProximaNova-Light,4,612.0,792.0,"(2) Where blocks are longer than 800 feet, pedestrian",False,False,Paragraph,lettered_or_numbered,0.55,lettered_or_numbered_paragraph_marker,,4,bridgeport-connecticut-afe7c678fa5dfc85-node-000670
bridgeport-connecticut-afe7c678fa5dfc85,165,21,0,B. Access Points. An access point is a new street,45.0,455.6544189453125,259.0751953125,469.4009094238281,9.5,ProximaNova-Bold | ProximaNova-Light,20,612.0,792.0,B. Access Points. An access point is a new street,False,True,Paragraph,lettered_or_numbered,0.55,lettered_or_numbered_paragraph_marker,,4,bridgeport-connecticut-afe7c678fa5dfc85-node-000671
bridgeport-connecticut-afe7c678fa5dfc85,165,22,0,H. Service Access. The configuration of the lots and blocks,319.95001220703125,460.7544250488281,573.49755859375,474.50091552734375,9.5,ProximaNova-Bold | ProximaNova-Light,20,612.0,792.0,H. Service Access. The configuration of the lots and blocks,False,True,Paragraph,lettered_or_numbered,0.55,lettered_or_numbered_paragraph_marker,,4,bridgeport-connecticut-afe7c678fa5dfc85-node-000672
bridgeport-connecticut-afe7c678fa5dfc85,165,25,0,C. Extend Existing Streets. Streets must connect and,45.0,536.6544189453125,275.22113037109375,550.40087890625,9.5,ProximaNova-Bold | ProximaNova-Light,20,612.0,792.0,C. Extend Existing Streets. Streets must connect and,False,True,Paragraph,lettered_or_numbered,0.55,lettered_or_numbered_paragraph_marker,,4,bridgeport-connecticut-afe7c678fa5dfc85-node-000673
bridgeport-connecticut-afe7c678fa5dfc85,165,28,0,D. Shape of Blocks. The shape of a block should be,45.0,605.6544189453125,271.0697937011719,619.40087890625,9.5,ProximaNova-Bold | ProximaNova-Light,20,612.0,792.0,D. Shape of Blocks. The shape of a block should be,False,True,Paragraph,lettered_or_numbered,0.55,lettered_or_numbered_paragraph_marker,,4,bridgeport-connecticut-afe7c678fa5dfc85-node-000674
bridgeport-connecticut-afe7c678fa5dfc85,165,31,0,E. Civic Space Frontage. Refer to 5.30 for civic space,45.0,662.6544189453125,277.8102722167969,676.40087890625,9.5,ProximaNova-Bold | ProximaNova-Light,20,612.0,792.0,E. Civic Space Frontage. Refer to 5.30 for civic space,False,True,Paragraph,lettered_or_numbered,0.55,lettered_or_numbered_paragraph_marker,,4,bridgeport-connecticut-afe7c678fa5dfc85-node-000675
bridgeport-connecticut-afe7c678fa5dfc85,165,34,0,A. Base Street Requirements. The base street type,319.95001220703125,700.75439453125,543.3593139648438,714.5008544921875,9.5,ProximaNova-Bold | ProximaNova-Light,20,612.0,792.0,A. Base Street Requirements. The base street type,False,True,Paragraph,lettered_or_numbered,0.55,lettered_or_numbered_paragraph_marker,,4,bridgeport-connecticut-afe7c678fa5dfc85-node-000676
bridgeport-connecticut-afe7c678fa5dfc85,169,4,0,(3) Maximum Pavement Width. The maximum crossing,337.95001220703125,127.75437927246094,566.8310546875,140.8833770751953,9.5,ProximaNova-Light,4,612.0,792.0,(3) Maximum Pavement Width. The maximum crossing,False,False,Paragraph,lettered_or_numbered,0.55,lettered_or_numbered_paragraph_marker,,4,bridgeport-connecticut-afe7c678fa5dfc85-node-000677
bridgeport-connecticut-afe7c678fa5dfc85,169,6,0,B. PZC Approval. The PZC may approve alternate street,45.4807014465332,163.75437927246094,287.8089904785156,177.50088500976562,9.5,ProximaNova-Bold | ProximaNova-Light,20,612.0,792.0,B. PZC Approval. The PZC may approve alternate street,False,True,Paragraph,lettered_or_numbered,0.55,lettered_or_numbered_paragraph_marker,,4,bridgeport-connecticut-afe7c678fa5dfc85-node-000678
bridgeport-connecticut-afe7c678fa5dfc85,169,9,0,C. Streetscape,45.4807014465332,196.75437927246094,114.66670989990234,210.50088500976562,9.5,ProximaNova-Bold,20,612.0,792.0,C. Streetscape,False,True,Paragraph,lettered_or_numbered,0.55,lettered_or_numbered_paragraph_marker,,4,bridgeport-connecticut-afe7c678fa5dfc85-node-000679
bridgeport-connecticut-afe7c678fa5dfc85,169,10,0,E. Mid-Block Pedestrian Paths. Where the maximum block,319.95001220703125,208.75437927246094,573.9588012695312,222.50088500976562,9.5,ProximaNova-Bold | ProximaNova-Light,20,612.0,792.0,E. Mid-Block Pedestrian Paths. Where the maximum block,False,True,Paragraph,lettered_or_numbered,0.55,lettered_or_numbered_paragraph_marker,,4,bridgeport-connecticut-afe7c678fa5dfc85-node-000680
bridgeport-connecticut-afe7c678fa5dfc85,169,13,0,(2) Residential Streetscape Width. Along residential,63.4807014465332,286.7544250488281,280.6576843261719,299.8834228515625,9.5,ProximaNova-Light,4,612.0,792.0,(2) Residential Streetscape Width. Along residential,False,False,Paragraph,lettered_or_numbered,0.55,lettered_or_numbered_paragraph_marker,,4,bridgeport-connecticut-afe7c678fa5dfc85-node-000681
bridgeport-connecticut-afe7c678fa5dfc85,169,16,0,G. Curb Radii. Intersections should be designed for actual,319.95001220703125,334.7544250488281,568.6818237304688,348.50091552734375,9.5,ProximaNova-Bold | ProximaNova-Light,20,612.0,792.0,G. Curb Radii. Intersections should be designed for actual,False,True,Paragraph,lettered_or_numbered,0.55,lettered_or_numbered_paragraph_marker,,4,bridgeport-connecticut-afe7c678fa5dfc85-node-000682
bridgeport-connecticut-afe7c678fa5dfc85,169,17,0,(3) Landscape. See 7.70 for streetscape area,63.4807014465332,343.7544250488281,253.97857666015625,356.8834228515625,9.5,ProximaNova-Light,4,612.0,792.0,(3) Landscape. See 7.70 for streetscape area,False,False,Paragraph,lettered_or_numbered,0.55,lettered_or_numbered_paragraph_marker,,4,bridgeport-connecticut-afe7c678fa5dfc85-node-000683
bridgeport-connecticut-afe7c678fa5dfc85,169,19,0,D. Travel Lanes & Pavement Width. Pavement width must,45.4807014465332,388.7544250488281,295.5583190917969,402.50091552734375,9.5,ProximaNova-Bold | ProximaNova-Light,20,612.0,792.0,D. Travel Lanes & Pavement Width. Pavement width must,False,True,Paragraph,lettered_or_numbered,0.55,lettered_or_numbered_paragraph_marker,,4,bridgeport-connecticut-afe7c678fa5dfc85-node-000684
bridgeport-connecticut-afe7c678fa5dfc85,169,23,0,(2) Where on-street parking is provided with a bulb-out,337.95001220703125,448.7544250488281,570.7072143554688,461.8834228515625,9.5,ProximaNova-Light,4,612.0,792.0,(2) Where on-street parking is provided with a bulb-out,False,False,Paragraph,lettered_or_numbered,0.55,lettered_or_numbered_paragraph_marker,,4,bridgeport-connecticut-afe7c678fa5dfc85-node-000685
bridgeport-connecticut-afe7c678fa5dfc85,169,27,0,H. Bicycle Accommodations. New streets within the,319.95001220703125,493.7544250488281,545.443603515625,507.50091552734375,9.5,ProximaNova-Bold | ProximaNova-Light,20,612.0,792.0,H. Bicycle Accommodations. New streets within the,False,True,Paragraph,lettered_or_numbered,0.55,lettered_or_numbered_paragraph_marker,,4,bridgeport-connecticut-afe7c678fa5dfc85-node-000686
bridgeport-connecticut-afe7c678fa5dfc85,169,29,0,(2) On-Street Parking. On-street parking provides,63.4807014465332,535.75439453125,271.9937438964844,548.8833618164062,9.5,ProximaNova-Light,4,612.0,792.0,(2) On-Street Parking. On-street parking provides,False,False,Paragraph,lettered_or_numbered,0.55,lettered_or_numbered_paragraph_marker,,4,bridgeport-connecticut-afe7c678fa5dfc85-node-000687
bridgeport-connecticut-afe7c678fa5dfc85,169,34,0,A. Parking Drives. Parking lot drives and parking structure,319.95001220703125,655.75439453125,569.5549926757812,669.5008544921875,9.5,ProximaNova-Bold | ProximaNova-Light,20,612.0,792.0,A. Parking Drives. Parking lot drives and parking structure,False,True,Paragraph,lettered_or_numbered,0.55,lettered_or_numbered_paragraph_marker,,4,bridgeport-connecticut-afe7c678fa5dfc85-node-000688
bridgeport-connecticut-afe7c678fa5dfc85,170,1,0,B. Single Access. A single point of access is allowed,41.5,82.75437927246094,269.1126708984375,96.50088500976562,9.5,ProximaNova-Bold | ProximaNova-Light,20,612.0,792.0,B. Single Access. A single point of access is allowed,False,True,Paragraph,lettered_or_numbered,0.55,lettered_or_numbered_paragraph_marker,,4,bridgeport-connecticut-afe7c678fa5dfc85-node-000689
bridgeport-connecticut-afe7c678fa5dfc85,170,4,0,(2) Frontage Street. A new primary street located,333.45001220703125,127.60990142822266,548.0529174804688,141.42990112304688,10.0,ProximaNova-Light,4,612.0,792.0,(2) Frontage Street. A new primary street located,False,False,Paragraph,lettered_or_numbered,0.55,lettered_or_numbered_paragraph_marker,,4,bridgeport-connecticut-afe7c678fa5dfc85-node-000690
bridgeport-connecticut-afe7c678fa5dfc85,170,5,0,C. Constraints. Where natural or existing site constraints,41.5,127.75437927246094,283.47119140625,141.50088500976562,9.5,ProximaNova-Bold | ProximaNova-Light,20,612.0,792.0,C. Constraints. Where natural or existing site constraints,False,True,Paragraph,lettered_or_numbered,0.55,lettered_or_numbered_paragraph_marker,,4,bridgeport-connecticut-afe7c678fa5dfc85-node-000691
bridgeport-connecticut-afe7c678fa5dfc85,170,9,0,A. Minimum Designation. A minimum of 45% of a,41.5,277.7544250488281,256.5247497558594,291.50091552734375,9.5,ProximaNova-Bold | ProximaNova-Light,20,612.0,792.0,A. Minimum Designation. A minimum of 45% of a,False,True,Paragraph,lettered_or_numbered,0.55,lettered_or_numbered_paragraph_marker,,4,bridgeport-connecticut-afe7c678fa5dfc85-node-000692
bridgeport-connecticut-afe7c678fa5dfc85,170,11,0,B. Building Frontage. Primary streets must be designated,41.5,334.7544250488281,289.9366149902344,348.50091552734375,9.5,ProximaNova-Bold | ProximaNova-Light,20,612.0,792.0,B. Building Frontage. Primary streets must be designated,False,True,Paragraph,lettered_or_numbered,0.55,lettered_or_numbered_paragraph_marker,,4,bridgeport-connecticut-afe7c678fa5dfc85-node-000693
bridgeport-connecticut-afe7c678fa5dfc85,170,13,0,"C. Civic Space Frontage. Where practicable, streets along",41.5,391.7544250488281,291.8990173339844,405.50091552734375,9.5,ProximaNova-Bold | ProximaNova-Light,20,612.0,792.0,"C. Civic Space Frontage. Where practicable, streets along",False,True,Paragraph,lettered_or_numbered,0.55,lettered_or_numbered_paragraph_marker,,4,bridgeport-connecticut-afe7c678fa5dfc85-node-000694
bridgeport-connecticut-afe7c678fa5dfc85,170,15,0,"D. Alleys, Driveways, and Service Access.",41.5,436.7544250488281,226.27723693847656,450.50091552734375,9.5,ProximaNova-Bold,20,612.0,792.0,"D. Alleys, Driveways, and Service Access.",False,True,Paragraph,lettered_or_numbered,0.55,lettered_or_numbered_paragraph_marker,,4,bridgeport-connecticut-afe7c678fa5dfc85-node-000695
bridgeport-connecticut-afe7c678fa5dfc85,170,17,0,(2) Alleys. Alleys providing access to more than 2 lots,59.5,502.75439453125,286.7944641113281,515.8833618164062,9.5,ProximaNova-Light,4,612.0,792.0,(2) Alleys. Alleys providing access to more than 2 lots,False,False,Paragraph,lettered_or_numbered,0.55,lettered_or_numbered_paragraph_marker,,4,bridgeport-connecticut-afe7c678fa5dfc85-node-000696
bridgeport-connecticut-afe7c678fa5dfc85,170,19,0,(3) No Non-Primary Street. When the parcel is fronted,59.5,547.75439453125,286.3470458984375,560.8833618164062,9.5,ProximaNova-Light,4,612.0,792.0,(3) No Non-Primary Street. When the parcel is fronted,False,False,Paragraph,lettered_or_numbered,0.55,lettered_or_numbered_paragraph_marker,,4,bridgeport-connecticut-afe7c678fa5dfc85-node-000697
bridgeport-connecticut-afe7c678fa5dfc85,170,21,0,E. Major Streets. When the development abuts a street,41.5,628.75439453125,280.41778564453125,642.5008544921875,9.5,ProximaNova-Bold | ProximaNova-Light,20,612.0,792.0,E. Major Streets. When the development abuts a street,False,True,Paragraph,lettered_or_numbered,0.55,lettered_or_numbered_paragraph_marker,,4,bridgeport-connecticut-afe7c678fa5dfc85-node-000698
bridgeport-connecticut-afe7c678fa5dfc85,171,1,0,5.30 Civic Space,462.13751220703125,41.37941360473633,575.257568359375,61.637413024902344,14.0,ProximaNova-Bold,20,612.0,792.0,5.30 Civic Space,False,True,Section,section,0.9,decimal_pattern=section (N.MM),5.30,2,bridgeport-connecticut-afe7c678fa5dfc85-node-000699
bridgeport-connecticut-afe7c678fa5dfc85,171,4,0,"E. Park. A park is a larger, generally landscaped space, a",319.95001220703125,115.75437927246094,564.8098754882812,129.50088500976562,9.5,ProximaNova-Bold | ProximaNova-Light,20,612.0,792.0,"E. Park. A park is a larger, generally landscaped space, a",False,True,Paragraph,lettered_or_numbered,0.55,lettered_or_numbered_paragraph_marker,,4,bridgeport-connecticut-afe7c678fa5dfc85-node-000700
bridgeport-connecticut-afe7c678fa5dfc85,171,8,0,A. Overall Minimum. A minimum of 10% of the total master,45.0,183.7294158935547,296.08697509765625,197.47592163085938,9.5,ProximaNova-Bold | ProximaNova-Light,20,612.0,792.0,A. Overall Minimum. A minimum of 10% of the total master,False,True,Paragraph,lettered_or_numbered,0.55,lettered_or_numbered_paragraph_marker,,4,bridgeport-connecticut-afe7c678fa5dfc85-node-000701
bridgeport-connecticut-afe7c678fa5dfc85,171,11,0,B. Distance from Principal Entrances. One type of,45.0,228.7294158935547,265.80169677734375,242.47592163085938,9.5,ProximaNova-Bold | ProximaNova-Light,20,612.0,792.0,B. Distance from Principal Entrances. One type of,False,True,Paragraph,lettered_or_numbered,0.55,lettered_or_numbered_paragraph_marker,,4,bridgeport-connecticut-afe7c678fa5dfc85-node-000702
bridgeport-connecticut-afe7c678fa5dfc85,171,13,0,"C. Mix of Civic Space Types. A mix of types is required,",45.0,321.7294006347656,285.0835876464844,335.47589111328125,9.5,ProximaNova-Bold | ProximaNova-Light,20,612.0,792.0,"C. Mix of Civic Space Types. A mix of types is required,",False,True,Paragraph,lettered_or_numbered,0.55,lettered_or_numbered_paragraph_marker,,4,bridgeport-connecticut-afe7c678fa5dfc85-node-000703
bridgeport-connecticut-afe7c678fa5dfc85,171,17,0,D. Existing Civic Spaces. Existing open space may be,45.0,354.7294006347656,278.08038330078125,368.47589111328125,9.5,ProximaNova-Bold | ProximaNova-Light,20,612.0,792.0,D. Existing Civic Spaces. Existing open space may be,False,True,Paragraph,lettered_or_numbered,0.55,lettered_or_numbered_paragraph_marker,,4,bridgeport-connecticut-afe7c678fa5dfc85-node-000704
bridgeport-connecticut-afe7c678fa5dfc85,171,20,0,A. Plaza. A plaza is a generally hardscaped area (minimum,45.0,468.7294006347656,295.96820068359375,482.47589111328125,9.5,ProximaNova-Bold | ProximaNova-Light,20,612.0,792.0,A. Plaza. A plaza is a generally hardscaped area (minimum,False,True,Paragraph,lettered_or_numbered,0.55,lettered_or_numbered_paragraph_marker,,4,bridgeport-connecticut-afe7c678fa5dfc85-node-000705
bridgeport-connecticut-afe7c678fa5dfc85,171,24,0,B. Square. A square is a combination of hardscape and,45.0,585.7294311523438,282.96258544921875,599.4758911132812,9.5,ProximaNova-Bold | ProximaNova-Light,20,612.0,792.0,B. Square. A square is a combination of hardscape and,False,True,Paragraph,lettered_or_numbered,0.55,lettered_or_numbered_paragraph_marker,,4,bridgeport-connecticut-afe7c678fa5dfc85-node-000706
bridgeport-connecticut-afe7c678fa5dfc85,171,26,0,C. Green. A green is a generally landscaped space,45.0,642.7294311523438,265.41595458984375,656.4758911132812,9.5,ProximaNova-Bold | ProximaNova-Light,20,612.0,792.0,C. Green. A green is a generally landscaped space,False,True,Paragraph,lettered_or_numbered,0.55,lettered_or_numbered_paragraph_marker,,4,bridgeport-connecticut-afe7c678fa5dfc85-node-000707
bridgeport-connecticut-afe7c678fa5dfc85,171,30,0,"D. Greenway. A greenway is a linear landscape space,",45.0,687.7294311523438,279.78948974609375,701.4758911132812,9.5,ProximaNova-Bold | ProximaNova-Light,20,612.0,792.0,"D. Greenway. A greenway is a linear landscape space,",False,True,Paragraph,lettered_or_numbered,0.55,lettered_or_numbered_paragraph_marker,,4,bridgeport-connecticut-afe7c678fa5dfc85-node-000708
bridgeport-connecticut-afe7c678fa5dfc85,172,0,1,5.40 Waterfront Access,40.5,41.37941360473633,200.0999755859375,61.637413024902344,14.0,ProximaNova-Bold,20,612.0,792.0,5.40 Waterfront Access,False,True,Section,section,0.9,decimal_pattern=section (N.MM),5.40,2,bridgeport-connecticut-afe7c678fa5dfc85-node-000709
bridgeport-connecticut-afe7c678fa5dfc85,172,1,0,C. Greenway Along Waterfront. Where the waterfront,315.45001220703125,82.75437927246094,548.6727294921875,96.50088500976562,9.5,ProximaNova-Bold | ProximaNova-Light,20,612.0,792.0,C. Greenway Along Waterfront. Where the waterfront,False,True,Paragraph,lettered_or_numbered,0.55,lettered_or_numbered_paragraph_marker,,4,bridgeport-connecticut-afe7c678fa5dfc85-node-000710
bridgeport-connecticut-afe7c678fa5dfc85,172,4,0,A. Waterfront Buffer. All requirements of 7.90 apply for the,40.5,150.7294158935547,293.1580810546875,164.47592163085938,9.5,ProximaNova-Bold | ProximaNova-Light,20,612.0,792.0,A. Waterfront Buffer. All requirements of 7.90 apply for the,False,True,Paragraph,lettered_or_numbered,0.55,lettered_or_numbered_paragraph_marker,,4,bridgeport-connecticut-afe7c678fa5dfc85-node-000711
bridgeport-connecticut-afe7c678fa5dfc85,172,7,0,B. Upland Connection. See 7.90.6 for upland connection,40.5,219.7294158935547,285.75146484375,233.47592163085938,9.5,ProximaNova-Bold | ProximaNova-Light,20,612.0,792.0,B. Upland Connection. See 7.90.6 for upland connection,False,True,Paragraph,lettered_or_numbered,0.55,lettered_or_numbered_paragraph_marker,,4,bridgeport-connecticut-afe7c678fa5dfc85-node-000712
bridgeport-connecticut-afe7c678fa5dfc85,173,4,0,(3) Changes in zone types should generally occur at,337.95001220703125,139.75437927246094,559.9532470703125,152.8833770751953,9.5,ProximaNova-Light,4,612.0,792.0,(3) Changes in zone types should generally occur at,False,False,Paragraph,lettered_or_numbered,0.55,lettered_or_numbered_paragraph_marker,,4,bridgeport-connecticut-afe7c678fa5dfc85-node-000713
bridgeport-connecticut-afe7c678fa5dfc85,173,5,2,A. Existing Zoning Designation. The type of Master,45.0,162.7294158935547,269.4539794921875,176.47592163085938,9.5,ProximaNova-Bold | ProximaNova-Light,20,612.0,792.0,A. Existing Zoning Designation. The type of Master,False,True,Paragraph,lettered_or_numbered,0.55,lettered_or_numbered_paragraph_marker,,4,bridgeport-connecticut-afe7c678fa5dfc85-node-000714
bridgeport-connecticut-afe7c678fa5dfc85,173,7,0,D. Specific Layout of Zones. The following layout,319.95001220703125,184.75437927246094,534.3495483398438,198.50088500976562,9.5,ProximaNova-Bold | ProximaNova-Light,20,612.0,792.0,D. Specific Layout of Zones. The following layout,False,True,Paragraph,lettered_or_numbered,0.55,lettered_or_numbered_paragraph_marker,,4,bridgeport-connecticut-afe7c678fa5dfc85-node-000715
bridgeport-connecticut-afe7c678fa5dfc85,173,10,0,B. Multiple Designations. Where multiple zone,45.0,219.7294158935547,249.5557098388672,233.47592163085938,9.5,ProximaNova-Bold | ProximaNova-Light,20,612.0,792.0,B. Multiple Designations. Where multiple zone,False,True,Paragraph,lettered_or_numbered,0.55,lettered_or_numbered_paragraph_marker,,4,bridgeport-connecticut-afe7c678fa5dfc85-node-000716
bridgeport-connecticut-afe7c678fa5dfc85,173,13,0,(2) MX zones shall be uninterrupted and continuous,337.95001220703125,274.7544250488281,558.3381958007812,287.8834228515625,9.5,ProximaNova-Light,4,612.0,792.0,(2) MX zones shall be uninterrupted and continuous,False,False,Paragraph,lettered_or_numbered,0.55,lettered_or_numbered_paragraph_marker,,4,bridgeport-connecticut-afe7c678fa5dfc85-node-000717
bridgeport-connecticut-afe7c678fa5dfc85,173,16,0,(3) MXN zones must be located on a corner lot or,337.95001220703125,307.7544250488281,549.3986206054688,320.8834228515625,9.5,ProximaNova-Light,4,612.0,792.0,(3) MXN zones must be located on a corner lot or,False,False,Paragraph,lettered_or_numbered,0.55,lettered_or_numbered_paragraph_marker,,4,bridgeport-connecticut-afe7c678fa5dfc85-node-000718
bridgeport-connecticut-afe7c678fa5dfc85,173,17,0,(2) Multiple development types allowed on the site,63.0,309.7294006347656,278.6094970703125,322.8583984375,9.5,ProximaNova-Light,4,612.0,792.0,(2) Multiple development types allowed on the site,False,False,Paragraph,lettered_or_numbered,0.55,lettered_or_numbered_paragraph_marker,,4,bridgeport-connecticut-afe7c678fa5dfc85-node-000719
bridgeport-connecticut-afe7c678fa5dfc85,173,19,0,"(4) RX zones may be used as transition zones, located",337.95001220703125,340.7544250488281,568.6931762695312,353.8834228515625,9.5,ProximaNova-Light,4,612.0,792.0,"(4) RX zones may be used as transition zones, located",False,False,Paragraph,lettered_or_numbered,0.55,lettered_or_numbered_paragraph_marker,,4,bridgeport-connecticut-afe7c678fa5dfc85-node-000720
bridgeport-connecticut-afe7c678fa5dfc85,173,22,0,(5) P1 must be used for all civic space required per,337.95001220703125,373.7544250488281,553.2460327148438,386.8834228515625,9.5,ProximaNova-Light,4,612.0,792.0,(5) P1 must be used for all civic space required per,False,False,Paragraph,lettered_or_numbered,0.55,lettered_or_numbered_paragraph_marker,,4,bridgeport-connecticut-afe7c678fa5dfc85-node-000721
bridgeport-connecticut-afe7c678fa5dfc85,173,23,0,C. PZC Approval. The PZC may approve a different MPD,45.0,378.7294006347656,289.05731201171875,392.47589111328125,9.5,ProximaNova-Bold | ProximaNova-Light,20,612.0,792.0,C. PZC Approval. The PZC may approve a different MPD,False,True,Paragraph,lettered_or_numbered,0.55,lettered_or_numbered_paragraph_marker,,4,bridgeport-connecticut-afe7c678fa5dfc85-node-000722
bridgeport-connecticut-afe7c678fa5dfc85,173,25,0,E. Building and Site Types. See 3.0 for permitted building,319.95001220703125,406.7544250488281,570.3330078125,420.50091552734375,9.5,ProximaNova-Bold | ProximaNova-Light,20,612.0,792.0,E. Building and Site Types. See 3.0 for permitted building,False,True,Paragraph,lettered_or_numbered,0.55,lettered_or_numbered_paragraph_marker,,4,bridgeport-connecticut-afe7c678fa5dfc85-node-000723
bridgeport-connecticut-afe7c678fa5dfc85,173,29,3,5.10.2.D where an MX zoning designation is currently shown,319.95001220703125,463.7544250488281,569.4291381835938,476.8834228515625,9.5,ProximaNova-Light,4,612.0,792.0,5.10.2.D where an MX zoning designation is currently shown,False,False,Subsection,subsection,0.65,decimal_pattern=subsection,5.10.2,3,bridgeport-connecticut-afe7c678fa5dfc85-node-000724
bridgeport-connecticut-afe7c678fa5dfc85,173,30,0,A. Rezoning. Rezoning of portions of the site per this,45.0,492.7294006347656,272.6927795410156,506.47589111328125,9.5,ProximaNova-Bold | ProximaNova-Light,20,612.0,792.0,A. Rezoning. Rezoning of portions of the site per this,False,True,Paragraph,lettered_or_numbered,0.55,lettered_or_numbered_paragraph_marker,,4,bridgeport-connecticut-afe7c678fa5dfc85-node-000725
bridgeport-connecticut-afe7c678fa5dfc85,173,31,0,A. Minimum Number of Building and Site Types. In,319.95001220703125,496.7544250488281,545.946044921875,510.50091552734375,9.5,ProximaNova-Bold | ProximaNova-Light,20,612.0,792.0,A. Minimum Number of Building and Site Types. In,False,True,Paragraph,lettered_or_numbered,0.55,lettered_or_numbered_paragraph_marker,,4,bridgeport-connecticut-afe7c678fa5dfc85-node-000726
bridgeport-connecticut-afe7c678fa5dfc85,173,34,0,B. Platting. The general location of all zones proposed for,45.0,549.7294311523438,294.9420166015625,563.4758911132812,9.5,ProximaNova-Bold | ProximaNova-Light,20,612.0,792.0,B. Platting. The general location of all zones proposed for,False,True,Paragraph,lettered_or_numbered,0.55,lettered_or_numbered_paragraph_marker,,4,bridgeport-connecticut-afe7c678fa5dfc85-node-000727
bridgeport-connecticut-afe7c678fa5dfc85,173,35,0,B. Required Zones. Table 5-1 lists zones required to be,319.95001220703125,553.75439453125,556.888916015625,567.5008544921875,9.5,ProximaNova-Bold | ProximaNova-Light,20,612.0,792.0,B. Required Zones. Table 5-1 lists zones required to be,False,True,Paragraph,lettered_or_numbered,0.55,lettered_or_numbered_paragraph_marker,,4,bridgeport-connecticut-afe7c678fa5dfc85-node-000728
bridgeport-connecticut-afe7c678fa5dfc85,173,38,0,C. General Layout of Zones. The following general layout,45.0,594.7294311523438,293.3429870605469,608.4758911132812,9.5,ProximaNova-Bold | ProximaNova-Light,20,612.0,792.0,C. General Layout of Zones. The following general layout,False,True,Paragraph,lettered_or_numbered,0.55,lettered_or_numbered_paragraph_marker,,4,bridgeport-connecticut-afe7c678fa5dfc85-node-000729
bridgeport-connecticut-afe7c678fa5dfc85,173,42,0,(2) P1 Zones. Required civic space must be zoned P1,337.95001220703125,679.75439453125,560.8746948242188,692.8833618164062,9.5,ProximaNova-Light,4,612.0,792.0,(2) P1 Zones. Required civic space must be zoned P1,False,False,Paragraph,lettered_or_numbered,0.55,lettered_or_numbered_paragraph_marker,,4,bridgeport-connecticut-afe7c678fa5dfc85-node-000730
bridgeport-connecticut-afe7c678fa5dfc85,173,44,0,(2) More intense zones located on blocks with less,63.0,696.7294311523438,279.0559997558594,709.8583984375,9.5,ProximaNova-Light,4,612.0,792.0,(2) More intense zones located on blocks with less,False,False,Paragraph,lettered_or_numbered,0.55,lettered_or_numbered_paragraph_marker,,4,bridgeport-connecticut-afe7c678fa5dfc85-node-000731
bridgeport-connecticut-afe7c678fa5dfc85,174,1,0,"C. Allowed Zones. Zones allowed with no limitations, and",40.5,82.75437927246094,286.9228515625,96.50088500976562,9.5,ProximaNova-Bold | ProximaNova-Light,20,612.0,792.0,"C. Allowed Zones. Zones allowed with no limitations, and",False,True,Paragraph,lettered_or_numbered,0.55,lettered_or_numbered_paragraph_marker,,4,bridgeport-connecticut-afe7c678fa5dfc85-node-000732
bridgeport-connecticut-afe7c678fa5dfc85,174,2,0,A. Required Zones. Table 5-1 lists zones required to be,315.45001220703125,82.75437927246094,552.388916015625,96.50088500976562,9.5,ProximaNova-Bold | ProximaNova-Light,20,612.0,792.0,A. Required Zones. Table 5-1 lists zones required to be,False,True,Paragraph,lettered_or_numbered,0.55,lettered_or_numbered_paragraph_marker,,4,bridgeport-connecticut-afe7c678fa5dfc85-node-000733
bridgeport-connecticut-afe7c678fa5dfc85,174,5,0,D. Limited Zones. Table 5-1 lists zones allowed with the,40.5,115.75437927246094,278.7310485839844,129.50088500976562,9.5,ProximaNova-Bold | ProximaNova-Light,20,612.0,792.0,D. Limited Zones. Table 5-1 lists zones allowed with the,False,True,Paragraph,lettered_or_numbered,0.55,lettered_or_numbered_paragraph_marker,,4,bridgeport-connecticut-afe7c678fa5dfc85-node-000734
bridgeport-connecticut-afe7c678fa5dfc85,174,8,0,(2) P1 Zones. Required civic space must be zoned P1,333.45001220703125,184.75437927246094,556.3746948242188,197.8833770751953,9.5,ProximaNova-Light,4,612.0,792.0,(2) P1 Zones. Required civic space must be zoned P1,False,False,Paragraph,lettered_or_numbered,0.55,lettered_or_numbered_paragraph_marker,,4,bridgeport-connecticut-afe7c678fa5dfc85-node-000735
bridgeport-connecticut-afe7c678fa5dfc85,174,11,0,(2) P2 Zone. P2 zones are limited to no more than,58.5,217.75437927246094,271.54449462890625,230.8833770751953,9.5,ProximaNova-Light,4,612.0,792.0,(2) P2 Zone. P2 zones are limited to no more than,False,False,Paragraph,lettered_or_numbered,0.55,lettered_or_numbered_paragraph_marker,,4,bridgeport-connecticut-afe7c678fa5dfc85-node-000736
bridgeport-connecticut-afe7c678fa5dfc85,174,12,0,"B. Allowed Zones. Zones allowed with no limitations, and",315.45001220703125,217.75437927246094,561.8729248046875,231.50088500976562,9.5,ProximaNova-Bold | ProximaNova-Light,20,612.0,792.0,"B. Allowed Zones. Zones allowed with no limitations, and",False,True,Paragraph,lettered_or_numbered,0.55,lettered_or_numbered_paragraph_marker,,4,bridgeport-connecticut-afe7c678fa5dfc85-node-000737
bridgeport-connecticut-afe7c678fa5dfc85,174,14,0,C. Limited Zones. Table 5-1 lists zones allowed with the,315.45001220703125,250.75437927246094,553.6812133789062,264.5008850097656,9.5,ProximaNova-Bold | ProximaNova-Light,20,612.0,792.0,C. Limited Zones. Table 5-1 lists zones allowed with the,False,True,Paragraph,lettered_or_numbered,0.55,lettered_or_numbered_paragraph_marker,,4,bridgeport-connecticut-afe7c678fa5dfc85-node-000738
bridgeport-connecticut-afe7c678fa5dfc85,174,19,0,A. Required Zones. Table 5-1 lists zones required to be,40.5,343.7544250488281,277.4389343261719,357.50091552734375,9.5,ProximaNova-Bold | ProximaNova-Light,20,612.0,792.0,A. Required Zones. Table 5-1 lists zones required to be,False,True,Paragraph,lettered_or_numbered,0.55,lettered_or_numbered_paragraph_marker,,4,bridgeport-connecticut-afe7c678fa5dfc85-node-000739
bridgeport-connecticut-afe7c678fa5dfc85,174,20,0,(2) P2 Zone. P2 zones are limited to no more than,333.45001220703125,364.7544250488281,546.4946899414062,377.8834228515625,9.5,ProximaNova-Light,4,612.0,792.0,(2) P2 Zone. P2 zones are limited to no more than,False,False,Paragraph,lettered_or_numbered,0.55,lettered_or_numbered_paragraph_marker,,4,bridgeport-connecticut-afe7c678fa5dfc85-node-000740
bridgeport-connecticut-afe7c678fa5dfc85,174,24,0,(2) P1 Zones. Required civic space must be zoned P1,58.5,445.7544250488281,281.42449951171875,458.8834228515625,9.5,ProximaNova-Light,4,612.0,792.0,(2) P1 Zones. Required civic space must be zoned P1,False,False,Paragraph,lettered_or_numbered,0.55,lettered_or_numbered_paragraph_marker,,4,bridgeport-connecticut-afe7c678fa5dfc85-node-000741
bridgeport-connecticut-afe7c678fa5dfc85,174,27,0,"B. Allowed Zones. Zones allowed with no limitations, and",40.5,478.7544250488281,286.9228515625,492.50091552734375,9.5,ProximaNova-Bold | ProximaNova-Light,20,612.0,792.0,"B. Allowed Zones. Zones allowed with no limitations, and",False,True,Paragraph,lettered_or_numbered,0.55,lettered_or_numbered_paragraph_marker,,4,bridgeport-connecticut-afe7c678fa5dfc85-node-000742
bridgeport-connecticut-afe7c678fa5dfc85,174,29,0,A. Required Zones. Table 5-1 lists zones required to be,315.45001220703125,490.7544250488281,552.388916015625,504.50091552734375,9.5,ProximaNova-Bold | ProximaNova-Light,20,612.0,792.0,A. Required Zones. Table 5-1 lists zones required to be,False,True,Paragraph,lettered_or_numbered,0.55,lettered_or_numbered_paragraph_marker,,4,bridgeport-connecticut-afe7c678fa5dfc85-node-000743
bridgeport-connecticut-afe7c678fa5dfc85,174,30,0,C. Limited Zones. Table 5-1 lists zones allowed with the,40.5,511.75439453125,278.73114013671875,525.5008544921875,9.5,ProximaNova-Bold | ProximaNova-Light,20,612.0,792.0,C. Limited Zones. Table 5-1 lists zones allowed with the,False,True,Paragraph,lettered_or_numbered,0.55,lettered_or_numbered_paragraph_marker,,4,bridgeport-connecticut-afe7c678fa5dfc85-node-000744
bridgeport-connecticut-afe7c678fa5dfc85,174,35,0,(2) P2 Zone. P2 zones are limited to no more than,58.5,601.75439453125,271.54449462890625,614.8833618164062,9.5,ProximaNova-Light,4,612.0,792.0,(2) P2 Zone. P2 zones are limited to no more than,False,False,Paragraph,lettered_or_numbered,0.55,lettered_or_numbered_paragraph_marker,,4,bridgeport-connecticut-afe7c678fa5dfc85-node-000745
bridgeport-connecticut-afe7c678fa5dfc85,174,36,0,(2) P1 Zones. Required civic space must be zoned P1,333.45001220703125,604.75439453125,556.3746948242188,617.8833618164062,9.5,ProximaNova-Light,4,612.0,792.0,(2) P1 Zones. Required civic space must be zoned P1,False,False,Paragraph,lettered_or_numbered,0.55,lettered_or_numbered_paragraph_marker,,4,bridgeport-connecticut-afe7c678fa5dfc85-node-000746
bridgeport-connecticut-afe7c678fa5dfc85,174,38,0,B. Limited Zones. Table 5-1 lists zones allowed with the,315.45001220703125,637.75439453125,553.6812133789062,651.5008544921875,9.5,ProximaNova-Bold | ProximaNova-Light,20,612.0,792.0,B. Limited Zones. Table 5-1 lists zones allowed with the,False,True,Paragraph,lettered_or_numbered,0.55,lettered_or_numbered_paragraph_marker,,4,bridgeport-connecticut-afe7c678fa5dfc85-node-000747
bridgeport-connecticut-afe7c678fa5dfc85,175,2,0,(2) NX2 Zone. NX2 is limited to no more than 20% of,63.0,118.09440612792969,287.81500244140625,131.22340393066406,9.5,ProximaNova-Light,4,612.0,792.0,(2) NX2 Zone. NX2 is limited to no more than 20% of,False,False,Paragraph,lettered_or_numbered,0.55,lettered_or_numbered_paragraph_marker,,4,bridgeport-connecticut-afe7c678fa5dfc85-node-000748
bridgeport-connecticut-afe7c678fa5dfc85,175,4,0,(3) P2 Zone. P2 zones are limited to no more than,63.0,151.0944061279297,276.04449462890625,164.22340393066406,9.5,ProximaNova-Light,4,612.0,792.0,(3) P2 Zone. P2 zones are limited to no more than,False,False,Paragraph,lettered_or_numbered,0.55,lettered_or_numbered_paragraph_marker,,4,bridgeport-connecticut-afe7c678fa5dfc85-node-000749
bridgeport-connecticut-afe7c678fa5dfc85,175,6,0,C. Minimum Required Building Type Mix. A minimum,45.0,220.0944061279297,277.51153564453125,233.84091186523438,9.5,ProximaNova-Bold | ProximaNova-Light,20,612.0,792.0,C. Minimum Required Building Type Mix. A minimum,False,True,Paragraph,lettered_or_numbered,0.55,lettered_or_numbered_paragraph_marker,,4,bridgeport-connecticut-afe7c678fa5dfc85-node-000750
bridgeport-connecticut-afe7c678fa5dfc85,175,9,0,A. Required Zones. Table 5-1 lists zones required to be,45.0,322.09442138671875,281.93896484375,335.8409118652344,9.5,ProximaNova-Bold | ProximaNova-Light,20,612.0,792.0,A. Required Zones. Table 5-1 lists zones required to be,False,True,Paragraph,lettered_or_numbered,0.55,lettered_or_numbered_paragraph_marker,,4,bridgeport-connecticut-afe7c678fa5dfc85-node-000751
bridgeport-connecticut-afe7c678fa5dfc85,175,12,0,(2) Minimum Required Residential Mix. At least two N,63.0,412.09442138671875,286.7985534667969,425.2234191894531,9.5,ProximaNova-Light,4,612.0,792.0,(2) Minimum Required Residential Mix. At least two N,False,False,Paragraph,lettered_or_numbered,0.55,lettered_or_numbered_paragraph_marker,,4,bridgeport-connecticut-afe7c678fa5dfc85-node-000752
bridgeport-connecticut-afe7c678fa5dfc85,175,14,0,(3) P1 Zones. Required civic space must be zoned P1,63.0,457.09442138671875,285.92449951171875,470.2234191894531,9.5,ProximaNova-Light,4,612.0,792.0,(3) P1 Zones. Required civic space must be zoned P1,False,False,Paragraph,lettered_or_numbered,0.55,lettered_or_numbered_paragraph_marker,,4,bridgeport-connecticut-afe7c678fa5dfc85-node-000753
bridgeport-connecticut-afe7c678fa5dfc85,175,16,0,B. Limited Zones. Table 5-1 lists zones allowed with the,45.0,490.09442138671875,283.23114013671875,503.8409118652344,9.5,ProximaNova-Bold | ProximaNova-Light,20,612.0,792.0,B. Limited Zones. Table 5-1 lists zones allowed with the,False,True,Paragraph,lettered_or_numbered,0.55,lettered_or_numbered_paragraph_marker,,4,bridgeport-connecticut-afe7c678fa5dfc85-node-000754
bridgeport-connecticut-afe7c678fa5dfc85,175,19,0,(2) P2 Zone. P2 zones are limited to no more than,63.0,592.0944213867188,276.04449462890625,605.223388671875,9.5,ProximaNova-Light,4,612.0,792.0,(2) P2 Zone. P2 zones are limited to no more than,False,False,Paragraph,lettered_or_numbered,0.55,lettered_or_numbered_paragraph_marker,,4,bridgeport-connecticut-afe7c678fa5dfc85-node-000755
bridgeport-connecticut-afe7c678fa5dfc85,180,0,0,6.0 Building Design,40.5,27.937376022338867,146.57998657226562,44.785377502441406,12.0,ProximaNova-Regular,4,612.0,792.0,6.0 Building Design,False,False,Title,chapter,0.7,decimal_pattern=chapter (N.0),6.0,1,bridgeport-connecticut-afe7c678fa5dfc85-node-000756
bridgeport-connecticut-afe7c678fa5dfc85,180,0,1,6.20 Generally,40.5,41.37941360473633,141.00601196289062,61.637413024902344,14.0,ProximaNova-Bold,20,612.0,792.0,6.20 Generally,False,True,Section,section,0.9,decimal_pattern=section (N.MM),6.20,2,bridgeport-connecticut-afe7c678fa5dfc85-node-000757
bridgeport-connecticut-afe7c678fa5dfc85,180,1,0,(3) Where any canopy or cover is visible from any,333.45001220703125,82.75437927246094,544.4046630859375,95.88338470458984,9.5,ProximaNova-Light,4,612.0,792.0,(3) Where any canopy or cover is visible from any,False,False,Paragraph,lettered_or_numbered,0.55,lettered_or_numbered_paragraph_marker,,4,bridgeport-connecticut-afe7c678fa5dfc85-node-000758
bridgeport-connecticut-afe7c678fa5dfc85,180,4,0,"D. Roofs, including all eaves or overhangs, must be",315.45001220703125,127.75437927246094,535.0210571289062,141.50088500976562,9.5,ProximaNova-Bold | ProximaNova-Light,20,612.0,792.0,"D. Roofs, including all eaves or overhangs, must be",False,True,Paragraph,lettered_or_numbered,0.55,lettered_or_numbered_paragraph_marker,,4,bridgeport-connecticut-afe7c678fa5dfc85-node-000759
bridgeport-connecticut-afe7c678fa5dfc85,180,9,0,"A. Durable, High Quality. Ensure the use of well-tested,",40.5,231.7294158935547,280.8385314941406,245.47592163085938,9.5,ProximaNova-Bold | ProximaNova-Light,20,612.0,792.0,"A. Durable, High Quality. Ensure the use of well-tested,",False,True,Paragraph,lettered_or_numbered,0.55,lettered_or_numbered_paragraph_marker,,4,bridgeport-connecticut-afe7c678fa5dfc85-node-000760
bridgeport-connecticut-afe7c678fa5dfc85,180,10,0,A. Occupied Building Space. The roof type must not,315.45001220703125,241.75437927246094,543.267578125,255.50088500976562,9.5,ProximaNova-Bold | ProximaNova-Light,20,612.0,792.0,A. Occupied Building Space. The roof type must not,False,True,Paragraph,lettered_or_numbered,0.55,lettered_or_numbered_paragraph_marker,,4,bridgeport-connecticut-afe7c678fa5dfc85-node-000761
bridgeport-connecticut-afe7c678fa5dfc85,180,12,0,B. Other Design. The shape of the roof should be different,315.45001220703125,286.7544250488281,568.3043212890625,300.50091552734375,9.5,ProximaNova-Bold | ProximaNova-Light,20,612.0,792.0,B. Other Design. The shape of the roof should be different,False,True,Paragraph,lettered_or_numbered,0.55,lettered_or_numbered_paragraph_marker,,4,bridgeport-connecticut-afe7c678fa5dfc85-node-000762
bridgeport-connecticut-afe7c678fa5dfc85,180,15,0,"B. Human-Scaled Facades. Promote clearly articulated,",40.5,336.7294006347656,279.2655944824219,350.47589111328125,9.5,ProximaNova-Bold | ProximaNova-Light,20,612.0,792.0,"B. Human-Scaled Facades. Promote clearly articulated,",False,True,Paragraph,lettered_or_numbered,0.55,lettered_or_numbered_paragraph_marker,,4,bridgeport-connecticut-afe7c678fa5dfc85-node-000763
bridgeport-connecticut-afe7c678fa5dfc85,180,18,0,A. Parapet Height. Height is measured from the top of the,315.45001220703125,412.7544250488281,565.9483642578125,426.50091552734375,9.5,ProximaNova-Bold | ProximaNova-Light,20,612.0,792.0,A. Parapet Height. Height is measured from the top of the,False,True,Paragraph,lettered_or_numbered,0.55,lettered_or_numbered_paragraph_marker,,4,bridgeport-connecticut-afe7c678fa5dfc85-node-000764
bridgeport-connecticut-afe7c678fa5dfc85,180,23,0,(2) A shadow line must be located within 2 feet of the,333.45001220703125,478.7544250488281,561.0391235351562,491.8834228515625,9.5,ProximaNova-Light,4,612.0,792.0,(2) A shadow line must be located within 2 feet of the,False,False,Paragraph,lettered_or_numbered,0.55,lettered_or_numbered_paragraph_marker,,4,bridgeport-connecticut-afe7c678fa5dfc85-node-000765
bridgeport-connecticut-afe7c678fa5dfc85,180,25,3,A. The major components of any roof shall meet the,40.5,514.62939453125,263.96600341796875,528.3758544921875,9.5,ProximaNova-Bold | ProximaNova-Light,20,612.0,792.0,A. The major components of any roof shall meet the,False,True,Paragraph,lettered_or_numbered,0.55,lettered_or_numbered_paragraph_marker,,4,bridgeport-connecticut-afe7c678fa5dfc85-node-000766
bridgeport-connecticut-afe7c678fa5dfc85,180,26,0,(3) A shadow line must be located at the top of the,333.45001220703125,523.75439453125,549.9811401367188,536.8833618164062,9.5,ProximaNova-Light,4,612.0,792.0,(3) A shadow line must be located at the top of the,False,False,Paragraph,lettered_or_numbered,0.55,lettered_or_numbered_paragraph_marker,,4,bridgeport-connecticut-afe7c678fa5dfc85-node-000767
bridgeport-connecticut-afe7c678fa5dfc85,180,29,0,B. Occupied Building Space. Occupied building space,315.45001220703125,556.75439453125,552.3114624023438,570.5008544921875,9.5,ProximaNova-Bold | ProximaNova-Light,20,612.0,792.0,B. Occupied Building Space. Occupied building space,False,True,Paragraph,lettered_or_numbered,0.55,lettered_or_numbered_paragraph_marker,,4,bridgeport-connecticut-afe7c678fa5dfc85-node-000768
bridgeport-connecticut-afe7c678fa5dfc85,180,30,0,B. Roofs for bay or bow windows and dormers are not,40.5,559.62939453125,272.592041015625,573.3758544921875,9.5,ProximaNova-Bold | ProximaNova-Light,20,612.0,792.0,B. Roofs for bay or bow windows and dormers are not,False,True,Paragraph,lettered_or_numbered,0.55,lettered_or_numbered_paragraph_marker,,4,bridgeport-connecticut-afe7c678fa5dfc85-node-000769
bridgeport-connecticut-afe7c678fa5dfc85,180,33,0,"C. Terraces, green roofs, rooftop gardens, and other",40.5,592.62939453125,264.0799865722656,606.3758544921875,9.5,ProximaNova-Bold | ProximaNova-Light,20,612.0,792.0,"C. Terraces, green roofs, rooftop gardens, and other",False,True,Paragraph,lettered_or_numbered,0.55,lettered_or_numbered_paragraph_marker,,4,bridgeport-connecticut-afe7c678fa5dfc85-node-000770
bridgeport-connecticut-afe7c678fa5dfc85,180,34,0,C. Rooftop Appurtenances. With the exception of solar,315.45001220703125,601.75439453125,553.1987915039062,615.5008544921875,9.5,ProximaNova-Bold | ProximaNova-Light,20,612.0,792.0,C. Rooftop Appurtenances. With the exception of solar,False,True,Paragraph,lettered_or_numbered,0.55,lettered_or_numbered_paragraph_marker,,4,bridgeport-connecticut-afe7c678fa5dfc85-node-000771
bridgeport-connecticut-afe7c678fa5dfc85,180,38,0,(2) Any fully enclosed structure on a roof must meet,58.5,694.62939453125,278.8974914550781,707.7583618164062,9.5,ProximaNova-Light,4,612.0,792.0,(2) Any fully enclosed structure on a roof must meet,False,False,Paragraph,lettered_or_numbered,0.55,lettered_or_numbered_paragraph_marker,,4,bridgeport-connecticut-afe7c678fa5dfc85-node-000772
bridgeport-connecticut-afe7c678fa5dfc85,181,1,0,(2) Vertical walls shall extend no more than 8 feet,337.95001220703125,82.75437927246094,548.3441162109375,95.88338470458984,9.5,ProximaNova-Light,4,612.0,792.0,(2) Vertical walls shall extend no more than 8 feet,False,False,Paragraph,lettered_or_numbered,0.55,lettered_or_numbered_paragraph_marker,,4,bridgeport-connecticut-afe7c678fa5dfc85-node-000773
bridgeport-connecticut-afe7c678fa5dfc85,181,4,0,D. Occupied Building Space. Occupied building space,319.95001220703125,115.75437927246094,556.8115234375,129.50088500976562,9.5,ProximaNova-Bold | ProximaNova-Light,20,612.0,792.0,D. Occupied Building Space. Occupied building space,False,True,Paragraph,lettered_or_numbered,0.55,lettered_or_numbered_paragraph_marker,,4,bridgeport-connecticut-afe7c678fa5dfc85-node-000774
bridgeport-connecticut-afe7c678fa5dfc85,181,5,0,"A. Maximum Slope. The maximum slope is 2:12; however,",45.0,128.14939880371094,292.5248107910156,141.89590454101562,9.5,ProximaNova-Bold | ProximaNova-Light,20,612.0,792.0,"A. Maximum Slope. The maximum slope is 2:12; however,",False,True,Paragraph,lettered_or_numbered,0.55,lettered_or_numbered_paragraph_marker,,4,bridgeport-connecticut-afe7c678fa5dfc85-node-000775
bridgeport-connecticut-afe7c678fa5dfc85,181,8,0,E. Rooftop Appurtenances. With the exception of solar,319.95001220703125,172.75437927246094,557.6987915039062,186.50088500976562,9.5,ProximaNova-Bold | ProximaNova-Light,20,612.0,792.0,E. Rooftop Appurtenances. With the exception of solar,False,True,Paragraph,lettered_or_numbered,0.55,lettered_or_numbered_paragraph_marker,,4,bridgeport-connecticut-afe7c678fa5dfc85-node-000776
bridgeport-connecticut-afe7c678fa5dfc85,181,9,0,B. Eaves. Eaves are required on all street and other,45.0,173.14939880371094,267.6865234375,186.89590454101562,9.5,ProximaNova-Bold | ProximaNova-Light,20,612.0,792.0,B. Eaves. Eaves are required on all street and other,False,True,Paragraph,lettered_or_numbered,0.55,lettered_or_numbered_paragraph_marker,,4,bridgeport-connecticut-afe7c678fa5dfc85-node-000777
bridgeport-connecticut-afe7c678fa5dfc85,181,13,0,(2) Eave Thickness. Eaves must be a minimum of 6,63.0,251.14939880371094,281.7109375,264.8959045410156,9.5,ProximaNova-Bold | ProximaNova-Light,20,612.0,792.0,(2) Eave Thickness. Eaves must be a minimum of 6,False,True,Paragraph,lettered_or_numbered,0.55,lettered_or_numbered_paragraph_marker,,4,bridgeport-connecticut-afe7c678fa5dfc85-node-000778
bridgeport-connecticut-afe7c678fa5dfc85,181,15,0,C. Interrupting Vertical Walls. Vertical walls may interrupt,45.0,308.1494140625,292.42498779296875,321.8959045410156,9.5,ProximaNova-Bold | ProximaNova-Light,20,612.0,792.0,C. Interrupting Vertical Walls. Vertical walls may interrupt,False,True,Paragraph,lettered_or_numbered,0.55,lettered_or_numbered_paragraph_marker,,4,bridgeport-connecticut-afe7c678fa5dfc85-node-000779
bridgeport-connecticut-afe7c678fa5dfc85,181,18,0,A. Pitch Measure. The roof may not be sloped less than,319.95001220703125,334.7544250488281,561.4234008789062,348.50091552734375,9.5,ProximaNova-Bold | ProximaNova-Light,20,612.0,792.0,A. Pitch Measure. The roof may not be sloped less than,False,True,Paragraph,lettered_or_numbered,0.55,lettered_or_numbered_paragraph_marker,,4,bridgeport-connecticut-afe7c678fa5dfc85-node-000780
bridgeport-connecticut-afe7c678fa5dfc85,181,21,0,B. Configurations.,319.95001220703125,379.7544250488281,404.1080017089844,393.50091552734375,9.5,ProximaNova-Bold,20,612.0,792.0,B. Configurations.,False,True,Paragraph,lettered_or_numbered,0.55,lettered_or_numbered_paragraph_marker,,4,bridgeport-connecticut-afe7c678fa5dfc85-node-000781
bridgeport-connecticut-afe7c678fa5dfc85,181,31,1,14.20.10 . F for definition of half story and any,373.95001220703125,541.75439453125,554.8675537109375,554.8833618164062,9.5,ProximaNova-Light,4,612.0,792.0,14.20.10 . F for definition of half story and any,False,False,Subsection,subsection,0.65,decimal_pattern=subsection,14.20.10,3,bridgeport-connecticut-afe7c678fa5dfc85-node-000782
bridgeport-connecticut-afe7c678fa5dfc85,181,32,0,(2) Butterfly (or inverted gable or V-shaped roof) and,337.95001220703125,598.75439453125,560.5801391601562,611.8833618164062,9.5,ProximaNova-Light,4,612.0,792.0,(2) Butterfly (or inverted gable or V-shaped roof) and,False,False,Paragraph,lettered_or_numbered,0.55,lettered_or_numbered_paragraph_marker,,4,bridgeport-connecticut-afe7c678fa5dfc85-node-000783
bridgeport-connecticut-afe7c678fa5dfc85,182,7,0,(3) Gambrel and mansard roofs are allowed per the,58.5,187.75437927246094,276.9024963378906,200.8833770751953,9.5,ProximaNova-Light,4,612.0,792.0,(3) Gambrel and mansard roofs are allowed per the,False,False,Paragraph,lettered_or_numbered,0.55,lettered_or_numbered_paragraph_marker,,4,bridgeport-connecticut-afe7c678fa5dfc85-node-000784
bridgeport-connecticut-afe7c678fa5dfc85,182,23,0,C. Maximum Roof Height. Roofs without occupied building,40.5,421.7544250488281,294.1290283203125,435.50091552734375,9.5,ProximaNova-Bold | ProximaNova-Light,20,612.0,792.0,C. Maximum Roof Height. Roofs without occupied building,False,True,Paragraph,lettered_or_numbered,0.55,lettered_or_numbered_paragraph_marker,,4,bridgeport-connecticut-afe7c678fa5dfc85-node-000785
bridgeport-connecticut-afe7c678fa5dfc85,182,27,0,D. Rooftop Appurtenances. With the exception of solar,40.5,490.7544250488281,278.24871826171875,504.50091552734375,9.5,ProximaNova-Bold | ProximaNova-Light,20,612.0,792.0,D. Rooftop Appurtenances. With the exception of solar,False,True,Paragraph,lettered_or_numbered,0.55,lettered_or_numbered_paragraph_marker,,4,bridgeport-connecticut-afe7c678fa5dfc85-node-000786
bridgeport-connecticut-afe7c678fa5dfc85,182,35,0,A. Degree of Enclosure. A street facade tower must,40.5,616.75439453125,265.0018615722656,630.5008544921875,9.5,ProximaNova-Bold | ProximaNova-Light,20,612.0,792.0,A. Degree of Enclosure. A street facade tower must,False,True,Paragraph,lettered_or_numbered,0.55,lettered_or_numbered_paragraph_marker,,4,bridgeport-connecticut-afe7c678fa5dfc85-node-000787
bridgeport-connecticut-afe7c678fa5dfc85,182,37,0,B. Quantity. Unless otherwise defined in the building type,40.5,673.75439453125,289.12176513671875,687.5008544921875,9.5,ProximaNova-Bold | ProximaNova-Light,20,612.0,792.0,B. Quantity. Unless otherwise defined in the building type,False,True,Paragraph,lettered_or_numbered,0.55,lettered_or_numbered_paragraph_marker,,4,bridgeport-connecticut-afe7c678fa5dfc85-node-000788
bridgeport-connecticut-afe7c678fa5dfc85,183,3,0,(2) Interior Building Towers. Two additional towers,63.36000061035156,139.75437927246094,274.9510192871094,152.8833770751953,9.5,ProximaNova-Light,4,612.0,792.0,(2) Interior Building Towers. Two additional towers,False,False,Paragraph,lettered_or_numbered,0.55,lettered_or_numbered_paragraph_marker,,4,bridgeport-connecticut-afe7c678fa5dfc85-node-000789
bridgeport-connecticut-afe7c678fa5dfc85,183,6,0,C. Tower Height.,45.36000061035156,208.75437927246094,123.38101196289062,222.50088500976562,9.5,ProximaNova-Bold,20,612.0,792.0,C. Tower Height.,False,True,Paragraph,lettered_or_numbered,0.55,lettered_or_numbered_paragraph_marker,,4,bridgeport-connecticut-afe7c678fa5dfc85-node-000790
bridgeport-connecticut-afe7c678fa5dfc85,183,8,0,(2) A tower allows for up to one additional story of,63.36000061035156,298.7544250488281,276.6419677734375,311.8834228515625,9.5,ProximaNova-Light,4,612.0,792.0,(2) A tower allows for up to one additional story of,False,False,Paragraph,lettered_or_numbered,0.55,lettered_or_numbered_paragraph_marker,,4,bridgeport-connecticut-afe7c678fa5dfc85-node-000791
bridgeport-connecticut-afe7c678fa5dfc85,183,10,0,D. Tower Footprint.,45.36000061035156,343.7544250488281,134.13502502441406,357.50091552734375,9.5,ProximaNova-Bold,20,612.0,792.0,D. Tower Footprint.,False,True,Paragraph,lettered_or_numbered,0.55,lettered_or_numbered_paragraph_marker,,4,bridgeport-connecticut-afe7c678fa5dfc85-node-000792
bridgeport-connecticut-afe7c678fa5dfc85,183,12,0,(2) The maximum width in any direction of the footprint,63.36000061035156,409.7544250488281,295.34747314453125,422.8834228515625,9.5,ProximaNova-Light,4,612.0,792.0,(2) The maximum width in any direction of the footprint,False,False,Paragraph,lettered_or_numbered,0.55,lettered_or_numbered_paragraph_marker,,4,bridgeport-connecticut-afe7c678fa5dfc85-node-000793
bridgeport-connecticut-afe7c678fa5dfc85,183,14,0,"E. Tower Spacing. Street facade towers, within 15 feet of",45.36000061035156,454.7544250488281,288.57171630859375,468.50091552734375,9.5,ProximaNova-Bold | ProximaNova-Light,20,612.0,792.0,"E. Tower Spacing. Street facade towers, within 15 feet of",False,True,Paragraph,lettered_or_numbered,0.55,lettered_or_numbered_paragraph_marker,,4,bridgeport-connecticut-afe7c678fa5dfc85-node-000794
bridgeport-connecticut-afe7c678fa5dfc85,183,17,0,G. Horizontal Shadow lines. If the tower extends the,45.36000061035156,604.75439453125,273.1866455078125,618.5008544921875,9.5,ProximaNova-Bold | ProximaNova-Light,20,612.0,792.0,G. Horizontal Shadow lines. If the tower extends the,False,True,Paragraph,lettered_or_numbered,0.55,lettered_or_numbered_paragraph_marker,,4,bridgeport-connecticut-afe7c678fa5dfc85-node-000795
bridgeport-connecticut-afe7c678fa5dfc85,183,19,0,H. Occupied Building Space. Towers may be occupied by,45.36000061035156,673.75439453125,295.3979797363281,687.5008544921875,9.5,ProximaNova-Bold | ProximaNova-Light,20,612.0,792.0,H. Occupied Building Space. Towers may be occupied by,False,True,Paragraph,lettered_or_numbered,0.55,lettered_or_numbered_paragraph_marker,,4,bridgeport-connecticut-afe7c678fa5dfc85-node-000796
bridgeport-connecticut-afe7c678fa5dfc85,184,0,1,6.30 Entrance Types,40.5,41.37941360473633,177.48861694335938,61.637413024902344,14.0,ProximaNova-Bold,20,612.0,792.0,6.30 Entrance Types,False,True,Section,section,0.9,decimal_pattern=section (N.MM),6.30,2,bridgeport-connecticut-afe7c678fa5dfc85-node-000797
bridgeport-connecticut-afe7c678fa5dfc85,184,3,0,A. Step Layout. The following applies to exterior steps,40.5,150.72947692871094,274.677734375,164.47598266601562,9.5,ProximaNova-Bold | ProximaNova-Light,20,612.0,792.0,A. Step Layout. The following applies to exterior steps,False,True,Paragraph,lettered_or_numbered,0.55,lettered_or_numbered_paragraph_marker,,4,bridgeport-connecticut-afe7c678fa5dfc85-node-000798
bridgeport-connecticut-afe7c678fa5dfc85,184,10,0,"(2) In narrower front yards, step runs longer than 4 feet",58.5,216.72947692871094,291.0955505371094,229.8584747314453,9.5,ProximaNova-Light,4,612.0,792.0,"(2) In narrower front yards, step runs longer than 4 feet",False,False,Paragraph,lettered_or_numbered,0.55,lettered_or_numbered_paragraph_marker,,4,bridgeport-connecticut-afe7c678fa5dfc85-node-000799
bridgeport-connecticut-afe7c678fa5dfc85,184,14,0,(3) Step runs should be limited to no more than 5 risers,58.5,261.7294921875,293.1760559082031,274.8584899902344,9.5,ProximaNova-Light,4,612.0,792.0,(3) Step runs should be limited to no more than 5 risers,False,False,Paragraph,lettered_or_numbered,0.55,lettered_or_numbered_paragraph_marker,,4,bridgeport-connecticut-afe7c678fa5dfc85-node-000800
bridgeport-connecticut-afe7c678fa5dfc85,184,17,0,B. Step Sizes. Risers on exterior steps associated with an,40.5,294.7295227050781,286.6094970703125,308.47601318359375,9.5,ProximaNova-Bold | ProximaNova-Light,20,612.0,792.0,B. Step Sizes. Risers on exterior steps associated with an,False,True,Paragraph,lettered_or_numbered,0.55,lettered_or_numbered_paragraph_marker,,4,bridgeport-connecticut-afe7c678fa5dfc85-node-000801
bridgeport-connecticut-afe7c678fa5dfc85,184,21,0,C. Retaining Walls. The following applies to all retaining,40.5,363.7295227050781,281.0232849121094,377.47601318359375,9.5,ProximaNova-Bold | ProximaNova-Light,20,612.0,792.0,C. Retaining Walls. The following applies to all retaining,False,True,Paragraph,lettered_or_numbered,0.55,lettered_or_numbered_paragraph_marker,,4,bridgeport-connecticut-afe7c678fa5dfc85-node-000802
bridgeport-connecticut-afe7c678fa5dfc85,184,25,0,(2) Retaining walls must be faced in an allowable major,58.5,453.7295227050781,291.4754943847656,466.8585205078125,9.5,ProximaNova-Light,4,612.0,792.0,(2) Retaining walls must be faced in an allowable major,False,False,Paragraph,lettered_or_numbered,0.55,lettered_or_numbered_paragraph_marker,,4,bridgeport-connecticut-afe7c678fa5dfc85-node-000803
bridgeport-connecticut-afe7c678fa5dfc85,184,28,0,(3) Landscape beds may not be sloped greater than,58.5,486.7295227050781,280.07550048828125,499.8585205078125,9.5,ProximaNova-Light,4,612.0,792.0,(3) Landscape beds may not be sloped greater than,False,False,Paragraph,lettered_or_numbered,0.55,lettered_or_numbered_paragraph_marker,,4,bridgeport-connecticut-afe7c678fa5dfc85-node-000804
bridgeport-connecticut-afe7c678fa5dfc85,184,32,0,D. Railings. Railings must be constructed of steel on all,40.5,519.7294921875,276.5149841308594,533.4759521484375,9.5,ProximaNova-Bold | ProximaNova-Light,20,612.0,792.0,D. Railings. Railings must be constructed of steel on all,False,True,Paragraph,lettered_or_numbered,0.55,lettered_or_numbered_paragraph_marker,,4,bridgeport-connecticut-afe7c678fa5dfc85-node-000805
bridgeport-connecticut-afe7c678fa5dfc85,184,36,0,E. Other Entrance Type Configurations. Other,40.5,552.7294921875,244.93319702148438,566.4759521484375,9.5,ProximaNova-Bold | ProximaNova-Light,20,612.0,792.0,E. Other Entrance Type Configurations. Other,False,True,Paragraph,lettered_or_numbered,0.55,lettered_or_numbered_paragraph_marker,,4,bridgeport-connecticut-afe7c678fa5dfc85-node-000806
bridgeport-connecticut-afe7c678fa5dfc85,184,39,2,A. Intent. Storefront entrance types are intended to,40.5,621.7294921875,261.9421081542969,635.4759521484375,9.5,ProximaNova-Bold | ProximaNova-Light,20,612.0,792.0,A. Intent. Storefront entrance types are intended to,False,True,Paragraph,lettered_or_numbered,0.55,lettered_or_numbered_paragraph_marker,,4,bridgeport-connecticut-afe7c678fa5dfc85-node-000807
bridgeport-connecticut-afe7c678fa5dfc85,184,41,0,B. Recessed Entrance. Where the sidewalk outside,40.5,678.7294921875,262.6026306152344,692.4759521484375,9.5,ProximaNova-Bold | ProximaNova-Light,20,612.0,792.0,B. Recessed Entrance. Where the sidewalk outside,False,True,Paragraph,lettered_or_numbered,0.55,lettered_or_numbered_paragraph_marker,,4,bridgeport-connecticut-afe7c678fa5dfc85-node-000808
bridgeport-connecticut-afe7c678fa5dfc85,185,2,0,(2) The maximum width of the recess is 10 feet.,338.5618896484375,115.75437927246094,539.0855102539062,128.8833770751953,9.5,ProximaNova-Light,4,612.0,792.0,(2) The maximum width of the recess is 10 feet.,False,False,Paragraph,lettered_or_numbered,0.55,lettered_or_numbered_paragraph_marker,,4,bridgeport-connecticut-afe7c678fa5dfc85-node-000809
bridgeport-connecticut-afe7c678fa5dfc85,185,3,0,C. Transparency. A minimum amount of ground story,320.5618896484375,136.75437927246094,548.3401489257812,150.50088500976562,9.5,ProximaNova-Bold | ProximaNova-Light,20,612.0,792.0,C. Transparency. A minimum amount of ground story,False,True,Paragraph,lettered_or_numbered,0.55,lettered_or_numbered_paragraph_marker,,4,bridgeport-connecticut-afe7c678fa5dfc85-node-000810
bridgeport-connecticut-afe7c678fa5dfc85,185,7,0,(2) The glass shall turn the corner of the recessed entry,338.5618896484375,214.75437927246094,574.349365234375,227.8833770751953,9.5,ProximaNova-Light,4,612.0,792.0,(2) The glass shall turn the corner of the recessed entry,False,False,Paragraph,lettered_or_numbered,0.55,lettered_or_numbered_paragraph_marker,,4,bridgeport-connecticut-afe7c678fa5dfc85-node-000811
bridgeport-connecticut-afe7c678fa5dfc85,185,10,0,(3) Transom windows above doors are encouraged.,338.5618896484375,247.75437927246094,558.2184448242188,260.8833923339844,9.5,ProximaNova-Light,4,612.0,792.0,(3) Transom windows above doors are encouraged.,False,False,Paragraph,lettered_or_numbered,0.55,lettered_or_numbered_paragraph_marker,,4,bridgeport-connecticut-afe7c678fa5dfc85-node-000812
bridgeport-connecticut-afe7c678fa5dfc85,185,12,0,(4) See 6.50.1 for general window regulations.,338.5618896484375,292.7544250488281,530.8377685546875,305.8834228515625,9.5,ProximaNova-Light,4,612.0,792.0,(4) See 6.50.1 for general window regulations.,False,False,Paragraph,lettered_or_numbered,0.55,lettered_or_numbered_paragraph_marker,,4,bridgeport-connecticut-afe7c678fa5dfc85-node-000813
bridgeport-connecticut-afe7c678fa5dfc85,185,13,0,"D. Bulkhead. Where a bulkhead is incorporated, the",320.5618896484375,313.7544250488281,544.9678955078125,327.50091552734375,9.5,ProximaNova-Bold | ProximaNova-Light,20,612.0,792.0,"D. Bulkhead. Where a bulkhead is incorporated, the",False,True,Paragraph,lettered_or_numbered,0.55,lettered_or_numbered_paragraph_marker,,4,bridgeport-connecticut-afe7c678fa5dfc85-node-000814
bridgeport-connecticut-afe7c678fa5dfc85,185,17,0,E. Elevated Storefronts. This subtype is allowed only,320.5617980957031,406.7544250488281,550.4923095703125,420.50091552734375,9.5,ProximaNova-Bold | ProximaNova-Light,20,612.0,792.0,E. Elevated Storefronts. This subtype is allowed only,False,True,Paragraph,lettered_or_numbered,0.55,lettered_or_numbered_paragraph_marker,,4,bridgeport-connecticut-afe7c678fa5dfc85-node-000815
bridgeport-connecticut-afe7c678fa5dfc85,185,26,0,(2) Configurations. The following configurations are,338.5617980957031,625.75439453125,559.9368286132812,639.5008544921875,9.5,ProximaNova-Bold | ProximaNova-Light,20,612.0,792.0,(2) Configurations. The following configurations are,False,True,Paragraph,lettered_or_numbered,0.55,lettered_or_numbered_paragraph_marker,,4,bridgeport-connecticut-afe7c678fa5dfc85-node-000816
bridgeport-connecticut-afe7c678fa5dfc85,186,9,0,(3) Visible Basements. Any building facade below the,58.5,295.7544250488281,289.1144714355469,309.50091552734375,9.5,ProximaNova-Bold | ProximaNova-Light,20,612.0,792.0,(3) Visible Basements. Any building facade below the,False,True,Paragraph,lettered_or_numbered,0.55,lettered_or_numbered_paragraph_marker,,4,bridgeport-connecticut-afe7c678fa5dfc85-node-000817
bridgeport-connecticut-afe7c678fa5dfc85,186,19,0,(4) Platform Material. Any platform must be a masonry,58.5,673.75439453125,291.82196044921875,687.5008544921875,9.5,ProximaNova-Bold | ProximaNova-Light,20,612.0,792.0,(4) Platform Material. Any platform must be a masonry,False,True,Paragraph,lettered_or_numbered,0.55,lettered_or_numbered_paragraph_marker,,4,bridgeport-connecticut-afe7c678fa5dfc85-node-000818
bridgeport-connecticut-afe7c678fa5dfc85,187,1,0,C. Floodplain Elevations. Where a porch entrance is,319.95001220703125,82.75437927246094,547.1728515625,96.50088500976562,9.5,ProximaNova-Bold | ProximaNova-Light,20,612.0,792.0,C. Floodplain Elevations. Where a porch entrance is,False,True,Paragraph,lettered_or_numbered,0.55,lettered_or_numbered_paragraph_marker,,4,bridgeport-connecticut-afe7c678fa5dfc85-node-000819
bridgeport-connecticut-afe7c678fa5dfc85,187,6,0,A. Stoop Size. Stoops must be a minimum of 4 feet wide,44.82809829711914,160.75437927246094,287.3085632324219,174.50088500976562,9.5,ProximaNova-Bold | ProximaNova-Light,20,612.0,792.0,A. Stoop Size. Stoops must be a minimum of 4 feet wide,False,True,Paragraph,lettered_or_numbered,0.55,lettered_or_numbered_paragraph_marker,,4,bridgeport-connecticut-afe7c678fa5dfc85-node-000820
bridgeport-connecticut-afe7c678fa5dfc85,187,8,0,(2) Street facade requirements of the building type ( 3.0 ),337.95001220703125,172.75437927246094,572.9946899414062,185.8833770751953,9.5,ProximaNova-Light,4,612.0,792.0,(2) Street facade requirements of the building type ( 3.0 ),False,False,Paragraph,lettered_or_numbered,0.55,lettered_or_numbered_paragraph_marker,,4,bridgeport-connecticut-afe7c678fa5dfc85-node-000821
bridgeport-connecticut-afe7c678fa5dfc85,187,9,0,B. Steps. See 6.30.1 for general step regulations on,44.82809829711914,193.75437927246094,265.7737121582031,207.50088500976562,9.5,ProximaNova-Bold | ProximaNova-Light,20,612.0,792.0,B. Steps. See 6.30.1 for general step regulations on,False,True,Paragraph,lettered_or_numbered,0.55,lettered_or_numbered_paragraph_marker,,4,bridgeport-connecticut-afe7c678fa5dfc85-node-000822
bridgeport-connecticut-afe7c678fa5dfc85,187,11,0,C. Floodplain Elevations. Where a stoop entrance is,44.82809829711914,226.75437927246094,271.6138000488281,240.50088500976562,9.5,ProximaNova-Bold | ProximaNova-Light,20,612.0,792.0,C. Floodplain Elevations. Where a stoop entrance is,False,True,Paragraph,lettered_or_numbered,0.55,lettered_or_numbered_paragraph_marker,,4,bridgeport-connecticut-afe7c678fa5dfc85-node-000823
bridgeport-connecticut-afe7c678fa5dfc85,187,13,0,"(3) Where required below base flood elevation (BFE),",337.95001220703125,253.75437927246094,562.9076538085938,266.8833923339844,9.5,ProximaNova-Light,4,612.0,792.0,"(3) Where required below base flood elevation (BFE),",False,False,Paragraph,lettered_or_numbered,0.55,lettered_or_numbered_paragraph_marker,,4,bridgeport-connecticut-afe7c678fa5dfc85-node-000824
bridgeport-connecticut-afe7c678fa5dfc85,187,16,0,(2) Street facade requirements of the building type ( 3.0 ),62.82809829711914,316.7544250488281,297.872802734375,329.8834228515625,9.5,ProximaNova-Light,4,612.0,792.0,(2) Street facade requirements of the building type ( 3.0 ),False,False,Paragraph,lettered_or_numbered,0.55,lettered_or_numbered_paragraph_marker,,4,bridgeport-connecticut-afe7c678fa5dfc85-node-000825
bridgeport-connecticut-afe7c678fa5dfc85,187,18,0,"(4) Uses allowed in the basement of the building type,",337.95001220703125,358.7544250488281,567.4866943359375,371.8834228515625,9.5,ProximaNova-Light,4,612.0,792.0,"(4) Uses allowed in the basement of the building type,",False,False,Paragraph,lettered_or_numbered,0.55,lettered_or_numbered_paragraph_marker,,4,bridgeport-connecticut-afe7c678fa5dfc85-node-000826
bridgeport-connecticut-afe7c678fa5dfc85,187,21,0,"(3) Where required below base flood elevation (BFE),",62.82809829711914,397.7544250488281,287.7856140136719,410.8834228515625,9.5,ProximaNova-Light,4,612.0,792.0,"(3) Where required below base flood elevation (BFE),",False,False,Paragraph,lettered_or_numbered,0.55,lettered_or_numbered_paragraph_marker,,4,bridgeport-connecticut-afe7c678fa5dfc85-node-000827
bridgeport-connecticut-afe7c678fa5dfc85,187,22,0,D. Height. Porch may be 2 stories to provide a balcony on,319.95001220703125,403.7544250488281,569.9397583007812,417.50091552734375,9.5,ProximaNova-Bold | ProximaNova-Light,20,612.0,792.0,D. Height. Porch may be 2 stories to provide a balcony on,False,True,Paragraph,lettered_or_numbered,0.55,lettered_or_numbered_paragraph_marker,,4,bridgeport-connecticut-afe7c678fa5dfc85-node-000828
bridgeport-connecticut-afe7c678fa5dfc85,187,25,0,"(4) Uses allowed in the basement of the building type,",62.82809829711914,502.75439453125,292.3646240234375,515.8833618164062,9.5,ProximaNova-Light,4,612.0,792.0,"(4) Uses allowed in the basement of the building type,",False,False,Paragraph,lettered_or_numbered,0.55,lettered_or_numbered_paragraph_marker,,4,bridgeport-connecticut-afe7c678fa5dfc85-node-000829
bridgeport-connecticut-afe7c678fa5dfc85,187,27,0,(5) Elevated Stoops must be a masonry or concrete,62.82809829711914,547.75439453125,281.6105651855469,560.8833618164062,9.5,ProximaNova-Light,4,612.0,792.0,(5) Elevated Stoops must be a masonry or concrete,False,False,Paragraph,lettered_or_numbered,0.55,lettered_or_numbered_paragraph_marker,,4,bridgeport-connecticut-afe7c678fa5dfc85-node-000830
bridgeport-connecticut-afe7c678fa5dfc85,187,30,0,"A. Transparency. If a porch is enclosed, refer to the",44.82809829711914,649.75439453125,266.915771484375,663.5008544921875,9.5,ProximaNova-Bold | ProximaNova-Light,20,612.0,792.0,"A. Transparency. If a porch is enclosed, refer to the",False,True,Paragraph,lettered_or_numbered,0.55,lettered_or_numbered_paragraph_marker,,4,bridgeport-connecticut-afe7c678fa5dfc85-node-000831
bridgeport-connecticut-afe7c678fa5dfc85,187,32,0,B. Porch Size. The porch shall be a minimum of 5 feet,44.82809829711914,682.75439453125,277.52337646484375,696.5008544921875,9.5,ProximaNova-Bold | ProximaNova-Light,20,612.0,792.0,B. Porch Size. The porch shall be a minimum of 5 feet,False,True,Paragraph,lettered_or_numbered,0.55,lettered_or_numbered_paragraph_marker,,4,bridgeport-connecticut-afe7c678fa5dfc85-node-000832
bridgeport-connecticut-afe7c678fa5dfc85,188,0,1,6.40 Facade Materials,40.5,41.37941360473633,192.13401794433594,61.637413024902344,14.0,ProximaNova-Bold,20,612.0,792.0,6.40 Facade Materials,False,True,Section,section,0.9,decimal_pattern=section (N.MM),6.40,2,bridgeport-connecticut-afe7c678fa5dfc85-node-000833
bridgeport-connecticut-afe7c678fa5dfc85,188,2,2,A. Maximum Minor Materials for Street Facades.,315.45001220703125,95.14939880371094,529.75341796875,108.89590454101562,9.5,ProximaNova-Bold,20,612.0,792.0,A. Maximum Minor Materials for Street Facades.,False,True,Paragraph,lettered_or_numbered,0.55,lettered_or_numbered_paragraph_marker,,4,bridgeport-connecticut-afe7c678fa5dfc85-node-000834
bridgeport-connecticut-afe7c678fa5dfc85,188,5,0,A. Street and Other Primary Facades. Major materials are,40.5,138.7294158935547,291.2708740234375,152.47592163085938,9.5,ProximaNova-Bold | ProximaNova-Light,20,612.0,792.0,A. Street and Other Primary Facades. Major materials are,False,True,Paragraph,lettered_or_numbered,0.55,lettered_or_numbered_paragraph_marker,,4,bridgeport-connecticut-afe7c678fa5dfc85-node-000835
bridgeport-connecticut-afe7c678fa5dfc85,188,6,0,B. Accents and Details. Additional materials are allowed,315.45001220703125,152.14939880371094,558.4772338867188,165.89590454101562,9.5,ProximaNova-Bold | ProximaNova-Light,20,612.0,792.0,B. Accents and Details. Additional materials are allowed,False,True,Paragraph,lettered_or_numbered,0.55,lettered_or_numbered_paragraph_marker,,4,bridgeport-connecticut-afe7c678fa5dfc85-node-000836
bridgeport-connecticut-afe7c678fa5dfc85,188,9,0,"B. CX, I with Deep Setbacks. For the purposes of major",40.5,207.7294158935547,282.1039123535156,221.47592163085938,9.5,ProximaNova-Bold | ProximaNova-Light,20,612.0,792.0,"B. CX, I with Deep Setbacks. For the purposes of major",False,True,Paragraph,lettered_or_numbered,0.55,lettered_or_numbered_paragraph_marker,,4,bridgeport-connecticut-afe7c678fa5dfc85-node-000837
bridgeport-connecticut-afe7c678fa5dfc85,188,12,0,C. Side and Rear Facades. For any rear and side facades,40.5,264.72943115234375,287.88397216796875,278.4759216308594,9.5,ProximaNova-Bold | ProximaNova-Light,20,612.0,792.0,C. Side and Rear Facades. For any rear and side facades,False,True,Paragraph,lettered_or_numbered,0.55,lettered_or_numbered_paragraph_marker,,4,bridgeport-connecticut-afe7c678fa5dfc85-node-000838
bridgeport-connecticut-afe7c678fa5dfc85,188,15,0,D. Original Facade Materials. Where brick or stone is an,40.5,345.7294006347656,284.9994201660156,359.47589111328125,9.5,ProximaNova-Bold | ProximaNova-Light,20,612.0,792.0,D. Original Facade Materials. Where brick or stone is an,False,True,Paragraph,lettered_or_numbered,0.55,lettered_or_numbered_paragraph_marker,,4,bridgeport-connecticut-afe7c678fa5dfc85-node-000839
bridgeport-connecticut-afe7c678fa5dfc85,188,18,0,A. Changes in Facade Materials. Changes in facade,315.45001220703125,380.1494140625,543.2352294921875,393.8959045410156,9.5,ProximaNova-Bold | ProximaNova-Light,20,612.0,792.0,A. Changes in Facade Materials. Changes in facade,False,True,Paragraph,lettered_or_numbered,0.55,lettered_or_numbered_paragraph_marker,,4,bridgeport-connecticut-afe7c678fa5dfc85-node-000840
bridgeport-connecticut-afe7c678fa5dfc85,188,21,0,(2) A different major material may not be installed over,58.5,435.7294006347656,289.5185241699219,448.8583984375,9.5,ProximaNova-Light,4,612.0,792.0,(2) A different major material may not be installed over,False,False,Paragraph,lettered_or_numbered,0.55,lettered_or_numbered_paragraph_marker,,4,bridgeport-connecticut-afe7c678fa5dfc85-node-000841
bridgeport-connecticut-afe7c678fa5dfc85,188,22,0,B. Materials Hierarchy. A hierarchy of materials must be,315.45001220703125,437.1494140625,557.3788452148438,450.8959045410156,9.5,ProximaNova-Bold | ProximaNova-Light,20,612.0,792.0,B. Materials Hierarchy. A hierarchy of materials must be,False,True,Paragraph,lettered_or_numbered,0.55,lettered_or_numbered_paragraph_marker,,4,bridgeport-connecticut-afe7c678fa5dfc85-node-000842
bridgeport-connecticut-afe7c678fa5dfc85,189,1,0,B. Examples. Samples and examples of successful high-,319.95001220703125,82.75437927246094,559.1094970703125,96.50088500976562,9.5,ProximaNova-Bold | ProximaNova-Light,20,612.0,792.0,B. Examples. Samples and examples of successful high-,False,True,Paragraph,lettered_or_numbered,0.55,lettered_or_numbered_paragraph_marker,,4,bridgeport-connecticut-afe7c678fa5dfc85-node-000843
bridgeport-connecticut-afe7c678fa5dfc85,189,4,0,C. Shadow Lines on Surfaces. Shadow lines must,45.0,127.75437927246094,261.5749816894531,141.50088500976562,9.5,ProximaNova-Bold | ProximaNova-Light,20,612.0,792.0,C. Shadow Lines on Surfaces. Shadow lines must,False,True,Paragraph,lettered_or_numbered,0.55,lettered_or_numbered_paragraph_marker,,4,bridgeport-connecticut-afe7c678fa5dfc85-node-000844
bridgeport-connecticut-afe7c678fa5dfc85,189,5,0,C. Prohibited Materials. Materials listed on Table 6-5 may,319.95001220703125,127.75437927246094,568.4835815429688,141.50088500976562,9.5,ProximaNova-Bold | ProximaNova-Light,20,612.0,792.0,C. Prohibited Materials. Materials listed on Table 6-5 may,False,True,Paragraph,lettered_or_numbered,0.55,lettered_or_numbered_paragraph_marker,,4,bridgeport-connecticut-afe7c678fa5dfc85-node-000845
bridgeport-connecticut-afe7c678fa5dfc85,189,9,0,A. Intent. Other materials may be allowed if the applicant,45.0,253.75437927246094,289.8785705566406,267.5008850097656,9.5,ProximaNova-Bold | ProximaNova-Light,20,612.0,792.0,A. Intent. Other materials may be allowed if the applicant,False,True,Paragraph,lettered_or_numbered,0.55,lettered_or_numbered_paragraph_marker,,4,bridgeport-connecticut-afe7c678fa5dfc85-node-000846
bridgeport-connecticut-afe7c678fa5dfc85,193,0,1,6.50 Facade Elements,426.8716125488281,41.37941360473633,575.257568359375,61.637413024902344,14.0,ProximaNova-Bold,20,612.0,792.0,6.50 Facade Elements,False,True,Section,section,0.9,decimal_pattern=section (N.MM),6.50,2,bridgeport-connecticut-afe7c678fa5dfc85-node-000847
bridgeport-connecticut-afe7c678fa5dfc85,193,2,2,A. Exterior bars and security grills are prohibited on any,319.95001220703125,95.14939880371094,557.837158203125,108.89590454101562,9.5,ProximaNova-Bold | ProximaNova-Light,20,612.0,792.0,A. Exterior bars and security grills are prohibited on any,False,True,Paragraph,lettered_or_numbered,0.55,lettered_or_numbered_paragraph_marker,,4,bridgeport-connecticut-afe7c678fa5dfc85-node-000848
bridgeport-connecticut-afe7c678fa5dfc85,193,4,0,B. Security grills must be fully retractable and completely,319.95001220703125,128.14939880371094,562.5205078125,141.89590454101562,9.5,ProximaNova-Bold | ProximaNova-Light,20,612.0,792.0,B. Security grills must be fully retractable and completely,False,True,Paragraph,lettered_or_numbered,0.55,lettered_or_numbered_paragraph_marker,,4,bridgeport-connecticut-afe7c678fa5dfc85-node-000849
bridgeport-connecticut-afe7c678fa5dfc85,193,6,0,A. Amount. Each building must meet the transparency,45.36000061035156,150.7294158935547,278.33502197265625,164.47592163085938,9.5,ProximaNova-Bold | ProximaNova-Light,20,612.0,792.0,A. Amount. Each building must meet the transparency,False,True,Paragraph,lettered_or_numbered,0.55,lettered_or_numbered_paragraph_marker,,4,bridgeport-connecticut-afe7c678fa5dfc85-node-000850
bridgeport-connecticut-afe7c678fa5dfc85,193,9,0,"B. Recessed. All windows, with the exception of ground",45.36000061035156,195.7294158935547,283.7404479980469,209.47592163085938,9.5,ProximaNova-Bold | ProximaNova-Light,20,612.0,792.0,"B. Recessed. All windows, with the exception of ground",False,True,Paragraph,lettered_or_numbered,0.55,lettered_or_numbered_paragraph_marker,,4,bridgeport-connecticut-afe7c678fa5dfc85-node-000851
bridgeport-connecticut-afe7c678fa5dfc85,193,12,0,C. Vertically Oriented. A minimum of 70% of street facade,45.36000061035156,252.7294158935547,295.0692443847656,266.4759216308594,9.5,ProximaNova-Bold | ProximaNova-Light,20,612.0,792.0,C. Vertically Oriented. A minimum of 70% of street facade,False,True,Paragraph,lettered_or_numbered,0.55,lettered_or_numbered_paragraph_marker,,4,bridgeport-connecticut-afe7c678fa5dfc85-node-000852
bridgeport-connecticut-afe7c678fa5dfc85,193,13,0,"A. Size. All shutters must be sized for the windows, so that,",319.95001220703125,254.14939880371094,572.0392456054688,267.8959045410156,9.5,ProximaNova-Bold | ProximaNova-Light,20,612.0,792.0,"A. Size. All shutters must be sized for the windows, so that,",False,True,Paragraph,lettered_or_numbered,0.55,lettered_or_numbered_paragraph_marker,,4,bridgeport-connecticut-afe7c678fa5dfc85-node-000853
bridgeport-connecticut-afe7c678fa5dfc85,193,16,0,D. Operable Windows. With the exception of ground,45.36000061035156,297.7294006347656,272.4881896972656,311.47589111328125,9.5,ProximaNova-Bold | ProximaNova-Light,20,612.0,792.0,D. Operable Windows. With the exception of ground,False,True,Paragraph,lettered_or_numbered,0.55,lettered_or_numbered_paragraph_marker,,4,bridgeport-connecticut-afe7c678fa5dfc85-node-000854
bridgeport-connecticut-afe7c678fa5dfc85,193,17,0,"B. Materials. Shutters must be wood, metal, or fiber",319.95001220703125,299.1494140625,542.1805419921875,312.8959045410156,9.5,ProximaNova-Bold | ProximaNova-Light,20,612.0,792.0,"B. Materials. Shutters must be wood, metal, or fiber",False,True,Paragraph,lettered_or_numbered,0.55,lettered_or_numbered_paragraph_marker,,4,bridgeport-connecticut-afe7c678fa5dfc85-node-000855
bridgeport-connecticut-afe7c678fa5dfc85,193,20,0,E. Visibility Through Glass. Reflective glass and glass,45.36000061035156,390.7294006347656,278.79119873046875,404.47589111328125,9.5,ProximaNova-Bold | ProximaNova-Light,20,612.0,792.0,E. Visibility Through Glass. Reflective glass and glass,False,True,Paragraph,lettered_or_numbered,0.55,lettered_or_numbered_paragraph_marker,,4,bridgeport-connecticut-afe7c678fa5dfc85-node-000856
bridgeport-connecticut-afe7c678fa5dfc85,193,22,0,A. Material. All awnings and canopies shall be canvas or,319.95001220703125,425.1494140625,562.9951782226562,438.8959045410156,9.5,ProximaNova-Bold | ProximaNova-Light,20,612.0,792.0,A. Material. All awnings and canopies shall be canvas or,False,True,Paragraph,lettered_or_numbered,0.55,lettered_or_numbered_paragraph_marker,,4,bridgeport-connecticut-afe7c678fa5dfc85-node-000857
bridgeport-connecticut-afe7c678fa5dfc85,193,26,0,"G. Garage Doors. Garage doors utilized for patio access,",45.36000061035156,528.7294311523438,289.3695983886719,542.4758911132812,9.5,ProximaNova-Bold | ProximaNova-Light,20,612.0,792.0,"G. Garage Doors. Garage doors utilized for patio access,",False,True,Paragraph,lettered_or_numbered,0.55,lettered_or_numbered_paragraph_marker,,4,bridgeport-connecticut-afe7c678fa5dfc85-node-000858
bridgeport-connecticut-afe7c678fa5dfc85,193,28,0,"H. Unobstructed Windows. Ground story, street-facade",45.36000061035156,597.7294311523438,283.9165344238281,611.4758911132812,9.5,ProximaNova-Bold | ProximaNova-Light,20,612.0,792.0,"H. Unobstructed Windows. Ground story, street-facade",False,True,Paragraph,lettered_or_numbered,0.55,lettered_or_numbered_paragraph_marker,,4,bridgeport-connecticut-afe7c678fa5dfc85-node-000859
bridgeport-connecticut-afe7c678fa5dfc85,194,1,0,B. Lighting. Backlighting is allowed only on metal awnings.,40.9807014465332,82.75437927246094,292.6041259765625,96.50088500976562,9.5,ProximaNova-Bold | ProximaNova-Light,20,612.0,792.0,B. Lighting. Backlighting is allowed only on metal awnings.,False,True,Paragraph,lettered_or_numbered,0.55,lettered_or_numbered_paragraph_marker,,4,bridgeport-connecticut-afe7c678fa5dfc85-node-000860
bridgeport-connecticut-afe7c678fa5dfc85,194,2,0,C. Structures. Frames must be metal and wall-mounted.,40.9807014465332,103.75437927246094,280.62451171875,117.50088500976562,9.5,ProximaNova-Bold | ProximaNova-Light,20,612.0,792.0,C. Structures. Frames must be metal and wall-mounted.,False,True,Paragraph,lettered_or_numbered,0.55,lettered_or_numbered_paragraph_marker,,4,bridgeport-connecticut-afe7c678fa5dfc85-node-000861
bridgeport-connecticut-afe7c678fa5dfc85,194,7,0,"D. Canopies & Light Shelves. Permanent canopies,",40.9807014465332,160.75437927246094,262.8945007324219,174.50088500976562,9.5,ProximaNova-Bold | ProximaNova-Light,20,612.0,792.0,"D. Canopies & Light Shelves. Permanent canopies,",False,True,Paragraph,lettered_or_numbered,0.55,lettered_or_numbered_paragraph_marker,,4,bridgeport-connecticut-afe7c678fa5dfc85-node-000862
bridgeport-connecticut-afe7c678fa5dfc85,194,9,0,E. Right-of-Way. Awnings or canopies extending into any,40.9807014465332,217.75437927246094,286.0395202636719,231.50088500976562,9.5,ProximaNova-Bold | ProximaNova-Light,20,612.0,792.0,E. Right-of-Way. Awnings or canopies extending into any,False,True,Paragraph,lettered_or_numbered,0.55,lettered_or_numbered_paragraph_marker,,4,bridgeport-connecticut-afe7c678fa5dfc85-node-000863
bridgeport-connecticut-afe7c678fa5dfc85,194,15,0,G. Signs. See 9.0 for signs on awnings and canopies.,40.9807014465332,307.7544250488281,267.74957275390625,321.50091552734375,9.5,ProximaNova-Bold | ProximaNova-Light,20,612.0,792.0,G. Signs. See 9.0 for signs on awnings and canopies.,False,True,Paragraph,lettered_or_numbered,0.55,lettered_or_numbered_paragraph_marker,,4,bridgeport-connecticut-afe7c678fa5dfc85-node-000864
bridgeport-connecticut-afe7c678fa5dfc85,194,17,0,"A. Definition. For the purpose of this subsection, balconies",40.9807014465332,397.7544250488281,293.88641357421875,411.50091552734375,9.5,ProximaNova-Bold | ProximaNova-Light,20,612.0,792.0,"A. Definition. For the purpose of this subsection, balconies",False,True,Paragraph,lettered_or_numbered,0.55,lettered_or_numbered_paragraph_marker,,4,bridgeport-connecticut-afe7c678fa5dfc85-node-000865
bridgeport-connecticut-afe7c678fa5dfc85,194,19,0,"B. Balconettes. Balconettes are false balconies,",40.9807014465332,466.7544250488281,248.24851989746094,480.50091552734375,9.5,ProximaNova-Bold | ProximaNova-Light,20,612.0,792.0,"B. Balconettes. Balconettes are false balconies,",False,True,Paragraph,lettered_or_numbered,0.55,lettered_or_numbered_paragraph_marker,,4,bridgeport-connecticut-afe7c678fa5dfc85-node-000866
bridgeport-connecticut-afe7c678fa5dfc85,194,21,0,(2) The balcony support structure must be integrated,333.45001220703125,490.7980041503906,557.9420776367188,503.927001953125,9.5,ProximaNova-Light,4,612.0,792.0,(2) The balcony support structure must be integrated,False,False,Paragraph,lettered_or_numbered,0.55,lettered_or_numbered_paragraph_marker,,4,bridgeport-connecticut-afe7c678fa5dfc85-node-000867
bridgeport-connecticut-afe7c678fa5dfc85,194,24,0,C. Size. Balconies must be a minimum of 4 feet deep and,40.9807014465332,547.75439453125,286.93280029296875,561.5008544921875,9.5,ProximaNova-Bold | ProximaNova-Light,20,612.0,792.0,C. Size. Balconies must be a minimum of 4 feet deep and,False,True,Paragraph,lettered_or_numbered,0.55,lettered_or_numbered_paragraph_marker,,4,bridgeport-connecticut-afe7c678fa5dfc85-node-000868
bridgeport-connecticut-afe7c678fa5dfc85,194,27,0,D. Facade Coverage. A maximum of 35 percent of street,40.9807014465332,580.75439453125,285.1424865722656,594.5008544921875,9.5,ProximaNova-Bold | ProximaNova-Light,20,612.0,792.0,D. Facade Coverage. A maximum of 35 percent of street,False,True,Paragraph,lettered_or_numbered,0.55,lettered_or_numbered_paragraph_marker,,4,bridgeport-connecticut-afe7c678fa5dfc85-node-000869
bridgeport-connecticut-afe7c678fa5dfc85,194,28,0,G. Build-to Zone Requirement. When the balcony is in,315.45001220703125,592.7979736328125,550.8102416992188,606.54443359375,9.5,ProximaNova-Bold | ProximaNova-Light,20,612.0,792.0,G. Build-to Zone Requirement. When the balcony is in,False,True,Paragraph,lettered_or_numbered,0.55,lettered_or_numbered_paragraph_marker,,4,bridgeport-connecticut-afe7c678fa5dfc85-node-000870
bridgeport-connecticut-afe7c678fa5dfc85,194,31,0,E. Integrated Design. Balconies are intended to be,40.9807014465332,673.75439453125,263.45367431640625,687.5008544921875,9.5,ProximaNova-Bold | ProximaNova-Light,20,612.0,792.0,E. Integrated Design. Balconies are intended to be,False,True,Paragraph,lettered_or_numbered,0.55,lettered_or_numbered_paragraph_marker,,4,bridgeport-connecticut-afe7c678fa5dfc85-node-000871
bridgeport-connecticut-afe7c678fa5dfc85,196,1,0,A. Roof or Canopy. The entryway is covered by a roof or,40.5,82.75437927246094,284.6484069824219,96.50088500976562,9.5,ProximaNova-Bold | ProximaNova-Light,20,612.0,792.0,A. Roof or Canopy. The entryway is covered by a roof or,False,True,Paragraph,lettered_or_numbered,0.55,lettered_or_numbered_paragraph_marker,,4,bridgeport-connecticut-afe7c678fa5dfc85-node-000872
bridgeport-connecticut-afe7c678fa5dfc85,196,3,0,B. Porch. The entryway is through a porch.,40.5,127.75437927246094,223.95147705078125,141.50088500976562,9.5,ProximaNova-Bold | ProximaNova-Light,20,612.0,792.0,B. Porch. The entryway is through a porch.,False,True,Paragraph,lettered_or_numbered,0.55,lettered_or_numbered_paragraph_marker,,4,bridgeport-connecticut-afe7c678fa5dfc85-node-000873
bridgeport-connecticut-afe7c678fa5dfc85,196,4,0,C. Sidelights and Transom. Sidelights or transom windows,40.5,148.75437927246094,292.7798156738281,162.50088500976562,9.5,ProximaNova-Bold | ProximaNova-Light,20,612.0,792.0,C. Sidelights and Transom. Sidelights or transom windows,False,True,Paragraph,lettered_or_numbered,0.55,lettered_or_numbered_paragraph_marker,,4,bridgeport-connecticut-afe7c678fa5dfc85-node-000874
bridgeport-connecticut-afe7c678fa5dfc85,196,6,0,D. Articulation. The entryway is included in a separate bay,40.5,181.75437927246094,292.66461181640625,195.50088500976562,9.5,ProximaNova-Bold | ProximaNova-Light,20,612.0,792.0,D. Articulation. The entryway is included in a separate bay,False,True,Paragraph,lettered_or_numbered,0.55,lettered_or_numbered_paragraph_marker,,4,bridgeport-connecticut-afe7c678fa5dfc85-node-000875
bridgeport-connecticut-afe7c678fa5dfc85,196,8,0,E. Other Methods. Other structural methods of,40.5,226.75437927246094,243.9257049560547,240.50088500976562,9.5,ProximaNova-Bold | ProximaNova-Light,20,612.0,792.0,E. Other Methods. Other structural methods of,False,True,Paragraph,lettered_or_numbered,0.55,lettered_or_numbered_paragraph_marker,,4,bridgeport-connecticut-afe7c678fa5dfc85-node-000876
bridgeport-connecticut-afe7c678fa5dfc85,196,12,0,A. Intent. Arcades on street facades are intended to be,40.5,340.7544250488281,279.23211669921875,354.50091552734375,9.5,ProximaNova-Bold | ProximaNova-Light,20,612.0,792.0,A. Intent. Arcades on street facades are intended to be,False,True,Paragraph,lettered_or_numbered,0.55,lettered_or_numbered_paragraph_marker,,4,bridgeport-connecticut-afe7c678fa5dfc85-node-000877
bridgeport-connecticut-afe7c678fa5dfc85,196,14,0,B. Depth. An open-air walkway must be recessed from the,40.5,385.7544250488281,291.8385314941406,399.50091552734375,9.5,ProximaNova-Bold | ProximaNova-Light,20,612.0,792.0,B. Depth. An open-air walkway must be recessed from the,False,True,Paragraph,lettered_or_numbered,0.55,lettered_or_numbered_paragraph_marker,,4,bridgeport-connecticut-afe7c678fa5dfc85-node-000878
bridgeport-connecticut-afe7c678fa5dfc85,196,16,0,"C. Build-to Zone. When the arcade is utilized, the outside",40.5,430.7544250488281,287.0083312988281,444.50091552734375,9.5,ProximaNova-Bold | ProximaNova-Light,20,612.0,792.0,"C. Build-to Zone. When the arcade is utilized, the outside",False,True,Paragraph,lettered_or_numbered,0.55,lettered_or_numbered_paragraph_marker,,4,bridgeport-connecticut-afe7c678fa5dfc85-node-000879
bridgeport-connecticut-afe7c678fa5dfc85,196,21,0,D. Column Spacing. Columns must be spaced between 10,40.5,475.7544250488281,291.8627014160156,489.50091552734375,9.5,ProximaNova-Bold | ProximaNova-Light,20,612.0,792.0,D. Column Spacing. Columns must be spaced between 10,False,True,Paragraph,lettered_or_numbered,0.55,lettered_or_numbered_paragraph_marker,,4,bridgeport-connecticut-afe7c678fa5dfc85-node-000880
bridgeport-connecticut-afe7c678fa5dfc85,196,23,0,E. Column Width. Columns must be a minimum of 1 foot,40.5,508.75439453125,281.5934143066406,522.5008544921875,9.5,ProximaNova-Bold | ProximaNova-Light,20,612.0,792.0,E. Column Width. Columns must be a minimum of 1 foot,False,True,Paragraph,lettered_or_numbered,0.55,lettered_or_numbered_paragraph_marker,,4,bridgeport-connecticut-afe7c678fa5dfc85-node-000881
bridgeport-connecticut-afe7c678fa5dfc85,196,28,0,G. Horizontal Facade Division. A horizontal shadow line,40.5,574.75439453125,282.8139343261719,588.5008544921875,9.5,ProximaNova-Bold | ProximaNova-Light,20,612.0,792.0,G. Horizontal Facade Division. A horizontal shadow line,False,True,Paragraph,lettered_or_numbered,0.55,lettered_or_numbered_paragraph_marker,,4,bridgeport-connecticut-afe7c678fa5dfc85-node-000882
bridgeport-connecticut-afe7c678fa5dfc85,196,36,0,A. Storefronts. The following regulations apply to,40.5,700.75439453125,253.70518493652344,714.5008544921875,9.5,ProximaNova-Bold | ProximaNova-Light,20,612.0,792.0,A. Storefronts. The following regulations apply to,False,True,Paragraph,lettered_or_numbered,0.55,lettered_or_numbered_paragraph_marker,,4,bridgeport-connecticut-afe7c678fa5dfc85-node-000883
bridgeport-connecticut-afe7c678fa5dfc85,197,2,0,(2) Knee wall and retaining walls must not exceed 18,63.0,139.75437927246094,285.2025451660156,152.8833770751953,9.5,ProximaNova-Light,4,612.0,792.0,(2) Knee wall and retaining walls must not exceed 18,False,False,Paragraph,lettered_or_numbered,0.55,lettered_or_numbered_paragraph_marker,,4,bridgeport-connecticut-afe7c678fa5dfc85-node-000884
bridgeport-connecticut-afe7c678fa5dfc85,197,4,0,(3) If the grade change is more than 9 feet along a,63.0,184.75437927246094,278.0775146484375,197.8833770751953,9.5,ProximaNova-Light,4,612.0,792.0,(3) If the grade change is more than 9 feet along a,False,False,Paragraph,lettered_or_numbered,0.55,lettered_or_numbered_paragraph_marker,,4,bridgeport-connecticut-afe7c678fa5dfc85-node-000885
bridgeport-connecticut-afe7c678fa5dfc85,197,6,0,(4) If the grade change is more than 9 feet along a,63.0,241.75437927246094,278.0775146484375,254.8833770751953,9.5,ProximaNova-Light,4,612.0,792.0,(4) If the grade change is more than 9 feet along a,False,False,Paragraph,lettered_or_numbered,0.55,lettered_or_numbered_paragraph_marker,,4,bridgeport-connecticut-afe7c678fa5dfc85-node-000886
bridgeport-connecticut-afe7c678fa5dfc85,197,8,0,B. Non-Storefronts. The following regulations apply to all,45.0,298.7544250488281,290.65679931640625,312.50091552734375,9.5,ProximaNova-Bold | ProximaNova-Light,20,612.0,792.0,B. Non-Storefronts. The following regulations apply to all,False,True,Paragraph,lettered_or_numbered,0.55,lettered_or_numbered_paragraph_marker,,4,bridgeport-connecticut-afe7c678fa5dfc85-node-000887
bridgeport-connecticut-afe7c678fa5dfc85,197,11,0,(2) The interior floor level must step to match the,63.0,376.7544250488281,270.87646484375,389.8834228515625,9.5,ProximaNova-Light,4,612.0,792.0,(2) The interior floor level must step to match the,False,False,Paragraph,lettered_or_numbered,0.55,lettered_or_numbered_paragraph_marker,,4,bridgeport-connecticut-afe7c678fa5dfc85-node-000888
bridgeport-connecticut-afe7c678fa5dfc85,197,14,0,(3) Changes may be accommodated by terraced,63.0,457.7544250488281,270.0214538574219,470.8834228515625,9.5,ProximaNova-Light,4,612.0,792.0,(3) Changes may be accommodated by terraced,False,False,Paragraph,lettered_or_numbered,0.55,lettered_or_numbered_paragraph_marker,,4,bridgeport-connecticut-afe7c678fa5dfc85-node-000889
bridgeport-connecticut-afe7c678fa5dfc85,197,16,0,(4) When the elevation of the first floor is more than,63.0,526.75439453125,281.91552734375,539.8833618164062,9.5,ProximaNova-Light,4,612.0,792.0,(4) When the elevation of the first floor is more than,False,False,Paragraph,lettered_or_numbered,0.55,lettered_or_numbered_paragraph_marker,,4,bridgeport-connecticut-afe7c678fa5dfc85-node-000890
bridgeport-connecticut-afe7c678fa5dfc85,197,20,0,A. Building Variety. Each street and other primary facade,45.0,640.75439453125,291.09027099609375,654.5008544921875,9.5,ProximaNova-Bold | ProximaNova-Light,20,612.0,792.0,A. Building Variety. Each street and other primary facade,False,True,Paragraph,lettered_or_numbered,0.55,lettered_or_numbered_paragraph_marker,,4,bridgeport-connecticut-afe7c678fa5dfc85-node-000891
bridgeport-connecticut-afe7c678fa5dfc85,198,1,0,(2) The proportion of recesses and projections within,333.45001220703125,87.97441101074219,558.61669921875,101.1034164428711,9.5,ProximaNova-Light,4,612.0,792.0,(2) The proportion of recesses and projections within,False,False,Paragraph,lettered_or_numbered,0.55,lettered_or_numbered_paragraph_marker,,4,bridgeport-connecticut-afe7c678fa5dfc85-node-000892
bridgeport-connecticut-afe7c678fa5dfc85,198,3,0,(3) The location of the entrance and window,333.45001220703125,120.97441101074219,522.8776245117188,134.10340881347656,9.5,ProximaNova-Light,4,612.0,792.0,(3) The location of the entrance and window,False,False,Paragraph,lettered_or_numbered,0.55,lettered_or_numbered_paragraph_marker,,4,bridgeport-connecticut-afe7c678fa5dfc85-node-000893
bridgeport-connecticut-afe7c678fa5dfc85,198,5,0,"(4) Roof type, plane, or material, unless otherwise",333.45001220703125,153.9744110107422,543.330078125,167.10340881347656,9.5,ProximaNova-Light,4,612.0,792.0,"(4) Roof type, plane, or material, unless otherwise",False,False,Paragraph,lettered_or_numbered,0.55,lettered_or_numbered_paragraph_marker,,4,bridgeport-connecticut-afe7c678fa5dfc85-node-000894
bridgeport-connecticut-afe7c678fa5dfc85,198,7,0,(5) Building height.,333.45001220703125,186.9744110107422,414.9765319824219,200.10340881347656,9.5,ProximaNova-Light,4,612.0,792.0,(5) Building height.,False,False,Paragraph,lettered_or_numbered,0.55,lettered_or_numbered_paragraph_marker,,4,bridgeport-connecticut-afe7c678fa5dfc85-node-000895
bridgeport-connecticut-afe7c678fa5dfc85,198,8,0,B. Articulation of Stories. Stories shall be articulated on,315.45001220703125,207.9744110107422,556.4343872070312,221.72091674804688,9.5,ProximaNova-Bold | ProximaNova-Light,20,612.0,792.0,B. Articulation of Stories. Stories shall be articulated on,False,True,Paragraph,lettered_or_numbered,0.55,lettered_or_numbered_paragraph_marker,,4,bridgeport-connecticut-afe7c678fa5dfc85-node-000896
bridgeport-connecticut-afe7c678fa5dfc85,198,12,0,(2) Shadow Lines. Horizontal shadow lines and lintels,333.45001220703125,285.97442626953125,559.1201171875,299.1034240722656,9.5,ProximaNova-Light,4,612.0,792.0,(2) Shadow Lines. Horizontal shadow lines and lintels,False,False,Paragraph,lettered_or_numbered,0.55,lettered_or_numbered_paragraph_marker,,4,bridgeport-connecticut-afe7c678fa5dfc85-node-000897
bridgeport-connecticut-afe7c678fa5dfc85,198,14,0,(3) Mezzanines. Mezzanines that fall within the range,333.45001220703125,342.97442626953125,557.4290161132812,356.1034240722656,9.5,ProximaNova-Light,4,612.0,792.0,(3) Mezzanines. Mezzanines that fall within the range,False,False,Paragraph,lettered_or_numbered,0.55,lettered_or_numbered_paragraph_marker,,4,bridgeport-connecticut-afe7c678fa5dfc85-node-000898
bridgeport-connecticut-afe7c678fa5dfc85,198,16,0,(4) Taller Spaces. Spaces exceeding the allowable,333.45001220703125,411.97442626953125,546.9791870117188,425.1034240722656,9.5,ProximaNova-Light,4,612.0,792.0,(4) Taller Spaces. Spaces exceeding the allowable,False,False,Paragraph,lettered_or_numbered,0.55,lettered_or_numbered_paragraph_marker,,4,bridgeport-connecticut-afe7c678fa5dfc85-node-000899
bridgeport-connecticut-afe7c678fa5dfc85,198,20,0,6.50.10 VISTAS,315.6499938964844,456.4349060058594,392.1099853515625,470.9049072265625,10.0,ProximaNova-Bold,20,612.0,792.0,6.50.10 VISTAS,False,True,Subsection,subsection,0.8500000000000001,decimal_pattern=subsection,6.50.10,3,bridgeport-connecticut-afe7c678fa5dfc85-node-000900
bridgeport-connecticut-afe7c678fa5dfc85,198,21,0,A. Rears of Buildings. The location of open space and,315.45001220703125,513.9744262695312,550.6301879882812,527.7208862304688,9.5,ProximaNova-Bold | ProximaNova-Light,20,612.0,792.0,A. Rears of Buildings. The location of open space and,False,True,Paragraph,lettered_or_numbered,0.55,lettered_or_numbered_paragraph_marker,,4,bridgeport-connecticut-afe7c678fa5dfc85-node-000901
bridgeport-connecticut-afe7c678fa5dfc85,198,23,0,B. Parking. Parking structures and surface parking lots are,315.45001220703125,570.9744262695312,565.1165771484375,584.7208862304688,9.5,ProximaNova-Bold | ProximaNova-Light,20,612.0,792.0,B. Parking. Parking structures and surface parking lots are,False,True,Paragraph,lettered_or_numbered,0.55,lettered_or_numbered_paragraph_marker,,4,bridgeport-connecticut-afe7c678fa5dfc85-node-000902
bridgeport-connecticut-afe7c678fa5dfc85,198,25,0,"C. Street Termini. When a street terminates at a parcel, the",315.45001220703125,603.9744262695312,568.684326171875,617.7208862304688,9.5,ProximaNova-Bold | ProximaNova-Light,20,612.0,792.0,"C. Street Termini. When a street terminates at a parcel, the",False,True,Paragraph,lettered_or_numbered,0.55,lettered_or_numbered_paragraph_marker,,4,bridgeport-connecticut-afe7c678fa5dfc85-node-000903
bridgeport-connecticut-afe7c678fa5dfc85,199,1,0,(2) Building. If the parcel is not utilized as a civic or,63.0,82.75437927246094,281.2403564453125,96.50088500976562,9.5,ProximaNova-Bold | ProximaNova-Light,20,612.0,792.0,(2) Building. If the parcel is not utilized as a civic or,False,True,Paragraph,lettered_or_numbered,0.55,lettered_or_numbered_paragraph_marker,,4,bridgeport-connecticut-afe7c678fa5dfc85-node-000904
bridgeport-connecticut-afe7c678fa5dfc85,199,2,0,D. Ramps and Slopes. Ramps and slopes must be located,319.95001220703125,82.75437927246094,569.9124755859375,96.50088500976562,9.5,ProximaNova-Bold | ProximaNova-Light,20,612.0,792.0,D. Ramps and Slopes. Ramps and slopes must be located,False,True,Paragraph,lettered_or_numbered,0.55,lettered_or_numbered_paragraph_marker,,4,bridgeport-connecticut-afe7c678fa5dfc85-node-000905
bridgeport-connecticut-afe7c678fa5dfc85,199,4,0,E. Screening of Vehicles. Visibility of parked motor,319.95001220703125,115.75437927246094,540.897705078125,129.50088500976562,9.5,ProximaNova-Bold | ProximaNova-Light,20,612.0,792.0,E. Screening of Vehicles. Visibility of parked motor,False,True,Paragraph,lettered_or_numbered,0.55,lettered_or_numbered_paragraph_marker,,4,bridgeport-connecticut-afe7c678fa5dfc85-node-000906
bridgeport-connecticut-afe7c678fa5dfc85,199,8,0,G. Vertical Divisions. Vertical divisions extending to the,319.95001220703125,241.75437927246094,558.1452026367188,255.50088500976562,9.5,ProximaNova-Bold | ProximaNova-Light,20,612.0,792.0,G. Vertical Divisions. Vertical divisions extending to the,False,True,Paragraph,lettered_or_numbered,0.55,lettered_or_numbered_paragraph_marker,,4,bridgeport-connecticut-afe7c678fa5dfc85-node-000907
bridgeport-connecticut-afe7c678fa5dfc85,199,10,0,A. Location. Allowed locations for garage doors on street,45.0,268.75439453125,291.21807861328125,282.5008850097656,9.5,ProximaNova-Bold | ProximaNova-Light,20,612.0,792.0,A. Location. Allowed locations for garage doors on street,False,True,Paragraph,lettered_or_numbered,0.55,lettered_or_numbered_paragraph_marker,,4,bridgeport-connecticut-afe7c678fa5dfc85-node-000908
bridgeport-connecticut-afe7c678fa5dfc85,199,13,0,H. Entry Tower. A defined pedestrian entrance/exit is,319.95001220703125,310.7544250488281,547.6673583984375,324.50091552734375,9.5,ProximaNova-Bold | ProximaNova-Light,20,612.0,792.0,H. Entry Tower. A defined pedestrian entrance/exit is,False,True,Paragraph,lettered_or_numbered,0.55,lettered_or_numbered_paragraph_marker,,4,bridgeport-connecticut-afe7c678fa5dfc85-node-000909
bridgeport-connecticut-afe7c678fa5dfc85,199,14,0,B. Recessed from Facades. Garage doors located on,45.0,313.7544250488281,276.12359619140625,327.50091552734375,9.5,ProximaNova-Bold | ProximaNova-Light,20,612.0,792.0,B. Recessed from Facades. Garage doors located on,False,True,Paragraph,lettered_or_numbered,0.55,lettered_or_numbered_paragraph_marker,,4,bridgeport-connecticut-afe7c678fa5dfc85-node-000910
bridgeport-connecticut-afe7c678fa5dfc85,199,17,0,C. Design. Garage doors facing a street or visible from a,45.0,370.7544250488281,287.1710205078125,384.50091552734375,9.5,ProximaNova-Bold | ProximaNova-Light,20,612.0,792.0,C. Design. Garage doors facing a street or visible from a,False,True,Paragraph,lettered_or_numbered,0.55,lettered_or_numbered_paragraph_marker,,4,bridgeport-connecticut-afe7c678fa5dfc85-node-000911
bridgeport-connecticut-afe7c678fa5dfc85,199,20,0,(2) Upgraded architectural doors or carriage-style,63.0,436.7544250488281,273.4224853515625,449.8834228515625,9.5,ProximaNova-Light,4,612.0,792.0,(2) Upgraded architectural doors or carriage-style,False,False,Paragraph,lettered_or_numbered,0.55,lettered_or_numbered_paragraph_marker,,4,bridgeport-connecticut-afe7c678fa5dfc85-node-000912
bridgeport-connecticut-afe7c678fa5dfc85,199,25,0,A. Stand-alone Parking Structures. Parking structures,45.0,562.75439453125,278.43170166015625,576.5008544921875,9.5,ProximaNova-Bold | ProximaNova-Light,20,612.0,792.0,A. Stand-alone Parking Structures. Parking structures,False,True,Paragraph,lettered_or_numbered,0.55,lettered_or_numbered_paragraph_marker,,4,bridgeport-connecticut-afe7c678fa5dfc85-node-000913
bridgeport-connecticut-afe7c678fa5dfc85,199,28,0,"B. Materials. Major and minor material requirements,",45.0,607.75439453125,271.5149230957031,621.5008544921875,9.5,ProximaNova-Bold | ProximaNova-Light,20,612.0,792.0,"B. Materials. Major and minor material requirements,",False,True,Paragraph,lettered_or_numbered,0.55,lettered_or_numbered_paragraph_marker,,4,bridgeport-connecticut-afe7c678fa5dfc85-node-000914
bridgeport-connecticut-afe7c678fa5dfc85,199,31,0,"C. Murals, Sculptural Screens, Living Walls. The use of",45.0,664.75439453125,285.9470520019531,678.5008544921875,9.5,ProximaNova-Bold | ProximaNova-Light,20,612.0,792.0,"C. Murals, Sculptural Screens, Living Walls. The use of",False,True,Paragraph,lettered_or_numbered,0.55,lettered_or_numbered_paragraph_marker,,4,bridgeport-connecticut-afe7c678fa5dfc85-node-000915
bridgeport-connecticut-afe7c678fa5dfc85,200,4,0,A. Canopy-Mounted Fixtures. Light fixtures mounted,40.5,289.7544250488281,269.4327087402344,303.50091552734375,9.5,ProximaNova-Bold | ProximaNova-Light,20,612.0,792.0,A. Canopy-Mounted Fixtures. Light fixtures mounted,False,True,Paragraph,lettered_or_numbered,0.55,lettered_or_numbered_paragraph_marker,,4,bridgeport-connecticut-afe7c678fa5dfc85-node-000916
bridgeport-connecticut-afe7c678fa5dfc85,200,11,0,(2) Internally illuminated/entirely translucent canopies,58.5,391.7544250488281,283.60003662109375,404.8834228515625,9.5,ProximaNova-Light,4,612.0,792.0,(2) Internally illuminated/entirely translucent canopies,False,False,Paragraph,lettered_or_numbered,0.55,lettered_or_numbered_paragraph_marker,,4,bridgeport-connecticut-afe7c678fa5dfc85-node-000917
bridgeport-connecticut-afe7c678fa5dfc85,200,18,0,B. Maximum Lighting. Table 6-6 shows the maximum,40.5,436.7544250488281,271.3780517578125,450.50091552734375,9.5,ProximaNova-Bold | ProximaNova-Light,20,612.0,792.0,B. Maximum Lighting. Table 6-6 shows the maximum,False,True,Paragraph,lettered_or_numbered,0.55,lettered_or_numbered_paragraph_marker,,4,bridgeport-connecticut-afe7c678fa5dfc85-node-000918
bridgeport-connecticut-afe7c678fa5dfc85,200,26,0,C. Light Orientation. Luminaires must be mounted with its,40.5,517.75439453125,289.5255432128906,531.5008544921875,9.5,ProximaNova-Bold | ProximaNova-Light,20,612.0,792.0,C. Light Orientation. Luminaires must be mounted with its,False,True,Paragraph,lettered_or_numbered,0.55,lettered_or_numbered_paragraph_marker,,4,bridgeport-connecticut-afe7c678fa5dfc85-node-000919
bridgeport-connecticut-afe7c678fa5dfc85,200,32,0,D. Additional Lighting. Additional exterior lighting for a site,40.5,574.75439453125,294.06646728515625,588.5008544921875,9.5,ProximaNova-Bold | ProximaNova-Light,20,612.0,792.0,D. Additional Lighting. Additional exterior lighting for a site,False,True,Paragraph,lettered_or_numbered,0.55,lettered_or_numbered_paragraph_marker,,4,bridgeport-connecticut-afe7c678fa5dfc85-node-000920
bridgeport-connecticut-afe7c678fa5dfc85,201,0,1,6.60 Mechanical Equipment,390.7383117675781,41.37941360473633,575.2582397460938,61.637413024902344,14.0,ProximaNova-Bold,20,612.0,792.0,6.60 Mechanical Equipment,False,True,Section,section,0.9,decimal_pattern=section (N.MM),6.60,2,bridgeport-connecticut-afe7c678fa5dfc85-node-000921
bridgeport-connecticut-afe7c678fa5dfc85,201,2,3,A. Mechanical equipment must not be located on a street,319.95001220703125,107.14939880371094,565.5415649414062,120.89590454101562,9.5,ProximaNova-Bold | ProximaNova-Light,20,612.0,792.0,A. Mechanical equipment must not be located on a street,False,True,Paragraph,lettered_or_numbered,0.55,lettered_or_numbered_paragraph_marker,,4,bridgeport-connecticut-afe7c678fa5dfc85-node-000922
bridgeport-connecticut-afe7c678fa5dfc85,201,4,0,B. Any mechanical equipment approved on a facade must,319.95001220703125,164.14939880371094,568.3251953125,177.89590454101562,9.5,ProximaNova-Bold | ProximaNova-Light,20,612.0,792.0,B. Any mechanical equipment approved on a facade must,False,True,Paragraph,lettered_or_numbered,0.55,lettered_or_numbered_paragraph_marker,,4,bridgeport-connecticut-afe7c678fa5dfc85-node-000923
bridgeport-connecticut-afe7c678fa5dfc85,201,10,0,"A. Solar and wind energy systems, subject to 3.170.9 in",45.0,267.72943115234375,279.2857360839844,281.4759216308594,9.5,ProximaNova-Bold | ProximaNova-Light,20,612.0,792.0,"A. Solar and wind energy systems, subject to 3.170.9 in",False,True,Paragraph,lettered_or_numbered,0.55,lettered_or_numbered_paragraph_marker,,4,bridgeport-connecticut-afe7c678fa5dfc85-node-000924
bridgeport-connecticut-afe7c678fa5dfc85,201,13,0,"B. Rainwater cisterns, subject to 3.170.9 in accessory",45.0,300.7294006347656,269.3620910644531,314.47589111328125,9.5,ProximaNova-Bold | ProximaNova-Light,20,612.0,792.0,"B. Rainwater cisterns, subject to 3.170.9 in accessory",False,True,Paragraph,lettered_or_numbered,0.55,lettered_or_numbered_paragraph_marker,,4,bridgeport-connecticut-afe7c678fa5dfc85-node-000925
bridgeport-connecticut-afe7c678fa5dfc85,201,17,0,(2) Air Vents or Grills. Air vents and grills may be,337.95001220703125,359.1494140625,548.197998046875,372.8959045410156,9.5,ProximaNova-Bold | ProximaNova-Light,20,612.0,792.0,(2) Air Vents or Grills. Air vents and grills may be,False,True,Paragraph,lettered_or_numbered,0.55,lettered_or_numbered_paragraph_marker,,4,bridgeport-connecticut-afe7c678fa5dfc85-node-000926
bridgeport-connecticut-afe7c678fa5dfc85,201,20,0,(3) Alignment. Multiple pieces of mechanical,337.95001220703125,416.1494140625,529.9419555664062,429.8959045410156,9.5,ProximaNova-Bold | ProximaNova-Light,20,612.0,792.0,(3) Alignment. Multiple pieces of mechanical,False,True,Paragraph,lettered_or_numbered,0.55,lettered_or_numbered_paragraph_marker,,4,bridgeport-connecticut-afe7c678fa5dfc85-node-000927
bridgeport-connecticut-afe7c678fa5dfc85,201,22,0,"(4) Material Coordination. To the extent practicable,",337.95001220703125,485.1494140625,560.8978881835938,498.8959045410156,9.5,ProximaNova-Bold | ProximaNova-Light,20,612.0,792.0,"(4) Material Coordination. To the extent practicable,",False,True,Paragraph,lettered_or_numbered,0.55,lettered_or_numbered_paragraph_marker,,4,bridgeport-connecticut-afe7c678fa5dfc85-node-000928
bridgeport-connecticut-afe7c678fa5dfc85,201,26,0,A. Incorporate equipment into the roof design consistent,45.0,576.7294311523438,287.0859680175781,590.4758911132812,9.5,ProximaNova-Bold | ProximaNova-Light,20,612.0,792.0,A. Incorporate equipment into the roof design consistent,False,True,Paragraph,lettered_or_numbered,0.55,lettered_or_numbered_paragraph_marker,,4,bridgeport-connecticut-afe7c678fa5dfc85-node-000929
bridgeport-connecticut-afe7c678fa5dfc85,201,28,0,B. Set the equipment back a minimum of 15 feet from any,45.0,609.7294311523438,290.21148681640625,623.4758911132812,9.5,ProximaNova-Bold | ProximaNova-Light,20,612.0,792.0,B. Set the equipment back a minimum of 15 feet from any,False,True,Paragraph,lettered_or_numbered,0.55,lettered_or_numbered_paragraph_marker,,4,bridgeport-connecticut-afe7c678fa5dfc85-node-000930
bridgeport-connecticut-afe7c678fa5dfc85,201,31,0,"C. To the extent practicable, all rooftop mechanical must",45.0,642.7294311523438,284.7214660644531,656.4758911132812,9.5,ProximaNova-Bold | ProximaNova-Light,20,612.0,792.0,"C. To the extent practicable, all rooftop mechanical must",False,True,Paragraph,lettered_or_numbered,0.55,lettered_or_numbered_paragraph_marker,,4,bridgeport-connecticut-afe7c678fa5dfc85-node-000931
bridgeport-connecticut-afe7c678fa5dfc85,201,32,0,A. No Encroachment. Mechanical equipment shall not,319.95001220703125,647.1494140625,553.015625,660.8958740234375,9.5,ProximaNova-Bold | ProximaNova-Light,20,612.0,792.0,A. No Encroachment. Mechanical equipment shall not,False,True,Paragraph,lettered_or_numbered,0.55,lettered_or_numbered_paragraph_marker,,4,bridgeport-connecticut-afe7c678fa5dfc85-node-000932
bridgeport-connecticut-afe7c678fa5dfc85,201,35,0,B. Allowed Yard Location. See 14.270 for definition of,319.95001220703125,692.1494140625,551.745361328125,705.8958740234375,9.5,ProximaNova-Bold | ProximaNova-Light,20,612.0,792.0,B. Allowed Yard Location. See 14.270 for definition of,False,True,Paragraph,lettered_or_numbered,0.55,lettered_or_numbered_paragraph_marker,,4,bridgeport-connecticut-afe7c678fa5dfc85-node-000933
bridgeport-connecticut-afe7c678fa5dfc85,203,1,0,(4) The equipment is fully screened in a manner that,337.95001220703125,82.75437927246094,559.9246826171875,95.88338470458984,9.5,ProximaNova-Light,4,612.0,792.0,(4) The equipment is fully screened in a manner that,False,False,Paragraph,lettered_or_numbered,0.55,lettered_or_numbered_paragraph_marker,,4,bridgeport-connecticut-afe7c678fa5dfc85-node-000934
bridgeport-connecticut-afe7c678fa5dfc85,203,3,0,(2) Non-Primary Street Yard. Mechanical equipment,63.36000061035156,127.75437927246094,286.70269775390625,141.50088500976562,9.5,ProximaNova-Bold | ProximaNova-Light,20,612.0,792.0,(2) Non-Primary Street Yard. Mechanical equipment,False,True,Paragraph,lettered_or_numbered,0.55,lettered_or_numbered_paragraph_marker,,4,bridgeport-connecticut-afe7c678fa5dfc85-node-000935
bridgeport-connecticut-afe7c678fa5dfc85,203,6,0,(3) Rear and Side Yard. Mechanical equipment may be,63.36000061035156,196.75437927246094,297.45361328125,210.50088500976562,9.5,ProximaNova-Bold | ProximaNova-Light,20,612.0,792.0,(3) Rear and Side Yard. Mechanical equipment may be,False,True,Paragraph,lettered_or_numbered,0.55,lettered_or_numbered_paragraph_marker,,4,bridgeport-connecticut-afe7c678fa5dfc85-node-000936
bridgeport-connecticut-afe7c678fa5dfc85,203,8,0,"C. Screening from Streets, Open or Civic Spaces. All",45.36000061035156,229.75437927246094,277.87261962890625,243.50088500976562,9.5,ProximaNova-Bold | ProximaNova-Light,20,612.0,792.0,"C. Screening from Streets, Open or Civic Spaces. All",False,True,Paragraph,lettered_or_numbered,0.55,lettered_or_numbered_paragraph_marker,,4,bridgeport-connecticut-afe7c678fa5dfc85-node-000937
bridgeport-connecticut-afe7c678fa5dfc85,203,11,0,"(2) Where landscaping only is employed, the following",63.36000061035156,319.7544250488281,293.4854736328125,332.8834228515625,9.5,ProximaNova-Light,4,612.0,792.0,"(2) Where landscaping only is employed, the following",False,False,Paragraph,lettered_or_numbered,0.55,lettered_or_numbered_paragraph_marker,,4,bridgeport-connecticut-afe7c678fa5dfc85-node-000938
bridgeport-connecticut-afe7c678fa5dfc85,203,17,0,D. Screening from Adjacent Parcels. All equipment must,45.36000061035156,457.7544250488281,291.19451904296875,471.50091552734375,9.5,ProximaNova-Bold | ProximaNova-Light,20,612.0,792.0,D. Screening from Adjacent Parcels. All equipment must,False,True,Paragraph,lettered_or_numbered,0.55,lettered_or_numbered_paragraph_marker,,4,bridgeport-connecticut-afe7c678fa5dfc85-node-000939
bridgeport-connecticut-afe7c678fa5dfc85,203,19,0,E. Street or Primary Yard Location. Mechanical equipment,45.36000061035156,502.75439453125,298.9808044433594,516.5008544921875,9.5,ProximaNova-Bold | ProximaNova-Light,20,612.0,792.0,E. Street or Primary Yard Location. Mechanical equipment,False,True,Paragraph,lettered_or_numbered,0.55,lettered_or_numbered_paragraph_marker,,4,bridgeport-connecticut-afe7c678fa5dfc85-node-000940
bridgeport-connecticut-afe7c678fa5dfc85,203,22,0,"(2) No other utility cabinets, boxes, or other",63.36000061035156,592.75439453125,247.9320831298828,605.8833618164062,9.5,ProximaNova-Light,4,612.0,792.0,"(2) No other utility cabinets, boxes, or other",False,False,Paragraph,lettered_or_numbered,0.55,lettered_or_numbered_paragraph_marker,,4,bridgeport-connecticut-afe7c678fa5dfc85-node-000941
bridgeport-connecticut-afe7c678fa5dfc85,203,24,0,(3) The equipment is located a minimum of 15 feet from,63.36000061035156,649.75439453125,297.4945068359375,662.8833618164062,9.5,ProximaNova-Light,4,612.0,792.0,(3) The equipment is located a minimum of 15 feet from,False,False,Paragraph,lettered_or_numbered,0.55,lettered_or_numbered_paragraph_marker,,4,bridgeport-connecticut-afe7c678fa5dfc85-node-000942
bridgeport-connecticut-afe7c678fa5dfc85,204,0,1,6.70 Downtown High-Rise Stories,40.5,41.37941360473633,263.2512512207031,61.637413024902344,14.0,ProximaNova-Bold,20,612.0,792.0,6.70 Downtown High-Rise Stories,False,True,Section,section,0.9,decimal_pattern=section (N.MM),6.70,2,bridgeport-connecticut-afe7c678fa5dfc85-node-000943
bridgeport-connecticut-afe7c678fa5dfc85,204,1,0,B. Middle. The middle section of the building (high-rise,315.45001220703125,82.75437927246094,551.0852661132812,96.50088500976562,9.5,ProximaNova-Bold | ProximaNova-Light,20,612.0,792.0,B. Middle. The middle section of the building (high-rise,False,True,Paragraph,lettered_or_numbered,0.55,lettered_or_numbered_paragraph_marker,,4,bridgeport-connecticut-afe7c678fa5dfc85-node-000944
bridgeport-connecticut-afe7c678fa5dfc85,204,5,0,A. Stories designated on the Storefront building type in the,40.5,138.7294158935547,291.9625549316406,152.47592163085938,9.5,ProximaNova-Bold | ProximaNova-Light,20,612.0,792.0,A. Stories designated on the Storefront building type in the,False,True,Paragraph,lettered_or_numbered,0.55,lettered_or_numbered_paragraph_marker,,4,bridgeport-connecticut-afe7c678fa5dfc85-node-000945
bridgeport-connecticut-afe7c678fa5dfc85,204,7,0,C. Cap. The cap of the high-rise includes the top few high-,315.45001220703125,151.75437927246094,563.5780639648438,165.50088500976562,9.5,ProximaNova-Bold | ProximaNova-Light,20,612.0,792.0,C. Cap. The cap of the high-rise includes the top few high-,False,True,Paragraph,lettered_or_numbered,0.55,lettered_or_numbered_paragraph_marker,,4,bridgeport-connecticut-afe7c678fa5dfc85-node-000946
bridgeport-connecticut-afe7c678fa5dfc85,204,8,0,B. Stories designated on the General building type in the,40.5,171.7294158935547,284.14404296875,185.47592163085938,9.5,ProximaNova-Bold | ProximaNova-Light,20,612.0,792.0,B. Stories designated on the General building type in the,False,True,Paragraph,lettered_or_numbered,0.55,lettered_or_numbered_paragraph_marker,,4,bridgeport-connecticut-afe7c678fa5dfc85-node-000947
bridgeport-connecticut-afe7c678fa5dfc85,204,11,0,C. All other building type and design regulations apply.,40.5,204.7294158935547,272.47796630859375,218.47592163085938,9.5,ProximaNova-Bold | ProximaNova-Light,20,612.0,792.0,C. All other building type and design regulations apply.,False,True,Paragraph,lettered_or_numbered,0.55,lettered_or_numbered_paragraph_marker,,4,bridgeport-connecticut-afe7c678fa5dfc85-node-000948
bridgeport-connecticut-afe7c678fa5dfc85,204,14,0,A. Build-to Zone. The building base shall be wholly,315.45001220703125,277.7544250488281,536.6979370117188,291.50091552734375,9.5,ProximaNova-Bold | ProximaNova-Light,20,612.0,792.0,A. Build-to Zone. The building base shall be wholly,False,True,Paragraph,lettered_or_numbered,0.55,lettered_or_numbered_paragraph_marker,,4,bridgeport-connecticut-afe7c678fa5dfc85-node-000949
bridgeport-connecticut-afe7c678fa5dfc85,204,15,0,A. Base. The base of a building is intended to establish,40.5,282.7294006347656,277.7218017578125,296.47589111328125,9.5,ProximaNova-Bold | ProximaNova-Light,20,612.0,792.0,A. Base. The base of a building is intended to establish,False,True,Paragraph,lettered_or_numbered,0.55,lettered_or_numbered_paragraph_marker,,4,bridgeport-connecticut-afe7c678fa5dfc85-node-000950
bridgeport-connecticut-afe7c678fa5dfc85,204,17,0,B. Buildings between 10 and 15 stories. For buildings or,315.45001220703125,310.7544250488281,560.85888671875,324.50091552734375,9.5,ProximaNova-Bold | ProximaNova-Light,20,612.0,792.0,B. Buildings between 10 and 15 stories. For buildings or,False,True,Paragraph,lettered_or_numbered,0.55,lettered_or_numbered_paragraph_marker,,4,bridgeport-connecticut-afe7c678fa5dfc85-node-000951
bridgeport-connecticut-afe7c678fa5dfc85,205,1,0,C. Buildings over 15 stories. For buildings or portions of,45.0,82.75437927246094,287.4620056152344,96.50088500976562,9.5,ProximaNova-Bold | ProximaNova-Light,20,612.0,792.0,C. Buildings over 15 stories. For buildings or portions of,False,True,Paragraph,lettered_or_numbered,0.55,lettered_or_numbered_paragraph_marker,,4,bridgeport-connecticut-afe7c678fa5dfc85-node-000952
bridgeport-connecticut-afe7c678fa5dfc85,205,2,0,"B. Terraces, green roofs, gardens, and other outdoor",319.95001220703125,82.75437927246094,546.1522216796875,96.50088500976562,9.5,ProximaNova-Bold | ProximaNova-Light,20,612.0,792.0,"B. Terraces, green roofs, gardens, and other outdoor",False,True,Paragraph,lettered_or_numbered,0.55,lettered_or_numbered_paragraph_marker,,4,bridgeport-connecticut-afe7c678fa5dfc85-node-000953
bridgeport-connecticut-afe7c678fa5dfc85,205,5,0,C. The massing and/or material expression of the cap,319.95001220703125,127.75437927246094,549.0116577148438,141.50088500976562,9.5,ProximaNova-Bold | ProximaNova-Light,20,612.0,792.0,C. The massing and/or material expression of the cap,False,True,Paragraph,lettered_or_numbered,0.55,lettered_or_numbered_paragraph_marker,,4,bridgeport-connecticut-afe7c678fa5dfc85-node-000954
bridgeport-connecticut-afe7c678fa5dfc85,205,8,0,D. The surrounding building context must be considered,319.95001220703125,160.75437927246094,561.2000732421875,174.50088500976562,9.5,ProximaNova-Bold | ProximaNova-Light,20,612.0,792.0,D. The surrounding building context must be considered,False,True,Paragraph,lettered_or_numbered,0.55,lettered_or_numbered_paragraph_marker,,4,bridgeport-connecticut-afe7c678fa5dfc85-node-000955
bridgeport-connecticut-afe7c678fa5dfc85,205,9,0,A. Orientation. The building middle shall be oriented with,45.0,172.75437927246094,292.2533264160156,186.50088500976562,9.5,ProximaNova-Bold | ProximaNova-Light,20,612.0,792.0,A. Orientation. The building middle shall be oriented with,False,True,Paragraph,lettered_or_numbered,0.55,lettered_or_numbered_paragraph_marker,,4,bridgeport-connecticut-afe7c678fa5dfc85-node-000956
bridgeport-connecticut-afe7c678fa5dfc85,205,12,0,B. Narrowest Widths. High-rise buildings shall utilize the,45.0,229.75437927246094,287.9265441894531,243.50088500976562,9.5,ProximaNova-Bold | ProximaNova-Light,20,612.0,792.0,B. Narrowest Widths. High-rise buildings shall utilize the,False,True,Paragraph,lettered_or_numbered,0.55,lettered_or_numbered_paragraph_marker,,4,bridgeport-connecticut-afe7c678fa5dfc85-node-000957
bridgeport-connecticut-afe7c678fa5dfc85,205,14,0,C. Step-Back. The facade of the middle of the building,45.0,274.7544250488281,279.6564636230469,288.50091552734375,9.5,ProximaNova-Bold | ProximaNova-Light,20,612.0,792.0,C. Step-Back. The facade of the middle of the building,False,True,Paragraph,lettered_or_numbered,0.55,lettered_or_numbered_paragraph_marker,,4,bridgeport-connecticut-afe7c678fa5dfc85-node-000958
bridgeport-connecticut-afe7c678fa5dfc85,205,16,0,D. Peaks and Valleys in the Skyline. Variation of the,45.0,319.7544250488281,271.6559753417969,333.50091552734375,9.5,ProximaNova-Bold | ProximaNova-Light,20,612.0,792.0,D. Peaks and Valleys in the Skyline. Variation of the,False,True,Paragraph,lettered_or_numbered,0.55,lettered_or_numbered_paragraph_marker,,4,bridgeport-connecticut-afe7c678fa5dfc85-node-000959
bridgeport-connecticut-afe7c678fa5dfc85,205,19,0,(2) The high-rise height should be lower or taller than,63.0,421.7544250488281,289.33502197265625,434.8834228515625,9.5,ProximaNova-Light,4,612.0,792.0,(2) The high-rise height should be lower or taller than,False,False,Paragraph,lettered_or_numbered,0.55,lettered_or_numbered_paragraph_marker,,4,bridgeport-connecticut-afe7c678fa5dfc85-node-000960
bridgeport-connecticut-afe7c678fa5dfc85,205,21,0,(3) The surrounding building context shall be,63.0,466.7544250488281,254.17550659179688,479.8834228515625,9.5,ProximaNova-Light,4,612.0,792.0,(3) The surrounding building context shall be,False,False,Paragraph,lettered_or_numbered,0.55,lettered_or_numbered_paragraph_marker,,4,bridgeport-connecticut-afe7c678fa5dfc85-node-000961
bridgeport-connecticut-afe7c678fa5dfc85,205,24,0,E. Multiple Towers. When more than one tower is utilized,45.0,511.75439453125,292.6670837402344,525.5008544921875,9.5,ProximaNova-Bold | ProximaNova-Light,20,612.0,792.0,E. Multiple Towers. When more than one tower is utilized,False,True,Paragraph,lettered_or_numbered,0.55,lettered_or_numbered_paragraph_marker,,4,bridgeport-connecticut-afe7c678fa5dfc85-node-000962
bridgeport-connecticut-afe7c678fa5dfc85,205,27,0,(2) Spacing. Spacing between towers must be a,63.0,589.75439453125,269.0520324707031,603.5008544921875,9.5,ProximaNova-Bold | ProximaNova-Light,20,612.0,792.0,(2) Spacing. Spacing between towers must be a,False,True,Paragraph,lettered_or_numbered,0.55,lettered_or_numbered_paragraph_marker,,4,bridgeport-connecticut-afe7c678fa5dfc85-node-000963
bridgeport-connecticut-afe7c678fa5dfc85,205,31,0,A. The high-rise portions of the building are exempt from,45.0,679.75439453125,287.5040283203125,693.5008544921875,9.5,ProximaNova-Bold | ProximaNova-Light,20,612.0,792.0,A. The high-rise portions of the building are exempt from,False,True,Paragraph,lettered_or_numbered,0.55,lettered_or_numbered_paragraph_marker,,4,bridgeport-connecticut-afe7c678fa5dfc85-node-000964
bridgeport-connecticut-afe7c678fa5dfc85,208,0,0,7.0 Landscape & Site Design,40.5,27.937376022338867,199.21194458007812,44.785377502441406,12.0,ProximaNova-Regular,4,612.0,792.0,7.0 Landscape & Site Design,False,False,Title,chapter,0.7,decimal_pattern=chapter (N.0),7.0,1,bridgeport-connecticut-afe7c678fa5dfc85-node-000965
bridgeport-connecticut-afe7c678fa5dfc85,208,0,1,7.10 Generally,40.5,41.37941360473633,138.36001586914062,61.637413024902344,14.0,ProximaNova-Bold,20,612.0,792.0,7.10 Generally,False,True,Section,section,0.9,decimal_pattern=section (N.MM),7.10,2,bridgeport-connecticut-afe7c678fa5dfc85-node-000966
bridgeport-connecticut-afe7c678fa5dfc85,208,4,0,A. To protect property values and the appearance,41.400001525878906,151.62937927246094,256.0690002441406,165.37588500976562,9.5,ProximaNova-Bold | ProximaNova-Light,20,612.0,792.0,A. To protect property values and the appearance,False,True,Paragraph,lettered_or_numbered,0.55,lettered_or_numbered_paragraph_marker,,4,bridgeport-connecticut-afe7c678fa5dfc85-node-000967
bridgeport-connecticut-afe7c678fa5dfc85,208,6,0,"B. To provide for healthy, long-lived trees within all public",41.400001525878906,196.62937927246094,285.2530822753906,210.37588500976562,9.5,ProximaNova-Bold | ProximaNova-Light,20,612.0,792.0,"B. To provide for healthy, long-lived trees within all public",False,True,Paragraph,lettered_or_numbered,0.55,lettered_or_numbered_paragraph_marker,,4,bridgeport-connecticut-afe7c678fa5dfc85-node-000968
bridgeport-connecticut-afe7c678fa5dfc85,208,8,0,C. To increase the urban tree canopy throughout the city.,41.400001525878906,241.62937927246094,282.55401611328125,255.37588500976562,9.5,ProximaNova-Bold | ProximaNova-Light,20,612.0,792.0,C. To increase the urban tree canopy throughout the city.,False,True,Paragraph,lettered_or_numbered,0.55,lettered_or_numbered_paragraph_marker,,4,bridgeport-connecticut-afe7c678fa5dfc85-node-000969
bridgeport-connecticut-afe7c678fa5dfc85,208,9,0,D. To increase the compatibility of adjacent uses and,41.400001525878906,262.62939453125,267.6969909667969,276.3758850097656,9.5,ProximaNova-Bold | ProximaNova-Light,20,612.0,792.0,D. To increase the compatibility of adjacent uses and,False,True,Paragraph,lettered_or_numbered,0.55,lettered_or_numbered_paragraph_marker,,4,bridgeport-connecticut-afe7c678fa5dfc85-node-000970
bridgeport-connecticut-afe7c678fa5dfc85,208,11,0,E. To promote the prudent use of water through,41.400001525878906,307.6294250488281,247.89903259277344,321.37591552734375,9.5,ProximaNova-Bold | ProximaNova-Light,20,612.0,792.0,E. To promote the prudent use of water through,False,True,Paragraph,lettered_or_numbered,0.55,lettered_or_numbered_paragraph_marker,,4,bridgeport-connecticut-afe7c678fa5dfc85-node-000971
bridgeport-connecticut-afe7c678fa5dfc85,208,15,0,A. New Development and Expansions. New buildings,41.400001525878906,430.6294250488281,275.9200439453125,444.37591552734375,9.5,ProximaNova-Bold | ProximaNova-Light,20,612.0,792.0,A. New Development and Expansions. New buildings,False,True,Paragraph,lettered_or_numbered,0.55,lettered_or_numbered_paragraph_marker,,4,bridgeport-connecticut-afe7c678fa5dfc85-node-000972
bridgeport-connecticut-afe7c678fa5dfc85,208,17,0,B. New Landscape and Site Elements. New landscape,41.400001525878906,487.6294250488281,280.03851318359375,501.37591552734375,9.5,ProximaNova-Bold | ProximaNova-Light,20,612.0,792.0,B. New Landscape and Site Elements. New landscape,False,True,Paragraph,lettered_or_numbered,0.55,lettered_or_numbered_paragraph_marker,,4,bridgeport-connecticut-afe7c678fa5dfc85-node-000973
bridgeport-connecticut-afe7c678fa5dfc85,208,19,0,"C. Expansion of Existing Parking, Loading Areas, or",41.400001525878906,568.62939453125,270.79022216796875,582.3758544921875,9.5,ProximaNova-Bold,20,612.0,792.0,"C. Expansion of Existing Parking, Loading Areas, or",False,True,Paragraph,lettered_or_numbered,0.55,lettered_or_numbered_paragraph_marker,,4,bridgeport-connecticut-afe7c678fa5dfc85-node-000974
bridgeport-connecticut-afe7c678fa5dfc85,208,21,0,D. Expansion of Outdoor Storage Areas. Whenever an,41.400001525878906,661.62939453125,280.0950622558594,675.3758544921875,9.5,ProximaNova-Bold | ProximaNova-Light,20,612.0,792.0,D. Expansion of Outdoor Storage Areas. Whenever an,False,True,Paragraph,lettered_or_numbered,0.55,lettered_or_numbered_paragraph_marker,,4,bridgeport-connecticut-afe7c678fa5dfc85-node-000975
bridgeport-connecticut-afe7c678fa5dfc85,209,0,1,7.20 Landscape Installation,395.5538024902344,41.37941360473633,575.2577514648438,61.637413024902344,14.0,ProximaNova-Bold,20,612.0,792.0,7.20 Landscape Installation,False,True,Section,section,0.9,decimal_pattern=section (N.MM),7.20,2,bridgeport-connecticut-afe7c678fa5dfc85-node-000976
bridgeport-connecticut-afe7c678fa5dfc85,209,1,0,C. Tree Measurement. Caliper is the measured diameter,319.95001220703125,87.25437927246094,563.342041015625,101.00088500976562,9.5,ProximaNova-Bold | ProximaNova-Light,20,612.0,792.0,C. Tree Measurement. Caliper is the measured diameter,False,True,Paragraph,lettered_or_numbered,0.55,lettered_or_numbered_paragraph_marker,,4,bridgeport-connecticut-afe7c678fa5dfc85-node-000977
bridgeport-connecticut-afe7c678fa5dfc85,209,6,0,(2) If the caliper at 6 inches above the ground exceeds,337.95001220703125,177.25437927246094,570.925537109375,190.3833770751953,9.5,ProximaNova-Light,4,612.0,792.0,(2) If the caliper at 6 inches above the ground exceeds,False,False,Paragraph,lettered_or_numbered,0.55,lettered_or_numbered_paragraph_marker,,4,bridgeport-connecticut-afe7c678fa5dfc85-node-000978
bridgeport-connecticut-afe7c678fa5dfc85,209,9,2,A. National Standards. Best management practices,45.0,212.2294158935547,267.9102783203125,225.97592163085938,9.5,ProximaNova-Bold | ProximaNova-Light,20,612.0,792.0,A. National Standards. Best management practices,False,True,Paragraph,lettered_or_numbered,0.55,lettered_or_numbered_paragraph_marker,,4,bridgeport-connecticut-afe7c678fa5dfc85-node-000979
bridgeport-connecticut-afe7c678fa5dfc85,209,10,0,D. Plant Size Requirements. Plant material must be sized,319.95001220703125,222.25437927246094,566.3302001953125,236.00088500976562,9.5,ProximaNova-Bold | ProximaNova-Light,20,612.0,792.0,D. Plant Size Requirements. Plant material must be sized,False,True,Paragraph,lettered_or_numbered,0.55,lettered_or_numbered_paragraph_marker,,4,bridgeport-connecticut-afe7c678fa5dfc85-node-000980
bridgeport-connecticut-afe7c678fa5dfc85,209,12,0,E. Condition and Selection of Planting Materials. The,319.95001220703125,267.25439453125,556.84619140625,281.0008850097656,9.5,ProximaNova-Bold | ProximaNova-Light,20,612.0,792.0,E. Condition and Selection of Planting Materials. The,False,True,Paragraph,lettered_or_numbered,0.55,lettered_or_numbered_paragraph_marker,,4,bridgeport-connecticut-afe7c678fa5dfc85-node-000981
bridgeport-connecticut-afe7c678fa5dfc85,209,15,0,B. Timing. All landscape materials must be fully installed,45.0,305.2294006347656,286.37286376953125,318.97589111328125,9.5,ProximaNova-Bold | ProximaNova-Light,20,612.0,792.0,B. Timing. All landscape materials must be fully installed,False,True,Paragraph,lettered_or_numbered,0.55,lettered_or_numbered_paragraph_marker,,4,bridgeport-connecticut-afe7c678fa5dfc85-node-000982
bridgeport-connecticut-afe7c678fa5dfc85,209,19,0,(2) Not be an invasive or a potentially invasive species.,337.95001220703125,381.2544250488281,571.00146484375,394.3834228515625,9.5,ProximaNova-Light,4,612.0,792.0,(2) Not be an invasive or a potentially invasive species.,False,False,Paragraph,lettered_or_numbered,0.55,lettered_or_numbered_paragraph_marker,,4,bridgeport-connecticut-afe7c678fa5dfc85-node-000983
bridgeport-connecticut-afe7c678fa5dfc85,209,20,0,(2) Complete installation is required within 9 months,63.0,395.2294006347656,283.8060302734375,408.3583984375,9.5,ProximaNova-Light,4,612.0,792.0,(2) Complete installation is required within 9 months,False,False,Paragraph,lettered_or_numbered,0.55,lettered_or_numbered_paragraph_marker,,4,bridgeport-connecticut-afe7c678fa5dfc85-node-000984
bridgeport-connecticut-afe7c678fa5dfc85,209,21,0,"(3) Be, wherever possible, native or naturalized to the",337.95001220703125,402.2544250488281,565.1211547851562,415.3834228515625,9.5,ProximaNova-Light,4,612.0,792.0,"(3) Be, wherever possible, native or naturalized to the",False,False,Paragraph,lettered_or_numbered,0.55,lettered_or_numbered_paragraph_marker,,4,bridgeport-connecticut-afe7c678fa5dfc85-node-000985
bridgeport-connecticut-afe7c678fa5dfc85,210,0,1,7.30 General Landscape Maintenance,40.5,41.37941360473633,289.2226257324219,61.637413024902344,14.0,ProximaNova-Bold,20,612.0,792.0,7.30 General Landscape Maintenance,False,True,Section,section,0.9,decimal_pattern=section (N.MM),7.30,2,bridgeport-connecticut-afe7c678fa5dfc85-node-000986
bridgeport-connecticut-afe7c678fa5dfc85,210,1,0,G. Establishment. All installed plant material must be,40.5,83.65452575683594,267.7461242675781,97.40103149414062,9.5,ProximaNova-Bold | ProximaNova-Light,20,612.0,792.0,G. Establishment. All installed plant material must be,False,True,Paragraph,lettered_or_numbered,0.55,lettered_or_numbered_paragraph_marker,,4,bridgeport-connecticut-afe7c678fa5dfc85-node-000987
bridgeport-connecticut-afe7c678fa5dfc85,210,7,0,A. Minimum Area. A minimum required permeable surface,40.5,197.65452575683594,292.34735107421875,211.40103149414062,9.5,ProximaNova-Bold | ProximaNova-Light,20,612.0,792.0,A. Minimum Area. A minimum required permeable surface,False,True,Paragraph,lettered_or_numbered,0.55,lettered_or_numbered_paragraph_marker,,4,bridgeport-connecticut-afe7c678fa5dfc85-node-000988
bridgeport-connecticut-afe7c678fa5dfc85,210,8,2,A. National Standards. All landscaping and trees must,315.45001220703125,207.7294158935547,550.083251953125,221.47592163085938,9.5,ProximaNova-Bold | ProximaNova-Light,20,612.0,792.0,A. National Standards. All landscaping and trees must,False,True,Paragraph,lettered_or_numbered,0.55,lettered_or_numbered_paragraph_marker,,4,bridgeport-connecticut-afe7c678fa5dfc85-node-000989
bridgeport-connecticut-afe7c678fa5dfc85,210,11,0,B. Replacing Unhealthy Landscaping. Unhealthy,315.45001220703125,276.7294006347656,529.1690063476562,290.47589111328125,9.5,ProximaNova-Bold | ProximaNova-Light,20,612.0,792.0,B. Replacing Unhealthy Landscaping. Unhealthy,False,True,Paragraph,lettered_or_numbered,0.55,lettered_or_numbered_paragraph_marker,,4,bridgeport-connecticut-afe7c678fa5dfc85-node-000990
bridgeport-connecticut-afe7c678fa5dfc85,210,12,0,B. Required per Tree. Permeable area for one tree may,40.5,290.6545104980469,279.7555236816406,304.4010009765625,9.5,ProximaNova-Bold | ProximaNova-Light,20,612.0,792.0,B. Required per Tree. Permeable area for one tree may,False,True,Paragraph,lettered_or_numbered,0.55,lettered_or_numbered_paragraph_marker,,4,bridgeport-connecticut-afe7c678fa5dfc85-node-000991
bridgeport-connecticut-afe7c678fa5dfc85,210,14,0,C. Suspended Pavement System. The required,40.5,323.6545104980469,247.93991088867188,337.4010009765625,9.5,ProximaNova-Bold | ProximaNova-Light,20,612.0,792.0,C. Suspended Pavement System. The required,False,True,Paragraph,lettered_or_numbered,0.55,lettered_or_numbered_paragraph_marker,,4,bridgeport-connecticut-afe7c678fa5dfc85-node-000992
bridgeport-connecticut-afe7c678fa5dfc85,210,16,0,C. Maintenance Responsibility. The owner is responsible,315.45001220703125,357.7294006347656,563.0689697265625,371.47589111328125,9.5,ProximaNova-Bold | ProximaNova-Light,20,612.0,792.0,C. Maintenance Responsibility. The owner is responsible,False,True,Paragraph,lettered_or_numbered,0.55,lettered_or_numbered_paragraph_marker,,4,bridgeport-connecticut-afe7c678fa5dfc85-node-000993
bridgeport-connecticut-afe7c678fa5dfc85,210,19,0,D. Aeration Systems and Permeable Pavers. Other,40.5,392.6545104980469,264.5943908691406,406.4010009765625,9.5,ProximaNova-Bold | ProximaNova-Light,20,612.0,792.0,D. Aeration Systems and Permeable Pavers. Other,False,True,Paragraph,lettered_or_numbered,0.55,lettered_or_numbered_paragraph_marker,,4,bridgeport-connecticut-afe7c678fa5dfc85-node-000994
bridgeport-connecticut-afe7c678fa5dfc85,210,20,0,D. Maintain Quality and Quantity. Maintenance must,315.45001220703125,402.7294006347656,545.3916625976562,416.47589111328125,9.5,ProximaNova-Bold | ProximaNova-Light,20,612.0,792.0,D. Maintain Quality and Quantity. Maintenance must,False,True,Paragraph,lettered_or_numbered,0.55,lettered_or_numbered_paragraph_marker,,4,bridgeport-connecticut-afe7c678fa5dfc85-node-000995
bridgeport-connecticut-afe7c678fa5dfc85,210,23,0,E. City Inspection. All landscaped areas regulated by this,315.45001220703125,459.7294006347656,563.1456298828125,473.47589111328125,9.5,ProximaNova-Bold | ProximaNova-Light,20,612.0,792.0,E. City Inspection. All landscaped areas regulated by this,False,True,Paragraph,lettered_or_numbered,0.55,lettered_or_numbered_paragraph_marker,,4,bridgeport-connecticut-afe7c678fa5dfc85-node-000996
bridgeport-connecticut-afe7c678fa5dfc85,210,27,0,"(2) Arborist. Tree trimming, fertilization, and other",333.45001220703125,570.7294311523438,540.5000610351562,583.8583984375,9.5,ProximaNova-Light,4,612.0,792.0,"(2) Arborist. Tree trimming, fertilization, and other",False,False,Paragraph,lettered_or_numbered,0.55,lettered_or_numbered_paragraph_marker,,4,bridgeport-connecticut-afe7c678fa5dfc85-node-000997
bridgeport-connecticut-afe7c678fa5dfc85,210,29,0,(3) Tree Topping. Tree topping is not allowed. When,333.45001220703125,639.7294311523438,553.5341796875,652.8583984375,9.5,ProximaNova-Light,4,612.0,792.0,(3) Tree Topping. Tree topping is not allowed. When,False,False,Paragraph,lettered_or_numbered,0.55,lettered_or_numbered_paragraph_marker,,4,bridgeport-connecticut-afe7c678fa5dfc85-node-000998
bridgeport-connecticut-afe7c678fa5dfc85,211,0,1,7.40 Existing Tree Removal & Protection,316.1615905761719,41.37941360473633,575.25830078125,61.637413024902344,14.0,ProximaNova-Bold,20,612.0,792.0,7.40 Existing Tree Removal & Protection,False,True,Section,section,0.9,decimal_pattern=section (N.MM),7.40,2,bridgeport-connecticut-afe7c678fa5dfc85-node-000999
bridgeport-connecticut-afe7c678fa5dfc85,211,5,0,A. Removal of Contributing Trees. A contributing tree may,319.95001220703125,172.75437927246094,573.1185302734375,186.50088500976562,9.5,ProximaNova-Bold | ProximaNova-Light,20,612.0,792.0,A. Removal of Contributing Trees. A contributing tree may,False,True,Paragraph,lettered_or_numbered,0.55,lettered_or_numbered_paragraph_marker,,4,bridgeport-connecticut-afe7c678fa5dfc85-node-001000
bridgeport-connecticut-afe7c678fa5dfc85,211,10,0,"(2) The tree poses a danger to human safety, health",337.95001220703125,238.75437927246094,558.5852661132812,251.8833770751953,9.5,ProximaNova-Light,4,612.0,792.0,"(2) The tree poses a danger to human safety, health",False,False,Paragraph,lettered_or_numbered,0.55,lettered_or_numbered_paragraph_marker,,4,bridgeport-connecticut-afe7c678fa5dfc85-node-001001
bridgeport-connecticut-afe7c678fa5dfc85,211,12,0,A. Definition. A significant tree is one of the following:,45.0,252.7294158935547,274.92523193359375,266.4759216308594,9.5,ProximaNova-Bold | ProximaNova-Light,20,612.0,792.0,A. Definition. A significant tree is one of the following:,False,True,Paragraph,lettered_or_numbered,0.55,lettered_or_numbered_paragraph_marker,,4,bridgeport-connecticut-afe7c678fa5dfc85-node-001002
bridgeport-connecticut-afe7c678fa5dfc85,211,13,0,(3) The removal is mitigated by one of the following:,337.95001220703125,271.7544250488281,556.6376953125,284.8834228515625,9.5,ProximaNova-Light,4,612.0,792.0,(3) The removal is mitigated by one of the following:,False,False,Paragraph,lettered_or_numbered,0.55,lettered_or_numbered_paragraph_marker,,4,bridgeport-connecticut-afe7c678fa5dfc85-node-001003
bridgeport-connecticut-afe7c678fa5dfc85,211,16,0,(2) A grove of trees totaling 13 inches and as,63.0,306.7294006347656,253.62448120117188,319.8583984375,9.5,ProximaNova-Light,4,612.0,792.0,(2) A grove of trees totaling 13 inches and as,False,False,Paragraph,lettered_or_numbered,0.55,lettered_or_numbered_paragraph_marker,,4,bridgeport-connecticut-afe7c678fa5dfc85-node-001004
bridgeport-connecticut-afe7c678fa5dfc85,211,18,0,(3) Any specific tree type designated significant by the,63.0,339.7294006347656,293.92352294921875,352.8583984375,9.5,ProximaNova-Light,4,612.0,792.0,(3) Any specific tree type designated significant by the,False,False,Paragraph,lettered_or_numbered,0.55,lettered_or_numbered_paragraph_marker,,4,bridgeport-connecticut-afe7c678fa5dfc85-node-001005
bridgeport-connecticut-afe7c678fa5dfc85,211,21,0,B. Timing. No tree may be removed for future construction,45.0,396.7294006347656,297.0223693847656,410.47589111328125,9.5,ProximaNova-Bold | ProximaNova-Light,20,612.0,792.0,B. Timing. No tree may be removed for future construction,False,True,Paragraph,lettered_or_numbered,0.55,lettered_or_numbered_paragraph_marker,,4,bridgeport-connecticut-afe7c678fa5dfc85-node-001006
bridgeport-connecticut-afe7c678fa5dfc85,211,25,0,C. Removal of Significant Trees. A significant tree may,45.0,441.7294006347656,281.8570251464844,455.47589111328125,9.5,ProximaNova-Bold | ProximaNova-Light,20,612.0,792.0,C. Removal of Significant Trees. A significant tree may,False,True,Paragraph,lettered_or_numbered,0.55,lettered_or_numbered_paragraph_marker,,4,bridgeport-connecticut-afe7c678fa5dfc85-node-001007
bridgeport-connecticut-afe7c678fa5dfc85,211,29,0,A. Protection Fencing. Tree protection fencing and trunk,319.95001220703125,502.75439453125,564.5009155273438,516.5008544921875,9.5,ProximaNova-Bold | ProximaNova-Light,20,612.0,792.0,A. Protection Fencing. Tree protection fencing and trunk,False,True,Paragraph,lettered_or_numbered,0.55,lettered_or_numbered_paragraph_marker,,4,bridgeport-connecticut-afe7c678fa5dfc85-node-001008
bridgeport-connecticut-afe7c678fa5dfc85,211,30,0,"(2) The tree poses a danger to human safety, health,",63.0,519.7293701171875,285.7154541015625,532.8583374023438,9.5,ProximaNova-Light,4,612.0,792.0,"(2) The tree poses a danger to human safety, health,",False,False,Paragraph,lettered_or_numbered,0.55,lettered_or_numbered_paragraph_marker,,4,bridgeport-connecticut-afe7c678fa5dfc85-node-001009
bridgeport-connecticut-afe7c678fa5dfc85,211,33,0,B. Prevention of Injury. Protection must include prevention,319.95001220703125,547.75439453125,573.4457397460938,561.5008544921875,9.5,ProximaNova-Bold | ProximaNova-Light,20,612.0,792.0,B. Prevention of Injury. Protection must include prevention,False,True,Paragraph,lettered_or_numbered,0.55,lettered_or_numbered_paragraph_marker,,4,bridgeport-connecticut-afe7c678fa5dfc85-node-001010
bridgeport-connecticut-afe7c678fa5dfc85,211,34,0,(3) Any required zoning approvals for new,63.0,552.7294311523438,243.65896606445312,565.8583984375,9.5,ProximaNova-Light,4,612.0,792.0,(3) Any required zoning approvals for new,False,False,Paragraph,lettered_or_numbered,0.55,lettered_or_numbered_paragraph_marker,,4,bridgeport-connecticut-afe7c678fa5dfc85-node-001011
bridgeport-connecticut-afe7c678fa5dfc85,211,36,0,"(4) If approved by the municipal tree warden, the",63.0,585.7294311523438,271.0190124511719,598.8583984375,9.5,ProximaNova-Light,4,612.0,792.0,"(4) If approved by the municipal tree warden, the",False,False,Paragraph,lettered_or_numbered,0.55,lettered_or_numbered_paragraph_marker,,4,bridgeport-connecticut-afe7c678fa5dfc85-node-001012
bridgeport-connecticut-afe7c678fa5dfc85,211,39,0,"C. Regrading within Dripline. No soil removal, trenching,",319.95001220703125,616.75439453125,564.81005859375,630.5008544921875,9.5,ProximaNova-Bold | ProximaNova-Light,20,612.0,792.0,"C. Regrading within Dripline. No soil removal, trenching,",False,True,Paragraph,lettered_or_numbered,0.55,lettered_or_numbered_paragraph_marker,,4,bridgeport-connecticut-afe7c678fa5dfc85-node-001013
bridgeport-connecticut-afe7c678fa5dfc85,211,43,0,D. Compaction of Soil. No parking of vehicles or,319.95001220703125,685.75439453125,531.1331176757812,699.5008544921875,9.5,ProximaNova-Bold | ProximaNova-Light,20,612.0,792.0,D. Compaction of Soil. No parking of vehicles or,False,True,Paragraph,lettered_or_numbered,0.55,lettered_or_numbered_paragraph_marker,,4,bridgeport-connecticut-afe7c678fa5dfc85-node-001014
bridgeport-connecticut-afe7c678fa5dfc85,212,0,1,7.50 Ground Vegetation,40.5,41.37941360473633,198.6566162109375,61.637413024902344,14.0,ProximaNova-Bold,20,612.0,792.0,7.50 Ground Vegetation,False,True,Section,section,0.9,decimal_pattern=section (N.MM),7.50,2,bridgeport-connecticut-afe7c678fa5dfc85-node-001015
bridgeport-connecticut-afe7c678fa5dfc85,212,3,0,"E. Inspection. Before, during, and after the start of",40.5,115.75437927246094,257.4757385253906,129.50088500976562,9.5,ProximaNova-Bold | ProximaNova-Light,20,612.0,792.0,"E. Inspection. Before, during, and after the start of",False,True,Paragraph,lettered_or_numbered,0.55,lettered_or_numbered_paragraph_marker,,4,bridgeport-connecticut-afe7c678fa5dfc85-node-001016
bridgeport-connecticut-afe7c678fa5dfc85,212,6,2,A. Required Plant Beds. Where any unpaved street yard,315.45001220703125,186.7294158935547,558.990234375,200.47592163085938,9.5,ProximaNova-Bold | ProximaNova-Light,20,612.0,792.0,A. Required Plant Beds. Where any unpaved street yard,False,True,Paragraph,lettered_or_numbered,0.55,lettered_or_numbered_paragraph_marker,,4,bridgeport-connecticut-afe7c678fa5dfc85-node-001017
bridgeport-connecticut-afe7c678fa5dfc85,212,9,0,"B. Materials. All planting beds may include shrubs,",315.45001220703125,231.7294158935547,534.1179809570312,245.47592163085938,9.5,ProximaNova-Bold | ProximaNova-Light,20,612.0,792.0,"B. Materials. All planting beds may include shrubs,",False,True,Paragraph,lettered_or_numbered,0.55,lettered_or_numbered_paragraph_marker,,4,bridgeport-connecticut-afe7c678fa5dfc85-node-001018
bridgeport-connecticut-afe7c678fa5dfc85,212,13,0,"(2) Annual beds must be maintained seasonally,",333.45001220703125,345.7294006347656,536.833251953125,358.8583984375,9.5,ProximaNova-Light,4,612.0,792.0,"(2) Annual beds must be maintained seasonally,",False,False,Paragraph,lettered_or_numbered,0.55,lettered_or_numbered_paragraph_marker,,4,bridgeport-connecticut-afe7c678fa5dfc85-node-001019
bridgeport-connecticut-afe7c678fa5dfc85,212,20,2,A. Width. Sidewalk width in all zones must be a minimum,315.45001220703125,670.62939453125,560.2338256835938,684.3758544921875,9.5,ProximaNova-Bold | ProximaNova-Light,20,612.0,792.0,A. Width. Sidewalk width in all zones must be a minimum,False,True,Paragraph,lettered_or_numbered,0.55,lettered_or_numbered_paragraph_marker,,4,bridgeport-connecticut-afe7c678fa5dfc85-node-001020
bridgeport-connecticut-afe7c678fa5dfc85,213,0,1,7.70 Streetscape Area Regulations,351.9024963378906,41.37941360473633,575.2571411132812,61.637413024902344,14.0,ProximaNova-Bold,20,612.0,792.0,7.70 Streetscape Area Regulations,False,True,Section,section,0.9,decimal_pattern=section (N.MM),7.70,2,bridgeport-connecticut-afe7c678fa5dfc85-node-001021
bridgeport-connecticut-afe7c678fa5dfc85,213,3,0,(2) Walkways through parking lots must be at least 8,63.0,127.75437927246094,285.2405090332031,140.8833770751953,9.5,ProximaNova-Light,4,612.0,792.0,(2) Walkways through parking lots must be at least 8,False,False,Paragraph,lettered_or_numbered,0.55,lettered_or_numbered_paragraph_marker,,4,bridgeport-connecticut-afe7c678fa5dfc85-node-001022
bridgeport-connecticut-afe7c678fa5dfc85,213,7,0,"B. Materials. Sidewalks must be composed of concrete,",45.0,184.75437927246094,285.41241455078125,198.50088500976562,9.5,ProximaNova-Bold | ProximaNova-Light,20,612.0,792.0,"B. Materials. Sidewalks must be composed of concrete,",False,True,Paragraph,lettered_or_numbered,0.55,lettered_or_numbered_paragraph_marker,,4,bridgeport-connecticut-afe7c678fa5dfc85-node-001023
bridgeport-connecticut-afe7c678fa5dfc85,213,8,0,A. Where streetscape has been installed within the last,319.95001220703125,195.7294158935547,555.2721557617188,209.47592163085938,9.5,ProximaNova-Bold | ProximaNova-Light,20,612.0,792.0,A. Where streetscape has been installed within the last,False,True,Paragraph,lettered_or_numbered,0.55,lettered_or_numbered_paragraph_marker,,4,bridgeport-connecticut-afe7c678fa5dfc85-node-001024
bridgeport-connecticut-afe7c678fa5dfc85,213,12,0,B. Where a streetscape installation project is being,319.95001220703125,252.7294158935547,538.5900268554688,266.4759216308594,9.5,ProximaNova-Bold | ProximaNova-Light,20,612.0,792.0,B. Where a streetscape installation project is being,False,True,Paragraph,lettered_or_numbered,0.55,lettered_or_numbered_paragraph_marker,,4,bridgeport-connecticut-afe7c678fa5dfc85-node-001025
bridgeport-connecticut-afe7c678fa5dfc85,213,13,0,(2) Other materials may be approved by the zoning,63.0,262.75439453125,280.7754821777344,275.8833923339844,9.5,ProximaNova-Light,4,612.0,792.0,(2) Other materials may be approved by the zoning,False,False,Paragraph,lettered_or_numbered,0.55,lettered_or_numbered_paragraph_marker,,4,bridgeport-connecticut-afe7c678fa5dfc85-node-001026
bridgeport-connecticut-afe7c678fa5dfc85,213,16,0,"C. Vehicular Crossings. Where sidewalks cross driveways,",45.0,307.7544250488281,296.5331115722656,321.50091552734375,9.5,ProximaNova-Bold | ProximaNova-Light,20,612.0,792.0,"C. Vehicular Crossings. Where sidewalks cross driveways,",False,True,Paragraph,lettered_or_numbered,0.55,lettered_or_numbered_paragraph_marker,,4,bridgeport-connecticut-afe7c678fa5dfc85-node-001027
bridgeport-connecticut-afe7c678fa5dfc85,213,17,0,C. Additional streetscape elements beyond those required,319.95001220703125,309.7294006347656,570.1964111328125,323.47589111328125,9.5,ProximaNova-Bold | ProximaNova-Light,20,612.0,792.0,C. Additional streetscape elements beyond those required,False,True,Paragraph,lettered_or_numbered,0.55,lettered_or_numbered_paragraph_marker,,4,bridgeport-connecticut-afe7c678fa5dfc85-node-001028
bridgeport-connecticut-afe7c678fa5dfc85,213,21,2,A. Streetscape Area. Streetscape occupies the full,319.95001220703125,366.7294006347656,538.9937744140625,380.47589111328125,9.5,ProximaNova-Bold | ProximaNova-Light,20,612.0,792.0,A. Streetscape Area. Streetscape occupies the full,False,True,Paragraph,lettered_or_numbered,0.55,lettered_or_numbered_paragraph_marker,,4,bridgeport-connecticut-afe7c678fa5dfc85-node-001029
bridgeport-connecticut-afe7c678fa5dfc85,213,22,0,(2) If the material of the pedestrian and vehicular area,63.0,385.7544250488281,290.8739929199219,398.8834228515625,9.5,ProximaNova-Light,4,612.0,792.0,(2) If the material of the pedestrian and vehicular area,False,False,Paragraph,lettered_or_numbered,0.55,lettered_or_numbered_paragraph_marker,,4,bridgeport-connecticut-afe7c678fa5dfc85-node-001030
bridgeport-connecticut-afe7c678fa5dfc85,213,25,0,"D. Accessible. All sidewalks must comply with all local,",45.0,454.7544250488281,279.1526794433594,468.50091552734375,9.5,ProximaNova-Bold | ProximaNova-Light,20,612.0,792.0,"D. Accessible. All sidewalks must comply with all local,",False,True,Paragraph,lettered_or_numbered,0.55,lettered_or_numbered_paragraph_marker,,4,bridgeport-connecticut-afe7c678fa5dfc85-node-001031
bridgeport-connecticut-afe7c678fa5dfc85,213,28,0,(2) Where the location is such that the full streetscape,337.95001220703125,480.7294006347656,566.678955078125,493.8583984375,9.5,ProximaNova-Light,4,612.0,792.0,(2) Where the location is such that the full streetscape,False,False,Paragraph,lettered_or_numbered,0.55,lettered_or_numbered_paragraph_marker,,4,bridgeport-connecticut-afe7c678fa5dfc85-node-001032
bridgeport-connecticut-afe7c678fa5dfc85,213,29,0,"E. Lighting. In all zones except N, NX1, and NX2, lighting",45.0,487.7544250488281,288.0259094238281,501.50091552734375,9.5,ProximaNova-Bold | ProximaNova-Light,20,612.0,792.0,"E. Lighting. In all zones except N, NX1, and NX2, lighting",False,True,Paragraph,lettered_or_numbered,0.55,lettered_or_numbered_paragraph_marker,,4,bridgeport-connecticut-afe7c678fa5dfc85-node-001033
bridgeport-connecticut-afe7c678fa5dfc85,213,32,0,B. Planned Streetscapes. Proposed or planned,319.95001220703125,573.7294311523438,526.4441528320312,587.4758911132812,9.5,ProximaNova-Bold | ProximaNova-Light,20,612.0,792.0,B. Planned Streetscapes. Proposed or planned,False,True,Paragraph,lettered_or_numbered,0.55,lettered_or_numbered_paragraph_marker,,4,bridgeport-connecticut-afe7c678fa5dfc85-node-001034
bridgeport-connecticut-afe7c678fa5dfc85,213,34,0,C. Streetscape Design Continuation. To provide,319.95001220703125,630.7294311523438,531.5599975585938,644.4758911132812,9.5,ProximaNova-Bold | ProximaNova-Light,20,612.0,792.0,C. Streetscape Design Continuation. To provide,False,True,Paragraph,lettered_or_numbered,0.55,lettered_or_numbered_paragraph_marker,,4,bridgeport-connecticut-afe7c678fa5dfc85-node-001035
bridgeport-connecticut-afe7c678fa5dfc85,214,1,0,A. Base and Storefront Streetscape. Streetscape must,315.0,78.25437927246094,552.3228149414062,92.00088500976562,9.5,ProximaNova-Bold | ProximaNova-Light,20,612.0,792.0,A. Base and Storefront Streetscape. Streetscape must,False,True,Paragraph,lettered_or_numbered,0.55,lettered_or_numbered_paragraph_marker,,4,bridgeport-connecticut-afe7c678fa5dfc85-node-001036
bridgeport-connecticut-afe7c678fa5dfc85,214,4,0,B. Additional Elements. The following additional elements,315.0,135.25437927246094,565.8683471679688,149.00088500976562,9.5,ProximaNova-Bold | ProximaNova-Light,20,612.0,792.0,B. Additional Elements. The following additional elements,False,True,Paragraph,lettered_or_numbered,0.55,lettered_or_numbered_paragraph_marker,,4,bridgeport-connecticut-afe7c678fa5dfc85-node-001037
bridgeport-connecticut-afe7c678fa5dfc85,214,5,0,A. Sidewalk. A minimum streetscape sidewalk is required,40.5,142.84947204589844,286.6515197753906,156.59597778320312,9.5,ProximaNova-Bold | ProximaNova-Light,20,612.0,792.0,A. Sidewalk. A minimum streetscape sidewalk is required,False,True,Paragraph,lettered_or_numbered,0.55,lettered_or_numbered_paragraph_marker,,4,bridgeport-connecticut-afe7c678fa5dfc85-node-001038
bridgeport-connecticut-afe7c678fa5dfc85,214,8,0,"B. Buffer Strip. A minimum 4-foot wide buffer strip,",40.5,187.84947204589844,259.1639404296875,201.59597778320312,9.5,ProximaNova-Bold | ProximaNova-Light,20,612.0,792.0,"B. Buffer Strip. A minimum 4-foot wide buffer strip,",False,True,Paragraph,lettered_or_numbered,0.55,lettered_or_numbered_paragraph_marker,,4,bridgeport-connecticut-afe7c678fa5dfc85-node-001039
bridgeport-connecticut-afe7c678fa5dfc85,214,11,0,"C. Street Trees. The buffer strip, where unpaved, must",40.5,232.84947204589844,274.3164367675781,246.59597778320312,9.5,ProximaNova-Bold | ProximaNova-Light,20,612.0,792.0,"C. Street Trees. The buffer strip, where unpaved, must",False,True,Paragraph,lettered_or_numbered,0.55,lettered_or_numbered_paragraph_marker,,4,bridgeport-connecticut-afe7c678fa5dfc85-node-001040
bridgeport-connecticut-afe7c678fa5dfc85,214,12,0,"(2) Street Furnishings. For a full block development,",333.0,237.25437927246094,551.9819946289062,250.3833770751953,9.5,ProximaNova-Light,4,612.0,792.0,"(2) Street Furnishings. For a full block development,",False,False,Paragraph,lettered_or_numbered,0.55,lettered_or_numbered_paragraph_marker,,4,bridgeport-connecticut-afe7c678fa5dfc85-node-001041
bridgeport-connecticut-afe7c678fa5dfc85,214,15,0,D. Alternate Design. Where the location is such that the,40.5,301.8495178222656,281.71649169921875,315.59600830078125,9.5,ProximaNova-Bold | ProximaNova-Light,20,612.0,792.0,D. Alternate Design. Where the location is such that the,False,True,Paragraph,lettered_or_numbered,0.55,lettered_or_numbered_paragraph_marker,,4,bridgeport-connecticut-afe7c678fa5dfc85-node-001042
bridgeport-connecticut-afe7c678fa5dfc85,214,16,0,(3) Bicycle Parking. Bicycle parking must be supplied,333.0,318.2544250488281,557.197509765625,331.3834228515625,9.5,ProximaNova-Light,4,612.0,792.0,(3) Bicycle Parking. Bicycle parking must be supplied,False,False,Paragraph,lettered_or_numbered,0.55,lettered_or_numbered_paragraph_marker,,4,bridgeport-connecticut-afe7c678fa5dfc85-node-001043
bridgeport-connecticut-afe7c678fa5dfc85,214,19,0,(4) Landscape Design. Ground plane vegetation per,333.0,375.2544250488281,554.0340576171875,388.3834228515625,9.5,ProximaNova-Light,4,612.0,792.0,(4) Landscape Design. Ground plane vegetation per,False,False,Paragraph,lettered_or_numbered,0.55,lettered_or_numbered_paragraph_marker,,4,bridgeport-connecticut-afe7c678fa5dfc85-node-001044
bridgeport-connecticut-afe7c678fa5dfc85,214,22,0,A. Streetscape Design. The entire street yard area from,40.5,415.8495178222656,281.070556640625,429.59600830078125,9.5,ProximaNova-Bold | ProximaNova-Light,20,612.0,792.0,A. Streetscape Design. The entire street yard area from,False,True,Paragraph,lettered_or_numbered,0.55,lettered_or_numbered_paragraph_marker,,4,bridgeport-connecticut-afe7c678fa5dfc85-node-001045
bridgeport-connecticut-afe7c678fa5dfc85,214,23,0,(5) Lighting. Both pedestrian and vehicular lighting must,333.0,420.2544250488281,568.8920288085938,433.3834228515625,9.5,ProximaNova-Light,4,612.0,792.0,(5) Lighting. Both pedestrian and vehicular lighting must,False,False,Paragraph,lettered_or_numbered,0.55,lettered_or_numbered_paragraph_marker,,4,bridgeport-connecticut-afe7c678fa5dfc85-node-001046
bridgeport-connecticut-afe7c678fa5dfc85,214,26,0,"B. Sidewalk. A pavement area, minimum 5 feet wide and",40.5,484.8495178222656,284.81805419921875,498.59600830078125,9.5,ProximaNova-Bold | ProximaNova-Light,20,612.0,792.0,"B. Sidewalk. A pavement area, minimum 5 feet wide and",False,True,Paragraph,lettered_or_numbered,0.55,lettered_or_numbered_paragraph_marker,,4,bridgeport-connecticut-afe7c678fa5dfc85-node-001047
bridgeport-connecticut-afe7c678fa5dfc85,214,28,0,C. Buffer Strip. The buffer strip must include tree wells or,40.5,529.8494873046875,286.76153564453125,543.595947265625,9.5,ProximaNova-Bold | ProximaNova-Light,20,612.0,792.0,C. Buffer Strip. The buffer strip must include tree wells or,False,True,Paragraph,lettered_or_numbered,0.55,lettered_or_numbered_paragraph_marker,,4,bridgeport-connecticut-afe7c678fa5dfc85-node-001048
bridgeport-connecticut-afe7c678fa5dfc85,214,30,0,D. Sidewalk Cafe. Sidewalk cafes may be incorporated,40.5,562.8494873046875,277.7079772949219,576.595947265625,9.5,ProximaNova-Bold | ProximaNova-Light,20,612.0,792.0,D. Sidewalk Cafe. Sidewalk cafes may be incorporated,False,True,Paragraph,lettered_or_numbered,0.55,lettered_or_numbered_paragraph_marker,,4,bridgeport-connecticut-afe7c678fa5dfc85-node-001049
bridgeport-connecticut-afe7c678fa5dfc85,214,32,0,E. Alternate Design. Where the location is such that the,40.5,595.8494873046875,281.71649169921875,609.595947265625,9.5,ProximaNova-Bold | ProximaNova-Light,20,612.0,792.0,E. Alternate Design. Where the location is such that the,False,True,Paragraph,lettered_or_numbered,0.55,lettered_or_numbered_paragraph_marker,,4,bridgeport-connecticut-afe7c678fa5dfc85-node-001050
bridgeport-connecticut-afe7c678fa5dfc85,215,1,0,7.80 Street Trees,461.227294921875,41.37941360473633,575.255859375,61.637413024902344,14.0,ProximaNova-Bold,20,612.0,792.0,7.80 Street Trees,False,True,Section,section,0.9,decimal_pattern=section (N.MM),7.80,2,bridgeport-connecticut-afe7c678fa5dfc85-node-001051
bridgeport-connecticut-afe7c678fa5dfc85,215,4,0,(2) Opening. The opening of such tree well must,337.95001220703125,139.75437927246094,544.5537109375,152.8833770751953,9.5,ProximaNova-Light,4,612.0,792.0,(2) Opening. The opening of such tree well must,False,False,Paragraph,lettered_or_numbered,0.55,lettered_or_numbered_paragraph_marker,,4,bridgeport-connecticut-afe7c678fa5dfc85-node-001052
bridgeport-connecticut-afe7c678fa5dfc85,215,10,2,A. Street trees must be installed as required and as a,45.0,219.7294158935547,273.1780090332031,233.47592163085938,9.5,ProximaNova-Bold | ProximaNova-Light,20,612.0,792.0,A. Street trees must be installed as required and as a,False,True,Paragraph,lettered_or_numbered,0.55,lettered_or_numbered_paragraph_marker,,4,bridgeport-connecticut-afe7c678fa5dfc85-node-001053
bridgeport-connecticut-afe7c678fa5dfc85,215,13,0,B. Street trees must be installed along all new or existing,45.0,252.7294158935547,288.3304748535156,266.4759216308594,9.5,ProximaNova-Bold | ProximaNova-Light,20,612.0,792.0,B. Street trees must be installed along all new or existing,False,True,Paragraph,lettered_or_numbered,0.55,lettered_or_numbered_paragraph_marker,,4,bridgeport-connecticut-afe7c678fa5dfc85-node-001054
bridgeport-connecticut-afe7c678fa5dfc85,215,16,0,C. The zoning officer may exempt locations where street,45.0,297.7294006347656,286.50653076171875,311.47589111328125,9.5,ProximaNova-Bold | ProximaNova-Light,20,612.0,792.0,C. The zoning officer may exempt locations where street,False,True,Paragraph,lettered_or_numbered,0.55,lettered_or_numbered_paragraph_marker,,4,bridgeport-connecticut-afe7c678fa5dfc85-node-001055
bridgeport-connecticut-afe7c678fa5dfc85,215,21,0,"A. Street trees must be medium or large trees, unless",45.0,387.7294006347656,274.0710144042969,401.47589111328125,9.5,ProximaNova-Bold | ProximaNova-Light,20,612.0,792.0,"A. Street trees must be medium or large trees, unless",False,True,Paragraph,lettered_or_numbered,0.55,lettered_or_numbered_paragraph_marker,,4,bridgeport-connecticut-afe7c678fa5dfc85-node-001056
bridgeport-connecticut-afe7c678fa5dfc85,215,23,0,"B. Where more than 4 trees are planted, a combination of",45.0,420.7294006347656,291.6364440917969,434.47589111328125,9.5,ProximaNova-Bold | ProximaNova-Light,20,612.0,792.0,"B. Where more than 4 trees are planted, a combination of",False,True,Paragraph,lettered_or_numbered,0.55,lettered_or_numbered_paragraph_marker,,4,bridgeport-connecticut-afe7c678fa5dfc85-node-001057
bridgeport-connecticut-afe7c678fa5dfc85,215,26,2,A. Spacing. Each lot is required to have one tree for every,45.0,465.7294006347656,295.2650146484375,479.47589111328125,9.5,ProximaNova-Bold | ProximaNova-Light,20,612.0,792.0,A. Spacing. Each lot is required to have one tree for every,False,True,Paragraph,lettered_or_numbered,0.55,lettered_or_numbered_paragraph_marker,,4,bridgeport-connecticut-afe7c678fa5dfc85-node-001058
bridgeport-connecticut-afe7c678fa5dfc85,215,28,0,B. Location. Street trees must be located:,45.0,510.7293701171875,223.8726043701172,524.475830078125,9.5,ProximaNova-Bold | ProximaNova-Light,20,612.0,792.0,B. Location. Street trees must be located:,False,True,Paragraph,lettered_or_numbered,0.55,lettered_or_numbered_paragraph_marker,,4,bridgeport-connecticut-afe7c678fa5dfc85-node-001059
bridgeport-connecticut-afe7c678fa5dfc85,215,30,0,(2) 15 feet minimum from any street light.,63.0,576.7294311523438,234.18751525878906,589.8583984375,9.5,ProximaNova-Light,4,612.0,792.0,(2) 15 feet minimum from any street light.,False,False,Paragraph,lettered_or_numbered,0.55,lettered_or_numbered_paragraph_marker,,4,bridgeport-connecticut-afe7c678fa5dfc85-node-001060
bridgeport-connecticut-afe7c678fa5dfc85,215,31,0,(3) 40 feet minimum from any street intersection.,63.0,597.7294311523438,267.238037109375,610.8583984375,9.5,ProximaNova-Light,4,612.0,792.0,(3) 40 feet minimum from any street intersection.,False,False,Paragraph,lettered_or_numbered,0.55,lettered_or_numbered_paragraph_marker,,4,bridgeport-connecticut-afe7c678fa5dfc85-node-001061
bridgeport-connecticut-afe7c678fa5dfc85,215,32,0,(4) 5 feet minimum from any driveway or building wall.,63.0,618.7294311523438,292.2230224609375,631.8583984375,9.5,ProximaNova-Light,4,612.0,792.0,(4) 5 feet minimum from any driveway or building wall.,False,False,Paragraph,lettered_or_numbered,0.55,lettered_or_numbered_paragraph_marker,,4,bridgeport-connecticut-afe7c678fa5dfc85-node-001062
bridgeport-connecticut-afe7c678fa5dfc85,215,33,0,(5) 2 feet minimum from any utility valves or fire,63.0,639.7294311523438,264.739501953125,652.8583984375,9.5,ProximaNova-Light,4,612.0,792.0,(5) 2 feet minimum from any utility valves or fire,False,False,Paragraph,lettered_or_numbered,0.55,lettered_or_numbered_paragraph_marker,,4,bridgeport-connecticut-afe7c678fa5dfc85-node-001063
bridgeport-connecticut-afe7c678fa5dfc85,216,0,1,7.90 Waterways & Waterfronts,40.5,41.37941360473633,242.3505859375,61.637413024902344,14.0,ProximaNova-Bold,20,612.0,792.0,7.90 Waterways & Waterfronts,False,True,Section,section,0.9,decimal_pattern=section (N.MM),7.90,2,bridgeport-connecticut-afe7c678fa5dfc85-node-001064
bridgeport-connecticut-afe7c678fa5dfc85,216,3,0,"A. Riparian Edge. The riparian edge, required per 7.90.3 ,",315.45001220703125,115.75437927246094,558.5596313476562,129.50088500976562,9.5,ProximaNova-Bold | ProximaNova-Light,20,612.0,792.0,"A. Riparian Edge. The riparian edge, required per 7.90.3 ,",False,True,Paragraph,lettered_or_numbered,0.55,lettered_or_numbered_paragraph_marker,,4,bridgeport-connecticut-afe7c678fa5dfc85-node-001065
bridgeport-connecticut-afe7c678fa5dfc85,216,5,0,B. Landscape. The waterfront buffer must be landscaped,315.45001220703125,148.75437927246094,560.4428100585938,162.50088500976562,9.5,ProximaNova-Bold | ProximaNova-Light,20,612.0,792.0,B. Landscape. The waterfront buffer must be landscaped,False,True,Paragraph,lettered_or_numbered,0.55,lettered_or_numbered_paragraph_marker,,4,bridgeport-connecticut-afe7c678fa5dfc85-node-001066
bridgeport-connecticut-afe7c678fa5dfc85,216,10,0,"A. Continuous. The path must be continuous, connecting",315.4501037597656,262.75439453125,561.3544921875,276.5008850097656,9.5,ProximaNova-Bold | ProximaNova-Light,20,612.0,792.0,"A. Continuous. The path must be continuous, connecting",False,True,Paragraph,lettered_or_numbered,0.55,lettered_or_numbered_paragraph_marker,,4,bridgeport-connecticut-afe7c678fa5dfc85-node-001067
bridgeport-connecticut-afe7c678fa5dfc85,216,11,2,A. 10-foot Required Edge. A minimum 10-foot deep,40.5,267.72943115234375,262.19940185546875,281.4759216308594,9.5,ProximaNova-Bold | ProximaNova-Light,20,612.0,792.0,A. 10-foot Required Edge. A minimum 10-foot deep,False,True,Paragraph,lettered_or_numbered,0.55,lettered_or_numbered_paragraph_marker,,4,bridgeport-connecticut-afe7c678fa5dfc85-node-001068
bridgeport-connecticut-afe7c678fa5dfc85,216,13,0,B. Location. On-grade pathways must be a located outside,315.4501037597656,295.7544250488281,568.57470703125,309.50091552734375,9.5,ProximaNova-Bold | ProximaNova-Light,20,612.0,792.0,B. Location. On-grade pathways must be a located outside,False,True,Paragraph,lettered_or_numbered,0.55,lettered_or_numbered_paragraph_marker,,4,bridgeport-connecticut-afe7c678fa5dfc85-node-001069
bridgeport-connecticut-afe7c678fa5dfc85,216,16,0,C. Marinas and Boat Launches. The continuous waterfront,315.4501037597656,328.7544250488281,568.6574096679688,342.50091552734375,9.5,ProximaNova-Bold | ProximaNova-Light,20,612.0,792.0,C. Marinas and Boat Launches. The continuous waterfront,False,True,Paragraph,lettered_or_numbered,0.55,lettered_or_numbered_paragraph_marker,,4,bridgeport-connecticut-afe7c678fa5dfc85-node-001070
bridgeport-connecticut-afe7c678fa5dfc85,216,17,0,"B. Landscape. Any existing, established vegetation, may",40.5,348.7294006347656,282.17718505859375,362.47589111328125,9.5,ProximaNova-Bold | ProximaNova-Light,20,612.0,792.0,"B. Landscape. Any existing, established vegetation, may",False,True,Paragraph,lettered_or_numbered,0.55,lettered_or_numbered_paragraph_marker,,4,bridgeport-connecticut-afe7c678fa5dfc85-node-001071
bridgeport-connecticut-afe7c678fa5dfc85,216,19,0,D. Path Material. The path must be constructed of a,315.4501037597656,385.7544250488281,540.4793090820312,399.50091552734375,9.5,ProximaNova-Bold | ProximaNova-Light,20,612.0,792.0,D. Path Material. The path must be constructed of a,False,True,Paragraph,lettered_or_numbered,0.55,lettered_or_numbered_paragraph_marker,,4,bridgeport-connecticut-afe7c678fa5dfc85-node-001072
bridgeport-connecticut-afe7c678fa5dfc85,216,23,0,E. Boardwalks and Piers. Boardwalks and piers may be,315.4501037597656,478.7544250488281,556.4243774414062,492.50091552734375,9.5,ProximaNova-Bold | ProximaNova-Light,20,612.0,792.0,E. Boardwalks and Piers. Boardwalks and piers may be,False,True,Paragraph,lettered_or_numbered,0.55,lettered_or_numbered_paragraph_marker,,4,bridgeport-connecticut-afe7c678fa5dfc85-node-001073
bridgeport-connecticut-afe7c678fa5dfc85,216,33,0,(2) Boardwalks and piers may be located in the,333.4501037597656,592.75439453125,534.8001708984375,605.8833618164062,9.5,ProximaNova-Light,4,612.0,792.0,(2) Boardwalks and piers may be located in the,False,False,Paragraph,lettered_or_numbered,0.55,lettered_or_numbered_paragraph_marker,,4,bridgeport-connecticut-afe7c678fa5dfc85-node-001074
bridgeport-connecticut-afe7c678fa5dfc85,216,35,0,(3) Bulkheads (retaining walls along the water's edge),333.4501037597656,637.75439453125,559.7565307617188,650.8833618164062,9.5,ProximaNova-Light,4,612.0,792.0,(3) Bulkheads (retaining walls along the water's edge),False,False,Paragraph,lettered_or_numbered,0.55,lettered_or_numbered_paragraph_marker,,4,bridgeport-connecticut-afe7c678fa5dfc85-node-001075
bridgeport-connecticut-afe7c678fa5dfc85,217,1,0,7.100 Frontage Buffer,432.52740478515625,41.37941360473633,575.2573852539062,61.637413024902344,14.0,ProximaNova-Bold,20,612.0,792.0,7.100 Frontage Buffer,False,True,Section,section,0.9,decimal_pattern=section (N.MM),7.100,2,bridgeport-connecticut-afe7c678fa5dfc85-node-001076
bridgeport-connecticut-afe7c678fa5dfc85,217,5,0,A. One upland connection must be provided for every 600,45.0,140.14939880371094,296.7095031738281,153.89590454101562,9.5,ProximaNova-Bold | ProximaNova-Light,20,612.0,792.0,A. One upland connection must be provided for every 600,False,True,Paragraph,lettered_or_numbered,0.55,lettered_or_numbered_paragraph_marker,,4,bridgeport-connecticut-afe7c678fa5dfc85-node-001077
bridgeport-connecticut-afe7c678fa5dfc85,217,7,0,B. The path must be constructed of a permanent material,45.0,173.14939880371094,289.8694763183594,186.89590454101562,9.5,ProximaNova-Bold | ProximaNova-Light,20,612.0,792.0,B. The path must be constructed of a permanent material,False,True,Paragraph,lettered_or_numbered,0.55,lettered_or_numbered_paragraph_marker,,4,bridgeport-connecticut-afe7c678fa5dfc85-node-001078
bridgeport-connecticut-afe7c678fa5dfc85,217,10,0,A. House Building Type Exemption. Any House building,319.95001220703125,195.7294158935547,564.0272827148438,209.47592163085938,9.5,ProximaNova-Bold | ProximaNova-Light,20,612.0,792.0,A. House Building Type Exemption. Any House building,False,True,Paragraph,lettered_or_numbered,0.55,lettered_or_numbered_paragraph_marker,,4,bridgeport-connecticut-afe7c678fa5dfc85-node-001079
bridgeport-connecticut-afe7c678fa5dfc85,217,11,0,C. The number of vehicular crossings (streets or driveways),45.0,206.14939880371094,297.1465148925781,219.89590454101562,9.5,ProximaNova-Bold | ProximaNova-Light,20,612.0,792.0,C. The number of vehicular crossings (streets or driveways),False,True,Paragraph,lettered_or_numbered,0.55,lettered_or_numbered_paragraph_marker,,4,bridgeport-connecticut-afe7c678fa5dfc85-node-001080
bridgeport-connecticut-afe7c678fa5dfc85,217,14,0,B. Vehicular Areas along Street Frontages. Along the,319.95001220703125,240.7294158935547,554.940673828125,254.47592163085938,9.5,ProximaNova-Bold | ProximaNova-Light,20,612.0,792.0,B. Vehicular Areas along Street Frontages. Along the,False,True,Paragraph,lettered_or_numbered,0.55,lettered_or_numbered_paragraph_marker,,4,bridgeport-connecticut-afe7c678fa5dfc85-node-001081
bridgeport-connecticut-afe7c678fa5dfc85,217,17,0,A. Dedicated. Easements must be dedicated on the deed,45.0,296.1494140625,291.0665283203125,309.8959045410156,9.5,ProximaNova-Bold | ProximaNova-Light,20,612.0,792.0,A. Dedicated. Easements must be dedicated on the deed,False,True,Paragraph,lettered_or_numbered,0.55,lettered_or_numbered_paragraph_marker,,4,bridgeport-connecticut-afe7c678fa5dfc85-node-001082
bridgeport-connecticut-afe7c678fa5dfc85,217,18,0,C. Vehicular Areas along Waterway Buffer. Along the,319.95001220703125,297.7294006347656,554.0670166015625,311.47589111328125,9.5,ProximaNova-Bold | ProximaNova-Light,20,612.0,792.0,C. Vehicular Areas along Waterway Buffer. Along the,False,True,Paragraph,lettered_or_numbered,0.55,lettered_or_numbered_paragraph_marker,,4,bridgeport-connecticut-afe7c678fa5dfc85-node-001083
bridgeport-connecticut-afe7c678fa5dfc85,217,21,0,B. Access Times.,45.0,341.1494140625,122.0615005493164,354.8959045410156,9.5,ProximaNova-Bold | ProximaNova-Light,20,612.0,792.0,B. Access Times.,False,True,Paragraph,lettered_or_numbered,0.55,lettered_or_numbered_paragraph_marker,,4,bridgeport-connecticut-afe7c678fa5dfc85-node-001084
bridgeport-connecticut-afe7c678fa5dfc85,217,22,0,D. Outdoor Storage in Street Yards. Along the perimeter,319.95001220703125,342.7294006347656,565.7998657226562,356.47589111328125,9.5,ProximaNova-Bold | ProximaNova-Light,20,612.0,792.0,D. Outdoor Storage in Street Yards. Along the perimeter,False,True,Paragraph,lettered_or_numbered,0.55,lettered_or_numbered_paragraph_marker,,4,bridgeport-connecticut-afe7c678fa5dfc85-node-001085
bridgeport-connecticut-afe7c678fa5dfc85,217,24,0,E. Vehicular Areas along Open Space. Along the,319.95001220703125,399.7294006347656,535.4376220703125,413.47589111328125,9.5,ProximaNova-Bold | ProximaNova-Light,20,612.0,792.0,E. Vehicular Areas along Open Space. Along the,False,True,Paragraph,lettered_or_numbered,0.55,lettered_or_numbered_paragraph_marker,,4,bridgeport-connecticut-afe7c678fa5dfc85-node-001086
bridgeport-connecticut-afe7c678fa5dfc85,217,27,0,"(2) For the upland connection access, the PZC may",63.0,467.1494140625,280.6805114746094,480.2784118652344,9.5,ProximaNova-Light,4,612.0,792.0,"(2) For the upland connection access, the PZC may",False,False,Paragraph,lettered_or_numbered,0.55,lettered_or_numbered_paragraph_marker,,4,bridgeport-connecticut-afe7c678fa5dfc85-node-001087
bridgeport-connecticut-afe7c678fa5dfc85,217,31,0,A. Buffer Depth. The required buffer area must be a,319.95001220703125,522.7293701171875,545.8244018554688,536.475830078125,9.5,ProximaNova-Bold | ProximaNova-Light,20,612.0,792.0,A. Buffer Depth. The required buffer area must be a,False,True,Paragraph,lettered_or_numbered,0.55,lettered_or_numbered_paragraph_marker,,4,bridgeport-connecticut-afe7c678fa5dfc85-node-001088
bridgeport-connecticut-afe7c678fa5dfc85,217,35,0,(2) Buffer depth for vehicle sales lots may be 5 feet,337.95001220703125,612.7294311523438,556.1055908203125,625.8583984375,9.5,ProximaNova-Light,4,612.0,792.0,(2) Buffer depth for vehicle sales lots may be 5 feet,False,False,Paragraph,lettered_or_numbered,0.55,lettered_or_numbered_paragraph_marker,,4,bridgeport-connecticut-afe7c678fa5dfc85-node-001089
bridgeport-connecticut-afe7c678fa5dfc85,217,36,2,A. Buildings. Building facades along the waterfront buffer,45.0,617.1494140625,291.1702880859375,630.8958740234375,9.5,ProximaNova-Bold | ProximaNova-Light,20,612.0,792.0,A. Buildings. Building facades along the waterfront buffer,False,True,Paragraph,lettered_or_numbered,0.55,lettered_or_numbered_paragraph_marker,,4,bridgeport-connecticut-afe7c678fa5dfc85-node-001090
bridgeport-connecticut-afe7c678fa5dfc85,217,38,0,B. Buffer Location. The required buffer area must extend,319.95001220703125,645.7294311523438,566.03076171875,659.4758911132812,9.5,ProximaNova-Bold | ProximaNova-Light,20,612.0,792.0,B. Buffer Location. The required buffer area must extend,False,True,Paragraph,lettered_or_numbered,0.55,lettered_or_numbered_paragraph_marker,,4,bridgeport-connecticut-afe7c678fa5dfc85-node-001091
bridgeport-connecticut-afe7c678fa5dfc85,217,40,0,B. Parking. Parking along the waterfront buffer must,45.0,674.1494140625,268.72198486328125,687.8958740234375,9.5,ProximaNova-Bold | ProximaNova-Light,20,612.0,792.0,B. Parking. Parking along the waterfront buffer must,False,True,Paragraph,lettered_or_numbered,0.55,lettered_or_numbered_paragraph_marker,,4,bridgeport-connecticut-afe7c678fa5dfc85-node-001092
bridgeport-connecticut-afe7c678fa5dfc85,217,43,0,C. Fence. A continuous fence is required in the frontage,319.95001220703125,702.7294311523438,560.8958129882812,716.4758911132812,9.5,ProximaNova-Bold | ProximaNova-Light,20,612.0,792.0,C. Fence. A continuous fence is required in the frontage,False,True,Paragraph,lettered_or_numbered,0.55,lettered_or_numbered_paragraph_marker,,4,bridgeport-connecticut-afe7c678fa5dfc85-node-001093
bridgeport-connecticut-afe7c678fa5dfc85,218,2,0,"(2) Fence Materials. The fence must be black, gray, or",58.5,139.75437927246094,286.5545349121094,152.8833770751953,9.5,ProximaNova-Light,4,612.0,792.0,"(2) Fence Materials. The fence must be black, gray, or",False,False,Paragraph,lettered_or_numbered,0.55,lettered_or_numbered_paragraph_marker,,4,bridgeport-connecticut-afe7c678fa5dfc85-node-001094
bridgeport-connecticut-afe7c678fa5dfc85,218,4,0,(3) Fence Height. The fence must be a minimum of 3,58.5,220.75437927246094,282.67852783203125,233.8833770751953,9.5,ProximaNova-Light,4,612.0,792.0,(3) Fence Height. The fence must be a minimum of 3,False,False,Paragraph,lettered_or_numbered,0.55,lettered_or_numbered_paragraph_marker,,4,bridgeport-connecticut-afe7c678fa5dfc85-node-001095
bridgeport-connecticut-afe7c678fa5dfc85,218,6,0,(4) Fence Opacity. The fence must be a minimum of 25,58.5,277.7544250488281,292.28302001953125,290.8834228515625,9.5,ProximaNova-Light,4,612.0,792.0,(4) Fence Opacity. The fence must be a minimum of 25,False,False,Paragraph,lettered_or_numbered,0.55,lettered_or_numbered_paragraph_marker,,4,bridgeport-connecticut-afe7c678fa5dfc85-node-001096
bridgeport-connecticut-afe7c678fa5dfc85,218,8,0,D. Buffer Landscape. The following landscape is required,40.5,310.7544250488281,288.8703918457031,324.50091552734375,9.5,ProximaNova-Bold | ProximaNova-Light,20,612.0,792.0,D. Buffer Landscape. The following landscape is required,False,True,Paragraph,lettered_or_numbered,0.55,lettered_or_numbered_paragraph_marker,,4,bridgeport-connecticut-afe7c678fa5dfc85-node-001097
bridgeport-connecticut-afe7c678fa5dfc85,218,14,0,(2) Hedge. A single row hedge is required on the,58.5,448.7544250488281,268.2955017089844,461.8834228515625,9.5,ProximaNova-Light,4,612.0,792.0,(2) Hedge. A single row hedge is required on the,False,False,Paragraph,lettered_or_numbered,0.55,lettered_or_numbered_paragraph_marker,,4,bridgeport-connecticut-afe7c678fa5dfc85-node-001098
bridgeport-connecticut-afe7c678fa5dfc85,218,27,0,(3) Existing Vegetation. Existing vegetation may be,58.5,586.75439453125,273.43505859375,599.8833618164062,9.5,ProximaNova-Light,4,612.0,792.0,(3) Existing Vegetation. Existing vegetation may be,False,False,Paragraph,lettered_or_numbered,0.55,lettered_or_numbered_paragraph_marker,,4,bridgeport-connecticut-afe7c678fa5dfc85-node-001099
bridgeport-connecticut-afe7c678fa5dfc85,219,0,1,7.110 Side and Rear Buffers,398.2839050292969,41.37941360473633,575.2565307617188,61.637413024902344,14.0,ProximaNova-Bold,20,612.0,792.0,7.110 Side and Rear Buffers,False,True,Section,section,0.9,decimal_pattern=section (N.MM),7.110,2,bridgeport-connecticut-afe7c678fa5dfc85-node-001100
bridgeport-connecticut-afe7c678fa5dfc85,219,3,2,A. Side and rear buffers are required where the following,319.95001220703125,127.75437927246094,564.5062255859375,141.50088500976562,9.5,ProximaNova-Bold | ProximaNova-Light,20,612.0,792.0,A. Side and rear buffers are required where the following,False,True,Paragraph,lettered_or_numbered,0.55,lettered_or_numbered_paragraph_marker,,4,bridgeport-connecticut-afe7c678fa5dfc85-node-001101
bridgeport-connecticut-afe7c678fa5dfc85,219,6,2,A. Applicable Lots and Building Types. A side and rear,45.0,162.7294158935547,285.3302001953125,176.47592163085938,9.5,ProximaNova-Bold | ProximaNova-Light,20,612.0,792.0,A. Applicable Lots and Building Types. A side and rear,False,True,Paragraph,lettered_or_numbered,0.55,lettered_or_numbered_paragraph_marker,,4,bridgeport-connecticut-afe7c678fa5dfc85-node-001102
bridgeport-connecticut-afe7c678fa5dfc85,219,9,0,(2) Any loading areas abutting or adjacent to zones,337.95001220703125,229.75437927246094,555.9915161132812,242.8833770751953,9.5,ProximaNova-Light,4,612.0,792.0,(2) Any loading areas abutting or adjacent to zones,False,False,Paragraph,lettered_or_numbered,0.55,lettered_or_numbered_paragraph_marker,,4,bridgeport-connecticut-afe7c678fa5dfc85-node-001103
bridgeport-connecticut-afe7c678fa5dfc85,219,11,0,B. PZC Approval. The PZC may approve reduced or,45.0,252.7294158935547,270.7793273925781,266.4759216308594,9.5,ProximaNova-Bold | ProximaNova-Light,20,612.0,792.0,B. PZC Approval. The PZC may approve reduced or,False,True,Paragraph,lettered_or_numbered,0.55,lettered_or_numbered_paragraph_marker,,4,bridgeport-connecticut-afe7c678fa5dfc85-node-001104
bridgeport-connecticut-afe7c678fa5dfc85,219,14,0,(3) Any service areas abutting or adjacent to zones,337.95001220703125,286.7544250488281,555.0225830078125,299.8834228515625,9.5,ProximaNova-Light,4,612.0,792.0,(3) Any service areas abutting or adjacent to zones,False,False,Paragraph,lettered_or_numbered,0.55,lettered_or_numbered_paragraph_marker,,4,bridgeport-connecticut-afe7c678fa5dfc85-node-001105
bridgeport-connecticut-afe7c678fa5dfc85,219,17,0,(2) Existing Topography. Where existing topography,63.0,342.7294006347656,282.0390319824219,355.8583984375,9.5,ProximaNova-Light,4,612.0,792.0,(2) Existing Topography. Where existing topography,False,False,Paragraph,lettered_or_numbered,0.55,lettered_or_numbered_paragraph_marker,,4,bridgeport-connecticut-afe7c678fa5dfc85-node-001106
bridgeport-connecticut-afe7c678fa5dfc85,219,18,0,(4) Any outdoor storage areas as allowed in the zone,337.95001220703125,343.7544250488281,564.2661743164062,356.8834228515625,9.5,ProximaNova-Light,4,612.0,792.0,(4) Any outdoor storage areas as allowed in the zone,False,False,Paragraph,lettered_or_numbered,0.55,lettered_or_numbered_paragraph_marker,,4,bridgeport-connecticut-afe7c678fa5dfc85-node-001107
bridgeport-connecticut-afe7c678fa5dfc85,220,1,0,"(5) Other outdoor activities emitting sounds, smells,",58.5,82.75437927246094,276.0095520019531,95.88338470458984,9.5,ProximaNova-Light,4,612.0,792.0,"(5) Other outdoor activities emitting sounds, smells,",False,False,Paragraph,lettered_or_numbered,0.55,lettered_or_numbered_paragraph_marker,,4,bridgeport-connecticut-afe7c678fa5dfc85-node-001108
bridgeport-connecticut-afe7c678fa5dfc85,220,2,0,A. Intent. The fence buffer is intended to provide a,315.45001220703125,82.75437927246094,535.4292602539062,96.50088500976562,9.5,ProximaNova-Bold | ProximaNova-Light,20,612.0,792.0,A. Intent. The fence buffer is intended to provide a,False,True,Paragraph,lettered_or_numbered,0.55,lettered_or_numbered_paragraph_marker,,4,bridgeport-connecticut-afe7c678fa5dfc85-node-001109
bridgeport-connecticut-afe7c678fa5dfc85,220,5,0,B. Side and rear buffers must be installed along the lot line,40.5,127.75437927246094,291.71551513671875,141.50088500976562,9.5,ProximaNova-Bold | ProximaNova-Light,20,612.0,792.0,B. Side and rear buffers must be installed along the lot line,False,True,Paragraph,lettered_or_numbered,0.55,lettered_or_numbered_paragraph_marker,,4,bridgeport-connecticut-afe7c678fa5dfc85-node-001110
bridgeport-connecticut-afe7c678fa5dfc85,220,6,0,"B. Buffer Depth. A minimum 2-foot width buffer, measured",315.45001220703125,127.75437927246094,566.080322265625,141.50088500976562,9.5,ProximaNova-Bold | ProximaNova-Light,20,612.0,792.0,"B. Buffer Depth. A minimum 2-foot width buffer, measured",False,True,Paragraph,lettered_or_numbered,0.55,lettered_or_numbered_paragraph_marker,,4,bridgeport-connecticut-afe7c678fa5dfc85-node-001111
bridgeport-connecticut-afe7c678fa5dfc85,220,8,0,"C. Privacy Fence. A minimum 6-foot, maximum 8-foot high,",315.45001220703125,160.75437927246094,567.40185546875,174.50088500976562,9.5,ProximaNova-Bold | ProximaNova-Light,20,612.0,792.0,"C. Privacy Fence. A minimum 6-foot, maximum 8-foot high,",False,True,Paragraph,lettered_or_numbered,0.55,lettered_or_numbered_paragraph_marker,,4,bridgeport-connecticut-afe7c678fa5dfc85-node-001112
bridgeport-connecticut-afe7c678fa5dfc85,220,10,0,C. Access Points. Driveways and other access points may,40.5,196.75437927246094,289.25970458984375,210.50088500976562,9.5,ProximaNova-Bold | ProximaNova-Light,20,612.0,792.0,C. Access Points. Driveways and other access points may,False,True,Paragraph,lettered_or_numbered,0.55,lettered_or_numbered_paragraph_marker,,4,bridgeport-connecticut-afe7c678fa5dfc85-node-001113
bridgeport-connecticut-afe7c678fa5dfc85,221,1,0,D. Curbs or Wheel Stops. A curb or wheel stops must be,45.0,82.75437927246094,290.96820068359375,96.50088500976562,9.5,ProximaNova-Bold | ProximaNova-Light,20,612.0,792.0,D. Curbs or Wheel Stops. A curb or wheel stops must be,False,True,Paragraph,lettered_or_numbered,0.55,lettered_or_numbered_paragraph_marker,,4,bridgeport-connecticut-afe7c678fa5dfc85-node-001114
bridgeport-connecticut-afe7c678fa5dfc85,221,3,0,E. Landscape. The buffer area must be landscaped as,45.0,139.75437927246094,278.8205871582031,153.50088500976562,9.5,ProximaNova-Bold | ProximaNova-Light,20,612.0,792.0,E. Landscape. The buffer area must be landscaped as,False,True,Paragraph,lettered_or_numbered,0.55,lettered_or_numbered_paragraph_marker,,4,bridgeport-connecticut-afe7c678fa5dfc85-node-001115
bridgeport-connecticut-afe7c678fa5dfc85,221,8,0,A. Intent. The light buffer is intended to provide physical,45.0,217.75437927246094,287.32305908203125,231.50088500976562,9.5,ProximaNova-Bold | ProximaNova-Light,20,612.0,792.0,A. Intent. The light buffer is intended to provide physical,False,True,Paragraph,lettered_or_numbered,0.55,lettered_or_numbered_paragraph_marker,,4,bridgeport-connecticut-afe7c678fa5dfc85-node-001116
bridgeport-connecticut-afe7c678fa5dfc85,221,11,0,B. Buffer Depth. A minimum 5-foot width landscaped,45.0,250.75437927246094,274.2563171386719,264.5008850097656,9.5,ProximaNova-Bold | ProximaNova-Light,20,612.0,792.0,B. Buffer Depth. A minimum 5-foot width landscaped,False,True,Paragraph,lettered_or_numbered,0.55,lettered_or_numbered_paragraph_marker,,4,bridgeport-connecticut-afe7c678fa5dfc85-node-001117
bridgeport-connecticut-afe7c678fa5dfc85,221,13,0,C. Privacy Fence. See 7.110.4 for the requirements of the,45.0,295.7544250488281,286.613037109375,309.50091552734375,9.5,ProximaNova-Bold | ProximaNova-Light,20,612.0,792.0,C. Privacy Fence. See 7.110.4 for the requirements of the,False,True,Paragraph,lettered_or_numbered,0.55,lettered_or_numbered_paragraph_marker,,4,bridgeport-connecticut-afe7c678fa5dfc85-node-001118
bridgeport-connecticut-afe7c678fa5dfc85,221,15,0,D. Shade Trees. Medium or large shade trees are required,45.0,328.7544250488281,296.40093994140625,342.50091552734375,9.5,ProximaNova-Bold | ProximaNova-Light,20,612.0,792.0,D. Shade Trees. Medium or large shade trees are required,False,True,Paragraph,lettered_or_numbered,0.55,lettered_or_numbered_paragraph_marker,,4,bridgeport-connecticut-afe7c678fa5dfc85-node-001119
bridgeport-connecticut-afe7c678fa5dfc85,221,17,0,E. Landscape. The buffer area must be landscaped as,45.0,373.7544250488281,278.8205871582031,387.50091552734375,9.5,ProximaNova-Bold | ProximaNova-Light,20,612.0,792.0,E. Landscape. The buffer area must be landscaped as,False,True,Paragraph,lettered_or_numbered,0.55,lettered_or_numbered_paragraph_marker,,4,bridgeport-connecticut-afe7c678fa5dfc85-node-001120
bridgeport-connecticut-afe7c678fa5dfc85,221,20,0,A. Intent. The heavy buffer is intended for use in special,45.0,451.7544250488281,286.7911071777344,465.50091552734375,9.5,ProximaNova-Bold | ProximaNova-Light,20,612.0,792.0,A. Intent. The heavy buffer is intended for use in special,False,True,Paragraph,lettered_or_numbered,0.55,lettered_or_numbered_paragraph_marker,,4,bridgeport-connecticut-afe7c678fa5dfc85-node-001121
bridgeport-connecticut-afe7c678fa5dfc85,221,22,0,"B. Buffer Depth. A minimum 7.5-foot width buffer,",45.0,496.7544250488281,257.6873779296875,510.50091552734375,9.5,ProximaNova-Bold | ProximaNova-Light,20,612.0,792.0,"B. Buffer Depth. A minimum 7.5-foot width buffer,",False,True,Paragraph,lettered_or_numbered,0.55,lettered_or_numbered_paragraph_marker,,4,bridgeport-connecticut-afe7c678fa5dfc85-node-001122
bridgeport-connecticut-afe7c678fa5dfc85,221,24,0,C. Options. One of the following options must be included,45.0,541.75439453125,295.2270202636719,555.5008544921875,9.5,ProximaNova-Bold | ProximaNova-Light,20,612.0,792.0,C. Options. One of the following options must be included,False,True,Paragraph,lettered_or_numbered,0.55,lettered_or_numbered_paragraph_marker,,4,bridgeport-connecticut-afe7c678fa5dfc85-node-001123
bridgeport-connecticut-afe7c678fa5dfc85,221,27,0,(2) Landscape Option. The following elements must,63.0,655.75439453125,281.9915466308594,668.8833618164062,9.5,ProximaNova-Light,4,612.0,792.0,(2) Landscape Option. The following elements must,False,False,Paragraph,lettered_or_numbered,0.55,lettered_or_numbered_paragraph_marker,,4,bridgeport-connecticut-afe7c678fa5dfc85-node-001124
bridgeport-connecticut-afe7c678fa5dfc85,222,0,1,7.120 Interior Parking Lot Landscape,40.5,41.37941360473633,279.70263671875,61.637413024902344,14.0,ProximaNova-Bold,20,612.0,792.0,7.120 Interior Parking Lot Landscape,False,True,Section,section,0.9,decimal_pattern=section (N.MM),7.120,2,bridgeport-connecticut-afe7c678fa5dfc85-node-001125
bridgeport-connecticut-afe7c678fa5dfc85,222,3,0,A. Existing vegetation may be credited toward these,315.45001220703125,115.75437927246094,540.093994140625,129.50088500976562,9.5,ProximaNova-Bold | ProximaNova-Light,20,612.0,792.0,A. Existing vegetation may be credited toward these,False,True,Paragraph,lettered_or_numbered,0.55,lettered_or_numbered_paragraph_marker,,4,bridgeport-connecticut-afe7c678fa5dfc85-node-001126
bridgeport-connecticut-afe7c678fa5dfc85,222,6,0,B. Different parking lot landscape configurations may be,315.45001220703125,148.75437927246094,556.177490234375,162.50088500976562,9.5,ProximaNova-Bold | ProximaNova-Light,20,612.0,792.0,B. Different parking lot landscape configurations may be,False,True,Paragraph,lettered_or_numbered,0.55,lettered_or_numbered_paragraph_marker,,4,bridgeport-connecticut-afe7c678fa5dfc85-node-001127
bridgeport-connecticut-afe7c678fa5dfc85,222,7,2,7.120.3.F are met.,333.45001220703125,184.75437927246094,403.40765380859375,197.8833770751953,9.5,ProximaNova-Light,4,612.0,792.0,7.120.3.F are met.,False,False,Subsection,subsection,0.65,decimal_pattern=subsection,7.120.3,3,bridgeport-connecticut-afe7c678fa5dfc85-node-001128
bridgeport-connecticut-afe7c678fa5dfc85,222,9,2,A. Terminal End Islands. Landscape islands are required,315.45001220703125,217.75437927246094,559.6265258789062,231.50088500976562,9.5,ProximaNova-Bold | ProximaNova-Light,20,612.0,792.0,A. Terminal End Islands. Landscape islands are required,False,True,Paragraph,lettered_or_numbered,0.55,lettered_or_numbered_paragraph_marker,,4,bridgeport-connecticut-afe7c678fa5dfc85-node-001129
bridgeport-connecticut-afe7c678fa5dfc85,223,0,1,7.130 Screening of Refuse & Utility Areas,312.381591796875,41.37941360473633,575.2581787109375,61.637413024902344,14.0,ProximaNova-Bold,20,612.0,792.0,7.130 Screening of Refuse & Utility Areas,False,True,Section,section,0.9,decimal_pattern=section (N.MM),7.130,2,bridgeport-connecticut-afe7c678fa5dfc85-node-001130
bridgeport-connecticut-afe7c678fa5dfc85,223,1,0,B. Row Islands. For rows of parking with more than 8,45.0,82.75437927246094,274.180419921875,96.50088500976562,9.5,ProximaNova-Bold | ProximaNova-Light,20,612.0,792.0,B. Row Islands. For rows of parking with more than 8,False,True,Paragraph,lettered_or_numbered,0.55,lettered_or_numbered_paragraph_marker,,4,bridgeport-connecticut-afe7c678fa5dfc85-node-001131
bridgeport-connecticut-afe7c678fa5dfc85,223,4,0,C. Island Size. The minimum size of an island is 5 feet,45.0,139.75437927246094,277.26788330078125,153.50088500976562,9.5,ProximaNova-Bold | ProximaNova-Light,20,612.0,792.0,C. Island Size. The minimum size of an island is 5 feet,False,True,Paragraph,lettered_or_numbered,0.55,lettered_or_numbered_paragraph_marker,,4,bridgeport-connecticut-afe7c678fa5dfc85-node-001132
bridgeport-connecticut-afe7c678fa5dfc85,223,8,0,D. Island Trees. A minimum of 1 medium or large shade,45.0,208.75437927246094,282.6067810058594,222.50088500976562,9.5,ProximaNova-Bold | ProximaNova-Light,20,612.0,792.0,D. Island Trees. A minimum of 1 medium or large shade,False,True,Paragraph,lettered_or_numbered,0.55,lettered_or_numbered_paragraph_marker,,4,bridgeport-connecticut-afe7c678fa5dfc85-node-001133
bridgeport-connecticut-afe7c678fa5dfc85,223,10,2,"A. Trash, Recycling, and Other Waste. See 3.10.9 of the",319.95001220703125,231.7294158935547,561.3226318359375,245.47592163085938,9.5,ProximaNova-Bold | ProximaNova-Light,20,612.0,792.0,"A. Trash, Recycling, and Other Waste. See 3.10.9 of the",False,True,Paragraph,lettered_or_numbered,0.55,lettered_or_numbered_paragraph_marker,,4,bridgeport-connecticut-afe7c678fa5dfc85-node-001134
bridgeport-connecticut-afe7c678fa5dfc85,223,11,0,E. Stormwater. Islands may accommodate stormwater,45.0,241.75437927246094,277.6519470214844,255.50088500976562,9.5,ProximaNova-Bold | ProximaNova-Light,20,612.0,792.0,E. Stormwater. Islands may accommodate stormwater,False,True,Paragraph,lettered_or_numbered,0.55,lettered_or_numbered_paragraph_marker,,4,bridgeport-connecticut-afe7c678fa5dfc85-node-001135
bridgeport-connecticut-afe7c678fa5dfc85,223,14,0,"B. Loading. See 3.10.10 , building type regulations, for the",319.95001220703125,276.7294006347656,561.6626586914062,290.47589111328125,9.5,ProximaNova-Bold | ProximaNova-Light,20,612.0,792.0,"B. Loading. See 3.10.10 , building type regulations, for the",False,True,Paragraph,lettered_or_numbered,0.55,lettered_or_numbered_paragraph_marker,,4,bridgeport-connecticut-afe7c678fa5dfc85-node-001136
bridgeport-connecticut-afe7c678fa5dfc85,223,17,0,C. Utility Equipment and Appurtenances. See 6.60 for,319.9501037597656,309.7294006347656,559.131591796875,323.47589111328125,9.5,ProximaNova-Bold | ProximaNova-Light,20,612.0,792.0,C. Utility Equipment and Appurtenances. See 6.60 for,False,True,Paragraph,lettered_or_numbered,0.55,lettered_or_numbered_paragraph_marker,,4,bridgeport-connecticut-afe7c678fa5dfc85-node-001137
bridgeport-connecticut-afe7c678fa5dfc85,223,20,0,(2) Buffer Trees. Trees within any required buffer area,63.0,352.7544250488281,289.6304931640625,365.8834228515625,9.5,ProximaNova-Light,4,612.0,792.0,(2) Buffer Trees. Trees within any required buffer area,False,False,Paragraph,lettered_or_numbered,0.55,lettered_or_numbered_paragraph_marker,,4,bridgeport-connecticut-afe7c678fa5dfc85-node-001138
bridgeport-connecticut-afe7c678fa5dfc85,223,22,0,"(3) Shading Requirement. At maturity, tree canopies",63.0,385.7544250488281,281.4585876464844,398.8834228515625,9.5,ProximaNova-Light,4,612.0,792.0,"(3) Shading Requirement. At maturity, tree canopies",False,False,Paragraph,lettered_or_numbered,0.55,lettered_or_numbered_paragraph_marker,,4,bridgeport-connecticut-afe7c678fa5dfc85-node-001139
bridgeport-connecticut-afe7c678fa5dfc85,223,24,0,A. Concrete Pad. A concrete pad or gravel area is,319.95001220703125,411.7294006347656,537.0562133789062,425.47589111328125,9.5,ProximaNova-Bold | ProximaNova-Light,20,612.0,792.0,A. Concrete Pad. A concrete pad or gravel area is,False,True,Paragraph,lettered_or_numbered,0.55,lettered_or_numbered_paragraph_marker,,4,bridgeport-connecticut-afe7c678fa5dfc85-node-001140
bridgeport-connecticut-afe7c678fa5dfc85,223,26,0,B. Abutting a Building. Outdoor small refuse areas must,319.95001220703125,444.7294006347656,563.1768188476562,458.47589111328125,9.5,ProximaNova-Bold | ProximaNova-Light,20,612.0,792.0,B. Abutting a Building. Outdoor small refuse areas must,False,True,Paragraph,lettered_or_numbered,0.55,lettered_or_numbered_paragraph_marker,,4,bridgeport-connecticut-afe7c678fa5dfc85-node-001141
bridgeport-connecticut-afe7c678fa5dfc85,223,29,0,C. Opaque Screen. If the area where the containers are,319.9501037597656,489.7294006347656,559.64697265625,503.47589111328125,9.5,ProximaNova-Bold | ProximaNova-Light,20,612.0,792.0,C. Opaque Screen. If the area where the containers are,False,True,Paragraph,lettered_or_numbered,0.55,lettered_or_numbered_paragraph_marker,,4,bridgeport-connecticut-afe7c678fa5dfc85-node-001142
bridgeport-connecticut-afe7c678fa5dfc85,223,32,0,D. Screen Height. The height of the screen must be tall,319.9501037597656,582.7294311523438,558.5828857421875,596.4758911132812,9.5,ProximaNova-Bold | ProximaNova-Light,20,612.0,792.0,D. Screen Height. The height of the screen must be tall,False,True,Paragraph,lettered_or_numbered,0.55,lettered_or_numbered_paragraph_marker,,4,bridgeport-connecticut-afe7c678fa5dfc85-node-001143
bridgeport-connecticut-afe7c678fa5dfc85,223,35,0,A. Concrete Pad. A concrete pad is required for all loading,319.9501037597656,696.7294311523438,572.8428955078125,710.4758911132812,9.5,ProximaNova-Bold | ProximaNova-Light,20,612.0,792.0,A. Concrete Pad. A concrete pad is required for all loading,False,True,Paragraph,lettered_or_numbered,0.55,lettered_or_numbered_paragraph_marker,,4,bridgeport-connecticut-afe7c678fa5dfc85-node-001144
bridgeport-connecticut-afe7c678fa5dfc85,224,1,0,B. Opaque Screen. If the area where the containers are,40.5,82.75437927246094,280.19683837890625,96.50088500976562,9.5,ProximaNova-Bold | ProximaNova-Light,20,612.0,792.0,B. Opaque Screen. If the area where the containers are,False,True,Paragraph,lettered_or_numbered,0.55,lettered_or_numbered_paragraph_marker,,4,bridgeport-connecticut-afe7c678fa5dfc85-node-001145
bridgeport-connecticut-afe7c678fa5dfc85,224,3,0,(4) Shrubs. Planting beds consisting of a double row of,333.45001220703125,115.75437927246094,565.6656494140625,128.8833770751953,9.5,ProximaNova-Light,4,612.0,792.0,(4) Shrubs. Planting beds consisting of a double row of,False,False,Paragraph,lettered_or_numbered,0.55,lettered_or_numbered_paragraph_marker,,4,bridgeport-connecticut-afe7c678fa5dfc85-node-001146
bridgeport-connecticut-afe7c678fa5dfc85,224,6,0,C. Screen Height. The height of the screen must be tall,40.5,175.75437927246094,279.1325988769531,189.50088500976562,9.5,ProximaNova-Bold | ProximaNova-Light,20,612.0,792.0,C. Screen Height. The height of the screen must be tall,False,True,Paragraph,lettered_or_numbered,0.55,lettered_or_numbered_paragraph_marker,,4,bridgeport-connecticut-afe7c678fa5dfc85-node-001147
bridgeport-connecticut-afe7c678fa5dfc85,224,7,0,B. Small Private Mechanical Equipment.,315.45001220703125,184.75437927246094,493.5299072265625,198.50088500976562,9.5,ProximaNova-Bold,20,612.0,792.0,B. Small Private Mechanical Equipment.,False,True,Paragraph,lettered_or_numbered,0.55,lettered_or_numbered_paragraph_marker,,4,bridgeport-connecticut-afe7c678fa5dfc85-node-001148
bridgeport-connecticut-afe7c678fa5dfc85,224,10,0,D. Opaque Screen. An opaque screen wall is required,40.5,232.75437927246094,274.477783203125,246.50088500976562,9.5,ProximaNova-Bold | ProximaNova-Light,20,612.0,792.0,D. Opaque Screen. An opaque screen wall is required,False,True,Paragraph,lettered_or_numbered,0.55,lettered_or_numbered_paragraph_marker,,4,bridgeport-connecticut-afe7c678fa5dfc85-node-001149
bridgeport-connecticut-afe7c678fa5dfc85,224,11,0,(2) Screening. Landscape screening with shrubs,333.45001220703125,250.75437927246094,538.0300903320312,263.8833923339844,9.5,ProximaNova-Light,4,612.0,792.0,(2) Screening. Landscape screening with shrubs,False,False,Paragraph,lettered_or_numbered,0.55,lettered_or_numbered_paragraph_marker,,4,bridgeport-connecticut-afe7c678fa5dfc85-node-001150
bridgeport-connecticut-afe7c678fa5dfc85,224,15,0,"(2) If fully screened from the street, the screen wall may",58.5,322.7544250488281,294.01202392578125,335.8834228515625,9.5,ProximaNova-Light,4,612.0,792.0,"(2) If fully screened from the street, the screen wall may",False,False,Paragraph,lettered_or_numbered,0.55,lettered_or_numbered_paragraph_marker,,4,bridgeport-connecticut-afe7c678fa5dfc85-node-001151
bridgeport-connecticut-afe7c678fa5dfc85,224,17,0,"(3) If the opening is visible from the street, an opaque",58.5,355.7544250488281,286.08905029296875,368.8834228515625,9.5,ProximaNova-Light,4,612.0,792.0,"(3) If the opening is visible from the street, an opaque",False,False,Paragraph,lettered_or_numbered,0.55,lettered_or_numbered_paragraph_marker,,4,bridgeport-connecticut-afe7c678fa5dfc85-node-001152
bridgeport-connecticut-afe7c678fa5dfc85,224,19,0,E. Visible Openings. Openings visible from the public way,40.5,388.7544250488281,291.5679931640625,402.50091552734375,9.5,ProximaNova-Bold | ProximaNova-Light,20,612.0,792.0,E. Visible Openings. Openings visible from the public way,False,True,Paragraph,lettered_or_numbered,0.55,lettered_or_numbered_paragraph_marker,,4,bridgeport-connecticut-afe7c678fa5dfc85-node-001153
bridgeport-connecticut-afe7c678fa5dfc85,224,23,0,(2) One shade tree must be provided within the,58.5,487.7544250488281,261.33203125,500.8834228515625,9.5,ProximaNova-Light,4,612.0,792.0,(2) One shade tree must be provided within the,False,False,Paragraph,lettered_or_numbered,0.55,lettered_or_numbered_paragraph_marker,,4,bridgeport-connecticut-afe7c678fa5dfc85-node-001154
bridgeport-connecticut-afe7c678fa5dfc85,224,25,0,(3) The shade tree must be located per the island width,58.5,520.75439453125,294.5155029296875,533.8833618164062,9.5,ProximaNova-Light,4,612.0,792.0,(3) The shade tree must be located per the island width,False,False,Paragraph,lettered_or_numbered,0.55,lettered_or_numbered_paragraph_marker,,4,bridgeport-connecticut-afe7c678fa5dfc85-node-001155
bridgeport-connecticut-afe7c678fa5dfc85,224,29,2,A. Large Private Mechanical Equipment.,40.5,589.75439453125,219.11172485351562,603.5008544921875,9.5,ProximaNova-Bold,20,612.0,792.0,A. Large Private Mechanical Equipment.,False,True,Paragraph,lettered_or_numbered,0.55,lettered_or_numbered_paragraph_marker,,4,bridgeport-connecticut-afe7c678fa5dfc85-node-001156
bridgeport-connecticut-afe7c678fa5dfc85,224,32,0,(2) Fence or Wall. An opaque wood fence or brick-,58.5,655.75439453125,271.4779357910156,668.8833618164062,9.5,ProximaNova-Light,4,612.0,792.0,(2) Fence or Wall. An opaque wood fence or brick-,False,False,Paragraph,lettered_or_numbered,0.55,lettered_or_numbered_paragraph_marker,,4,bridgeport-connecticut-afe7c678fa5dfc85-node-001157
bridgeport-connecticut-afe7c678fa5dfc85,224,34,0,(3) Shade Trees. Medium or large shade trees are,58.5,700.75439453125,270.5764465332031,713.8833618164062,9.5,ProximaNova-Light,4,612.0,792.0,(3) Shade Trees. Medium or large shade trees are,False,False,Paragraph,lettered_or_numbered,0.55,lettered_or_numbered_paragraph_marker,,4,bridgeport-connecticut-afe7c678fa5dfc85-node-001158
bridgeport-connecticut-afe7c678fa5dfc85,225,0,1,7.140 General Fence Requirements,349.4808044433594,41.37941360473633,575.2573852539062,61.637413024902344,14.0,ProximaNova-Bold,20,612.0,792.0,7.140 General Fence Requirements,False,True,Section,section,0.9,decimal_pattern=section (N.MM),7.140,2,bridgeport-connecticut-afe7c678fa5dfc85-node-001159
bridgeport-connecticut-afe7c678fa5dfc85,225,4,0,A. Opacity. Primary street yard fences must be less than,319.95001220703125,140.14939880371094,560.8673095703125,153.89590454101562,9.5,ProximaNova-Bold | ProximaNova-Light,20,612.0,792.0,A. Opacity. Primary street yard fences must be less than,False,True,Paragraph,lettered_or_numbered,0.55,lettered_or_numbered_paragraph_marker,,4,bridgeport-connecticut-afe7c678fa5dfc85-node-001160
bridgeport-connecticut-afe7c678fa5dfc85,225,7,2,A. Lot Line. Fences and walls must be constructed a,43.650001525878906,195.7294158935547,269.4393310546875,209.47592163085938,9.5,ProximaNova-Bold | ProximaNova-Light,20,612.0,792.0,A. Lot Line. Fences and walls must be constructed a,False,True,Paragraph,lettered_or_numbered,0.55,lettered_or_numbered_paragraph_marker,,4,bridgeport-connecticut-afe7c678fa5dfc85-node-001161
bridgeport-connecticut-afe7c678fa5dfc85,225,8,0,B. Materials. Primary yard fences may be constructed of,319.95001220703125,197.14939880371094,561.626953125,210.89590454101562,9.5,ProximaNova-Bold | ProximaNova-Light,20,612.0,792.0,B. Materials. Primary yard fences may be constructed of,False,True,Paragraph,lettered_or_numbered,0.55,lettered_or_numbered_paragraph_marker,,4,bridgeport-connecticut-afe7c678fa5dfc85-node-001162
bridgeport-connecticut-afe7c678fa5dfc85,225,11,0,C. Height. Primary yard fences may not be more than 4,319.95001220703125,254.14939880371094,557.28564453125,267.8959045410156,9.5,ProximaNova-Bold | ProximaNova-Light,20,612.0,792.0,C. Height. Primary yard fences may not be more than 4,False,True,Paragraph,lettered_or_numbered,0.55,lettered_or_numbered_paragraph_marker,,4,bridgeport-connecticut-afe7c678fa5dfc85-node-001163
bridgeport-connecticut-afe7c678fa5dfc85,225,12,0,B. Face Direction. All fences must be erected with the,43.650001525878906,264.72943115234375,277.6847229003906,278.4759216308594,9.5,ProximaNova-Bold | ProximaNova-Light,20,612.0,792.0,B. Face Direction. All fences must be erected with the,False,True,Paragraph,lettered_or_numbered,0.55,lettered_or_numbered_paragraph_marker,,4,bridgeport-connecticut-afe7c678fa5dfc85-node-001164
bridgeport-connecticut-afe7c678fa5dfc85,225,15,0,"C. Unauthorized Placement Prohibited. No post, rail,",43.650001525878906,297.7294006347656,274.7821044921875,311.47589111328125,9.5,ProximaNova-Bold | ProximaNova-Light,20,612.0,792.0,"C. Unauthorized Placement Prohibited. No post, rail,",False,True,Paragraph,lettered_or_numbered,0.55,lettered_or_numbered_paragraph_marker,,4,bridgeport-connecticut-afe7c678fa5dfc85-node-001165
bridgeport-connecticut-afe7c678fa5dfc85,225,17,0,(2) Designated sports field or court fencing in a P zone,337.95001220703125,320.1494140625,570.1751708984375,333.2784118652344,9.5,ProximaNova-Light,4,612.0,792.0,(2) Designated sports field or court fencing in a P zone,False,False,Paragraph,lettered_or_numbered,0.55,lettered_or_numbered_paragraph_marker,,4,bridgeport-connecticut-afe7c678fa5dfc85-node-001166
bridgeport-connecticut-afe7c678fa5dfc85,225,20,0,"(3) In CX on the Open Outdoor Site (see 3.160 ), a",337.95001220703125,353.1494140625,546.5565795898438,366.2784118652344,9.5,ProximaNova-Light,4,612.0,792.0,"(3) In CX on the Open Outdoor Site (see 3.160 ), a",False,False,Paragraph,lettered_or_numbered,0.55,lettered_or_numbered_paragraph_marker,,4,bridgeport-connecticut-afe7c678fa5dfc85-node-001167
bridgeport-connecticut-afe7c678fa5dfc85,225,22,0,D. Vision Clearance at Intersections. Fences and walls,43.650001525878906,366.7294006347656,282.6918029785156,380.47589111328125,9.5,ProximaNova-Bold | ProximaNova-Light,20,612.0,792.0,D. Vision Clearance at Intersections. Fences and walls,False,True,Paragraph,lettered_or_numbered,0.55,lettered_or_numbered_paragraph_marker,,4,bridgeport-connecticut-afe7c678fa5dfc85-node-001168
bridgeport-connecticut-afe7c678fa5dfc85,225,23,0,"(4) In I zones on the Open Outdoor Site (see 3.160 ), a",337.95001220703125,386.1494140625,563.6267700195312,399.2784118652344,9.5,ProximaNova-Light,4,612.0,792.0,"(4) In I zones on the Open Outdoor Site (see 3.160 ), a",False,False,Paragraph,lettered_or_numbered,0.55,lettered_or_numbered_paragraph_marker,,4,bridgeport-connecticut-afe7c678fa5dfc85-node-001169
bridgeport-connecticut-afe7c678fa5dfc85,225,26,0,"E. Wire Fencing. Barbed wire, concertina wire, razor",43.650001525878906,411.7294006347656,269.390380859375,425.47589111328125,9.5,ProximaNova-Bold | ProximaNova-Light,20,612.0,792.0,"E. Wire Fencing. Barbed wire, concertina wire, razor",False,True,Paragraph,lettered_or_numbered,0.55,lettered_or_numbered_paragraph_marker,,4,bridgeport-connecticut-afe7c678fa5dfc85-node-001170
bridgeport-connecticut-afe7c678fa5dfc85,225,30,0,"A. Materials. Non-primary street, side, and rear yard fences",319.95001220703125,488.1494140625,573.9293823242188,501.8959045410156,9.5,ProximaNova-Bold | ProximaNova-Light,20,612.0,792.0,"A. Materials. Non-primary street, side, and rear yard fences",False,True,Paragraph,lettered_or_numbered,0.55,lettered_or_numbered_paragraph_marker,,4,bridgeport-connecticut-afe7c678fa5dfc85-node-001171
bridgeport-connecticut-afe7c678fa5dfc85,225,32,0,A. Street Yard Fences. Primary and non-primary yard fence,43.650001525878906,510.7293701171875,297.3839111328125,524.475830078125,9.5,ProximaNova-Bold | ProximaNova-Light,20,612.0,792.0,A. Street Yard Fences. Primary and non-primary yard fence,False,True,Paragraph,lettered_or_numbered,0.55,lettered_or_numbered_paragraph_marker,,4,bridgeport-connecticut-afe7c678fa5dfc85-node-001172
bridgeport-connecticut-afe7c678fa5dfc85,225,34,0,B. Side and Rear Yard Fences. All side and rear yard,43.650001525878906,567.7294311523438,272.7422790527344,581.4758911132812,9.5,ProximaNova-Bold | ProximaNova-Light,20,612.0,792.0,B. Side and Rear Yard Fences. All side and rear yard,False,True,Paragraph,lettered_or_numbered,0.55,lettered_or_numbered_paragraph_marker,,4,bridgeport-connecticut-afe7c678fa5dfc85-node-001173
bridgeport-connecticut-afe7c678fa5dfc85,225,37,0,B. Height,319.95001220703125,593.1494140625,366.83001708984375,606.8958740234375,9.5,ProximaNova-Bold,20,612.0,792.0,B. Height,False,True,Paragraph,lettered_or_numbered,0.55,lettered_or_numbered_paragraph_marker,,4,bridgeport-connecticut-afe7c678fa5dfc85-node-001174
bridgeport-connecticut-afe7c678fa5dfc85,225,38,0,C. Berms and Retaining Walls. Any fence constructed,43.650001525878906,612.7294311523438,277.6005859375,626.4758911132812,9.5,ProximaNova-Bold | ProximaNova-Light,20,612.0,792.0,C. Berms and Retaining Walls. Any fence constructed,False,True,Paragraph,lettered_or_numbered,0.55,lettered_or_numbered_paragraph_marker,,4,bridgeport-connecticut-afe7c678fa5dfc85-node-001175
bridgeport-connecticut-afe7c678fa5dfc85,225,41,0,(2) The maximum height of any fence in or on the,337.95001220703125,659.1494140625,548.4961547851562,672.2783813476562,9.5,ProximaNova-Light,4,612.0,792.0,(2) The maximum height of any fence in or on the,False,False,Paragraph,lettered_or_numbered,0.55,lettered_or_numbered_paragraph_marker,,4,bridgeport-connecticut-afe7c678fa5dfc85-node-001176
bridgeport-connecticut-afe7c678fa5dfc85,226,1,0,(3) Fencing required for frontage buffers in street-side,58.5,82.75437927246094,287.2765197753906,95.88338470458984,9.5,ProximaNova-Light,4,612.0,792.0,(3) Fencing required for frontage buffers in street-side,False,False,Paragraph,lettered_or_numbered,0.55,lettered_or_numbered_paragraph_marker,,4,bridgeport-connecticut-afe7c678fa5dfc85-node-001177
bridgeport-connecticut-afe7c678fa5dfc85,226,3,0,"(4) In rear yards in N or NX zones, where the lot abuts",58.5,127.75437927246094,287.9320068359375,140.8833770751953,9.5,ProximaNova-Light,4,612.0,792.0,"(4) In rear yards in N or NX zones, where the lot abuts",False,False,Paragraph,lettered_or_numbered,0.55,lettered_or_numbered_paragraph_marker,,4,bridgeport-connecticut-afe7c678fa5dfc85-node-001178
bridgeport-connecticut-afe7c678fa5dfc85,226,5,0,"(5) In the CX and I zones, the maximum height of side",58.5,172.75437927246094,286.51654052734375,185.8833770751953,9.5,ProximaNova-Light,4,612.0,792.0,"(5) In the CX and I zones, the maximum height of side",False,False,Paragraph,lettered_or_numbered,0.55,lettered_or_numbered_paragraph_marker,,4,bridgeport-connecticut-afe7c678fa5dfc85-node-001179
bridgeport-connecticut-afe7c678fa5dfc85,226,7,0,"(6) In P zones, the maximum height for park fencing",58.5,205.75437927246094,277.5484924316406,218.8833770751953,9.5,ProximaNova-Light,4,612.0,792.0,"(6) In P zones, the maximum height for park fencing",False,False,Paragraph,lettered_or_numbered,0.55,lettered_or_numbered_paragraph_marker,,4,bridgeport-connecticut-afe7c678fa5dfc85-node-001180
bridgeport-connecticut-afe7c678fa5dfc85,228,0,0,"8.0 Parking, Mobility, & Access",40.5,27.937376022338867,209.90277099609375,44.785377502441406,12.0,ProximaNova-Regular,4,612.0,792.0,"8.0 Parking, Mobility, & Access",False,False,Title,chapter,0.7,decimal_pattern=chapter (N.0),8.0,1,bridgeport-connecticut-afe7c678fa5dfc85-node-001181
bridgeport-connecticut-afe7c678fa5dfc85,228,0,1,8.10 General,40.5,41.37941360473633,126.22200775146484,61.637413024902344,14.0,ProximaNova-Bold,20,612.0,792.0,8.10 General,False,True,Section,section,0.9,decimal_pattern=section (N.MM),8.10,2,bridgeport-connecticut-afe7c678fa5dfc85-node-001182
bridgeport-connecticut-afe7c678fa5dfc85,228,3,2,"A. The parking, mobility, and access regulations of this",40.5,117.72941589355469,273.2750549316406,131.47592163085938,9.5,ProximaNova-Bold | ProximaNova-Light,20,612.0,792.0,"A. The parking, mobility, and access regulations of this",False,True,Paragraph,lettered_or_numbered,0.55,lettered_or_numbered_paragraph_marker,,4,bridgeport-connecticut-afe7c678fa5dfc85-node-001183
bridgeport-connecticut-afe7c678fa5dfc85,228,6,0,A. Parking on Sidewalks. Parking is prohibited on,315.45001220703125,172.75437927246094,531.0887451171875,186.50088500976562,9.5,ProximaNova-Bold | ProximaNova-Light,20,612.0,792.0,A. Parking on Sidewalks. Parking is prohibited on,False,True,Paragraph,lettered_or_numbered,0.55,lettered_or_numbered_paragraph_marker,,4,bridgeport-connecticut-afe7c678fa5dfc85-node-001184
bridgeport-connecticut-afe7c678fa5dfc85,228,9,0,(2) Helping avoid the negative impacts that can result,58.5,195.7294158935547,285.18646240234375,208.85841369628906,9.5,ProximaNova-Light,4,612.0,792.0,(2) Helping avoid the negative impacts that can result,False,False,Paragraph,lettered_or_numbered,0.55,lettered_or_numbered_paragraph_marker,,4,bridgeport-connecticut-afe7c678fa5dfc85-node-001185
bridgeport-connecticut-afe7c678fa5dfc85,228,10,0,B. Parking in Yard Areas. Parking is prohibited in yard,315.45001220703125,205.75437927246094,548.7264404296875,219.50088500976562,9.5,ProximaNova-Bold | ProximaNova-Light,20,612.0,792.0,B. Parking in Yard Areas. Parking is prohibited in yard,False,True,Paragraph,lettered_or_numbered,0.55,lettered_or_numbered_paragraph_marker,,4,bridgeport-connecticut-afe7c678fa5dfc85-node-001186
bridgeport-connecticut-afe7c678fa5dfc85,228,13,0,C. Ingress and Egress. All driveways and parking areas,315.45001220703125,262.75439453125,553.945556640625,276.5008850097656,9.5,ProximaNova-Bold | ProximaNova-Light,20,612.0,792.0,C. Ingress and Egress. All driveways and parking areas,False,True,Paragraph,lettered_or_numbered,0.55,lettered_or_numbered_paragraph_marker,,4,bridgeport-connecticut-afe7c678fa5dfc85-node-001187
bridgeport-connecticut-afe7c678fa5dfc85,228,14,0,(3) Promoting bicycling and other forms of active,58.5,264.72943115234375,265.2649841308594,277.8584289550781,9.5,ProximaNova-Light,4,612.0,792.0,(3) Promoting bicycling and other forms of active,False,False,Paragraph,lettered_or_numbered,0.55,lettered_or_numbered_paragraph_marker,,4,bridgeport-connecticut-afe7c678fa5dfc85-node-001188
bridgeport-connecticut-afe7c678fa5dfc85,228,16,0,(4) Otherwise helping ensure safe mobility and,58.5,297.7294006347656,257.7980041503906,310.8583984375,9.5,ProximaNova-Light,4,612.0,792.0,(4) Otherwise helping ensure safe mobility and,False,False,Paragraph,lettered_or_numbered,0.55,lettered_or_numbered_paragraph_marker,,4,bridgeport-connecticut-afe7c678fa5dfc85-node-001189
bridgeport-connecticut-afe7c678fa5dfc85,228,19,0,D. Driveway Widths. Maximum driveway widths are,315.45001220703125,343.7544250488281,537.56201171875,357.50091552734375,9.5,ProximaNova-Bold | ProximaNova-Light,20,612.0,792.0,D. Driveway Widths. Maximum driveway widths are,False,True,Paragraph,lettered_or_numbered,0.55,lettered_or_numbered_paragraph_marker,,4,bridgeport-connecticut-afe7c678fa5dfc85-node-001190
bridgeport-connecticut-afe7c678fa5dfc85,228,22,0,E. Surfacing.,315.45001220703125,400.7544250488281,376.96954345703125,414.50091552734375,9.5,ProximaNova-Bold,20,612.0,792.0,E. Surfacing.,False,True,Paragraph,lettered_or_numbered,0.55,lettered_or_numbered_paragraph_marker,,4,bridgeport-connecticut-afe7c678fa5dfc85-node-001191
bridgeport-connecticut-afe7c678fa5dfc85,228,25,0,(2) Ribbon Driveways. Ribbon (wheel strip) driveways,333.45001220703125,490.7544250488281,561.81298828125,504.50091552734375,9.5,ProximaNova-Bold | ProximaNova-Light,20,612.0,792.0,(2) Ribbon Driveways. Ribbon (wheel strip) driveways,False,True,Paragraph,lettered_or_numbered,0.55,lettered_or_numbered_paragraph_marker,,4,bridgeport-connecticut-afe7c678fa5dfc85-node-001192
bridgeport-connecticut-afe7c678fa5dfc85,228,39,0,G. Landscape and Screening. See 7.100 and 7.110 .,315.45001220703125,700.75439453125,528.1290893554688,714.5008544921875,9.5,ProximaNova-Bold | ProximaNova-Light,20,612.0,792.0,G. Landscape and Screening. See 7.100 and 7.110 .,False,True,Paragraph,lettered_or_numbered,0.55,lettered_or_numbered_paragraph_marker,,4,bridgeport-connecticut-afe7c678fa5dfc85-node-001193
bridgeport-connecticut-afe7c678fa5dfc85,229,1,0,8.30 Bicycle Parking,438.2679138183594,41.37941360473633,575.2565307617188,61.637413024902344,14.0,ProximaNova-Bold,20,612.0,792.0,8.30 Bicycle Parking,False,True,Section,section,0.9,decimal_pattern=section (N.MM),8.30,2,bridgeport-connecticut-afe7c678fa5dfc85-node-001194
bridgeport-connecticut-afe7c678fa5dfc85,229,4,0,C. Change of Use. If a new use of a building requires more,320.1119079589844,139.75437927246094,573.8258056640625,153.50088500976562,9.5,ProximaNova-Bold | ProximaNova-Light,20,612.0,792.0,C. Change of Use. If a new use of a building requires more,False,True,Paragraph,lettered_or_numbered,0.55,lettered_or_numbered_paragraph_marker,,4,bridgeport-connecticut-afe7c678fa5dfc85-node-001195
bridgeport-connecticut-afe7c678fa5dfc85,229,7,0,A. New Uses and Development. The minimum bicycle,45.36000061035156,207.7294158935547,280.5347900390625,221.47592163085938,9.5,ProximaNova-Bold | ProximaNova-Light,20,612.0,792.0,A. New Uses and Development. The minimum bicycle,False,True,Paragraph,lettered_or_numbered,0.55,lettered_or_numbered_paragraph_marker,,4,bridgeport-connecticut-afe7c678fa5dfc85-node-001196
bridgeport-connecticut-afe7c678fa5dfc85,229,10,0,B. Enlargements and Expansions.,45.36000061035156,264.72943115234375,195.76150512695312,278.4759216308594,9.5,ProximaNova-Bold,20,612.0,792.0,B. Enlargements and Expansions.,False,True,Paragraph,lettered_or_numbered,0.55,lettered_or_numbered_paragraph_marker,,4,bridgeport-connecticut-afe7c678fa5dfc85-node-001197
bridgeport-connecticut-afe7c678fa5dfc85,229,12,2,A. Floor Area. Bicycle parking requirements based on,320.1119079589844,325.7544250488281,552.1517944335938,339.50091552734375,9.5,ProximaNova-Bold | ProximaNova-Light,20,612.0,792.0,A. Floor Area. Bicycle parking requirements based on,False,True,Paragraph,lettered_or_numbered,0.55,lettered_or_numbered_paragraph_marker,,4,bridgeport-connecticut-afe7c678fa5dfc85-node-001198
bridgeport-connecticut-afe7c678fa5dfc85,229,14,0,(2) In the case of enlargements or expansions that,63.36000061035156,366.7294006347656,277.01251220703125,379.8583984375,9.5,ProximaNova-Light,4,612.0,792.0,(2) In the case of enlargements or expansions that,False,False,Paragraph,lettered_or_numbered,0.55,lettered_or_numbered_paragraph_marker,,4,bridgeport-connecticut-afe7c678fa5dfc85-node-001199
bridgeport-connecticut-afe7c678fa5dfc85,229,17,0,B. Employees. For the purpose of computing bicycle,320.1119079589844,406.7544250488281,547.1871337890625,420.50091552734375,9.5,ProximaNova-Bold | ProximaNova-Light,20,612.0,792.0,B. Employees. For the purpose of computing bicycle,False,True,Paragraph,lettered_or_numbered,0.55,lettered_or_numbered_paragraph_marker,,4,bridgeport-connecticut-afe7c678fa5dfc85-node-001200
bridgeport-connecticut-afe7c678fa5dfc85,229,23,2,A. General. All required bicycle parking spaces are,320.1119079589844,475.7544250488281,540.1858520507812,489.50091552734375,9.5,ProximaNova-Bold | ProximaNova-Light,20,612.0,792.0,A. General. All required bicycle parking spaces are,False,True,Paragraph,lettered_or_numbered,0.55,lettered_or_numbered_paragraph_marker,,4,bridgeport-connecticut-afe7c678fa5dfc85-node-001201
bridgeport-connecticut-afe7c678fa5dfc85,229,34,0,"(2) Except for long-term bicycle parking spaces, bicycle",338.1119079589844,589.75439453125,572.4649658203125,602.8833618164062,9.5,ProximaNova-Light,4,612.0,792.0,"(2) Except for long-term bicycle parking spaces, bicycle",False,False,Paragraph,lettered_or_numbered,0.55,lettered_or_numbered_paragraph_marker,,4,bridgeport-connecticut-afe7c678fa5dfc85-node-001202
bridgeport-connecticut-afe7c678fa5dfc85,229,43,0,(3) Bicycle parking spaces must be located on private,338.1119079589844,682.75439453125,566.1474609375,695.8833618164062,9.5,ProximaNova-Light,4,612.0,792.0,(3) Bicycle parking spaces must be located on private,False,False,Paragraph,lettered_or_numbered,0.55,lettered_or_numbered_paragraph_marker,,4,bridgeport-connecticut-afe7c678fa5dfc85-node-001203
bridgeport-connecticut-afe7c678fa5dfc85,230,0,1,"8.50 RVs, Trucks, and Inoperable Vehicles",40.5,41.37941360473633,309.2831726074219,61.637413024902344,14.0,ProximaNova-Bold,20,612.0,792.0,"8.50 RVs, Trucks, and Inoperable Vehicles",False,True,Section,section,0.9,decimal_pattern=section (N.MM),8.50,2,bridgeport-connecticut-afe7c678fa5dfc85-node-001204
bridgeport-connecticut-afe7c678fa5dfc85,230,1,0,(4) Bicycle parking spaces must be accessible without,58.32809829711914,82.75437927246094,287.69354248046875,95.88338470458984,9.5,ProximaNova-Light,4,612.0,792.0,(4) Bicycle parking spaces must be accessible without,False,False,Paragraph,lettered_or_numbered,0.55,lettered_or_numbered_paragraph_marker,,4,bridgeport-connecticut-afe7c678fa5dfc85-node-001205
bridgeport-connecticut-afe7c678fa5dfc85,230,5,0,(5) All bicycle parking spaces must be provided with,58.32809829711914,151.75437927246094,280.4071044921875,164.8833770751953,9.5,ProximaNova-Light,4,612.0,792.0,(5) All bicycle parking spaces must be provided with,False,False,Paragraph,lettered_or_numbered,0.55,lettered_or_numbered_paragraph_marker,,4,bridgeport-connecticut-afe7c678fa5dfc85-node-001206
bridgeport-connecticut-afe7c678fa5dfc85,230,7,0,(6) All required bicycle parking spaces must have,58.32809829711914,232.75437927246094,268.42755126953125,245.8833770751953,9.5,ProximaNova-Light,4,612.0,792.0,(6) All required bicycle parking spaces must have,False,False,Paragraph,lettered_or_numbered,0.55,lettered_or_numbered_paragraph_marker,,4,bridgeport-connecticut-afe7c678fa5dfc85-node-001207
bridgeport-connecticut-afe7c678fa5dfc85,230,10,0,B. Long-term Bicycle Parking. In addition to the general,40.32809829711914,289.7544250488281,282.6421813964844,303.50091552734375,9.5,ProximaNova-Bold | ProximaNova-Light,20,612.0,792.0,B. Long-term Bicycle Parking. In addition to the general,False,True,Paragraph,lettered_or_numbered,0.55,lettered_or_numbered_paragraph_marker,,4,bridgeport-connecticut-afe7c678fa5dfc85-node-001208
bridgeport-connecticut-afe7c678fa5dfc85,230,18,0,(2) Except in the case of bicycle lockers with a separate,58.32809829711914,492.2544250488281,294.3246154785156,505.3834228515625,9.5,ProximaNova-Light,4,612.0,792.0,(2) Except in the case of bicycle lockers with a separate,False,False,Paragraph,lettered_or_numbered,0.55,lettered_or_numbered_paragraph_marker,,4,bridgeport-connecticut-afe7c678fa5dfc85-node-001209
bridgeport-connecticut-afe7c678fa5dfc85,230,20,0,(3) Long-term bicycle parking spaces may not be inside,58.32809829711914,561.25439453125,293.7165832519531,574.3833618164062,9.5,ProximaNova-Light,4,612.0,792.0,(3) Long-term bicycle parking spaces may not be inside,False,False,Paragraph,lettered_or_numbered,0.55,lettered_or_numbered_paragraph_marker,,4,bridgeport-connecticut-afe7c678fa5dfc85-node-001210
bridgeport-connecticut-afe7c678fa5dfc85,230,23,0,(4) Unless clearly visible from the main building,58.32809829711914,594.25439453125,259.1461181640625,607.3833618164062,9.5,ProximaNova-Light,4,612.0,792.0,(4) Unless clearly visible from the main building,False,False,Paragraph,lettered_or_numbered,0.55,lettered_or_numbered_paragraph_marker,,4,bridgeport-connecticut-afe7c678fa5dfc85-node-001211
bridgeport-connecticut-afe7c678fa5dfc85,231,1,0,8.60 Loading,484.39678955078125,41.37941360473633,575.2568359375,61.637413024902344,14.0,ProximaNova-Bold,20,612.0,792.0,8.60 Loading,False,True,Section,section,0.9,decimal_pattern=section (N.MM),8.60,2,bridgeport-connecticut-afe7c678fa5dfc85-node-001212
bridgeport-connecticut-afe7c678fa5dfc85,231,11,0,A. Minimum Requirements. Off-Street loading facilities,321.30810546875,180.04942321777344,556.1122436523438,193.79592895507812,9.5,ProximaNova-Bold | ProximaNova-Light,20,612.0,792.0,A. Minimum Requirements. Off-Street loading facilities,False,True,Paragraph,lettered_or_numbered,0.55,lettered_or_numbered_paragraph_marker,,4,bridgeport-connecticut-afe7c678fa5dfc85-node-001213
bridgeport-connecticut-afe7c678fa5dfc85,231,17,0,(2) Enlargements and Expansions,337.95001220703125,282.0494079589844,485.9195251464844,295.7958984375,9.5,ProximaNova-Bold | ProximaNova-Light,20,612.0,792.0,(2) Enlargements and Expansions,False,True,Paragraph,lettered_or_numbered,0.55,lettered_or_numbered_paragraph_marker,,4,bridgeport-connecticut-afe7c678fa5dfc85-node-001214
bridgeport-connecticut-afe7c678fa5dfc85,232,2,0,(3) Change of Use. If a new use of a building requires,58.5,139.75437927246094,288.1884765625,153.50088500976562,9.5,ProximaNova-Bold | ProximaNova-Light,20,612.0,792.0,(3) Change of Use. If a new use of a building requires,False,True,Paragraph,lettered_or_numbered,0.55,lettered_or_numbered_paragraph_marker,,4,bridgeport-connecticut-afe7c678fa5dfc85-node-001215
bridgeport-connecticut-afe7c678fa5dfc85,232,4,0,(4) Multiple Uses. When buildings or sites contain,58.5,280.7544250488281,271.7203063964844,294.50091552734375,9.5,ProximaNova-Bold | ProximaNova-Light,20,612.0,792.0,(4) Multiple Uses. When buildings or sites contain,False,True,Paragraph,lettered_or_numbered,0.55,lettered_or_numbered_paragraph_marker,,4,bridgeport-connecticut-afe7c678fa5dfc85-node-001216
bridgeport-connecticut-afe7c678fa5dfc85,232,6,0,B. Location. Required off-street loading spaces must be,40.5,409.7544250488281,280.2295837402344,423.50091552734375,9.5,ProximaNova-Bold | ProximaNova-Light,20,612.0,792.0,B. Location. Required off-street loading spaces must be,False,True,Paragraph,lettered_or_numbered,0.55,lettered_or_numbered_paragraph_marker,,4,bridgeport-connecticut-afe7c678fa5dfc85-node-001217
bridgeport-connecticut-afe7c678fa5dfc85,232,8,0,C. Dimensions. Required off-street loading spaces must,40.5,490.7544250488281,280.41912841796875,504.50091552734375,9.5,ProximaNova-Bold | ProximaNova-Light,20,612.0,792.0,C. Dimensions. Required off-street loading spaces must,False,True,Paragraph,lettered_or_numbered,0.55,lettered_or_numbered_paragraph_marker,,4,bridgeport-connecticut-afe7c678fa5dfc85-node-001218
bridgeport-connecticut-afe7c678fa5dfc85,234,0,0,9.0 Signs,40.5,27.937376022338867,95.42399597167969,44.785377502441406,12.0,ProximaNova-Regular,4,612.0,792.0,9.0 Signs,False,False,Title,chapter,0.7,decimal_pattern=chapter (N.0),9.0,1,bridgeport-connecticut-afe7c678fa5dfc85-node-001219
bridgeport-connecticut-afe7c678fa5dfc85,234,0,1,9.10 General,40.5,41.37941360473633,125.95601654052734,61.637413024902344,14.0,ProximaNova-Bold,20,612.0,792.0,9.10 General,False,True,Section,section,0.9,decimal_pattern=section (N.MM),9.10,2,bridgeport-connecticut-afe7c678fa5dfc85-node-001220
bridgeport-connecticut-afe7c678fa5dfc85,234,3,0,A. To accommodate the effective use of signs as a means,316.79998779296875,127.92936706542969,563.7216186523438,141.67587280273438,9.5,ProximaNova-Bold | ProximaNova-Light,20,612.0,792.0,A. To accommodate the effective use of signs as a means,False,True,Paragraph,lettered_or_numbered,0.55,lettered_or_numbered_paragraph_marker,,4,bridgeport-connecticut-afe7c678fa5dfc85-node-001221
bridgeport-connecticut-afe7c678fa5dfc85,234,6,0,B. Promoting the aesthetic and environmental values,316.79998779296875,172.9293670654297,543.2870483398438,186.67587280273438,9.5,ProximaNova-Bold | ProximaNova-Light,20,612.0,792.0,B. Promoting the aesthetic and environmental values,False,True,Paragraph,lettered_or_numbered,0.55,lettered_or_numbered_paragraph_marker,,4,bridgeport-connecticut-afe7c678fa5dfc85-node-001222
bridgeport-connecticut-afe7c678fa5dfc85,234,7,0,A. The city has a substantial and compelling interest in all,40.5,174.7294158935547,285.3695373535156,188.47592163085938,9.5,ProximaNova-Bold | ProximaNova-Light,20,612.0,792.0,A. The city has a substantial and compelling interest in all,False,True,Paragraph,lettered_or_numbered,0.55,lettered_or_numbered_paragraph_marker,,4,bridgeport-connecticut-afe7c678fa5dfc85-node-001223
bridgeport-connecticut-afe7c678fa5dfc85,234,10,0,"B. Unlike oral speech, signs can obstruct views, distract",40.5,231.7294158935547,277.76947021484375,245.47592163085938,9.5,ProximaNova-Bold | ProximaNova-Light,20,612.0,792.0,"B. Unlike oral speech, signs can obstruct views, distract",False,True,Paragraph,lettered_or_numbered,0.55,lettered_or_numbered_paragraph_marker,,4,bridgeport-connecticut-afe7c678fa5dfc85-node-001224
bridgeport-connecticut-afe7c678fa5dfc85,234,11,0,C. Protecting public investment in and the character and,316.79998779296875,241.9293670654297,557.1380615234375,255.67587280273438,9.5,ProximaNova-Bold | ProximaNova-Light,20,612.0,792.0,C. Protecting public investment in and the character and,False,True,Paragraph,lettered_or_numbered,0.55,lettered_or_numbered_paragraph_marker,,4,bridgeport-connecticut-afe7c678fa5dfc85-node-001225
bridgeport-connecticut-afe7c678fa5dfc85,234,14,0,D. Protecting the distinctive physical character of,316.79998779296875,274.92950439453125,526.1204833984375,288.6759948730469,9.5,ProximaNova-Bold | ProximaNova-Light,20,612.0,792.0,D. Protecting the distinctive physical character of,False,True,Paragraph,lettered_or_numbered,0.55,lettered_or_numbered_paragraph_marker,,4,bridgeport-connecticut-afe7c678fa5dfc85-node-001226
bridgeport-connecticut-afe7c678fa5dfc85,234,15,0,"C. Regulation of the size, height, number and spacing",40.5,288.7294006347656,269.5510559082031,302.47589111328125,9.5,ProximaNova-Bold | ProximaNova-Light,20,612.0,792.0,"C. Regulation of the size, height, number and spacing",False,True,Paragraph,lettered_or_numbered,0.55,lettered_or_numbered_paragraph_marker,,4,bridgeport-connecticut-afe7c678fa5dfc85-node-001227
bridgeport-connecticut-afe7c678fa5dfc85,234,17,0,E. Ensuring that signs are designed and proportioned in,316.79998779296875,331.92950439453125,556.6726684570312,345.6759948730469,9.5,ProximaNova-Bold | ProximaNova-Light,20,612.0,792.0,E. Ensuring that signs are designed and proportioned in,False,True,Paragraph,lettered_or_numbered,0.55,lettered_or_numbered_paragraph_marker,,4,bridgeport-connecticut-afe7c678fa5dfc85-node-001228
bridgeport-connecticut-afe7c678fa5dfc85,234,20,0,G. Providing an environment that safeguards and enhances,316.79998779296875,433.92950439453125,569.8395385742188,447.6759948730469,9.5,ProximaNova-Bold | ProximaNova-Light,20,612.0,792.0,G. Providing an environment that safeguards and enhances,False,True,Paragraph,lettered_or_numbered,0.55,lettered_or_numbered_paragraph_marker,,4,bridgeport-connecticut-afe7c678fa5dfc85-node-001229
bridgeport-connecticut-afe7c678fa5dfc85,234,23,0,D. The sign regulations of this article are not anticipated to,40.5,465.7294006347656,290.2144775390625,479.47589111328125,9.5,ProximaNova-Bold | ProximaNova-Light,20,612.0,792.0,D. The sign regulations of this article are not anticipated to,False,True,Paragraph,lettered_or_numbered,0.55,lettered_or_numbered_paragraph_marker,,4,bridgeport-connecticut-afe7c678fa5dfc85-node-001230
bridgeport-connecticut-afe7c678fa5dfc85,234,24,0,"H. Reducing hazards to motorists, bicyclists, and",316.79998779296875,478.92950439453125,523.49853515625,492.6759948730469,9.5,ProximaNova-Bold | ProximaNova-Light,20,612.0,792.0,"H. Reducing hazards to motorists, bicyclists, and",False,True,Paragraph,lettered_or_numbered,0.55,lettered_or_numbered_paragraph_marker,,4,bridgeport-connecticut-afe7c678fa5dfc85-node-001231
bridgeport-connecticut-afe7c678fa5dfc85,234,28,0,E. Some signs have a single targeted function that makes,40.5,558.7294311523438,286.6424865722656,572.4758911132812,9.5,ProximaNova-Bold | ProximaNova-Light,20,612.0,792.0,E. Some signs have a single targeted function that makes,False,True,Paragraph,lettered_or_numbered,0.55,lettered_or_numbered_paragraph_marker,,4,bridgeport-connecticut-afe7c678fa5dfc85-node-001232
bridgeport-connecticut-afe7c678fa5dfc85,234,29,2,"A. Time, Place, and Manner Restrictions. The",316.79998779296875,568.9295043945312,518.189453125,582.6759643554688,9.5,ProximaNova-Bold | ProximaNova-Light,20,612.0,792.0,"A. Time, Place, and Manner Restrictions. The",False,True,Paragraph,lettered_or_numbered,0.55,lettered_or_numbered_paragraph_marker,,4,bridgeport-connecticut-afe7c678fa5dfc85-node-001233
bridgeport-connecticut-afe7c678fa5dfc85,234,33,0,B. Content Neutrality. The city intends to adopt and,316.79998779296875,685.929443359375,542.3416748046875,699.6759033203125,9.5,ProximaNova-Bold | ProximaNova-Light,20,612.0,792.0,B. Content Neutrality. The city intends to adopt and,False,True,Paragraph,lettered_or_numbered,0.55,lettered_or_numbered_paragraph_marker,,4,bridgeport-connecticut-afe7c678fa5dfc85-node-001234
bridgeport-connecticut-afe7c678fa5dfc85,235,1,0,(2) Animation Sign Display. The presentation of,337.95001220703125,82.75437927246094,544.2024536132812,96.50088500976562,9.5,ProximaNova-Bold | ProximaNova-Light,20,612.0,792.0,(2) Animation Sign Display. The presentation of,False,True,Paragraph,lettered_or_numbered,0.55,lettered_or_numbered_paragraph_marker,,4,bridgeport-connecticut-afe7c678fa5dfc85-node-001235
bridgeport-connecticut-afe7c678fa5dfc85,235,4,0,"(3) Area, Sign (or Sign Face Area). See 9.110.1 .",337.95001220703125,163.75437927246094,534.317626953125,177.50088500976562,9.5,ProximaNova-Bold | ProximaNova-Light,20,612.0,792.0,"(3) Area, Sign (or Sign Face Area). See 9.110.1 .",False,True,Paragraph,lettered_or_numbered,0.55,lettered_or_numbered_paragraph_marker,,4,bridgeport-connecticut-afe7c678fa5dfc85-node-001236
bridgeport-connecticut-afe7c678fa5dfc85,235,5,0,C. Extent. The regulations of this article are considered no,45.0,175.75437927246094,295.3887634277344,189.50088500976562,9.5,ProximaNova-Bold | ProximaNova-Light,20,612.0,792.0,C. Extent. The regulations of this article are considered no,False,True,Paragraph,lettered_or_numbered,0.55,lettered_or_numbered_paragraph_marker,,4,bridgeport-connecticut-afe7c678fa5dfc85-node-001237
bridgeport-connecticut-afe7c678fa5dfc85,235,6,0,"(4) Awning Sign. An awning that contains letters,",337.95001220703125,184.75437927246094,546.7339477539062,198.50088500976562,9.5,ProximaNova-Bold | ProximaNova-Light,20,612.0,792.0,"(4) Awning Sign. An awning that contains letters,",False,True,Paragraph,lettered_or_numbered,0.55,lettered_or_numbered_paragraph_marker,,4,bridgeport-connecticut-afe7c678fa5dfc85-node-001238
bridgeport-connecticut-afe7c678fa5dfc85,235,9,0,"(5) Banner. A sign with or without characters, letters,",337.95001220703125,265.75439453125,560.3611450195312,279.5008850097656,9.5,ProximaNova-Bold | ProximaNova-Light,20,612.0,792.0,"(5) Banner. A sign with or without characters, letters,",False,True,Paragraph,lettered_or_numbered,0.55,lettered_or_numbered_paragraph_marker,,4,bridgeport-connecticut-afe7c678fa5dfc85-node-001239
bridgeport-connecticut-afe7c678fa5dfc85,235,11,2,"A. Any sign allowed under this article may contain, in lieu of",45.0,301.7544250488281,298.9990234375,315.50091552734375,9.5,ProximaNova-Bold | ProximaNova-Light,20,612.0,792.0,"A. Any sign allowed under this article may contain, in lieu of",False,True,Paragraph,lettered_or_numbered,0.55,lettered_or_numbered_paragraph_marker,,4,bridgeport-connecticut-afe7c678fa5dfc85-node-001240
bridgeport-connecticut-afe7c678fa5dfc85,235,13,0,"(6) Billboard. Same as ""outdoor advertising sign.""",337.95001220703125,358.7544250488281,544.9804077148438,372.50091552734375,9.5,ProximaNova-Bold | ProximaNova-Light,20,612.0,792.0,"(6) Billboard. Same as ""outdoor advertising sign.""",False,True,Paragraph,lettered_or_numbered,0.55,lettered_or_numbered_paragraph_marker,,4,bridgeport-connecticut-afe7c678fa5dfc85-node-001241
bridgeport-connecticut-afe7c678fa5dfc85,235,14,0,(7) Building Frontage. See 9.110.4 .,337.95001220703125,379.7544250488281,484.55340576171875,393.50091552734375,9.5,ProximaNova-Bold | ProximaNova-Light,20,612.0,792.0,(7) Building Frontage. See 9.110.4 .,False,True,Paragraph,lettered_or_numbered,0.55,lettered_or_numbered_paragraph_marker,,4,bridgeport-connecticut-afe7c678fa5dfc85-node-001242
bridgeport-connecticut-afe7c678fa5dfc85,235,16,0,"(8) Canopy Sign. A sign attached, painted on, or made",337.95001220703125,400.7544250488281,570.9020385742188,414.50091552734375,9.5,ProximaNova-Bold | ProximaNova-Light,20,612.0,792.0,"(8) Canopy Sign. A sign attached, painted on, or made",False,True,Paragraph,lettered_or_numbered,0.55,lettered_or_numbered_paragraph_marker,,4,bridgeport-connecticut-afe7c678fa5dfc85-node-001243
bridgeport-connecticut-afe7c678fa5dfc85,235,17,0,B. The purpose of the substitution provisions of this section,45.0,406.7544250488281,298.55255126953125,420.50091552734375,9.5,ProximaNova-Bold | ProximaNova-Light,20,612.0,792.0,B. The purpose of the substitution provisions of this section,False,True,Paragraph,lettered_or_numbered,0.55,lettered_or_numbered_paragraph_marker,,4,bridgeport-connecticut-afe7c678fa5dfc85-node-001244
bridgeport-connecticut-afe7c678fa5dfc85,235,19,0,C. The substitution provisions of this section do not create,45.0,487.7544250488281,293.3940124511719,501.50091552734375,9.5,ProximaNova-Bold | ProximaNova-Light,20,612.0,792.0,C. The substitution provisions of this section do not create,False,True,Paragraph,lettered_or_numbered,0.55,lettered_or_numbered_paragraph_marker,,4,bridgeport-connecticut-afe7c678fa5dfc85-node-001245
bridgeport-connecticut-afe7c678fa5dfc85,235,22,0,"(9) Derelict Sign. A sign that is dilapidated, is in such",337.95001220703125,529.75439453125,563.263671875,543.5008544921875,9.5,ProximaNova-Bold | ProximaNova-Light,20,612.0,792.0,"(9) Derelict Sign. A sign that is dilapidated, is in such",False,True,Paragraph,lettered_or_numbered,0.55,lettered_or_numbered_paragraph_marker,,4,bridgeport-connecticut-afe7c678fa5dfc85-node-001246
bridgeport-connecticut-afe7c678fa5dfc85,235,25,0,(10) Electric Sign. Any sign electrically illuminated,337.95001220703125,586.75439453125,545.6982421875,600.5008544921875,9.5,ProximaNova-Bold | ProximaNova-Light,20,612.0,792.0,(10) Electric Sign. Any sign electrically illuminated,False,True,Paragraph,lettered_or_numbered,0.55,lettered_or_numbered_paragraph_marker,,4,bridgeport-connecticut-afe7c678fa5dfc85-node-001247
bridgeport-connecticut-afe7c678fa5dfc85,235,26,0,"A. Terms Beginning with ""A"" Through ""E""",45.0,589.75439453125,226.8179931640625,603.5008544921875,9.5,ProximaNova-Bold,20,612.0,792.0,"A. Terms Beginning with ""A"" Through ""E""",False,True,Paragraph,lettered_or_numbered,0.55,lettered_or_numbered_paragraph_marker,,4,bridgeport-connecticut-afe7c678fa5dfc85-node-001248
bridgeport-connecticut-afe7c678fa5dfc85,236,1,0,(11) Electronic Message Display. Any element of a,58.5,82.75437927246094,272.0480041503906,96.50088500976562,9.5,ProximaNova-Bold | ProximaNova-Light,20,612.0,792.0,(11) Electronic Message Display. Any element of a,False,True,Paragraph,lettered_or_numbered,0.55,lettered_or_numbered_paragraph_marker,,4,bridgeport-connecticut-afe7c678fa5dfc85-node-001249
bridgeport-connecticut-afe7c678fa5dfc85,236,2,0,(3) Mobile Billboard. A sign installed or displayed on,333.45001220703125,82.75437927246094,558.773193359375,96.50088500976562,9.5,ProximaNova-Bold | ProximaNova-Light,20,612.0,792.0,(3) Mobile Billboard. A sign installed or displayed on,False,True,Paragraph,lettered_or_numbered,0.55,lettered_or_numbered_paragraph_marker,,4,bridgeport-connecticut-afe7c678fa5dfc85-node-001250
bridgeport-connecticut-afe7c678fa5dfc85,236,7,0,"B. Terms Beginning with ""F"" Through ""J""",40.5,199.75437927246094,221.13050842285156,213.50088500976562,9.5,ProximaNova-Bold,20,612.0,792.0,"B. Terms Beginning with ""F"" Through ""J""",False,True,Paragraph,lettered_or_numbered,0.55,lettered_or_numbered_paragraph_marker,,4,bridgeport-connecticut-afe7c678fa5dfc85-node-001251
bridgeport-connecticut-afe7c678fa5dfc85,236,10,0,(4) Monument Sign. A freestanding sign in which the,333.45001220703125,292.7544250488281,559.6094360351562,306.50091552734375,9.5,ProximaNova-Bold | ProximaNova-Light,20,612.0,792.0,(4) Monument Sign. A freestanding sign in which the,False,True,Paragraph,lettered_or_numbered,0.55,lettered_or_numbered_paragraph_marker,,4,bridgeport-connecticut-afe7c678fa5dfc85-node-001252
bridgeport-connecticut-afe7c678fa5dfc85,236,12,0,"(2) Flag. A device made of cloth, plastic, or natural or",58.5,325.7544250488281,283.9797668457031,339.50091552734375,9.5,ProximaNova-Bold | ProximaNova-Light,20,612.0,792.0,"(2) Flag. A device made of cloth, plastic, or natural or",False,True,Paragraph,lettered_or_numbered,0.55,lettered_or_numbered_paragraph_marker,,4,bridgeport-connecticut-afe7c678fa5dfc85-node-001253
bridgeport-connecticut-afe7c678fa5dfc85,236,14,0,(5) Mural. A picture or image (including but not limited,333.45001220703125,361.7544250488281,563.28076171875,375.50091552734375,9.5,ProximaNova-Bold | ProximaNova-Light,20,612.0,792.0,(5) Mural. A picture or image (including but not limited,False,True,Paragraph,lettered_or_numbered,0.55,lettered_or_numbered_paragraph_marker,,4,bridgeport-connecticut-afe7c678fa5dfc85-node-001254
bridgeport-connecticut-afe7c678fa5dfc85,236,17,0,(3) Freestanding Sign. Any sign that is not attached,58.5,406.7544250488281,279.6620788574219,420.50091552734375,9.5,ProximaNova-Bold | ProximaNova-Light,20,612.0,792.0,(3) Freestanding Sign. Any sign that is not attached,False,True,Paragraph,lettered_or_numbered,0.55,lettered_or_numbered_paragraph_marker,,4,bridgeport-connecticut-afe7c678fa5dfc85-node-001255
bridgeport-connecticut-afe7c678fa5dfc85,236,18,0,(6) Official Sign. Any sign installed by the city or a,333.45001220703125,406.7544250488281,547.592041015625,420.50091552734375,9.5,ProximaNova-Bold | ProximaNova-Light,20,612.0,792.0,(6) Official Sign. Any sign installed by the city or a,False,True,Paragraph,lettered_or_numbered,0.55,lettered_or_numbered_paragraph_marker,,4,bridgeport-connecticut-afe7c678fa5dfc85-node-001256
bridgeport-connecticut-afe7c678fa5dfc85,236,21,0,(7) On-Premises Sign. Any sign that is located on,333.45001220703125,451.7544250488281,545.0169677734375,465.50091552734375,9.5,ProximaNova-Bold | ProximaNova-Light,20,612.0,792.0,(7) On-Premises Sign. Any sign that is located on,False,True,Paragraph,lettered_or_numbered,0.55,lettered_or_numbered_paragraph_marker,,4,bridgeport-connecticut-afe7c678fa5dfc85-node-001257
bridgeport-connecticut-afe7c678fa5dfc85,236,22,0,"(4) Height, Sign. See 9.110.2 .",58.5,463.7544250488281,181.39151000976562,477.50091552734375,9.5,ProximaNova-Bold | ProximaNova-Light,20,612.0,792.0,"(4) Height, Sign. See 9.110.2 .",False,True,Paragraph,lettered_or_numbered,0.55,lettered_or_numbered_paragraph_marker,,4,bridgeport-connecticut-afe7c678fa5dfc85-node-001258
bridgeport-connecticut-afe7c678fa5dfc85,236,23,0,"(5) Inflatable Sign. Any sign, advertising device, or",58.5,484.7544250488281,274.8448791503906,498.50091552734375,9.5,ProximaNova-Bold | ProximaNova-Light,20,612.0,792.0,"(5) Inflatable Sign. Any sign, advertising device, or",False,True,Paragraph,lettered_or_numbered,0.55,lettered_or_numbered_paragraph_marker,,4,bridgeport-connecticut-afe7c678fa5dfc85-node-001259
bridgeport-connecticut-afe7c678fa5dfc85,236,25,0,(8) Outdoor Advertising Sign. Any sign that is visible,333.45001220703125,508.75439453125,559.8042602539062,522.5008544921875,9.5,ProximaNova-Bold | ProximaNova-Light,20,612.0,792.0,(8) Outdoor Advertising Sign. Any sign that is visible,False,True,Paragraph,lettered_or_numbered,0.55,lettered_or_numbered_paragraph_marker,,4,bridgeport-connecticut-afe7c678fa5dfc85-node-001260
bridgeport-connecticut-afe7c678fa5dfc85,236,27,0,"C. Terms Beginning with ""K"" Through ""O""",40.5,541.75439453125,225.24876403808594,555.5008544921875,9.5,ProximaNova-Bold,20,612.0,792.0,"C. Terms Beginning with ""K"" Through ""O""",False,True,Paragraph,lettered_or_numbered,0.55,lettered_or_numbered_paragraph_marker,,4,bridgeport-connecticut-afe7c678fa5dfc85-node-001261
bridgeport-connecticut-afe7c678fa5dfc85,236,29,0,"D. Terms Beginning with ""P"" Through ""T""",315.45001220703125,589.75439453125,498.5030517578125,603.5008544921875,9.5,ProximaNova-Bold,20,612.0,792.0,"D. Terms Beginning with ""P"" Through ""T""",False,True,Paragraph,lettered_or_numbered,0.55,lettered_or_numbered_paragraph_marker,,4,bridgeport-connecticut-afe7c678fa5dfc85-node-001262
bridgeport-connecticut-afe7c678fa5dfc85,236,31,0,"(2) Marquee sign. A sign painted on, attached to, or",58.5,619.75439453125,280.17529296875,633.5008544921875,9.5,ProximaNova-Bold | ProximaNova-Light,20,612.0,792.0,"(2) Marquee sign. A sign painted on, attached to, or",False,True,Paragraph,lettered_or_numbered,0.55,lettered_or_numbered_paragraph_marker,,4,bridgeport-connecticut-afe7c678fa5dfc85-node-001263
bridgeport-connecticut-afe7c678fa5dfc85,237,1,0,"E. Terms Beginning with ""U"" Through ""Z""",319.95001220703125,82.75437927246094,504.0860595703125,96.50088500976562,9.5,ProximaNova-Bold,20,612.0,792.0,"E. Terms Beginning with ""U"" Through ""Z""",False,True,Paragraph,lettered_or_numbered,0.55,lettered_or_numbered_paragraph_marker,,4,bridgeport-connecticut-afe7c678fa5dfc85-node-001264
bridgeport-connecticut-afe7c678fa5dfc85,237,2,0,(2) Projecting Sign. A sign that is affixed to a building,63.0,83.75437927246094,290.6884460449219,97.50088500976562,9.5,ProximaNova-Bold | ProximaNova-Light,20,612.0,792.0,(2) Projecting Sign. A sign that is affixed to a building,False,True,Paragraph,lettered_or_numbered,0.55,lettered_or_numbered_paragraph_marker,,4,bridgeport-connecticut-afe7c678fa5dfc85-node-001265
bridgeport-connecticut-afe7c678fa5dfc85,237,4,0,"(3) Roof Sign. Any on-premises sign that is painted,",63.0,140.75437927246094,282.177001953125,154.50088500976562,9.5,ProximaNova-Bold | ProximaNova-Light,20,612.0,792.0,"(3) Roof Sign. Any on-premises sign that is painted,",False,True,Paragraph,lettered_or_numbered,0.55,lettered_or_numbered_paragraph_marker,,4,bridgeport-connecticut-afe7c678fa5dfc85-node-001266
bridgeport-connecticut-afe7c678fa5dfc85,237,6,0,(4) Scoreboard. A sign contained within an athletic,63.0,233.75437927246094,279.0361328125,247.50088500976562,9.5,ProximaNova-Bold | ProximaNova-Light,20,612.0,792.0,(4) Scoreboard. A sign contained within an athletic,False,True,Paragraph,lettered_or_numbered,0.55,lettered_or_numbered_paragraph_marker,,4,bridgeport-connecticut-afe7c678fa5dfc85-node-001267
bridgeport-connecticut-afe7c678fa5dfc85,237,8,0,"(2) Wall Sign. A sign affixed to a building wall, canopy,",337.95001220703125,256.75439453125,568.0057983398438,270.5008850097656,9.5,ProximaNova-Bold | ProximaNova-Light,20,612.0,792.0,"(2) Wall Sign. A sign affixed to a building wall, canopy,",False,True,Paragraph,lettered_or_numbered,0.55,lettered_or_numbered_paragraph_marker,,4,bridgeport-connecticut-afe7c678fa5dfc85-node-001268
bridgeport-connecticut-afe7c678fa5dfc85,237,10,0,"(5) Sidewalk Sign. A small portable sign, typically in",63.0,278.7544250488281,283.2122497558594,292.50091552734375,9.5,ProximaNova-Bold | ProximaNova-Light,20,612.0,792.0,"(5) Sidewalk Sign. A small portable sign, typically in",False,True,Paragraph,lettered_or_numbered,0.55,lettered_or_numbered_paragraph_marker,,4,bridgeport-connecticut-afe7c678fa5dfc85-node-001269
bridgeport-connecticut-afe7c678fa5dfc85,237,13,0,"(6) Sign. An outdoor display, device, figure, painting,",63.0,335.7544250488281,285.10711669921875,349.50091552734375,9.5,ProximaNova-Bold | ProximaNova-Light,20,612.0,792.0,"(6) Sign. An outdoor display, device, figure, painting,",False,True,Paragraph,lettered_or_numbered,0.55,lettered_or_numbered_paragraph_marker,,4,bridgeport-connecticut-afe7c678fa5dfc85-node-001270
bridgeport-connecticut-afe7c678fa5dfc85,237,14,0,"(3) Wind-Blown Device. Any device, whether or not",337.95001220703125,337.7544250488281,558.7890014648438,351.50091552734375,9.5,ProximaNova-Bold | ProximaNova-Light,20,612.0,792.0,"(3) Wind-Blown Device. Any device, whether or not",False,True,Paragraph,lettered_or_numbered,0.55,lettered_or_numbered_paragraph_marker,,4,bridgeport-connecticut-afe7c678fa5dfc85-node-001271
bridgeport-connecticut-afe7c678fa5dfc85,237,17,0,"(7) Sign Face Area. The area of the smallest square,",63.0,392.7544250488281,286.2770080566406,406.50091552734375,9.5,ProximaNova-Bold | ProximaNova-Light,20,612.0,792.0,"(7) Sign Face Area. The area of the smallest square,",False,True,Paragraph,lettered_or_numbered,0.55,lettered_or_numbered_paragraph_marker,,4,bridgeport-connecticut-afe7c678fa5dfc85-node-001272
bridgeport-connecticut-afe7c678fa5dfc85,237,19,0,(8) Suspended Sign. A sign attached to the underside,63.0,437.7544250488281,293.7001647949219,451.50091552734375,9.5,ProximaNova-Bold | ProximaNova-Light,20,612.0,792.0,(8) Suspended Sign. A sign attached to the underside,False,True,Paragraph,lettered_or_numbered,0.55,lettered_or_numbered_paragraph_marker,,4,bridgeport-connecticut-afe7c678fa5dfc85-node-001273
bridgeport-connecticut-afe7c678fa5dfc85,237,21,0,(9) Temporary Signs. Any sign of a non-permanent,63.0,482.7544250488281,280.352294921875,496.50091552734375,9.5,ProximaNova-Bold | ProximaNova-Light,20,612.0,792.0,(9) Temporary Signs. Any sign of a non-permanent,False,True,Paragraph,lettered_or_numbered,0.55,lettered_or_numbered_paragraph_marker,,4,bridgeport-connecticut-afe7c678fa5dfc85-node-001274
bridgeport-connecticut-afe7c678fa5dfc85,237,23,0,"(10) Trailer Sign. Any sign whether on its own trailer,",63.0,539.75439453125,281.17919921875,553.5008544921875,9.5,ProximaNova-Bold | ProximaNova-Light,20,612.0,792.0,"(10) Trailer Sign. Any sign whether on its own trailer,",False,True,Paragraph,lettered_or_numbered,0.55,lettered_or_numbered_paragraph_marker,,4,bridgeport-connecticut-afe7c678fa5dfc85-node-001275
bridgeport-connecticut-afe7c678fa5dfc85,238,1,0,B. Signs located in such a manner as to constitute a,315.45001220703125,82.75437927246094,538.0801391601562,96.50088500976562,9.5,ProximaNova-Bold | ProximaNova-Light,20,612.0,792.0,B. Signs located in such a manner as to constitute a,False,True,Paragraph,lettered_or_numbered,0.55,lettered_or_numbered_paragraph_marker,,4,bridgeport-connecticut-afe7c678fa5dfc85-node-001276
bridgeport-connecticut-afe7c678fa5dfc85,238,4,0,C. Signs erected within a public right-of-way without the,315.45001220703125,115.75437927246094,553.7645874023438,129.50088500976562,9.5,ProximaNova-Bold | ProximaNova-Light,20,612.0,792.0,C. Signs erected within a public right-of-way without the,False,True,Paragraph,lettered_or_numbered,0.55,lettered_or_numbered_paragraph_marker,,4,bridgeport-connecticut-afe7c678fa5dfc85-node-001277
bridgeport-connecticut-afe7c678fa5dfc85,238,7,0,D. Signs erected without the permission of the subject,315.45001220703125,148.75437927246094,547.485107421875,162.50088500976562,9.5,ProximaNova-Bold | ProximaNova-Light,20,612.0,792.0,D. Signs erected without the permission of the subject,False,True,Paragraph,lettered_or_numbered,0.55,lettered_or_numbered_paragraph_marker,,4,bridgeport-connecticut-afe7c678fa5dfc85-node-001278
bridgeport-connecticut-afe7c678fa5dfc85,238,9,0,"E. Search lights, strobe lights, rotating beacon lights,",315.45001220703125,181.75437927246094,540.2555541992188,195.50088500976562,9.5,ProximaNova-Bold | ProximaNova-Light,20,612.0,792.0,"E. Search lights, strobe lights, rotating beacon lights,",False,True,Paragraph,lettered_or_numbered,0.55,lettered_or_numbered_paragraph_marker,,4,bridgeport-connecticut-afe7c678fa5dfc85-node-001279
bridgeport-connecticut-afe7c678fa5dfc85,238,13,0,"G. Signs that obstruct any fire escape, required exit,",315.45001220703125,283.7544250488281,536.892578125,297.50091552734375,9.5,ProximaNova-Bold | ProximaNova-Light,20,612.0,792.0,"G. Signs that obstruct any fire escape, required exit,",False,True,Paragraph,lettered_or_numbered,0.55,lettered_or_numbered_paragraph_marker,,4,bridgeport-connecticut-afe7c678fa5dfc85-node-001280
bridgeport-connecticut-afe7c678fa5dfc85,238,16,0,H. Signs that interfere with an opening required for,315.45001220703125,316.7544250488281,533.47265625,330.50091552734375,9.5,ProximaNova-Bold | ProximaNova-Light,20,612.0,792.0,H. Signs that interfere with an opening required for,False,True,Paragraph,lettered_or_numbered,0.55,lettered_or_numbered_paragraph_marker,,4,bridgeport-connecticut-afe7c678fa5dfc85-node-001281
bridgeport-connecticut-afe7c678fa5dfc85,238,19,0,A. Street address displays and building identification,40.5,381.7294006347656,265.0490417480469,395.47589111328125,9.5,ProximaNova-Bold | ProximaNova-Light,20,612.0,792.0,A. Street address displays and building identification,False,True,Paragraph,lettered_or_numbered,0.55,lettered_or_numbered_paragraph_marker,,4,bridgeport-connecticut-afe7c678fa5dfc85-node-001282
bridgeport-connecticut-afe7c678fa5dfc85,238,22,0,B. Cemetery stones and markings of individual graves or,40.5,426.7294006347656,282.947021484375,440.47589111328125,9.5,ProximaNova-Bold | ProximaNova-Light,20,612.0,792.0,B. Cemetery stones and markings of individual graves or,False,True,Paragraph,lettered_or_numbered,0.55,lettered_or_numbered_paragraph_marker,,4,bridgeport-connecticut-afe7c678fa5dfc85-node-001283
bridgeport-connecticut-afe7c678fa5dfc85,238,25,0,"C. Holiday decorations, provided that they are removed",40.5,459.7294006347656,278.5865173339844,473.47589111328125,9.5,ProximaNova-Bold | ProximaNova-Light,20,612.0,792.0,"C. Holiday decorations, provided that they are removed",False,True,Paragraph,lettered_or_numbered,0.55,lettered_or_numbered_paragraph_marker,,4,bridgeport-connecticut-afe7c678fa5dfc85-node-001284
bridgeport-connecticut-afe7c678fa5dfc85,238,26,0,K. Illuminated sign displays with a brightness or intensity,315.45001220703125,463.7544250488281,556.01611328125,477.50091552734375,9.5,ProximaNova-Bold | ProximaNova-Light,20,612.0,792.0,K. Illuminated sign displays with a brightness or intensity,False,True,Paragraph,lettered_or_numbered,0.55,lettered_or_numbered_paragraph_marker,,4,bridgeport-connecticut-afe7c678fa5dfc85-node-001285
bridgeport-connecticut-afe7c678fa5dfc85,238,29,0,D. Signs located within a building more than 3 feet inside,40.5,492.7294006347656,284.2294921875,506.47589111328125,9.5,ProximaNova-Bold | ProximaNova-Light,20,612.0,792.0,D. Signs located within a building more than 3 feet inside,False,True,Paragraph,lettered_or_numbered,0.55,lettered_or_numbered_paragraph_marker,,4,bridgeport-connecticut-afe7c678fa5dfc85-node-001286
bridgeport-connecticut-afe7c678fa5dfc85,238,32,0,E. Murals on building walls that contain no commercial,40.5,537.7294311523438,273.32342529296875,551.4758911132812,9.5,ProximaNova-Bold | ProximaNova-Light,20,612.0,792.0,E. Murals on building walls that contain no commercial,False,True,Paragraph,lettered_or_numbered,0.55,lettered_or_numbered_paragraph_marker,,4,bridgeport-connecticut-afe7c678fa5dfc85-node-001287
bridgeport-connecticut-afe7c678fa5dfc85,238,33,0,M. Signs located on city-owned property that are not,315.45001220703125,541.75439453125,540.01806640625,555.5008544921875,9.5,ProximaNova-Bold | ProximaNova-Light,20,612.0,792.0,M. Signs located on city-owned property that are not,False,True,Paragraph,lettered_or_numbered,0.55,lettered_or_numbered_paragraph_marker,,4,bridgeport-connecticut-afe7c678fa5dfc85-node-001288
bridgeport-connecticut-afe7c678fa5dfc85,238,37,0,N. Signs in violation of intersection visibility requirements;,315.45001220703125,586.75439453125,559.8823852539062,600.5008544921875,9.5,ProximaNova-Bold | ProximaNova-Light,20,612.0,792.0,N. Signs in violation of intersection visibility requirements;,False,True,Paragraph,lettered_or_numbered,0.55,lettered_or_numbered_paragraph_marker,,4,bridgeport-connecticut-afe7c678fa5dfc85-node-001289
bridgeport-connecticut-afe7c678fa5dfc85,238,38,0,G. Scoreboards that are part of a public or private,40.5,591.7294311523438,253.92442321777344,605.4758911132812,9.5,ProximaNova-Bold | ProximaNova-Light,20,612.0,792.0,G. Scoreboards that are part of a public or private,False,True,Paragraph,lettered_or_numbered,0.55,lettered_or_numbered_paragraph_marker,,4,bridgeport-connecticut-afe7c678fa5dfc85-node-001290
bridgeport-connecticut-afe7c678fa5dfc85,238,40,0,O. Mobile billboards;,315.45001220703125,607.75439453125,406.15350341796875,621.5008544921875,9.5,ProximaNova-Bold | ProximaNova-Light,20,612.0,792.0,O. Mobile billboards;,False,True,Paragraph,lettered_or_numbered,0.55,lettered_or_numbered_paragraph_marker,,4,bridgeport-connecticut-afe7c678fa5dfc85-node-001291
bridgeport-connecticut-afe7c678fa5dfc85,238,41,0,H. Traffic control signs and devices installed under the,40.5,624.7294311523438,272.26904296875,638.4758911132812,9.5,ProximaNova-Bold | ProximaNova-Light,20,612.0,792.0,H. Traffic control signs and devices installed under the,False,True,Paragraph,lettered_or_numbered,0.55,lettered_or_numbered_paragraph_marker,,4,bridgeport-connecticut-afe7c678fa5dfc85-node-001292
bridgeport-connecticut-afe7c678fa5dfc85,238,44,0,Q. Trailer signs; and,315.45001220703125,649.75439453125,402.6480407714844,663.5008544921875,9.5,ProximaNova-Bold | ProximaNova-Light,20,612.0,792.0,Q. Trailer signs; and,False,True,Paragraph,lettered_or_numbered,0.55,lettered_or_numbered_paragraph_marker,,4,bridgeport-connecticut-afe7c678fa5dfc85-node-001293
bridgeport-connecticut-afe7c678fa5dfc85,238,46,0,R. Derelict signs.,315.45001220703125,670.75439453125,391.26702880859375,684.5008544921875,9.5,ProximaNova-Bold | ProximaNova-Light,20,612.0,792.0,R. Derelict signs.,False,True,Paragraph,lettered_or_numbered,0.55,lettered_or_numbered_paragraph_marker,,4,bridgeport-connecticut-afe7c678fa5dfc85-node-001294
bridgeport-connecticut-afe7c678fa5dfc85,238,47,0,A. Signs for which a required permit has not been issued,40.5,690.7294311523438,283.88751220703125,704.4758911132812,9.5,ProximaNova-Bold | ProximaNova-Light,20,612.0,792.0,A. Signs for which a required permit has not been issued,False,True,Paragraph,lettered_or_numbered,0.55,lettered_or_numbered_paragraph_marker,,4,bridgeport-connecticut-afe7c678fa5dfc85-node-001295
bridgeport-connecticut-afe7c678fa5dfc85,238,48,0,S. Signs that advertise products that contain cannabis or,315.45001220703125,691.75439453125,556.8140869140625,705.5008544921875,9.5,ProximaNova-Bold | ProximaNova-Light,20,612.0,792.0,S. Signs that advertise products that contain cannabis or,False,True,Paragraph,lettered_or_numbered,0.55,lettered_or_numbered_paragraph_marker,,4,bridgeport-connecticut-afe7c678fa5dfc85-node-001296
bridgeport-connecticut-afe7c678fa5dfc85,239,1,0,"B. Except for authorized electronic message displays, the",319.95001220703125,82.75437927246094,564.95263671875,96.50088500976562,9.5,ProximaNova-Bold | ProximaNova-Light,20,612.0,792.0,"B. Except for authorized electronic message displays, the",False,True,Paragraph,lettered_or_numbered,0.55,lettered_or_numbered_paragraph_marker,,4,bridgeport-connecticut-afe7c678fa5dfc85-node-001297
bridgeport-connecticut-afe7c678fa5dfc85,239,4,0,A. Wall and projecting signs mounted on walls of a building,44.82809829711914,128.14939880371094,297.3641052246094,141.89590454101562,9.5,ProximaNova-Bold | ProximaNova-Light,20,612.0,792.0,A. Wall and projecting signs mounted on walls of a building,False,True,Paragraph,lettered_or_numbered,0.55,lettered_or_numbered_paragraph_marker,,4,bridgeport-connecticut-afe7c678fa5dfc85-node-001298
bridgeport-connecticut-afe7c678fa5dfc85,239,6,0,"B. Sidewalk signs in DX and MX zones, subject to the",44.82809829711914,161.14939880371094,274.2790832519531,174.89590454101562,9.5,ProximaNova-Bold | ProximaNova-Light,20,612.0,792.0,"B. Sidewalk signs in DX and MX zones, subject to the",False,True,Paragraph,lettered_or_numbered,0.55,lettered_or_numbered_paragraph_marker,,4,bridgeport-connecticut-afe7c678fa5dfc85-node-001299
bridgeport-connecticut-afe7c678fa5dfc85,239,10,0,(2) Sidewalk signs may not exceed 8 square feet in,62.82809829711914,227.14939880371094,280.3851013183594,240.2783966064453,9.5,ProximaNova-Light,4,612.0,792.0,(2) Sidewalk signs may not exceed 8 square feet in,False,False,Paragraph,lettered_or_numbered,0.55,lettered_or_numbered_paragraph_marker,,4,bridgeport-connecticut-afe7c678fa5dfc85-node-001300
bridgeport-connecticut-afe7c678fa5dfc85,239,12,0,(3) A ballast must be installed at the base of the sign to,62.82809829711914,260.1494140625,296.8106384277344,273.2784118652344,9.5,ProximaNova-Light,4,612.0,792.0,(3) A ballast must be installed at the base of the sign to,False,False,Paragraph,lettered_or_numbered,0.55,lettered_or_numbered_paragraph_marker,,4,bridgeport-connecticut-afe7c678fa5dfc85-node-001301
bridgeport-connecticut-afe7c678fa5dfc85,239,15,0,(4) Sidewalk signs may not be placed:,62.82809829711914,293.1494140625,223.61306762695312,306.2784118652344,9.5,ProximaNova-Light,4,612.0,792.0,(4) Sidewalk signs may not be placed:,False,False,Paragraph,lettered_or_numbered,0.55,lettered_or_numbered_paragraph_marker,,4,bridgeport-connecticut-afe7c678fa5dfc85-node-001302
bridgeport-connecticut-afe7c678fa5dfc85,239,20,0,(5) Sidewalk signs may be displayed only during the,62.82809829711914,443.1494140625,284.3656311035156,456.2784118652344,9.5,ProximaNova-Light,4,612.0,792.0,(5) Sidewalk signs may be displayed only during the,False,False,Paragraph,lettered_or_numbered,0.55,lettered_or_numbered_paragraph_marker,,4,bridgeport-connecticut-afe7c678fa5dfc85-node-001303
bridgeport-connecticut-afe7c678fa5dfc85,239,22,0,C. Banners attached to light or utility poles in a city right of,44.82809829711914,488.1494140625,294.13409423828125,501.8959045410156,9.5,ProximaNova-Bold | ProximaNova-Light,20,612.0,792.0,C. Banners attached to light or utility poles in a city right of,False,True,Paragraph,lettered_or_numbered,0.55,lettered_or_numbered_paragraph_marker,,4,bridgeport-connecticut-afe7c678fa5dfc85-node-001304
bridgeport-connecticut-afe7c678fa5dfc85,239,24,0,"D. Any other sign specifically authorized by the city council,",44.82809829711914,521.1494140625,297.8200988769531,534.8958740234375,9.5,ProximaNova-Bold | ProximaNova-Light,20,612.0,792.0,"D. Any other sign specifically authorized by the city council,",False,True,Paragraph,lettered_or_numbered,0.55,lettered_or_numbered_paragraph_marker,,4,bridgeport-connecticut-afe7c678fa5dfc85-node-001305
bridgeport-connecticut-afe7c678fa5dfc85,239,27,2,A. The lighting or illumination of any sign must be,44.82809829711914,647.1494140625,257.0365905761719,660.8958740234375,9.5,ProximaNova-Bold | ProximaNova-Light,20,612.0,792.0,A. The lighting or illumination of any sign must be,False,True,Paragraph,lettered_or_numbered,0.55,lettered_or_numbered_paragraph_marker,,4,bridgeport-connecticut-afe7c678fa5dfc85-node-001306
bridgeport-connecticut-afe7c678fa5dfc85,240,1,0,B. Projecting Flags. Flags may be flown from a pole,315.45001220703125,82.75437927246094,540.2412109375,96.50088500976562,9.5,ProximaNova-Bold | ProximaNova-Light,20,612.0,792.0,B. Projecting Flags. Flags may be flown from a pole,False,True,Paragraph,lettered_or_numbered,0.55,lettered_or_numbered_paragraph_marker,,4,bridgeport-connecticut-afe7c678fa5dfc85-node-001307
bridgeport-connecticut-afe7c678fa5dfc85,240,5,0,"C. Window Flags. Flags may be hung in windows, subject",315.45001220703125,151.75437927246094,563.4500732421875,165.50088500976562,9.5,ProximaNova-Bold | ProximaNova-Light,20,612.0,792.0,"C. Window Flags. Flags may be hung in windows, subject",False,True,Paragraph,lettered_or_numbered,0.55,lettered_or_numbered_paragraph_marker,,4,bridgeport-connecticut-afe7c678fa5dfc85-node-001308
bridgeport-connecticut-afe7c678fa5dfc85,240,9,0,A. Location. Signs appurtenant to drive-through facilities,315.45001220703125,241.75437927246094,556.6807250976562,255.50088500976562,9.5,ProximaNova-Bold | ProximaNova-Light,20,612.0,792.0,A. Location. Signs appurtenant to drive-through facilities,False,True,Paragraph,lettered_or_numbered,0.55,lettered_or_numbered_paragraph_marker,,4,bridgeport-connecticut-afe7c678fa5dfc85-node-001309
bridgeport-connecticut-afe7c678fa5dfc85,240,11,0,B. Number and Dimensions. One primary drive-through,315.45001220703125,274.7544250488281,556.681396484375,288.50091552734375,9.5,ProximaNova-Bold | ProximaNova-Light,20,612.0,792.0,B. Number and Dimensions. One primary drive-through,False,True,Paragraph,lettered_or_numbered,0.55,lettered_or_numbered_paragraph_marker,,4,bridgeport-connecticut-afe7c678fa5dfc85-node-001310
bridgeport-connecticut-afe7c678fa5dfc85,240,15,0,C. Residential Separation. Signs appurtenant to drive-,315.45001220703125,355.7544250488281,547.2233276367188,369.50091552734375,9.5,ProximaNova-Bold | ProximaNova-Light,20,612.0,792.0,C. Residential Separation. Signs appurtenant to drive-,False,True,Paragraph,lettered_or_numbered,0.55,lettered_or_numbered_paragraph_marker,,4,bridgeport-connecticut-afe7c678fa5dfc85-node-001311
bridgeport-connecticut-afe7c678fa5dfc85,240,17,2,A. One sign may be installed at each driveway serving,40.5,387.7294006347656,273.52301025390625,401.47589111328125,9.5,ProximaNova-Bold | ProximaNova-Light,20,612.0,792.0,A. One sign may be installed at each driveway serving,False,True,Paragraph,lettered_or_numbered,0.55,lettered_or_numbered_paragraph_marker,,4,bridgeport-connecticut-afe7c678fa5dfc85-node-001312
bridgeport-connecticut-afe7c678fa5dfc85,240,18,0,D. Visibility. Drive-through signs must be oriented to be,315.45001220703125,400.7544250488281,554.723388671875,414.50091552734375,9.5,ProximaNova-Bold | ProximaNova-Light,20,612.0,792.0,D. Visibility. Drive-through signs must be oriented to be,False,True,Paragraph,lettered_or_numbered,0.55,lettered_or_numbered_paragraph_marker,,4,bridgeport-connecticut-afe7c678fa5dfc85-node-001313
bridgeport-connecticut-afe7c678fa5dfc85,240,21,0,B. Off-street parking areas with a capacity of more than,40.5,480.7294006347656,277.0949401855469,494.47589111328125,9.5,ProximaNova-Bold | ProximaNova-Light,20,612.0,792.0,B. Off-street parking areas with a capacity of more than,False,True,Paragraph,lettered_or_numbered,0.55,lettered_or_numbered_paragraph_marker,,4,bridgeport-connecticut-afe7c678fa5dfc85-node-001314
bridgeport-connecticut-afe7c678fa5dfc85,240,27,0,A. Pole Flags. A flag may be displayed from a purpose-,40.5,654.7294311523438,276.09295654296875,668.4758911132812,9.5,ProximaNova-Bold | ProximaNova-Light,20,612.0,792.0,A. Pole Flags. A flag may be displayed from a purpose-,False,True,Paragraph,lettered_or_numbered,0.55,lettered_or_numbered_paragraph_marker,,4,bridgeport-connecticut-afe7c678fa5dfc85-node-001315
bridgeport-connecticut-afe7c678fa5dfc85,240,28,0,"A. N and NX Zones. In N and NX zones, up to one sign",315.4501037597656,664.75439453125,553.98046875,678.5008544921875,9.5,ProximaNova-Bold | ProximaNova-Light,20,612.0,792.0,"A. N and NX Zones. In N and NX zones, up to one sign",False,True,Paragraph,lettered_or_numbered,0.55,lettered_or_numbered_paragraph_marker,,4,bridgeport-connecticut-afe7c678fa5dfc85-node-001316
bridgeport-connecticut-afe7c678fa5dfc85,241,3,0,"B. Zones other than N, and NX. In all zones other than",45.0,115.75437927246094,282.6573181152344,129.50088500976562,9.5,ProximaNova-Bold | ProximaNova-Light,20,612.0,792.0,"B. Zones other than N, and NX. In all zones other than",False,True,Paragraph,lettered_or_numbered,0.55,lettered_or_numbered_paragraph_marker,,4,bridgeport-connecticut-afe7c678fa5dfc85-node-001317
bridgeport-connecticut-afe7c678fa5dfc85,241,5,4,9.30 ). All other sign types are prohibited.,319.95001220703125,174.7294158935547,487.04541015625,187.85841369628906,9.5,ProximaNova-Light,4,612.0,792.0,9.30 ). All other sign types are prohibited.,False,False,Section,section,0.6,decimal_pattern=section (N.MM),9.30,2,bridgeport-connecticut-afe7c678fa5dfc85-node-001318
bridgeport-connecticut-afe7c678fa5dfc85,241,7,2,A. Signs on N- or NX-zoned lots may be illuminated only by,319.95001220703125,207.7294158935547,573.13134765625,221.47592163085938,9.5,ProximaNova-Bold | ProximaNova-Light,20,612.0,792.0,A. Signs on N- or NX-zoned lots may be illuminated only by,False,True,Paragraph,lettered_or_numbered,0.55,lettered_or_numbered_paragraph_marker,,4,bridgeport-connecticut-afe7c678fa5dfc85-node-001319
bridgeport-connecticut-afe7c678fa5dfc85,241,8,0,C. Exceptions. Exceptions to the temporary sign number,45.0,208.75437927246094,287.0664367675781,222.50088500976562,9.5,ProximaNova-Bold | ProximaNova-Light,20,612.0,792.0,C. Exceptions. Exceptions to the temporary sign number,False,True,Paragraph,lettered_or_numbered,0.55,lettered_or_numbered_paragraph_marker,,4,bridgeport-connecticut-afe7c678fa5dfc85-node-001320
bridgeport-connecticut-afe7c678fa5dfc85,241,11,0,B. Electronic message displays are expressly prohibited in,319.95001220703125,252.7294158935547,568.7620849609375,266.4759216308594,9.5,ProximaNova-Bold | ProximaNova-Light,20,612.0,792.0,B. Electronic message displays are expressly prohibited in,False,True,Paragraph,lettered_or_numbered,0.55,lettered_or_numbered_paragraph_marker,,4,bridgeport-connecticut-afe7c678fa5dfc85-node-001321
bridgeport-connecticut-afe7c678fa5dfc85,241,15,0,"A. When a federal, state or local law requires a property",45.0,346.7544250488281,284.2834777832031,360.50091552734375,9.5,ProximaNova-Bold | ProximaNova-Light,20,612.0,792.0,"A. When a federal, state or local law requires a property",False,True,Paragraph,lettered_or_numbered,0.55,lettered_or_numbered_paragraph_marker,,4,bridgeport-connecticut-afe7c678fa5dfc85-node-001322
bridgeport-connecticut-afe7c678fa5dfc85,241,27,0,B. Official notices or advertisements posted or displayed,45.0,475.7544250488281,287.1905212402344,489.50091552734375,9.5,ProximaNova-Bold | ProximaNova-Light,20,612.0,792.0,B. Official notices or advertisements posted or displayed,False,True,Paragraph,lettered_or_numbered,0.55,lettered_or_numbered_paragraph_marker,,4,bridgeport-connecticut-afe7c678fa5dfc85-node-001323
bridgeport-connecticut-afe7c678fa5dfc85,242,3,2,A. Permitted as of Right. The following signs are,315.45001220703125,162.7294158935547,527.7787475585938,176.47592163085938,9.5,ProximaNova-Bold | ProximaNova-Light,20,612.0,792.0,A. Permitted as of Right. The following signs are,False,True,Paragraph,lettered_or_numbered,0.55,lettered_or_numbered_paragraph_marker,,4,bridgeport-connecticut-afe7c678fa5dfc85-node-001324
bridgeport-connecticut-afe7c678fa5dfc85,242,8,0,(2) Projecting signs;,333.45001220703125,240.7294158935547,418.7005310058594,253.85841369628906,9.5,ProximaNova-Light,4,612.0,792.0,(2) Projecting signs;,False,False,Paragraph,lettered_or_numbered,0.55,lettered_or_numbered_paragraph_marker,,4,bridgeport-connecticut-afe7c678fa5dfc85-node-001325
bridgeport-connecticut-afe7c678fa5dfc85,242,9,0,(3) Freestanding signs.,333.45001220703125,261.72943115234375,431.5255432128906,274.8584289550781,9.5,ProximaNova-Light,4,612.0,792.0,(3) Freestanding signs.,False,False,Paragraph,lettered_or_numbered,0.55,lettered_or_numbered_paragraph_marker,,4,bridgeport-connecticut-afe7c678fa5dfc85-node-001326
bridgeport-connecticut-afe7c678fa5dfc85,242,12,0,B. Special Permit Approval. The following signs may be,315.45001220703125,282.7294006347656,557.3556518554688,296.47589111328125,9.5,ProximaNova-Bold | ProximaNova-Light,20,612.0,792.0,B. Special Permit Approval. The following signs may be,False,True,Paragraph,lettered_or_numbered,0.55,lettered_or_numbered_paragraph_marker,,4,bridgeport-connecticut-afe7c678fa5dfc85-node-001327
bridgeport-connecticut-afe7c678fa5dfc85,242,15,0,(2) Outdoor advertising signs.,333.45001220703125,348.7294006347656,459.4555358886719,361.8583984375,9.5,ProximaNova-Light,4,612.0,792.0,(2) Outdoor advertising signs.,False,False,Paragraph,lettered_or_numbered,0.55,lettered_or_numbered_paragraph_marker,,4,bridgeport-connecticut-afe7c678fa5dfc85-node-001328
bridgeport-connecticut-afe7c678fa5dfc85,242,17,2,"A. Signs on DX-, MX-, CX-, RX-, IX-, I, and P-zoned lots may",315.45001220703125,381.7294006347656,564.8238525390625,395.47589111328125,9.5,ProximaNova-Bold | ProximaNova-Light,20,612.0,792.0,"A. Signs on DX-, MX-, CX-, RX-, IX-, I, and P-zoned lots may",False,True,Paragraph,lettered_or_numbered,0.55,lettered_or_numbered_paragraph_marker,,4,bridgeport-connecticut-afe7c678fa5dfc85-node-001329
bridgeport-connecticut-afe7c678fa5dfc85,242,20,0,"B. Electronic displays in DX, MX, CX, RX, IX, I, and P zones",315.45001220703125,426.7294006347656,565.231201171875,440.47589111328125,9.5,ProximaNova-Bold | ProximaNova-Light,20,612.0,792.0,"B. Electronic displays in DX, MX, CX, RX, IX, I, and P zones",False,True,Paragraph,lettered_or_numbered,0.55,lettered_or_numbered_paragraph_marker,,4,bridgeport-connecticut-afe7c678fa5dfc85-node-001330
bridgeport-connecticut-afe7c678fa5dfc85,242,22,2,A. Where allowed. Wall signs and projecting signs are,315.45001220703125,471.7294006347656,548.4398193359375,485.47589111328125,9.5,ProximaNova-Bold | ProximaNova-Light,20,612.0,792.0,A. Where allowed. Wall signs and projecting signs are,False,True,Paragraph,lettered_or_numbered,0.55,lettered_or_numbered_paragraph_marker,,4,bridgeport-connecticut-afe7c678fa5dfc85-node-001331
bridgeport-connecticut-afe7c678fa5dfc85,242,26,0,B. Maximum Sign Area. The total aggregate area of all,315.45001220703125,516.7293701171875,552.891357421875,530.475830078125,9.5,ProximaNova-Bold | ProximaNova-Light,20,612.0,792.0,B. Maximum Sign Area. The total aggregate area of all,False,True,Paragraph,lettered_or_numbered,0.55,lettered_or_numbered_paragraph_marker,,4,bridgeport-connecticut-afe7c678fa5dfc85-node-001332
bridgeport-connecticut-afe7c678fa5dfc85,242,29,0,(2) The total aggregate area of all wall signs on an,333.45001220703125,630.7294311523438,547.359130859375,643.8583984375,9.5,ProximaNova-Light,4,612.0,792.0,(2) The total aggregate area of all wall signs on an,False,False,Paragraph,lettered_or_numbered,0.55,lettered_or_numbered_paragraph_marker,,4,bridgeport-connecticut-afe7c678fa5dfc85-node-001333
bridgeport-connecticut-afe7c678fa5dfc85,243,5,2,A. Where allowed. Freestanding signs are permitted as of,319.95001220703125,127.75437927246094,568.7288818359375,141.50088500976562,9.5,ProximaNova-Bold | ProximaNova-Light,20,612.0,792.0,A. Where allowed. Freestanding signs are permitted as of,False,True,Paragraph,lettered_or_numbered,0.55,lettered_or_numbered_paragraph_marker,,4,bridgeport-connecticut-afe7c678fa5dfc85-node-001334
bridgeport-connecticut-afe7c678fa5dfc85,243,7,0,B. Maximum Number. A maximum of one freestanding,319.95001220703125,160.75437927246094,555.6854248046875,174.50088500976562,9.5,ProximaNova-Bold | ProximaNova-Light,20,612.0,792.0,B. Maximum Number. A maximum of one freestanding,False,True,Paragraph,lettered_or_numbered,0.55,lettered_or_numbered_paragraph_marker,,4,bridgeport-connecticut-afe7c678fa5dfc85-node-001335
bridgeport-connecticut-afe7c678fa5dfc85,243,10,0,"C. MXN, MX1, RX1, and DX Zones. In the MXN, MX1, RX1,",319.95001220703125,205.75437927246094,566.7752685546875,219.50088500976562,9.5,ProximaNova-Bold | ProximaNova-Light,20,612.0,792.0,"C. MXN, MX1, RX1, and DX Zones. In the MXN, MX1, RX1,",False,True,Paragraph,lettered_or_numbered,0.55,lettered_or_numbered_paragraph_marker,,4,bridgeport-connecticut-afe7c678fa5dfc85-node-001336
bridgeport-connecticut-afe7c678fa5dfc85,243,15,0,C. Placement.,44.82809829711914,268.75439453125,110.80310821533203,282.5008850097656,9.5,ProximaNova-Bold,20,612.0,792.0,C. Placement.,False,True,Paragraph,lettered_or_numbered,0.55,lettered_or_numbered_paragraph_marker,,4,bridgeport-connecticut-afe7c678fa5dfc85-node-001337
bridgeport-connecticut-afe7c678fa5dfc85,243,18,0,"(2) Maximum Height. Maximum height is 7 feet,",337.95001220703125,295.7544250488281,537.1436767578125,308.8834228515625,9.5,ProximaNova-Light,4,612.0,792.0,"(2) Maximum Height. Maximum height is 7 feet,",False,False,Paragraph,lettered_or_numbered,0.55,lettered_or_numbered_paragraph_marker,,4,bridgeport-connecticut-afe7c678fa5dfc85-node-001338
bridgeport-connecticut-afe7c678fa5dfc85,243,19,0,(2) Projecting signs may be placed on any building,62.82809829711914,310.7544250488281,278.2570495605469,323.8834228515625,9.5,ProximaNova-Light,4,612.0,792.0,(2) Projecting signs may be placed on any building,False,False,Paragraph,lettered_or_numbered,0.55,lettered_or_numbered_paragraph_marker,,4,bridgeport-connecticut-afe7c678fa5dfc85-node-001339
bridgeport-connecticut-afe7c678fa5dfc85,243,21,0,(3) Maximum Size. The maximum size is 48 square feet,337.95001220703125,340.7544250488281,570.982666015625,353.8834228515625,9.5,ProximaNova-Light,4,612.0,792.0,(3) Maximum Size. The maximum size is 48 square feet,False,False,Paragraph,lettered_or_numbered,0.55,lettered_or_numbered_paragraph_marker,,4,bridgeport-connecticut-afe7c678fa5dfc85-node-001340
bridgeport-connecticut-afe7c678fa5dfc85,243,24,0,(3) Wall signs and projecting signs may not cover,62.82809829711914,379.7544250488281,271.6355895996094,392.8834228515625,9.5,ProximaNova-Light,4,612.0,792.0,(3) Wall signs and projecting signs may not cover,False,False,Paragraph,lettered_or_numbered,0.55,lettered_or_numbered_paragraph_marker,,4,bridgeport-connecticut-afe7c678fa5dfc85-node-001341
bridgeport-connecticut-afe7c678fa5dfc85,243,25,0,"D. MX2, RX2, CX, IX, I, and P Zones. In MX2, RX2, CX,",319.95001220703125,385.7544250488281,558.2742919921875,399.50091552734375,9.5,ProximaNova-Bold | ProximaNova-Light,20,612.0,792.0,"D. MX2, RX2, CX, IX, I, and P Zones. In MX2, RX2, CX,",False,True,Paragraph,lettered_or_numbered,0.55,lettered_or_numbered_paragraph_marker,,4,bridgeport-connecticut-afe7c678fa5dfc85-node-001342
bridgeport-connecticut-afe7c678fa5dfc85,243,28,0,(4) The maximum mounted height of any wall sign may,62.82809829711914,424.7544250488281,294.673095703125,437.8834228515625,9.5,ProximaNova-Light,4,612.0,792.0,(4) The maximum mounted height of any wall sign may,False,False,Paragraph,lettered_or_numbered,0.55,lettered_or_numbered_paragraph_marker,,4,bridgeport-connecticut-afe7c678fa5dfc85-node-001343
bridgeport-connecticut-afe7c678fa5dfc85,243,30,0,(2) Maximum Height.,337.95001220703125,499.7544250488281,429.60357666015625,512.8834228515625,9.5,ProximaNova-Light,4,612.0,792.0,(2) Maximum Height.,False,False,Paragraph,lettered_or_numbered,0.55,lettered_or_numbered_paragraph_marker,,4,bridgeport-connecticut-afe7c678fa5dfc85-node-001344
bridgeport-connecticut-afe7c678fa5dfc85,243,36,2,"A. Where allowed. Roof signs are allowed in DX, MX, CX,",319.95001220703125,625.75439453125,566.2874145507812,639.5008544921875,9.5,ProximaNova-Bold | ProximaNova-Light,20,612.0,792.0,"A. Where allowed. Roof signs are allowed in DX, MX, CX,",False,True,Paragraph,lettered_or_numbered,0.55,lettered_or_numbered_paragraph_marker,,4,bridgeport-connecticut-afe7c678fa5dfc85-node-001345
bridgeport-connecticut-afe7c678fa5dfc85,243,39,0,B. Maximum Area. Roof signs may not exceed the width of,319.95001220703125,670.75439453125,573.2130126953125,684.5008544921875,9.5,ProximaNova-Bold | ProximaNova-Light,20,612.0,792.0,B. Maximum Area. Roof signs may not exceed the width of,False,True,Paragraph,lettered_or_numbered,0.55,lettered_or_numbered_paragraph_marker,,4,bridgeport-connecticut-afe7c678fa5dfc85-node-001346
bridgeport-connecticut-afe7c678fa5dfc85,243,43,0,C. Maximum Height. Roof signs may not exceed 8 feet,319.95001220703125,703.75439453125,557.28125,717.5008544921875,9.5,ProximaNova-Bold | ProximaNova-Light,20,612.0,792.0,C. Maximum Height. Roof signs may not exceed 8 feet,False,True,Paragraph,lettered_or_numbered,0.55,lettered_or_numbered_paragraph_marker,,4,bridgeport-connecticut-afe7c678fa5dfc85-node-001347
bridgeport-connecticut-afe7c678fa5dfc85,244,2,0,B. Maximum Area. The total sign face area of all Harbor,315.45001220703125,115.75437927246094,556.9140625,129.50088500976562,9.5,ProximaNova-Bold | ProximaNova-Light,20,612.0,792.0,B. Maximum Area. The total sign face area of all Harbor,False,True,Paragraph,lettered_or_numbered,0.55,lettered_or_numbered_paragraph_marker,,4,bridgeport-connecticut-afe7c678fa5dfc85-node-001348
bridgeport-connecticut-afe7c678fa5dfc85,244,4,0,D. Supplemental Regulations,40.5,139.75437927246094,171.5690155029297,153.50088500976562,9.5,ProximaNova-Bold,20,612.0,792.0,D. Supplemental Regulations,False,True,Paragraph,lettered_or_numbered,0.55,lettered_or_numbered_paragraph_marker,,4,bridgeport-connecticut-afe7c678fa5dfc85-node-001349
bridgeport-connecticut-afe7c678fa5dfc85,244,7,0,C. Outdoor Advertising. Outdoor advertising may,315.45001220703125,232.75437927246094,530.4558715820312,246.50088500976562,9.5,ProximaNova-Bold | ProximaNova-Light,20,612.0,792.0,C. Outdoor Advertising. Outdoor advertising may,False,True,Paragraph,lettered_or_numbered,0.55,lettered_or_numbered_paragraph_marker,,4,bridgeport-connecticut-afe7c678fa5dfc85-node-001350
bridgeport-connecticut-afe7c678fa5dfc85,244,8,0,"(2) Roof signs may not cover windows, building",58.5,241.75437927246094,259.2325134277344,254.8833770751953,9.5,ProximaNova-Light,4,612.0,792.0,"(2) Roof signs may not cover windows, building",False,False,Paragraph,lettered_or_numbered,0.55,lettered_or_numbered_paragraph_marker,,4,bridgeport-connecticut-afe7c678fa5dfc85-node-001351
bridgeport-connecticut-afe7c678fa5dfc85,244,11,0,(3) In order to approve a special permit application for,58.5,286.7544250488281,287.75146484375,299.8834228515625,9.5,ProximaNova-Light,4,612.0,792.0,(3) In order to approve a special permit application for,False,False,Paragraph,lettered_or_numbered,0.55,lettered_or_numbered_paragraph_marker,,4,bridgeport-connecticut-afe7c678fa5dfc85-node-001352
bridgeport-connecticut-afe7c678fa5dfc85,244,12,0,D. Wall Signs,315.45001220703125,301.7544250488281,378.1285400390625,315.50091552734375,9.5,ProximaNova-Bold,20,612.0,792.0,D. Wall Signs,False,True,Paragraph,lettered_or_numbered,0.55,lettered_or_numbered_paragraph_marker,,4,bridgeport-connecticut-afe7c678fa5dfc85-node-001353
bridgeport-connecticut-afe7c678fa5dfc85,244,14,0,(2) Wall signs may not project above the main roof line,333.45001220703125,367.7544250488281,564.65869140625,380.8834228515625,9.5,ProximaNova-Light,4,612.0,792.0,(2) Wall signs may not project above the main roof line,False,False,Paragraph,lettered_or_numbered,0.55,lettered_or_numbered_paragraph_marker,,4,bridgeport-connecticut-afe7c678fa5dfc85-node-001354
bridgeport-connecticut-afe7c678fa5dfc85,244,16,0,(3) Maximum sign area per building frontage may not,333.45001220703125,400.7544250488281,558.3126831054688,413.8834228515625,9.5,ProximaNova-Light,4,612.0,792.0,(3) Maximum sign area per building frontage may not,False,False,Paragraph,lettered_or_numbered,0.55,lettered_or_numbered_paragraph_marker,,4,bridgeport-connecticut-afe7c678fa5dfc85-node-001355
bridgeport-connecticut-afe7c678fa5dfc85,244,18,0,(4) Temporary banners are expressly permitted,333.45001220703125,433.7544250488281,533.1376342773438,446.8834228515625,9.5,ProximaNova-Light,4,612.0,792.0,(4) Temporary banners are expressly permitted,False,False,Paragraph,lettered_or_numbered,0.55,lettered_or_numbered_paragraph_marker,,4,bridgeport-connecticut-afe7c678fa5dfc85-node-001356
bridgeport-connecticut-afe7c678fa5dfc85,244,21,0,E. Electronic Message Displays. Electronic message,315.45001220703125,490.7544250488281,544.188232421875,504.50091552734375,9.5,ProximaNova-Bold | ProximaNova-Light,20,612.0,792.0,E. Electronic Message Displays. Electronic message,False,True,Paragraph,lettered_or_numbered,0.55,lettered_or_numbered_paragraph_marker,,4,bridgeport-connecticut-afe7c678fa5dfc85-node-001357
bridgeport-connecticut-afe7c678fa5dfc85,244,26,2,A. Applicability. The Harbor Yard special purpose sign,40.5,620.6544189453125,274.6905517578125,634.40087890625,9.5,ProximaNova-Bold | ProximaNova-Light,20,612.0,792.0,A. Applicability. The Harbor Yard special purpose sign,False,True,Paragraph,lettered_or_numbered,0.55,lettered_or_numbered_paragraph_marker,,4,bridgeport-connecticut-afe7c678fa5dfc85-node-001358
bridgeport-connecticut-afe7c678fa5dfc85,244,27,0,(2) Size and Placement. Electronic message displays,333.45001220703125,628.75439453125,560.3653564453125,642.5008544921875,9.5,ProximaNova-Bold | ProximaNova-Light,20,612.0,792.0,(2) Size and Placement. Electronic message displays,False,True,Paragraph,lettered_or_numbered,0.55,lettered_or_numbered_paragraph_marker,,4,bridgeport-connecticut-afe7c678fa5dfc85-node-001359
bridgeport-connecticut-afe7c678fa5dfc85,245,1,0,(3) Freestanding Signs. The height of an electronic,63.0,82.75437927246094,282.5849914550781,96.50088500976562,9.5,ProximaNova-Bold | ProximaNova-Light,20,612.0,792.0,(3) Freestanding Signs. The height of an electronic,False,True,Paragraph,lettered_or_numbered,0.55,lettered_or_numbered_paragraph_marker,,4,bridgeport-connecticut-afe7c678fa5dfc85-node-001360
bridgeport-connecticut-afe7c678fa5dfc85,245,2,2,9.60.2.E );,355.67999267578125,92.77452087402344,393.23309326171875,105.90352630615234,9.5,ProximaNova-Light,4,612.0,792.0,9.60.2.E );,False,False,Subsection,subsection,0.65,decimal_pattern=subsection,9.60.2,3,bridgeport-connecticut-afe7c678fa5dfc85-node-001361
bridgeport-connecticut-afe7c678fa5dfc85,245,3,0,(2) On an outdoor advertising sign (see also 9.80.1 ); and,337.67999267578125,113.77452087402344,570.4081420898438,126.90352630615234,9.5,ProximaNova-Light,4,612.0,792.0,(2) On an outdoor advertising sign (see also 9.80.1 ); and,False,False,Paragraph,lettered_or_numbered,0.55,lettered_or_numbered_paragraph_marker,,4,bridgeport-connecticut-afe7c678fa5dfc85-node-001362
bridgeport-connecticut-afe7c678fa5dfc85,245,4,0,(3) On a permitted freestanding sign located outside of,337.67999267578125,134.77452087402344,570.9405517578125,147.9035186767578,9.5,ProximaNova-Light,4,612.0,792.0,(3) On a permitted freestanding sign located outside of,False,False,Paragraph,lettered_or_numbered,0.55,lettered_or_numbered_paragraph_marker,,4,bridgeport-connecticut-afe7c678fa5dfc85-node-001363
bridgeport-connecticut-afe7c678fa5dfc85,245,7,0,(4) Dwell Time. The message or image on an,63.0,187.75437927246094,257.8187561035156,201.50088500976562,9.5,ProximaNova-Bold | ProximaNova-Light,20,612.0,792.0,(4) Dwell Time. The message or image on an,False,True,Paragraph,lettered_or_numbered,0.55,lettered_or_numbered_paragraph_marker,,4,bridgeport-connecticut-afe7c678fa5dfc85-node-001364
bridgeport-connecticut-afe7c678fa5dfc85,245,8,0,B. Display Type. Electronic message displays may not,319.67999267578125,191.77452087402344,552.2517700195312,205.52102661132812,9.5,ProximaNova-Bold | ProximaNova-Light,20,612.0,792.0,B. Display Type. Electronic message displays may not,False,True,Paragraph,lettered_or_numbered,0.55,lettered_or_numbered_paragraph_marker,,4,bridgeport-connecticut-afe7c678fa5dfc85-node-001365
bridgeport-connecticut-afe7c678fa5dfc85,245,11,0,C. Dwell Time. The images and messages displayed on,319.67999267578125,284.7745056152344,559.8045654296875,298.52099609375,9.5,ProximaNova-Bold | ProximaNova-Light,20,612.0,792.0,C. Dwell Time. The images and messages displayed on,False,True,Paragraph,lettered_or_numbered,0.55,lettered_or_numbered_paragraph_marker,,4,bridgeport-connecticut-afe7c678fa5dfc85-node-001366
bridgeport-connecticut-afe7c678fa5dfc85,245,12,0,(5) Illumination. Electronic message display signs,63.0,304.7544250488281,275.16961669921875,318.50091552734375,9.5,ProximaNova-Bold | ProximaNova-Light,20,612.0,792.0,(5) Illumination. Electronic message display signs,False,True,Paragraph,lettered_or_numbered,0.55,lettered_or_numbered_paragraph_marker,,4,bridgeport-connecticut-afe7c678fa5dfc85-node-001367
bridgeport-connecticut-afe7c678fa5dfc85,245,14,0,D. Transition. The transition or change from one message,319.67999267578125,341.7745056152344,568.0447387695312,355.52099609375,9.5,ProximaNova-Bold | ProximaNova-Light,20,612.0,792.0,D. Transition. The transition or change from one message,False,True,Paragraph,lettered_or_numbered,0.55,lettered_or_numbered_paragraph_marker,,4,bridgeport-connecticut-afe7c678fa5dfc85-node-001368
bridgeport-connecticut-afe7c678fa5dfc85,245,17,0,E. Illumination,319.67999267578125,398.7745056152344,388.3149719238281,412.52099609375,9.5,ProximaNova-Bold,20,612.0,792.0,E. Illumination,False,True,Paragraph,lettered_or_numbered,0.55,lettered_or_numbered_paragraph_marker,,4,bridgeport-connecticut-afe7c678fa5dfc85-node-001369
bridgeport-connecticut-afe7c678fa5dfc85,245,20,0,(2) Not exceed 900 square feet in area; and,63.0,487.7544250488281,249.16897583007812,500.8834228515625,9.5,ProximaNova-Light,4,612.0,792.0,(2) Not exceed 900 square feet in area; and,False,False,Paragraph,lettered_or_numbered,0.55,lettered_or_numbered_paragraph_marker,,4,bridgeport-connecticut-afe7c678fa5dfc85-node-001370
bridgeport-connecticut-afe7c678fa5dfc85,245,22,0,"(3) Not exceed 60 feet in height above I-95, as",63.0,508.75439453125,263.3240051269531,521.8833618164062,9.5,ProximaNova-Light,4,612.0,792.0,"(3) Not exceed 60 feet in height above I-95, as",False,False,Paragraph,lettered_or_numbered,0.55,lettered_or_numbered_paragraph_marker,,4,bridgeport-connecticut-afe7c678fa5dfc85-node-001371
bridgeport-connecticut-afe7c678fa5dfc85,245,23,0,(2) Electronic message displays must be equipped,337.67999267578125,512.7745361328125,552.5675048828125,525.9035034179688,9.5,ProximaNova-Light,4,612.0,792.0,(2) Electronic message displays must be equipped,False,False,Paragraph,lettered_or_numbered,0.55,lettered_or_numbered_paragraph_marker,,4,bridgeport-connecticut-afe7c678fa5dfc85-node-001372
bridgeport-connecticut-afe7c678fa5dfc85,245,26,2,A. Applicability. The Interstate Corridor special purpose,45.0,565.75439453125,284.890625,579.5008544921875,9.5,ProximaNova-Bold | ProximaNova-Light,20,612.0,792.0,A. Applicability. The Interstate Corridor special purpose,False,True,Paragraph,lettered_or_numbered,0.55,lettered_or_numbered_paragraph_marker,,4,bridgeport-connecticut-afe7c678fa5dfc85-node-001373
bridgeport-connecticut-afe7c678fa5dfc85,245,31,0,(2) Outdoor advertising signs with electronic message,337.67999267578125,671.7745361328125,566.5514526367188,684.9035034179688,9.5,ProximaNova-Light,4,612.0,792.0,(2) Outdoor advertising signs with electronic message,False,False,Paragraph,lettered_or_numbered,0.55,lettered_or_numbered_paragraph_marker,,4,bridgeport-connecticut-afe7c678fa5dfc85-node-001374
bridgeport-connecticut-afe7c678fa5dfc85,245,32,0,A. Sign Types. Electronic message displays are allowed,45.0,674.6544189453125,284.8013916015625,688.40087890625,9.5,ProximaNova-Bold | ProximaNova-Light,20,612.0,792.0,A. Sign Types. Electronic message displays are allowed,False,True,Paragraph,lettered_or_numbered,0.55,lettered_or_numbered_paragraph_marker,,4,bridgeport-connecticut-afe7c678fa5dfc85-node-001375
bridgeport-connecticut-afe7c678fa5dfc85,246,2,0,(3) Required separation distances must be measured,58.5,115.75437927246094,283.41949462890625,128.8833770751953,9.5,ProximaNova-Light,4,612.0,792.0,(3) Required separation distances must be measured,False,False,Paragraph,lettered_or_numbered,0.55,lettered_or_numbered_paragraph_marker,,4,bridgeport-connecticut-afe7c678fa5dfc85-node-001376
bridgeport-connecticut-afe7c678fa5dfc85,246,6,0,G. Future Amendments. The city reserves the right to,40.5,172.75437927246094,272.7486267089844,186.50088500976562,9.5,ProximaNova-Bold | ProximaNova-Light,20,612.0,792.0,G. Future Amendments. The city reserves the right to,False,True,Paragraph,lettered_or_numbered,0.55,lettered_or_numbered_paragraph_marker,,4,bridgeport-connecticut-afe7c678fa5dfc85-node-001377
bridgeport-connecticut-afe7c678fa5dfc85,246,12,2,A. Outdoor advertising signs may be approved by special,40.5,365.6544189453125,286.70892333984375,379.4009094238281,9.5,ProximaNova-Bold | ProximaNova-Light,20,612.0,792.0,A. Outdoor advertising signs may be approved by special,False,True,Paragraph,lettered_or_numbered,0.55,lettered_or_numbered_paragraph_marker,,4,bridgeport-connecticut-afe7c678fa5dfc85-node-001378
bridgeport-connecticut-afe7c678fa5dfc85,246,15,0,B. In order to approve a special permit application for,40.5,434.6544189453125,269.75146484375,448.4009094238281,9.5,ProximaNova-Bold | ProximaNova-Light,20,612.0,792.0,B. In order to approve a special permit application for,False,True,Paragraph,lettered_or_numbered,0.55,lettered_or_numbered_paragraph_marker,,4,bridgeport-connecticut-afe7c678fa5dfc85-node-001379
bridgeport-connecticut-afe7c678fa5dfc85,246,17,0,9.100 Nonconforming Signs,316.45001220703125,504.85693359375,480.5740051269531,522.5809326171875,12.0,ProximaNova-Black,20,612.0,792.0,9.100 Nonconforming Signs,False,True,Section,section,0.9,decimal_pattern=section (N.MM),9.100,2,bridgeport-connecticut-afe7c678fa5dfc85-node-001380
bridgeport-connecticut-afe7c678fa5dfc85,246,21,0,C. A special permit for an outdoor advertising sign may,40.5,623.6544189453125,275.95501708984375,637.40087890625,9.5,ProximaNova-Bold | ProximaNova-Light,20,612.0,792.0,C. A special permit for an outdoor advertising sign may,False,True,Paragraph,lettered_or_numbered,0.55,lettered_or_numbered_paragraph_marker,,4,bridgeport-connecticut-afe7c678fa5dfc85-node-001381
bridgeport-connecticut-afe7c678fa5dfc85,246,22,0,A. Nonconforming on-premise signs must be maintained in,315.45001220703125,642.554443359375,566.1337890625,656.3009033203125,9.5,ProximaNova-Bold | ProximaNova-Light,20,612.0,792.0,A. Nonconforming on-premise signs must be maintained in,False,True,Paragraph,lettered_or_numbered,0.55,lettered_or_numbered_paragraph_marker,,4,bridgeport-connecticut-afe7c678fa5dfc85-node-001382
bridgeport-connecticut-afe7c678fa5dfc85,246,24,0,B. If a sign is nonconforming by reason of restrictions on its,315.45001220703125,675.554443359375,568.2901611328125,689.3009033203125,9.5,ProximaNova-Bold | ProximaNova-Light,20,612.0,792.0,B. If a sign is nonconforming by reason of restrictions on its,False,True,Paragraph,lettered_or_numbered,0.55,lettered_or_numbered_paragraph_marker,,4,bridgeport-connecticut-afe7c678fa5dfc85-node-001383
bridgeport-connecticut-afe7c678fa5dfc85,247,1,0,C. A temporary sign that is nonconforming by reason of,45.36000061035156,82.75437927246094,282.2969970703125,96.50088500976562,9.5,ProximaNova-Bold | ProximaNova-Light,20,612.0,792.0,C. A temporary sign that is nonconforming by reason of,False,True,Paragraph,lettered_or_numbered,0.55,lettered_or_numbered_paragraph_marker,,4,bridgeport-connecticut-afe7c678fa5dfc85-node-001384
bridgeport-connecticut-afe7c678fa5dfc85,247,3,0,"C. Non-Planar Signs. Spherical, free-form, sculptural or",319.95001220703125,115.75437927246094,556.0745239257812,129.50088500976562,9.5,ProximaNova-Bold | ProximaNova-Light,20,612.0,792.0,"C. Non-Planar Signs. Spherical, free-form, sculptural or",False,True,Paragraph,lettered_or_numbered,0.55,lettered_or_numbered_paragraph_marker,,4,bridgeport-connecticut-afe7c678fa5dfc85-node-001385
bridgeport-connecticut-afe7c678fa5dfc85,247,5,0,D. A window sign that is nonconforming by reason of,45.36000061035156,139.75437927246094,272.093994140625,153.50088500976562,9.5,ProximaNova-Bold | ProximaNova-Light,20,612.0,792.0,D. A window sign that is nonconforming by reason of,False,True,Paragraph,lettered_or_numbered,0.55,lettered_or_numbered_paragraph_marker,,4,bridgeport-connecticut-afe7c678fa5dfc85-node-001386
bridgeport-connecticut-afe7c678fa5dfc85,247,8,0,E. If a nonconforming sign is damaged or partially,45.36000061035156,184.75437927246094,258.7369689941406,198.50088500976562,9.5,ProximaNova-Bold | ProximaNova-Light,20,612.0,792.0,E. If a nonconforming sign is damaged or partially,False,True,Paragraph,lettered_or_numbered,0.55,lettered_or_numbered_paragraph_marker,,4,bridgeport-connecticut-afe7c678fa5dfc85-node-001387
bridgeport-connecticut-afe7c678fa5dfc85,247,9,0,"D. Multi-Sided Signs. Unless otherwise expressly stated,",319.95001220703125,184.75437927246094,563.237548828125,198.50088500976562,9.5,ProximaNova-Bold | ProximaNova-Light,20,612.0,792.0,"D. Multi-Sided Signs. Unless otherwise expressly stated,",False,True,Paragraph,lettered_or_numbered,0.55,lettered_or_numbered_paragraph_marker,,4,bridgeport-connecticut-afe7c678fa5dfc85-node-001388
bridgeport-connecticut-afe7c678fa5dfc85,247,15,2,A. Signs Enclosed in Frames or Cabinets. The area of a,45.36000061035156,350.6544189453125,289.0110168457031,364.4009094238281,9.5,ProximaNova-Bold | ProximaNova-Light,20,612.0,792.0,A. Signs Enclosed in Frames or Cabinets. The area of a,False,True,Paragraph,lettered_or_numbered,0.55,lettered_or_numbered_paragraph_marker,,4,bridgeport-connecticut-afe7c678fa5dfc85-node-001389
bridgeport-connecticut-afe7c678fa5dfc85,247,17,0,B. Channel (Individual) Letter Signs. The area of a sign,45.36000061035156,407.6544189453125,286.1976318359375,421.4009094238281,9.5,ProximaNova-Bold | ProximaNova-Light,20,612.0,792.0,B. Channel (Individual) Letter Signs. The area of a sign,False,True,Paragraph,lettered_or_numbered,0.55,lettered_or_numbered_paragraph_marker,,4,bridgeport-connecticut-afe7c678fa5dfc85-node-001390
bridgeport-connecticut-afe7c678fa5dfc85,248,3,0,"C. Regardless of the height, number of stories, or number",315.45001220703125,179.5344696044922,560.9180908203125,193.28097534179688,9.5,ProximaNova-Bold | ProximaNova-Light,20,612.0,792.0,"C. Regardless of the height, number of stories, or number",False,True,Paragraph,lettered_or_numbered,0.55,lettered_or_numbered_paragraph_marker,,4,bridgeport-connecticut-afe7c678fa5dfc85-node-001391
bridgeport-connecticut-afe7c678fa5dfc85,248,6,0,A. For buildings occupied by a single tenant or multiple,40.5,245.14952087402344,277.08544921875,258.8960266113281,9.5,ProximaNova-Bold | ProximaNova-Light,20,612.0,792.0,A. For buildings occupied by a single tenant or multiple,False,True,Paragraph,lettered_or_numbered,0.55,lettered_or_numbered_paragraph_marker,,4,bridgeport-connecticut-afe7c678fa5dfc85-node-001392
bridgeport-connecticut-afe7c678fa5dfc85,248,7,0,D. As an alternative to the allocation of permitted sign,315.45001220703125,260.53448486328125,545.5375366210938,274.2809753417969,9.5,ProximaNova-Bold | ProximaNova-Light,20,612.0,792.0,D. As an alternative to the allocation of permitted sign,False,True,Paragraph,lettered_or_numbered,0.55,lettered_or_numbered_paragraph_marker,,4,bridgeport-connecticut-afe7c678fa5dfc85-node-001393
bridgeport-connecticut-afe7c678fa5dfc85,248,10,0,B. On buildings housing more than one tenant where,40.5,374.14959716796875,268.55450439453125,387.8960876464844,9.5,ProximaNova-Bold | ProximaNova-Light,20,612.0,792.0,B. On buildings housing more than one tenant where,False,True,Paragraph,lettered_or_numbered,0.55,lettered_or_numbered_paragraph_marker,,4,bridgeport-connecticut-afe7c678fa5dfc85-node-001394
bridgeport-connecticut-afe7c678fa5dfc85,248,11,2,A. Nits. For the purpose of verifying compliance with,315.45001220703125,401.5345153808594,541.689697265625,415.281005859375,9.5,ProximaNova-Bold | ProximaNova-Light,20,612.0,792.0,A. Nits. For the purpose of verifying compliance with,False,True,Paragraph,lettered_or_numbered,0.55,lettered_or_numbered_paragraph_marker,,4,bridgeport-connecticut-afe7c678fa5dfc85-node-001395
bridgeport-connecticut-afe7c678fa5dfc85,249,0,0,10.0 SUPPLEMENTAL USE & DEVELOPMENT REGULATIONS,45.0,80.477783203125,488.47064208984375,106.70378875732422,18.0,ProximaNovaCond-Black,20,612.0,792.0,10.0 SUPPLEMENTAL USE & DEVELOPMENT REGULATIONS,False,True,Title,chapter,0.9,decimal_pattern=chapter (N.0),10.0,1,bridgeport-connecticut-afe7c678fa5dfc85-node-001396
bridgeport-connecticut-afe7c678fa5dfc85,250,0,1,10.10 Alcoholic Liquor Control,40.5,41.37941360473633,234.90402221679688,61.637413024902344,14.0,ProximaNova-Bold,20,612.0,792.0,10.10 Alcoholic Liquor Control,False,True,Section,section,0.9,decimal_pattern=section (N.MM),10.10,2,bridgeport-connecticut-afe7c678fa5dfc85-node-001397
bridgeport-connecticut-afe7c678fa5dfc85,250,2,2,A. In accordance with section 30-39 of the General,314.79998779296875,94.92936706542969,534.2950439453125,108.67587280273438,9.5,ProximaNova-Bold | ProximaNova-Light,20,612.0,792.0,A. In accordance with section 30-39 of the General,False,True,Paragraph,lettered_or_numbered,0.55,lettered_or_numbered_paragraph_marker,,4,bridgeport-connecticut-afe7c678fa5dfc85-node-001398
bridgeport-connecticut-afe7c678fa5dfc85,250,3,2,A. Required. Except as expressly exempted in paragraph,40.5,117.72941589355469,284.7039489746094,131.47592163085938,9.5,ProximaNova-Bold | ProximaNova-Light,20,612.0,792.0,A. Required. Except as expressly exempted in paragraph,False,True,Paragraph,lettered_or_numbered,0.55,lettered_or_numbered_paragraph_marker,,4,bridgeport-connecticut-afe7c678fa5dfc85-node-001399
bridgeport-connecticut-afe7c678fa5dfc85,250,6,0,"B. of this subsection, all uses that sell alcoholic",58.5,129.7294158935547,253.03150939941406,142.85841369628906,9.5,ProximaNova-Light,4,612.0,792.0,"B. of this subsection, all uses that sell alcoholic",False,False,Paragraph,lettered_or_numbered,0.55,lettered_or_numbered_paragraph_marker,,4,bridgeport-connecticut-afe7c678fa5dfc85-node-001400
bridgeport-connecticut-afe7c678fa5dfc85,250,5,0,"B. Any 10 persons who are at least 18 years of age, and",314.79998779296875,151.9293670654297,552.1361694335938,165.67587280273438,9.5,ProximaNova-Bold | ProximaNova-Light,20,612.0,792.0,"B. Any 10 persons who are at least 18 years of age, and",False,True,Paragraph,lettered_or_numbered,0.55,lettered_or_numbered_paragraph_marker,,4,bridgeport-connecticut-afe7c678fa5dfc85-node-001401
bridgeport-connecticut-afe7c678fa5dfc85,250,7,0,B. Exemption. Full-service restaurants that sell alcoholic,40.5,198.7294158935547,280.1820068359375,212.47592163085938,9.5,ProximaNova-Bold | ProximaNova-Light,20,612.0,792.0,B. Exemption. Full-service restaurants that sell alcoholic,False,True,Paragraph,lettered_or_numbered,0.55,lettered_or_numbered_paragraph_marker,,4,bridgeport-connecticut-afe7c678fa5dfc85-node-001402
bridgeport-connecticut-afe7c678fa5dfc85,250,9,0,10.20 Adaptive Reuse of Structures,315.79998779296875,225.13201904296875,521.5628051757812,242.85601806640625,12.0,ProximaNova-Black,20,612.0,792.0,10.20 Adaptive Reuse of Structures,False,True,Section,section,0.9,decimal_pattern=section (N.MM),10.20,2,bridgeport-connecticut-afe7c678fa5dfc85-node-001403
bridgeport-connecticut-afe7c678fa5dfc85,250,10,0,A. Authorized. The planning and zoning commission is,314.79998779296875,248.8295135498047,550.2163696289062,262.5760192871094,9.5,ProximaNova-Bold | ProximaNova-Light,20,612.0,792.0,A. Authorized. The planning and zoning commission is,False,True,Paragraph,lettered_or_numbered,0.55,lettered_or_numbered_paragraph_marker,,4,bridgeport-connecticut-afe7c678fa5dfc85-node-001404
bridgeport-connecticut-afe7c678fa5dfc85,250,13,0,C. Location of Protected Uses. Applications for a,40.5,291.7294006347656,254.30096435546875,305.47589111328125,9.5,ProximaNova-Bold | ProximaNova-Light,20,612.0,792.0,C. Location of Protected Uses. Applications for a,False,True,Paragraph,lettered_or_numbered,0.55,lettered_or_numbered_paragraph_marker,,4,bridgeport-connecticut-afe7c678fa5dfc85-node-001405
bridgeport-connecticut-afe7c678fa5dfc85,250,14,0,B. Applicable Zoning Regulations. In approving an,314.79998779296875,305.8294982910156,536.2329711914062,319.57598876953125,9.5,ProximaNova-Bold | ProximaNova-Light,20,612.0,792.0,B. Applicable Zoning Regulations. In approving an,False,True,Paragraph,lettered_or_numbered,0.55,lettered_or_numbered_paragraph_marker,,4,bridgeport-connecticut-afe7c678fa5dfc85-node-001406
bridgeport-connecticut-afe7c678fa5dfc85,250,16,2,A. Except as otherwise expressly stated in paragraph B,40.5,384.7294006347656,276.487060546875,398.47589111328125,9.5,ProximaNova-Bold | ProximaNova-Light,20,612.0,792.0,A. Except as otherwise expressly stated in paragraph B,False,True,Paragraph,lettered_or_numbered,0.55,lettered_or_numbered_paragraph_marker,,4,bridgeport-connecticut-afe7c678fa5dfc85-node-001407
bridgeport-connecticut-afe7c678fa5dfc85,250,18,0,10.30 Telecommunications Facilities,315.79998779296875,415.0318908691406,526.8439331054688,432.7558898925781,12.0,ProximaNova-Black,20,612.0,792.0,10.30 Telecommunications Facilities,False,True,Section,section,0.9,decimal_pattern=section (N.MM),10.30,2,bridgeport-connecticut-afe7c678fa5dfc85-node-001408
bridgeport-connecticut-afe7c678fa5dfc85,250,20,0,B. The required minimum 750-foot radius separation,40.5,585.7294311523438,265.0680236816406,599.4758911132812,9.5,ProximaNova-Bold | ProximaNova-Light,20,612.0,792.0,B. The required minimum 750-foot radius separation,False,True,Paragraph,lettered_or_numbered,0.55,lettered_or_numbered_paragraph_marker,,4,bridgeport-connecticut-afe7c678fa5dfc85-node-001409
bridgeport-connecticut-afe7c678fa5dfc85,250,23,0,10.30.2 SUBMITTAL REQUIREMENTS,315.0,663.1900024414062,490.69793701171875,677.6599731445312,10.0,ProximaNova-Bold,20,612.0,792.0,10.30.2 SUBMITTAL REQUIREMENTS,False,True,Subsection,subsection,0.8500000000000001,decimal_pattern=subsection,10.30.2,3,bridgeport-connecticut-afe7c678fa5dfc85-node-001410
bridgeport-connecticut-afe7c678fa5dfc85,251,2,0,(3) Models. Site or building models may be required,338.04998779296875,82.75437927246094,560.5845336914062,96.50088500976562,9.5,ProximaNova-Bold | ProximaNova-Light,20,612.0,792.0,(3) Models. Site or building models may be required,False,True,Paragraph,lettered_or_numbered,0.55,lettered_or_numbered_paragraph_marker,,4,bridgeport-connecticut-afe7c678fa5dfc85-node-001411
bridgeport-connecticut-afe7c678fa5dfc85,251,4,0,A. Other Properties Affected. A list of the names and,45.0,127.75437927246094,276.2087097167969,141.50088500976562,9.5,ProximaNova-Bold | ProximaNova-Light,20,612.0,792.0,A. Other Properties Affected. A list of the names and,False,True,Paragraph,lettered_or_numbered,0.55,lettered_or_numbered_paragraph_marker,,4,bridgeport-connecticut-afe7c678fa5dfc85-node-001412
bridgeport-connecticut-afe7c678fa5dfc85,251,6,0,"B. Site Plan. A site plan prepared, signed, and sealed",45.0,172.75437927246094,276.0995788574219,186.50088500976562,9.5,ProximaNova-Bold | ProximaNova-Light,20,612.0,792.0,"B. Site Plan. A site plan prepared, signed, and sealed",False,True,Paragraph,lettered_or_numbered,0.55,lettered_or_numbered_paragraph_marker,,4,bridgeport-connecticut-afe7c678fa5dfc85-node-001413
bridgeport-connecticut-afe7c678fa5dfc85,251,8,0,(4) Analysis. An impact analysis of the development,338.04998779296875,211.75437927246094,559.2828369140625,225.50088500976562,9.5,ProximaNova-Bold | ProximaNova-Light,20,612.0,792.0,(4) Analysis. An impact analysis of the development,False,True,Paragraph,lettered_or_numbered,0.55,lettered_or_numbered_paragraph_marker,,4,bridgeport-connecticut-afe7c678fa5dfc85-node-001414
bridgeport-connecticut-afe7c678fa5dfc85,251,11,0,"(2) Proposed and existing structures and amenities,",63.0,274.7544250488281,280.9275207519531,287.8834228515625,9.5,ProximaNova-Light,4,612.0,792.0,"(2) Proposed and existing structures and amenities,",False,False,Paragraph,lettered_or_numbered,0.55,lettered_or_numbered_paragraph_marker,,4,bridgeport-connecticut-afe7c678fa5dfc85-node-001415
bridgeport-connecticut-afe7c678fa5dfc85,251,13,0,(5) Licenses and Approvals. A copy of the applicant's,338.04998779296875,328.7544250488281,567.0927734375,342.50091552734375,9.5,ProximaNova-Bold | ProximaNova-Light,20,612.0,792.0,(5) Licenses and Approvals. A copy of the applicant's,False,True,Paragraph,lettered_or_numbered,0.55,lettered_or_numbered_paragraph_marker,,4,bridgeport-connecticut-afe7c678fa5dfc85-node-001416
bridgeport-connecticut-afe7c678fa5dfc85,251,15,0,"(3) Zone development standards must be indicated,",63.0,355.7544250488281,283.12200927734375,368.8834228515625,9.5,ProximaNova-Light,4,612.0,792.0,"(3) Zone development standards must be indicated,",False,False,Paragraph,lettered_or_numbered,0.55,lettered_or_numbered_paragraph_marker,,4,bridgeport-connecticut-afe7c678fa5dfc85-node-001417
bridgeport-connecticut-afe7c678fa5dfc85,251,18,0,"(6) Other Information. Any other such information,",338.04998779296875,421.7544250488281,553.5784912109375,435.50091552734375,9.5,ProximaNova-Bold | ProximaNova-Light,20,612.0,792.0,"(6) Other Information. Any other such information,",False,True,Paragraph,lettered_or_numbered,0.55,lettered_or_numbered_paragraph_marker,,4,bridgeport-connecticut-afe7c678fa5dfc85-node-001418
bridgeport-connecticut-afe7c678fa5dfc85,251,19,0,(4) Existing proposed grades must be shown at 2-foot,63.0,436.7544250488281,291.5199890136719,449.8834228515625,9.5,ProximaNova-Light,4,612.0,792.0,(4) Existing proposed grades must be shown at 2-foot,False,False,Paragraph,lettered_or_numbered,0.55,lettered_or_numbered_paragraph_marker,,4,bridgeport-connecticut-afe7c678fa5dfc85-node-001419
bridgeport-connecticut-afe7c678fa5dfc85,251,21,0,(5) One or more benchmarks that can be used in the,63.0,469.7544250488281,287.1880187988281,482.8834228515625,9.5,ProximaNova-Light,4,612.0,792.0,(5) One or more benchmarks that can be used in the,False,False,Paragraph,lettered_or_numbered,0.55,lettered_or_numbered_paragraph_marker,,4,bridgeport-connecticut-afe7c678fa5dfc85-node-001420
bridgeport-connecticut-afe7c678fa5dfc85,251,31,0,10.30.3 SITE PLAN REVIEW STANDARDS,320.25,502.2148742675781,513.0739135742188,516.6848754882812,10.0,ProximaNova-Bold,20,612.0,792.0,10.30.3 SITE PLAN REVIEW STANDARDS,False,True,Subsection,subsection,0.8500000000000001,decimal_pattern=subsection,10.30.3,3,bridgeport-connecticut-afe7c678fa5dfc85-node-001421
bridgeport-connecticut-afe7c678fa5dfc85,251,24,0,C. Phasing Plan. When development is proposed to,45.0,502.75439453125,270.1239318847656,516.5008544921875,9.5,ProximaNova-Bold | ProximaNova-Light,20,612.0,792.0,C. Phasing Plan. When development is proposed to,False,True,Paragraph,lettered_or_numbered,0.55,lettered_or_numbered_paragraph_marker,,4,bridgeport-connecticut-afe7c678fa5dfc85-node-001422
bridgeport-connecticut-afe7c678fa5dfc85,251,26,0,D. Additional Information. The following may also be,45.0,559.75439453125,275.4812316894531,573.5008544921875,9.5,ProximaNova-Bold | ProximaNova-Light,20,612.0,792.0,D. Additional Information. The following may also be,False,True,Paragraph,lettered_or_numbered,0.55,lettered_or_numbered_paragraph_marker,,4,bridgeport-connecticut-afe7c678fa5dfc85-node-001423
bridgeport-connecticut-afe7c678fa5dfc85,251,28,0,"(1) Survey. A class A-2 survey of the property,",63.0,604.75439453125,259.4844665527344,618.5008544921875,9.5,ProximaNova-Bold | ProximaNova-Light,20,612.0,792.0,"(1) Survey. A class A-2 survey of the property,",False,True,Paragraph,lettered_or_numbered,0.55,lettered_or_numbered_paragraph_marker,,4,bridgeport-connecticut-afe7c678fa5dfc85-node-001424
bridgeport-connecticut-afe7c678fa5dfc85,251,30,0,(2) Architectural Plans. Preliminary architectural,63.0,637.75439453125,268.29681396484375,651.5008544921875,9.5,ProximaNova-Bold | ProximaNova-Light,20,612.0,792.0,(2) Architectural Plans. Preliminary architectural,False,True,Paragraph,lettered_or_numbered,0.55,lettered_or_numbered_paragraph_marker,,4,bridgeport-connecticut-afe7c678fa5dfc85-node-001425
bridgeport-connecticut-afe7c678fa5dfc85,251,32,0,A. Public Convenience and Necessity. That the,320.04998779296875,679.75439453125,527.7990112304688,693.5008544921875,9.5,ProximaNova-Bold | ProximaNova-Light,20,612.0,792.0,A. Public Convenience and Necessity. That the,False,True,Paragraph,lettered_or_numbered,0.55,lettered_or_numbered_paragraph_marker,,4,bridgeport-connecticut-afe7c678fa5dfc85-node-001426
bridgeport-connecticut-afe7c678fa5dfc85,252,2,0,B. Design. The design requirements as set forth below:,40.5,82.75437927246094,275.4794006347656,96.50088500976562,9.5,ProximaNova-Bold | ProximaNova-Light,20,612.0,792.0,B. Design. The design requirements as set forth below:,False,True,Paragraph,lettered_or_numbered,0.55,lettered_or_numbered_paragraph_marker,,4,bridgeport-connecticut-afe7c678fa5dfc85-node-001427
bridgeport-connecticut-afe7c678fa5dfc85,252,3,0,"(1) Walls, Fences and Hedges. The location, height,",58.5,103.75437927246094,280.8892822265625,117.50088500976562,9.5,ProximaNova-Bold | ProximaNova-Light,20,612.0,792.0,"(1) Walls, Fences and Hedges. The location, height,",False,True,Paragraph,lettered_or_numbered,0.55,lettered_or_numbered_paragraph_marker,,4,bridgeport-connecticut-afe7c678fa5dfc85-node-001428
bridgeport-connecticut-afe7c678fa5dfc85,252,9,0,(2) Landscaping. In addition to requirements for,58.5,220.75437927246094,263.13653564453125,234.50088500976562,9.5,ProximaNova-Bold | ProximaNova-Light,20,612.0,792.0,(2) Landscaping. In addition to requirements for,False,True,Paragraph,lettered_or_numbered,0.55,lettered_or_numbered_paragraph_marker,,4,bridgeport-connecticut-afe7c678fa5dfc85-node-001429
bridgeport-connecticut-afe7c678fa5dfc85,252,11,0,C. Environmental and Other Impacts,315.45001220703125,253.75437927246094,478.5768127441406,267.5008850097656,9.5,ProximaNova-Bold,20,612.0,792.0,C. Environmental and Other Impacts,False,True,Paragraph,lettered_or_numbered,0.55,lettered_or_numbered_paragraph_marker,,4,bridgeport-connecticut-afe7c678fa5dfc85-node-001430
bridgeport-connecticut-afe7c678fa5dfc85,252,13,0,(1) EMF Emissions. Verification must be submitted that,333.45001220703125,274.7544250488281,566.2212524414062,288.50091552734375,9.5,ProximaNova-Bold | ProximaNova-Light,20,612.0,792.0,(1) EMF Emissions. Verification must be submitted that,False,True,Paragraph,lettered_or_numbered,0.55,lettered_or_numbered_paragraph_marker,,4,bridgeport-connecticut-afe7c678fa5dfc85-node-001431
bridgeport-connecticut-afe7c678fa5dfc85,252,14,0,(3) Condition of Improvements. All buildings and,58.5,277.7544250488281,269.9864196777344,291.50091552734375,9.5,ProximaNova-Bold | ProximaNova-Light,20,612.0,792.0,(3) Condition of Improvements. All buildings and,False,True,Paragraph,lettered_or_numbered,0.55,lettered_or_numbered_paragraph_marker,,4,bridgeport-connecticut-afe7c678fa5dfc85-node-001432
bridgeport-connecticut-afe7c678fa5dfc85,252,16,0,"(2) Construction Controls. Soil erosion, sedimentation",333.45001220703125,343.7544250488281,564.9286499023438,357.50091552734375,9.5,ProximaNova-Bold | ProximaNova-Light,20,612.0,792.0,"(2) Construction Controls. Soil erosion, sedimentation",False,True,Paragraph,lettered_or_numbered,0.55,lettered_or_numbered_paragraph_marker,,4,bridgeport-connecticut-afe7c678fa5dfc85-node-001433
bridgeport-connecticut-afe7c678fa5dfc85,252,18,0,(4) Federal Aviation Requirements. Verification as,58.5,370.7544250488281,274.4609069824219,384.50091552734375,9.5,ProximaNova-Bold | ProximaNova-Light,20,612.0,792.0,(4) Federal Aviation Requirements. Verification as,False,True,Paragraph,lettered_or_numbered,0.55,lettered_or_numbered_paragraph_marker,,4,bridgeport-connecticut-afe7c678fa5dfc85-node-001434
bridgeport-connecticut-afe7c678fa5dfc85,252,21,0,(3) Preservation of Natural Features. Site design,333.45001220703125,424.7544250488281,545.578369140625,438.50091552734375,9.5,ProximaNova-Bold | ProximaNova-Light,20,612.0,792.0,(3) Preservation of Natural Features. Site design,False,True,Paragraph,lettered_or_numbered,0.55,lettered_or_numbered_paragraph_marker,,4,bridgeport-connecticut-afe7c678fa5dfc85-node-001435
bridgeport-connecticut-afe7c678fa5dfc85,252,22,0,(5) Small Cell Facilities. In addition to the general,58.5,427.7544250488281,271.3169860839844,441.50091552734375,9.5,ProximaNova-Bold | ProximaNova-Light,20,612.0,792.0,(5) Small Cell Facilities. In addition to the general,False,True,Paragraph,lettered_or_numbered,0.55,lettered_or_numbered_paragraph_marker,,4,bridgeport-connecticut-afe7c678fa5dfc85-node-001436
bridgeport-connecticut-afe7c678fa5dfc85,252,26,0,"(4) Impact on Nearby Properties. Lighting and noise,",333.45001220703125,541.75439453125,560.8260498046875,555.5008544921875,9.5,ProximaNova-Bold | ProximaNova-Light,20,612.0,792.0,"(4) Impact on Nearby Properties. Lighting and noise,",False,True,Paragraph,lettered_or_numbered,0.55,lettered_or_numbered_paragraph_marker,,4,bridgeport-connecticut-afe7c678fa5dfc85-node-001437
bridgeport-connecticut-afe7c678fa5dfc85,252,30,0,(5) Impermeable Surfaces and Stormwater Runoff.,333.45001220703125,634.75439453125,553.3394165039062,648.5008544921875,9.5,ProximaNova-Bold,20,612.0,792.0,(5) Impermeable Surfaces and Stormwater Runoff.,False,True,Paragraph,lettered_or_numbered,0.55,lettered_or_numbered_paragraph_marker,,4,bridgeport-connecticut-afe7c678fa5dfc85-node-001438
bridgeport-connecticut-afe7c678fa5dfc85,253,2,0,D. Bonding Requirements. As a condition of site plan,45.0,82.75437927246094,276.11767578125,96.50088500976562,9.5,ProximaNova-Bold | ProximaNova-Light,20,612.0,792.0,D. Bonding Requirements. As a condition of site plan,False,True,Paragraph,lettered_or_numbered,0.55,lettered_or_numbered_paragraph_marker,,4,bridgeport-connecticut-afe7c678fa5dfc85-node-001439
bridgeport-connecticut-afe7c678fa5dfc85,253,3,0,C. Utilities. Subdivisions must provide space for all,319.95001220703125,82.75437927246094,538.9029541015625,96.50088500976562,9.5,ProximaNova-Bold | ProximaNova-Light,20,612.0,792.0,C. Utilities. Subdivisions must provide space for all,False,True,Paragraph,lettered_or_numbered,0.55,lettered_or_numbered_paragraph_marker,,4,bridgeport-connecticut-afe7c678fa5dfc85-node-001440
bridgeport-connecticut-afe7c678fa5dfc85,253,5,0,D. Drainage and Stormwater. Subdivisions are subject,319.95001220703125,127.75437927246094,555.53857421875,141.50088500976562,9.5,ProximaNova-Bold | ProximaNova-Light,20,612.0,792.0,D. Drainage and Stormwater. Subdivisions are subject,False,True,Paragraph,lettered_or_numbered,0.55,lettered_or_numbered_paragraph_marker,,4,bridgeport-connecticut-afe7c678fa5dfc85-node-001441
bridgeport-connecticut-afe7c678fa5dfc85,253,7,0,E. Streets. Streets must be designed and constructed in,319.95001220703125,172.75437927246094,561.0951538085938,186.50088500976562,9.5,ProximaNova-Bold | ProximaNova-Light,20,612.0,792.0,E. Streets. Streets must be designed and constructed in,False,True,Paragraph,lettered_or_numbered,0.55,lettered_or_numbered_paragraph_marker,,4,bridgeport-connecticut-afe7c678fa5dfc85-node-001442
bridgeport-connecticut-afe7c678fa5dfc85,253,9,0,E. Amendments. All site improvements must be carried,45.0,223.75437927246094,283.4848327636719,237.50088500976562,9.5,ProximaNova-Bold | ProximaNova-Light,20,612.0,792.0,E. Amendments. All site improvements must be carried,False,True,Paragraph,lettered_or_numbered,0.55,lettered_or_numbered_paragraph_marker,,4,bridgeport-connecticut-afe7c678fa5dfc85-node-001443
bridgeport-connecticut-afe7c678fa5dfc85,253,13,0,(2) Streets must be of standard widths but no wider,337.95001220703125,334.7544250488281,555.7921142578125,347.8834228515625,9.5,ProximaNova-Light,4,612.0,792.0,(2) Streets must be of standard widths but no wider,False,False,Paragraph,lettered_or_numbered,0.55,lettered_or_numbered_paragraph_marker,,4,bridgeport-connecticut-afe7c678fa5dfc85-node-001444
bridgeport-connecticut-afe7c678fa5dfc85,253,15,0,"(3) Streets must generally include curbs, buffer strips",337.95001220703125,379.7544250488281,561.1880493164062,392.8834228515625,9.5,ProximaNova-Light,4,612.0,792.0,"(3) Streets must generally include curbs, buffer strips",False,False,Paragraph,lettered_or_numbered,0.55,lettered_or_numbered_paragraph_marker,,4,bridgeport-connecticut-afe7c678fa5dfc85-node-001445
bridgeport-connecticut-afe7c678fa5dfc85,253,18,0,(4) Dead-end streets must provide space for vehicles,337.95001220703125,412.7544250488281,563.724609375,425.8834228515625,9.5,ProximaNova-Light,4,612.0,792.0,(4) Dead-end streets must provide space for vehicles,False,False,Paragraph,lettered_or_numbered,0.55,lettered_or_numbered_paragraph_marker,,4,bridgeport-connecticut-afe7c678fa5dfc85-node-001446
bridgeport-connecticut-afe7c678fa5dfc85,253,19,0,G. Continuing Nature of Obligation. All conditions,45.0,421.7544250488281,264.3200988769531,435.50091552734375,9.5,ProximaNova-Bold | ProximaNova-Light,20,612.0,792.0,G. Continuing Nature of Obligation. All conditions,False,True,Paragraph,lettered_or_numbered,0.55,lettered_or_numbered_paragraph_marker,,4,bridgeport-connecticut-afe7c678fa5dfc85-node-001447
bridgeport-connecticut-afe7c678fa5dfc85,253,23,0,10.40 Subdivision Design,46.0,518.9569091796875,195.59201049804688,536.680908203125,12.0,ProximaNova-Black,20,612.0,792.0,10.40 Subdivision Design,False,True,Section,section,0.9,decimal_pattern=section (N.MM),10.40,2,bridgeport-connecticut-afe7c678fa5dfc85-node-001448
bridgeport-connecticut-afe7c678fa5dfc85,253,24,0,G. Energy Efficiency. Subdivisions must be designed to,319.95001220703125,526.75439453125,558.801025390625,540.5008544921875,9.5,ProximaNova-Bold | ProximaNova-Light,20,612.0,792.0,G. Energy Efficiency. Subdivisions must be designed to,False,True,Paragraph,lettered_or_numbered,0.55,lettered_or_numbered_paragraph_marker,,4,bridgeport-connecticut-afe7c678fa5dfc85-node-001449
bridgeport-connecticut-afe7c678fa5dfc85,253,27,0,A. Plan of Conservation and Development. Subdivisions,45.0,599.6544189453125,291.4762878417969,613.40087890625,9.5,ProximaNova-Bold | ProximaNova-Light,20,612.0,792.0,A. Plan of Conservation and Development. Subdivisions,False,True,Paragraph,lettered_or_numbered,0.55,lettered_or_numbered_paragraph_marker,,4,bridgeport-connecticut-afe7c678fa5dfc85-node-001450
bridgeport-connecticut-afe7c678fa5dfc85,253,30,0,(2) Configuring and orienting lots to allow development,337.95001220703125,628.75439453125,571.9609985351562,641.8833618164062,9.5,ProximaNova-Light,4,612.0,792.0,(2) Configuring and orienting lots to allow development,False,False,Paragraph,lettered_or_numbered,0.55,lettered_or_numbered_paragraph_marker,,4,bridgeport-connecticut-afe7c678fa5dfc85-node-001451
bridgeport-connecticut-afe7c678fa5dfc85,253,32,0,"B. Public Health and Safety. Lots, streets, and open",45.0,644.6544189453125,270.4768371582031,658.40087890625,9.5,ProximaNova-Bold | ProximaNova-Light,20,612.0,792.0,"B. Public Health and Safety. Lots, streets, and open",False,True,Paragraph,lettered_or_numbered,0.55,lettered_or_numbered_paragraph_marker,,4,bridgeport-connecticut-afe7c678fa5dfc85-node-001452
bridgeport-connecticut-afe7c678fa5dfc85,253,33,0,(3) Designing the circulation system to encourage,337.95001220703125,661.75439453125,549.6455078125,674.8833618164062,9.5,ProximaNova-Light,4,612.0,792.0,(3) Designing the circulation system to encourage,False,False,Paragraph,lettered_or_numbered,0.55,lettered_or_numbered_paragraph_marker,,4,bridgeport-connecticut-afe7c678fa5dfc85-node-001453
bridgeport-connecticut-afe7c678fa5dfc85,254,4,0,10.40.2 REAR LOTS,40.70000076293945,82.60990142822266,136.17001342773438,97.07990264892578,10.0,ProximaNova-Bold,20,612.0,792.0,10.40.2 REAR LOTS,False,True,Subsection,subsection,0.8500000000000001,decimal_pattern=subsection,10.40.2,3,bridgeport-connecticut-afe7c678fa5dfc85-node-001454
bridgeport-connecticut-afe7c678fa5dfc85,254,2,0,A. Complies with all applicable stormwater management,315.45001220703125,103.75437927246094,555.5789794921875,117.50088500976562,9.5,ProximaNova-Bold | ProximaNova-Light,20,612.0,792.0,A. Complies with all applicable stormwater management,False,True,Paragraph,lettered_or_numbered,0.55,lettered_or_numbered_paragraph_marker,,4,bridgeport-connecticut-afe7c678fa5dfc85-node-001455
bridgeport-connecticut-afe7c678fa5dfc85,254,5,0,"B. Will not be detrimental to the public health, safety, and",315.45001220703125,136.75437927246094,559.3031616210938,150.50088500976562,9.5,ProximaNova-Bold | ProximaNova-Light,20,612.0,792.0,"B. Will not be detrimental to the public health, safety, and",False,True,Paragraph,lettered_or_numbered,0.55,lettered_or_numbered_paragraph_marker,,4,bridgeport-connecticut-afe7c678fa5dfc85-node-001456
bridgeport-connecticut-afe7c678fa5dfc85,254,8,0,"C. Will not create dangerous slopes, nuisances, or",315.45001220703125,169.75437927246094,530.6796264648438,183.50088500976562,9.5,ProximaNova-Bold | ProximaNova-Light,20,612.0,792.0,"C. Will not create dangerous slopes, nuisances, or",False,True,Paragraph,lettered_or_numbered,0.55,lettered_or_numbered_paragraph_marker,,4,bridgeport-connecticut-afe7c678fa5dfc85-node-001457
bridgeport-connecticut-afe7c678fa5dfc85,254,9,0,(2) The rear lot must have access to a public street.,58.5,173.14939880371094,276.87396240234375,186.2783966064453,9.5,ProximaNova-Light,4,612.0,792.0,(2) The rear lot must have access to a public street.,False,False,Paragraph,lettered_or_numbered,0.55,lettered_or_numbered_paragraph_marker,,4,bridgeport-connecticut-afe7c678fa5dfc85-node-001458
bridgeport-connecticut-afe7c678fa5dfc85,254,11,0,D. Will not be detrimental to air quality due to release or,315.45001220703125,202.75437927246094,555.0755004882812,216.50088500976562,9.5,ProximaNova-Bold | ProximaNova-Light,20,612.0,792.0,D. Will not be detrimental to air quality due to release or,False,True,Paragraph,lettered_or_numbered,0.55,lettered_or_numbered_paragraph_marker,,4,bridgeport-connecticut-afe7c678fa5dfc85-node-001459
bridgeport-connecticut-afe7c678fa5dfc85,254,14,0,(3) Both the front lot and the rear lot must conform,58.5,242.14939880371094,272.58001708984375,255.2783966064453,9.5,ProximaNova-Light,4,612.0,792.0,(3) Both the front lot and the rear lot must conform,False,False,Paragraph,lettered_or_numbered,0.55,lettered_or_numbered_paragraph_marker,,4,bridgeport-connecticut-afe7c678fa5dfc85-node-001460
bridgeport-connecticut-afe7c678fa5dfc85,254,16,0,10.50.3 TRUCK ROUTES; VEHICLE ACCESS,315.6499938964844,247.2148895263672,520.14990234375,261.68487548828125,10.0,ProximaNova-Bold,20,612.0,792.0,10.50.3 TRUCK ROUTES; VEHICLE ACCESS,False,True,Subsection,subsection,0.8500000000000001,decimal_pattern=subsection,10.50.3,3,bridgeport-connecticut-afe7c678fa5dfc85-node-001461
bridgeport-connecticut-afe7c678fa5dfc85,254,17,0,(4) The front property line of the rear lot is deemed to,58.5,311.1494140625,286.4690246582031,324.2784118652344,9.5,ProximaNova-Light,4,612.0,792.0,(4) The front property line of the rear lot is deemed to,False,False,Paragraph,lettered_or_numbered,0.55,lettered_or_numbered_paragraph_marker,,4,bridgeport-connecticut-afe7c678fa5dfc85-node-001462
bridgeport-connecticut-afe7c678fa5dfc85,254,19,0,10.50.4 SEPARATION FROM N AND NX ZONES,315.6499938964844,316.21490478515625,536.4999389648438,330.6849060058594,10.0,ProximaNova-Bold,20,612.0,792.0,10.50.4 SEPARATION FROM N AND NX ZONES,False,True,Subsection,subsection,0.8500000000000001,decimal_pattern=subsection,10.50.4,3,bridgeport-connecticut-afe7c678fa5dfc85-node-001463
bridgeport-connecticut-afe7c678fa5dfc85,254,20,0,10.40.3 MODIFICATIONS,40.70000076293945,355.6098937988281,160.77000427246094,370.07989501953125,10.0,ProximaNova-Bold,20,612.0,792.0,10.40.3 MODIFICATIONS,False,True,Subsection,subsection,0.8500000000000001,decimal_pattern=subsection,10.40.3,3,bridgeport-connecticut-afe7c678fa5dfc85-node-001464
bridgeport-connecticut-afe7c678fa5dfc85,254,21,0,10.50.5 SETBACKS,315.6499938964844,373.21490478515625,408.65997314453125,387.6849060058594,10.0,ProximaNova-Bold,20,612.0,792.0,10.50.5 SETBACKS,False,True,Subsection,subsection,0.8500000000000001,decimal_pattern=subsection,10.50.5,3,bridgeport-connecticut-afe7c678fa5dfc85-node-001465
bridgeport-connecticut-afe7c678fa5dfc85,254,22,0,"10.50 Processing, Storage, Stockpiling,",41.5,417.3518981933594,271.552001953125,435.0758972167969,12.0,ProximaNova-Black,20,612.0,792.0,"10.50 Processing, Storage, Stockpiling,",False,True,Section,section,0.9,decimal_pattern=section (N.MM),10.50,2,bridgeport-connecticut-afe7c678fa5dfc85-node-001466
bridgeport-connecticut-afe7c678fa5dfc85,254,24,0,10.50.6 SLOPES,315.6499938964844,430.21490478515625,395.3299865722656,444.6849060058594,10.0,ProximaNova-Bold,20,612.0,792.0,10.50.6 SLOPES,False,True,Subsection,subsection,0.8500000000000001,decimal_pattern=subsection,10.50.6,3,bridgeport-connecticut-afe7c678fa5dfc85-node-001467
bridgeport-connecticut-afe7c678fa5dfc85,254,23,2,A. The regulations of this section apply to all uses engaged,40.5,467.44940185546875,294.18548583984375,481.1958923339844,9.5,ProximaNova-Bold | ProximaNova-Light,20,612.0,792.0,A. The regulations of this section apply to all uses engaged,False,True,Paragraph,lettered_or_numbered,0.55,lettered_or_numbered_paragraph_marker,,4,bridgeport-connecticut-afe7c678fa5dfc85-node-001468
bridgeport-connecticut-afe7c678fa5dfc85,254,26,2,"A. The perimeter of all properties used for processing,",315.45001220703125,511.75439453125,548.0551147460938,525.5008544921875,9.5,ProximaNova-Bold | ProximaNova-Light,20,612.0,792.0,"A. The perimeter of all properties used for processing,",False,True,Paragraph,lettered_or_numbered,0.55,lettered_or_numbered_paragraph_marker,,4,bridgeport-connecticut-afe7c678fa5dfc85-node-001469
bridgeport-connecticut-afe7c678fa5dfc85,254,28,0,(2) Resource production and extraction activities,58.5,533.4494018554688,263.78302001953125,546.578369140625,9.5,ProximaNova-Light,4,612.0,792.0,(2) Resource production and extraction activities,False,False,Paragraph,lettered_or_numbered,0.55,lettered_or_numbered_paragraph_marker,,4,bridgeport-connecticut-afe7c678fa5dfc85-node-001470
bridgeport-connecticut-afe7c678fa5dfc85,254,31,0,"(3) Construction of ponds, lakes, or stormwater",58.5,566.4494018554688,257.7495422363281,579.578369140625,9.5,ProximaNova-Light,4,612.0,792.0,"(3) Construction of ponds, lakes, or stormwater",False,False,Paragraph,lettered_or_numbered,0.55,lettered_or_numbered_paragraph_marker,,4,bridgeport-connecticut-afe7c678fa5dfc85-node-001471
bridgeport-connecticut-afe7c678fa5dfc85,254,32,0,"B. The perimeter of all properties used for processing,",315.45001220703125,568.75439453125,548.0551147460938,582.5008544921875,9.5,ProximaNova-Bold | ProximaNova-Light,20,612.0,792.0,"B. The perimeter of all properties used for processing,",False,True,Paragraph,lettered_or_numbered,0.55,lettered_or_numbered_paragraph_marker,,4,bridgeport-connecticut-afe7c678fa5dfc85-node-001472
bridgeport-connecticut-afe7c678fa5dfc85,254,34,0,B. The regulations of this section do not apply to temporary,40.5,599.4495239257812,294.5464782714844,613.1959838867188,9.5,ProximaNova-Bold | ProximaNova-Light,20,612.0,792.0,B. The regulations of this section do not apply to temporary,False,True,Paragraph,lettered_or_numbered,0.55,lettered_or_numbered_paragraph_marker,,4,bridgeport-connecticut-afe7c678fa5dfc85-node-001473
bridgeport-connecticut-afe7c678fa5dfc85,254,36,0,C. In order to mitigate adverse visual and health impacts,315.45001220703125,637.75439453125,556.12060546875,651.5008544921875,9.5,ProximaNova-Bold | ProximaNova-Light,20,612.0,792.0,C. In order to mitigate adverse visual and health impacts,False,True,Paragraph,lettered_or_numbered,0.55,lettered_or_numbered_paragraph_marker,,4,bridgeport-connecticut-afe7c678fa5dfc85-node-001474
bridgeport-connecticut-afe7c678fa5dfc85,254,39,0,10.50.2 PUBLIC HEALTH SAFETY AND WELFARE,40.70000076293945,691.9100341796875,269.81396484375,706.3800048828125,10.0,ProximaNova-Bold,20,612.0,792.0,10.50.2 PUBLIC HEALTH SAFETY AND WELFARE,False,True,Subsection,subsection,0.8500000000000001,decimal_pattern=subsection,10.50.2,3,bridgeport-connecticut-afe7c678fa5dfc85-node-001475
bridgeport-connecticut-afe7c678fa5dfc85,255,2,0,(2) Built and solid walls;,62.82809829711914,103.75437927246094,166.11911010742188,116.88338470458984,9.5,ProximaNova-Light,4,612.0,792.0,(2) Built and solid walls;,False,False,Paragraph,lettered_or_numbered,0.55,lettered_or_numbered_paragraph_marker,,4,bridgeport-connecticut-afe7c678fa5dfc85-node-001476
bridgeport-connecticut-afe7c678fa5dfc85,255,3,0,(3) Air-tight sealing doors; and,62.82809829711914,124.75437927246094,191.33209228515625,137.8833770751953,9.5,ProximaNova-Light,4,612.0,792.0,(3) Air-tight sealing doors; and,False,False,Paragraph,lettered_or_numbered,0.55,lettered_or_numbered_paragraph_marker,,4,bridgeport-connecticut-afe7c678fa5dfc85-node-001477
bridgeport-connecticut-afe7c678fa5dfc85,255,4,0,(4) Air filtering or similar commission-approved air,62.82809829711914,145.75437927246094,273.4311218261719,158.8833770751953,9.5,ProximaNova-Light,4,612.0,792.0,(4) Air filtering or similar commission-approved air,False,False,Paragraph,lettered_or_numbered,0.55,lettered_or_numbered_paragraph_marker,,4,bridgeport-connecticut-afe7c678fa5dfc85-node-001478
bridgeport-connecticut-afe7c678fa5dfc85,255,7,0,10.50.8 OFF-SITE CLEAN-UP,45.028099060058594,190.2148895263672,181.88307189941406,204.68487548828125,10.0,ProximaNova-Bold,20,612.0,792.0,10.50.8 OFF-SITE CLEAN-UP,False,True,Subsection,subsection,0.8500000000000001,decimal_pattern=subsection,10.50.8,3,bridgeport-connecticut-afe7c678fa5dfc85-node-001479
bridgeport-connecticut-afe7c678fa5dfc85,255,8,0,10.60.3 REFERENCE,320.1499938964844,224.2148895263672,419.1999206542969,238.68487548828125,10.0,ProximaNova-Bold,20,612.0,792.0,10.60.3 REFERENCE,False,True,Subsection,subsection,0.8500000000000001,decimal_pattern=subsection,10.60.3,3,bridgeport-connecticut-afe7c678fa5dfc85-node-001480
bridgeport-connecticut-afe7c678fa5dfc85,255,10,0,10.50.9 RESTORATION PLAN,45.028099060058594,247.2148895263672,183.9930877685547,261.68487548828125,10.0,ProximaNova-Bold,20,612.0,792.0,10.50.9 RESTORATION PLAN,False,True,Subsection,subsection,0.8500000000000001,decimal_pattern=subsection,10.50.9,3,bridgeport-connecticut-afe7c678fa5dfc85-node-001481
bridgeport-connecticut-afe7c678fa5dfc85,255,9,0,10.70 Soil Erosion and Sediment Control,320.95001220703125,297.9569091796875,555.1900024414062,315.680908203125,12.0,ProximaNova-Black,20,612.0,792.0,10.70 Soil Erosion and Sediment Control,False,True,Section,section,0.9,decimal_pattern=section (N.MM),10.70,2,bridgeport-connecticut-afe7c678fa5dfc85-node-001482
bridgeport-connecticut-afe7c678fa5dfc85,255,12,0,A. Reduce soil erosion and sedimentation resulting in,319.95001220703125,366.6544189453125,548.4131469726562,380.4009094238281,9.5,ProximaNova-Bold | ProximaNova-Light,20,612.0,792.0,A. Reduce soil erosion and sedimentation resulting in,False,True,Paragraph,lettered_or_numbered,0.55,lettered_or_numbered_paragraph_marker,,4,bridgeport-connecticut-afe7c678fa5dfc85-node-001483
bridgeport-connecticut-afe7c678fa5dfc85,255,13,0,10.60 Stormwater Management Regulations,45.82809829711914,368.8963928222656,292.608642578125,385.88189697265625,11.5,ProximaNova-Black,20,612.0,792.0,10.60 Stormwater Management Regulations,False,True,Section,section,0.9,decimal_pattern=section (N.MM),10.60,2,bridgeport-connecticut-afe7c678fa5dfc85-node-001484
bridgeport-connecticut-afe7c678fa5dfc85,255,15,0,B. Reduce damage from stormwater runoff;,319.95001220703125,411.6544189453125,503.734619140625,425.4009094238281,9.5,ProximaNova-Bold | ProximaNova-Light,20,612.0,792.0,B. Reduce damage from stormwater runoff;,False,True,Paragraph,lettered_or_numbered,0.55,lettered_or_numbered_paragraph_marker,,4,bridgeport-connecticut-afe7c678fa5dfc85-node-001485
bridgeport-connecticut-afe7c678fa5dfc85,255,17,0,"C. Protect Long Island Sound's resources. ecosystems, and",319.95001220703125,432.6544189453125,571.9065551757812,446.4009094238281,9.5,ProximaNova-Bold | ProximaNova-Light,20,612.0,792.0,"C. Protect Long Island Sound's resources. ecosystems, and",False,True,Paragraph,lettered_or_numbered,0.55,lettered_or_numbered_paragraph_marker,,4,bridgeport-connecticut-afe7c678fa5dfc85-node-001486
bridgeport-connecticut-afe7c678fa5dfc85,255,18,0,A. Comply with relevant state statutes;,44.82809829711914,437.0544128417969,211.151611328125,450.8009033203125,9.5,ProximaNova-Bold | ProximaNova-Light,20,612.0,792.0,A. Comply with relevant state statutes;,False,True,Paragraph,lettered_or_numbered,0.55,lettered_or_numbered_paragraph_marker,,4,bridgeport-connecticut-afe7c678fa5dfc85-node-001487
bridgeport-connecticut-afe7c678fa5dfc85,255,20,0,B. Reduce soil erosion and sedimentation resulting in water,44.82809829711914,458.0544128417969,298.7891845703125,471.8009033203125,9.5,ProximaNova-Bold | ProximaNova-Light,20,612.0,792.0,B. Reduce soil erosion and sedimentation resulting in water,False,True,Paragraph,lettered_or_numbered,0.55,lettered_or_numbered_paragraph_marker,,4,bridgeport-connecticut-afe7c678fa5dfc85-node-001488
bridgeport-connecticut-afe7c678fa5dfc85,255,21,0,D. Minimize sediment pollution resulting from land,319.95001220703125,465.6544189453125,534.1726684570312,479.4009094238281,9.5,ProximaNova-Bold | ProximaNova-Light,20,612.0,792.0,D. Minimize sediment pollution resulting from land,False,True,Paragraph,lettered_or_numbered,0.55,lettered_or_numbered_paragraph_marker,,4,bridgeport-connecticut-afe7c678fa5dfc85-node-001489
bridgeport-connecticut-afe7c678fa5dfc85,255,24,0,C. Reduce damage from stormwater runoff;,44.82809829711914,491.0544128417969,231.07310485839844,504.8009033203125,9.5,ProximaNova-Bold | ProximaNova-Light,20,612.0,792.0,C. Reduce damage from stormwater runoff;,False,True,Paragraph,lettered_or_numbered,0.55,lettered_or_numbered_paragraph_marker,,4,bridgeport-connecticut-afe7c678fa5dfc85-node-001490
bridgeport-connecticut-afe7c678fa5dfc85,255,25,0,"D. Protect Long Island Sound's resources, ecosystems and",44.82809829711914,512.054443359375,294.7041931152344,525.8009033203125,9.5,ProximaNova-Bold | ProximaNova-Light,20,612.0,792.0,"D. Protect Long Island Sound's resources, ecosystems and",False,True,Paragraph,lettered_or_numbered,0.55,lettered_or_numbered_paragraph_marker,,4,bridgeport-connecticut-afe7c678fa5dfc85-node-001491
bridgeport-connecticut-afe7c678fa5dfc85,255,27,0,E. Minimize sediment pollution resulting from land,44.82809829711914,545.054443359375,259.0506286621094,558.8009033203125,9.5,ProximaNova-Bold | ProximaNova-Light,20,612.0,792.0,E. Minimize sediment pollution resulting from land,False,True,Paragraph,lettered_or_numbered,0.55,lettered_or_numbered_paragraph_marker,,4,bridgeport-connecticut-afe7c678fa5dfc85-node-001492
bridgeport-connecticut-afe7c678fa5dfc85,255,30,0,A. That is cumulatively more than one-half acre in area; or,319.95001220703125,591.6544189453125,563.9740600585938,605.40087890625,9.5,ProximaNova-Bold | ProximaNova-Light,20,612.0,792.0,A. That is cumulatively more than one-half acre in area; or,False,True,Paragraph,lettered_or_numbered,0.55,lettered_or_numbered_paragraph_marker,,4,bridgeport-connecticut-afe7c678fa5dfc85-node-001493
bridgeport-connecticut-afe7c678fa5dfc85,255,31,0,"B. That is located within 200 feet of any wetland,",319.95001220703125,612.6544189453125,530.8285522460938,626.40087890625,9.5,ProximaNova-Bold | ProximaNova-Light,20,612.0,792.0,"B. That is located within 200 feet of any wetland,",False,True,Paragraph,lettered_or_numbered,0.55,lettered_or_numbered_paragraph_marker,,4,bridgeport-connecticut-afe7c678fa5dfc85-node-001494
bridgeport-connecticut-afe7c678fa5dfc85,255,36,0,10.60.2 AUTHORITY,45.028099060058594,646.5149536132812,144.03811645507812,660.9849243164062,10.0,ProximaNova-Bold,20,612.0,792.0,10.60.2 AUTHORITY,False,True,Subsection,subsection,0.8500000000000001,decimal_pattern=subsection,10.60.2,3,bridgeport-connecticut-afe7c678fa5dfc85-node-001495
bridgeport-connecticut-afe7c678fa5dfc85,255,34,2,A. Required soil erosion and sedimentation control plans,319.95001220703125,657.6544189453125,562.1216430664062,671.40087890625,9.5,ProximaNova-Bold | ProximaNova-Light,20,612.0,792.0,A. Required soil erosion and sedimentation control plans,False,True,Paragraph,lettered_or_numbered,0.55,lettered_or_numbered_paragraph_marker,,4,bridgeport-connecticut-afe7c678fa5dfc85-node-001496
bridgeport-connecticut-afe7c678fa5dfc85,256,1,0,B. Upon receipt of a complete soil erosion and,40.5,82.75437927246094,242.40098571777344,96.50088500976562,9.5,ProximaNova-Bold | ProximaNova-Light,20,612.0,792.0,B. Upon receipt of a complete soil erosion and,False,True,Paragraph,lettered_or_numbered,0.55,lettered_or_numbered_paragraph_marker,,4,bridgeport-connecticut-afe7c678fa5dfc85-node-001497
bridgeport-connecticut-afe7c678fa5dfc85,256,3,0,C. Upon receipt of the city engineer's report and,40.5,175.75437927246094,249.01206970214844,189.50088500976562,9.5,ProximaNova-Bold | ProximaNova-Light,20,612.0,792.0,C. Upon receipt of the city engineer's report and,False,True,Paragraph,lettered_or_numbered,0.55,lettered_or_numbered_paragraph_marker,,4,bridgeport-connecticut-afe7c678fa5dfc85-node-001498
bridgeport-connecticut-afe7c678fa5dfc85,256,6,2,A. Grading and site disturbance activities may not,40.5,433.7544250488281,253.4399871826172,447.50091552734375,9.5,ProximaNova-Bold | ProximaNova-Light,20,612.0,792.0,A. Grading and site disturbance activities may not,False,True,Paragraph,lettered_or_numbered,0.55,lettered_or_numbered_paragraph_marker,,4,bridgeport-connecticut-afe7c678fa5dfc85-node-001499
bridgeport-connecticut-afe7c678fa5dfc85,256,8,0,B. Final approval and release of any performance bond,40.5,502.75439453125,277.40850830078125,516.5008544921875,9.5,ProximaNova-Bold | ProximaNova-Light,20,612.0,792.0,B. Final approval and release of any performance bond,False,True,Paragraph,lettered_or_numbered,0.55,lettered_or_numbered_paragraph_marker,,4,bridgeport-connecticut-afe7c678fa5dfc85-node-001500
bridgeport-connecticut-afe7c678fa5dfc85,257,0,0,11.0 PROCEDURES,45.0,93.91778564453125,198.92800903320312,120.14379119873047,18.0,ProximaNovaCond-Black,20,612.0,792.0,11.0 PROCEDURES,False,True,Title,chapter,0.9,decimal_pattern=chapter (N.0),11.0,1,bridgeport-connecticut-afe7c678fa5dfc85-node-001501
bridgeport-connecticut-afe7c678fa5dfc85,258,0,1,11.10 Common Provisions,40.5,41.37941360473633,209.78799438476562,61.637413024902344,14.0,ProximaNova-Bold,20,612.0,792.0,11.10 Common Provisions,False,True,Section,section,0.9,decimal_pattern=section (N.MM),11.10,2,bridgeport-connecticut-afe7c678fa5dfc85-node-001502
bridgeport-connecticut-afe7c678fa5dfc85,258,1,0,B. Eligible Applicants. When the procedures of this article,316.79998779296875,82.53446960449219,566.7564697265625,96.28097534179688,9.5,ProximaNova-Bold | ProximaNova-Light,20,612.0,792.0,B. Eligible Applicants. When the procedures of this article,False,True,Paragraph,lettered_or_numbered,0.55,lettered_or_numbered_paragraph_marker,,4,bridgeport-connecticut-afe7c678fa5dfc85-node-001503
bridgeport-connecticut-afe7c678fa5dfc85,258,5,0,C. Form of Application. Applications required under this,316.79998779296875,199.5344696044922,558.9720458984375,213.28097534179688,9.5,ProximaNova-Bold | ProximaNova-Light,20,612.0,792.0,C. Form of Application. Applications required under this,False,True,Paragraph,lettered_or_numbered,0.55,lettered_or_numbered_paragraph_marker,,4,bridgeport-connecticut-afe7c678fa5dfc85-node-001504
bridgeport-connecticut-afe7c678fa5dfc85,258,10,0,"(2) Maps, plats, surveys, dimensioned site plans,",334.79998779296875,337.5345153808594,539.6080932617188,350.66351318359375,9.5,ProximaNova-Light,4,612.0,792.0,"(2) Maps, plats, surveys, dimensioned site plans,",False,False,Paragraph,lettered_or_numbered,0.55,lettered_or_numbered_paragraph_marker,,4,bridgeport-connecticut-afe7c678fa5dfc85-node-001505
bridgeport-connecticut-afe7c678fa5dfc85,258,17,0,D. Fees and Notification Costs. Application fees are,316.79998779296875,418.5345153808594,543.6348266601562,432.281005859375,9.5,ProximaNova-Bold | ProximaNova-Light,20,612.0,792.0,D. Fees and Notification Costs. Application fees are,False,True,Paragraph,lettered_or_numbered,0.55,lettered_or_numbered_paragraph_marker,,4,bridgeport-connecticut-afe7c678fa5dfc85-node-001506
bridgeport-connecticut-afe7c678fa5dfc85,258,24,0,"E. Completeness, Accuracy and Sufficiency",316.79998779296875,499.5345153808594,510.0655822753906,513.281005859375,9.5,ProximaNova-Bold,20,612.0,792.0,"E. Completeness, Accuracy and Sufficiency",False,True,Paragraph,lettered_or_numbered,0.55,lettered_or_numbered_paragraph_marker,,4,bridgeport-connecticut-afe7c678fa5dfc85-node-001507
bridgeport-connecticut-afe7c678fa5dfc85,258,30,0,(2) The official responsible for accepting the application,334.79998779296875,565.5345458984375,570.64453125,578.6635131835938,9.5,ProximaNova-Light,4,612.0,792.0,(2) The official responsible for accepting the application,False,False,Paragraph,lettered_or_numbered,0.55,lettered_or_numbered_paragraph_marker,,4,bridgeport-connecticut-afe7c678fa5dfc85-node-001508
bridgeport-connecticut-afe7c678fa5dfc85,258,35,2,A. Applicability. The application and fee provisions of this,40.5,668.3685302734375,288.2091064453125,682.114990234375,9.5,ProximaNova-Bold | ProximaNova-Light,20,612.0,792.0,A. Applicability. The application and fee provisions of this,False,True,Paragraph,lettered_or_numbered,0.55,lettered_or_numbered_paragraph_marker,,4,bridgeport-connecticut-afe7c678fa5dfc85-node-001509
bridgeport-connecticut-afe7c678fa5dfc85,258,36,0,(3) No further action will be taken on an incomplete,334.79998779296875,682.5345458984375,553.2775268554688,695.6635131835938,9.5,ProximaNova-Light,4,612.0,792.0,(3) No further action will be taken on an incomplete,False,False,Paragraph,lettered_or_numbered,0.55,lettered_or_numbered_paragraph_marker,,4,bridgeport-connecticut-afe7c678fa5dfc85-node-001510
bridgeport-connecticut-afe7c678fa5dfc85,259,1,0,B. Mailed Notice to Property Owners,319.95001220703125,82.75437927246094,484.62066650390625,96.50088500976562,9.5,ProximaNova-Bold,20,612.0,792.0,B. Mailed Notice to Property Owners,False,True,Paragraph,lettered_or_numbered,0.55,lettered_or_numbered_paragraph_marker,,4,bridgeport-connecticut-afe7c678fa5dfc85-node-001511
bridgeport-connecticut-afe7c678fa5dfc85,259,3,0,(4) Applications deemed complete will be placed in the,63.0,163.75437927246094,297.54302978515625,176.8833770751953,9.5,ProximaNova-Light,4,612.0,792.0,(4) Applications deemed complete will be placed in the,False,False,Paragraph,lettered_or_numbered,0.55,lettered_or_numbered_paragraph_marker,,4,bridgeport-connecticut-afe7c678fa5dfc85-node-001512
bridgeport-connecticut-afe7c678fa5dfc85,259,5,0,(2) Property owner addresses must be obtained,337.95001220703125,184.75437927246094,542.0457153320312,197.8833770751953,9.5,ProximaNova-Light,4,612.0,792.0,(2) Property owner addresses must be obtained,False,False,Paragraph,lettered_or_numbered,0.55,lettered_or_numbered_paragraph_marker,,4,bridgeport-connecticut-afe7c678fa5dfc85-node-001513
bridgeport-connecticut-afe7c678fa5dfc85,259,8,0,(3) The applicant must file a certificate of mailing or,337.95001220703125,229.75437927246094,555.0890502929688,242.8833770751953,9.5,ProximaNova-Light,4,612.0,792.0,(3) The applicant must file a certificate of mailing or,False,False,Paragraph,lettered_or_numbered,0.55,lettered_or_numbered_paragraph_marker,,4,bridgeport-connecticut-afe7c678fa5dfc85-node-001514
bridgeport-connecticut-afe7c678fa5dfc85,259,9,0,(5) The official responsible for accepting the application,63.0,244.75437927246094,298.8444519042969,257.8833923339844,9.5,ProximaNova-Light,4,612.0,792.0,(5) The official responsible for accepting the application,False,False,Paragraph,lettered_or_numbered,0.55,lettered_or_numbered_paragraph_marker,,4,bridgeport-connecticut-afe7c678fa5dfc85-node-001515
bridgeport-connecticut-afe7c678fa5dfc85,259,11,0,C. Email Notice to Individuals and Organizations on,319.95001220703125,274.7544250488281,550.5125732421875,288.50091552734375,9.5,ProximaNova-Bold,20,612.0,792.0,C. Email Notice to Individuals and Organizations on,False,True,Paragraph,lettered_or_numbered,0.55,lettered_or_numbered_paragraph_marker,,4,bridgeport-connecticut-afe7c678fa5dfc85-node-001516
bridgeport-connecticut-afe7c678fa5dfc85,259,16,0,D. Email Notice to NRZ. When the procedures of this,319.95001220703125,415.7544250488281,549.6448364257812,429.50091552734375,9.5,ProximaNova-Bold | ProximaNova-Light,20,612.0,792.0,D. Email Notice to NRZ. When the procedures of this,False,True,Paragraph,lettered_or_numbered,0.55,lettered_or_numbered_paragraph_marker,,4,bridgeport-connecticut-afe7c678fa5dfc85-node-001517
bridgeport-connecticut-afe7c678fa5dfc85,259,20,0,E. Mailed Notice to Regional Planning Agency. When,319.95001220703125,484.7544250488281,555.7824096679688,498.50091552734375,9.5,ProximaNova-Bold | ProximaNova-Light,20,612.0,792.0,E. Mailed Notice to Regional Planning Agency. When,False,True,Paragraph,lettered_or_numbered,0.55,lettered_or_numbered_paragraph_marker,,4,bridgeport-connecticut-afe7c678fa5dfc85-node-001518
bridgeport-connecticut-afe7c678fa5dfc85,259,22,2,A. Published Notice. When the procedures of this zoning,45.0,547.75439453125,291.3465270996094,561.5008544921875,9.5,ProximaNova-Bold | ProximaNova-Light,20,612.0,792.0,A. Published Notice. When the procedures of this zoning,False,True,Paragraph,lettered_or_numbered,0.55,lettered_or_numbered_paragraph_marker,,4,bridgeport-connecticut-afe7c678fa5dfc85-node-001519
bridgeport-connecticut-afe7c678fa5dfc85,260,1,0,G. Posted Notice. When the procedures of this zoning,40.5,82.75437927246094,273.9648132324219,96.50088500976562,9.5,ProximaNova-Bold | ProximaNova-Light,20,612.0,792.0,G. Posted Notice. When the procedures of this zoning,False,True,Paragraph,lettered_or_numbered,0.55,lettered_or_numbered_paragraph_marker,,4,bridgeport-connecticut-afe7c678fa5dfc85-node-001520
bridgeport-connecticut-afe7c678fa5dfc85,260,4,0,(2) The planning and zoning commission is authorized,58.5,160.75437927246094,287.8084716796875,173.8833770751953,9.5,ProximaNova-Light,4,612.0,792.0,(2) The planning and zoning commission is authorized,False,False,Paragraph,lettered_or_numbered,0.55,lettered_or_numbered_paragraph_marker,,4,bridgeport-connecticut-afe7c678fa5dfc85-node-001521
bridgeport-connecticut-afe7c678fa5dfc85,260,7,0,(3) Applicants are required to post required notice,58.5,205.75437927246094,272.0669860839844,218.8833770751953,9.5,ProximaNova-Light,4,612.0,792.0,(3) Applicants are required to post required notice,False,False,Paragraph,lettered_or_numbered,0.55,lettered_or_numbered_paragraph_marker,,4,bridgeport-connecticut-afe7c678fa5dfc85-node-001522
bridgeport-connecticut-afe7c678fa5dfc85,260,8,2,A. General. The body conducting the hearing is authorized,315.45001220703125,211.75437927246094,567.6625366210938,225.50088500976562,9.5,ProximaNova-Bold | ProximaNova-Light,20,612.0,792.0,A. General. The body conducting the hearing is authorized,False,True,Paragraph,lettered_or_numbered,0.55,lettered_or_numbered_paragraph_marker,,4,bridgeport-connecticut-afe7c678fa5dfc85-node-001523
bridgeport-connecticut-afe7c678fa5dfc85,260,11,0,"B. Continuances. Once commenced, a public hearing may",315.45001220703125,268.75439453125,567.2919311523438,282.5008850097656,9.5,ProximaNova-Bold | ProximaNova-Light,20,612.0,792.0,"B. Continuances. Once commenced, a public hearing may",False,True,Paragraph,lettered_or_numbered,0.55,lettered_or_numbered_paragraph_marker,,4,bridgeport-connecticut-afe7c678fa5dfc85-node-001524
bridgeport-connecticut-afe7c678fa5dfc85,260,12,0,(4) The applicant must file a certificate of posting or,58.5,286.7544250488281,276.9405212402344,299.8834228515625,9.5,ProximaNova-Light,4,612.0,792.0,(4) The applicant must file a certificate of posting or,False,False,Paragraph,lettered_or_numbered,0.55,lettered_or_numbered_paragraph_marker,,4,bridgeport-connecticut-afe7c678fa5dfc85-node-001525
bridgeport-connecticut-afe7c678fa5dfc85,260,14,0,H. Courtesy Notices. In addition to the forms of notice,40.5,331.7544250488281,273.78387451171875,345.50091552734375,9.5,ProximaNova-Bold | ProximaNova-Light,20,612.0,792.0,H. Courtesy Notices. In addition to the forms of notice,False,True,Paragraph,lettered_or_numbered,0.55,lettered_or_numbered_paragraph_marker,,4,bridgeport-connecticut-afe7c678fa5dfc85-node-001526
bridgeport-connecticut-afe7c678fa5dfc85,260,17,0,C. Timing,315.45001220703125,421.7544250488281,362.93798828125,435.50091552734375,9.5,ProximaNova-Bold,20,612.0,792.0,C. Timing,False,True,Paragraph,lettered_or_numbered,0.55,lettered_or_numbered_paragraph_marker,,4,bridgeport-connecticut-afe7c678fa5dfc85-node-001527
bridgeport-connecticut-afe7c678fa5dfc85,260,20,0,(2) Describe any property involved in the application by,58.5,478.7544250488281,293.8219909667969,491.8834228515625,9.5,ProximaNova-Light,4,612.0,792.0,(2) Describe any property involved in the application by,False,False,Paragraph,lettered_or_numbered,0.55,lettered_or_numbered_paragraph_marker,,4,bridgeport-connecticut-afe7c678fa5dfc85-node-001528
bridgeport-connecticut-afe7c678fa5dfc85,260,23,0,"(3) Describe the general nature, scope and purpose of",58.5,523.75439453125,290.3060302734375,536.8833618164062,9.5,ProximaNova-Light,4,612.0,792.0,"(3) Describe the general nature, scope and purpose of",False,False,Paragraph,lettered_or_numbered,0.55,lettered_or_numbered_paragraph_marker,,4,bridgeport-connecticut-afe7c678fa5dfc85-node-001529
bridgeport-connecticut-afe7c678fa5dfc85,260,24,0,"(2) Final decisions on petitions, applications, requests,",333.45001220703125,523.75439453125,562.1028442382812,536.8833618164062,9.5,ProximaNova-Light,4,612.0,792.0,"(2) Final decisions on petitions, applications, requests,",False,False,Paragraph,lettered_or_numbered,0.55,lettered_or_numbered_paragraph_marker,,4,bridgeport-connecticut-afe7c678fa5dfc85-node-001530
bridgeport-connecticut-afe7c678fa5dfc85,260,26,0,(4) Indicate where additional information on the matter,58.5,556.75439453125,288.82501220703125,569.8833618164062,9.5,ProximaNova-Light,4,612.0,792.0,(4) Indicate where additional information on the matter,False,False,Paragraph,lettered_or_numbered,0.55,lettered_or_numbered_paragraph_marker,,4,bridgeport-connecticut-afe7c678fa5dfc85-node-001531
bridgeport-connecticut-afe7c678fa5dfc85,260,29,0,(3) The petitioner or applicant may agree to one or,333.45001220703125,580.75439453125,549.734130859375,593.8833618164062,9.5,ProximaNova-Light,4,612.0,792.0,(3) The petitioner or applicant may agree to one or,False,False,Paragraph,lettered_or_numbered,0.55,lettered_or_numbered_paragraph_marker,,4,bridgeport-connecticut-afe7c678fa5dfc85-node-001532
bridgeport-connecticut-afe7c678fa5dfc85,260,32,0,(4) For the purposes of calculating the timeframes for,333.45001220703125,637.75439453125,559.0250244140625,650.8833618164062,9.5,ProximaNova-Light,4,612.0,792.0,(4) For the purposes of calculating the timeframes for,False,False,Paragraph,lettered_or_numbered,0.55,lettered_or_numbered_paragraph_marker,,4,bridgeport-connecticut-afe7c678fa5dfc85-node-001533
bridgeport-connecticut-afe7c678fa5dfc85,260,35,0,(2) Minor defects in required notices will not be,58.5,703.75439453125,259.89752197265625,716.8833618164062,9.5,ProximaNova-Light,4,612.0,792.0,(2) Minor defects in required notices will not be,False,False,Paragraph,lettered_or_numbered,0.55,lettered_or_numbered_paragraph_marker,,4,bridgeport-connecticut-afe7c678fa5dfc85-node-001534
bridgeport-connecticut-afe7c678fa5dfc85,261,0,1,11.20 Preapplication Review,391.6064147949219,41.37941360473633,575.2570190429688,61.637413024902344,14.0,ProximaNova-Bold,20,612.0,792.0,11.20 Preapplication Review,False,True,Section,section,0.9,decimal_pattern=section (N.MM),11.20,2,bridgeport-connecticut-afe7c678fa5dfc85-node-001535
bridgeport-connecticut-afe7c678fa5dfc85,261,2,2,A. Authorized Actions. Review and decision-making,45.0,96.14939880371094,270.48431396484375,109.89590454101562,9.5,ProximaNova-Bold | ProximaNova-Light,20,612.0,792.0,A. Authorized Actions. Review and decision-making,False,True,Paragraph,lettered_or_numbered,0.55,lettered_or_numbered_paragraph_marker,,4,bridgeport-connecticut-afe7c678fa5dfc85-node-001536
bridgeport-connecticut-afe7c678fa5dfc85,261,5,0,(2) Any rules or by-laws that apply to the review or,63.0,150.14939880371094,277.5550231933594,163.2783966064453,9.5,ProximaNova-Light,4,612.0,792.0,(2) Any rules or by-laws that apply to the review or,False,False,Paragraph,lettered_or_numbered,0.55,lettered_or_numbered_paragraph_marker,,4,bridgeport-connecticut-afe7c678fa5dfc85-node-001537
bridgeport-connecticut-afe7c678fa5dfc85,261,8,0,(3) The notice that was given.,63.0,183.14939880371094,191.50399780273438,196.2783966064453,9.5,ProximaNova-Light,4,612.0,792.0,(3) The notice that was given.,False,False,Paragraph,lettered_or_numbered,0.55,lettered_or_numbered_paragraph_marker,,4,bridgeport-connecticut-afe7c678fa5dfc85-node-001538
bridgeport-connecticut-afe7c678fa5dfc85,261,9,0,"B. Burden of Proof or Persuasion. In all cases, the burden",45.0,204.14939880371094,296.71112060546875,217.89590454101562,9.5,ProximaNova-Bold | ProximaNova-Light,20,612.0,792.0,"B. Burden of Proof or Persuasion. In all cases, the burden",False,True,Paragraph,lettered_or_numbered,0.55,lettered_or_numbered_paragraph_marker,,4,bridgeport-connecticut-afe7c678fa5dfc85-node-001539
bridgeport-connecticut-afe7c678fa5dfc85,261,13,0,C. Continuance or Deferral. Decision-making bodies are,45.0,261.1494140625,289.5277404785156,274.8959045410156,9.5,ProximaNova-Bold | ProximaNova-Light,20,612.0,792.0,C. Continuance or Deferral. Decision-making bodies are,False,True,Paragraph,lettered_or_numbered,0.55,lettered_or_numbered_paragraph_marker,,4,bridgeport-connecticut-afe7c678fa5dfc85-node-001540
bridgeport-connecticut-afe7c678fa5dfc85,261,14,0,(2) Special permits (see 11.50 );,337.95001220703125,264.72943115234375,467.6361999511719,277.8584289550781,9.5,ProximaNova-Light,4,612.0,792.0,(2) Special permits (see 11.50 );,False,False,Paragraph,lettered_or_numbered,0.55,lettered_or_numbered_paragraph_marker,,4,bridgeport-connecticut-afe7c678fa5dfc85-node-001541
bridgeport-connecticut-afe7c678fa5dfc85,261,15,0,(3) Development plans (see 11.60 );,337.95001220703125,285.7294006347656,482.1521911621094,298.8583984375,9.5,ProximaNova-Light,4,612.0,792.0,(3) Development plans (see 11.60 );,False,False,Paragraph,lettered_or_numbered,0.55,lettered_or_numbered_paragraph_marker,,4,bridgeport-connecticut-afe7c678fa5dfc85-node-001542
bridgeport-connecticut-afe7c678fa5dfc85,261,17,0,(4) New construction or exterior rehabilitation of any,337.95001220703125,306.7294006347656,558.7276611328125,319.8583984375,9.5,ProximaNova-Light,4,612.0,792.0,(4) New construction or exterior rehabilitation of any,False,False,Paragraph,lettered_or_numbered,0.55,lettered_or_numbered_paragraph_marker,,4,bridgeport-connecticut-afe7c678fa5dfc85-node-001543
bridgeport-connecticut-afe7c678fa5dfc85,261,18,0,D. Conditions of Approval,45.0,318.1494140625,162.38900756835938,331.8959045410156,9.5,ProximaNova-Bold,20,612.0,792.0,D. Conditions of Approval,False,True,Paragraph,lettered_or_numbered,0.55,lettered_or_numbered_paragraph_marker,,4,bridgeport-connecticut-afe7c678fa5dfc85-node-001544
bridgeport-connecticut-afe7c678fa5dfc85,261,20,0,"(5) New construction, exterior rehabilitation, or change",337.95001220703125,351.7294006347656,568.2940063476562,364.8583984375,9.5,ProximaNova-Light,4,612.0,792.0,"(5) New construction, exterior rehabilitation, or change",False,False,Paragraph,lettered_or_numbered,0.55,lettered_or_numbered_paragraph_marker,,4,bridgeport-connecticut-afe7c678fa5dfc85-node-001545
bridgeport-connecticut-afe7c678fa5dfc85,261,23,0,(2) Any conditions recommended or approved,63.0,396.1494140625,260.6925048828125,409.2784118652344,9.5,ProximaNova-Light,4,612.0,792.0,(2) Any conditions recommended or approved,False,False,Paragraph,lettered_or_numbered,0.55,lettered_or_numbered_paragraph_marker,,4,bridgeport-connecticut-afe7c678fa5dfc85-node-001546
bridgeport-connecticut-afe7c678fa5dfc85,261,24,2,A. Step 1: Concept Plan Review. As the first step of the,319.95001220703125,408.7294006347656,558.5043334960938,422.47589111328125,9.5,ProximaNova-Bold | ProximaNova-Light,20,612.0,792.0,A. Step 1: Concept Plan Review. As the first step of the,False,True,Paragraph,lettered_or_numbered,0.55,lettered_or_numbered_paragraph_marker,,4,bridgeport-connecticut-afe7c678fa5dfc85-node-001547
bridgeport-connecticut-afe7c678fa5dfc85,261,26,0,"(3) When conditions of approval are imposed, the",63.0,465.1494140625,273.6600036621094,478.2784118652344,9.5,ProximaNova-Light,4,612.0,792.0,"(3) When conditions of approval are imposed, the",False,False,Paragraph,lettered_or_numbered,0.55,lettered_or_numbered_paragraph_marker,,4,bridgeport-connecticut-afe7c678fa5dfc85-node-001548
bridgeport-connecticut-afe7c678fa5dfc85,261,29,2,"A. On any application, the planning and zoning",45.0,546.1494140625,246.96749877929688,559.8958740234375,9.5,ProximaNova-Bold | ProximaNova-Light,20,612.0,792.0,"A. On any application, the planning and zoning",False,True,Paragraph,lettered_or_numbered,0.55,lettered_or_numbered_paragraph_marker,,4,bridgeport-connecticut-afe7c678fa5dfc85-node-001549
bridgeport-connecticut-afe7c678fa5dfc85,261,30,0,B. Step 2: Technical Plan Review. As the second and final,319.95001220703125,561.7294311523438,570.8638305664062,575.4758911132812,9.5,ProximaNova-Bold | ProximaNova-Light,20,612.0,792.0,B. Step 2: Technical Plan Review. As the second and final,False,True,Paragraph,lettered_or_numbered,0.55,lettered_or_numbered_paragraph_marker,,4,bridgeport-connecticut-afe7c678fa5dfc85-node-001550
bridgeport-connecticut-afe7c678fa5dfc85,261,32,0,"B. The planning and zoning commission, zoning board",45.0,615.1494140625,278.260498046875,628.8958740234375,9.5,ProximaNova-Bold | ProximaNova-Light,20,612.0,792.0,"B. The planning and zoning commission, zoning board",False,True,Paragraph,lettered_or_numbered,0.55,lettered_or_numbered_paragraph_marker,,4,bridgeport-connecticut-afe7c678fa5dfc85-node-001551
bridgeport-connecticut-afe7c678fa5dfc85,261,34,0,C. Exceptions. The zoning official is authorized to waive,319.95001220703125,702.7294311523438,559.9644775390625,716.4758911132812,9.5,ProximaNova-Bold | ProximaNova-Light,20,612.0,792.0,C. Exceptions. The zoning official is authorized to waive,False,True,Paragraph,lettered_or_numbered,0.55,lettered_or_numbered_paragraph_marker,,4,bridgeport-connecticut-afe7c678fa5dfc85-node-001552
bridgeport-connecticut-afe7c678fa5dfc85,262,0,1,11.30 Zoning Code Text Amendments,40.5,41.37941360473633,282.4326171875,61.637413024902344,14.0,ProximaNova-Bold,20,612.0,792.0,11.30 Zoning Code Text Amendments,False,True,Section,section,0.9,decimal_pattern=section (N.MM),11.30,2,bridgeport-connecticut-afe7c678fa5dfc85-node-001553
bridgeport-connecticut-afe7c678fa5dfc85,262,1,0,B. Whether the proposed zoning code text amendment,315.45001220703125,82.75437927246094,552.4821166992188,96.50088500976562,9.5,ProximaNova-Bold | ProximaNova-Light,20,612.0,792.0,B. Whether the proposed zoning code text amendment,False,True,Paragraph,lettered_or_numbered,0.55,lettered_or_numbered_paragraph_marker,,4,bridgeport-connecticut-afe7c678fa5dfc85-node-001554
bridgeport-connecticut-afe7c678fa5dfc85,262,3,2,A. Unless otherwise provided by the planning and zoning,315.45001220703125,139.75437927246094,560.9656982421875,153.50088500976562,9.5,ProximaNova-Bold | ProximaNova-Light,20,612.0,792.0,A. Unless otherwise provided by the planning and zoning,False,True,Paragraph,lettered_or_numbered,0.55,lettered_or_numbered_paragraph_marker,,4,bridgeport-connecticut-afe7c678fa5dfc85-node-001555
bridgeport-connecticut-afe7c678fa5dfc85,262,8,0,B. No application for approval required under this article,315.45001220703125,280.7544250488281,556.0731201171875,294.50091552734375,9.5,ProximaNova-Bold | ProximaNova-Light,20,612.0,792.0,B. No application for approval required under this article,False,True,Paragraph,lettered_or_numbered,0.55,lettered_or_numbered_paragraph_marker,,4,bridgeport-connecticut-afe7c678fa5dfc85-node-001556
bridgeport-connecticut-afe7c678fa5dfc85,262,11,2,A. Notice of the planning and zoning commission’s,40.5,317.6544189453125,257.9715270996094,331.4009094238281,9.5,ProximaNova-Bold | ProximaNova-Light,20,612.0,792.0,A. Notice of the planning and zoning commission’s,False,True,Paragraph,lettered_or_numbered,0.55,lettered_or_numbered_paragraph_marker,,4,bridgeport-connecticut-afe7c678fa5dfc85-node-001557
bridgeport-connecticut-afe7c678fa5dfc85,262,13,0,B. If the proposed text amendment affects a zone located,40.5,374.6544189453125,287.0794677734375,388.4009094238281,9.5,ProximaNova-Bold | ProximaNova-Light,20,612.0,792.0,B. If the proposed text amendment affects a zone located,False,True,Paragraph,lettered_or_numbered,0.55,lettered_or_numbered_paragraph_marker,,4,bridgeport-connecticut-afe7c678fa5dfc85-node-001558
bridgeport-connecticut-afe7c678fa5dfc85,262,16,0,11.40 Zoning Map Amendments,316.45001220703125,410.9569091796875,503.6740417480469,428.680908203125,12.0,ProximaNova-Black,20,612.0,792.0,11.40 Zoning Map Amendments,False,True,Section,section,0.9,decimal_pattern=section (N.MM),11.40,2,bridgeport-connecticut-afe7c678fa5dfc85-node-001559
bridgeport-connecticut-afe7c678fa5dfc85,262,17,2,A. The planning and zoning commission must hold a,40.5,443.6544189453125,265.125,457.4009094238281,9.5,ProximaNova-Bold | ProximaNova-Light,20,612.0,792.0,A. The planning and zoning commission must hold a,False,True,Paragraph,lettered_or_numbered,0.55,lettered_or_numbered_paragraph_marker,,4,bridgeport-connecticut-afe7c678fa5dfc85-node-001560
bridgeport-connecticut-afe7c678fa5dfc85,262,20,0,B. The reasons for the final decision of the planning and,40.5,524.6544189453125,280.86651611328125,538.40087890625,9.5,ProximaNova-Bold | ProximaNova-Light,20,612.0,792.0,B. The reasons for the final decision of the planning and,False,True,Paragraph,lettered_or_numbered,0.55,lettered_or_numbered_paragraph_marker,,4,bridgeport-connecticut-afe7c678fa5dfc85-node-001561
bridgeport-connecticut-afe7c678fa5dfc85,262,22,0,C. Zoning code text amendments may be approved by,40.5,557.6544189453125,275.1949768066406,571.40087890625,9.5,ProximaNova-Bold | ProximaNova-Light,20,612.0,792.0,C. Zoning code text amendments may be approved by,False,True,Paragraph,lettered_or_numbered,0.55,lettered_or_numbered_paragraph_marker,,4,bridgeport-connecticut-afe7c678fa5dfc85-node-001562
bridgeport-connecticut-afe7c678fa5dfc85,262,27,0,A. Whether the proposed text amendment is in conformity,40.5,671.6544189453125,288.19097900390625,685.40087890625,9.5,ProximaNova-Bold | ProximaNova-Light,20,612.0,792.0,A. Whether the proposed text amendment is in conformity,False,True,Paragraph,lettered_or_numbered,0.55,lettered_or_numbered_paragraph_marker,,4,bridgeport-connecticut-afe7c678fa5dfc85-node-001563
bridgeport-connecticut-afe7c678fa5dfc85,262,28,2,A. Notice of the planning and zoning commission’s,315.45001220703125,677.6544189453125,532.921630859375,691.40087890625,9.5,ProximaNova-Bold | ProximaNova-Light,20,612.0,792.0,A. Notice of the planning and zoning commission’s,False,True,Paragraph,lettered_or_numbered,0.55,lettered_or_numbered_paragraph_marker,,4,bridgeport-connecticut-afe7c678fa5dfc85-node-001564
bridgeport-connecticut-afe7c678fa5dfc85,263,4,0,B. The reasons for the final decision of the planning and,319.95001220703125,115.75437927246094,560.3167114257812,129.50088500976562,9.5,ProximaNova-Bold | ProximaNova-Light,20,612.0,792.0,B. The reasons for the final decision of the planning and,False,True,Paragraph,lettered_or_numbered,0.55,lettered_or_numbered_paragraph_marker,,4,bridgeport-connecticut-afe7c678fa5dfc85-node-001565
bridgeport-connecticut-afe7c678fa5dfc85,263,7,0,C. Zoning map amendments may be approved by a simple,319.95001220703125,148.75437927246094,571.042236328125,162.50088500976562,9.5,ProximaNova-Bold | ProximaNova-Light,20,612.0,792.0,C. Zoning map amendments may be approved by a simple,False,True,Paragraph,lettered_or_numbered,0.55,lettered_or_numbered_paragraph_marker,,4,bridgeport-connecticut-afe7c678fa5dfc85-node-001566
bridgeport-connecticut-afe7c678fa5dfc85,263,11,2,A. If a valid protest petition is filed against any proposed,319.95001220703125,217.75437927246094,560.5919189453125,231.50088500976562,9.5,ProximaNova-Bold | ProximaNova-Light,20,612.0,792.0,A. If a valid protest petition is filed against any proposed,False,True,Paragraph,lettered_or_numbered,0.55,lettered_or_numbered_paragraph_marker,,4,bridgeport-connecticut-afe7c678fa5dfc85-node-001567
bridgeport-connecticut-afe7c678fa5dfc85,263,15,0,B. A protest petition is valid only if it is signed and,319.95001220703125,274.7544250488281,534.505126953125,288.50091552734375,9.5,ProximaNova-Bold | ProximaNova-Light,20,612.0,792.0,B. A protest petition is valid only if it is signed and,False,True,Paragraph,lettered_or_numbered,0.55,lettered_or_numbered_paragraph_marker,,4,bridgeport-connecticut-afe7c678fa5dfc85-node-001568
bridgeport-connecticut-afe7c678fa5dfc85,263,20,0,C. Petitions in protest of any proposed zoning map,319.95001220703125,343.7544250488281,538.153076171875,357.50091552734375,9.5,ProximaNova-Bold | ProximaNova-Light,20,612.0,792.0,C. Petitions in protest of any proposed zoning map,False,True,Paragraph,lettered_or_numbered,0.55,lettered_or_numbered_paragraph_marker,,4,bridgeport-connecticut-afe7c678fa5dfc85-node-001569
bridgeport-connecticut-afe7c678fa5dfc85,263,22,0,B. Notice of the planning and zoning commission’s,45.0,380.1144104003906,262.4715270996094,393.86090087890625,9.5,ProximaNova-Bold | ProximaNova-Light,20,612.0,792.0,B. Notice of the planning and zoning commission’s,False,True,Paragraph,lettered_or_numbered,0.55,lettered_or_numbered_paragraph_marker,,4,bridgeport-connecticut-afe7c678fa5dfc85-node-001570
bridgeport-connecticut-afe7c678fa5dfc85,263,24,0,(2) Petitions must include space for listing addresses of,337.95001220703125,421.7544250488281,571.6759643554688,434.8834228515625,9.5,ProximaNova-Light,4,612.0,792.0,(2) Petitions must include space for listing addresses of,False,False,Paragraph,lettered_or_numbered,0.55,lettered_or_numbered_paragraph_marker,,4,bridgeport-connecticut-afe7c678fa5dfc85-node-001571
bridgeport-connecticut-afe7c678fa5dfc85,263,27,0,C. If the proposed zoning map amendment affects property,45.0,449.1144104003906,298.3815002441406,462.86090087890625,9.5,ProximaNova-Bold | ProximaNova-Light,20,612.0,792.0,C. If the proposed zoning map amendment affects property,False,True,Paragraph,lettered_or_numbered,0.55,lettered_or_numbered_paragraph_marker,,4,bridgeport-connecticut-afe7c678fa5dfc85-node-001572
bridgeport-connecticut-afe7c678fa5dfc85,263,28,0,(3) Invalid signatures do not invalidate remaining valid,337.95001220703125,454.7544250488281,566.033203125,467.8834228515625,9.5,ProximaNova-Light,4,612.0,792.0,(3) Invalid signatures do not invalidate remaining valid,False,False,Paragraph,lettered_or_numbered,0.55,lettered_or_numbered_paragraph_marker,,4,bridgeport-connecticut-afe7c678fa5dfc85-node-001573
bridgeport-connecticut-afe7c678fa5dfc85,263,31,0,(4) Petitions must include a form for attestation by the,337.95001220703125,487.7544250488281,564.5606079101562,500.8834228515625,9.5,ProximaNova-Light,4,612.0,792.0,(4) Petitions must include a form for attestation by the,False,False,Paragraph,lettered_or_numbered,0.55,lettered_or_numbered_paragraph_marker,,4,bridgeport-connecticut-afe7c678fa5dfc85-node-001574
bridgeport-connecticut-afe7c678fa5dfc85,263,32,0,D. If the proposed zoning map amendment affects property,45.0,506.1143798828125,298.3815002441406,519.86083984375,9.5,ProximaNova-Bold | ProximaNova-Light,20,612.0,792.0,D. If the proposed zoning map amendment affects property,False,True,Paragraph,lettered_or_numbered,0.55,lettered_or_numbered_paragraph_marker,,4,bridgeport-connecticut-afe7c678fa5dfc85-node-001575
bridgeport-connecticut-afe7c678fa5dfc85,263,34,0,(5) Petitions and forms must be duly attested and,337.95001220703125,532.75439453125,546.9950561523438,545.8833618164062,9.5,ProximaNova-Light,4,612.0,792.0,(5) Petitions and forms must be duly attested and,False,False,Paragraph,lettered_or_numbered,0.55,lettered_or_numbered_paragraph_marker,,4,bridgeport-connecticut-afe7c678fa5dfc85-node-001576
bridgeport-connecticut-afe7c678fa5dfc85,263,37,0,D. Any petition that fails to meet the criteria or,319.95001220703125,589.75439453125,517.9750366210938,603.5008544921875,9.5,ProximaNova-Bold | ProximaNova-Light,20,612.0,792.0,D. Any petition that fails to meet the criteria or,False,True,Paragraph,lettered_or_numbered,0.55,lettered_or_numbered_paragraph_marker,,4,bridgeport-connecticut-afe7c678fa5dfc85-node-001577
bridgeport-connecticut-afe7c678fa5dfc85,263,38,0,E. If a zoning map amendment application is filed by an,45.0,599.1143798828125,282.4215087890625,612.86083984375,9.5,ProximaNova-Bold | ProximaNova-Light,20,612.0,792.0,E. If a zoning map amendment application is filed by an,False,True,Paragraph,lettered_or_numbered,0.55,lettered_or_numbered_paragraph_marker,,4,bridgeport-connecticut-afe7c678fa5dfc85-node-001578
bridgeport-connecticut-afe7c678fa5dfc85,263,41,2,A. The planning and zoning commission must hold a public,45.0,680.1143798828125,297.06103515625,693.86083984375,9.5,ProximaNova-Bold | ProximaNova-Light,20,612.0,792.0,A. The planning and zoning commission must hold a public,False,True,Paragraph,lettered_or_numbered,0.55,lettered_or_numbered_paragraph_marker,,4,bridgeport-connecticut-afe7c678fa5dfc85-node-001579
bridgeport-connecticut-afe7c678fa5dfc85,264,0,1,11.50 Special Permits,40.5,41.37941360473633,181.2825927734375,61.637413024902344,14.0,ProximaNova-Bold,20,612.0,792.0,11.50 Special Permits,False,True,Section,section,0.9,decimal_pattern=section (N.MM),11.50,2,bridgeport-connecticut-afe7c678fa5dfc85-node-001580
bridgeport-connecticut-afe7c678fa5dfc85,264,1,0,A. Whether the proposed zoning map amendment is in,40.5,82.75437927246094,275.8125,96.50088500976562,9.5,ProximaNova-Bold | ProximaNova-Light,20,612.0,792.0,A. Whether the proposed zoning map amendment is in,False,True,Paragraph,lettered_or_numbered,0.55,lettered_or_numbered_paragraph_marker,,4,bridgeport-connecticut-afe7c678fa5dfc85-node-001581
bridgeport-connecticut-afe7c678fa5dfc85,264,3,2,A. Notice of the planning and zoning commission’s,315.45001220703125,95.14939880371094,532.921630859375,108.89590454101562,9.5,ProximaNova-Bold | ProximaNova-Light,20,612.0,792.0,A. Notice of the planning and zoning commission’s,False,True,Paragraph,lettered_or_numbered,0.55,lettered_or_numbered_paragraph_marker,,4,bridgeport-connecticut-afe7c678fa5dfc85-node-001582
bridgeport-connecticut-afe7c678fa5dfc85,264,4,0,B. Whether the proposed zoning map amendment corrects,40.5,115.75437927246094,292.7414855957031,129.50088500976562,9.5,ProximaNova-Bold | ProximaNova-Light,20,612.0,792.0,B. Whether the proposed zoning map amendment corrects,False,True,Paragraph,lettered_or_numbered,0.55,lettered_or_numbered_paragraph_marker,,4,bridgeport-connecticut-afe7c678fa5dfc85-node-001583
bridgeport-connecticut-afe7c678fa5dfc85,264,7,0,B. Notice of the planning and zoning commission’s,315.45001220703125,152.14939880371094,532.921630859375,165.89590454101562,9.5,ProximaNova-Bold | ProximaNova-Light,20,612.0,792.0,B. Notice of the planning and zoning commission’s,False,True,Paragraph,lettered_or_numbered,0.55,lettered_or_numbered_paragraph_marker,,4,bridgeport-connecticut-afe7c678fa5dfc85-node-001584
bridgeport-connecticut-afe7c678fa5dfc85,264,9,0,C. If the special permit application affects property,315.45001220703125,221.14939880371094,531.3159790039062,234.89590454101562,9.5,ProximaNova-Bold | ProximaNova-Light,20,612.0,792.0,C. If the special permit application affects property,False,True,Paragraph,lettered_or_numbered,0.55,lettered_or_numbered_paragraph_marker,,4,bridgeport-connecticut-afe7c678fa5dfc85-node-001585
bridgeport-connecticut-afe7c678fa5dfc85,264,11,0,D. The applicant must provide mailed notice to all owners,315.45001220703125,314.1494140625,561.3361206054688,327.8959045410156,9.5,ProximaNova-Bold | ProximaNova-Light,20,612.0,792.0,D. The applicant must provide mailed notice to all owners,False,True,Paragraph,lettered_or_numbered,0.55,lettered_or_numbered_paragraph_marker,,4,bridgeport-connecticut-afe7c678fa5dfc85-node-001586
bridgeport-connecticut-afe7c678fa5dfc85,264,14,2,A. The planning and zoning commission must hold a,315.45001220703125,371.1494140625,540.0752563476562,384.8959045410156,9.5,ProximaNova-Bold | ProximaNova-Light,20,612.0,792.0,A. The planning and zoning commission must hold a,False,True,Paragraph,lettered_or_numbered,0.55,lettered_or_numbered_paragraph_marker,,4,bridgeport-connecticut-afe7c678fa5dfc85-node-001587
bridgeport-connecticut-afe7c678fa5dfc85,264,19,0,11.40.10 APPEALS,40.70000076293945,430.21490478515625,126.91999053955078,444.6849060058594,10.0,ProximaNova-Bold,20,612.0,792.0,11.40.10 APPEALS,False,True,Subsection,subsection,0.8500000000000001,decimal_pattern=subsection,11.40.10,3,bridgeport-connecticut-afe7c678fa5dfc85-node-001588
bridgeport-connecticut-afe7c678fa5dfc85,264,17,0,B. The reasons for the final decision of the planning and,315.45001220703125,440.1494140625,555.8167114257812,453.8959045410156,9.5,ProximaNova-Bold | ProximaNova-Light,20,612.0,792.0,B. The reasons for the final decision of the planning and,False,True,Paragraph,lettered_or_numbered,0.55,lettered_or_numbered_paragraph_marker,,4,bridgeport-connecticut-afe7c678fa5dfc85-node-001589
bridgeport-connecticut-afe7c678fa5dfc85,264,20,0,C. Special permit applications may be approved by,315.45001220703125,485.1494140625,534.6030883789062,498.8959045410156,9.5,ProximaNova-Bold | ProximaNova-Light,20,612.0,792.0,C. Special permit applications may be approved by,False,True,Paragraph,lettered_or_numbered,0.55,lettered_or_numbered_paragraph_marker,,4,bridgeport-connecticut-afe7c678fa5dfc85-node-001590
bridgeport-connecticut-afe7c678fa5dfc85,264,23,2,A. General. In order to approve a special permit,315.45001220703125,542.1494140625,522.6135864257812,555.8958740234375,9.5,ProximaNova-Bold | ProximaNova-Light,20,612.0,792.0,A. General. In order to approve a special permit,False,True,Paragraph,lettered_or_numbered,0.55,lettered_or_numbered_paragraph_marker,,4,bridgeport-connecticut-afe7c678fa5dfc85-node-001591
bridgeport-connecticut-afe7c678fa5dfc85,264,28,0,(2) The proposed special permit use and,333.45001220703125,644.1494140625,508.3901672363281,657.2783813476562,9.5,ProximaNova-Light,4,612.0,792.0,(2) The proposed special permit use and,False,False,Paragraph,lettered_or_numbered,0.55,lettered_or_numbered_paragraph_marker,,4,bridgeport-connecticut-afe7c678fa5dfc85-node-001592
bridgeport-connecticut-afe7c678fa5dfc85,264,30,0,(3) The proposed special permit use and,333.45001220703125,689.1494140625,508.3901672363281,702.2783813476562,9.5,ProximaNova-Light,4,612.0,792.0,(3) The proposed special permit use and,False,False,Paragraph,lettered_or_numbered,0.55,lettered_or_numbered_paragraph_marker,,4,bridgeport-connecticut-afe7c678fa5dfc85-node-001593
bridgeport-connecticut-afe7c678fa5dfc85,265,4,0,(3) The proposed use will not present an undue hazard,337.95001220703125,115.75437927246094,572.2842407226562,128.8833770751953,9.5,ProximaNova-Light,4,612.0,792.0,(3) The proposed use will not present an undue hazard,False,False,Paragraph,lettered_or_numbered,0.55,lettered_or_numbered_paragraph_marker,,4,bridgeport-connecticut-afe7c678fa5dfc85-node-001594
bridgeport-connecticut-afe7c678fa5dfc85,265,7,0,C. Adaptive Reuse. In order to approve a special,319.95001220703125,148.75437927246094,532.1444702148438,162.50088500976562,9.5,ProximaNova-Bold | ProximaNova-Light,20,612.0,792.0,C. Adaptive Reuse. In order to approve a special,False,True,Paragraph,lettered_or_numbered,0.55,lettered_or_numbered_paragraph_marker,,4,bridgeport-connecticut-afe7c678fa5dfc85-node-001595
bridgeport-connecticut-afe7c678fa5dfc85,265,16,0,(2) The potential negative impacts on the,337.95001220703125,334.7544250488281,514.14404296875,347.8834228515625,9.5,ProximaNova-Light,4,612.0,792.0,(2) The potential negative impacts on the,False,False,Paragraph,lettered_or_numbered,0.55,lettered_or_numbered_paragraph_marker,,4,bridgeport-connecticut-afe7c678fa5dfc85-node-001596
bridgeport-connecticut-afe7c678fa5dfc85,265,18,0,(4) The proposed special permit use will not be,62.82809829711914,375.6144104003906,264.58660888671875,388.743408203125,9.5,ProximaNova-Light,4,612.0,792.0,(4) The proposed special permit use will not be,False,False,Paragraph,lettered_or_numbered,0.55,lettered_or_numbered_paragraph_marker,,4,bridgeport-connecticut-afe7c678fa5dfc85-node-001597
bridgeport-connecticut-afe7c678fa5dfc85,265,21,0,(3) The renovation and remodeling of structures for,337.95001220703125,415.7544250488281,555.6495361328125,428.8834228515625,9.5,ProximaNova-Light,4,612.0,792.0,(3) The renovation and remodeling of structures for,False,False,Paragraph,lettered_or_numbered,0.55,lettered_or_numbered_paragraph_marker,,4,bridgeport-connecticut-afe7c678fa5dfc85-node-001598
bridgeport-connecticut-afe7c678fa5dfc85,265,22,0,(5) The proposal includes adequate safeguards to,62.82809829711914,432.6144104003906,275.7206115722656,445.743408203125,9.5,ProximaNova-Light,4,612.0,792.0,(5) The proposal includes adequate safeguards to,False,False,Paragraph,lettered_or_numbered,0.55,lettered_or_numbered_paragraph_marker,,4,bridgeport-connecticut-afe7c678fa5dfc85-node-001599
bridgeport-connecticut-afe7c678fa5dfc85,265,25,0,(6) The proposed use is not likely to cause a,62.82809829711914,477.6144104003906,253.27207946777344,490.743408203125,9.5,ProximaNova-Light,4,612.0,792.0,(6) The proposed use is not likely to cause a,False,False,Paragraph,lettered_or_numbered,0.55,lettered_or_numbered_paragraph_marker,,4,bridgeport-connecticut-afe7c678fa5dfc85-node-001600
bridgeport-connecticut-afe7c678fa5dfc85,265,27,0,(7) Environmental impacts to Long Island Sound will be,62.82809829711914,510.6143798828125,294.9960632324219,523.7433471679688,9.5,ProximaNova-Light,4,612.0,792.0,(7) Environmental impacts to Long Island Sound will be,False,False,Paragraph,lettered_or_numbered,0.55,lettered_or_numbered_paragraph_marker,,4,bridgeport-connecticut-afe7c678fa5dfc85-node-001601
bridgeport-connecticut-afe7c678fa5dfc85,265,29,0,B. N Zones. In order to approve a special permit,44.82809829711914,543.6143798828125,254.12515258789062,557.36083984375,9.5,ProximaNova-Bold | ProximaNova-Light,20,612.0,792.0,B. N Zones. In order to approve a special permit,False,True,Paragraph,lettered_or_numbered,0.55,lettered_or_numbered_paragraph_marker,,4,bridgeport-connecticut-afe7c678fa5dfc85-node-001602
bridgeport-connecticut-afe7c678fa5dfc85,265,33,0,(2) The site layout and its relation to access streets,62.82809829711914,669.6143798828125,279.235595703125,682.7433471679688,9.5,ProximaNova-Light,4,612.0,792.0,(2) The site layout and its relation to access streets,False,False,Paragraph,lettered_or_numbered,0.55,lettered_or_numbered_paragraph_marker,,4,bridgeport-connecticut-afe7c678fa5dfc85-node-001603
bridgeport-connecticut-afe7c678fa5dfc85,266,2,0,11.50.11 APPEALS,315.6499938964844,82.60990142822266,401.8699645996094,97.07990264892578,10.0,ProximaNova-Bold,20,612.0,792.0,11.50.11 APPEALS,False,True,Subsection,subsection,0.8500000000000001,decimal_pattern=subsection,11.50.11,3,bridgeport-connecticut-afe7c678fa5dfc85-node-001604
bridgeport-connecticut-afe7c678fa5dfc85,266,1,2,A. General,40.5,95.14939880371094,92.32950592041016,108.89590454101562,9.5,ProximaNova-Bold,20,612.0,792.0,A. General,False,True,Paragraph,lettered_or_numbered,0.55,lettered_or_numbered_paragraph_marker,,4,bridgeport-connecticut-afe7c678fa5dfc85-node-001605
bridgeport-connecticut-afe7c678fa5dfc85,266,5,0,"(2) If an appeal to court is filed, the 12-month lapse of",58.5,221.14939880371094,283.9895324707031,234.2783966064453,9.5,ProximaNova-Light,4,612.0,792.0,"(2) If an appeal to court is filed, the 12-month lapse of",False,False,Paragraph,lettered_or_numbered,0.55,lettered_or_numbered_paragraph_marker,,4,bridgeport-connecticut-afe7c678fa5dfc85-node-001606
bridgeport-connecticut-afe7c678fa5dfc85,266,8,0,(3) The planning and zoning commission is authorized,58.5,266.1494140625,287.8084716796875,279.2784118652344,9.5,ProximaNova-Light,4,612.0,792.0,(3) The planning and zoning commission is authorized,False,False,Paragraph,lettered_or_numbered,0.55,lettered_or_numbered_paragraph_marker,,4,bridgeport-connecticut-afe7c678fa5dfc85-node-001607
bridgeport-connecticut-afe7c678fa5dfc85,266,11,0,B. Exception. Notwithstanding the general lapse of,40.5,347.1494140625,260.0135192871094,360.8959045410156,9.5,ProximaNova-Bold | ProximaNova-Light,20,612.0,792.0,B. Exception. Notwithstanding the general lapse of,False,True,Paragraph,lettered_or_numbered,0.55,lettered_or_numbered_paragraph_marker,,4,bridgeport-connecticut-afe7c678fa5dfc85-node-001608
bridgeport-connecticut-afe7c678fa5dfc85,266,13,2,A. Site plan approval is required before the issuance of,315.45001220703125,411.0494079589844,551.8741455078125,424.7958984375,9.5,ProximaNova-Bold | ProximaNova-Light,20,612.0,792.0,A. Site plan approval is required before the issuance of,False,True,Paragraph,lettered_or_numbered,0.55,lettered_or_numbered_paragraph_marker,,4,bridgeport-connecticut-afe7c678fa5dfc85-node-001609
bridgeport-connecticut-afe7c678fa5dfc85,266,16,0,B. Unless a longer time period or a phasing plan is,315.45001220703125,492.0494079589844,533.3777465820312,505.7958984375,9.5,ProximaNova-Bold | ProximaNova-Light,20,612.0,792.0,B. Unless a longer time period or a phasing plan is,False,True,Paragraph,lettered_or_numbered,0.55,lettered_or_numbered_paragraph_marker,,4,bridgeport-connecticut-afe7c678fa5dfc85-node-001610
bridgeport-connecticut-afe7c678fa5dfc85,266,17,0,C. Denial of Extension Request. Denial of an application,40.5,500.1494140625,284.4727478027344,513.8958740234375,9.5,ProximaNova-Bold | ProximaNova-Light,20,612.0,792.0,C. Denial of Extension Request. Denial of an application,False,True,Paragraph,lettered_or_numbered,0.55,lettered_or_numbered_paragraph_marker,,4,bridgeport-connecticut-afe7c678fa5dfc85-node-001611
bridgeport-connecticut-afe7c678fa5dfc85,266,19,0,11.50.10 MODIFICATIONS,40.70000076293945,556.6099243164062,160.77000427246094,571.0798950195312,10.0,ProximaNova-Bold,20,612.0,792.0,11.50.10 MODIFICATIONS,False,True,Subsection,subsection,0.8500000000000001,decimal_pattern=subsection,11.50.10,3,bridgeport-connecticut-afe7c678fa5dfc85-node-001612
bridgeport-connecticut-afe7c678fa5dfc85,266,20,0,A. Any modifications expressly authorized by planning,40.5,638.1494140625,272.0894775390625,651.8958740234375,9.5,ProximaNova-Bold | ProximaNova-Light,20,612.0,792.0,A. Any modifications expressly authorized by planning,False,True,Paragraph,lettered_or_numbered,0.55,lettered_or_numbered_paragraph_marker,,4,bridgeport-connecticut-afe7c678fa5dfc85-node-001613
bridgeport-connecticut-afe7c678fa5dfc85,266,24,0,B. The addition or relocation of customary accessory uses,40.5,683.1494140625,288.8275146484375,696.8958740234375,9.5,ProximaNova-Bold | ProximaNova-Light,20,612.0,792.0,B. The addition or relocation of customary accessory uses,False,True,Paragraph,lettered_or_numbered,0.55,lettered_or_numbered_paragraph_marker,,4,bridgeport-connecticut-afe7c678fa5dfc85-node-001614
bridgeport-connecticut-afe7c678fa5dfc85,266,25,0,(2) An amendment to the approved development plan;,333.45001220703125,690.0494384765625,565.07666015625,703.1784057617188,9.5,ProximaNova-Light,4,612.0,792.0,(2) An amendment to the approved development plan;,False,False,Paragraph,lettered_or_numbered,0.55,lettered_or_numbered_paragraph_marker,,4,bridgeport-connecticut-afe7c678fa5dfc85-node-001615
bridgeport-connecticut-afe7c678fa5dfc85,267,0,1,11.70 Site Plans,471.4610900878906,41.37941360473633,575.257080078125,61.637413024902344,14.0,ProximaNova-Bold,20,612.0,792.0,11.70 Site Plans,False,True,Section,section,0.9,decimal_pattern=section (N.MM),11.70,2,bridgeport-connecticut-afe7c678fa5dfc85-node-001616
bridgeport-connecticut-afe7c678fa5dfc85,267,1,0,(3) Rezoning of all or a portion of the subject property,63.0,82.75437927246094,291.1114501953125,95.88338470458984,9.5,ProximaNova-Light,4,612.0,792.0,(3) Rezoning of all or a portion of the subject property,False,False,Paragraph,lettered_or_numbered,0.55,lettered_or_numbered_paragraph_marker,,4,bridgeport-connecticut-afe7c678fa5dfc85-node-001617
bridgeport-connecticut-afe7c678fa5dfc85,267,3,0,C. Notwithstanding the 5-year site plan filing deadline,45.0,127.75437927246094,274.3179931640625,141.50088500976562,9.5,ProximaNova-Bold | ProximaNova-Light,20,612.0,792.0,C. Notwithstanding the 5-year site plan filing deadline,False,True,Paragraph,lettered_or_numbered,0.55,lettered_or_numbered_paragraph_marker,,4,bridgeport-connecticut-afe7c678fa5dfc85-node-001618
bridgeport-connecticut-afe7c678fa5dfc85,267,5,2,A. Zoning Official. The commission delegates to the,319.95001220703125,212.14939880371094,546.1282348632812,225.89590454101562,9.5,ProximaNova-Bold | ProximaNova-Light,20,612.0,792.0,A. Zoning Official. The commission delegates to the,False,True,Paragraph,lettered_or_numbered,0.55,lettered_or_numbered_paragraph_marker,,4,bridgeport-connecticut-afe7c678fa5dfc85-node-001619
bridgeport-connecticut-afe7c678fa5dfc85,267,9,0,B. Planning and Zoning Commission. The planning and,319.95001220703125,329.1494140625,562.8111572265625,342.8959045410156,9.5,ProximaNova-Bold | ProximaNova-Light,20,612.0,792.0,B. Planning and Zoning Commission. The planning and,False,True,Paragraph,lettered_or_numbered,0.55,lettered_or_numbered_paragraph_marker,,4,bridgeport-connecticut-afe7c678fa5dfc85-node-001620
bridgeport-connecticut-afe7c678fa5dfc85,267,13,0,"(2) Coastal site plans, as required under 11.80 ;",337.95001220703125,419.1494140625,530.6649780273438,432.2784118652344,9.5,ProximaNova-Light,4,612.0,792.0,"(2) Coastal site plans, as required under 11.80 ;",False,False,Paragraph,lettered_or_numbered,0.55,lettered_or_numbered_paragraph_marker,,4,bridgeport-connecticut-afe7c678fa5dfc85-node-001621
bridgeport-connecticut-afe7c678fa5dfc85,267,15,0,"(3) Subdivisions, other than first-cut (or free-split)",337.95001220703125,440.1494140625,543.033447265625,453.2784118652344,9.5,ProximaNova-Light,4,612.0,792.0,"(3) Subdivisions, other than first-cut (or free-split)",False,False,Paragraph,lettered_or_numbered,0.55,lettered_or_numbered_paragraph_marker,,4,bridgeport-connecticut-afe7c678fa5dfc85-node-001622
bridgeport-connecticut-afe7c678fa5dfc85,267,16,0,A. Any use or activity for site plan approval for which site,45.0,446.6544189453125,287.5704650878906,460.4009094238281,9.5,ProximaNova-Bold | ProximaNova-Light,20,612.0,792.0,A. Any use or activity for site plan approval for which site,False,True,Paragraph,lettered_or_numbered,0.55,lettered_or_numbered_paragraph_marker,,4,bridgeport-connecticut-afe7c678fa5dfc85-node-001623
bridgeport-connecticut-afe7c678fa5dfc85,267,19,0,B. Any use or activity that for which special permit approval,45.0,491.6544189453125,297.72601318359375,505.4009094238281,9.5,ProximaNova-Bold | ProximaNova-Light,20,612.0,792.0,B. Any use or activity that for which special permit approval,False,True,Paragraph,lettered_or_numbered,0.55,lettered_or_numbered_paragraph_marker,,4,bridgeport-connecticut-afe7c678fa5dfc85-node-001624
bridgeport-connecticut-afe7c678fa5dfc85,267,21,0,(4) Site plans requiring review by the inland wetlands,337.95001220703125,509.1494140625,563.1356201171875,522.2783813476562,9.5,ProximaNova-Light,4,612.0,792.0,(4) Site plans requiring review by the inland wetlands,False,False,Paragraph,lettered_or_numbered,0.55,lettered_or_numbered_paragraph_marker,,4,bridgeport-connecticut-afe7c678fa5dfc85-node-001625
bridgeport-connecticut-afe7c678fa5dfc85,267,22,0,C. Any use or activity that requires coastal site plan,45.0,524.6544189453125,264.3335266113281,538.40087890625,9.5,ProximaNova-Bold | ProximaNova-Light,20,612.0,792.0,C. Any use or activity that requires coastal site plan,False,True,Paragraph,lettered_or_numbered,0.55,lettered_or_numbered_paragraph_marker,,4,bridgeport-connecticut-afe7c678fa5dfc85-node-001626
bridgeport-connecticut-afe7c678fa5dfc85,267,25,0,(5) Any other site plans for which planning and zoning,337.95001220703125,554.1494140625,566.8596801757812,567.2783813476562,9.5,ProximaNova-Light,4,612.0,792.0,(5) Any other site plans for which planning and zoning,False,False,Paragraph,lettered_or_numbered,0.55,lettered_or_numbered_paragraph_marker,,4,bridgeport-connecticut-afe7c678fa5dfc85-node-001627
bridgeport-connecticut-afe7c678fa5dfc85,267,26,0,D. Any activity requiring review by the inlands wetlands,45.0,557.6544189453125,281.0250549316406,571.40087890625,9.5,ProximaNova-Bold | ProximaNova-Light,20,612.0,792.0,D. Any activity requiring review by the inlands wetlands,False,True,Paragraph,lettered_or_numbered,0.55,lettered_or_numbered_paragraph_marker,,4,bridgeport-connecticut-afe7c678fa5dfc85-node-001628
bridgeport-connecticut-afe7c678fa5dfc85,267,29,0,E. Any subdivision;,45.0,590.6544189453125,132.01748657226562,604.40087890625,9.5,ProximaNova-Bold | ProximaNova-Light,20,612.0,792.0,E. Any subdivision;,False,True,Paragraph,lettered_or_numbered,0.55,lettered_or_numbered_paragraph_marker,,4,bridgeport-connecticut-afe7c678fa5dfc85-node-001629
bridgeport-connecticut-afe7c678fa5dfc85,267,30,0,C. Criteria for Site Plan Approval. Final action to approve,319.95001220703125,599.1494140625,568.9723510742188,612.8958740234375,9.5,ProximaNova-Bold | ProximaNova-Light,20,612.0,792.0,C. Criteria for Site Plan Approval. Final action to approve,False,True,Paragraph,lettered_or_numbered,0.55,lettered_or_numbered_paragraph_marker,,4,bridgeport-connecticut-afe7c678fa5dfc85-node-001630
bridgeport-connecticut-afe7c678fa5dfc85,267,32,0,G. Any activity that results in an increase in existing lot,45.0,644.6544189453125,276.64556884765625,658.40087890625,9.5,ProximaNova-Bold | ProximaNova-Light,20,612.0,792.0,G. Any activity that results in an increase in existing lot,False,True,Paragraph,lettered_or_numbered,0.55,lettered_or_numbered_paragraph_marker,,4,bridgeport-connecticut-afe7c678fa5dfc85-node-001631
bridgeport-connecticut-afe7c678fa5dfc85,267,35,0,H. Any change of use.,45.0,677.6544189453125,142.4865264892578,691.40087890625,9.5,ProximaNova-Bold | ProximaNova-Light,20,612.0,792.0,H. Any change of use.,False,True,Paragraph,lettered_or_numbered,0.55,lettered_or_numbered_paragraph_marker,,4,bridgeport-connecticut-afe7c678fa5dfc85-node-001632
bridgeport-connecticut-afe7c678fa5dfc85,268,1,0,A. Such activity or project is a municipal project referred to,315.45001220703125,82.75437927246094,565.8389282226562,96.50088500976562,9.5,ProximaNova-Bold | ProximaNova-Light,20,612.0,792.0,A. Such activity or project is a municipal project referred to,False,True,Paragraph,lettered_or_numbered,0.55,lettered_or_numbered_paragraph_marker,,4,bridgeport-connecticut-afe7c678fa5dfc85-node-001633
bridgeport-connecticut-afe7c678fa5dfc85,268,4,0,B. Such activity or project is the subject of an application,315.45001220703125,127.75437927246094,557.7070922851562,141.50088500976562,9.5,ProximaNova-Bold | ProximaNova-Light,20,612.0,792.0,B. Such activity or project is the subject of an application,False,True,Paragraph,lettered_or_numbered,0.55,lettered_or_numbered_paragraph_marker,,4,bridgeport-connecticut-afe7c678fa5dfc85-node-001634
bridgeport-connecticut-afe7c678fa5dfc85,268,5,2,A. General. In accordance with section 8-3(i) of the General,40.5,139.75437927246094,294.2419128417969,153.50088500976562,9.5,ProximaNova-Bold | ProximaNova-Light,20,612.0,792.0,A. General. In accordance with section 8-3(i) of the General,False,True,Paragraph,lettered_or_numbered,0.55,lettered_or_numbered_paragraph_marker,,4,bridgeport-connecticut-afe7c678fa5dfc85-node-001635
bridgeport-connecticut-afe7c678fa5dfc85,268,7,2,"A. Notwithstanding the applicability criteria of 11.80.2 ,",315.45001220703125,184.75437927246094,541.2536010742188,198.50088500976562,9.5,ProximaNova-Bold | ProximaNova-Light,20,612.0,792.0,"A. Notwithstanding the applicability criteria of 11.80.2 ,",False,True,Paragraph,lettered_or_numbered,0.55,lettered_or_numbered_paragraph_marker,,4,bridgeport-connecticut-afe7c678fa5dfc85-node-001636
bridgeport-connecticut-afe7c678fa5dfc85,268,11,0,(2) Construction of new or modification of existing,333.45001220703125,274.7544250488281,544.81298828125,287.8834228515625,9.5,ProximaNova-Light,4,612.0,792.0,(2) Construction of new or modification of existing,False,False,Paragraph,lettered_or_numbered,0.55,lettered_or_numbered_paragraph_marker,,4,bridgeport-connecticut-afe7c678fa5dfc85-node-001637
bridgeport-connecticut-afe7c678fa5dfc85,268,12,0,B. Exception. Notwithstanding the general lapse of,40.5,292.7544250488281,260.0135192871094,306.50091552734375,9.5,ProximaNova-Bold | ProximaNova-Light,20,612.0,792.0,B. Exception. Notwithstanding the general lapse of,False,True,Paragraph,lettered_or_numbered,0.55,lettered_or_numbered_paragraph_marker,,4,bridgeport-connecticut-afe7c678fa5dfc85-node-001638
bridgeport-connecticut-afe7c678fa5dfc85,268,14,0,(3) Construction of new or modification of existing,333.45001220703125,355.7544250488281,544.81298828125,368.8834228515625,9.5,ProximaNova-Light,4,612.0,792.0,(3) Construction of new or modification of existing,False,False,Paragraph,lettered_or_numbered,0.55,lettered_or_numbered_paragraph_marker,,4,bridgeport-connecticut-afe7c678fa5dfc85-node-001639
bridgeport-connecticut-afe7c678fa5dfc85,268,17,0,11.80 Coastal Site Plans,41.5,449.9569091796875,185.1400146484375,467.680908203125,12.0,ProximaNova-Black,20,612.0,792.0,11.80 Coastal Site Plans,False,True,Section,section,0.9,decimal_pattern=section (N.MM),11.80,2,bridgeport-connecticut-afe7c678fa5dfc85-node-001640
bridgeport-connecticut-afe7c678fa5dfc85,268,18,0,(4) Construction of an individual single-family residential,333.45001220703125,460.7544250488281,569.342041015625,473.8834228515625,9.5,ProximaNova-Light,4,612.0,792.0,(4) Construction of an individual single-family residential,False,False,Paragraph,lettered_or_numbered,0.55,lettered_or_numbered_paragraph_marker,,4,bridgeport-connecticut-afe7c678fa5dfc85-node-001641
bridgeport-connecticut-afe7c678fa5dfc85,268,21,0,A. Fulfill the requirements of Chapter 444 of the General,40.5,518.6544189453125,281.0089416503906,532.40087890625,9.5,ProximaNova-Bold | ProximaNova-Light,20,612.0,792.0,A. Fulfill the requirements of Chapter 444 of the General,False,True,Paragraph,lettered_or_numbered,0.55,lettered_or_numbered_paragraph_marker,,4,bridgeport-connecticut-afe7c678fa5dfc85-node-001642
bridgeport-connecticut-afe7c678fa5dfc85,268,22,0,(5) Activities conducted for the specific purpose of,333.45001220703125,529.75439453125,547.8529663085938,542.8833618164062,9.5,ProximaNova-Light,4,612.0,792.0,(5) Activities conducted for the specific purpose of,False,False,Paragraph,lettered_or_numbered,0.55,lettered_or_numbered_paragraph_marker,,4,bridgeport-connecticut-afe7c678fa5dfc85-node-001643
bridgeport-connecticut-afe7c678fa5dfc85,268,24,0,B. Ensure that activities and projects proposed within the,40.5,551.6544189453125,284.0775146484375,565.40087890625,9.5,ProximaNova-Bold | ProximaNova-Light,20,612.0,792.0,B. Ensure that activities and projects proposed within the,False,True,Paragraph,lettered_or_numbered,0.55,lettered_or_numbered_paragraph_marker,,4,bridgeport-connecticut-afe7c678fa5dfc85-node-001644
bridgeport-connecticut-afe7c678fa5dfc85,268,27,0,(6) Interior modifications to buildings;,333.45001220703125,586.75439453125,491.9930114746094,599.8833618164062,9.5,ProximaNova-Light,4,612.0,792.0,(6) Interior modifications to buildings;,False,False,Paragraph,lettered_or_numbered,0.55,lettered_or_numbered_paragraph_marker,,4,bridgeport-connecticut-afe7c678fa5dfc85-node-001645
bridgeport-connecticut-afe7c678fa5dfc85,268,28,0,C. Ensure that within the coastal boundary the potential,40.5,596.6544189453125,277.3039245605469,610.40087890625,9.5,ProximaNova-Bold | ProximaNova-Light,20,612.0,792.0,C. Ensure that within the coastal boundary the potential,False,True,Paragraph,lettered_or_numbered,0.55,lettered_or_numbered_paragraph_marker,,4,bridgeport-connecticut-afe7c678fa5dfc85-node-001646
bridgeport-connecticut-afe7c678fa5dfc85,268,29,0,"(7) Minor changes in use of a building, structure or",333.45001220703125,607.75439453125,547.7485961914062,620.8833618164062,9.5,ProximaNova-Light,4,612.0,792.0,"(7) Minor changes in use of a building, structure or",False,False,Paragraph,lettered_or_numbered,0.55,lettered_or_numbered_paragraph_marker,,4,bridgeport-connecticut-afe7c678fa5dfc85-node-001647
bridgeport-connecticut-afe7c678fa5dfc85,268,32,0,"(8) Gardening, grazing and the harvesting of crops.",333.45001220703125,652.75439453125,547.5775756835938,665.8833618164062,9.5,ProximaNova-Light,4,612.0,792.0,"(8) Gardening, grazing and the harvesting of crops.",False,False,Paragraph,lettered_or_numbered,0.55,lettered_or_numbered_paragraph_marker,,4,bridgeport-connecticut-afe7c678fa5dfc85-node-001648
bridgeport-connecticut-afe7c678fa5dfc85,268,33,0,B. Shoreline flood and erosion control structures do not,315.45001220703125,673.75439453125,553.6695556640625,687.5008544921875,9.5,ProximaNova-Bold | ProximaNova-Light,20,612.0,792.0,B. Shoreline flood and erosion control structures do not,False,True,Paragraph,lettered_or_numbered,0.55,lettered_or_numbered_paragraph_marker,,4,bridgeport-connecticut-afe7c678fa5dfc85-node-001649
bridgeport-connecticut-afe7c678fa5dfc85,269,3,0,A. Consistency of the proposed activity with the applicable,319.95001220703125,115.75437927246094,570.5195922851562,129.50088500976562,9.5,ProximaNova-Bold | ProximaNova-Light,20,612.0,792.0,A. Consistency of the proposed activity with the applicable,False,True,Paragraph,lettered_or_numbered,0.55,lettered_or_numbered_paragraph_marker,,4,bridgeport-connecticut-afe7c678fa5dfc85-node-001650
bridgeport-connecticut-afe7c678fa5dfc85,269,5,0,B. Acceptability of the proposed activity's potential,319.95001220703125,160.75437927246094,537.0035400390625,174.50088500976562,9.5,ProximaNova-Bold | ProximaNova-Light,20,612.0,792.0,B. Acceptability of the proposed activity's potential,False,True,Paragraph,lettered_or_numbered,0.55,lettered_or_numbered_paragraph_marker,,4,bridgeport-connecticut-afe7c678fa5dfc85-node-001651
bridgeport-connecticut-afe7c678fa5dfc85,269,8,0,C. Acceptability of the proposed activity's potential,319.95001220703125,205.75437927246094,537.0035400390625,219.50088500976562,9.5,ProximaNova-Bold | ProximaNova-Light,20,612.0,792.0,C. Acceptability of the proposed activity's potential,False,True,Paragraph,lettered_or_numbered,0.55,lettered_or_numbered_paragraph_marker,,4,bridgeport-connecticut-afe7c678fa5dfc85-node-001652
bridgeport-connecticut-afe7c678fa5dfc85,269,9,2,A. Coastal site plan applications may be filed by an eligible,45.0,232.75437927246094,296.5479736328125,246.50088500976562,9.5,ProximaNova-Bold | ProximaNova-Light,20,612.0,792.0,A. Coastal site plan applications may be filed by an eligible,False,True,Paragraph,lettered_or_numbered,0.55,lettered_or_numbered_paragraph_marker,,4,bridgeport-connecticut-afe7c678fa5dfc85-node-001653
bridgeport-connecticut-afe7c678fa5dfc85,269,12,0,D. Adequacy of any measures taken to mitigate the,319.95001220703125,262.75439453125,540.1195678710938,276.5008850097656,9.5,ProximaNova-Bold | ProximaNova-Light,20,612.0,792.0,D. Adequacy of any measures taken to mitigate the,False,True,Paragraph,lettered_or_numbered,0.55,lettered_or_numbered_paragraph_marker,,4,bridgeport-connecticut-afe7c678fa5dfc85-node-001654
bridgeport-connecticut-afe7c678fa5dfc85,269,13,0,"B. Pursuant to the General Statutes, coastal site plan",45.0,277.7544250488281,270.0050048828125,291.50091552734375,9.5,ProximaNova-Bold | ProximaNova-Light,20,612.0,792.0,"B. Pursuant to the General Statutes, coastal site plan",False,True,Paragraph,lettered_or_numbered,0.55,lettered_or_numbered_paragraph_marker,,4,bridgeport-connecticut-afe7c678fa5dfc85-node-001655
bridgeport-connecticut-afe7c678fa5dfc85,269,17,0,(2) A description of the entire project with appropriate,63.0,355.7544250488281,291.5199890136719,368.8834228515625,9.5,ProximaNova-Light,4,612.0,792.0,(2) A description of the entire project with appropriate,False,False,Paragraph,lettered_or_numbered,0.55,lettered_or_numbered_paragraph_marker,,4,bridgeport-connecticut-afe7c678fa5dfc85-node-001656
bridgeport-connecticut-afe7c678fa5dfc85,269,19,0,(3) An assessment of the suitability of the project for,63.0,400.7544250488281,284.26202392578125,413.8834228515625,9.5,ProximaNova-Light,4,612.0,792.0,(3) An assessment of the suitability of the project for,False,False,Paragraph,lettered_or_numbered,0.55,lettered_or_numbered_paragraph_marker,,4,bridgeport-connecticut-afe7c678fa5dfc85-node-001657
bridgeport-connecticut-afe7c678fa5dfc85,269,21,0,(4) An evaluation of the potential beneficial and,63.0,433.7544250488281,264.9580078125,446.8834228515625,9.5,ProximaNova-Light,4,612.0,792.0,(4) An evaluation of the potential beneficial and,False,False,Paragraph,lettered_or_numbered,0.55,lettered_or_numbered_paragraph_marker,,4,bridgeport-connecticut-afe7c678fa5dfc85-node-001658
bridgeport-connecticut-afe7c678fa5dfc85,269,24,0,(5) A description of proposed methods to mitigate,63.0,466.7544250488281,275.5884704589844,479.8834228515625,9.5,ProximaNova-Light,4,612.0,792.0,(5) A description of proposed methods to mitigate,False,False,Paragraph,lettered_or_numbered,0.55,lettered_or_numbered_paragraph_marker,,4,bridgeport-connecticut-afe7c678fa5dfc85-node-001659
bridgeport-connecticut-afe7c678fa5dfc85,269,25,2,A. General,319.95001220703125,472.7544250488281,371.779541015625,486.50091552734375,9.5,ProximaNova-Bold,20,612.0,792.0,A. General,False,True,Paragraph,lettered_or_numbered,0.55,lettered_or_numbered_paragraph_marker,,4,bridgeport-connecticut-afe7c678fa5dfc85-node-001660
bridgeport-connecticut-afe7c678fa5dfc85,269,27,0,(6) Information demonstrating that any adverse impacts,63.0,499.7544250488281,296.4315185546875,512.8834228515625,9.5,ProximaNova-Light,4,612.0,792.0,(6) Information demonstrating that any adverse impacts,False,False,Paragraph,lettered_or_numbered,0.55,lettered_or_numbered_paragraph_marker,,4,bridgeport-connecticut-afe7c678fa5dfc85-node-001661
bridgeport-connecticut-afe7c678fa5dfc85,269,30,0,"(2) If an appeal to court is filed, the 12-month period",337.95001220703125,586.75439453125,557.340576171875,599.8833618164062,9.5,ProximaNova-Light,4,612.0,792.0,"(2) If an appeal to court is filed, the 12-month period",False,False,Paragraph,lettered_or_numbered,0.55,lettered_or_numbered_paragraph_marker,,4,bridgeport-connecticut-afe7c678fa5dfc85-node-001662
bridgeport-connecticut-afe7c678fa5dfc85,269,32,0,(3) The coastal site plan decision-making body is,337.95001220703125,631.75439453125,545.8645629882812,644.8833618164062,9.5,ProximaNova-Light,4,612.0,792.0,(3) The coastal site plan decision-making body is,False,False,Paragraph,lettered_or_numbered,0.55,lettered_or_numbered_paragraph_marker,,4,bridgeport-connecticut-afe7c678fa5dfc85-node-001663
bridgeport-connecticut-afe7c678fa5dfc85,270,0,1,11.90 Variances,40.5,41.37941360473633,145.47198486328125,61.637413024902344,14.0,ProximaNova-Bold,20,612.0,792.0,11.90 Variances,False,True,Section,section,0.9,decimal_pattern=section (N.MM),11.90,2,bridgeport-connecticut-afe7c678fa5dfc85-node-001664
bridgeport-connecticut-afe7c678fa5dfc85,270,1,0,B. Exception. Notwithstanding the general lapse of,40.5,82.75437927246094,260.0135192871094,96.50088500976562,9.5,ProximaNova-Bold | ProximaNova-Light,20,612.0,792.0,B. Exception. Notwithstanding the general lapse of,False,True,Paragraph,lettered_or_numbered,0.55,lettered_or_numbered_paragraph_marker,,4,bridgeport-connecticut-afe7c678fa5dfc85-node-001665
bridgeport-connecticut-afe7c678fa5dfc85,270,3,2,A. Notice of the zoning board of appeals required public,315.45001220703125,152.14939880371094,557.2321166992188,165.89590454101562,9.5,ProximaNova-Bold | ProximaNova-Light,20,612.0,792.0,A. Notice of the zoning board of appeals required public,False,True,Paragraph,lettered_or_numbered,0.55,lettered_or_numbered_paragraph_marker,,4,bridgeport-connecticut-afe7c678fa5dfc85-node-001666
bridgeport-connecticut-afe7c678fa5dfc85,270,5,0,B. Notice of the zoning board of appeals required public,315.45001220703125,197.14939880371094,557.2321166992188,210.89590454101562,9.5,ProximaNova-Bold | ProximaNova-Light,20,612.0,792.0,B. Notice of the zoning board of appeals required public,False,True,Paragraph,lettered_or_numbered,0.55,lettered_or_numbered_paragraph_marker,,4,bridgeport-connecticut-afe7c678fa5dfc85-node-001667
bridgeport-connecticut-afe7c678fa5dfc85,270,8,0,C. Denial of Extension Request. Denial of an application,40.5,235.75437927246094,284.4727478027344,249.50088500976562,9.5,ProximaNova-Bold | ProximaNova-Light,20,612.0,792.0,C. Denial of Extension Request. Denial of an application,False,True,Paragraph,lettered_or_numbered,0.55,lettered_or_numbered_paragraph_marker,,4,bridgeport-connecticut-afe7c678fa5dfc85-node-001668
bridgeport-connecticut-afe7c678fa5dfc85,270,9,0,C. If the variance application affects property located within,315.45001220703125,254.14939880371094,568.2140502929688,267.8959045410156,9.5,ProximaNova-Bold | ProximaNova-Light,20,612.0,792.0,C. If the variance application affects property located within,False,True,Paragraph,lettered_or_numbered,0.55,lettered_or_numbered_paragraph_marker,,4,bridgeport-connecticut-afe7c678fa5dfc85-node-001669
bridgeport-connecticut-afe7c678fa5dfc85,270,13,2,"A. As authorized in section 8-6 of the General Statutes, the",40.5,332.6544189453125,291.9530334472656,346.4009094238281,9.5,ProximaNova-Bold | ProximaNova-Light,20,612.0,792.0,"A. As authorized in section 8-6 of the General Statutes, the",False,True,Paragraph,lettered_or_numbered,0.55,lettered_or_numbered_paragraph_marker,,4,bridgeport-connecticut-afe7c678fa5dfc85-node-001670
bridgeport-connecticut-afe7c678fa5dfc85,270,14,0,D. The applicant must provide mailed notice to all owners,315.45001220703125,347.1494140625,561.3361206054688,360.8959045410156,9.5,ProximaNova-Bold | ProximaNova-Light,20,612.0,792.0,D. The applicant must provide mailed notice to all owners,False,True,Paragraph,lettered_or_numbered,0.55,lettered_or_numbered_paragraph_marker,,4,bridgeport-connecticut-afe7c678fa5dfc85-node-001671
bridgeport-connecticut-afe7c678fa5dfc85,270,17,2,A. The zoning board of appeals must hold a public hearing,315.45001220703125,404.1494140625,566.7702026367188,417.8959045410156,9.5,ProximaNova-Bold | ProximaNova-Light,20,612.0,792.0,A. The zoning board of appeals must hold a public hearing,False,True,Paragraph,lettered_or_numbered,0.55,lettered_or_numbered_paragraph_marker,,4,bridgeport-connecticut-afe7c678fa5dfc85-node-001672
bridgeport-connecticut-afe7c678fa5dfc85,270,18,0,B. The intent of a variance is not to simply remove an,40.5,425.6544189453125,269.2860412597656,439.4009094238281,9.5,ProximaNova-Bold | ProximaNova-Light,20,612.0,792.0,B. The intent of a variance is not to simply remove an,False,True,Paragraph,lettered_or_numbered,0.55,lettered_or_numbered_paragraph_marker,,4,bridgeport-connecticut-afe7c678fa5dfc85-node-001673
bridgeport-connecticut-afe7c678fa5dfc85,270,21,0,B. The reasons for the final decision of the zoning board of,315.45001220703125,521.1494140625,567.5491943359375,534.8958740234375,9.5,ProximaNova-Bold | ProximaNova-Light,20,612.0,792.0,B. The reasons for the final decision of the zoning board of,False,True,Paragraph,lettered_or_numbered,0.55,lettered_or_numbered_paragraph_marker,,4,bridgeport-connecticut-afe7c678fa5dfc85-node-001674
bridgeport-connecticut-afe7c678fa5dfc85,270,24,0,"A. Waive, modify or otherwise vary any of the review and",40.5,551.6544189453125,283.7355651855469,565.40087890625,9.5,ProximaNova-Bold | ProximaNova-Light,20,612.0,792.0,"A. Waive, modify or otherwise vary any of the review and",False,True,Paragraph,lettered_or_numbered,0.55,lettered_or_numbered_paragraph_marker,,4,bridgeport-connecticut-afe7c678fa5dfc85-node-001675
bridgeport-connecticut-afe7c678fa5dfc85,270,26,0,C. Variance applications may be approved only upon the,315.45001220703125,566.1494140625,558.4290771484375,579.8958740234375,9.5,ProximaNova-Bold | ProximaNova-Light,20,612.0,792.0,C. Variance applications may be approved only upon the,False,True,Paragraph,lettered_or_numbered,0.55,lettered_or_numbered_paragraph_marker,,4,bridgeport-connecticut-afe7c678fa5dfc85-node-001676
bridgeport-connecticut-afe7c678fa5dfc85,270,27,0,"B. Waive, vary, modify or otherwise override a condition",40.5,584.6544189453125,278.5010070800781,598.40087890625,9.5,ProximaNova-Bold | ProximaNova-Light,20,612.0,792.0,"B. Waive, vary, modify or otherwise override a condition",False,True,Paragraph,lettered_or_numbered,0.55,lettered_or_numbered_paragraph_marker,,4,bridgeport-connecticut-afe7c678fa5dfc85-node-001677
bridgeport-connecticut-afe7c678fa5dfc85,270,30,2,"A. General. In order to approve a variance application,",315.45001220703125,623.1494140625,549.2800903320312,636.8958740234375,9.5,ProximaNova-Bold | ProximaNova-Light,20,612.0,792.0,"A. General. In order to approve a variance application,",False,True,Paragraph,lettered_or_numbered,0.55,lettered_or_numbered_paragraph_marker,,4,bridgeport-connecticut-afe7c678fa5dfc85-node-001678
bridgeport-connecticut-afe7c678fa5dfc85,270,31,0,"C. Waive, vary or modify provisions over which jurisdiction",40.5,641.6544189453125,287.592529296875,655.40087890625,9.5,ProximaNova-Bold | ProximaNova-Light,20,612.0,792.0,"C. Waive, vary or modify provisions over which jurisdiction",False,True,Paragraph,lettered_or_numbered,0.55,lettered_or_numbered_paragraph_marker,,4,bridgeport-connecticut-afe7c678fa5dfc85-node-001679
bridgeport-connecticut-afe7c678fa5dfc85,270,34,0,"D. Waive, vary or modify provisions for which variances are",40.5,686.6544189453125,291.3735656738281,700.40087890625,9.5,ProximaNova-Bold | ProximaNova-Light,20,612.0,792.0,"D. Waive, vary or modify provisions for which variances are",False,True,Paragraph,lettered_or_numbered,0.55,lettered_or_numbered_paragraph_marker,,4,bridgeport-connecticut-afe7c678fa5dfc85-node-001680
bridgeport-connecticut-afe7c678fa5dfc85,271,0,1,11.100 Subdivisions,447.4656982421875,41.37941360473633,575.2576293945312,61.637413024902344,14.0,ProximaNova-Bold,20,612.0,792.0,11.100 Subdivisions,False,True,Section,section,0.9,decimal_pattern=section (N.MM),11.100,2,bridgeport-connecticut-afe7c678fa5dfc85-node-001681
bridgeport-connecticut-afe7c678fa5dfc85,271,2,0,11.100.3 PROCESS,320.1499938964844,82.60990142822266,408.1699523925781,97.07990264892578,10.0,ProximaNova-Bold,20,612.0,792.0,11.100.3 PROCESS,False,True,Subsection,subsection,0.8500000000000001,decimal_pattern=subsection,11.100.3,3,bridgeport-connecticut-afe7c678fa5dfc85-node-001682
bridgeport-connecticut-afe7c678fa5dfc85,271,1,0,(2) The exceptional difficulty or unusual hardship,63.0,82.75437927246094,269.21307373046875,95.88338470458984,9.5,ProximaNova-Light,4,612.0,792.0,(2) The exceptional difficulty or unusual hardship,False,False,Paragraph,lettered_or_numbered,0.55,lettered_or_numbered_paragraph_marker,,4,bridgeport-connecticut-afe7c678fa5dfc85-node-001683
bridgeport-connecticut-afe7c678fa5dfc85,271,7,0,11.100.4 REVIEW AND APPROVAL CRITERIA,320.1499938964844,127.60990142822266,527.6649169921875,142.07989501953125,10.0,ProximaNova-Bold,20,612.0,792.0,11.100.4 REVIEW AND APPROVAL CRITERIA,False,True,Subsection,subsection,0.8500000000000001,decimal_pattern=subsection,11.100.4,3,bridgeport-connecticut-afe7c678fa5dfc85-node-001684
bridgeport-connecticut-afe7c678fa5dfc85,271,4,0,(3) The exceptional difficulty or unusual hardship has,63.0,151.75437927246094,286.360595703125,164.8833770751953,9.5,ProximaNova-Light,4,612.0,792.0,(3) The exceptional difficulty or unusual hardship has,False,False,Paragraph,lettered_or_numbered,0.55,lettered_or_numbered_paragraph_marker,,4,bridgeport-connecticut-afe7c678fa5dfc85-node-001685
bridgeport-connecticut-afe7c678fa5dfc85,271,6,0,(4) The variance to be granted is the least deviation,63.0,184.75437927246094,282.9224548339844,197.8833770751953,9.5,ProximaNova-Light,4,612.0,792.0,(4) The variance to be granted is the least deviation,False,False,Paragraph,lettered_or_numbered,0.55,lettered_or_numbered_paragraph_marker,,4,bridgeport-connecticut-afe7c678fa5dfc85-node-001686
bridgeport-connecticut-afe7c678fa5dfc85,271,9,0,11.100.5 LAPSE OF APPROVAL,320.1499938964844,220.6099090576172,463.928955078125,235.07989501953125,10.0,ProximaNova-Bold,20,612.0,792.0,11.100.5 LAPSE OF APPROVAL,False,True,Subsection,subsection,0.8500000000000001,decimal_pattern=subsection,11.100.5,3,bridgeport-connecticut-afe7c678fa5dfc85-node-001687
bridgeport-connecticut-afe7c678fa5dfc85,271,9,1,A. General. In accordance with section 8-26c of the,319.95001220703125,233.14939880371094,542.5889892578125,246.89590454101562,9.5,ProximaNova-Bold | ProximaNova-Light,20,612.0,792.0,A. General. In accordance with section 8-26c of the,False,True,Paragraph,lettered_or_numbered,0.55,lettered_or_numbered_paragraph_marker,,4,bridgeport-connecticut-afe7c678fa5dfc85-node-001688
bridgeport-connecticut-afe7c678fa5dfc85,271,10,0,(5) The variance granted will not adversely impact the,63.0,253.75437927246094,291.05450439453125,266.8833923339844,9.5,ProximaNova-Light,4,612.0,792.0,(5) The variance granted will not adversely impact the,False,False,Paragraph,lettered_or_numbered,0.55,lettered_or_numbered_paragraph_marker,,4,bridgeport-connecticut-afe7c678fa5dfc85-node-001689
bridgeport-connecticut-afe7c678fa5dfc85,271,13,0,B. Exception. Notwithstanding the general lapse of,319.95001220703125,374.1494140625,539.4635009765625,387.8959045410156,9.5,ProximaNova-Bold | ProximaNova-Light,20,612.0,792.0,B. Exception. Notwithstanding the general lapse of,False,True,Paragraph,lettered_or_numbered,0.55,lettered_or_numbered_paragraph_marker,,4,bridgeport-connecticut-afe7c678fa5dfc85-node-001690
bridgeport-connecticut-afe7c678fa5dfc85,271,18,0,11.100.6 MODIFICATIONS,320.1499938964844,526.6099243164062,440.21990966796875,541.0798950195312,10.0,ProximaNova-Bold,20,612.0,792.0,11.100.6 MODIFICATIONS,False,True,Subsection,subsection,0.8500000000000001,decimal_pattern=subsection,11.100.6,3,bridgeport-connecticut-afe7c678fa5dfc85-node-001691
bridgeport-connecticut-afe7c678fa5dfc85,271,18,1,A. Authorized. The planning and zoning commission is,319.95001220703125,539.1494140625,555.3663330078125,552.8958740234375,9.5,ProximaNova-Bold | ProximaNova-Light,20,612.0,792.0,A. Authorized. The planning and zoning commission is,False,True,Paragraph,lettered_or_numbered,0.55,lettered_or_numbered_paragraph_marker,,4,bridgeport-connecticut-afe7c678fa5dfc85-node-001692
bridgeport-connecticut-afe7c678fa5dfc85,271,24,0,11.100.2 INITIATION,45.20000076293945,662.1149291992188,139.22898864746094,676.5848999023438,10.0,ProximaNova-Bold,20,612.0,792.0,11.100.2 INITIATION,False,True,Subsection,subsection,0.8500000000000001,decimal_pattern=subsection,11.100.2,3,bridgeport-connecticut-afe7c678fa5dfc85-node-001693
bridgeport-connecticut-afe7c678fa5dfc85,271,23,0,(2) Modification of minimum street frontage and,337.95001220703125,665.1494140625,539.7940673828125,678.2783813476562,9.5,ProximaNova-Light,4,612.0,792.0,(2) Modification of minimum street frontage and,False,False,Paragraph,lettered_or_numbered,0.55,lettered_or_numbered_paragraph_marker,,4,bridgeport-connecticut-afe7c678fa5dfc85-node-001694
bridgeport-connecticut-afe7c678fa5dfc85,272,0,1,11.110 Certificates of Zoning Compliance,40.5,41.37941360473633,300.60595703125,61.637413024902344,14.0,ProximaNova-Bold,20,612.0,792.0,11.110 Certificates of Zoning Compliance,False,True,Section,section,0.9,decimal_pattern=section (N.MM),11.110,2,bridgeport-connecticut-afe7c678fa5dfc85-node-001695
bridgeport-connecticut-afe7c678fa5dfc85,272,2,0,B. Special Permit Approval. Modification requests must,40.5,115.75437927246094,280.1826477050781,129.50088500976562,9.5,ProximaNova-Bold | ProximaNova-Light,20,612.0,792.0,B. Special Permit Approval. Modification requests must,False,True,Paragraph,lettered_or_numbered,0.55,lettered_or_numbered_paragraph_marker,,4,bridgeport-connecticut-afe7c678fa5dfc85-node-001696
bridgeport-connecticut-afe7c678fa5dfc85,272,5,0,11.110.4 REVIEW AND DISPOSITION,315.6499938964844,151.2148895263672,484.4949035644531,165.68487548828125,10.0,ProximaNova-Bold,20,612.0,792.0,11.110.4 REVIEW AND DISPOSITION,False,True,Subsection,subsection,0.8500000000000001,decimal_pattern=subsection,11.110.4,3,bridgeport-connecticut-afe7c678fa5dfc85-node-001697
bridgeport-connecticut-afe7c678fa5dfc85,272,10,0,11.100.7 RECORDING,40.70000076293945,160.2148895263672,141.3199920654297,174.68487548828125,10.0,ProximaNova-Bold,20,612.0,792.0,11.100.7 RECORDING,False,True,Subsection,subsection,0.8500000000000001,decimal_pattern=subsection,11.100.7,3,bridgeport-connecticut-afe7c678fa5dfc85-node-001698
bridgeport-connecticut-afe7c678fa5dfc85,272,5,1,A. Within 45 days of receipt of a complete application for a,315.45001220703125,163.75437927246094,566.542236328125,177.50088500976562,9.5,ProximaNova-Bold | ProximaNova-Light,20,612.0,792.0,A. Within 45 days of receipt of a complete application for a,False,True,Paragraph,lettered_or_numbered,0.55,lettered_or_numbered_paragraph_marker,,4,bridgeport-connecticut-afe7c678fa5dfc85-node-001699
bridgeport-connecticut-afe7c678fa5dfc85,272,7,0,"B. Following review of the application, the zoning official",315.45001220703125,232.75437927246094,556.3106689453125,246.50088500976562,9.5,ProximaNova-Bold | ProximaNova-Light,20,612.0,792.0,"B. Following review of the application, the zoning official",False,True,Paragraph,lettered_or_numbered,0.55,lettered_or_numbered_paragraph_marker,,4,bridgeport-connecticut-afe7c678fa5dfc85-node-001700
bridgeport-connecticut-afe7c678fa5dfc85,272,9,0,"C. If the application is denied, the notice must state the",315.45001220703125,277.7544250488281,551.0475463867188,291.50091552734375,9.5,ProximaNova-Bold | ProximaNova-Light,20,612.0,792.0,"C. If the application is denied, the notice must state the",False,True,Paragraph,lettered_or_numbered,0.55,lettered_or_numbered_paragraph_marker,,4,bridgeport-connecticut-afe7c678fa5dfc85-node-001701
bridgeport-connecticut-afe7c678fa5dfc85,272,13,0,11.110.5 REVOCATION,315.6499938964844,334.21490478515625,421.6999206542969,348.6849060058594,10.0,ProximaNova-Bold,20,612.0,792.0,11.110.5 REVOCATION,False,True,Subsection,subsection,0.8500000000000001,decimal_pattern=subsection,11.110.5,3,bridgeport-connecticut-afe7c678fa5dfc85-node-001702
bridgeport-connecticut-afe7c678fa5dfc85,272,16,0,11.110.6 LAPSE OF APPROVAL,315.6499938964844,427.21490478515625,459.428955078125,441.6849060058594,10.0,ProximaNova-Bold,20,612.0,792.0,11.110.6 LAPSE OF APPROVAL,False,True,Subsection,subsection,0.8500000000000001,decimal_pattern=subsection,11.110.6,3,bridgeport-connecticut-afe7c678fa5dfc85-node-001703
bridgeport-connecticut-afe7c678fa5dfc85,272,15,0,11.110.2 APPLICABILITY,40.70000076293945,434.1148986816406,154.24000549316406,448.58489990234375,10.0,ProximaNova-Bold,20,612.0,792.0,11.110.2 APPLICABILITY,False,True,Subsection,subsection,0.8500000000000001,decimal_pattern=subsection,11.110.2,3,bridgeport-connecticut-afe7c678fa5dfc85-node-001704
bridgeport-connecticut-afe7c678fa5dfc85,272,17,0,"A. Use or occupancy of land, except for farming or",40.5,491.6544189453125,256.9739685058594,505.4009094238281,9.5,ProximaNova-Bold | ProximaNova-Light,20,612.0,792.0,"A. Use or occupancy of land, except for farming or",False,True,Paragraph,lettered_or_numbered,0.55,lettered_or_numbered_paragraph_marker,,4,bridgeport-connecticut-afe7c678fa5dfc85-node-001705
bridgeport-connecticut-afe7c678fa5dfc85,272,19,0,B. Use or occupancy of any building or structure that is,40.5,524.6544189453125,276.021484375,538.40087890625,9.5,ProximaNova-Bold | ProximaNova-Light,20,612.0,792.0,B. Use or occupancy of any building or structure that is,False,True,Paragraph,lettered_or_numbered,0.55,lettered_or_numbered_paragraph_marker,,4,bridgeport-connecticut-afe7c678fa5dfc85-node-001706
bridgeport-connecticut-afe7c678fa5dfc85,272,22,0,"C. Expansion, enlargement or change of a nonconforming",40.5,557.6544189453125,287.56396484375,571.40087890625,9.5,ProximaNova-Bold | ProximaNova-Light,20,612.0,792.0,"C. Expansion, enlargement or change of a nonconforming",False,True,Paragraph,lettered_or_numbered,0.55,lettered_or_numbered_paragraph_marker,,4,bridgeport-connecticut-afe7c678fa5dfc85-node-001707
bridgeport-connecticut-afe7c678fa5dfc85,272,24,0,A. The permit applicant applies for a certificate of zoning,315.45001220703125,577.75439453125,557.5836181640625,591.5008544921875,9.5,ProximaNova-Bold | ProximaNova-Light,20,612.0,792.0,A. The permit applicant applies for a certificate of zoning,False,True,Paragraph,lettered_or_numbered,0.55,lettered_or_numbered_paragraph_marker,,4,bridgeport-connecticut-afe7c678fa5dfc85-node-001708
bridgeport-connecticut-afe7c678fa5dfc85,272,26,0,D. Expansion or enlargement of a building occupied by a,40.5,590.6544189453125,284.0014953613281,604.40087890625,9.5,ProximaNova-Bold | ProximaNova-Light,20,612.0,792.0,D. Expansion or enlargement of a building occupied by a,False,True,Paragraph,lettered_or_numbered,0.55,lettered_or_numbered_paragraph_marker,,4,bridgeport-connecticut-afe7c678fa5dfc85-node-001709
bridgeport-connecticut-afe7c678fa5dfc85,272,28,0,B. A zoning official completes an endorsement on the,315.45001220703125,610.75439453125,546.1171264648438,624.5008544921875,9.5,ProximaNova-Bold | ProximaNova-Light,20,612.0,792.0,B. A zoning official completes an endorsement on the,False,True,Paragraph,lettered_or_numbered,0.55,lettered_or_numbered_paragraph_marker,,4,bridgeport-connecticut-afe7c678fa5dfc85-node-001710
bridgeport-connecticut-afe7c678fa5dfc85,272,29,0,"E. Expansion, enlargement, movement, or re-establishment",40.5,623.6544189453125,292.4185485839844,637.40087890625,9.5,ProximaNova-Bold | ProximaNova-Light,20,612.0,792.0,"E. Expansion, enlargement, movement, or re-establishment",False,True,Paragraph,lettered_or_numbered,0.55,lettered_or_numbered_paragraph_marker,,4,bridgeport-connecticut-afe7c678fa5dfc85-node-001711
bridgeport-connecticut-afe7c678fa5dfc85,272,32,0,C. The zoning official certifies on the application for the,315.45001220703125,655.75439453125,551.7220458984375,669.5008544921875,9.5,ProximaNova-Bold | ProximaNova-Light,20,612.0,792.0,C. The zoning official certifies on the application for the,False,True,Paragraph,lettered_or_numbered,0.55,lettered_or_numbered_paragraph_marker,,4,bridgeport-connecticut-afe7c678fa5dfc85-node-001712
bridgeport-connecticut-afe7c678fa5dfc85,273,5,0,11.110.8 RECORDS,45.20000076293945,82.60990142822266,134.58999633789062,97.07990264892578,10.0,ProximaNova-Bold,20,612.0,792.0,11.110.8 RECORDS,False,True,Subsection,subsection,0.8500000000000001,decimal_pattern=subsection,11.110.8,3,bridgeport-connecticut-afe7c678fa5dfc85-node-001713
bridgeport-connecticut-afe7c678fa5dfc85,273,2,0,(2) Review and Approval Criteria. No application for a,337.95001220703125,115.75437927246094,570.2091674804688,129.50088500976562,9.5,ProximaNova-Bold | ProximaNova-Light,20,612.0,792.0,(2) Review and Approval Criteria. No application for a,False,True,Paragraph,lettered_or_numbered,0.55,lettered_or_numbered_paragraph_marker,,4,bridgeport-connecticut-afe7c678fa5dfc85-node-001714
bridgeport-connecticut-afe7c678fa5dfc85,273,8,0,11.110.9 AS-BUILT DRAWINGS,45.20000076293945,211.6099090576172,185.9049530029297,226.07989501953125,10.0,ProximaNova-Bold,20,612.0,792.0,11.110.9 AS-BUILT DRAWINGS,False,True,Subsection,subsection,0.8500000000000001,decimal_pattern=subsection,11.110.9,3,bridgeport-connecticut-afe7c678fa5dfc85-node-001715
bridgeport-connecticut-afe7c678fa5dfc85,273,8,1,"A. Before receipt of a certificate of zoning compliance,",45.0,224.14939880371094,278.10845947265625,237.89590454101562,9.5,ProximaNova-Bold | ProximaNova-Light,20,612.0,792.0,"A. Before receipt of a certificate of zoning compliance,",False,True,Paragraph,lettered_or_numbered,0.55,lettered_or_numbered_paragraph_marker,,4,bridgeport-connecticut-afe7c678fa5dfc85-node-001716
bridgeport-connecticut-afe7c678fa5dfc85,273,12,0,B. The zoning official is also authorized to require the,45.0,293.1494140625,274.0425109863281,306.8959045410156,9.5,ProximaNova-Bold | ProximaNova-Light,20,612.0,792.0,B. The zoning official is also authorized to require the,False,True,Paragraph,lettered_or_numbered,0.55,lettered_or_numbered_paragraph_marker,,4,bridgeport-connecticut-afe7c678fa5dfc85-node-001717
bridgeport-connecticut-afe7c678fa5dfc85,273,16,0,C. Required as-built drawings must be recorded in the city's,45.0,362.1494140625,299.0369567871094,375.8959045410156,9.5,ProximaNova-Bold | ProximaNova-Light,20,612.0,792.0,C. Required as-built drawings must be recorded in the city's,False,True,Paragraph,lettered_or_numbered,0.55,lettered_or_numbered_paragraph_marker,,4,bridgeport-connecticut-afe7c678fa5dfc85-node-001718
bridgeport-connecticut-afe7c678fa5dfc85,273,22,0,"A. Uses that sell or serve alcohol, including any requested",45.0,468.0494079589844,293.5650329589844,481.7958984375,9.5,ProximaNova-Bold | ProximaNova-Light,20,612.0,792.0,"A. Uses that sell or serve alcohol, including any requested",False,True,Paragraph,lettered_or_numbered,0.55,lettered_or_numbered_paragraph_marker,,4,bridgeport-connecticut-afe7c678fa5dfc85-node-001719
bridgeport-connecticut-afe7c678fa5dfc85,273,25,0,B. Cannabis sales or growing establishments;,45.0,513.0494384765625,240.7925262451172,526.7958984375,9.5,ProximaNova-Bold | ProximaNova-Light,20,612.0,792.0,B. Cannabis sales or growing establishments;,False,True,Paragraph,lettered_or_numbered,0.55,lettered_or_numbered_paragraph_marker,,4,bridgeport-connecticut-afe7c678fa5dfc85-node-001720
bridgeport-connecticut-afe7c678fa5dfc85,273,27,0,C. Light vehicle sales & service uses; or,45.0,534.0494384765625,214.8100128173828,547.7958984375,9.5,ProximaNova-Bold | ProximaNova-Light,20,612.0,792.0,C. Light vehicle sales & service uses; or,False,True,Paragraph,lettered_or_numbered,0.55,lettered_or_numbered_paragraph_marker,,4,bridgeport-connecticut-afe7c678fa5dfc85-node-001721
bridgeport-connecticut-afe7c678fa5dfc85,273,28,0,B. Zoning Board of Appeals,319.95001220703125,538.75439453125,445.4425354003906,552.5008544921875,9.5,ProximaNova-Bold,20,612.0,792.0,B. Zoning Board of Appeals,False,True,Paragraph,lettered_or_numbered,0.55,lettered_or_numbered_paragraph_marker,,4,bridgeport-connecticut-afe7c678fa5dfc85-node-001722
bridgeport-connecticut-afe7c678fa5dfc85,273,29,0,D. Any of the following heavy sales and service uses:,45.0,555.0494384765625,270.3755187988281,568.7958984375,9.5,ProximaNova-Bold | ProximaNova-Light,20,612.0,792.0,D. Any of the following heavy sales and service uses:,False,True,Paragraph,lettered_or_numbered,0.55,lettered_or_numbered_paragraph_marker,,4,bridgeport-connecticut-afe7c678fa5dfc85-node-001723
bridgeport-connecticut-afe7c678fa5dfc85,273,32,0,(2) Commercial vehicle sales and rentals;,63.0,597.0494384765625,236.12550354003906,610.1784057617188,9.5,ProximaNova-Light,4,612.0,792.0,(2) Commercial vehicle sales and rentals;,False,False,Paragraph,lettered_or_numbered,0.55,lettered_or_numbered_paragraph_marker,,4,bridgeport-connecticut-afe7c678fa5dfc85-node-001724
bridgeport-connecticut-afe7c678fa5dfc85,273,33,0,(2) Review and Approval Criteria. The zoning board,337.95001220703125,616.75439453125,562.5426025390625,630.5008544921875,9.5,ProximaNova-Bold | ProximaNova-Light,20,612.0,792.0,(2) Review and Approval Criteria. The zoning board,False,True,Paragraph,lettered_or_numbered,0.55,lettered_or_numbered_paragraph_marker,,4,bridgeport-connecticut-afe7c678fa5dfc85-node-001725
bridgeport-connecticut-afe7c678fa5dfc85,273,34,0,"(3) Personal vehicle repair and maintenance, major; or",63.0,618.0494384765625,289.71405029296875,631.1784057617188,9.5,ProximaNova-Light,4,612.0,792.0,"(3) Personal vehicle repair and maintenance, major; or",False,False,Paragraph,lettered_or_numbered,0.55,lettered_or_numbered_paragraph_marker,,4,bridgeport-connecticut-afe7c678fa5dfc85-node-001726
bridgeport-connecticut-afe7c678fa5dfc85,273,35,0,(4) Vehicle body and paint finishing shop.,63.0,639.0494384765625,239.8304901123047,652.1784057617188,9.5,ProximaNova-Light,4,612.0,792.0,(4) Vehicle body and paint finishing shop.,False,False,Paragraph,lettered_or_numbered,0.55,lettered_or_numbered_paragraph_marker,,4,bridgeport-connecticut-afe7c678fa5dfc85-node-001727
bridgeport-connecticut-afe7c678fa5dfc85,273,37,0,11.120.2 AUTHORITY AND PROCESS,45.20000076293945,659.5099487304688,216.17494201660156,673.9799194335938,10.0,ProximaNova-Bold,20,612.0,792.0,11.120.2 AUTHORITY AND PROCESS,False,True,Subsection,subsection,0.8500000000000001,decimal_pattern=subsection,11.120.2,3,bridgeport-connecticut-afe7c678fa5dfc85-node-001728
bridgeport-connecticut-afe7c678fa5dfc85,273,37,1,A. Planning and Zoning Commission,45.0,672.0494384765625,208.24078369140625,685.7958984375,9.5,ProximaNova-Bold,20,612.0,792.0,A. Planning and Zoning Commission,False,True,Paragraph,lettered_or_numbered,0.55,lettered_or_numbered_paragraph_marker,,4,bridgeport-connecticut-afe7c678fa5dfc85-node-001729
bridgeport-connecticut-afe7c678fa5dfc85,273,39,0,11.120.3 TRANSFER,320.1499938964844,685.2149047851562,413.4999694824219,699.6848754882812,10.0,ProximaNova-Bold,20,612.0,792.0,11.120.3 TRANSFER,False,True,Subsection,subsection,0.8500000000000001,decimal_pattern=subsection,11.120.3,3,bridgeport-connecticut-afe7c678fa5dfc85-node-001730
bridgeport-connecticut-afe7c678fa5dfc85,274,0,1,11.130 Certificates of Appropriateness,40.5,41.37941360473633,285.0100402832031,61.637413024902344,14.0,ProximaNova-Bold,20,612.0,792.0,11.130 Certificates of Appropriateness,False,True,Section,section,0.9,decimal_pattern=section (N.MM),11.130,2,bridgeport-connecticut-afe7c678fa5dfc85-node-001731
bridgeport-connecticut-afe7c678fa5dfc85,274,1,0,"C. Actual or constructive notice of the order, requirement,",315.45001220703125,82.75437927246094,560.509521484375,96.50088500976562,9.5,ProximaNova-Bold | ProximaNova-Light,20,612.0,792.0,"C. Actual or constructive notice of the order, requirement,",False,True,Paragraph,lettered_or_numbered,0.55,lettered_or_numbered_paragraph_marker,,4,bridgeport-connecticut-afe7c678fa5dfc85-node-001732
bridgeport-connecticut-afe7c678fa5dfc85,274,3,0,11.140.4 EFFECT OF FILING,315.6499938964844,115.21488189697266,444.3299560546875,129.68487548828125,10.0,ProximaNova-Bold,20,612.0,792.0,11.140.4 EFFECT OF FILING,False,True,Subsection,subsection,0.8500000000000001,decimal_pattern=subsection,11.140.4,3,bridgeport-connecticut-afe7c678fa5dfc85-node-001733
bridgeport-connecticut-afe7c678fa5dfc85,274,3,1,A. The filing of a complete notice of appeal does not stay,315.45001220703125,127.75437927246094,560.984619140625,141.50088500976562,9.5,ProximaNova-Bold | ProximaNova-Light,20,612.0,792.0,A. The filing of a complete notice of appeal does not stay,False,True,Paragraph,lettered_or_numbered,0.55,lettered_or_numbered_paragraph_marker,,4,bridgeport-connecticut-afe7c678fa5dfc85-node-001734
bridgeport-connecticut-afe7c678fa5dfc85,274,7,0,11.120.4 EXPIRATION,40.70000076293945,151.2148895263672,141.31997680664062,165.68487548828125,10.0,ProximaNova-Bold,20,612.0,792.0,11.120.4 EXPIRATION,False,True,Subsection,subsection,0.8500000000000001,decimal_pattern=subsection,11.120.4,3,bridgeport-connecticut-afe7c678fa5dfc85-node-001735
bridgeport-connecticut-afe7c678fa5dfc85,274,6,0,B. The filing of a complete notice of appeal from any other,315.45001220703125,196.75437927246094,565.3926391601562,210.50088500976562,9.5,ProximaNova-Bold | ProximaNova-Light,20,612.0,792.0,B. The filing of a complete notice of appeal from any other,False,True,Paragraph,lettered_or_numbered,0.55,lettered_or_numbered_paragraph_marker,,4,bridgeport-connecticut-afe7c678fa5dfc85-node-001736
bridgeport-connecticut-afe7c678fa5dfc85,274,12,0,11.140.5 TRANSMITTAL TO BOARD,315.6499938964844,337.21490478515625,478.6490173339844,351.6849060058594,10.0,ProximaNova-Bold,20,612.0,792.0,11.140.5 TRANSMITTAL TO BOARD,False,True,Subsection,subsection,0.8500000000000001,decimal_pattern=subsection,11.140.5,3,bridgeport-connecticut-afe7c678fa5dfc85-node-001737
bridgeport-connecticut-afe7c678fa5dfc85,274,11,0,11.140 Appeals of Administrative Decisions,41.5,381.8569030761719,286.5520324707031,399.5809020996094,12.0,ProximaNova-Black,20,612.0,792.0,11.140 Appeals of Administrative Decisions,False,True,Section,section,0.9,decimal_pattern=section (N.MM),11.140,2,bridgeport-connecticut-afe7c678fa5dfc85-node-001738
bridgeport-connecticut-afe7c678fa5dfc85,274,13,0,11.140.6 NOTICE OF HEARING,315.6499938964844,418.21490478515625,457.2499694824219,432.6849060058594,10.0,ProximaNova-Bold,20,612.0,792.0,11.140.6 NOTICE OF HEARING,False,True,Subsection,subsection,0.8500000000000001,decimal_pattern=subsection,11.140.6,3,bridgeport-connecticut-afe7c678fa5dfc85-node-001739
bridgeport-connecticut-afe7c678fa5dfc85,274,13,1,A. Notice of the zoning board of appeals required public,315.45001220703125,430.7544250488281,557.2321166992188,444.50091552734375,9.5,ProximaNova-Bold | ProximaNova-Light,20,612.0,792.0,A. Notice of the zoning board of appeals required public,False,True,Paragraph,lettered_or_numbered,0.55,lettered_or_numbered_paragraph_marker,,4,bridgeport-connecticut-afe7c678fa5dfc85-node-001740
bridgeport-connecticut-afe7c678fa5dfc85,274,15,0,"B. If the appeal affects a specific property, the city must",315.45001220703125,475.7544250488281,552.3101196289062,489.50091552734375,9.5,ProximaNova-Bold | ProximaNova-Light,20,612.0,792.0,"B. If the appeal affects a specific property, the city must",False,True,Paragraph,lettered_or_numbered,0.55,lettered_or_numbered_paragraph_marker,,4,bridgeport-connecticut-afe7c678fa5dfc85-node-001741
bridgeport-connecticut-afe7c678fa5dfc85,274,20,0,11.140.2 RIGHT TO APPEAL,40.70000076293945,498.014892578125,169.2849884033203,512.4849243164062,10.0,ProximaNova-Bold,20,612.0,792.0,11.140.2 RIGHT TO APPEAL,False,True,Subsection,subsection,0.8500000000000001,decimal_pattern=subsection,11.140.2,3,bridgeport-connecticut-afe7c678fa5dfc85-node-001742
bridgeport-connecticut-afe7c678fa5dfc85,274,18,0,"C. If the appeal affects a specific property, the applicant",315.45001220703125,532.75439453125,553.32666015625,546.5008544921875,9.5,ProximaNova-Bold | ProximaNova-Light,20,612.0,792.0,"C. If the appeal affects a specific property, the applicant",False,True,Paragraph,lettered_or_numbered,0.55,lettered_or_numbered_paragraph_marker,,4,bridgeport-connecticut-afe7c678fa5dfc85-node-001743
bridgeport-connecticut-afe7c678fa5dfc85,274,21,0,11.140.7 HEARING AND FINAL DECISION,315.6499938964844,577.2149047851562,508.7199401855469,591.6848754882812,10.0,ProximaNova-Bold,20,612.0,792.0,11.140.7 HEARING AND FINAL DECISION,False,True,Subsection,subsection,0.8500000000000001,decimal_pattern=subsection,11.140.7,3,bridgeport-connecticut-afe7c678fa5dfc85-node-001744
bridgeport-connecticut-afe7c678fa5dfc85,274,21,1,A. The zoning board of appeals must hold a hearing to,315.45001220703125,589.75439453125,550.0786743164062,603.5008544921875,9.5,ProximaNova-Bold | ProximaNova-Light,20,612.0,792.0,A. The zoning board of appeals must hold a hearing to,False,True,Paragraph,lettered_or_numbered,0.55,lettered_or_numbered_paragraph_marker,,4,bridgeport-connecticut-afe7c678fa5dfc85-node-001745
bridgeport-connecticut-afe7c678fa5dfc85,274,24,0,11.140.3 FILING OF APPEAL,40.70000076293945,591.0149536132812,170.8249969482422,605.4849243164062,10.0,ProximaNova-Bold,20,612.0,792.0,11.140.3 FILING OF APPEAL,False,True,Subsection,subsection,0.8500000000000001,decimal_pattern=subsection,11.140.3,3,bridgeport-connecticut-afe7c678fa5dfc85-node-001746
bridgeport-connecticut-afe7c678fa5dfc85,274,23,0,"B. Following the close of the hearing, the zoning board of",315.45001220703125,622.75439453125,561.8776245117188,636.5008544921875,9.5,ProximaNova-Bold | ProximaNova-Light,20,612.0,792.0,"B. Following the close of the hearing, the zoning board of",False,True,Paragraph,lettered_or_numbered,0.55,lettered_or_numbered_paragraph_marker,,4,bridgeport-connecticut-afe7c678fa5dfc85-node-001747
bridgeport-connecticut-afe7c678fa5dfc85,274,26,0,"A. Receipt of the order, requirement, or decision being",40.5,648.554443359375,273.8175354003906,662.3009033203125,9.5,ProximaNova-Bold | ProximaNova-Light,20,612.0,792.0,"A. Receipt of the order, requirement, or decision being",False,True,Paragraph,lettered_or_numbered,0.55,lettered_or_numbered_paragraph_marker,,4,bridgeport-connecticut-afe7c678fa5dfc85-node-001748
bridgeport-connecticut-afe7c678fa5dfc85,274,28,0,"C. In exercising the appeal power, the zoning board of",315.45001220703125,667.75439453125,547.769287109375,681.5008544921875,9.5,ProximaNova-Bold | ProximaNova-Light,20,612.0,792.0,"C. In exercising the appeal power, the zoning board of",False,True,Paragraph,lettered_or_numbered,0.55,lettered_or_numbered_paragraph_marker,,4,bridgeport-connecticut-afe7c678fa5dfc85-node-001749
bridgeport-connecticut-afe7c678fa5dfc85,274,29,0,B. The publication of a notice of a final decision in,40.5,681.554443359375,255.45394897460938,695.3009033203125,9.5,ProximaNova-Bold | ProximaNova-Light,20,612.0,792.0,B. The publication of a notice of a final decision in,False,True,Paragraph,lettered_or_numbered,0.55,lettered_or_numbered_paragraph_marker,,4,bridgeport-connecticut-afe7c678fa5dfc85-node-001750
bridgeport-connecticut-afe7c678fa5dfc85,275,2,0,"D. In acting on the appeal, the zoning board of appeals",45.0,127.75437927246094,281.2244567871094,141.50088500976562,9.5,ProximaNova-Bold | ProximaNova-Light,20,612.0,792.0,"D. In acting on the appeal, the zoning board of appeals",False,True,Paragraph,lettered_or_numbered,0.55,lettered_or_numbered_paragraph_marker,,4,bridgeport-connecticut-afe7c678fa5dfc85-node-001751
bridgeport-connecticut-afe7c678fa5dfc85,275,4,0,11.140.8 GENERAL REVIEW CRITERION,45.20000076293945,184.2148895263672,227.13497924804688,198.68487548828125,10.0,ProximaNova-Bold,20,612.0,792.0,11.140.8 GENERAL REVIEW CRITERION,False,True,Subsection,subsection,0.8500000000000001,decimal_pattern=subsection,11.140.8,3,bridgeport-connecticut-afe7c678fa5dfc85-node-001752
bridgeport-connecticut-afe7c678fa5dfc85,275,5,0,11.140.9 APPEALS,45.20000076293945,241.2148895263672,131.4199981689453,255.68487548828125,10.0,ProximaNova-Bold,20,612.0,792.0,11.140.9 APPEALS,False,True,Subsection,subsection,0.8500000000000001,decimal_pattern=subsection,11.140.9,3,bridgeport-connecticut-afe7c678fa5dfc85-node-001753
bridgeport-connecticut-afe7c678fa5dfc85,277,0,0,12.0 ADMINISTRATION,45.0,80.477783203125,225.20620727539062,106.70378875732422,18.0,ProximaNovaCond-Black,20,612.0,792.0,12.0 ADMINISTRATION,False,True,Title,chapter,0.9,decimal_pattern=chapter (N.0),12.0,1,bridgeport-connecticut-afe7c678fa5dfc85-node-001754
bridgeport-connecticut-afe7c678fa5dfc85,278,0,1,12.10 Review and Decision-Making Bodies,40.5,41.37941360473633,311.5260925292969,61.637413024902344,14.0,ProximaNova-Bold,20,612.0,792.0,12.10 Review and Decision-Making Bodies,False,True,Section,section,0.9,decimal_pattern=section (N.MM),12.10,2,bridgeport-connecticut-afe7c678fa5dfc85-node-001755
bridgeport-connecticut-afe7c678fa5dfc85,278,2,2,A. Establishment and Composition. As established in,40.5,117.72941589355469,273.3614501953125,131.47592163085938,9.5,ProximaNova-Bold | ProximaNova-Light,20,612.0,792.0,A. Establishment and Composition. As established in,False,True,Paragraph,lettered_or_numbered,0.55,lettered_or_numbered_paragraph_marker,,4,bridgeport-connecticut-afe7c678fa5dfc85-node-001756
bridgeport-connecticut-afe7c678fa5dfc85,278,4,2,A. Establishment and Composition. As established in,314.79998779296875,151.5344696044922,547.6614990234375,165.28097534179688,9.5,ProximaNova-Bold | ProximaNova-Light,20,612.0,792.0,A. Establishment and Composition. As established in,False,True,Paragraph,lettered_or_numbered,0.55,lettered_or_numbered_paragraph_marker,,4,bridgeport-connecticut-afe7c678fa5dfc85-node-001757
bridgeport-connecticut-afe7c678fa5dfc85,278,6,0,B. Rules and Procedures. The planning and zoning,40.5,174.7294158935547,262.864501953125,188.47592163085938,9.5,ProximaNova-Bold | ProximaNova-Light,20,612.0,792.0,B. Rules and Procedures. The planning and zoning,False,True,Paragraph,lettered_or_numbered,0.55,lettered_or_numbered_paragraph_marker,,4,bridgeport-connecticut-afe7c678fa5dfc85-node-001758
bridgeport-connecticut-afe7c678fa5dfc85,278,8,0,B. Rules and Procedures. The zoning board of appeals,314.79998779296875,208.5344696044922,553.8180541992188,222.28097534179688,9.5,ProximaNova-Bold | ProximaNova-Light,20,612.0,792.0,B. Rules and Procedures. The zoning board of appeals,False,True,Paragraph,lettered_or_numbered,0.55,lettered_or_numbered_paragraph_marker,,4,bridgeport-connecticut-afe7c678fa5dfc85-node-001759
bridgeport-connecticut-afe7c678fa5dfc85,278,10,0,C. Powers,40.5,231.7294158935547,90.23001098632812,245.47592163085938,9.5,ProximaNova-Bold,20,612.0,792.0,C. Powers,False,True,Paragraph,lettered_or_numbered,0.55,lettered_or_numbered_paragraph_marker,,4,bridgeport-connecticut-afe7c678fa5dfc85-node-001760
bridgeport-connecticut-afe7c678fa5dfc85,278,12,0,C. Powers. The zoning board of appeals has the powers,314.79998779296875,253.5344696044922,557.2275390625,267.2809753417969,9.5,ProximaNova-Bold | ProximaNova-Light,20,612.0,792.0,C. Powers. The zoning board of appeals has the powers,False,True,Paragraph,lettered_or_numbered,0.55,lettered_or_numbered_paragraph_marker,,4,bridgeport-connecticut-afe7c678fa5dfc85-node-001761
bridgeport-connecticut-afe7c678fa5dfc85,278,14,0,"D. Vote Required. As provided in the General Statutes, the",314.79998779296875,322.5345153808594,566.2957153320312,336.281005859375,9.5,ProximaNova-Bold | ProximaNova-Light,20,612.0,792.0,"D. Vote Required. As provided in the General Statutes, the",False,True,Paragraph,lettered_or_numbered,0.55,lettered_or_numbered_paragraph_marker,,4,bridgeport-connecticut-afe7c678fa5dfc85-node-001762
bridgeport-connecticut-afe7c678fa5dfc85,278,17,0,(2) The planning and zoning commission is expressly,58.5,429.7294006347656,283.0774841308594,442.8583984375,9.5,ProximaNova-Light,4,612.0,792.0,(2) The planning and zoning commission is expressly,False,False,Paragraph,lettered_or_numbered,0.55,lettered_or_numbered_paragraph_marker,,4,bridgeport-connecticut-afe7c678fa5dfc85-node-001763
bridgeport-connecticut-afe7c678fa5dfc85,278,20,0,D. Inland Wetlands Agency. In accordance with section,40.5,570.7294311523438,280.03125,584.4758911132812,9.5,ProximaNova-Bold | ProximaNova-Light,20,612.0,792.0,D. Inland Wetlands Agency. In accordance with section,False,True,Paragraph,lettered_or_numbered,0.55,lettered_or_numbered_paragraph_marker,,4,bridgeport-connecticut-afe7c678fa5dfc85-node-001764
bridgeport-connecticut-afe7c678fa5dfc85,278,23,0,12.20 Fees and Charges,315.79998779296875,641.7369384765625,457.66400146484375,659.4609375,12.0,ProximaNova-Black,20,612.0,792.0,12.20 Fees and Charges,False,True,Section,section,0.9,decimal_pattern=section (N.MM),12.20,2,bridgeport-connecticut-afe7c678fa5dfc85-node-001765
bridgeport-connecticut-afe7c678fa5dfc85,278,24,0,E. Liquor Control. Pursuant to Section 4-2 of the city's,40.5,663.7294311523438,273.2234802246094,677.4758911132812,9.5,ProximaNova-Bold | ProximaNova-Light,20,612.0,792.0,E. Liquor Control. Pursuant to Section 4-2 of the city's,False,True,Paragraph,lettered_or_numbered,0.55,lettered_or_numbered_paragraph_marker,,4,bridgeport-connecticut-afe7c678fa5dfc85-node-001766
bridgeport-connecticut-afe7c678fa5dfc85,279,0,1,"12.30 Violations, Penalties, and Enforcement",285.3056945800781,41.37941360473633,575.2582397460938,61.637413024902344,14.0,ProximaNova-Bold,20,612.0,792.0,"12.30 Violations, Penalties, and Enforcement",False,True,Section,section,0.9,decimal_pattern=section (N.MM),12.30,2,bridgeport-connecticut-afe7c678fa5dfc85-node-001767
bridgeport-connecticut-afe7c678fa5dfc85,279,3,0,12.30.4 PERSONS SUBJECT TO PENALTIES,320.1499938964844,103.21488189697266,524.385009765625,117.68488311767578,10.0,ProximaNova-Bold,20,612.0,792.0,12.30.4 PERSONS SUBJECT TO PENALTIES,False,True,Subsection,subsection,0.8500000000000001,decimal_pattern=subsection,12.30.4,3,bridgeport-connecticut-afe7c678fa5dfc85-node-001768
bridgeport-connecticut-afe7c678fa5dfc85,279,5,0,12.20.2 PLANNING AND ZONING COMMISSION,45.20000076293945,127.21488189697266,270.0699462890625,141.68487548828125,10.0,ProximaNova-Bold,20,612.0,792.0,12.20.2 PLANNING AND ZONING COMMISSION,False,True,Subsection,subsection,0.8500000000000001,decimal_pattern=subsection,12.20.2,3,bridgeport-connecticut-afe7c678fa5dfc85-node-001769
bridgeport-connecticut-afe7c678fa5dfc85,279,4,0,12.30.5 REMEDIES AND ENFORCEMENT POWERS,320.1499938964844,196.2148895263672,555.5299072265625,210.68487548828125,10.0,ProximaNova-Bold,20,612.0,792.0,12.30.5 REMEDIES AND ENFORCEMENT POWERS,False,True,Subsection,subsection,0.8500000000000001,decimal_pattern=subsection,12.30.5,3,bridgeport-connecticut-afe7c678fa5dfc85-node-001770
bridgeport-connecticut-afe7c678fa5dfc85,279,6,0,A. The zoning official may deny an application of zoning,319.95001220703125,241.75437927246094,559.5565795898438,255.50088500976562,9.5,ProximaNova-Bold | ProximaNova-Light,20,612.0,792.0,A. The zoning official may deny an application of zoning,False,True,Paragraph,lettered_or_numbered,0.55,lettered_or_numbered_paragraph_marker,,4,bridgeport-connecticut-afe7c678fa5dfc85-node-001771
bridgeport-connecticut-afe7c678fa5dfc85,279,8,2,A. The zoning enforcement officer has the authority and,45.0,284.6544189453125,284.17901611328125,298.4009094238281,9.5,ProximaNova-Bold | ProximaNova-Light,20,612.0,792.0,A. The zoning enforcement officer has the authority and,False,True,Paragraph,lettered_or_numbered,0.55,lettered_or_numbered_paragraph_marker,,4,bridgeport-connecticut-afe7c678fa5dfc85-node-001772
bridgeport-connecticut-afe7c678fa5dfc85,279,11,0,B. Applications and zoning compliance may be denied,319.95001220703125,346.7544250488281,553.8565673828125,360.50091552734375,9.5,ProximaNova-Bold | ProximaNova-Light,20,612.0,792.0,B. Applications and zoning compliance may be denied,False,True,Paragraph,lettered_or_numbered,0.55,lettered_or_numbered_paragraph_marker,,4,bridgeport-connecticut-afe7c678fa5dfc85-node-001773
bridgeport-connecticut-afe7c678fa5dfc85,279,12,0,B. The zoning enforcement officer is authorized to cause,45.0,353.6544189453125,288.14056396484375,367.4009094238281,9.5,ProximaNova-Bold | ProximaNova-Light,20,612.0,792.0,B. The zoning enforcement officer is authorized to cause,False,True,Paragraph,lettered_or_numbered,0.55,lettered_or_numbered_paragraph_marker,,4,bridgeport-connecticut-afe7c678fa5dfc85-node-001774
bridgeport-connecticut-afe7c678fa5dfc85,279,15,0,(2) That the zoning compliance was procured by false,337.95001220703125,436.7544250488281,566.2611083984375,449.8834228515625,9.5,ProximaNova-Light,4,612.0,792.0,(2) That the zoning compliance was procured by false,False,False,Paragraph,lettered_or_numbered,0.55,lettered_or_numbered_paragraph_marker,,4,bridgeport-connecticut-afe7c678fa5dfc85-node-001775
bridgeport-connecticut-afe7c678fa5dfc85,279,18,0,"(3) That any of the provisions of this zoning code, or",337.95001220703125,469.7544250488281,559.3355102539062,482.8834228515625,9.5,ProximaNova-Light,4,612.0,792.0,"(3) That any of the provisions of this zoning code, or",False,False,Paragraph,lettered_or_numbered,0.55,lettered_or_numbered_paragraph_marker,,4,bridgeport-connecticut-afe7c678fa5dfc85-node-001776
bridgeport-connecticut-afe7c678fa5dfc85,279,19,0,C. The zoning enforcement officer has the authority and,45.0,470.6544189453125,284.17901611328125,484.4009094238281,9.5,ProximaNova-Bold | ProximaNova-Light,20,612.0,792.0,C. The zoning enforcement officer has the authority and,False,True,Paragraph,lettered_or_numbered,0.55,lettered_or_numbered_paragraph_marker,,4,bridgeport-connecticut-afe7c678fa5dfc85-node-001777
bridgeport-connecticut-afe7c678fa5dfc85,279,21,0,(4) Written notice of revocation must be served upon,337.95001220703125,514.75439453125,562.2045288085938,527.8833618164062,9.5,ProximaNova-Light,4,612.0,792.0,(4) Written notice of revocation must be served upon,False,False,Paragraph,lettered_or_numbered,0.55,lettered_or_numbered_paragraph_marker,,4,bridgeport-connecticut-afe7c678fa5dfc85-node-001778
bridgeport-connecticut-afe7c678fa5dfc85,279,23,0,D. The zoning enforcement officer is authorized to remove,45.0,539.6544189453125,294.89508056640625,553.40087890625,9.5,ProximaNova-Bold | ProximaNova-Light,20,612.0,792.0,D. The zoning enforcement officer is authorized to remove,False,True,Paragraph,lettered_or_numbered,0.55,lettered_or_numbered_paragraph_marker,,4,bridgeport-connecticut-afe7c678fa5dfc85-node-001779
bridgeport-connecticut-afe7c678fa5dfc85,279,25,0,C. Stop Work. The zoning official may stop work on any,319.95001220703125,607.75439453125,559.048828125,621.5008544921875,9.5,ProximaNova-Bold | ProximaNova-Light,20,612.0,792.0,C. Stop Work. The zoning official may stop work on any,False,True,Paragraph,lettered_or_numbered,0.55,lettered_or_numbered_paragraph_marker,,4,bridgeport-connecticut-afe7c678fa5dfc85-node-001780
bridgeport-connecticut-afe7c678fa5dfc85,279,29,0,12.30.2 VIOLATIONS,45.20000076293945,644.1149291992188,146.3599853515625,658.5848999023438,10.0,ProximaNova-Bold,20,612.0,792.0,12.30.2 VIOLATIONS,False,True,Subsection,subsection,0.8500000000000001,decimal_pattern=subsection,12.30.2,3,bridgeport-connecticut-afe7c678fa5dfc85-node-001781
bridgeport-connecticut-afe7c678fa5dfc85,279,28,0,D. Injunctive Relief. The city may seek an injunction or,319.95001220703125,652.75439453125,554.8489990234375,666.5008544921875,9.5,ProximaNova-Bold | ProximaNova-Light,20,612.0,792.0,D. Injunctive Relief. The city may seek an injunction or,False,True,Paragraph,lettered_or_numbered,0.55,lettered_or_numbered_paragraph_marker,,4,bridgeport-connecticut-afe7c678fa5dfc85-node-001782
bridgeport-connecticut-afe7c678fa5dfc85,279,33,0,12.30.3 CONTINUING VIOLATIONS,45.20000076293945,689.1149291992188,211.344970703125,703.5848999023438,10.0,ProximaNova-Bold,20,612.0,792.0,12.30.3 CONTINUING VIOLATIONS,False,True,Subsection,subsection,0.8500000000000001,decimal_pattern=subsection,12.30.3,3,bridgeport-connecticut-afe7c678fa5dfc85-node-001783
bridgeport-connecticut-afe7c678fa5dfc85,279,31,0,E. Abatement. The city may seek a court order in the,319.95001220703125,697.75439453125,550.0560913085938,711.5008544921875,9.5,ProximaNova-Bold | ProximaNova-Light,20,612.0,792.0,E. Abatement. The city may seek a court order in the,False,True,Paragraph,lettered_or_numbered,0.55,lettered_or_numbered_paragraph_marker,,4,bridgeport-connecticut-afe7c678fa5dfc85-node-001784
bridgeport-connecticut-afe7c678fa5dfc85,280,1,0,B. Non-Emergency Matters. In the case of violations of,315.45001220703125,82.75437927246094,553.3506469726562,96.50088500976562,9.5,ProximaNova-Bold | ProximaNova-Light,20,612.0,792.0,B. Non-Emergency Matters. In the case of violations of,False,True,Paragraph,lettered_or_numbered,0.55,lettered_or_numbered_paragraph_marker,,4,bridgeport-connecticut-afe7c678fa5dfc85-node-001785
bridgeport-connecticut-afe7c678fa5dfc85,280,6,0,"(2) Any person who, having been served with an",58.5,205.75437927246094,265.24603271484375,218.8833770751953,9.5,ProximaNova-Light,4,612.0,792.0,"(2) Any person who, having been served with an",False,False,Paragraph,lettered_or_numbered,0.55,lettered_or_numbered_paragraph_marker,,4,bridgeport-connecticut-afe7c678fa5dfc85-node-001786
bridgeport-connecticut-afe7c678fa5dfc85,280,7,0,C. Emergency Matters. In the case of violations of this,315.45001220703125,223.75437927246094,549.4654541015625,237.50088500976562,9.5,ProximaNova-Bold | ProximaNova-Light,20,612.0,792.0,C. Emergency Matters. In the case of violations of this,False,True,Paragraph,lettered_or_numbered,0.55,lettered_or_numbered_paragraph_marker,,4,bridgeport-connecticut-afe7c678fa5dfc85-node-001787
bridgeport-connecticut-afe7c678fa5dfc85,280,11,0,12.30.9 APPEALS,315.6499938964844,328.21490478515625,401.8699645996094,342.6849060058594,10.0,ProximaNova-Bold,20,612.0,792.0,12.30.9 APPEALS,False,True,Subsection,subsection,0.8500000000000001,decimal_pattern=subsection,12.30.9,3,bridgeport-connecticut-afe7c678fa5dfc85-node-001788
bridgeport-connecticut-afe7c678fa5dfc85,280,10,0,"G. Other Penalties, Remedies and Powers. The city may",40.5,370.7544250488281,285.72247314453125,384.50091552734375,9.5,ProximaNova-Bold | ProximaNova-Light,20,612.0,792.0,"G. Other Penalties, Remedies and Powers. The city may",False,True,Paragraph,lettered_or_numbered,0.55,lettered_or_numbered_paragraph_marker,,4,bridgeport-connecticut-afe7c678fa5dfc85-node-001789
bridgeport-connecticut-afe7c678fa5dfc85,280,13,0,H. Continuation of Previous Enforcement Actions.,40.5,415.7544250488281,260.8025207519531,429.50091552734375,9.5,ProximaNova-Bold,20,612.0,792.0,H. Continuation of Previous Enforcement Actions.,False,True,Paragraph,lettered_or_numbered,0.55,lettered_or_numbered_paragraph_marker,,4,bridgeport-connecticut-afe7c678fa5dfc85-node-001790
bridgeport-connecticut-afe7c678fa5dfc85,280,15,0,12.30.6 SUPERIOR COURT,40.70000076293945,472.21490478515625,169.06497192382812,486.6849060058594,10.0,ProximaNova-Bold,20,612.0,792.0,12.30.6 SUPERIOR COURT,False,True,Subsection,subsection,0.8500000000000001,decimal_pattern=subsection,12.30.6,3,bridgeport-connecticut-afe7c678fa5dfc85-node-001791
bridgeport-connecticut-afe7c678fa5dfc85,280,17,0,12.30.8 ENFORCEMENT PROCEDURES,40.70000076293945,586.2149047851562,225.35499572753906,600.6848754882812,10.0,ProximaNova-Bold,20,612.0,792.0,12.30.8 ENFORCEMENT PROCEDURES,False,True,Subsection,subsection,0.8500000000000001,decimal_pattern=subsection,12.30.8,3,bridgeport-connecticut-afe7c678fa5dfc85-node-001792
bridgeport-connecticut-afe7c678fa5dfc85,280,17,1,A. General. The zoning official is authorized to cause any,40.5,598.75439453125,285.701416015625,612.5008544921875,9.5,ProximaNova-Bold | ProximaNova-Light,20,612.0,792.0,A. General. The zoning official is authorized to cause any,False,True,Paragraph,lettered_or_numbered,0.55,lettered_or_numbered_paragraph_marker,,4,bridgeport-connecticut-afe7c678fa5dfc85-node-001793
bridgeport-connecticut-afe7c678fa5dfc85,281,0,0,13.0 NONCONFORMITIES,45.0,80.477783203125,246.10601806640625,106.70378875732422,18.0,ProximaNovaCond-Black,20,612.0,792.0,13.0 NONCONFORMITIES,False,True,Title,chapter,0.9,decimal_pattern=chapter (N.0),13.0,1,bridgeport-connecticut-afe7c678fa5dfc85-node-001794
bridgeport-connecticut-afe7c678fa5dfc85,282,0,1,13.10 General,40.5,41.37941360473633,131.7100067138672,61.637413024902344,14.0,ProximaNova-Bold,20,612.0,792.0,13.10 General,False,True,Section,section,0.9,decimal_pattern=section (N.MM),13.10,2,bridgeport-connecticut-afe7c678fa5dfc85-node-001795
bridgeport-connecticut-afe7c678fa5dfc85,282,1,0,B. Repairs and normal maintenance that do not increase,315.79998779296875,82.53446960449219,556.4420776367188,96.28097534179688,9.5,ProximaNova-Bold | ProximaNova-Light,20,612.0,792.0,B. Repairs and normal maintenance that do not increase,False,True,Paragraph,lettered_or_numbered,0.55,lettered_or_numbered_paragraph_marker,,4,bridgeport-connecticut-afe7c678fa5dfc85-node-001796
bridgeport-connecticut-afe7c678fa5dfc85,282,4,0,C. Nothing in this article is intended to prevent,315.79998779296875,151.5344696044922,516.0860595703125,165.28097534179688,9.5,ProximaNova-Bold | ProximaNova-Light,20,612.0,792.0,C. Nothing in this article is intended to prevent,False,True,Paragraph,lettered_or_numbered,0.55,lettered_or_numbered_paragraph_marker,,4,bridgeport-connecticut-afe7c678fa5dfc85-node-001797
bridgeport-connecticut-afe7c678fa5dfc85,282,8,0,13.20 Nonconforming Lots,316.79998779296875,269.73699951171875,473.7240295410156,287.46099853515625,12.0,ProximaNova-Black,20,612.0,792.0,13.20 Nonconforming Lots,False,True,Section,section,0.9,decimal_pattern=section (N.MM),13.20,2,bridgeport-connecticut-afe7c678fa5dfc85-node-001798
bridgeport-connecticut-afe7c678fa5dfc85,282,11,0,A. Recognize the interests of landowners in continuing,40.5,351.7294006347656,274.0265197753906,365.47589111328125,9.5,ProximaNova-Bold | ProximaNova-Light,20,612.0,792.0,A. Recognize the interests of landowners in continuing,False,True,Paragraph,lettered_or_numbered,0.55,lettered_or_numbered_paragraph_marker,,4,bridgeport-connecticut-afe7c678fa5dfc85-node-001799
bridgeport-connecticut-afe7c678fa5dfc85,282,15,0,13.20.2 USE OF NONCONFORMING LOTS,316.0,361.8949890136719,513.655029296875,376.364990234375,10.0,ProximaNova-Bold,20,612.0,792.0,13.20.2 USE OF NONCONFORMING LOTS,False,True,Subsection,subsection,0.8500000000000001,decimal_pattern=subsection,13.20.2,3,bridgeport-connecticut-afe7c678fa5dfc85-node-001800
bridgeport-connecticut-afe7c678fa5dfc85,282,13,0,"B. Promote maintenance, reuse, and rehabilitation of",40.5,396.7294006347656,265.6465759277344,410.47589111328125,9.5,ProximaNova-Bold | ProximaNova-Light,20,612.0,792.0,"B. Promote maintenance, reuse, and rehabilitation of",False,True,Paragraph,lettered_or_numbered,0.55,lettered_or_numbered_paragraph_marker,,4,bridgeport-connecticut-afe7c678fa5dfc85-node-001801
bridgeport-connecticut-afe7c678fa5dfc85,282,16,0,C. Place reasonable limits on nonconformities that have the,40.5,429.7294006347656,293.8529968261719,443.47589111328125,9.5,ProximaNova-Bold | ProximaNova-Light,20,612.0,792.0,C. Place reasonable limits on nonconformities that have the,False,True,Paragraph,lettered_or_numbered,0.55,lettered_or_numbered_paragraph_marker,,4,bridgeport-connecticut-afe7c678fa5dfc85-node-001802
bridgeport-connecticut-afe7c678fa5dfc85,282,17,0,13.30 Nonconforming Uses,316.79998779296875,435.6369934082031,477.1679992675781,453.3609924316406,12.0,ProximaNova-Black,20,612.0,792.0,13.30 Nonconforming Uses,False,True,Section,section,0.9,decimal_pattern=section (N.MM),13.30,2,bridgeport-connecticut-afe7c678fa5dfc85-node-001803
bridgeport-connecticut-afe7c678fa5dfc85,282,20,2,A. The burden of proving that a situation has,40.5,555.7294311523438,233.2144775390625,569.4758911132812,9.5,ProximaNova-Bold | ProximaNova-Light,20,612.0,792.0,A. The burden of proving that a situation has,False,True,Paragraph,lettered_or_numbered,0.55,lettered_or_numbered_paragraph_marker,,4,bridgeport-connecticut-afe7c678fa5dfc85-node-001804
bridgeport-connecticut-afe7c678fa5dfc85,282,27,0,13.30.2 CHANGE OF USE,316.0,587.7950439453125,438.4449768066406,602.2650146484375,10.0,ProximaNova-Bold,20,612.0,792.0,13.30.2 CHANGE OF USE,False,True,Subsection,subsection,0.8500000000000001,decimal_pattern=subsection,13.30.2,3,bridgeport-connecticut-afe7c678fa5dfc85-node-001805
bridgeport-connecticut-afe7c678fa5dfc85,282,23,0,B. The zoning official is authorized to determine whether,40.5,600.7294311523438,282.91851806640625,614.4758911132812,9.5,ProximaNova-Bold | ProximaNova-Light,20,612.0,792.0,B. The zoning official is authorized to determine whether,False,True,Paragraph,lettered_or_numbered,0.55,lettered_or_numbered_paragraph_marker,,4,bridgeport-connecticut-afe7c678fa5dfc85-node-001806
bridgeport-connecticut-afe7c678fa5dfc85,282,25,0,C. Appeals of the zoning official’s decision on,40.5,645.7294311523438,236.966064453125,659.4758911132812,9.5,ProximaNova-Bold | ProximaNova-Light,20,612.0,792.0,C. Appeals of the zoning official’s decision on,False,True,Paragraph,lettered_or_numbered,0.55,lettered_or_numbered_paragraph_marker,,4,bridgeport-connecticut-afe7c678fa5dfc85-node-001807
bridgeport-connecticut-afe7c678fa5dfc85,282,28,2,A. Nonconformities must be maintained to be safe and in,40.5,702.7294311523438,284.2200012207031,716.4758911132812,9.5,ProximaNova-Bold | ProximaNova-Light,20,612.0,792.0,A. Nonconformities must be maintained to be safe and in,False,True,Paragraph,lettered_or_numbered,0.55,lettered_or_numbered_paragraph_marker,,4,bridgeport-connecticut-afe7c678fa5dfc85-node-001808
bridgeport-connecticut-afe7c678fa5dfc85,283,0,1,13.40 Nonconforming Structures,362.0249938964844,41.37941360473633,575.2562255859375,61.637413024902344,14.0,ProximaNova-Bold,20,612.0,792.0,13.40 Nonconforming Structures,False,True,Section,section,0.9,decimal_pattern=section (N.MM),13.40,2,bridgeport-connecticut-afe7c678fa5dfc85-node-001809
bridgeport-connecticut-afe7c678fa5dfc85,283,2,0,13.30.3 EXPANSION OF USE,45.20000076293945,82.60990142822266,182.12496948242188,97.07990264892578,10.0,ProximaNova-Bold,20,612.0,792.0,13.30.3 EXPANSION OF USE,False,True,Subsection,subsection,0.8500000000000001,decimal_pattern=subsection,13.30.3,3,bridgeport-connecticut-afe7c678fa5dfc85-node-001810
bridgeport-connecticut-afe7c678fa5dfc85,283,3,0,A. A nonconforming residential use in an N or NX zone,45.0,128.14939880371094,280.6545104980469,141.89590454101562,9.5,ProximaNova-Bold | ProximaNova-Light,20,612.0,792.0,A. A nonconforming residential use in an N or NX zone,False,True,Paragraph,lettered_or_numbered,0.55,lettered_or_numbered_paragraph_marker,,4,bridgeport-connecticut-afe7c678fa5dfc85-node-001811
bridgeport-connecticut-afe7c678fa5dfc85,283,7,0,13.40.2 GENERAL,320.1499938964844,174.18992614746094,407.79998779296875,188.659912109375,10.0,ProximaNova-Bold,20,612.0,792.0,13.40.2 GENERAL,False,True,Subsection,subsection,0.8500000000000001,decimal_pattern=subsection,13.40.2,3,bridgeport-connecticut-afe7c678fa5dfc85-node-001812
bridgeport-connecticut-afe7c678fa5dfc85,283,6,0,B. Any structure devoted to or containing a nonconforming,45.0,197.14939880371094,296.36749267578125,210.89590454101562,9.5,ProximaNova-Bold | ProximaNova-Light,20,612.0,792.0,B. Any structure devoted to or containing a nonconforming,False,True,Paragraph,lettered_or_numbered,0.55,lettered_or_numbered_paragraph_marker,,4,bridgeport-connecticut-afe7c678fa5dfc85-node-001813
bridgeport-connecticut-afe7c678fa5dfc85,283,10,0,13.40.3 ALTERATIONS AND EXPANSIONS,320.1499938964844,219.18992614746094,516.7649536132812,233.659912109375,10.0,ProximaNova-Bold,20,612.0,792.0,13.40.3 ALTERATIONS AND EXPANSIONS,False,True,Subsection,subsection,0.8500000000000001,decimal_pattern=subsection,13.40.3,3,bridgeport-connecticut-afe7c678fa5dfc85-node-001814
bridgeport-connecticut-afe7c678fa5dfc85,283,9,0,13.30.4 REMODELING AND IMPROVEMENTS,45.20000076293945,277.6098937988281,256.573974609375,292.07989501953125,10.0,ProximaNova-Bold,20,612.0,792.0,13.30.4 REMODELING AND IMPROVEMENTS,False,True,Subsection,subsection,0.8500000000000001,decimal_pattern=subsection,13.30.4,3,bridgeport-connecticut-afe7c678fa5dfc85-node-001815
bridgeport-connecticut-afe7c678fa5dfc85,283,12,0,13.30.5 MOVEMENT,45.20000076293945,346.6098937988281,144.36001586914062,361.07989501953125,10.0,ProximaNova-Bold,20,612.0,792.0,13.30.5 MOVEMENT,False,True,Subsection,subsection,0.8500000000000001,decimal_pattern=subsection,13.30.5,3,bridgeport-connecticut-afe7c678fa5dfc85-node-001816
bridgeport-connecticut-afe7c678fa5dfc85,283,13,0,13.40.5 MOVEMENT,320.1499938964844,405.18988037109375,419.3099365234375,419.6598815917969,10.0,ProximaNova-Bold,20,612.0,792.0,13.40.5 MOVEMENT,False,True,Subsection,subsection,0.8500000000000001,decimal_pattern=subsection,13.40.5,3,bridgeport-connecticut-afe7c678fa5dfc85-node-001817
bridgeport-connecticut-afe7c678fa5dfc85,283,14,0,13.30.6 LOSS OF NONCONFORMING STATUS,45.20000076293945,415.6098937988281,260.64495849609375,430.07989501953125,10.0,ProximaNova-Bold,20,612.0,792.0,13.30.6 LOSS OF NONCONFORMING STATUS,False,True,Subsection,subsection,0.8500000000000001,decimal_pattern=subsection,13.30.6,3,bridgeport-connecticut-afe7c678fa5dfc85-node-001818
bridgeport-connecticut-afe7c678fa5dfc85,283,15,0,13.40.6 RE-ESTABLISHMENT,320.1499938964844,462.18988037109375,457.5899353027344,476.6598815917969,10.0,ProximaNova-Bold,20,612.0,792.0,13.40.6 RE-ESTABLISHMENT,False,True,Subsection,subsection,0.8500000000000001,decimal_pattern=subsection,13.40.6,3,bridgeport-connecticut-afe7c678fa5dfc85-node-001819
bridgeport-connecticut-afe7c678fa5dfc85,283,16,0,A. No new nonconformities are created;,319.95001220703125,543.7294311523438,490.8905944824219,557.4758911132812,9.5,ProximaNova-Bold | ProximaNova-Light,20,612.0,792.0,A. No new nonconformities are created;,False,True,Paragraph,lettered_or_numbered,0.55,lettered_or_numbered_paragraph_marker,,4,bridgeport-connecticut-afe7c678fa5dfc85-node-001820
bridgeport-connecticut-afe7c678fa5dfc85,283,17,0,"B. The floor area, ground coverage, and overall height of",319.95001220703125,564.7294311523438,563.6607055664062,578.4758911132812,9.5,ProximaNova-Bold | ProximaNova-Light,20,612.0,792.0,"B. The floor area, ground coverage, and overall height of",False,True,Paragraph,lettered_or_numbered,0.55,lettered_or_numbered_paragraph_marker,,4,bridgeport-connecticut-afe7c678fa5dfc85-node-001821
bridgeport-connecticut-afe7c678fa5dfc85,283,21,0,13.30.8 CERTIFICATE OF ZONING COMPLIANCE,45.20000076293945,601.6099243164062,272.7689514160156,616.0798950195312,10.0,ProximaNova-Bold,20,612.0,792.0,13.30.8 CERTIFICATE OF ZONING COMPLIANCE,False,True,Subsection,subsection,0.8500000000000001,decimal_pattern=subsection,13.30.8,3,bridgeport-connecticut-afe7c678fa5dfc85-node-001822
bridgeport-connecticut-afe7c678fa5dfc85,283,20,0,C. All construction complies with applicable requirements,319.95001220703125,621.7294311523438,564.5534057617188,635.4758911132812,9.5,ProximaNova-Bold | ProximaNova-Light,20,612.0,792.0,C. All construction complies with applicable requirements,False,True,Paragraph,lettered_or_numbered,0.55,lettered_or_numbered_paragraph_marker,,4,bridgeport-connecticut-afe7c678fa5dfc85-node-001823
bridgeport-connecticut-afe7c678fa5dfc85,283,23,0,"A. Expansion, enlargement or change of a nonconforming",45.0,647.1494140625,292.06396484375,660.8958740234375,9.5,ProximaNova-Bold | ProximaNova-Light,20,612.0,792.0,"A. Expansion, enlargement or change of a nonconforming",False,True,Paragraph,lettered_or_numbered,0.55,lettered_or_numbered_paragraph_marker,,4,bridgeport-connecticut-afe7c678fa5dfc85-node-001824
bridgeport-connecticut-afe7c678fa5dfc85,283,25,0,B. Expansion or enlargement of a building occupied by a,45.0,680.1494140625,288.5014953613281,693.8958740234375,9.5,ProximaNova-Bold | ProximaNova-Light,20,612.0,792.0,B. Expansion or enlargement of a building occupied by a,False,True,Paragraph,lettered_or_numbered,0.55,lettered_or_numbered_paragraph_marker,,4,bridgeport-connecticut-afe7c678fa5dfc85-node-001825
bridgeport-connecticut-afe7c678fa5dfc85,284,0,1,13.50 Nonconforming Signs,40.5,41.37941360473633,223.39601135253906,61.637413024902344,14.0,ProximaNova-Bold,20,612.0,792.0,13.50 Nonconforming Signs,False,True,Section,section,0.9,decimal_pattern=section (N.MM),13.50,2,bridgeport-connecticut-afe7c678fa5dfc85-node-001826
bridgeport-connecticut-afe7c678fa5dfc85,284,3,0,13.60 Other Nonconformities,41.5,130.931884765625,212.78799438476562,148.6558837890625,12.0,ProximaNova-Black,20,612.0,792.0,13.60 Other Nonconformities,False,True,Section,section,0.9,decimal_pattern=section (N.MM),13.60,2,bridgeport-connecticut-afe7c678fa5dfc85-node-001827
bridgeport-connecticut-afe7c678fa5dfc85,284,5,0,13.60.2 GENERAL,40.70000076293945,283.08990478515625,128.3780975341797,297.5599060058594,10.0,ProximaNova-Bold,20,612.0,792.0,13.60.2 GENERAL,False,True,Subsection,subsection,0.8500000000000001,decimal_pattern=subsection,13.60.2,3,bridgeport-connecticut-afe7c678fa5dfc85-node-001828
bridgeport-connecticut-afe7c678fa5dfc85,285,0,0,14.0 MEASURING & DEFINITIONS,45.0,80.477783203125,303.5080261230469,106.70378875732422,18.0,ProximaNovaCond-Black,20,612.0,792.0,14.0 MEASURING & DEFINITIONS,False,True,Title,chapter,0.9,decimal_pattern=chapter (N.0),14.0,1,bridgeport-connecticut-afe7c678fa5dfc85-node-001829
bridgeport-connecticut-afe7c678fa5dfc85,286,0,1,14.10 Language and Interpretation,40.5,41.37941360473633,263.0159912109375,61.637413024902344,14.0,ProximaNova-Bold,20,612.0,792.0,14.10 Language and Interpretation,False,True,Section,section,0.9,decimal_pattern=section (N.MM),14.10,2,bridgeport-connecticut-afe7c678fa5dfc85-node-001830
bridgeport-connecticut-afe7c678fa5dfc85,286,2,2,A. Words and terms expressly defined in this zoning,40.5,117.72941589355469,263.3770751953125,131.47592163085938,9.5,ProximaNova-Bold | ProximaNova-Light,20,612.0,792.0,A. Words and terms expressly defined in this zoning,False,True,Paragraph,lettered_or_numbered,0.55,lettered_or_numbered_paragraph_marker,,4,bridgeport-connecticut-afe7c678fa5dfc85-node-001831
bridgeport-connecticut-afe7c678fa5dfc85,286,7,0,B. Words that are not expressly defined in this zoning,40.5,174.7294158935547,269.5330810546875,188.47592163085938,9.5,ProximaNova-Bold | ProximaNova-Light,20,612.0,792.0,B. Words that are not expressly defined in this zoning,False,True,Paragraph,lettered_or_numbered,0.55,lettered_or_numbered_paragraph_marker,,4,bridgeport-connecticut-afe7c678fa5dfc85-node-001832
bridgeport-connecticut-afe7c678fa5dfc85,286,15,0,A. “And” indicates that all connected items or provisions,40.5,264.72943115234375,279.34649658203125,278.4759216308594,9.5,ProximaNova-Bold | ProximaNova-Light,20,612.0,792.0,A. “And” indicates that all connected items or provisions,False,True,Paragraph,lettered_or_numbered,0.55,lettered_or_numbered_paragraph_marker,,4,bridgeport-connecticut-afe7c678fa5dfc85-node-001833
bridgeport-connecticut-afe7c678fa5dfc85,286,19,0,B. “Or” indicates that the connected items or provisions,40.5,297.7294006347656,278.0260009765625,311.47589111328125,9.5,ProximaNova-Bold | ProximaNova-Light,20,612.0,792.0,B. “Or” indicates that the connected items or provisions,False,True,Paragraph,lettered_or_numbered,0.55,lettered_or_numbered_paragraph_marker,,4,bridgeport-connecticut-afe7c678fa5dfc85-node-001834
bridgeport-connecticut-afe7c678fa5dfc85,286,24,2,A. References to “days” are to calendar days unless,40.5,342.7294006347656,263.18603515625,356.47589111328125,9.5,ProximaNova-Bold | ProximaNova-Light,20,612.0,792.0,A. References to “days” are to calendar days unless,False,True,Paragraph,lettered_or_numbered,0.55,lettered_or_numbered_paragraph_marker,,4,bridgeport-connecticut-afe7c678fa5dfc85-node-001835
bridgeport-connecticut-afe7c678fa5dfc85,286,26,0,B. The time in which an act is to be completed is computed,40.5,411.7294006347656,294.54644775390625,425.47589111328125,9.5,ProximaNova-Bold | ProximaNova-Light,20,612.0,792.0,B. The time in which an act is to be completed is computed,False,True,Paragraph,lettered_or_numbered,0.55,lettered_or_numbered_paragraph_marker,,4,bridgeport-connecticut-afe7c678fa5dfc85-node-001836
bridgeport-connecticut-afe7c678fa5dfc85,286,29,0,C. A day concludes at the close of business and any,40.5,468.7294006347656,265.56195068359375,482.47589111328125,9.5,ProximaNova-Bold | ProximaNova-Light,20,612.0,792.0,C. A day concludes at the close of business and any,False,True,Paragraph,lettered_or_numbered,0.55,lettered_or_numbered_paragraph_marker,,4,bridgeport-connecticut-afe7c678fa5dfc85-node-001837
bridgeport-connecticut-afe7c678fa5dfc85,286,31,2,A. Words used in the singular include the plural. The,40.5,525.7293701171875,264.84002685546875,539.475830078125,9.5,ProximaNova-Bold | ProximaNova-Light,20,612.0,792.0,A. Words used in the singular include the plural. The,False,True,Paragraph,lettered_or_numbered,0.55,lettered_or_numbered_paragraph_marker,,4,bridgeport-connecticut-afe7c678fa5dfc85-node-001838
bridgeport-connecticut-afe7c678fa5dfc85,286,36,0,14.10.10 PUBLIC OFFICIALS AND AGENCIES,315.6499938964844,548.7442016601562,521.1549682617188,563.2141723632812,10.0,ProximaNova-Bold,20,612.0,792.0,14.10.10 PUBLIC OFFICIALS AND AGENCIES,False,True,Subsection,subsection,0.8500000000000001,decimal_pattern=subsection,14.10.10,3,bridgeport-connecticut-afe7c678fa5dfc85-node-001839
bridgeport-connecticut-afe7c678fa5dfc85,286,34,0,B. Words used in the present tense include the future,40.5,558.7294311523438,270.217041015625,572.4758911132812,9.5,ProximaNova-Bold | ProximaNova-Light,20,612.0,792.0,B. Words used in the present tense include the future,False,True,Paragraph,lettered_or_numbered,0.55,lettered_or_numbered_paragraph_marker,,4,bridgeport-connecticut-afe7c678fa5dfc85-node-001840
bridgeport-connecticut-afe7c678fa5dfc85,286,37,0,"C. The words “shall,” “will,” and “must” are mandatory.",40.5,591.7294311523438,268.81951904296875,605.4758911132812,9.5,ProximaNova-Bold | ProximaNova-Light,20,612.0,792.0,"C. The words “shall,” “will,” and “must” are mandatory.",False,True,Paragraph,lettered_or_numbered,0.55,lettered_or_numbered_paragraph_marker,,4,bridgeport-connecticut-afe7c678fa5dfc85-node-001841
bridgeport-connecticut-afe7c678fa5dfc85,286,38,0,14.20 Measurements,316.45001220703125,598.4862060546875,441.8500061035156,616.210205078125,12.0,ProximaNova-Black,20,612.0,792.0,14.20 Measurements,False,True,Section,section,0.9,decimal_pattern=section (N.MM),14.20,2,bridgeport-connecticut-afe7c678fa5dfc85-node-001842
bridgeport-connecticut-afe7c678fa5dfc85,286,39,0,"D. The phrase ""may not"" means that the subject act is",40.5,612.7294311523438,269.7039794921875,626.4758911132812,9.5,ProximaNova-Bold | ProximaNova-Light,20,612.0,792.0,"D. The phrase ""may not"" means that the subject act is",False,True,Paragraph,lettered_or_numbered,0.55,lettered_or_numbered_paragraph_marker,,4,bridgeport-connecticut-afe7c678fa5dfc85-node-001843
bridgeport-connecticut-afe7c678fa5dfc85,287,5,0,14.20.2 GENERALLY PARALLEL & PERPENDICULAR,44.75,115.21488189697266,285.28900146484375,129.68487548828125,10.0,ProximaNova-Bold,20,612.0,792.0,14.20.2 GENERALLY PARALLEL & PERPENDICULAR,False,True,Subsection,subsection,0.8500000000000001,decimal_pattern=subsection,14.20.2,3,bridgeport-connecticut-afe7c678fa5dfc85-node-001844
bridgeport-connecticut-afe7c678fa5dfc85,287,6,0,(2) Side or interior-side setbacks are measured from,337.95001220703125,184.75437927246094,559.6490478515625,197.8833770751953,9.5,ProximaNova-Light,4,612.0,792.0,(2) Side or interior-side setbacks are measured from,False,False,Paragraph,lettered_or_numbered,0.55,lettered_or_numbered_paragraph_marker,,4,bridgeport-connecticut-afe7c678fa5dfc85-node-001845
bridgeport-connecticut-afe7c678fa5dfc85,287,8,0,14.20.3 LOT AREA,44.75,196.2148895263672,134.70001220703125,210.68487548828125,10.0,ProximaNova-Bold,20,612.0,792.0,14.20.3 LOT AREA,False,True,Subsection,subsection,0.8500000000000001,decimal_pattern=subsection,14.20.3,3,bridgeport-connecticut-afe7c678fa5dfc85-node-001846
bridgeport-connecticut-afe7c678fa5dfc85,287,9,0,(3) Rear setbacks are measured from the rear lot line.,337.95001220703125,229.75437927246094,561.9481201171875,242.8833770751953,9.5,ProximaNova-Light,4,612.0,792.0,(3) Rear setbacks are measured from the rear lot line.,False,False,Paragraph,lettered_or_numbered,0.55,lettered_or_numbered_paragraph_marker,,4,bridgeport-connecticut-afe7c678fa5dfc85-node-001847
bridgeport-connecticut-afe7c678fa5dfc85,287,11,0,14.20.4 LOT WIDTH,44.75,241.2148895263672,140.75001525878906,255.68487548828125,10.0,ProximaNova-Bold,20,612.0,792.0,14.20.4 LOT WIDTH,False,True,Subsection,subsection,0.8500000000000001,decimal_pattern=subsection,14.20.4,3,bridgeport-connecticut-afe7c678fa5dfc85-node-001848
bridgeport-connecticut-afe7c678fa5dfc85,287,10,0,"(4) On corner lots, the required primary or non-primary",337.95001220703125,250.75437927246094,568.7881469726562,263.8833923339844,9.5,ProximaNova-Light,4,612.0,792.0,"(4) On corner lots, the required primary or non-primary",False,False,Paragraph,lettered_or_numbered,0.55,lettered_or_numbered_paragraph_marker,,4,bridgeport-connecticut-afe7c678fa5dfc85-node-001849
bridgeport-connecticut-afe7c678fa5dfc85,287,13,0,14.20.5 PRIMARY STREETWALL,44.75,310.21490478515625,195.76498413085938,324.6849060058594,10.0,ProximaNova-Bold,20,612.0,792.0,14.20.5 PRIMARY STREETWALL,False,True,Subsection,subsection,0.8500000000000001,decimal_pattern=subsection,14.20.5,3,bridgeport-connecticut-afe7c678fa5dfc85-node-001850
bridgeport-connecticut-afe7c678fa5dfc85,287,13,1,A. Definition. The minimum amount of building facade,44.54999923706055,322.7544250488281,277.6576843261719,336.50091552734375,9.5,ProximaNova-Bold | ProximaNova-Light,20,612.0,792.0,A. Definition. The minimum amount of building facade,False,True,Paragraph,lettered_or_numbered,0.55,lettered_or_numbered_paragraph_marker,,4,bridgeport-connecticut-afe7c678fa5dfc85-node-001851
bridgeport-connecticut-afe7c678fa5dfc85,287,18,0,B. Measurement: Minimum Percentage of Streetwall. The,44.54999923706055,367.7544250488281,299.00762939453125,381.50091552734375,9.5,ProximaNova-Bold | ProximaNova-Light,20,612.0,792.0,B. Measurement: Minimum Percentage of Streetwall. The,False,True,Paragraph,lettered_or_numbered,0.55,lettered_or_numbered_paragraph_marker,,4,bridgeport-connecticut-afe7c678fa5dfc85-node-001852
bridgeport-connecticut-afe7c678fa5dfc85,287,23,0,C. Measurement: Maximum Streetwall. The maximum,44.54999923706055,448.7544250488281,280.2900390625,462.50091552734375,9.5,ProximaNova-Bold | ProximaNova-Light,20,612.0,792.0,C. Measurement: Maximum Streetwall. The maximum,False,True,Paragraph,lettered_or_numbered,0.55,lettered_or_numbered_paragraph_marker,,4,bridgeport-connecticut-afe7c678fa5dfc85-node-001853
bridgeport-connecticut-afe7c678fa5dfc85,287,26,0,D. Height. The streetwall or building facade being,44.54999923706055,517.75439453125,260.0260009765625,531.5008544921875,9.5,ProximaNova-Bold | ProximaNova-Light,20,612.0,792.0,D. Height. The streetwall or building facade being,False,True,Paragraph,lettered_or_numbered,0.55,lettered_or_numbered_paragraph_marker,,4,bridgeport-connecticut-afe7c678fa5dfc85-node-001854
bridgeport-connecticut-afe7c678fa5dfc85,287,29,0,E. Courtyard and Other Allowances. Courtyards and,44.54999923706055,562.75439453125,274.5291442871094,576.5008544921875,9.5,ProximaNova-Bold | ProximaNova-Light,20,612.0,792.0,E. Courtyard and Other Allowances. Courtyards and,False,True,Paragraph,lettered_or_numbered,0.55,lettered_or_numbered_paragraph_marker,,4,bridgeport-connecticut-afe7c678fa5dfc85-node-001855
bridgeport-connecticut-afe7c678fa5dfc85,287,35,0,"14.20.6 SETBACKS, BUILD-TO LINES, BUILD-TO",44.75,631.2149047851562,270.55999755859375,645.6848754882812,10.0,ProximaNova-Bold,20,612.0,792.0,"14.20.6 SETBACKS, BUILD-TO LINES, BUILD-TO",False,True,Subsection,subsection,0.8500000000000001,decimal_pattern=subsection,14.20.6,3,bridgeport-connecticut-afe7c678fa5dfc85-node-001856
bridgeport-connecticut-afe7c678fa5dfc85,287,37,0,"A. Measurement: Buildings. Required setbacks, build-",44.54999923706055,688.75439453125,276.30419921875,702.5008544921875,9.5,ProximaNova-Bold | ProximaNova-Light,20,612.0,792.0,"A. Measurement: Buildings. Required setbacks, build-",False,True,Paragraph,lettered_or_numbered,0.55,lettered_or_numbered_paragraph_marker,,4,bridgeport-connecticut-afe7c678fa5dfc85-node-001857
bridgeport-connecticut-afe7c678fa5dfc85,288,3,0,"(5) On through-lots, the required primary or non-",58.9807014465332,115.75437927246094,262.2117004394531,128.8833770751953,9.5,ProximaNova-Light,4,612.0,792.0,"(5) On through-lots, the required primary or non-",False,False,Paragraph,lettered_or_numbered,0.55,lettered_or_numbered_paragraph_marker,,4,bridgeport-connecticut-afe7c678fa5dfc85-node-001858
bridgeport-connecticut-afe7c678fa5dfc85,288,4,0,"(2) Porches in Front Yards. Porches, stoops, decks,",333.45001220703125,115.75437927246094,553.615966796875,129.50088500976562,9.5,ProximaNova-Bold | ProximaNova-Light,20,612.0,792.0,"(2) Porches in Front Yards. Porches, stoops, decks,",False,True,Paragraph,lettered_or_numbered,0.55,lettered_or_numbered_paragraph_marker,,4,bridgeport-connecticut-afe7c678fa5dfc85-node-001859
bridgeport-connecticut-afe7c678fa5dfc85,288,6,0,(3) Steps and Ramps in Front Yards. Steps and ramps,333.45001220703125,184.75437927246094,565.9868774414062,198.50088500976562,9.5,ProximaNova-Bold | ProximaNova-Light,20,612.0,792.0,(3) Steps and Ramps in Front Yards. Steps and ramps,False,True,Paragraph,lettered_or_numbered,0.55,lettered_or_numbered_paragraph_marker,,4,bridgeport-connecticut-afe7c678fa5dfc85-node-001860
bridgeport-connecticut-afe7c678fa5dfc85,288,9,0,B. Required Streetscape Area. See 3.10.12 for regulations,40.9807014465332,220.75437927246094,287.9092712402344,234.50088500976562,9.5,ProximaNova-Bold | ProximaNova-Light,20,612.0,792.0,B. Required Streetscape Area. See 3.10.12 for regulations,False,True,Paragraph,lettered_or_numbered,0.55,lettered_or_numbered_paragraph_marker,,4,bridgeport-connecticut-afe7c678fa5dfc85-node-001861
bridgeport-connecticut-afe7c678fa5dfc85,288,10,0,"(4) Porches, Stoops, Decks in Rear and Side Yards.",333.45001220703125,229.75437927246094,554.7882080078125,243.50088500976562,9.5,ProximaNova-Bold | ProximaNova-Light,20,612.0,792.0,"(4) Porches, Stoops, Decks in Rear and Side Yards.",False,True,Paragraph,lettered_or_numbered,0.55,lettered_or_numbered_paragraph_marker,,4,bridgeport-connecticut-afe7c678fa5dfc85-node-001862
bridgeport-connecticut-afe7c678fa5dfc85,288,13,0,C. Exceptions to Build-to Zones and Build-to Lines.,40.9807014465332,289.7544250488281,265.5155334472656,303.50091552734375,9.5,ProximaNova-Bold,20,612.0,792.0,C. Exceptions to Build-to Zones and Build-to Lines.,False,True,Paragraph,lettered_or_numbered,0.55,lettered_or_numbered_paragraph_marker,,4,bridgeport-connecticut-afe7c678fa5dfc85-node-001863
bridgeport-connecticut-afe7c678fa5dfc85,288,14,0,E. Setbacks on Irregular Lots. Setbacks are measured,315.45001220703125,298.7544250488281,551.6224365234375,312.50091552734375,9.5,ProximaNova-Bold | ProximaNova-Light,20,612.0,792.0,E. Setbacks on Irregular Lots. Setbacks are measured,False,True,Paragraph,lettered_or_numbered,0.55,lettered_or_numbered_paragraph_marker,,4,bridgeport-connecticut-afe7c678fa5dfc85-node-001864
bridgeport-connecticut-afe7c678fa5dfc85,288,18,0,D. Allowed Encroachments. Allowed encroachments into,40.9807014465332,346.7544250488281,288.0869140625,360.50091552734375,9.5,ProximaNova-Bold | ProximaNova-Light,20,612.0,792.0,D. Allowed Encroachments. Allowed encroachments into,False,True,Paragraph,lettered_or_numbered,0.55,lettered_or_numbered_paragraph_marker,,4,bridgeport-connecticut-afe7c678fa5dfc85-node-001865
bridgeport-connecticut-afe7c678fa5dfc85,288,19,0,"(2) When there are multiple rear lot lines, the rear",333.45001220703125,364.7544250488281,543.4071044921875,377.8834228515625,9.5,ProximaNova-Light,4,612.0,792.0,"(2) When there are multiple rear lot lines, the rear",False,False,Paragraph,lettered_or_numbered,0.55,lettered_or_numbered_paragraph_marker,,4,bridgeport-connecticut-afe7c678fa5dfc85-node-001866
bridgeport-connecticut-afe7c678fa5dfc85,289,3,0,"(2) If the surrounding parcels are vacant, the required",63.0,115.75437927246094,289.48699951171875,128.8833770751953,9.5,ProximaNova-Light,4,612.0,792.0,"(2) If the surrounding parcels are vacant, the required",False,False,Paragraph,lettered_or_numbered,0.55,lettered_or_numbered_paragraph_marker,,4,bridgeport-connecticut-afe7c678fa5dfc85-node-001867
bridgeport-connecticut-afe7c678fa5dfc85,289,6,0,(2) No Closer to Lot Line Than Primary Facade. When,337.95001220703125,151.75437927246094,572.7011108398438,165.50088500976562,9.5,ProximaNova-Bold | ProximaNova-Light,20,612.0,792.0,(2) No Closer to Lot Line Than Primary Facade. When,False,True,Paragraph,lettered_or_numbered,0.55,lettered_or_numbered_paragraph_marker,,4,bridgeport-connecticut-afe7c678fa5dfc85-node-001868
bridgeport-connecticut-afe7c678fa5dfc85,289,7,0,G. Waterway Frontage. A river or trail frontage build-to,45.0,160.75437927246094,281.0867614746094,174.50088500976562,9.5,ProximaNova-Bold | ProximaNova-Light,20,612.0,792.0,G. Waterway Frontage. A river or trail frontage build-to,False,True,Paragraph,lettered_or_numbered,0.55,lettered_or_numbered_paragraph_marker,,4,bridgeport-connecticut-afe7c678fa5dfc85-node-001869
bridgeport-connecticut-afe7c678fa5dfc85,289,10,0,B. Garage Door Location. Any garage door must be,319.95001220703125,220.75437927246094,545.715576171875,234.50088500976562,9.5,ProximaNova-Bold | ProximaNova-Light,20,612.0,792.0,B. Garage Door Location. Any garage door must be,False,True,Paragraph,lettered_or_numbered,0.55,lettered_or_numbered_paragraph_marker,,4,bridgeport-connecticut-afe7c678fa5dfc85-node-001870
bridgeport-connecticut-afe7c678fa5dfc85,289,11,0,H. Measurement: Elements Other than Buildings.,45.0,229.75437927246094,261.8207702636719,243.50088500976562,9.5,ProximaNova-Bold,20,612.0,792.0,H. Measurement: Elements Other than Buildings.,False,True,Paragraph,lettered_or_numbered,0.55,lettered_or_numbered_paragraph_marker,,4,bridgeport-connecticut-afe7c678fa5dfc85-node-001871
bridgeport-connecticut-afe7c678fa5dfc85,289,14,0,14.20.9 LIMITED SIDE YARD PARKING,320.1499938964844,265.2148742675781,502.5909118652344,279.68487548828125,10.0,ProximaNova-Bold,20,612.0,792.0,14.20.9 LIMITED SIDE YARD PARKING,False,True,Subsection,subsection,0.8500000000000001,decimal_pattern=subsection,14.20.9,3,bridgeport-connecticut-afe7c678fa5dfc85-node-001872
bridgeport-connecticut-afe7c678fa5dfc85,289,17,0,A. Impervious Surfaces. Any land or portion of a site,45.0,355.7544250488281,272.7734375,369.50091552734375,9.5,ProximaNova-Bold | ProximaNova-Light,20,612.0,792.0,A. Impervious Surfaces. Any land or portion of a site,False,True,Paragraph,lettered_or_numbered,0.55,lettered_or_numbered_paragraph_marker,,4,bridgeport-connecticut-afe7c678fa5dfc85-node-001873
bridgeport-connecticut-afe7c678fa5dfc85,289,18,0,A. Minimum Height. Each building type requires a,319.95001220703125,367.7544250488281,537.4736328125,381.50091552734375,9.5,ProximaNova-Bold | ProximaNova-Light,20,612.0,792.0,A. Minimum Height. Each building type requires a,False,True,Paragraph,lettered_or_numbered,0.55,lettered_or_numbered_paragraph_marker,,4,bridgeport-connecticut-afe7c678fa5dfc85-node-001874
bridgeport-connecticut-afe7c678fa5dfc85,289,21,0,"B. Semi-Pervious Materials. Semi-pervious materials,",45.0,448.7544250488281,274.6733093261719,462.50091552734375,9.5,ProximaNova-Bold | ProximaNova-Light,20,612.0,792.0,"B. Semi-Pervious Materials. Semi-pervious materials,",False,True,Paragraph,lettered_or_numbered,0.55,lettered_or_numbered_paragraph_marker,,4,bridgeport-connecticut-afe7c678fa5dfc85-node-001875
bridgeport-connecticut-afe7c678fa5dfc85,289,22,0,B. Maximum Height. Maximum heights are specified in,319.95001220703125,448.7544250488281,557.0723876953125,462.50091552734375,9.5,ProximaNova-Bold | ProximaNova-Light,20,612.0,792.0,B. Maximum Height. Maximum heights are specified in,False,True,Paragraph,lettered_or_numbered,0.55,lettered_or_numbered_paragraph_marker,,4,bridgeport-connecticut-afe7c678fa5dfc85-node-001876
bridgeport-connecticut-afe7c678fa5dfc85,289,24,0,C. Towers. When expressly allowed in the building type,319.95001220703125,529.75439453125,558.045654296875,543.5008544921875,9.5,ProximaNova-Bold | ProximaNova-Light,20,612.0,792.0,C. Towers. When expressly allowed in the building type,False,True,Paragraph,lettered_or_numbered,0.55,lettered_or_numbered_paragraph_marker,,4,bridgeport-connecticut-afe7c678fa5dfc85-node-001877
bridgeport-connecticut-afe7c678fa5dfc85,289,27,0,"C. Green Roofs. Green, or vegetated, roofs count towards",45.0,565.75439453125,293.7977294921875,579.5008544921875,9.5,ProximaNova-Bold | ProximaNova-Light,20,612.0,792.0,"C. Green Roofs. Green, or vegetated, roofs count towards",False,True,Paragraph,lettered_or_numbered,0.55,lettered_or_numbered_paragraph_marker,,4,bridgeport-connecticut-afe7c678fa5dfc85-node-001878
bridgeport-connecticut-afe7c678fa5dfc85,289,28,0,D. Height to Eaves. Eave height is measured from the floor,319.95001220703125,574.75439453125,573.5413208007812,588.5008544921875,9.5,ProximaNova-Bold | ProximaNova-Light,20,612.0,792.0,D. Height to Eaves. Eave height is measured from the floor,False,True,Paragraph,lettered_or_numbered,0.55,lettered_or_numbered_paragraph_marker,,4,bridgeport-connecticut-afe7c678fa5dfc85-node-001879
bridgeport-connecticut-afe7c678fa5dfc85,289,30,0,E. Roof Type. Roof types per 6.20 allowed by building,319.95001220703125,607.75439453125,553.47607421875,621.5008544921875,9.5,ProximaNova-Bold | ProximaNova-Light,20,612.0,792.0,E. Roof Type. Roof types per 6.20 allowed by building,False,True,Paragraph,lettered_or_numbered,0.55,lettered_or_numbered_paragraph_marker,,4,bridgeport-connecticut-afe7c678fa5dfc85-node-001880
bridgeport-connecticut-afe7c678fa5dfc85,289,33,0,14.20.8 ATTACHED GARAGE AND DOOR LOCATION,45.20000076293945,634.2149047851562,289.619873046875,648.6848754882812,10.0,ProximaNova-Bold,20,612.0,792.0,14.20.8 ATTACHED GARAGE AND DOOR LOCATION,False,True,Subsection,subsection,0.8500000000000001,decimal_pattern=subsection,14.20.8,3,bridgeport-connecticut-afe7c678fa5dfc85-node-001881
bridgeport-connecticut-afe7c678fa5dfc85,289,33,1,A. Garage Setback Measurement. Garage setbacks are,45.0,646.75439453125,287.1336975097656,660.5008544921875,9.5,ProximaNova-Bold | ProximaNova-Light,20,612.0,792.0,A. Garage Setback Measurement. Garage setbacks are,False,True,Paragraph,lettered_or_numbered,0.55,lettered_or_numbered_paragraph_marker,,4,bridgeport-connecticut-afe7c678fa5dfc85-node-001882
bridgeport-connecticut-afe7c678fa5dfc85,290,3,0,(2) Visible Basement. See Figure 14-E for diagram,58.5,115.75437927246094,272.88409423828125,129.50088500976562,9.5,ProximaNova-Bold | ProximaNova-Light,20,612.0,792.0,(2) Visible Basement. See Figure 14-E for diagram,False,True,Paragraph,lettered_or_numbered,0.55,lettered_or_numbered_paragraph_marker,,4,bridgeport-connecticut-afe7c678fa5dfc85-node-001883
bridgeport-connecticut-afe7c678fa5dfc85,290,7,0,(3) Two Half Stories. If a building has both a half story,58.5,160.75437927246094,288.455322265625,174.50088500976562,9.5,ProximaNova-Bold | ProximaNova-Light,20,612.0,792.0,(3) Two Half Stories. If a building has both a half story,False,True,Paragraph,lettered_or_numbered,0.55,lettered_or_numbered_paragraph_marker,,4,bridgeport-connecticut-afe7c678fa5dfc85-node-001884
bridgeport-connecticut-afe7c678fa5dfc85,290,10,0,G. Basements. See Figure 14-E for illustration of basements,40.5,229.75437927246094,294.2279357910156,243.50088500976562,9.5,ProximaNova-Bold | ProximaNova-Light,20,612.0,792.0,G. Basements. See Figure 14-E for illustration of basements,False,True,Paragraph,lettered_or_numbered,0.55,lettered_or_numbered_paragraph_marker,,4,bridgeport-connecticut-afe7c678fa5dfc85-node-001885
bridgeport-connecticut-afe7c678fa5dfc85,290,11,0,(5) Taller Spaces. Spaces exceeding the allowable,333.45001220703125,235.75437927246094,549.5489501953125,249.50088500976562,9.5,ProximaNova-Bold | ProximaNova-Light,20,612.0,792.0,(5) Taller Spaces. Spaces exceeding the allowable,False,True,Paragraph,lettered_or_numbered,0.55,lettered_or_numbered_paragraph_marker,,4,bridgeport-connecticut-afe7c678fa5dfc85-node-001886
bridgeport-connecticut-afe7c678fa5dfc85,290,18,0,14.20.11 TRANSPARENCY,315.6499938964844,292.21490478515625,438.5689697265625,306.6849060058594,10.0,ProximaNova-Bold,20,612.0,792.0,14.20.11 TRANSPARENCY,False,True,Subsection,subsection,0.8500000000000001,decimal_pattern=subsection,14.20.11,3,bridgeport-connecticut-afe7c678fa5dfc85-node-001887
bridgeport-connecticut-afe7c678fa5dfc85,290,15,0,"(2) Any building may have a basement, unless",58.5,319.7544250488281,254.90048217773438,332.8834228515625,9.5,ProximaNova-Light,4,612.0,792.0,"(2) Any building may have a basement, unless",False,False,Paragraph,lettered_or_numbered,0.55,lettered_or_numbered_paragraph_marker,,4,bridgeport-connecticut-afe7c678fa5dfc85-node-001888
bridgeport-connecticut-afe7c678fa5dfc85,290,17,0,(3) A basement may contain any use allowed within,58.5,352.7544250488281,277.16845703125,365.8834228515625,9.5,ProximaNova-Light,4,612.0,792.0,(3) A basement may contain any use allowed within,False,False,Paragraph,lettered_or_numbered,0.55,lettered_or_numbered_paragraph_marker,,4,bridgeport-connecticut-afe7c678fa5dfc85-node-001889
bridgeport-connecticut-afe7c678fa5dfc85,290,20,0,A. Definition of Transparency. For the purposes of this,315.45001220703125,385.7544250488281,552.6246337890625,399.50091552734375,9.5,ProximaNova-Bold | ProximaNova-Light,20,612.0,792.0,A. Definition of Transparency. For the purposes of this,False,True,Paragraph,lettered_or_numbered,0.55,lettered_or_numbered_paragraph_marker,,4,bridgeport-connecticut-afe7c678fa5dfc85-node-001890
bridgeport-connecticut-afe7c678fa5dfc85,290,21,0,H. Story Height. Each story is measured with a range of,40.5,397.7544250488281,280.19671630859375,411.50091552734375,9.5,ProximaNova-Bold | ProximaNova-Light,20,612.0,792.0,H. Story Height. Each story is measured with a range of,False,True,Paragraph,lettered_or_numbered,0.55,lettered_or_numbered_paragraph_marker,,4,bridgeport-connecticut-afe7c678fa5dfc85-node-001891
bridgeport-connecticut-afe7c678fa5dfc85,290,26,0,(2) Ground Story. When noted as a separate story,58.5,499.7544250488281,272.8033447265625,513.5009155273438,9.5,ProximaNova-Bold | ProximaNova-Light,20,612.0,792.0,(2) Ground Story. When noted as a separate story,False,True,Paragraph,lettered_or_numbered,0.55,lettered_or_numbered_paragraph_marker,,4,bridgeport-connecticut-afe7c678fa5dfc85-node-001892
bridgeport-connecticut-afe7c678fa5dfc85,290,27,0,"(2) All Other Windows. Transparency for all window,",333.45001220703125,511.75439453125,556.327880859375,525.5008544921875,9.5,ProximaNova-Bold | ProximaNova-Light,20,612.0,792.0,"(2) All Other Windows. Transparency for all window,",False,True,Paragraph,lettered_or_numbered,0.55,lettered_or_numbered_paragraph_marker,,4,bridgeport-connecticut-afe7c678fa5dfc85-node-001893
bridgeport-connecticut-afe7c678fa5dfc85,290,29,0,"(3) False Windows. The use of false or faux windows,",333.45001220703125,568.75439453125,561.8610229492188,582.5008544921875,9.5,ProximaNova-Bold | ProximaNova-Light,20,612.0,792.0,"(3) False Windows. The use of false or faux windows,",False,True,Paragraph,lettered_or_numbered,0.55,lettered_or_numbered_paragraph_marker,,4,bridgeport-connecticut-afe7c678fa5dfc85-node-001894
bridgeport-connecticut-afe7c678fa5dfc85,290,31,0,(3) Single-Story Buildings and Top-Story,58.5,592.75439453125,236.5883331298828,606.5008544921875,9.5,ProximaNova-Bold | ProximaNova-Light,20,612.0,792.0,(3) Single-Story Buildings and Top-Story,False,True,Paragraph,lettered_or_numbered,0.55,lettered_or_numbered_paragraph_marker,,4,bridgeport-connecticut-afe7c678fa5dfc85-node-001895
bridgeport-connecticut-afe7c678fa5dfc85,290,33,0,B. Measurement. Minimum facade transparency is,315.45001220703125,625.75439453125,532.8163452148438,639.5008544921875,9.5,ProximaNova-Bold | ProximaNova-Light,20,612.0,792.0,B. Measurement. Minimum facade transparency is,False,True,Paragraph,lettered_or_numbered,0.55,lettered_or_numbered_paragraph_marker,,4,bridgeport-connecticut-afe7c678fa5dfc85-node-001896
bridgeport-connecticut-afe7c678fa5dfc85,290,36,0,(4) Mezzanines. Mezzanines may be included within,58.5,673.75439453125,281.38568115234375,687.5008544921875,9.5,ProximaNova-Bold | ProximaNova-Light,20,612.0,792.0,(4) Mezzanines. Mezzanines may be included within,False,True,Paragraph,lettered_or_numbered,0.55,lettered_or_numbered_paragraph_marker,,4,bridgeport-connecticut-afe7c678fa5dfc85-node-001897
bridgeport-connecticut-afe7c678fa5dfc85,292,2,0,"(2) The measurement may include the frame, mullions,",58.5,127.75437927246094,288.4735107421875,140.8833770751953,9.5,ProximaNova-Light,4,612.0,792.0,"(2) The measurement may include the frame, mullions,",False,False,Paragraph,lettered_or_numbered,0.55,lettered_or_numbered_paragraph_marker,,4,bridgeport-connecticut-afe7c678fa5dfc85-node-001898
bridgeport-connecticut-afe7c678fa5dfc85,292,4,0,C. Blank Wall Segments. Where applicable per the,40.5,160.75437927246094,261.8481750488281,174.50088500976562,9.5,ProximaNova-Bold | ProximaNova-Light,20,612.0,792.0,C. Blank Wall Segments. Where applicable per the,False,True,Paragraph,lettered_or_numbered,0.55,lettered_or_numbered_paragraph_marker,,4,bridgeport-connecticut-afe7c678fa5dfc85-node-001899
bridgeport-connecticut-afe7c678fa5dfc85,292,7,0,(2) No horizontal segments of a story’s facade greater,58.5,250.75437927246094,287.0484619140625,263.8833923339844,9.5,ProximaNova-Light,4,612.0,792.0,(2) No horizontal segments of a story’s facade greater,False,False,Paragraph,lettered_or_numbered,0.55,lettered_or_numbered_paragraph_marker,,4,bridgeport-connecticut-afe7c678fa5dfc85-node-001900
bridgeport-connecticut-afe7c678fa5dfc85,292,9,0,D. Minimum Ground-Story Transparency. When a,40.5,295.7544250488281,258.2748718261719,309.50091552734375,9.5,ProximaNova-Bold | ProximaNova-Light,20,612.0,792.0,D. Minimum Ground-Story Transparency. When a,False,True,Paragraph,lettered_or_numbered,0.55,lettered_or_numbered_paragraph_marker,,4,bridgeport-connecticut-afe7c678fa5dfc85-node-001901
bridgeport-connecticut-afe7c678fa5dfc85,292,11,0,E. Mezzanines. Mezzanines treated as a separate story,40.5,364.7544250488281,278.93719482421875,378.50091552734375,9.5,ProximaNova-Bold | ProximaNova-Light,20,612.0,792.0,E. Mezzanines. Mezzanines treated as a separate story,False,True,Paragraph,lettered_or_numbered,0.55,lettered_or_numbered_paragraph_marker,,4,bridgeport-connecticut-afe7c678fa5dfc85-node-001902
bridgeport-connecticut-afe7c678fa5dfc85,292,15,0,(2) No Separate Ground Story Transparency,58.5,535.75439453125,253.57049560546875,549.5008544921875,9.5,ProximaNova-Bold | ProximaNova-Light,20,612.0,792.0,(2) No Separate Ground Story Transparency,False,True,Paragraph,lettered_or_numbered,0.55,lettered_or_numbered_paragraph_marker,,4,bridgeport-connecticut-afe7c678fa5dfc85-node-001903
bridgeport-connecticut-afe7c678fa5dfc85,292,17,0,G. Half Stories. All half story facades located within the,40.5,616.75439453125,277.0238037109375,630.5008544921875,9.5,ProximaNova-Bold | ProximaNova-Light,20,612.0,792.0,G. Half Stories. All half story facades located within the,False,True,Paragraph,lettered_or_numbered,0.55,lettered_or_numbered_paragraph_marker,,4,bridgeport-connecticut-afe7c678fa5dfc85-node-001904
bridgeport-connecticut-afe7c678fa5dfc85,292,19,0,14.20.12 BUILDING ENTRANCES,40.70000076293945,661.2149047851562,191.00497436523438,675.6848754882812,10.0,ProximaNova-Bold,20,612.0,792.0,14.20.12 BUILDING ENTRANCES,False,True,Subsection,subsection,0.8500000000000001,decimal_pattern=subsection,14.20.12,3,bridgeport-connecticut-afe7c678fa5dfc85-node-001905
bridgeport-connecticut-afe7c678fa5dfc85,294,0,1,"14.30 Terms Beginning with ""A""",40.5,41.37941360473633,244.99526977539062,61.637413024902344,14.0,ProximaNova-Bold,20,612.0,792.0,"14.30 Terms Beginning with ""A""",False,True,Section,section,0.9,decimal_pattern=section (N.MM),14.30,2,bridgeport-connecticut-afe7c678fa5dfc85-node-001906
bridgeport-connecticut-afe7c678fa5dfc85,294,5,0,"14.40 Terms Beginning with ""B""",316.45001220703125,151.4569091796875,503.78082275390625,169.180908203125,12.0,ProximaNova-Black,20,612.0,792.0,"14.40 Terms Beginning with ""B""",False,True,Section,section,0.9,decimal_pattern=section (N.MM),14.40,2,bridgeport-connecticut-afe7c678fa5dfc85-node-001907
bridgeport-connecticut-afe7c678fa5dfc85,294,25,0,"14.50 Terms Beginning with ""C""",316.45001220703125,638.35693359375,503.78082275390625,656.0809326171875,12.0,ProximaNova-Black,20,612.0,792.0,"14.50 Terms Beginning with ""C""",False,True,Section,section,0.9,decimal_pattern=section (N.MM),14.50,2,bridgeport-connecticut-afe7c678fa5dfc85-node-001908
bridgeport-connecticut-afe7c678fa5dfc85,295,0,1,"14.60 Terms Beginning with ""D""",367.4570007324219,41.37941360473633,575.2561645507812,61.637413024902344,14.0,ProximaNova-Bold,20,612.0,792.0,"14.60 Terms Beginning with ""D""",False,True,Section,section,0.9,decimal_pattern=section (N.MM),14.60,2,bridgeport-connecticut-afe7c678fa5dfc85-node-001909
bridgeport-connecticut-afe7c678fa5dfc85,295,14,0,"14.70 Terms Beginning with ""E""",320.95001220703125,430.9319152832031,507.19000244140625,448.6559143066406,12.0,ProximaNova-Black,20,612.0,792.0,"14.70 Terms Beginning with ""E""",False,True,Section,section,0.9,decimal_pattern=section (N.MM),14.70,2,bridgeport-connecticut-afe7c678fa5dfc85-node-001910
bridgeport-connecticut-afe7c678fa5dfc85,296,0,1,"14.80 Terms Beginning with ""F""",40.5,41.37941360473633,246.3546600341797,61.637413024902344,14.0,ProximaNova-Bold,20,612.0,792.0,"14.80 Terms Beginning with ""F""",False,True,Section,section,0.9,decimal_pattern=section (N.MM),14.80,2,bridgeport-connecticut-afe7c678fa5dfc85-node-001911
bridgeport-connecticut-afe7c678fa5dfc85,296,13,0,"14.100 Terms Beginning with ""H""",316.45001220703125,343.4569091796875,504.54998779296875,361.180908203125,12.0,ProximaNova-Black,20,612.0,792.0,"14.100 Terms Beginning with ""H""",False,True,Section,section,0.9,decimal_pattern=section (N.MM),14.100,2,bridgeport-connecticut-afe7c678fa5dfc85-node-001912
bridgeport-connecticut-afe7c678fa5dfc85,296,23,0,"14.90 Terms Beginning with ""G""",40.5,602.35693359375,228.17880249023438,620.0809326171875,12.0,ProximaNova-Black,20,612.0,792.0,"14.90 Terms Beginning with ""G""",False,True,Section,section,0.9,decimal_pattern=section (N.MM),14.90,2,bridgeport-connecticut-afe7c678fa5dfc85-node-001913
bridgeport-connecticut-afe7c678fa5dfc85,297,0,1,"14.110 Terms Beginning with ""I""",371.9230041503906,41.37941360473633,575.2576293945312,61.637413024902344,14.0,ProximaNova-Bold,20,612.0,792.0,"14.110 Terms Beginning with ""I""",False,True,Section,section,0.9,decimal_pattern=section (N.MM),14.110,2,bridgeport-connecticut-afe7c678fa5dfc85-node-001914
bridgeport-connecticut-afe7c678fa5dfc85,297,1,0,"14.140 Terms Beginning with ""L""",320.95001220703125,82.03192138671875,504.6687927246094,99.75592041015625,12.0,ProximaNova-Black,20,612.0,792.0,"14.140 Terms Beginning with ""L""",False,True,Section,section,0.9,decimal_pattern=section (N.MM),14.140,2,bridgeport-connecticut-afe7c678fa5dfc85-node-001915
bridgeport-connecticut-afe7c678fa5dfc85,297,4,0,"A. Any number of people related by blood, marriage, civil",45.0,156.25437927246094,289.7649841308594,170.00088500976562,9.5,ProximaNova-Bold | ProximaNova-Light,20,612.0,792.0,"A. Any number of people related by blood, marriage, civil",False,True,Paragraph,lettered_or_numbered,0.55,lettered_or_numbered_paragraph_marker,,4,bridgeport-connecticut-afe7c678fa5dfc85-node-001916
bridgeport-connecticut-afe7c678fa5dfc85,297,7,0,B. One unrelated person per bedroom plus one additional,45.0,201.25437927246094,294.2774353027344,215.00088500976562,9.5,ProximaNova-Bold | ProximaNova-Light,20,612.0,792.0,B. One unrelated person per bedroom plus one additional,False,True,Paragraph,lettered_or_numbered,0.55,lettered_or_numbered_paragraph_marker,,4,bridgeport-connecticut-afe7c678fa5dfc85-node-001917
bridgeport-connecticut-afe7c678fa5dfc85,297,13,0,"C. The term ""household"" does not refer to any of the",45.0,354.2544250488281,270.50848388671875,368.00091552734375,9.5,ProximaNova-Bold | ProximaNova-Light,20,612.0,792.0,"C. The term ""household"" does not refer to any of the",False,True,Paragraph,lettered_or_numbered,0.55,lettered_or_numbered_paragraph_marker,,4,bridgeport-connecticut-afe7c678fa5dfc85-node-001918
bridgeport-connecticut-afe7c678fa5dfc85,297,16,0,"(2) Any society, club, fraternity, sorority, association,",63.0,408.2544250488281,280.0915222167969,421.3834228515625,9.5,ProximaNova-Light,4,612.0,792.0,"(2) Any society, club, fraternity, sorority, association,",False,False,Paragraph,lettered_or_numbered,0.55,lettered_or_numbered_paragraph_marker,,4,bridgeport-connecticut-afe7c678fa5dfc85-node-001919
bridgeport-connecticut-afe7c678fa5dfc85,297,19,0,(3) Any group of individuals whose association is,63.0,441.2544250488281,270.50604248046875,454.3834228515625,9.5,ProximaNova-Light,4,612.0,792.0,(3) Any group of individuals whose association is,False,False,Paragraph,lettered_or_numbered,0.55,lettered_or_numbered_paragraph_marker,,4,bridgeport-connecticut-afe7c678fa5dfc85-node-001920
bridgeport-connecticut-afe7c678fa5dfc85,297,22,0,(4) Any group or individuals who are in a group living,63.0,486.2544250488281,288.08099365234375,499.3834228515625,9.5,ProximaNova-Light,4,612.0,792.0,(4) Any group or individuals who are in a group living,False,False,Paragraph,lettered_or_numbered,0.55,lettered_or_numbered_paragraph_marker,,4,bridgeport-connecticut-afe7c678fa5dfc85-node-001921
bridgeport-connecticut-afe7c678fa5dfc85,297,28,0,"14.120 Terms Beginning with ""J""",46.0,572.35693359375,229.62161254882812,590.0809326171875,12.0,ProximaNova-Black,20,612.0,792.0,"14.120 Terms Beginning with ""J""",False,True,Section,section,0.9,decimal_pattern=section (N.MM),14.120,2,bridgeport-connecticut-afe7c678fa5dfc85-node-001922
bridgeport-connecticut-afe7c678fa5dfc85,297,32,0,"14.130 Terms Beginning with ""K""",46.0,621.2570190429688,233.1400146484375,638.9810180664062,12.0,ProximaNova-Black,20,612.0,792.0,"14.130 Terms Beginning with ""K""",False,True,Section,section,0.9,decimal_pattern=section (N.MM),14.130,2,bridgeport-connecticut-afe7c678fa5dfc85-node-001923
bridgeport-connecticut-afe7c678fa5dfc85,297,34,0,"14.150 Terms Beginning with ""M""",320.95001220703125,640.931884765625,510.8379821777344,658.6558837890625,12.0,ProximaNova-Black,20,612.0,792.0,"14.150 Terms Beginning with ""M""",False,True,Section,section,0.9,decimal_pattern=section (N.MM),14.150,2,bridgeport-connecticut-afe7c678fa5dfc85-node-001924
bridgeport-connecticut-afe7c678fa5dfc85,298,0,1,"14.160 Terms Beginning with ""N""",40.5,41.37941360473633,252.962646484375,61.637413024902344,14.0,ProximaNova-Bold,20,612.0,792.0,"14.160 Terms Beginning with ""N""",False,True,Section,section,0.9,decimal_pattern=section (N.MM),14.160,2,bridgeport-connecticut-afe7c678fa5dfc85-node-001925
bridgeport-connecticut-afe7c678fa5dfc85,298,12,0,"14.180 Terms Beginning with ""P""",316.45001220703125,427.4569091796875,503.48199462890625,445.180908203125,12.0,ProximaNova-Black,20,612.0,792.0,"14.180 Terms Beginning with ""P""",False,True,Section,section,0.9,decimal_pattern=section (N.MM),14.180,2,bridgeport-connecticut-afe7c678fa5dfc85-node-001926
bridgeport-connecticut-afe7c678fa5dfc85,298,21,0,"14.170 Terms Beginning with ""O""",41.5,662.35693359375,229.538818359375,680.0809326171875,12.0,ProximaNova-Black,20,612.0,792.0,"14.170 Terms Beginning with ""O""",False,True,Section,section,0.9,decimal_pattern=section (N.MM),14.170,2,bridgeport-connecticut-afe7c678fa5dfc85-node-001927
bridgeport-connecticut-afe7c678fa5dfc85,299,0,1,"14.190 Terms Beginning with ""Q""",362.5286865234375,41.37941360473633,575.255859375,61.637413024902344,14.0,ProximaNova-Bold,20,612.0,792.0,"14.190 Terms Beginning with ""Q""",False,True,Section,section,0.9,decimal_pattern=section (N.MM),14.190,2,bridgeport-connecticut-afe7c678fa5dfc85-node-001928
bridgeport-connecticut-afe7c678fa5dfc85,299,1,0,"14.210 Terms Beginning with ""S""",320.9599914550781,81.99723052978516,509.26837158203125,99.89846801757812,12.119999885559082,ProximaNova-Black,20,612.0,792.0,"14.210 Terms Beginning with ""S""",False,True,Section,section,0.9,decimal_pattern=section (N.MM),14.210,2,bridgeport-connecticut-afe7c678fa5dfc85-node-001929
bridgeport-connecticut-afe7c678fa5dfc85,299,11,0,"14.200 Terms Beginning with ""R""",46.0099983215332,322.0155029296875,234.9850616455078,339.916748046875,12.119999885559082,ProximaNova-Black,20,612.0,792.0,"14.200 Terms Beginning with ""R""",False,True,Section,section,0.9,decimal_pattern=section (N.MM),14.200,2,bridgeport-connecticut-afe7c678fa5dfc85-node-001930
bridgeport-connecticut-afe7c678fa5dfc85,300,0,1,"14.220 Terms Beginning with ""T""",40.5,41.37941360473633,254.82464599609375,61.637413024902344,14.0,ProximaNova-Bold,20,612.0,792.0,"14.220 Terms Beginning with ""T""",False,True,Section,section,0.9,decimal_pattern=section (N.MM),14.220,2,bridgeport-connecticut-afe7c678fa5dfc85-node-001931
bridgeport-connecticut-afe7c678fa5dfc85,300,1,0,"14.240 Terms Beginning with ""V""",316.45001220703125,82.03192138671875,504.0579833984375,99.75592041015625,12.0,ProximaNova-Black,20,612.0,792.0,"14.240 Terms Beginning with ""V""",False,True,Section,section,0.9,decimal_pattern=section (N.MM),14.240,2,bridgeport-connecticut-afe7c678fa5dfc85-node-001932
bridgeport-connecticut-afe7c678fa5dfc85,300,13,0,"14.250 Terms Beginning with ""W""",316.45001220703125,445.9319152832031,506.9859924316406,463.6559143066406,12.0,ProximaNova-Black,20,612.0,792.0,"14.250 Terms Beginning with ""W""",False,True,Section,section,0.9,decimal_pattern=section (N.MM),14.250,2,bridgeport-connecticut-afe7c678fa5dfc85-node-001933
bridgeport-connecticut-afe7c678fa5dfc85,300,20,0,"14.230 Terms Beginning with ""U""",41.5,605.35693359375,229.57601928710938,623.0809326171875,12.0,ProximaNova-Black,20,612.0,792.0,"14.230 Terms Beginning with ""U""",False,True,Section,section,0.9,decimal_pattern=section (N.MM),14.230,2,bridgeport-connecticut-afe7c678fa5dfc85-node-001934
bridgeport-connecticut-afe7c678fa5dfc85,300,23,0,"A. Inland Wetlands and Watercourses. Wetlands, defined",315.45001220703125,664.62939453125,564.6574096679688,678.3758544921875,9.5,ProximaNova-Bold | ProximaNova-Light,20,612.0,792.0,"A. Inland Wetlands and Watercourses. Wetlands, defined",False,True,Paragraph,lettered_or_numbered,0.55,lettered_or_numbered_paragraph_marker,,4,bridgeport-connecticut-afe7c678fa5dfc85-node-001935
bridgeport-connecticut-afe7c678fa5dfc85,301,0,1,"14.260 Terms Beginning with ""X""",359.61700439453125,41.37941360473633,575.257568359375,61.637413024902344,14.0,ProximaNova-Bold,20,612.0,792.0,"14.260 Terms Beginning with ""X""",False,True,Section,section,0.9,decimal_pattern=section (N.MM),14.260,2,bridgeport-connecticut-afe7c678fa5dfc85-node-001936
bridgeport-connecticut-afe7c678fa5dfc85,301,2,0,"14.280 Terms Beginning with ""Z""",320.95001220703125,115.4569091796875,507.2380065917969,133.180908203125,12.0,ProximaNova-Black,20,612.0,792.0,"14.280 Terms Beginning with ""Z""",False,True,Section,section,0.9,decimal_pattern=section (N.MM),14.280,2,bridgeport-connecticut-afe7c678fa5dfc85-node-001937
bridgeport-connecticut-afe7c678fa5dfc85,301,6,0,"B. Tidal Wetlands. Wetland, as defined pursuant to",45.0,235.75437927246094,264.9939880371094,249.50088500976562,9.5,ProximaNova-Bold | ProximaNova-Light,20,612.0,792.0,"B. Tidal Wetlands. Wetland, as defined pursuant to",False,True,Paragraph,lettered_or_numbered,0.55,lettered_or_numbered_paragraph_marker,,4,bridgeport-connecticut-afe7c678fa5dfc85-node-001938
bridgeport-connecticut-afe7c678fa5dfc85,301,14,0,"14.270 Terms Beginning with ""Y""",46.0,450.8569030761719,233.05601501464844,468.5809020996094,12.0,ProximaNova-Black,20,612.0,792.0,"14.270 Terms Beginning with ""Y""",False,True,Section,section,0.9,decimal_pattern=section (N.MM),14.270,2,bridgeport-connecticut-afe7c678fa5dfc85-node-001939
bridgeport-connecticut-afe7c678fa5dfc85,303,0,0,15.0 Amendments,474.1969909667969,27.937376022338867,574.7689819335938,44.785377502441406,12.0,ProximaNova-Regular,4,612.0,792.0,15.0 Amendments,False,False,Title,chapter,0.7,decimal_pattern=chapter (N.0),15.0,1,bridgeport-connecticut-afe7c678fa5dfc85-node-001940
