path,artifact_type,town,category,release_status,size_bytes,duplicate_content_flag
requirements.txt,text,cross_town_or_not_applicable,other,derived_other,2254,False
README.md,documentation,cross_town_or_not_applicable,other,derived_other,1103,False
.gitignore,other,cross_town_or_not_applicable,other,derived_other,550,False
docs/DATA_DICTIONARY.md,documentation,cross_town_or_not_applicable,documentation,documentation,11046,False
docs/SCENARIO_MODEL.md,documentation,cross_town_or_not_applicable,documentation,documentation,1251,False
docs/ENVIRONMENT.md,documentation,cross_town_or_not_applicable,documentation,documentation,864,False
docs/MANUAL_REVIEW_PROTOCOL.md,documentation,cross_town_or_not_applicable,documentation,documentation,848,False
docs/ADVERSARIAL_REVIEW.md,documentation,cross_town_or_not_applicable,documentation,documentation,4764,False
docs/COMPARABILITY_FRAMEWORK.md,documentation,cross_town_or_not_applicable,documentation,documentation,1166,False
docs/CHANGELOG.md,documentation,cross_town_or_not_applicable,documentation,documentation,1433,False
docs/SCHEMA_CONTRACTS.md,documentation,cross_town_or_not_applicable,documentation,documentation,1232,False
docs/VISUAL_TABLE_RECOVERY.md,documentation,cross_town_or_not_applicable,documentation,documentation,1383,False
docs/VARIABLE_REGISTRY.md,documentation,cross_town_or_not_applicable,documentation,documentation,6290,False
docs/phase_3_scoring_theoretical_framework.md,documentation,cross_town_or_not_applicable,documentation,documentation,15509,False
docs/METHODOLOGY.md,documentation,cross_town_or_not_applicable,documentation,documentation,2990,False
docs/STATUS_TAXONOMY.md,documentation,cross_town_or_not_applicable,documentation,documentation,6630,False
docs/EXECUTION_ORDER.md,documentation,cross_town_or_not_applicable,documentation,documentation,2720,False
docs/README.md,documentation,cross_town_or_not_applicable,documentation,documentation,2912,False
docs/DEPENDENCY_AND_DOUBLE_COUNTING.md,documentation,cross_town_or_not_applicable,documentation,documentation,3721,False
docs/ARTIFACT_MAP.md,documentation,cross_town_or_not_applicable,documentation,documentation,3046,False
docs/KNOWN_LIMITATIONS.md,documentation,cross_town_or_not_applicable,documentation,documentation,2912,False
docs/PROVENANCE_STANDARD.md,documentation,cross_town_or_not_applicable,documentation,documentation,1165,False
docs/RESEARCH_PROTOCOL.md,documentation,cross_town_or_not_applicable,documentation,documentation,2188,False
docs/RESULTS_STATUS.md,documentation,cross_town_or_not_applicable,documentation,documentation,1973,False
docs/REPRODUCIBILITY.md,documentation,cross_town_or_not_applicable,documentation,documentation,1149,False
docs/GIS_METHODS_AND_LIMITATIONS.md,documentation,cross_town_or_not_applicable,documentation,documentation,1470,False
docs/FUTURE_INTERACTIVE_DELIVERABLE_SPEC.md,documentation,cross_town_or_not_applicable,documentation,documentation,3346,False
docs/phase_2_extraction_theoretical_framework.md,documentation,cross_town_or_not_applicable,documentation,documentation,19294,False
environment/requirements.txt,text,cross_town_or_not_applicable,other,derived_other,2333,False
environment/python_version.txt,text,cross_town_or_not_applicable,other,derived_other,14,False
notebooks/09_expanded_variable_recovery_and_score_readiness.ipynb,notebook,cross_town_or_not_applicable,notebook,notebook,366155,False
notebooks/02_phase_2_extraction_and_phase_3_scoring.ipynb,notebook,cross_town_or_not_applicable,notebook,notebook,765579,False
notebooks/13_repository_finalization_and_research_validation.ipynb,notebook,cross_town_or_not_applicable,notebook,notebook,115558,False
notebooks/01_collection_phase.ipynb,notebook,cross_town_or_not_applicable,notebook,notebook,15609816,False
notebooks/05_bridgeport_all_district_extraction_and_comparability.ipynb,notebook,Bridgeport,notebook,notebook,3784974,False
notebooks/04_bridgeport_collection_phase.ipynb,notebook,Bridgeport,notebook,notebook,18099761,False
notebooks/07_bridgeport_targeted_visual_table_recovery.ipynb,notebook,Bridgeport,notebook,notebook,943005,False
notebooks/12_bridgeport_phase3_pilot_scenario_scoring.ipynb,notebook,Bridgeport,notebook,notebook,124617,False
notebooks/10_bridgeport_master_use_table_and_parking_completion.ipynb,notebook,Bridgeport,notebook,notebook,170088,False
notebooks/06_bridgeport_visual_diagram_recovery_and_validation.ipynb,notebook,Bridgeport,notebook,notebook,2506365,False
notebooks/11_bridgeport_score_readiness_integration.ipynb,notebook,Bridgeport,notebook,notebook,103180,False
notebooks/02_phase.md,documentation,cross_town_or_not_applicable,notebook,notebook,19295,False
notebooks/08_fixed_variable_targeted_recovery_bridgeport_greenwich.ipynb,notebook,Bridgeport,notebook,notebook,283109,False
notebooks/test.ipynb,notebook,cross_town_or_not_applicable,notebook,notebook,2295,False
src/__init__.py,source_code,cross_town_or_not_applicable,source_code,derived_other,0,True
data/interim/step_05_preprocessed_page_162.png,figure,cross_town_or_not_applicable,data_interim,interim,156229,False
data/interim/step_05_preprocessed_page_176.png,figure,cross_town_or_not_applicable,data_interim,interim,137918,False
data/interim/step_05_rendered_page_303.png,figure,cross_town_or_not_applicable,data_interim,interim,1132402,False
data/interim/step_05_preprocessed_page_189.png,figure,cross_town_or_not_applicable,data_interim,interim,53544,False
data/interim/step_05_rendered_page_115.png,figure,cross_town_or_not_applicable,data_interim,interim,1502167,False
data/interim/step_05_rendered_page_101.png,figure,cross_town_or_not_applicable,data_interim,interim,1441153,False
data/interim/step_05_rendered_page_129.png,figure,cross_town_or_not_applicable,data_interim,interim,1260611,False
data/interim/step_05_preprocessed_page_214.png,figure,cross_town_or_not_applicable,data_interim,interim,123825,False
data/interim/step_05_preprocessed_page_200.png,figure,cross_town_or_not_applicable,data_interim,interim,126533,False
data/interim/step_05_preprocessed_page_228.png,figure,cross_town_or_not_applicable,data_interim,interim,33298,False
data/interim/step_05_rendered_page_061.png,figure,cross_town_or_not_applicable,data_interim,interim,780023,False
data/interim/step_05_rendered_page_075.png,figure,cross_town_or_not_applicable,data_interim,interim,411233,False
data/interim/step_05_rendered_page_049.png,figure,cross_town_or_not_applicable,data_interim,interim,935268,False
data/interim/step_05_preprocessed_page_016.png,figure,cross_town_or_not_applicable,data_interim,interim,146385,False
data/interim/step_05_preprocessed_page_002.png,figure,cross_town_or_not_applicable,data_interim,interim,53821,False
data/interim/step_05_rendered_page_288.png,figure,cross_town_or_not_applicable,data_interim,interim,996992,False
data/interim/step_05_rendered_page_263.png,figure,cross_town_or_not_applicable,data_interim,interim,564664,False
data/interim/step_17_conflict_candidates.parquet,tabular_data,cross_town_or_not_applicable,data_interim,interim,8146,False
data/interim/step_05_rendered_page_277.png,figure,cross_town_or_not_applicable,data_interim,interim,1090375,False
data/interim/step_05_rendered_page_276.png,figure,cross_town_or_not_applicable,data_interim,interim,1060505,False
data/interim/step_05_rendered_page_262.png,figure,cross_town_or_not_applicable,data_interim,interim,647325,False
data/interim/step_05_rendered_page_289.png,figure,cross_town_or_not_applicable,data_interim,interim,1022334,False
data/interim/step_05_preprocessed_page_003.png,figure,cross_town_or_not_applicable,data_interim,interim,13559,False
data/interim/step_05_preprocessed_page_017.png,figure,cross_town_or_not_applicable,data_interim,interim,155911,False
data/interim/step_05_rendered_page_048.png,figure,cross_town_or_not_applicable,data_interim,interim,920386,False
data/interim/step_12_district_primary_node_links.parquet,tabular_data,cross_town_or_not_applicable,data_interim,interim,10612,False
data/interim/step_05_rendered_page_074.png,figure,cross_town_or_not_applicable,data_interim,interim,889105,False
data/interim/step_05_rendered_page_060.png,figure,cross_town_or_not_applicable,data_interim,interim,1019907,False
data/interim/step_05_preprocessed_page_229.png,figure,cross_town_or_not_applicable,data_interim,interim,32615,False
data/interim/step_05_preprocessed_page_201.png,figure,cross_town_or_not_applicable,data_interim,interim,54932,False
data/interim/step_05_preprocessed_page_215.png,figure,cross_town_or_not_applicable,data_interim,interim,132857,False
data/interim/step_05_rendered_page_128.png,figure,cross_town_or_not_applicable,data_interim,interim,1360839,False
data/interim/step_05_rendered_page_100.png,figure,cross_town_or_not_applicable,data_interim,interim,1349198,False
data/interim/step_05_rendered_page_114.png,figure,cross_town_or_not_applicable,data_interim,interim,1545471,False
data/interim/step_05_preprocessed_page_188.png,figure,cross_town_or_not_applicable,data_interim,interim,73989,False
data/interim/step_05_rendered_page_302.png,figure,cross_town_or_not_applicable,data_interim,interim,1076951,False
data/interim/step_05_preprocessed_page_177.png,figure,cross_town_or_not_applicable,data_interim,interim,119594,False
data/interim/step_05_preprocessed_page_163.png,figure,cross_town_or_not_applicable,data_interim,interim,138672,False
data/interim/step_05_preprocessed_page_175.png,figure,cross_town_or_not_applicable,data_interim,interim,157859,False
data/interim/step_05_preprocessed_page_161.png,figure,cross_town_or_not_applicable,data_interim,interim,515913,False
data/interim/step_05_preprocessed_page_149.png,figure,cross_town_or_not_applicable,data_interim,interim,118088,False
data/interim/step_05_rendered_page_300.png,figure,cross_town_or_not_applicable,data_interim,interim,1095586,False
data/interim/step_05_rendered_page_102.png,figure,cross_town_or_not_applicable,data_interim,interim,1316286,False
data/interim/step_05_rendered_page_116.png,figure,cross_town_or_not_applicable,data_interim,interim,1315975,False
data/interim/step_05_preprocessed_page_203.png,figure,cross_town_or_not_applicable,data_interim,interim,90383,False
data/interim/step_05_preprocessed_page_217.png,figure,cross_town_or_not_applicable,data_interim,interim,116676,False
data/interim/step_05_rendered_page_089.png,figure,cross_town_or_not_applicable,data_interim,interim,1192901,False
data/interim/step_05_rendered_page_076.png,figure,cross_town_or_not_applicable,data_interim,interim,35874,False
data/interim/step_05_rendered_page_062.png,figure,cross_town_or_not_applicable,data_interim,interim,978652,False
data/interim/step_05_preprocessed_page_001.png,figure,cross_town_or_not_applicable,data_interim,interim,65742,False
data/interim/step_05_preprocessed_page_015.png,figure,cross_town_or_not_applicable,data_interim,interim,37248,False
data/interim/step_05_preprocessed_page_029.png,figure,cross_town_or_not_applicable,data_interim,interim,168012,False
data/interim/step_05_rendered_page_274.png,figure,cross_town_or_not_applicable,data_interim,interim,1074946,False
data/interim/step_05_rendered_page_260.png,figure,cross_town_or_not_applicable,data_interim,interim,659225,False
data/interim/step_05_rendered_page_248.png,figure,cross_town_or_not_applicable,data_interim,interim,844941,False
data/interim/step_05_rendered_page_249.png,figure,cross_town_or_not_applicable,data_interim,interim,685921,False
data/interim/step_05_rendered_page_261.png,figure,cross_town_or_not_applicable,data_interim,interim,661595,False
data/interim/step_05_rendered_page_275.png,figure,cross_town_or_not_applicable,data_interim,interim,1068515,False
data/interim/step_05_preprocessed_page_028.png,figure,cross_town_or_not_applicable,data_interim,interim,163575,False
data/interim/step_05_preprocessed_page_014.png,figure,cross_town_or_not_applicable,data_interim,interim,39763,False
data/interim/step_05_rendered_page_063.png,figure,cross_town_or_not_applicable,data_interim,interim,827435,False
data/interim/step_05_rendered_page_077.png,figure,cross_town_or_not_applicable,data_interim,interim,1135262,False
data/interim/step_05_rendered_page_088.png,figure,cross_town_or_not_applicable,data_interim,interim,527732,False
data/interim/step_05_preprocessed_page_216.png,figure,cross_town_or_not_applicable,data_interim,interim,594435,False
data/interim/step_05_preprocessed_page_202.png,figure,cross_town_or_not_applicable,data_interim,interim,113320,False
data/interim/step_05_rendered_page_117.png,figure,cross_town_or_not_applicable,data_interim,interim,1454191,False
data/interim/step_05_rendered_page_103.png,figure,cross_town_or_not_applicable,data_interim,interim,936698,False
data/interim/step_05_rendered_page_301.png,figure,cross_town_or_not_applicable,data_interim,interim,1119720,False
data/interim/step_05_preprocessed_page_148.png,figure,cross_town_or_not_applicable,data_interim,interim,151886,False
data/interim/step_05_preprocessed_page_160.png,figure,cross_town_or_not_applicable,data_interim,interim,160666,False
data/interim/step_05_preprocessed_page_174.png,figure,cross_town_or_not_applicable,data_interim,interim,125788,False
data/interim/step_05_preprocessed_page_158.png,figure,cross_town_or_not_applicable,data_interim,interim,140203,False
data/interim/step_05_preprocessed_page_170.png,figure,cross_town_or_not_applicable,data_interim,interim,97195,False
data/interim/step_05_preprocessed_page_164.png,figure,cross_town_or_not_applicable,data_interim,interim,544681,False
data/interim/step_07_hierarchy_nodes.parquet,tabular_data,cross_town_or_not_applicable,data_interim,interim,114143,True
data/interim/step_05_rendered_page_305.png,figure,cross_town_or_not_applicable,data_interim,interim,1118614,False
data/interim/step_05_rendered_page_311.png,figure,cross_town_or_not_applicable,data_interim,interim,1134906,False
data/interim/step_05_rendered_page_107.png,figure,cross_town_or_not_applicable,data_interim,interim,1250953,False
data/interim/step_05_rendered_page_113.png,figure,cross_town_or_not_applicable,data_interim,interim,1398638,False
data/interim/step_05_rendered_page_098.png,figure,cross_town_or_not_applicable,data_interim,interim,1366126,False
data/interim/step_05_preprocessed_page_206.png,figure,cross_town_or_not_applicable,data_interim,interim,57818,False
data/interim/step_05_preprocessed_page_212.png,figure,cross_town_or_not_applicable,data_interim,interim,110213,False
data/interim/step_05_rendered_page_073.png,figure,cross_town_or_not_applicable,data_interim,interim,840005,False
data/interim/step_05_rendered_page_067.png,figure,cross_town_or_not_applicable,data_interim,interim,770481,False
data/interim/step_05_preprocessed_page_038.png,figure,cross_town_or_not_applicable,data_interim,interim,155874,False
data/interim/step_05_preprocessed_page_004.png,figure,cross_town_or_not_applicable,data_interim,interim,102794,False
data/interim/step_05_preprocessed_page_010.png,figure,cross_town_or_not_applicable,data_interim,interim,396598,False
data/interim/step_05_rendered_page_259.png,figure,cross_town_or_not_applicable,data_interim,interim,649813,False
data/interim/step_05_rendered_page_271.png,figure,cross_town_or_not_applicable,data_interim,interim,829115,False
data/interim/step_05_rendered_page_265.png,figure,cross_town_or_not_applicable,data_interim,interim,725277,False
data/interim/step_05_rendered_page_264.png,figure,cross_town_or_not_applicable,data_interim,interim,672471,False
data/interim/step_05_rendered_page_270.png,figure,cross_town_or_not_applicable,data_interim,interim,912128,False
data/interim/step_05_rendered_page_258.png,figure,cross_town_or_not_applicable,data_interim,interim,612808,False
data/interim/step_05_preprocessed_page_011.png,figure,cross_town_or_not_applicable,data_interim,interim,12929,False
data/interim/step_05_preprocessed_page_005.png,figure,cross_town_or_not_applicable,data_interim,interim,444983,False
data/interim/step_05_preprocessed_page_039.png,figure,cross_town_or_not_applicable,data_interim,interim,155642,False
data/interim/step_05_rendered_page_066.png,figure,cross_town_or_not_applicable,data_interim,interim,669797,False
data/interim/step_05_rendered_page_072.png,figure,cross_town_or_not_applicable,data_interim,interim,35368,False
data/interim/step_05_preprocessed_page_213.png,figure,cross_town_or_not_applicable,data_interim,interim,138738,False
data/interim/step_05_preprocessed_page_207.png,figure,cross_town_or_not_applicable,data_interim,interim,202966,False
data/interim/step_05_rendered_page_099.png,figure,cross_town_or_not_applicable,data_interim,interim,1045887,False
data/interim/step_05_rendered_page_112.png,figure,cross_town_or_not_applicable,data_interim,interim,1319284,False
data/interim/step_05_rendered_page_106.png,figure,cross_town_or_not_applicable,data_interim,interim,1386811,False
data/interim/step_05_rendered_page_310.png,figure,cross_town_or_not_applicable,data_interim,interim,1115488,False
data/interim/step_05_rendered_page_304.png,figure,cross_town_or_not_applicable,data_interim,interim,1114922,False
data/interim/step_05_preprocessed_page_165.png,figure,cross_town_or_not_applicable,data_interim,interim,134382,False
data/interim/step_05_preprocessed_page_171.png,figure,cross_town_or_not_applicable,data_interim,interim,138942,False
data/interim/step_05_preprocessed_page_159.png,figure,cross_town_or_not_applicable,data_interim,interim,149638,False
data/interim/step_05_preprocessed_page_167.png,figure,cross_town_or_not_applicable,data_interim,interim,135782,False
data/interim/step_05_preprocessed_page_173.png,figure,cross_town_or_not_applicable,data_interim,interim,144335,False
data/interim/step_05_preprocessed_page_198.png,figure,cross_town_or_not_applicable,data_interim,interim,93772,False
data/interim/step_05_rendered_page_312.png,figure,cross_town_or_not_applicable,data_interim,interim,1120216,False
data/interim/step_05_rendered_page_306.png,figure,cross_town_or_not_applicable,data_interim,interim,1101719,False
data/interim/step_05_rendered_page_138.png,figure,cross_town_or_not_applicable,data_interim,interim,1283580,False
data/interim/step_05_rendered_page_110.png,figure,cross_town_or_not_applicable,data_interim,interim,1273260,False
data/interim/step_05_rendered_page_104.png,figure,cross_town_or_not_applicable,data_interim,interim,1081951,False
data/interim/step_05_preprocessed_page_239.png,figure,cross_town_or_not_applicable,data_interim,interim,12775,False
data/interim/step_05_preprocessed_page_211.png,figure,cross_town_or_not_applicable,data_interim,interim,50576,False
data/interim/step_05_preprocessed_page_205.png,figure,cross_town_or_not_applicable,data_interim,interim,79091,False
data/interim/step_05_rendered_page_058.png,figure,cross_town_or_not_applicable,data_interim,interim,35485,False
data/interim/step_05_rendered_page_064.png,figure,cross_town_or_not_applicable,data_interim,interim,35960,False
data/interim/step_05_rendered_page_070.png,figure,cross_town_or_not_applicable,data_interim,interim,810656,False
data/interim/step_05_rendered_page_299.png,figure,cross_town_or_not_applicable,data_interim,interim,1091113,False
data/interim/step_05_preprocessed_page_013.png,figure,cross_town_or_not_applicable,data_interim,interim,81721,False
data/interim/step_05_preprocessed_page_007.png,figure,cross_town_or_not_applicable,data_interim,interim,457177,False
data/interim/step_05_rendered_page_266.png,figure,cross_town_or_not_applicable,data_interim,interim,606885,False
data/interim/step_05_rendered_page_272.png,figure,cross_town_or_not_applicable,data_interim,interim,920955,False
data/interim/step_05_rendered_page_273.png,figure,cross_town_or_not_applicable,data_interim,interim,1069557,False
data/interim/step_05_rendered_page_267.png,figure,cross_town_or_not_applicable,data_interim,interim,639902,False
data/interim/step_05_preprocessed_page_006.png,figure,cross_town_or_not_applicable,data_interim,interim,109414,False
data/interim/step_05_preprocessed_page_012.png,figure,cross_town_or_not_applicable,data_interim,interim,85507,False
data/interim/step_05_rendered_page_298.png,figure,cross_town_or_not_applicable,data_interim,interim,1082996,False
data/interim/step_05_rendered_page_071.png,figure,cross_town_or_not_applicable,data_interim,interim,302599,False
data/interim/step_05_rendered_page_065.png,figure,cross_town_or_not_applicable,data_interim,interim,845737,False
data/interim/step_05_rendered_page_059.png,figure,cross_town_or_not_applicable,data_interim,interim,935416,False
data/interim/step_05_preprocessed_page_204.png,figure,cross_town_or_not_applicable,data_interim,interim,89353,False
data/interim/step_05_preprocessed_page_210.png,figure,cross_town_or_not_applicable,data_interim,interim,112450,False
data/interim/step_05_preprocessed_page_238.png,figure,cross_town_or_not_applicable,data_interim,interim,47844,False
data/interim/step_05_rendered_page_105.png,figure,cross_town_or_not_applicable,data_interim,interim,1359394,False
data/interim/step_05_rendered_page_111.png,figure,cross_town_or_not_applicable,data_interim,interim,1381836,False
data/interim/step_05_rendered_page_139.png,figure,cross_town_or_not_applicable,data_interim,interim,1342576,False
data/interim/step_05_rendered_page_307.png,figure,cross_town_or_not_applicable,data_interim,interim,1142156,False
data/interim/step_05_rendered_page_313.png,figure,cross_town_or_not_applicable,data_interim,interim,385905,False
data/interim/step_05_preprocessed_page_199.png,figure,cross_town_or_not_applicable,data_interim,interim,107893,False
data/interim/step_05_preprocessed_page_172.png,figure,cross_town_or_not_applicable,data_interim,interim,149943,False
data/interim/step_05_preprocessed_page_166.png,figure,cross_town_or_not_applicable,data_interim,interim,126023,False
data/interim/step_05_preprocessed_page_101.png,figure,cross_town_or_not_applicable,data_interim,interim,166427,False
data/interim/step_05_preprocessed_page_115.png,figure,cross_town_or_not_applicable,data_interim,interim,173340,False
data/interim/step_05_preprocessed_page_129.png,figure,cross_town_or_not_applicable,data_interim,interim,148661,False
data/interim/step_05_preprocessed_page_303.png,figure,cross_town_or_not_applicable,data_interim,interim,140771,False
data/interim/step_05_rendered_page_189.png,figure,cross_town_or_not_applicable,data_interim,interim,404714,False
data/interim/step_05_rendered_page_176.png,figure,cross_town_or_not_applicable,data_interim,interim,1182239,False
data/interim/step_05_rendered_page_162.png,figure,cross_town_or_not_applicable,data_interim,interim,1357525,False
data/interim/step_05_preprocessed_page_277.png,figure,cross_town_or_not_applicable,data_interim,interim,141008,False
data/interim/step_05_preprocessed_page_263.png,figure,cross_town_or_not_applicable,data_interim,interim,71764,False
data/interim/step_05_rendered_page_002.png,figure,cross_town_or_not_applicable,data_interim,interim,382909,False
data/interim/step_05_rendered_page_016.png,figure,cross_town_or_not_applicable,data_interim,interim,1247033,False
data/interim/step_05_preprocessed_page_288.png,figure,cross_town_or_not_applicable,data_interim,interim,131198,False
data/interim/step_05_preprocessed_page_075.png,figure,cross_town_or_not_applicable,data_interim,interim,52044,False
data/interim/step_05_preprocessed_page_061.png,figure,cross_town_or_not_applicable,data_interim,interim,96905,False
data/interim/step_05_preprocessed_page_049.png,figure,cross_town_or_not_applicable,data_interim,interim,113472,False
data/interim/step_05_rendered_page_200.png,figure,cross_town_or_not_applicable,data_interim,interim,1066397,False
data/interim/step_05_rendered_page_214.png,figure,cross_town_or_not_applicable,data_interim,interim,1037154,False
data/interim/step_05_rendered_page_228.png,figure,cross_town_or_not_applicable,data_interim,interim,33370,False
data/interim/step_05_rendered_page_229.png,figure,cross_town_or_not_applicable,data_interim,interim,224915,False
data/interim/step_05_rendered_page_215.png,figure,cross_town_or_not_applicable,data_interim,interim,1135638,False
data/interim/step_05_rendered_page_201.png,figure,cross_town_or_not_applicable,data_interim,interim,433077,False
data/interim/step_05_preprocessed_page_048.png,figure,cross_town_or_not_applicable,data_interim,interim,111436,False
data/interim/step_05_preprocessed_page_060.png,figure,cross_town_or_not_applicable,data_interim,interim,121511,False
data/interim/step_05_preprocessed_page_074.png,figure,cross_town_or_not_applicable,data_interim,interim,108640,False
data/interim/step_05_preprocessed_page_289.png,figure,cross_town_or_not_applicable,data_interim,interim,134394,False
data/interim/step_05_rendered_page_017.png,figure,cross_town_or_not_applicable,data_interim,interim,1340822,False
data/interim/step_05_rendered_page_003.png,figure,cross_town_or_not_applicable,data_interim,interim,46513,False
data/interim/step_05_preprocessed_page_262.png,figure,cross_town_or_not_applicable,data_interim,interim,81598,False
data/interim/step_05_preprocessed_page_276.png,figure,cross_town_or_not_applicable,data_interim,interim,138344,False
data/interim/step_05_rendered_page_163.png,figure,cross_town_or_not_applicable,data_interim,interim,1190502,False
data/interim/step_05_rendered_page_177.png,figure,cross_town_or_not_applicable,data_interim,interim,1012979,False
data/interim/step_05_rendered_page_188.png,figure,cross_town_or_not_applicable,data_interim,interim,593535,False
data/interim/step_05_preprocessed_page_302.png,figure,cross_town_or_not_applicable,data_interim,interim,135148,False
data/interim/step_05_preprocessed_page_128.png,figure,cross_town_or_not_applicable,data_interim,interim,159179,False
data/interim/step_05_preprocessed_page_114.png,figure,cross_town_or_not_applicable,data_interim,interim,177565,False
data/interim/step_05_preprocessed_page_100.png,figure,cross_town_or_not_applicable,data_interim,interim,156854,False
data/interim/step_05_preprocessed_page_116.png,figure,cross_town_or_not_applicable,data_interim,interim,153707,False
data/interim/step_05_preprocessed_page_102.png,figure,cross_town_or_not_applicable,data_interim,interim,154522,False
data/interim/step_05_preprocessed_page_300.png,figure,cross_town_or_not_applicable,data_interim,interim,136505,False
data/interim/step_05_rendered_page_161.png,figure,cross_town_or_not_applicable,data_interim,interim,1207987,False
data/interim/step_05_rendered_page_175.png,figure,cross_town_or_not_applicable,data_interim,interim,1369703,False
data/interim/step_05_rendered_page_149.png,figure,cross_town_or_not_applicable,data_interim,interim,991016,False
data/interim/step_05_preprocessed_page_260.png,figure,cross_town_or_not_applicable,data_interim,interim,82296,False
data/interim/step_05_preprocessed_page_274.png,figure,cross_town_or_not_applicable,data_interim,interim,140832,False
data/interim/step_15_district_table_cells.parquet,tabular_data,cross_town_or_not_applicable,data_interim,interim,14536,False
data/interim/step_05_preprocessed_page_248.png,figure,cross_town_or_not_applicable,data_interim,interim,315899,False
data/interim/step_05_rendered_page_015.png,figure,cross_town_or_not_applicable,data_interim,interim,40966,False
data/interim/step_05_rendered_page_001.png,figure,cross_town_or_not_applicable,data_interim,interim,767174,False
data/interim/step_05_rendered_page_029.png,figure,cross_town_or_not_applicable,data_interim,interim,1465129,False
data/interim/step_06_normalized_document_text.txt,text,cross_town_or_not_applicable,data_interim,interim,813258,False
data/interim/step_05_preprocessed_page_062.png,figure,cross_town_or_not_applicable,data_interim,interim,117510,False
data/interim/step_05_preprocessed_page_076.png,figure,cross_town_or_not_applicable,data_interim,interim,35074,False
data/interim/step_05_rendered_page_217.png,figure,cross_town_or_not_applicable,data_interim,interim,979184,False
data/interim/step_05_rendered_page_203.png,figure,cross_town_or_not_applicable,data_interim,interim,724672,False
data/interim/step_05_preprocessed_page_089.png,figure,cross_town_or_not_applicable,data_interim,interim,140489,False
data/interim/step_05_preprocessed_page_088.png,figure,cross_town_or_not_applicable,data_interim,interim,66349,False
data/interim/step_05_rendered_page_202.png,figure,cross_town_or_not_applicable,data_interim,interim,939283,False
data/interim/step_05_rendered_page_216.png,figure,cross_town_or_not_applicable,data_interim,interim,1424817,False
data/interim/step_05_preprocessed_page_077.png,figure,cross_town_or_not_applicable,data_interim,interim,135396,False
data/interim/.gitkeep,other,cross_town_or_not_applicable,data_interim,interim,0,True
data/interim/step_05_preprocessed_page_063.png,figure,cross_town_or_not_applicable,data_interim,interim,100670,False
data/interim/step_05_rendered_page_028.png,figure,cross_town_or_not_applicable,data_interim,interim,1412844,False
data/interim/step_05_rendered_page_014.png,figure,cross_town_or_not_applicable,data_interim,interim,293702,False
data/interim/step_05_preprocessed_page_249.png,figure,cross_town_or_not_applicable,data_interim,interim,255957,False
data/interim/step_05_preprocessed_page_275.png,figure,cross_town_or_not_applicable,data_interim,interim,139635,False
data/interim/step_05_preprocessed_page_261.png,figure,cross_town_or_not_applicable,data_interim,interim,302709,False
data/interim/step_05_rendered_page_148.png,figure,cross_town_or_not_applicable,data_interim,interim,1300527,False
data/interim/step_05_rendered_page_174.png,figure,cross_town_or_not_applicable,data_interim,interim,1068202,False
data/interim/step_05_rendered_page_160.png,figure,cross_town_or_not_applicable,data_interim,interim,1386988,False
data/interim/step_05_preprocessed_page_301.png,figure,cross_town_or_not_applicable,data_interim,interim,139586,False
data/interim/step_05_preprocessed_page_103.png,figure,cross_town_or_not_applicable,data_interim,interim,112534,False
data/interim/step_05_preprocessed_page_117.png,figure,cross_town_or_not_applicable,data_interim,interim,168540,False
data/interim/step_05_preprocessed_page_113.png,figure,cross_town_or_not_applicable,data_interim,interim,161383,False
data/interim/step_05_preprocessed_page_107.png,figure,cross_town_or_not_applicable,data_interim,interim,144642,False
data/interim/step_05_preprocessed_page_311.png,figure,cross_town_or_not_applicable,data_interim,interim,138338,False
data/interim/step_05_preprocessed_page_305.png,figure,cross_town_or_not_applicable,data_interim,interim,139263,False
data/interim/step_05_rendered_page_158.png,figure,cross_town_or_not_applicable,data_interim,interim,1195259,False
data/interim/step_05_rendered_page_164.png,figure,cross_town_or_not_applicable,data_interim,interim,1280316,False
data/interim/step_05_rendered_page_170.png,figure,cross_town_or_not_applicable,data_interim,interim,801895,False
data/interim/step_05_preprocessed_page_259.png,figure,cross_town_or_not_applicable,data_interim,interim,82057,False
data/interim/step_05_preprocessed_page_265.png,figure,cross_town_or_not_applicable,data_interim,interim,90783,False
data/interim/step_05_preprocessed_page_271.png,figure,cross_town_or_not_applicable,data_interim,interim,112343,False
data/interim/step_05_rendered_page_038.png,figure,cross_town_or_not_applicable,data_interim,interim,1338267,False
data/interim/step_09_unified_tokens_with_table_ids.parquet,tabular_data,cross_town_or_not_applicable,data_interim,interim,5553178,True
data/interim/step_05_rendered_page_010.png,figure,cross_town_or_not_applicable,data_interim,interim,811296,False
data/interim/step_05_rendered_page_004.png,figure,cross_town_or_not_applicable,data_interim,interim,746381,False
data/interim/step_16_district_overlay_candidates.parquet,tabular_data,cross_town_or_not_applicable,data_interim,interim,6329,False
data/interim/step_05_preprocessed_page_067.png,figure,cross_town_or_not_applicable,data_interim,interim,96057,False
data/interim/step_05_preprocessed_page_073.png,figure,cross_town_or_not_applicable,data_interim,interim,103737,False
data/interim/step_05_preprocessed_page_098.png,figure,cross_town_or_not_applicable,data_interim,interim,157112,False
data/interim/step_05_rendered_page_212.png,figure,cross_town_or_not_applicable,data_interim,interim,916241,False
data/interim/step_05_rendered_page_206.png,figure,cross_town_or_not_applicable,data_interim,interim,434232,False
data/interim/step_05_rendered_page_207.png,figure,cross_town_or_not_applicable,data_interim,interim,408232,False
data/interim/step_05_rendered_page_213.png,figure,cross_town_or_not_applicable,data_interim,interim,1186947,False
data/interim/step_05_preprocessed_page_099.png,figure,cross_town_or_not_applicable,data_interim,interim,123622,False
data/interim/step_05_preprocessed_page_072.png,figure,cross_town_or_not_applicable,data_interim,interim,34969,False
data/interim/step_05_preprocessed_page_066.png,figure,cross_town_or_not_applicable,data_interim,interim,84925,False
data/interim/step_05_rendered_page_005.png,figure,cross_town_or_not_applicable,data_interim,interim,806500,False
data/interim/step_05_rendered_page_011.png,figure,cross_town_or_not_applicable,data_interim,interim,46656,False
data/interim/step_05_rendered_page_039.png,figure,cross_town_or_not_applicable,data_interim,interim,1343131,False
data/interim/step_05_preprocessed_page_270.png,figure,cross_town_or_not_applicable,data_interim,interim,121656,False
data/interim/step_05_preprocessed_page_264.png,figure,cross_town_or_not_applicable,data_interim,interim,84068,False
data/interim/step_05_preprocessed_page_258.png,figure,cross_town_or_not_applicable,data_interim,interim,275188,False
data/interim/step_05_rendered_page_171.png,figure,cross_town_or_not_applicable,data_interim,interim,1189766,False
data/interim/step_05_rendered_page_165.png,figure,cross_town_or_not_applicable,data_interim,interim,1150136,False
data/interim/step_05_rendered_page_159.png,figure,cross_town_or_not_applicable,data_interim,interim,1288769,False
data/interim/step_05_preprocessed_page_304.png,figure,cross_town_or_not_applicable,data_interim,interim,139033,False
data/interim/step_05_preprocessed_page_310.png,figure,cross_town_or_not_applicable,data_interim,interim,139155,False
data/interim/step_03_native_text_spans.parquet,tabular_data,cross_town_or_not_applicable,data_interim,interim,1304316,False
data/interim/step_05_preprocessed_page_106.png,figure,cross_town_or_not_applicable,data_interim,interim,161281,False
data/interim/step_05_preprocessed_page_112.png,figure,cross_town_or_not_applicable,data_interim,interim,550603,False
data/interim/step_05_preprocessed_page_138.png,figure,cross_town_or_not_applicable,data_interim,interim,149132,False
data/interim/step_05_preprocessed_page_104.png,figure,cross_town_or_not_applicable,data_interim,interim,129452,False
data/interim/step_05_preprocessed_page_110.png,figure,cross_town_or_not_applicable,data_interim,interim,148421,False
data/interim/step_05_rendered_page_198.png,figure,cross_town_or_not_applicable,data_interim,interim,768602,False
data/interim/step_05_preprocessed_page_306.png,figure,cross_town_or_not_applicable,data_interim,interim,138436,False
data/interim/step_05_preprocessed_page_312.png,figure,cross_town_or_not_applicable,data_interim,interim,140472,False
data/interim/step_05_rendered_page_173.png,figure,cross_town_or_not_applicable,data_interim,interim,1245279,False
data/interim/step_05_rendered_page_167.png,figure,cross_town_or_not_applicable,data_interim,interim,1171614,False
data/interim/step_05_preprocessed_page_272.png,figure,cross_town_or_not_applicable,data_interim,interim,122615,False
data/interim/step_05_preprocessed_page_266.png,figure,cross_town_or_not_applicable,data_interim,interim,277331,False
data/interim/step_05_preprocessed_page_299.png,figure,cross_town_or_not_applicable,data_interim,interim,137320,False
data/interim/step_05_rendered_page_007.png,figure,cross_town_or_not_applicable,data_interim,interim,887283,False
data/interim/step_05_rendered_page_013.png,figure,cross_town_or_not_applicable,data_interim,interim,644997,False
data/interim/step_05_preprocessed_page_058.png,figure,cross_town_or_not_applicable,data_interim,interim,35171,False
data/interim/step_05_preprocessed_page_070.png,figure,cross_town_or_not_applicable,data_interim,interim,100824,False
data/interim/step_05_preprocessed_page_064.png,figure,cross_town_or_not_applicable,data_interim,interim,35309,False
data/interim/step_05_rendered_page_239.png,figure,cross_town_or_not_applicable,data_interim,interim,43538,False
data/interim/step_05_rendered_page_205.png,figure,cross_town_or_not_applicable,data_interim,interim,634240,False
data/interim/step_05_rendered_page_211.png,figure,cross_town_or_not_applicable,data_interim,interim,382422,False
data/interim/step_06_unified_normalized_tokens.parquet,tabular_data,cross_town_or_not_applicable,data_interim,interim,5552118,False
data/interim/step_05_rendered_page_210.png,figure,cross_town_or_not_applicable,data_interim,interim,923740,False
data/interim/step_05_rendered_page_204.png,figure,cross_town_or_not_applicable,data_interim,interim,721903,False
data/interim/step_05_rendered_page_238.png,figure,cross_town_or_not_applicable,data_interim,interim,340098,False
data/interim/step_05_preprocessed_page_065.png,figure,cross_town_or_not_applicable,data_interim,interim,104001,False
data/interim/step_05_preprocessed_page_071.png,figure,cross_town_or_not_applicable,data_interim,interim,42320,False
data/interim/step_05_preprocessed_page_059.png,figure,cross_town_or_not_applicable,data_interim,interim,112589,False
data/interim/step_05_rendered_page_012.png,figure,cross_town_or_not_applicable,data_interim,interim,690691,False
data/interim/step_05_rendered_page_006.png,figure,cross_town_or_not_applicable,data_interim,interim,806452,False
data/interim/step_05_preprocessed_page_298.png,figure,cross_town_or_not_applicable,data_interim,interim,135624,False
data/interim/step_05_preprocessed_page_267.png,figure,cross_town_or_not_applicable,data_interim,interim,304095,False
data/interim/step_05_preprocessed_page_273.png,figure,cross_town_or_not_applicable,data_interim,interim,138880,False
data/interim/step_05_rendered_page_166.png,figure,cross_town_or_not_applicable,data_interim,interim,1070026,False
data/interim/step_05_rendered_page_172.png,figure,cross_town_or_not_applicable,data_interim,interim,1301410,False
data/interim/step_05_preprocessed_page_313.png,figure,cross_town_or_not_applicable,data_interim,interim,53656,False
data/interim/step_05_preprocessed_page_307.png,figure,cross_town_or_not_applicable,data_interim,interim,139683,False
data/interim/step_05_rendered_page_199.png,figure,cross_town_or_not_applicable,data_interim,interim,895647,False
data/interim/step_05_preprocessed_page_111.png,figure,cross_town_or_not_applicable,data_interim,interim,160177,False
data/interim/step_05_preprocessed_page_105.png,figure,cross_town_or_not_applicable,data_interim,interim,158050,False
data/interim/step_05_preprocessed_page_139.png,figure,cross_town_or_not_applicable,data_interim,interim,155617,False
data/interim/step_05_preprocessed_page_120.png,figure,cross_town_or_not_applicable,data_interim,interim,152111,False
data/interim/step_16_district_linked_references.parquet,tabular_data,cross_town_or_not_applicable,data_interim,interim,5895,False
data/interim/step_05_preprocessed_page_134.png,figure,cross_town_or_not_applicable,data_interim,interim,175858,False
data/interim/step_05_preprocessed_page_108.png,figure,cross_town_or_not_applicable,data_interim,interim,140692,False
data/interim/step_05_rendered_page_194.png,figure,cross_town_or_not_applicable,data_interim,interim,1230158,False
data/interim/step_05_rendered_page_180.png,figure,cross_town_or_not_applicable,data_interim,interim,1237656,False
data/interim/step_05_rendered_page_157.png,figure,cross_town_or_not_applicable,data_interim,interim,1217771,False
data/interim/step_05_rendered_page_143.png,figure,cross_town_or_not_applicable,data_interim,interim,640793,False
data/interim/step_05_preprocessed_page_256.png,figure,cross_town_or_not_applicable,data_interim,interim,12112,False
data/interim/step_05_preprocessed_page_242.png,figure,cross_town_or_not_applicable,data_interim,interim,51282,False
data/interim/step_05_preprocessed_page_295.png,figure,cross_town_or_not_applicable,data_interim,interim,143267,False
data/interim/step_05_rendered_page_023.png,figure,cross_town_or_not_applicable,data_interim,interim,1470759,False
data/interim/step_05_rendered_page_037.png,figure,cross_town_or_not_applicable,data_interim,interim,1474803,False
data/interim/step_05_preprocessed_page_281.png,figure,cross_town_or_not_applicable,data_interim,interim,136452,False
data/interim/step_05_preprocessed_page_054.png,figure,cross_town_or_not_applicable,data_interim,interim,10557,False
data/interim/step_05_preprocessed_page_040.png,figure,cross_town_or_not_applicable,data_interim,interim,137561,False
data/interim/step_05_preprocessed_page_068.png,figure,cross_town_or_not_applicable,data_interim,interim,72444,False
data/interim/step_05_rendered_page_221.png,figure,cross_town_or_not_applicable,data_interim,interim,1091410,False
data/interim/step_05_preprocessed_page_097.png,figure,cross_town_or_not_applicable,data_interim,interim,150910,False
data/interim/step_05_preprocessed_page_083.png,figure,cross_town_or_not_applicable,data_interim,interim,47266,False
data/interim/step_05_rendered_page_235.png,figure,cross_town_or_not_applicable,data_interim,interim,1157202,False
data/interim/step_05_rendered_page_209.png,figure,cross_town_or_not_applicable,data_interim,interim,1121849,False
data/interim/step_05_rendered_page_208.png,figure,cross_town_or_not_applicable,data_interim,interim,775192,False
data/interim/step_05_rendered_page_234.png,figure,cross_town_or_not_applicable,data_interim,interim,792150,False
data/interim/step_05_preprocessed_page_082.png,figure,cross_town_or_not_applicable,data_interim,interim,145452,False
data/interim/step_05_preprocessed_page_096.png,figure,cross_town_or_not_applicable,data_interim,interim,121614,False
data/interim/step_05_rendered_page_220.png,figure,cross_town_or_not_applicable,data_interim,interim,1132381,False
data/interim/step_05_preprocessed_page_069.png,figure,cross_town_or_not_applicable,data_interim,interim,119168,False
data/interim/step_05_preprocessed_page_041.png,figure,cross_town_or_not_applicable,data_interim,interim,144094,False
data/interim/step_05_preprocessed_page_055.png,figure,cross_town_or_not_applicable,data_interim,interim,120557,False
data/interim/step_05_preprocessed_page_280.png,figure,cross_town_or_not_applicable,data_interim,interim,137932,False
data/interim/step_05_rendered_page_036.png,figure,cross_town_or_not_applicable,data_interim,interim,1376386,False
data/interim/step_05_rendered_page_022.png,figure,cross_town_or_not_applicable,data_interim,interim,1424373,False
data/interim/step_05_preprocessed_page_294.png,figure,cross_town_or_not_applicable,data_interim,interim,142504,False
data/interim/step_05_preprocessed_page_243.png,figure,cross_town_or_not_applicable,data_interim,interim,49784,False
data/interim/step_05_preprocessed_page_257.png,figure,cross_town_or_not_applicable,data_interim,interim,295895,False
data/interim/step_05_rendered_page_142.png,figure,cross_town_or_not_applicable,data_interim,interim,1035923,False
data/interim/step_05_rendered_page_156.png,figure,cross_town_or_not_applicable,data_interim,interim,1301736,False
data/interim/step_05_rendered_page_181.png,figure,cross_town_or_not_applicable,data_interim,interim,807507,False
data/interim/step_05_rendered_page_195.png,figure,cross_town_or_not_applicable,data_interim,interim,868506,False
data/interim/step_05_preprocessed_page_109.png,figure,cross_town_or_not_applicable,data_interim,interim,125410,False
data/interim/step_05_preprocessed_page_135.png,figure,cross_town_or_not_applicable,data_interim,interim,168611,False
data/interim/step_05_preprocessed_page_121.png,figure,cross_town_or_not_applicable,data_interim,interim,170583,False
data/interim/step_05_preprocessed_page_137.png,figure,cross_town_or_not_applicable,data_interim,interim,165509,False
data/interim/step_05_preprocessed_page_123.png,figure,cross_town_or_not_applicable,data_interim,interim,181170,False
data/interim/step_05_rendered_page_183.png,figure,cross_town_or_not_applicable,data_interim,interim,1245642,False
data/interim/step_05_rendered_page_197.png,figure,cross_town_or_not_applicable,data_interim,interim,612432,False
data/interim/step_05_preprocessed_page_309.png,figure,cross_town_or_not_applicable,data_interim,interim,141654,False
data/interim/step_05_rendered_page_140.png,figure,cross_town_or_not_applicable,data_interim,interim,61833,False
data/interim/step_05_rendered_page_154.png,figure,cross_town_or_not_applicable,data_interim,interim,1384022,False
data/interim/step_05_rendered_page_168.png,figure,cross_town_or_not_applicable,data_interim,interim,967572,False
data/interim/step_05_preprocessed_page_241.png,figure,cross_town_or_not_applicable,data_interim,interim,40425,False
data/interim/step_05_preprocessed_page_255.png,figure,cross_town_or_not_applicable,data_interim,interim,60397,False
data/interim/step_05_preprocessed_page_269.png,figure,cross_town_or_not_applicable,data_interim,interim,129769,False
data/interim/step_05_rendered_page_034.png,figure,cross_town_or_not_applicable,data_interim,interim,1375899,False
data/interim/step_05_preprocessed_page_282.png,figure,cross_town_or_not_applicable,data_interim,interim,129787,False
data/interim/step_05_preprocessed_page_296.png,figure,cross_town_or_not_applicable,data_interim,interim,139347,False
data/interim/step_05_rendered_page_020.png,figure,cross_town_or_not_applicable,data_interim,interim,1452713,False
data/interim/step_05_rendered_page_008.png,figure,cross_town_or_not_applicable,data_interim,interim,742161,False
data/interim/step_05_preprocessed_page_043.png,figure,cross_town_or_not_applicable,data_interim,interim,159709,False
data/interim/step_05_preprocessed_page_057.png,figure,cross_town_or_not_applicable,data_interim,interim,45367,False
data/interim/step_05_preprocessed_page_080.png,figure,cross_town_or_not_applicable,data_interim,interim,530393,False
data/interim/step_05_rendered_page_236.png,figure,cross_town_or_not_applicable,data_interim,interim,1187643,False
data/interim/step_05_rendered_page_222.png,figure,cross_town_or_not_applicable,data_interim,interim,347893,False
data/interim/step_05_preprocessed_page_094.png,figure,cross_town_or_not_applicable,data_interim,interim,128737,False
data/interim/step_05_preprocessed_page_095.png,figure,cross_town_or_not_applicable,data_interim,interim,156832,False
data/interim/step_05_rendered_page_223.png,figure,cross_town_or_not_applicable,data_interim,interim,1061507,False
data/interim/step_05_rendered_page_237.png,figure,cross_town_or_not_applicable,data_interim,interim,687878,False
data/interim/step_05_preprocessed_page_081.png,figure,cross_town_or_not_applicable,data_interim,interim,148598,False
data/interim/step_05_ocr_word_tokens.parquet,tabular_data,cross_town_or_not_applicable,data_interim,interim,2786145,False
data/interim/step_05_preprocessed_page_056.png,figure,cross_town_or_not_applicable,data_interim,interim,103218,False
data/interim/step_05_preprocessed_page_042.png,figure,cross_town_or_not_applicable,data_interim,interim,152080,False
data/interim/step_05_rendered_page_009.png,figure,cross_town_or_not_applicable,data_interim,interim,791076,False
data/interim/step_05_rendered_page_021.png,figure,cross_town_or_not_applicable,data_interim,interim,1331235,False
data/interim/step_05_preprocessed_page_297.png,figure,cross_town_or_not_applicable,data_interim,interim,141395,False
data/interim/step_05_preprocessed_page_283.png,figure,cross_town_or_not_applicable,data_interim,interim,136632,False
data/interim/step_05_rendered_page_035.png,figure,cross_town_or_not_applicable,data_interim,interim,1342924,False
data/interim/step_05_preprocessed_page_268.png,figure,cross_town_or_not_applicable,data_interim,interim,29291,False
data/interim/step_05_preprocessed_page_254.png,figure,cross_town_or_not_applicable,data_interim,interim,66694,False
data/interim/step_05_preprocessed_page_240.png,figure,cross_town_or_not_applicable,data_interim,interim,167746,False
data/interim/step_05_rendered_page_169.png,figure,cross_town_or_not_applicable,data_interim,interim,1174518,False
data/interim/step_05_rendered_page_155.png,figure,cross_town_or_not_applicable,data_interim,interim,1378740,False
data/interim/step_05_rendered_page_141.png,figure,cross_town_or_not_applicable,data_interim,interim,248759,False
data/interim/step_05_preprocessed_page_308.png,figure,cross_town_or_not_applicable,data_interim,interim,136335,False
data/interim/step_05_rendered_page_196.png,figure,cross_town_or_not_applicable,data_interim,interim,659848,False
data/interim/step_05_rendered_page_182.png,figure,cross_town_or_not_applicable,data_interim,interim,44418,False
data/interim/step_03_native_word_tokens.parquet,tabular_data,cross_town_or_not_applicable,data_interim,interim,3451735,False
data/interim/step_18_district_metadata_geometry.geojson,geospatial_data,cross_town_or_not_applicable,data_interim,interim,2711910,False
data/interim/step_05_preprocessed_page_122.png,figure,cross_town_or_not_applicable,data_interim,interim,171685,False
data/interim/step_05_preprocessed_page_136.png,figure,cross_town_or_not_applicable,data_interim,interim,158623,False
data/interim/step_05_preprocessed_page_132.png,figure,cross_town_or_not_applicable,data_interim,interim,144096,False
data/interim/step_05_preprocessed_page_126.png,figure,cross_town_or_not_applicable,data_interim,interim,535353,False
data/interim/step_05_rendered_page_186.png,figure,cross_town_or_not_applicable,data_interim,interim,35631,False
data/interim/step_05_rendered_page_192.png,figure,cross_town_or_not_applicable,data_interim,interim,195022,False
data/interim/step_05_rendered_page_179.png,figure,cross_town_or_not_applicable,data_interim,interim,1269846,False
data/interim/step_05_rendered_page_145.png,figure,cross_town_or_not_applicable,data_interim,interim,1248731,False
data/interim/step_05_rendered_page_151.png,figure,cross_town_or_not_applicable,data_interim,interim,1333905,False
data/interim/step_05_preprocessed_page_278.png,figure,cross_town_or_not_applicable,data_interim,interim,138703,False
data/interim/step_05_preprocessed_page_244.png,figure,cross_town_or_not_applicable,data_interim,interim,122411,False
data/interim/step_05_preprocessed_page_250.png,figure,cross_town_or_not_applicable,data_interim,interim,43432,False
data/interim/step_05_rendered_page_019.png,figure,cross_town_or_not_applicable,data_interim,interim,1327862,False
data/interim/step_05_rendered_page_031.png,figure,cross_town_or_not_applicable,data_interim,interim,1432746,False
data/interim/step_05_preprocessed_page_287.png,figure,cross_town_or_not_applicable,data_interim,interim,128367,False
data/interim/step_05_preprocessed_page_293.png,figure,cross_town_or_not_applicable,data_interim,interim,133398,False
data/interim/step_05_rendered_page_025.png,figure,cross_town_or_not_applicable,data_interim,interim,1477026,False
data/interim/step_05_preprocessed_page_046.png,figure,cross_town_or_not_applicable,data_interim,interim,145045,False
data/interim/step_05_preprocessed_page_052.png,figure,cross_town_or_not_applicable,data_interim,interim,153641,False
data/interim/step_05_preprocessed_page_085.png,figure,cross_town_or_not_applicable,data_interim,interim,148949,False
data/interim/step_05_rendered_page_233.png,figure,cross_town_or_not_applicable,data_interim,interim,775833,False
data/interim/step_05_rendered_page_227.png,figure,cross_town_or_not_applicable,data_interim,interim,546780,False
data/interim/step_05_preprocessed_page_091.png,figure,cross_town_or_not_applicable,data_interim,interim,162224,False
data/interim/step_05_preprocessed_page_090.png,figure,cross_town_or_not_applicable,data_interim,interim,169541,False
data/interim/step_05_rendered_page_226.png,figure,cross_town_or_not_applicable,data_interim,interim,33845,False
data/interim/step_05_rendered_page_232.png,figure,cross_town_or_not_applicable,data_interim,interim,34429,False
data/interim/step_05_preprocessed_page_084.png,figure,cross_town_or_not_applicable,data_interim,interim,138780,False
data/interim/step_05_preprocessed_page_053.png,figure,cross_town_or_not_applicable,data_interim,interim,20998,False
data/interim/step_05_preprocessed_page_047.png,figure,cross_town_or_not_applicable,data_interim,interim,127950,False
data/interim/step_05_rendered_page_024.png,figure,cross_town_or_not_applicable,data_interim,interim,1422497,False
data/interim/step_05_preprocessed_page_292.png,figure,cross_town_or_not_applicable,data_interim,interim,143263,False
data/interim/step_05_preprocessed_page_286.png,figure,cross_town_or_not_applicable,data_interim,interim,138438,False
data/interim/step_05_rendered_page_030.png,figure,cross_town_or_not_applicable,data_interim,interim,1208735,False
data/interim/step_05_rendered_page_018.png,figure,cross_town_or_not_applicable,data_interim,interim,1449065,False
data/interim/step_05_preprocessed_page_251.png,figure,cross_town_or_not_applicable,data_interim,interim,118076,False
data/interim/step_05_preprocessed_page_245.png,figure,cross_town_or_not_applicable,data_interim,interim,248882,False
data/interim/step_05_preprocessed_page_279.png,figure,cross_town_or_not_applicable,data_interim,interim,141091,False
data/interim/step_05_rendered_page_150.png,figure,cross_town_or_not_applicable,data_interim,interim,1093212,False
data/interim/step_05_rendered_page_144.png,figure,cross_town_or_not_applicable,data_interim,interim,1310207,False
data/interim/step_05_rendered_page_178.png,figure,cross_town_or_not_applicable,data_interim,interim,1292432,False
data/interim/step_05_rendered_page_193.png,figure,cross_town_or_not_applicable,data_interim,interim,1205788,False
data/interim/step_05_rendered_page_187.png,figure,cross_town_or_not_applicable,data_interim,interim,1077035,False
data/interim/step_05_preprocessed_page_127.png,figure,cross_town_or_not_applicable,data_interim,interim,144759,False
data/interim/step_05_preprocessed_page_133.png,figure,cross_town_or_not_applicable,data_interim,interim,153578,False
data/interim/step_05_preprocessed_page_119.png,figure,cross_town_or_not_applicable,data_interim,interim,136044,False
data/interim/step_05_preprocessed_page_125.png,figure,cross_town_or_not_applicable,data_interim,interim,147118,False
data/interim/step_05_preprocessed_page_131.png,figure,cross_town_or_not_applicable,data_interim,interim,162982,False
data/interim/step_09_table_cells.parquet,tabular_data,cross_town_or_not_applicable,data_interim,interim,93034,True
data/interim/step_05_rendered_page_191.png,figure,cross_town_or_not_applicable,data_interim,interim,999827,False
data/interim/step_05_rendered_page_185.png,figure,cross_town_or_not_applicable,data_interim,interim,279298,False
data/interim/step_05_rendered_page_152.png,figure,cross_town_or_not_applicable,data_interim,interim,1427015,False
data/interim/step_05_rendered_page_146.png,figure,cross_town_or_not_applicable,data_interim,interim,1290585,False
data/interim/step_05_preprocessed_page_253.png,figure,cross_town_or_not_applicable,data_interim,interim,60239,False
data/interim/step_05_preprocessed_page_247.png,figure,cross_town_or_not_applicable,data_interim,interim,464333,False
data/interim/step_05_preprocessed_page_290.png,figure,cross_town_or_not_applicable,data_interim,interim,106787,False
data/interim/step_05_rendered_page_026.png,figure,cross_town_or_not_applicable,data_interim,interim,1390444,False
data/interim/step_05_rendered_page_032.png,figure,cross_town_or_not_applicable,data_interim,interim,1208449,False
data/interim/step_05_preprocessed_page_284.png,figure,cross_town_or_not_applicable,data_interim,interim,138950,False
data/interim/step_05_preprocessed_page_079.png,figure,cross_town_or_not_applicable,data_interim,interim,154628,False
data/interim/step_05_preprocessed_page_051.png,figure,cross_town_or_not_applicable,data_interim,interim,133467,False
data/interim/step_05_preprocessed_page_045.png,figure,cross_town_or_not_applicable,data_interim,interim,34194,False
data/interim/step_05_rendered_page_218.png,figure,cross_town_or_not_applicable,data_interim,interim,35383,False
data/interim/step_05_rendered_page_224.png,figure,cross_town_or_not_applicable,data_interim,interim,861674,False
data/interim/step_05_preprocessed_page_092.png,figure,cross_town_or_not_applicable,data_interim,interim,92702,False
data/interim/step_05_preprocessed_page_086.png,figure,cross_town_or_not_applicable,data_interim,interim,153981,False
data/interim/step_05_rendered_page_230.png,figure,cross_town_or_not_applicable,data_interim,interim,36537,False
data/interim/step_05_rendered_page_231.png,figure,cross_town_or_not_applicable,data_interim,interim,557058,False
data/interim/step_05_preprocessed_page_087.png,figure,cross_town_or_not_applicable,data_interim,interim,578902,False
data/interim/step_05_preprocessed_page_093.png,figure,cross_town_or_not_applicable,data_interim,interim,101793,False
data/interim/step_05_rendered_page_225.png,figure,cross_town_or_not_applicable,data_interim,interim,975774,False
data/interim/step_05_rendered_page_219.png,figure,cross_town_or_not_applicable,data_interim,interim,1073674,False
data/interim/step_05_preprocessed_page_044.png,figure,cross_town_or_not_applicable,data_interim,interim,114391,False
data/interim/step_05_preprocessed_page_050.png,figure,cross_town_or_not_applicable,data_interim,interim,153639,False
data/interim/step_05_preprocessed_page_078.png,figure,cross_town_or_not_applicable,data_interim,interim,163709,False
data/interim/step_05_preprocessed_page_285.png,figure,cross_town_or_not_applicable,data_interim,interim,133078,False
data/interim/step_05_rendered_page_033.png,figure,cross_town_or_not_applicable,data_interim,interim,1377357,False
data/interim/step_05_rendered_page_027.png,figure,cross_town_or_not_applicable,data_interim,interim,1412444,False
data/interim/step_05_preprocessed_page_291.png,figure,cross_town_or_not_applicable,data_interim,interim,120425,False
data/interim/step_05_preprocessed_page_246.png,figure,cross_town_or_not_applicable,data_interim,interim,407495,False
data/interim/step_05_preprocessed_page_252.png,figure,cross_town_or_not_applicable,data_interim,interim,128916,False
data/interim/step_05_rendered_page_147.png,figure,cross_town_or_not_applicable,data_interim,interim,1220492,False
data/interim/step_05_rendered_page_153.png,figure,cross_town_or_not_applicable,data_interim,interim,1467291,False
data/interim/step_05_rendered_page_184.png,figure,cross_town_or_not_applicable,data_interim,interim,1255177,False
data/interim/step_05_rendered_page_190.png,figure,cross_town_or_not_applicable,data_interim,interim,36190,False
data/interim/step_05_preprocessed_page_130.png,figure,cross_town_or_not_applicable,data_interim,interim,149168,False
data/interim/step_05_preprocessed_page_124.png,figure,cross_town_or_not_applicable,data_interim,interim,181999,False
data/interim/step_05_preprocessed_page_118.png,figure,cross_town_or_not_applicable,data_interim,interim,147784,False
data/interim/step_05_preprocessed_page_143.png,figure,cross_town_or_not_applicable,data_interim,interim,74701,False
data/interim/step_05_preprocessed_page_157.png,figure,cross_town_or_not_applicable,data_interim,interim,145060,False
data/interim/step_05_preprocessed_page_180.png,figure,cross_town_or_not_applicable,data_interim,interim,144317,False
data/interim/step_05_preprocessed_page_194.png,figure,cross_town_or_not_applicable,data_interim,interim,144595,False
data/interim/step_05_rendered_page_134.png,figure,cross_town_or_not_applicable,data_interim,interim,1539500,False
data/interim/step_05_rendered_page_120.png,figure,cross_town_or_not_applicable,data_interim,interim,1267873,False
data/interim/step_05_rendered_page_108.png,figure,cross_town_or_not_applicable,data_interim,interim,1206416,False
data/interim/step_05_preprocessed_page_235.png,figure,cross_town_or_not_applicable,data_interim,interim,137150,False
data/interim/step_05_rendered_page_083.png,figure,cross_town_or_not_applicable,data_interim,interim,351878,False
data/interim/step_05_rendered_page_097.png,figure,cross_town_or_not_applicable,data_interim,interim,1298975,False
data/interim/step_05_preprocessed_page_221.png,figure,cross_town_or_not_applicable,data_interim,interim,129622,False
data/interim/step_05_preprocessed_page_209.png,figure,cross_town_or_not_applicable,data_interim,interim,133917,False
data/interim/step_05_rendered_page_040.png,figure,cross_town_or_not_applicable,data_interim,interim,1155721,False
data/interim/step_05_rendered_page_054.png,figure,cross_town_or_not_applicable,data_interim,interim,33558,False
data/interim/step_05_rendered_page_068.png,figure,cross_town_or_not_applicable,data_interim,interim,566939,False
data/interim/step_05_rendered_page_281.png,figure,cross_town_or_not_applicable,data_interim,interim,1046798,False
data/interim/step_05_preprocessed_page_037.png,figure,cross_town_or_not_applicable,data_interim,interim,169730,False
data/interim/step_05_preprocessed_page_023.png,figure,cross_town_or_not_applicable,data_interim,interim,168641,False
data/interim/step_05_rendered_page_295.png,figure,cross_town_or_not_applicable,data_interim,interim,1131134,False
data/interim/step_05_rendered_page_242.png,figure,cross_town_or_not_applicable,data_interim,interim,321776,False
data/interim/step_05_rendered_page_256.png,figure,cross_town_or_not_applicable,data_interim,interim,40427,False
data/interim/step_16_district_general_rules.parquet,tabular_data,cross_town_or_not_applicable,data_interim,interim,27893,False
data/interim/step_05_rendered_page_257.png,figure,cross_town_or_not_applicable,data_interim,interim,614911,False
data/interim/step_05_rendered_page_243.png,figure,cross_town_or_not_applicable,data_interim,interim,291206,False
data/interim/step_05_rendered_page_294.png,figure,cross_town_or_not_applicable,data_interim,interim,1116753,False
data/interim/step_05_preprocessed_page_022.png,figure,cross_town_or_not_applicable,data_interim,interim,164155,False
data/interim/step_05_preprocessed_page_036.png,figure,cross_town_or_not_applicable,data_interim,interim,159489,False
data/interim/step_05_rendered_page_280.png,figure,cross_town_or_not_applicable,data_interim,interim,1072623,False
data/interim/step_05_rendered_page_069.png,figure,cross_town_or_not_applicable,data_interim,interim,971001,False
data/interim/step_05_rendered_page_055.png,figure,cross_town_or_not_applicable,data_interim,interim,994439,False
data/interim/step_05_rendered_page_041.png,figure,cross_town_or_not_applicable,data_interim,interim,1226549,False
data/interim/step_05_preprocessed_page_208.png,figure,cross_town_or_not_applicable,data_interim,interim,95363,False
data/interim/step_05_preprocessed_page_220.png,figure,cross_town_or_not_applicable,data_interim,interim,132355,False
data/interim/step_05_rendered_page_096.png,figure,cross_town_or_not_applicable,data_interim,interim,1021674,False
data/interim/step_05_rendered_page_082.png,figure,cross_town_or_not_applicable,data_interim,interim,1235200,False
data/interim/step_05_preprocessed_page_234.png,figure,cross_town_or_not_applicable,data_interim,interim,107665,False
data/interim/step_05_rendered_page_109.png,figure,cross_town_or_not_applicable,data_interim,interim,1062467,False
data/interim/step_05_rendered_page_121.png,figure,cross_town_or_not_applicable,data_interim,interim,1470789,False
data/interim/step_05_rendered_page_135.png,figure,cross_town_or_not_applicable,data_interim,interim,1445408,False
data/interim/step_05_preprocessed_page_195.png,figure,cross_town_or_not_applicable,data_interim,interim,391809,False
data/interim/step_05_preprocessed_page_181.png,figure,cross_town_or_not_applicable,data_interim,interim,96907,False
data/interim/step_05_preprocessed_page_156.png,figure,cross_town_or_not_applicable,data_interim,interim,558471,False
data/interim/step_05_preprocessed_page_142.png,figure,cross_town_or_not_applicable,data_interim,interim,124883,False
data/interim/step_05_preprocessed_page_154.png,figure,cross_town_or_not_applicable,data_interim,interim,159301,False
data/interim/step_05_preprocessed_page_140.png,figure,cross_town_or_not_applicable,data_interim,interim,14204,False
data/interim/step_05_preprocessed_page_168.png,figure,cross_town_or_not_applicable,data_interim,interim,115354,False
data/interim/step_05_preprocessed_page_197.png,figure,cross_town_or_not_applicable,data_interim,interim,76763,False
data/interim/step_05_preprocessed_page_183.png,figure,cross_town_or_not_applicable,data_interim,interim,147337,False
data/interim/step_05_rendered_page_309.png,figure,cross_town_or_not_applicable,data_interim,interim,1140760,False
data/interim/step_05_rendered_page_123.png,figure,cross_town_or_not_applicable,data_interim,interim,1573399,False
data/interim/step_05_rendered_page_137.png,figure,cross_town_or_not_applicable,data_interim,interim,1437950,False
data/interim/step_05_rendered_page_094.png,figure,cross_town_or_not_applicable,data_interim,interim,1089295,False
data/interim/step_05_preprocessed_page_222.png,figure,cross_town_or_not_applicable,data_interim,interim,46849,False
data/interim/step_05_preprocessed_page_236.png,figure,cross_town_or_not_applicable,data_interim,interim,141223,False
data/interim/step_05_rendered_page_080.png,figure,cross_town_or_not_applicable,data_interim,interim,1239751,False
data/interim/step_05_rendered_page_057.png,figure,cross_town_or_not_applicable,data_interim,interim,336688,False
data/interim/step_05_rendered_page_043.png,figure,cross_town_or_not_applicable,data_interim,interim,1370227,False
data/interim/step_05_preprocessed_page_020.png,figure,cross_town_or_not_applicable,data_interim,interim,167813,False
data/interim/step_05_rendered_page_296.png,figure,cross_town_or_not_applicable,data_interim,interim,1100020,False
data/interim/step_05_rendered_page_282.png,figure,cross_town_or_not_applicable,data_interim,interim,1007218,False
data/interim/step_05_preprocessed_page_034.png,figure,cross_town_or_not_applicable,data_interim,interim,160346,False
data/interim/step_05_preprocessed_page_008.png,figure,cross_town_or_not_applicable,data_interim,interim,100079,False
data/interim/step_05_rendered_page_255.png,figure,cross_town_or_not_applicable,data_interim,interim,758932,False
data/interim/step_05_rendered_page_241.png,figure,cross_town_or_not_applicable,data_interim,interim,214299,False
data/interim/step_05_rendered_page_269.png,figure,cross_town_or_not_applicable,data_interim,interim,999865,False
data/interim/step_05_rendered_page_268.png,figure,cross_town_or_not_applicable,data_interim,interim,200295,False
data/interim/step_05_rendered_page_240.png,figure,cross_town_or_not_applicable,data_interim,interim,274435,False
data/interim/step_05_rendered_page_254.png,figure,cross_town_or_not_applicable,data_interim,interim,884207,False
data/interim/step_05_preprocessed_page_009.png,figure,cross_town_or_not_applicable,data_interim,interim,109086,False
data/interim/step_05_preprocessed_page_035.png,figure,cross_town_or_not_applicable,data_interim,interim,155879,False
data/interim/step_05_rendered_page_283.png,figure,cross_town_or_not_applicable,data_interim,interim,1065139,False
data/interim/step_05_rendered_page_297.png,figure,cross_town_or_not_applicable,data_interim,interim,1130984,False
data/interim/step_05_preprocessed_page_021.png,figure,cross_town_or_not_applicable,data_interim,interim,154774,False
data/interim/step_05_rendered_page_042.png,figure,cross_town_or_not_applicable,data_interim,interim,1309980,False
data/interim/step_05_rendered_page_056.png,figure,cross_town_or_not_applicable,data_interim,interim,838905,False
data/interim/step_05_rendered_page_081.png,figure,cross_town_or_not_applicable,data_interim,interim,1262314,False
data/interim/step_05_preprocessed_page_237.png,figure,cross_town_or_not_applicable,data_interim,interim,87615,False
data/interim/step_05_preprocessed_page_223.png,figure,cross_town_or_not_applicable,data_interim,interim,128351,False
data/interim/step_05_rendered_page_095.png,figure,cross_town_or_not_applicable,data_interim,interim,1356329,False
data/interim/step_05_rendered_page_136.png,figure,cross_town_or_not_applicable,data_interim,interim,1373780,False
data/interim/step_05_rendered_page_122.png,figure,cross_town_or_not_applicable,data_interim,interim,1490797,False
data/interim/step_05_rendered_page_308.png,figure,cross_town_or_not_applicable,data_interim,interim,1071876,False
data/interim/step_05_preprocessed_page_182.png,figure,cross_town_or_not_applicable,data_interim,interim,12107,False
data/interim/step_05_preprocessed_page_196.png,figure,cross_town_or_not_applicable,data_interim,interim,81759,False
data/interim/step_05_preprocessed_page_169.png,figure,cross_town_or_not_applicable,data_interim,interim,136516,False
data/interim/step_05_preprocessed_page_141.png,figure,cross_town_or_not_applicable,data_interim,interim,35115,False
data/interim/step_05_preprocessed_page_155.png,figure,cross_town_or_not_applicable,data_interim,interim,595176,False
data/interim/step_05_preprocessed_page_179.png,figure,cross_town_or_not_applicable,data_interim,interim,147751,False
data/interim/step_05_preprocessed_page_151.png,figure,cross_town_or_not_applicable,data_interim,interim,154602,False
data/interim/step_05_preprocessed_page_145.png,figure,cross_town_or_not_applicable,data_interim,interim,146808,False
data/interim/step_05_preprocessed_page_192.png,figure,cross_town_or_not_applicable,data_interim,interim,28288,False
data/interim/step_05_preprocessed_page_186.png,figure,cross_town_or_not_applicable,data_interim,interim,35178,False
data/interim/step_05_rendered_page_126.png,figure,cross_town_or_not_applicable,data_interim,interim,1279835,False
data/interim/step_05_rendered_page_132.png,figure,cross_town_or_not_applicable,data_interim,interim,1226595,False
data/interim/step_05_rendered_page_091.png,figure,cross_town_or_not_applicable,data_interim,interim,1407262,False
data/interim/step_05_preprocessed_page_227.png,figure,cross_town_or_not_applicable,data_interim,interim,70274,False
data/interim/step_05_preprocessed_page_233.png,figure,cross_town_or_not_applicable,data_interim,interim,107897,False
data/interim/step_05_rendered_page_085.png,figure,cross_town_or_not_applicable,data_interim,interim,1273152,False
data/interim/step_05_rendered_page_052.png,figure,cross_town_or_not_applicable,data_interim,interim,1317943,False
data/interim/step_05_rendered_page_046.png,figure,cross_town_or_not_applicable,data_interim,interim,1244501,False
data/interim/step_05_preprocessed_page_019.png,figure,cross_town_or_not_applicable,data_interim,interim,155720,False
data/interim/step_05_preprocessed_page_025.png,figure,cross_town_or_not_applicable,data_interim,interim,168563,False
data/interim/step_05_rendered_page_293.png,figure,cross_town_or_not_applicable,data_interim,interim,1055680,False
data/interim/step_05_rendered_page_287.png,figure,cross_town_or_not_applicable,data_interim,interim,969149,False
data/interim/step_05_preprocessed_page_031.png,figure,cross_town_or_not_applicable,data_interim,interim,167145,False
data/interim/step_05_rendered_page_278.png,figure,cross_town_or_not_applicable,data_interim,interim,1082130,False
data/interim/step_05_rendered_page_250.png,figure,cross_town_or_not_applicable,data_interim,interim,184977,False
data/interim/step_05_rendered_page_244.png,figure,cross_town_or_not_applicable,data_interim,interim,188880,False
data/interim/step_05_rendered_page_245.png,figure,cross_town_or_not_applicable,data_interim,interim,656853,False
data/interim/step_05_rendered_page_251.png,figure,cross_town_or_not_applicable,data_interim,interim,185969,False
data/interim/step_05_rendered_page_279.png,figure,cross_town_or_not_applicable,data_interim,interim,1085334,False
data/interim/step_05_preprocessed_page_030.png,figure,cross_town_or_not_applicable,data_interim,interim,142770,False
data/interim/step_05_rendered_page_286.png,figure,cross_town_or_not_applicable,data_interim,interim,1083050,False
data/interim/step_05_rendered_page_292.png,figure,cross_town_or_not_applicable,data_interim,interim,1111343,False
data/interim/step_05_preprocessed_page_024.png,figure,cross_town_or_not_applicable,data_interim,interim,163993,False
data/interim/step_05_preprocessed_page_018.png,figure,cross_town_or_not_applicable,data_interim,interim,167486,False
data/interim/step_05_rendered_page_047.png,figure,cross_town_or_not_applicable,data_interim,interim,1084575,False
data/interim/step_05_rendered_page_053.png,figure,cross_town_or_not_applicable,data_interim,interim,124831,False
data/interim/step_05_rendered_page_084.png,figure,cross_town_or_not_applicable,data_interim,interim,1177944,False
data/interim/step_05_preprocessed_page_232.png,figure,cross_town_or_not_applicable,data_interim,interim,33221,False
data/interim/step_05_preprocessed_page_226.png,figure,cross_town_or_not_applicable,data_interim,interim,33302,False
data/interim/step_05_rendered_page_090.png,figure,cross_town_or_not_applicable,data_interim,interim,1481537,False
data/interim/step_05_rendered_page_133.png,figure,cross_town_or_not_applicable,data_interim,interim,1317886,False
data/interim/step_05_rendered_page_127.png,figure,cross_town_or_not_applicable,data_interim,interim,1241133,False
data/interim/step_05_preprocessed_page_187.png,figure,cross_town_or_not_applicable,data_interim,interim,130675,False
data/interim/step_05_preprocessed_page_193.png,figure,cross_town_or_not_applicable,data_interim,interim,142413,False
data/interim/step_05_preprocessed_page_144.png,figure,cross_town_or_not_applicable,data_interim,interim,154250,False
data/interim/step_05_preprocessed_page_150.png,figure,cross_town_or_not_applicable,data_interim,interim,129076,False
data/interim/step_05_preprocessed_page_178.png,figure,cross_town_or_not_applicable,data_interim,interim,548799,False
data/interim/step_05_preprocessed_page_146.png,figure,cross_town_or_not_applicable,data_interim,interim,150293,False
data/interim/step_05_preprocessed_page_152.png,figure,cross_town_or_not_applicable,data_interim,interim,597869,False
data/interim/step_05_preprocessed_page_185.png,figure,cross_town_or_not_applicable,data_interim,interim,38217,False
data/interim/step_05_preprocessed_page_191.png,figure,cross_town_or_not_applicable,data_interim,interim,121266,False
data/interim/step_05_rendered_page_119.png,figure,cross_town_or_not_applicable,data_interim,interim,1103633,False
data/interim/step_05_rendered_page_131.png,figure,cross_town_or_not_applicable,data_interim,interim,1411723,False
data/interim/step_05_rendered_page_125.png,figure,cross_town_or_not_applicable,data_interim,interim,1261017,False
data/interim/step_05_preprocessed_page_218.png,figure,cross_town_or_not_applicable,data_interim,interim,35188,False
data/interim/step_05_preprocessed_page_230.png,figure,cross_town_or_not_applicable,data_interim,interim,35310,False
data/interim/step_05_rendered_page_086.png,figure,cross_town_or_not_applicable,data_interim,interim,1321688,False
data/interim/step_05_rendered_page_092.png,figure,cross_town_or_not_applicable,data_interim,interim,758440,False
data/interim/step_05_preprocessed_page_224.png,figure,cross_town_or_not_applicable,data_interim,interim,102832,False
data/interim/step_05_rendered_page_079.png,figure,cross_town_or_not_applicable,data_interim,interim,1328778,False
data/interim/step_05_rendered_page_045.png,figure,cross_town_or_not_applicable,data_interim,interim,37197,False
data/interim/step_05_rendered_page_051.png,figure,cross_town_or_not_applicable,data_interim,interim,1136217,False
data/interim/step_05_rendered_page_284.png,figure,cross_town_or_not_applicable,data_interim,interim,1088966,False
data/interim/step_05_preprocessed_page_032.png,figure,cross_town_or_not_applicable,data_interim,interim,142937,False
data/interim/step_05_preprocessed_page_026.png,figure,cross_town_or_not_applicable,data_interim,interim,160061,False
data/interim/step_05_rendered_page_290.png,figure,cross_town_or_not_applicable,data_interim,interim,767159,False
data/interim/step_05_rendered_page_247.png,figure,cross_town_or_not_applicable,data_interim,interim,1325651,False
data/interim/step_05_rendered_page_253.png,figure,cross_town_or_not_applicable,data_interim,interim,722511,False
data/interim/step_05_rendered_page_252.png,figure,cross_town_or_not_applicable,data_interim,interim,186469,False
data/interim/step_05_rendered_page_246.png,figure,cross_town_or_not_applicable,data_interim,interim,1102213,False
data/interim/step_05_rendered_page_291.png,figure,cross_town_or_not_applicable,data_interim,interim,907173,False
data/interim/step_05_preprocessed_page_027.png,figure,cross_town_or_not_applicable,data_interim,interim,163037,False
data/interim/step_05_preprocessed_page_033.png,figure,cross_town_or_not_applicable,data_interim,interim,160306,False
data/interim/step_05_rendered_page_285.png,figure,cross_town_or_not_applicable,data_interim,interim,1038564,False
data/interim/step_05_rendered_page_050.png,figure,cross_town_or_not_applicable,data_interim,interim,1315855,False
data/interim/step_05_rendered_page_044.png,figure,cross_town_or_not_applicable,data_interim,interim,964265,False
data/interim/step_05_rendered_page_078.png,figure,cross_town_or_not_applicable,data_interim,interim,1411282,False
data/interim/step_05_preprocessed_page_225.png,figure,cross_town_or_not_applicable,data_interim,interim,116875,False
data/interim/step_05_rendered_page_093.png,figure,cross_town_or_not_applicable,data_interim,interim,847907,False
data/interim/step_05_rendered_page_087.png,figure,cross_town_or_not_applicable,data_interim,interim,1363125,False
data/interim/step_05_preprocessed_page_231.png,figure,cross_town_or_not_applicable,data_interim,interim,71847,False
data/interim/step_05_preprocessed_page_219.png,figure,cross_town_or_not_applicable,data_interim,interim,128496,False
data/interim/step_05_rendered_page_124.png,figure,cross_town_or_not_applicable,data_interim,interim,1582562,False
data/interim/step_05_rendered_page_130.png,figure,cross_town_or_not_applicable,data_interim,interim,1286796,False
data/interim/step_05_rendered_page_118.png,figure,cross_town_or_not_applicable,data_interim,interim,1265956,False
data/interim/step_05_preprocessed_page_190.png,figure,cross_town_or_not_applicable,data_interim,interim,35200,False
data/interim/step_05_preprocessed_page_184.png,figure,cross_town_or_not_applicable,data_interim,interim,147689,False
data/interim/step_05_preprocessed_page_153.png,figure,cross_town_or_not_applicable,data_interim,interim,169351,False
data/interim/step_05_preprocessed_page_147.png,figure,cross_town_or_not_applicable,data_interim,interim,144379,False
data/processed/bridgeport_parking_full_13_building_type_recovery.csv,tabular_data,Bridgeport,data_processed,derived_other,10739,False
data/processed/bridgeport_v7_v12_master_use_table_addendum.parquet,tabular_data,Bridgeport,data_processed,additive_override,17231,False
data/processed/bridgeport_scenario_registry_addendum.csv,tabular_data,Bridgeport,data_processed,additive_override,563,False
data/processed/expanded_variable_final_evidence_profile_bridgeport_greenwich.csv,tabular_data,Bridgeport,data_processed,canonical_baseline,237671,True
data/processed/bridgeport_pilot_scenario_index_all_variants.csv,tabular_data,Bridgeport,data_processed,derived_other,8368,False
data/processed/expanded_variable_recovery_matrix_bridgeport_greenwich.csv,tabular_data,Bridgeport,data_processed,canonical_baseline,237671,True
data/processed/bridgeport_scenario_score_eligibility_universe.csv,tabular_data,Bridgeport,data_processed,derived_other,17329,True
data/processed/bridgeport_scenario_score_readiness_addendum.csv,tabular_data,Bridgeport,data_processed,additive_override,14025,False
data/processed/greenwich_residential_district_area_lookup.csv,tabular_data,Greenwich,data_processed,derived_other,6226,False
data/processed/expanded_variable_cross_reference_trail.csv,tabular_data,cross_town_or_not_applicable,data_processed,derived_other,30855,False
data/processed/canonical_variable_registry.csv,tabular_data,cross_town_or_not_applicable,data_processed,derived_other,5997,True
data/processed/fixed_variable_recovery_matrix_bridgeport_greenwich.csv,tabular_data,Bridgeport,data_processed,canonical_baseline,176415,True
data/processed/expanded_variable_dependency_map.csv,tabular_data,cross_town_or_not_applicable,data_processed,derived_other,1759,True
data/processed/repository_artifact_catalog.csv,tabular_data,cross_town_or_not_applicable,data_processed,derived_other,382317,False
data/processed/bridgeport_pilot_scenario_variable_scores.csv,tabular_data,Bridgeport,data_processed,derived_other,5865,False
data/processed/.gitkeep,other,cross_town_or_not_applicable,data_processed,derived_other,0,True
data/processed/bridgeport_v5_scenario_resolved_addendum.csv,tabular_data,Bridgeport,data_processed,additive_override,9814,False
data/processed/bridgeport_v7_v12_scenario_matched_for_scoring.csv,tabular_data,Bridgeport,data_processed,derived_other,40150,False
data/processed/expanded_variable_score_readiness.csv,tabular_data,cross_town_or_not_applicable,data_processed,derived_other,328,False
data/processed/expanded_variable_registry_v1.json,structured_data,cross_town_or_not_applicable,data_processed,derived_other,8097,False
data/processed/bridgeport_pilot_scenario_domain_scores.csv,tabular_data,Bridgeport,data_processed,derived_other,2511,False
data/processed/fixed_variable_override_audit.csv,tabular_data,cross_town_or_not_applicable,data_processed,additive_override,176415,True
data/processed/canonical_status_taxonomy.csv,tabular_data,cross_town_or_not_applicable,data_processed,derived_other,38419,False
data/processed/fixed_variable_cross_reference_trail.csv,tabular_data,cross_town_or_not_applicable,data_processed,derived_other,7854,False
data/processed/expanded_variable_manual_verification_log.csv,tabular_data,cross_town_or_not_applicable,data_processed,derived_other,141644,False
data/processed/bridgeport_parking_full_13_building_type_recovery.parquet,tabular_data,Bridgeport,data_processed,derived_other,8034,False
data/processed/expanded_variable_unresolved_investigation_trail.csv,tabular_data,cross_town_or_not_applicable,data_processed,derived_other,96408,False
data/processed/expanded_variable_registry_v1.csv,tabular_data,cross_town_or_not_applicable,data_processed,derived_other,5997,True
data/processed/fixed_variable_recovery_matrix_bridgeport_greenwich.parquet,tabular_data,Bridgeport,data_processed,canonical_baseline,34289,False
data/processed/fixed_variable_manual_verification_log.csv,tabular_data,cross_town_or_not_applicable,data_processed,derived_other,164566,False
data/processed/expanded_variable_scenario_aggregation_spec_draft.md,documentation,cross_town_or_not_applicable,data_processed,derived_other,1241,False
data/processed/greenwich_phase_2_manual_rule_review.csv,tabular_data,Greenwich,data_processed,derived_other,4476,True
data/processed/expanded_variable_override_audit.csv,tabular_data,cross_town_or_not_applicable,data_processed,additive_override,237671,True
data/processed/expanded_variable_recovery_matrix_bridgeport_greenwich.parquet,tabular_data,Bridgeport,data_processed,canonical_baseline,30162,False
data/processed/bridgeport_v7_v12_master_use_table_addendum.csv,tabular_data,Bridgeport,data_processed,additive_override,51514,False
data/processed/expanded_variable_scoring_rubrics_draft.csv,tabular_data,cross_town_or_not_applicable,data_processed,derived_other,4368,False
data/processed/repository_artifact_catalog.parquet,tabular_data,cross_town_or_not_applicable,data_processed,derived_other,182030,False
data/processed/expanded_variable_uncertainty_and_coverage_spec_draft.md,documentation,cross_town_or_not_applicable,data_processed,derived_other,894,False
data/processed/fixed_variable_final_evidence_profile_bridgeport_greenwich.csv,tabular_data,Bridgeport,data_processed,canonical_baseline,176415,True
data/interim/bridgeport/step_02_6_visual_table_raw_cells.parquet,tabular_data,Bridgeport,data_interim,interim,11812,False
data/interim/bridgeport/step_02_8_parking_completion_raw_cells.parquet,tabular_data,Bridgeport,data_interim,interim,7471,False
data/interim/bridgeport/step_02_6_visual_table_crop_inventory.csv,tabular_data,Bridgeport,data_interim,interim,8109,False
data/interim/bridgeport/step_07_hierarchy_nodes.parquet,tabular_data,Bridgeport,data_interim,interim,111442,False
data/interim/bridgeport/step_02_table_context.parquet,tabular_data,Bridgeport,data_interim,interim,77395,False
data/interim/bridgeport/step_05_unified_native_tokens.parquet,tabular_data,Bridgeport,data_interim,interim,5099189,False
data/interim/bridgeport/step_02_5_vlm_rule_candidates.parquet,tabular_data,Bridgeport,data_interim,interim,11026,False
data/interim/bridgeport/step_02_8_master_use_table_raw_cells.parquet,tabular_data,Bridgeport,data_interim,interim,15487,False
data/interim/bridgeport/step_05_normalized_document_text.txt,text,Bridgeport,data_interim,interim,735383,False
data/interim/bridgeport/step_02_5_vlm_crop_inventory.csv,tabular_data,Bridgeport,data_interim,interim,12158,False
data/interim/bridgeport/step_02_5_vlm_visual_packets.parquet,tabular_data,Bridgeport,data_interim,interim,11718,False
data/interim/bridgeport/step_02_7_building_siting_raw_cells.parquet,tabular_data,Bridgeport,data_interim,interim,10435,False
data/interim/bridgeport/step_01_5_repaired_hierarchy_nodes.parquet,tabular_data,Bridgeport,data_interim,interim,74545,False
data/interim/bridgeport/step_02_5_vlm_calibration_predictions.csv,tabular_data,Bridgeport,data_interim,interim,68,False
data/interim/bridgeport/step_02_5_vlm_calibration_reference_labels.csv,tabular_data,Bridgeport,data_interim,interim,1694,False
data/interim/bridgeport/step_02_raw_table_candidates.parquet,tabular_data,Bridgeport,data_interim,interim,484733,False
data/interim/bridgeport/step_02_table_cells.parquet,tabular_data,Bridgeport,data_interim,interim,64887,False
data/interim/bridgeport/step_02_6_visual_table_candidate_pages.csv,tabular_data,Bridgeport,data_interim,interim,1428,False
data/interim/bridgeport/step_05_text_spans.parquet,tabular_data,Bridgeport,data_interim,interim,1532054,False
data/interim/bridgeport/step_02_5_vlm_raw_responses.jsonl,structured_data,Bridgeport,data_interim,interim,0,True
data/interim/bridgeport/step_01_5_layout_ordered_tokens.parquet,tabular_data,Bridgeport,data_interim,interim,1229101,False
data/processed/pilot_scoring_input_v1/scoring_rubrics_draft_subset.csv,tabular_data,cross_town_or_not_applicable,data_processed,derived_other,3330,False
data/processed/pilot_scoring_input_v1/scenario_eligibility_universe.csv,tabular_data,cross_town_or_not_applicable,data_processed,derived_other,17329,True
data/processed/pilot_scoring_input_v1/dependency_map_subset.csv,tabular_data,cross_town_or_not_applicable,data_processed,derived_other,1759,True
data/processed/pilot_scoring_input_v1/manifest.json,structured_data,cross_town_or_not_applicable,data_processed,derived_other,1355,False
data/processed/pilot_scoring_input_v1/variable_registry_subset.csv,tabular_data,cross_town_or_not_applicable,data_processed,derived_other,4688,False
data/processed/greenwich/greenwich_phase_2_7_fixed_variable_recovery_addendum.csv,tabular_data,Greenwich,data_processed,additive_override,7319,False
data/processed/greenwich/greenwich_phase_2_8_expanded_variable_recovery_addendum.csv,tabular_data,Greenwich,data_processed,additive_override,9595,True
data/processed/greenwich/greenwich_phase_2_8_expanded_variable_override_audit.csv,tabular_data,Greenwich,data_processed,additive_override,9595,True
data/processed/bridgeport/bridgeport_all_district_classification.csv,tabular_data,Bridgeport,data_processed,derived_other,10022,False
data/processed/bridgeport/bridgeport_candidate_evidence_labels.csv,tabular_data,Bridgeport,data_processed,derived_other,112008,False
data/processed/bridgeport/step_09_diagram_or_unverified_table_candidates.csv,tabular_data,Bridgeport,data_processed,derived_other,105543,False
data/processed/bridgeport/bridgeport_all_district_rule_extractions.csv,tabular_data,Bridgeport,data_processed,derived_other,562839,False
data/processed/bridgeport/bridgeport_phase_2_manual_rule_review.csv,tabular_data,Bridgeport,data_processed,derived_other,287,False
data/processed/bridgeport/step_06_general_rule_library.parquet,tabular_data,Bridgeport,data_processed,derived_other,105735,False
data/processed/bridgeport/bridgeport_phase_2_6_evidence_profile_addendum.csv,tabular_data,Bridgeport,data_processed,additive_override,23469,False
data/processed/bridgeport/bridgeport_phase_2_6_visual_table_overrides.csv,tabular_data,Bridgeport,data_processed,additive_override,58948,False
data/processed/bridgeport/bridgeport_phase_2_6_visual_table_manual_verification.csv,tabular_data,Bridgeport,data_processed,derived_other,129224,False
data/processed/bridgeport/bridgeport_vlm_manual_verification.csv,tabular_data,Bridgeport,data_processed,derived_other,8247,False
data/processed/bridgeport/bridgeport_vlm_diagram_candidates.csv,tabular_data,Bridgeport,data_processed,derived_other,394,False
data/processed/bridgeport/bridgeport_all_district_rule_candidates.parquet,tabular_data,Bridgeport,data_processed,derived_other,27671,False
data/processed/bridgeport/bridgeport_phase_2_5_override_audit.csv,tabular_data,Bridgeport,data_processed,additive_override,243,False
data/processed/bridgeport/bridgeport_phase_2_6_comparability_addendum.csv,tabular_data,Bridgeport,data_processed,additive_override,29049,False
data/processed/bridgeport/bridgeport_phase_2_7_fixed_variable_recovery_addendum.csv,tabular_data,Bridgeport,data_processed,additive_override,169652,False
data/processed/bridgeport/bridgeport_phase_2_manual_override_audit.csv,tabular_data,Bridgeport,data_processed,additive_override,348,False
data/processed/bridgeport/bridgeport_gis_zone_crosswalk.csv,tabular_data,Bridgeport,data_processed,derived_other,1917,False
data/processed/bridgeport/bridgeport_all_district_comparability.csv,tabular_data,Bridgeport,data_processed,derived_other,178212,False
data/processed/bridgeport/step_07_dissolved_gross_area.csv,tabular_data,Bridgeport,data_processed,derived_other,388,False
data/processed/bridgeport/step_04_primary_district_blocks.parquet,tabular_data,Bridgeport,data_processed,derived_other,14214,False
data/processed/bridgeport/bridgeport_phase_2_evidence_profile.csv,tabular_data,Bridgeport,data_processed,canonical_baseline,592857,False
data/processed/bridgeport/bridgeport_phase_2_8_expanded_variable_override_audit.csv,tabular_data,Bridgeport,data_processed,additive_override,228457,True
data/processed/bridgeport/bridgeport_phase_2_6_visual_table_override_audit.csv,tabular_data,Bridgeport,data_processed,additive_override,133674,False
data/processed/bridgeport/bridgeport_all_district_scenarios.parquet,tabular_data,Bridgeport,data_processed,canonical_baseline,7823,False
data/processed/bridgeport/bridgeport_phase_2_5_verified_overrides.csv,tabular_data,Bridgeport,data_processed,additive_override,226,False
data/processed/bridgeport/bridgeport_final_evidence_bundles.parquet,tabular_data,Bridgeport,data_processed,derived_other,21251,False
data/processed/bridgeport/bridgeport_phase_2_5_evidence_profile_addendum.csv,tabular_data,Bridgeport,data_processed,additive_override,53,False
data/processed/bridgeport/bridgeport_all_district_rule_extractions.parquet,tabular_data,Bridgeport,data_processed,derived_other,33614,False
data/processed/bridgeport/bridgeport_phase_2_8_expanded_variable_recovery_addendum.csv,tabular_data,Bridgeport,data_processed,additive_override,228457,True
data/processed/bridgeport/bridgeport_final_evidence_bundles.csv,tabular_data,Bridgeport,data_processed,derived_other,28982,False
data/processed/bridgeport/step_00_scenario_aware_rule_schema.parquet,tabular_data,Bridgeport,data_processed,derived_other,26597,False
data/processed/bridgeport/bridgeport_phase_2_5_comparability_addendum.csv,tabular_data,Bridgeport,data_processed,additive_override,69,False
data/processed/bridgeport/bridgeport_district_metadata.csv,tabular_data,Bridgeport,data_processed,canonical_baseline,12381,False
data/raw/greenwich/greenwich_building_zone_regulations_full_2023-08.pdf,source_document,Greenwich,data_raw,baseline_raw_immutable,4314528,False
data/raw/greenwich/README.md,documentation,Greenwich,data_raw,baseline_raw_immutable,934,False
data/raw/greenwich/source_metadata.json,structured_data,Greenwich,data_raw,baseline_raw_immutable,2466,False
data/raw/bridgeport/README.md,documentation,Bridgeport,data_raw,baseline_raw_immutable,3033,False
data/raw/bridgeport/bridgeport_zoning_code_full_2022-01.pdf.pdf,source_document,Bridgeport,data_raw,baseline_raw_immutable,8703558,False
data/raw/bridgeport/source_metadata.json,structured_data,Bridgeport,data_raw,baseline_raw_immutable,3461,False
data/raw/reference/connecticut_zoning_atlas_harmonized.csv,tabular_data,cross_town_or_not_applicable,data_raw,baseline_raw_immutable,304,False
data/raw/greenwich_gis/greenwich_zone_boundaries.geojson,geospatial_data,Greenwich,data_raw,baseline_raw_immutable,2947159,False
data/raw/bridgeport/gis/bridgeport_zoning_districts_2021.geojson,geospatial_data,Bridgeport,data_raw,baseline_raw_immutable,2860866,False
outputs/tables/step_05_reconciliation_results.csv,tabular_data,cross_town_or_not_applicable,outputs_tables,derived_other,2607331,False
outputs/tables/step_18_district_registry_preview.csv,tabular_data,cross_town_or_not_applicable,outputs_tables,derived_other,8036,False
outputs/tables/step_15_district_table_row_matches.csv,tabular_data,cross_town_or_not_applicable,outputs_tables,derived_other,3784,True
outputs/tables/greenwich_legal_bert_diagnostic.csv,tabular_data,Greenwich,outputs_tables,derived_other,106,False
outputs/tables/greenwich_sensitivity_analysis.csv,tabular_data,Greenwich,outputs_tables,derived_other,47,False
outputs/tables/greenwich_rule_candidate_evidence.csv,tabular_data,Greenwich,outputs_tables,derived_other,18372,False
outputs/tables/step_15_dimensional_parameter_preview.csv,tabular_data,cross_town_or_not_applicable,outputs_tables,derived_other,2910,False
outputs/tables/bridgeport_pilot_sensitivity_correlation.csv,tabular_data,Bridgeport,outputs_tables,derived_other,212,False
outputs/tables/fixed_variable_comparability_matrix.csv,tabular_data,cross_town_or_not_applicable,outputs_tables,derived_other,309,False
outputs/tables/greenwich_town_rule_extractions.csv,tabular_data,Greenwich,outputs_tables,derived_other,8200,False
outputs/tables/expanded_variable_availability_diagnosis.csv,tabular_data,cross_town_or_not_applicable,outputs_tables,derived_other,311,False
outputs/tables/step_03_native_text_samples.csv,tabular_data,cross_town_or_not_applicable,outputs_tables,derived_other,1256,False
outputs/tables/step_05_ocr_target_pages.csv,tabular_data,cross_town_or_not_applicable,outputs_tables,derived_other,294954,True
outputs/tables/fixed_variable_missingness_diagnosis.csv,tabular_data,cross_town_or_not_applicable,outputs_tables,derived_other,271,False
outputs/tables/variable_score_readiness_validation_matrix.csv,tabular_data,cross_town_or_not_applicable,outputs_tables,derived_other,782,False
outputs/tables/step_14_matched_townwide_rules.csv,tabular_data,cross_town_or_not_applicable,outputs_tables,derived_other,6161965,False
outputs/tables/step_09_token_table_assignment_summary.csv,tabular_data,cross_town_or_not_applicable,outputs_tables,derived_other,104,False
outputs/tables/bridgeport_phase_2_8_final_validation.csv,tabular_data,Bridgeport,outputs_tables,derived_other,963,False
outputs/tables/step_06_token_counts_by_page.csv,tabular_data,cross_town_or_not_applicable,outputs_tables,derived_other,7460,False
outputs/tables/step_18_district_metadata.csv,tabular_data,cross_town_or_not_applicable,outputs_tables,derived_other,20199,True
outputs/tables/bridgeport_pilot_scenario_coverage_disclosure.csv,tabular_data,Bridgeport,outputs_tables,derived_other,2865,False
outputs/tables/step_06_token_counts_by_engine.csv,tabular_data,cross_town_or_not_applicable,outputs_tables,derived_other,117,False
outputs/tables/step_08_hierarchy_validation_results.csv,tabular_data,cross_town_or_not_applicable,outputs_tables,derived_other,483,False
outputs/tables/bridgeport_pilot_excluded_variables_panel.csv,tabular_data,Bridgeport,outputs_tables,derived_other,724,False
outputs/tables/fixed_variable_final_validation.csv,tabular_data,cross_town_or_not_applicable,outputs_tables,derived_other,673,False
outputs/tables/step_06_token_counts_by_table_status.csv,tabular_data,cross_town_or_not_applicable,outputs_tables,derived_other,90,False
outputs/tables/step_08_heading_density_by_page.csv,tabular_data,cross_town_or_not_applicable,outputs_tables,derived_other,7223,False
outputs/tables/expanded_variable_bridgeport_greenwich_evidence_comparison.md,documentation,Bridgeport,outputs_tables,derived_other,983,False
outputs/tables/fixed_variable_coverage_by_variable.csv,tabular_data,cross_town_or_not_applicable,outputs_tables,derived_other,380,False
outputs/tables/.gitkeep,other,cross_town_or_not_applicable,outputs_tables,derived_other,0,True
outputs/tables/step_04_lowest_quality_pages.csv,tabular_data,cross_town_or_not_applicable,outputs_tables,derived_other,8890,False
outputs/tables/step_10_district_registry.csv,tabular_data,cross_town_or_not_applicable,outputs_tables,derived_other,89904,False
outputs/tables/step_07_heading_candidates.csv,tabular_data,cross_town_or_not_applicable,outputs_tables,derived_other,1101839,False
outputs/tables/step_11_base_overlay_summary.csv,tabular_data,cross_town_or_not_applicable,outputs_tables,derived_other,91,False
outputs/tables/step_04_route_summary.csv,tabular_data,cross_town_or_not_applicable,outputs_tables,derived_other,317,False
outputs/tables/step_13_citation_normalization.csv,tabular_data,cross_town_or_not_applicable,outputs_tables,derived_other,228209,True
outputs/tables/greenwich_phase_2_conflict_audit.csv,tabular_data,Greenwich,outputs_tables,derived_other,12390,False
outputs/tables/expanded_variable_final_validation.csv,tabular_data,cross_town_or_not_applicable,outputs_tables,derived_other,921,False
outputs/tables/step_18_metadata_completeness.csv,tabular_data,cross_town_or_not_applicable,outputs_tables,derived_other,903,False
outputs/tables/step_06_unified_token_schema_check.csv,tabular_data,cross_town_or_not_applicable,outputs_tables,derived_other,891,False
outputs/tables/step_15_district_row_label_comparison.csv,tabular_data,cross_town_or_not_applicable,outputs_tables,derived_other,1568,False
outputs/tables/step_14_rule_applicability_matrix.csv,tabular_data,cross_town_or_not_applicable,outputs_tables,derived_other,38266,False
outputs/tables/expanded_variable_coverage_by_town.csv,tabular_data,cross_town_or_not_applicable,outputs_tables,derived_other,325,False
outputs/tables/step_10_district_anchor_frequency.csv,tabular_data,cross_town_or_not_applicable,outputs_tables,derived_other,422,False
outputs/tables/expanded_variable_score_readiness_summary.csv,tabular_data,cross_town_or_not_applicable,outputs_tables,derived_other,320,False
outputs/tables/fixed_variable_bridgeport_greenwich_evidence_comparison.md,documentation,Bridgeport,outputs_tables,derived_other,839,False
outputs/tables/greenwich_phase_2_auxiliary_evidence.csv,tabular_data,Greenwich,outputs_tables,derived_other,2207,False
outputs/tables/step_16_source_type_contributions.csv,tabular_data,cross_town_or_not_applicable,outputs_tables,derived_other,144,False
outputs/tables/step_16_district_evidence_bundles.csv,tabular_data,cross_town_or_not_applicable,outputs_tables,derived_other,158950,False
outputs/tables/step_04_page_quality_scores.csv,tabular_data,cross_town_or_not_applicable,outputs_tables,derived_other,294954,True
outputs/tables/step_07_hierarchy_node_counts.csv,tabular_data,cross_town_or_not_applicable,outputs_tables,derived_other,97,False
outputs/tables/greenwich_phase_2_manual_override_audit.csv,tabular_data,Greenwich,outputs_tables,additive_override,3126,False
outputs/tables/step_07_hierarchy_outline.csv,tabular_data,cross_town_or_not_applicable,outputs_tables,derived_other,6346,False
outputs/tables/step_11_district_registry_base_overlay.csv,tabular_data,cross_town_or_not_applicable,outputs_tables,derived_other,94699,False
outputs/tables/step_17_conflict_log.csv,tabular_data,cross_town_or_not_applicable,outputs_tables,derived_other,44302,True
outputs/tables/bridgeport_phase_3_pilot_scoring_final_validation.csv,tabular_data,Bridgeport,outputs_tables,derived_other,969,False
outputs/tables/step_09_table_inventory.csv,tabular_data,cross_town_or_not_applicable,outputs_tables,derived_other,19410,False
outputs/tables/expanded_variable_coverage_by_variable.csv,tabular_data,cross_town_or_not_applicable,outputs_tables,derived_other,515,False
outputs/tables/step_12_primary_text_coverage.csv,tabular_data,cross_town_or_not_applicable,outputs_tables,derived_other,9207,False
outputs/tables/expanded_variable_recovery_method_summary.csv,tabular_data,cross_town_or_not_applicable,outputs_tables,derived_other,1024,False
outputs/tables/step_01_configuration_summary.csv,tabular_data,cross_town_or_not_applicable,outputs_tables,derived_other,1358,False
outputs/tables/step_13_district_reference_summary.csv,tabular_data,cross_town_or_not_applicable,outputs_tables,derived_other,11929,False
outputs/tables/fixed_variable_coverage_by_town.csv,tabular_data,cross_town_or_not_applicable,outputs_tables,derived_other,283,False
outputs/tables/fixed_variable_recovery_method_summary.csv,tabular_data,cross_town_or_not_applicable,outputs_tables,derived_other,696,False
outputs/tables/step_09_table_validation.csv,tabular_data,cross_town_or_not_applicable,outputs_tables,derived_other,7941,False
outputs/tables/expanded_variable_comparability_matrix.csv,tabular_data,cross_town_or_not_applicable,outputs_tables,derived_other,384,False
outputs/tables/greenwich_town_rule_extractions.parquet,tabular_data,Greenwich,outputs_tables,derived_other,25416,False
outputs/tables/greenwich_phase_2_validation_summary.csv,tabular_data,Greenwich,outputs_tables,derived_other,174,False
outputs/tables/greenwich_scoring_blockers.csv,tabular_data,Greenwich,outputs_tables,derived_other,193,False
outputs/tables/step_14_townwide_rule_library.csv,tabular_data,cross_town_or_not_applicable,outputs_tables,derived_other,121412,False
outputs/tables/expanded_variable_dependency_summary.csv,tabular_data,cross_town_or_not_applicable,outputs_tables,derived_other,144,False
outputs/tables/step_17_bundle_conflict_summary.csv,tabular_data,cross_town_or_not_applicable,outputs_tables,derived_other,1954,False
outputs/tables/step_12_district_primary_blocks.csv,tabular_data,cross_town_or_not_applicable,outputs_tables,derived_other,28161,False
outputs/tables/bridgeport_phase_3_integration_final_validation.csv,tabular_data,Bridgeport,outputs_tables,derived_other,1192,False
outputs/tables/step_03_native_extraction_diagnostics.csv,tabular_data,cross_town_or_not_applicable,outputs_tables,derived_other,486,False
outputs/tables/greenwich_dominant_district_decision.csv,tabular_data,Greenwich,outputs_tables,derived_other,426,False
outputs/tables/step_03_native_page_summary.csv,tabular_data,cross_town_or_not_applicable,outputs_tables,derived_other,181445,False
outputs/tables/variable_registry_validation_matrix.csv,tabular_data,cross_town_or_not_applicable,outputs_tables,derived_other,597,False
outputs/tables/notebook_13_completion_checklist.csv,tabular_data,cross_town_or_not_applicable,outputs_tables,derived_other,2622,False
outputs/tables/step_17_conflict_counts_by_district.csv,tabular_data,cross_town_or_not_applicable,outputs_tables,derived_other,841,False
outputs/logs/repository_finalization_manifest.json,structured_data,cross_town_or_not_applicable,outputs_logs,manifest_log,7839,False
outputs/logs/phase_2_run_log.json,structured_data,cross_town_or_not_applicable,outputs_logs,manifest_log,296,False
outputs/logs/step_18_metadata_gis_log.json,structured_data,cross_town_or_not_applicable,outputs_logs,manifest_log,216,False
outputs/logs/step_14_townwide_rule_log.json,structured_data,cross_town_or_not_applicable,outputs_logs,manifest_log,184,False
outputs/logs/step_17_conflict_resolution_log.json,structured_data,cross_town_or_not_applicable,outputs_logs,manifest_log,157,False
outputs/logs/phase_2_input_validation_log.json,structured_data,cross_town_or_not_applicable,outputs_logs,manifest_log,5692,False
outputs/logs/phase_3_run_log.json,structured_data,cross_town_or_not_applicable,outputs_logs,manifest_log,207,False
outputs/logs/.gitkeep,other,cross_town_or_not_applicable,outputs_logs,manifest_log,0,True
outputs/logs/step_04_page_quality_routing_log.json,structured_data,cross_town_or_not_applicable,outputs_logs,manifest_log,2743,False
outputs/logs/phase_2_dominant_district_log.json,structured_data,cross_town_or_not_applicable,outputs_logs,manifest_log,524,False
outputs/logs/expanded_variable_recovery_and_score_readiness_manifest.json,structured_data,cross_town_or_not_applicable,outputs_logs,manifest_log,3097,False
outputs/logs/step_05_ocr_reconciliation_log.json,structured_data,cross_town_or_not_applicable,outputs_logs,manifest_log,2036,False
outputs/logs/step_03_native_extraction_log.json,structured_data,cross_town_or_not_applicable,outputs_logs,manifest_log,1246,False
outputs/logs/combined_phase_2_phase_3_manifest.json,structured_data,cross_town_or_not_applicable,outputs_logs,manifest_log,1690,False
outputs/logs/fixed_variable_targeted_recovery_manifest.json,structured_data,cross_town_or_not_applicable,outputs_logs,manifest_log,1862,False
outputs/logs/step_06_unified_token_log.json,structured_data,cross_town_or_not_applicable,outputs_logs,manifest_log,660,False
outputs/logs/greenwich_prototype_final_run_log.json,structured_data,Greenwich,outputs_logs,manifest_log,2078,False
outputs/logs/step_07_hierarchy_log.json,structured_data,cross_town_or_not_applicable,outputs_logs,manifest_log,315,False
outputs/logs/step_09_table_parsing_log.json,structured_data,cross_town_or_not_applicable,outputs_logs,manifest_log,529,False
outputs/review/step_08_misordered_hierarchy_edges.csv,tabular_data,cross_town_or_not_applicable,outputs_review,review,1,True
outputs/review/step_08_orphan_nodes.csv,tabular_data,cross_town_or_not_applicable,outputs_review,review,119,True
outputs/review/step_13_reference_cycles.csv,tabular_data,cross_town_or_not_applicable,outputs_review,review,9328,False
outputs/review/reproducibility_gaps.csv,tabular_data,cross_town_or_not_applicable,outputs_review,review,2142,False
outputs/review/fixed_variable_noncomparable_formats.csv,tabular_data,cross_town_or_not_applicable,outputs_review,review,47912,False
outputs/review/fixed_variable_manual_legal_review.csv,tabular_data,cross_town_or_not_applicable,outputs_review,review,1226,True
outputs/review/expanded_variable_shared_rule_dependencies.csv,tabular_data,cross_town_or_not_applicable,outputs_review,review,293,False
outputs/review/step_13_unresolved_references.csv,tabular_data,cross_town_or_not_applicable,outputs_review,review,226760,False
outputs/review/greenwich_phase_2_missing_uncertain_evidence.csv,tabular_data,Greenwich,outputs_review,review,1584,False
outputs/review/integrity_test_results.csv,tabular_data,cross_town_or_not_applicable,outputs_review,review,990,False
outputs/review/fixed_variable_pending_visual_recovery.csv,tabular_data,cross_town_or_not_applicable,outputs_review,review,12405,False
outputs/review/expanded_variable_v9_v12_evidence_records.csv,tabular_data,cross_town_or_not_applicable,outputs_review,review,5456,False
outputs/review/expanded_variable_pending_visual_recovery.csv,tabular_data,cross_town_or_not_applicable,outputs_review,review,13596,False
outputs/review/expanded_variable_manual_legal_review.csv,tabular_data,cross_town_or_not_applicable,outputs_review,review,24977,False
outputs/review/.gitkeep,other,cross_town_or_not_applicable,outputs_review,review,0,True
outputs/review/expanded_variable_genuine_absence_justifications.csv,tabular_data,cross_town_or_not_applicable,outputs_review,review,39243,False
outputs/review/fixed_variable_bridgeport_v7_structural_finding.csv,tabular_data,Bridgeport,outputs_review,review,786,False
outputs/review/fixed_variable_phase2_coverage_corrections.csv,tabular_data,cross_town_or_not_applicable,outputs_review,additive_override,476,False
outputs/review/bridgeport_visual_table_recovery_audit.csv,tabular_data,Bridgeport,outputs_review,review,1225,False
outputs/review/provenance_completeness_audit.csv,tabular_data,cross_town_or_not_applicable,outputs_review,review,531,False
outputs/review/fixed_variable_unresolved_cross_references.csv,tabular_data,cross_town_or_not_applicable,outputs_review,review,1226,True
outputs/review/step_14_townwide_rule_scope_ambiguity.csv,tabular_data,cross_town_or_not_applicable,outputs_review,review,19471,False
outputs/review/step_05_changed_or_uncertain_reconciliation_pages.csv,tabular_data,cross_town_or_not_applicable,outputs_review,review,316490,False
outputs/review/expanded_variable_v9_v12_term_search.csv,tabular_data,cross_town_or_not_applicable,outputs_review,review,1360,False
outputs/review/step_17_manual_conflict_review_queue.csv,tabular_data,cross_town_or_not_applicable,outputs_review,review,217,True
outputs/review/notebook_execution_audit.csv,tabular_data,cross_town_or_not_applicable,outputs_review,review,1000,False
outputs/review/fixed_variable_genuine_absence_justifications.csv,tabular_data,cross_town_or_not_applicable,outputs_review,review,26841,False
outputs/review/expanded_variable_noncomparable_formats.csv,tabular_data,cross_town_or_not_applicable,outputs_review,review,62974,False
outputs/review/gis_crosswalk_reconciliation.csv,tabular_data,cross_town_or_not_applicable,outputs_review,review,1291,False
outputs/review/expanded_variable_rejected_candidates.csv,tabular_data,cross_town_or_not_applicable,outputs_review,review,337,False
outputs/review/greenwich_phase_2_review_queue.csv,tabular_data,Greenwich,outputs_review,review,3501,False
outputs/review/step_11_uncertain_district_classifications.csv,tabular_data,cross_town_or_not_applicable,outputs_review,review,30109,False
outputs/review/step_15_district_table_match_exceptions.csv,tabular_data,cross_town_or_not_applicable,outputs_review,review,553,False
outputs/review/expanded_variable_not_score_ready.csv,tabular_data,cross_town_or_not_applicable,outputs_review,review,82372,False
outputs/review/genuine_absence_audit.csv,tabular_data,cross_town_or_not_applicable,outputs_review,review,152,False
outputs/review/legal_semantic_validation_findings.csv,tabular_data,cross_town_or_not_applicable,outputs_review,review,597,False
outputs/review/fixed_variable_rejected_candidates.csv,tabular_data,cross_town_or_not_applicable,outputs_review,review,556,False
outputs/review/expanded_variable_unresolved_cross_references.csv,tabular_data,cross_town_or_not_applicable,outputs_review,review,1010,False
outputs/figures/step_09_table_overlay_page_242.png,figure,cross_town_or_not_applicable,outputs_figures,derived_other,219557,False
outputs/figures/expanded_variable_comparability_heatmap.png,figure,cross_town_or_not_applicable,outputs_figures,derived_other,85234,False
outputs/figures/expanded_variable_coverage_heatmap.png,figure,cross_town_or_not_applicable,outputs_figures,derived_other,59059,False
outputs/figures/step_09_table_overlay_page_120.png,figure,cross_town_or_not_applicable,outputs_figures,derived_other,451301,False
outputs/figures/expanded_variable_evidence_confidence.png,figure,cross_town_or_not_applicable,outputs_figures,derived_other,31548,False
outputs/figures/step_04_quality_score_distribution.png,figure,cross_town_or_not_applicable,outputs_figures,derived_other,87312,False
outputs/figures/step_03_native_word_bbox_overlay_page_313.png,figure,cross_town_or_not_applicable,outputs_figures,derived_other,585105,False
outputs/figures/step_09_table_overlay_page_241.png,figure,cross_town_or_not_applicable,outputs_figures,derived_other,160271,False
outputs/figures/expanded_variable_recovery_method_by_variable.png,figure,cross_town_or_not_applicable,outputs_figures,derived_other,42708,False
outputs/figures/step_10_anchor_RA_4_page_077.png,figure,cross_town_or_not_applicable,outputs_figures,derived_other,1792424,False
outputs/figures/step_10_anchor_R_12_page_077.png,figure,cross_town_or_not_applicable,outputs_figures,derived_other,1792340,False
outputs/figures/step_10_anchor_RA_2_page_077.png,figure,cross_town_or_not_applicable,outputs_figures,derived_other,1792621,False
outputs/figures/step_09_table_overlay_page_119.png,figure,cross_town_or_not_applicable,outputs_figures,derived_other,419827,False
outputs/figures/step_08_hierarchy_depth_histogram.png,figure,cross_town_or_not_applicable,outputs_figures,derived_other,49070,False
outputs/figures/fixed_variable_coverage_heatmap.png,figure,cross_town_or_not_applicable,outputs_figures,derived_other,48401,False
outputs/figures/step_05_ocr_word_bbox_overlay_page_246.png,figure,cross_town_or_not_applicable,outputs_figures,derived_other,1015671,False
outputs/figures/step_04_risk_page_preview_240.png,figure,cross_town_or_not_applicable,outputs_figures,derived_other,628214,False
outputs/figures/step_12_primary_text_word_counts.png,figure,cross_town_or_not_applicable,outputs_figures,derived_other,78691,False
outputs/figures/step_19_evidence_composition_by_district.png,figure,cross_town_or_not_applicable,outputs_figures,derived_other,86525,False
outputs/figures/step_05_ocr_word_bbox_overlay_page_045.png,figure,cross_town_or_not_applicable,outputs_figures,derived_other,100568,False
outputs/figures/step_09_table_overlay_page_234.png,figure,cross_town_or_not_applicable,outputs_figures,derived_other,612149,False
outputs/figures/fixed_variable_evidence_confidence.png,figure,cross_town_or_not_applicable,outputs_figures,derived_other,24742,False
outputs/figures/.gitkeep,other,cross_town_or_not_applicable,outputs_figures,derived_other,0,True
outputs/figures/step_10_district_anchor_frequency.png,figure,cross_town_or_not_applicable,outputs_figures,derived_other,68944,False
outputs/figures/step_16_evidence_bundle_summary.png,figure,cross_town_or_not_applicable,outputs_figures,derived_other,120012,False
outputs/figures/step_18_district_gis_review_map.png,figure,cross_town_or_not_applicable,outputs_figures,derived_other,523229,False
outputs/figures/step_05_ocr_confidence_distribution.png,figure,cross_town_or_not_applicable,outputs_figures,derived_other,83519,False
outputs/figures/step_09_table_overlay_page_233.png,figure,cross_town_or_not_applicable,outputs_figures,derived_other,572719,False
outputs/figures/step_04_risk_page_preview_246.png,figure,cross_town_or_not_applicable,outputs_figures,derived_other,1277794,False
outputs/figures/step_03_native_word_bbox_overlay_page_001.png,figure,cross_town_or_not_applicable,outputs_figures,derived_other,942996,False
outputs/figures/phase2_section03_dominant_district_area.png,figure,cross_town_or_not_applicable,outputs_figures,derived_other,65817,False
outputs/figures/step_04_risk_page_preview_244.png,figure,cross_town_or_not_applicable,outputs_figures,derived_other,430593,False
outputs/figures/step_04_risk_page_preview_249.png,figure,cross_town_or_not_applicable,outputs_figures,derived_other,902399,False
outputs/figures/phase2_section08_review_status_breakdown.png,figure,cross_town_or_not_applicable,outputs_figures,derived_other,74270,False
outputs/figures/expanded_variable_dependency_map.png,figure,cross_town_or_not_applicable,outputs_figures,derived_other,65519,False
outputs/figures/step_04_risk_page_preview_248.png,figure,cross_town_or_not_applicable,outputs_figures,derived_other,1013688,False
outputs/figures/fixed_variable_recovery_method_by_variable.png,figure,cross_town_or_not_applicable,outputs_figures,derived_other,61684,False
outputs/figures/step_08_heading_density_by_page.png,figure,cross_town_or_not_applicable,outputs_figures,derived_other,69686,False
outputs/figures/phase2_section08_candidate_evidence_counts.png,figure,cross_town_or_not_applicable,outputs_figures,derived_other,157004,False
outputs/figures/step_03_native_words_per_page.png,figure,cross_town_or_not_applicable,outputs_figures,derived_other,89381,False
outputs/figures/step_05_ocr_word_bbox_overlay_page_248.png,figure,cross_town_or_not_applicable,outputs_figures,derived_other,898728,False
outputs/figures/expanded_variable_score_readiness.png,figure,cross_town_or_not_applicable,outputs_figures,derived_other,56239,False
outputs/figures/phase2_section08_extraction_confidence.png,figure,cross_town_or_not_applicable,outputs_figures,derived_other,98526,False
outputs/figures/fixed_variable_comparability_heatmap.png,figure,cross_town_or_not_applicable,outputs_figures,derived_other,78566,False
outputs/figures/step_05_ocr_word_bbox_overlay_page_288.png,figure,cross_town_or_not_applicable,outputs_figures,derived_other,1296411,False
outputs/figures/step_03_native_word_bbox_overlay_page_156.png,figure,cross_town_or_not_applicable,outputs_figures,derived_other,1683877,False
outputs/figures/step_04_page_quality_routing.png,figure,cross_town_or_not_applicable,outputs_figures,derived_other,173590,False
outputs/figures/step_19_citation_resolution_breakdown.png,figure,cross_town_or_not_applicable,outputs_figures,derived_other,94927,False
outputs/figures/step_02_document_fingerprint_page_001.png,figure,cross_town_or_not_applicable,outputs_figures,derived_other,1643419,False
outputs/figures/fixed_variable_missingness_before_after.png,figure,cross_town_or_not_applicable,outputs_figures,derived_other,63544,False
outputs/figures/step_07_hierarchy_subtree.png,figure,cross_town_or_not_applicable,outputs_figures,derived_other,290171,False
outputs/figures/step_01_source_page_001_preview.png,figure,cross_town_or_not_applicable,outputs_figures,derived_other,984896,False
outputs/figures/step_13_cross_reference_graph.png,figure,cross_town_or_not_applicable,outputs_figures,derived_other,113620,False
outputs/figures/step_10_anchor_R_6_page_084.png,figure,cross_town_or_not_applicable,outputs_figures,derived_other,1867200,False
outputs/figures/step_05_ocr_word_bbox_overlay_page_015.png,figure,cross_town_or_not_applicable,outputs_figures,derived_other,102204,False
outputs/figures/step_10_anchor_R_20_page_077.png,figure,cross_town_or_not_applicable,outputs_figures,derived_other,1792755,False
outputs/figures/expanded_variable_availability_diagnosis.png,figure,cross_town_or_not_applicable,outputs_figures,derived_other,68643,False
outputs/figures/step_10_anchor_RA_1_page_077.png,figure,cross_town_or_not_applicable,outputs_figures,derived_other,1792344,False
outputs/figures/step_19_collection_quality_dashboard.png,figure,cross_town_or_not_applicable,outputs_figures,derived_other,221399,False
outputs/tables/final_collection_deliverables/audit_unified_tokens.parquet,tabular_data,cross_town_or_not_applicable,outputs_tables,derived_other,5553178,True
outputs/tables/final_collection_deliverables/audit_citations.csv,tabular_data,cross_town_or_not_applicable,outputs_tables,derived_other,228209,True
outputs/tables/final_collection_deliverables/audit_conflict_log.csv,tabular_data,cross_town_or_not_applicable,outputs_tables,derived_other,44302,True
outputs/tables/final_collection_deliverables/greenwich_collection_audit_manifest.json,structured_data,Greenwich,outputs_tables,derived_other,2838,False
outputs/tables/final_collection_deliverables/greenwich_district_evidence_bundles.json,structured_data,Greenwich,outputs_tables,derived_other,177562,False
outputs/tables/final_collection_deliverables/greenwich_district_evidence_bundles.csv,tabular_data,Greenwich,outputs_tables,derived_other,165212,False
outputs/tables/final_collection_deliverables/audit_table_cells.parquet,tabular_data,cross_town_or_not_applicable,outputs_tables,derived_other,93034,True
outputs/tables/final_collection_deliverables/audit_table_inventory.csv,tabular_data,cross_town_or_not_applicable,outputs_tables,derived_other,19768,False
outputs/tables/final_collection_deliverables/greenwich_district_metadata.csv,tabular_data,Greenwich,outputs_tables,derived_other,20199,True
outputs/tables/final_collection_deliverables/audit_manual_conflict_review_queue.csv,tabular_data,cross_town_or_not_applicable,outputs_tables,derived_other,217,True
outputs/tables/final_collection_deliverables/greenwich_collection_quality_report.csv,tabular_data,Greenwich,outputs_tables,derived_other,667,False
outputs/tables/final_collection_deliverables/greenwich_district_evidence_bundles.parquet,tabular_data,Greenwich,outputs_tables,derived_other,38210,False
outputs/tables/final_collection_deliverables/audit_hierarchy_nodes.parquet,tabular_data,cross_town_or_not_applicable,outputs_tables,derived_other,114143,True
outputs/tables/final_collection_deliverables/audit_district_table_matches.csv,tabular_data,cross_town_or_not_applicable,outputs_tables,derived_other,3784,True
outputs/tables/greenwich_prototype_final/greenwich_prototype_scoring_rubric.csv,tabular_data,Greenwich,outputs_tables,derived_other,1766,False
outputs/tables/greenwich_prototype_final/greenwich_rule_extraction_audit.csv,tabular_data,Greenwich,outputs_tables,derived_other,17492,False
outputs/tables/greenwich_prototype_final/greenwich_prototype_score_summary.csv,tabular_data,Greenwich,outputs_tables,derived_other,326,False
outputs/tables/greenwich_prototype_final/greenwich_prototype_score_components.csv,tabular_data,Greenwich,outputs_tables,derived_other,1087,False
outputs/tables/greenwich_prototype_final/greenwich_manual_review_history.csv,tabular_data,Greenwich,outputs_tables,derived_other,4476,True
outputs/tables/greenwich_prototype_final/greenwich_evidence_profile.csv,tabular_data,Greenwich,outputs_tables,derived_other,4636,False
outputs/tables/bridgeport/step_02_5_final_validation.csv,tabular_data,Bridgeport,outputs_tables,derived_other,862,False
outputs/tables/bridgeport/step_10_final_validation_results.csv,tabular_data,Bridgeport,outputs_tables,derived_other,452,False
outputs/tables/bridgeport/step_06_heading_candidates.csv,tabular_data,Bridgeport,outputs_tables,derived_other,787279,False
outputs/tables/bridgeport/step_07_gis_inventory.csv,tabular_data,Bridgeport,outputs_tables,derived_other,133,False
outputs/tables/bridgeport/step_00_conflict_reclassification.csv,tabular_data,Bridgeport,outputs_tables,derived_other,25417,True
outputs/tables/bridgeport/step_02_phase_2_comparability_summary.csv,tabular_data,Bridgeport,outputs_tables,derived_other,1593,False
outputs/tables/bridgeport/step_02_phase_2_final_validation.csv,tabular_data,Bridgeport,outputs_tables,derived_other,585,False
outputs/tables/bridgeport/step_02_6_detector_gap_summary.csv,tabular_data,Bridgeport,outputs_tables,derived_other,263,False
outputs/tables/bridgeport/step_02_6_greenwich_bridgeport_addendum.md,documentation,Bridgeport,outputs_tables,additive_override,2070,False
outputs/tables/bridgeport/step_02_5_targeted_page_inventory.csv,tabular_data,Bridgeport,outputs_tables,derived_other,1123,False
outputs/tables/bridgeport/step_02_phase_2_status_summary.csv,tabular_data,Bridgeport,outputs_tables,derived_other,1323,False
outputs/tables/bridgeport/step_08_hierarchy_validation_results.csv,tabular_data,Bridgeport,outputs_tables,derived_other,428,False
outputs/tables/bridgeport/step_02_6_table_family_inventory.csv,tabular_data,Bridgeport,outputs_tables,derived_other,2674,False
outputs/tables/bridgeport/step_02_table_title_associations.csv,tabular_data,Bridgeport,outputs_tables,derived_other,31220,False
outputs/tables/bridgeport/step_05_citations.csv,tabular_data,Bridgeport,outputs_tables,derived_other,106282,False
outputs/tables/bridgeport/step_08_page_coverage.csv,tabular_data,Bridgeport,outputs_tables,derived_other,445,False
outputs/tables/bridgeport/step_02_phase_2_scenario_summary.csv,tabular_data,Bridgeport,outputs_tables,derived_other,2034,False
outputs/tables/bridgeport/step_01_5_hierarchy_change_summary.csv,tabular_data,Bridgeport,outputs_tables,derived_other,126,False
outputs/tables/bridgeport/step_04_long_block_outlier_report.csv,tabular_data,Bridgeport,outputs_tables,derived_other,564,False
outputs/tables/bridgeport/step_04_page_quality_and_routing.csv,tabular_data,Bridgeport,outputs_tables,derived_other,189006,False
outputs/tables/bridgeport/step_02_table_detection_by_page.csv,tabular_data,Bridgeport,outputs_tables,derived_other,7243,False
outputs/tables/bridgeport/step_02_table_header_diagnostics.csv,tabular_data,Bridgeport,outputs_tables,derived_other,12320,False
outputs/tables/bridgeport/step_02_6_variable_coverage_reassessment.csv,tabular_data,Bridgeport,outputs_tables,derived_other,602,False
outputs/tables/bridgeport/step_07_historic_overlay_summary.csv,tabular_data,Bridgeport,outputs_tables,derived_other,62,False
outputs/tables/bridgeport/step_01_5_parent_change_detail.csv,tabular_data,Bridgeport,outputs_tables,derived_other,531,False
outputs/tables/bridgeport/bridgeport_greenwich_exploratory_comparison.md,documentation,Bridgeport,outputs_tables,derived_other,3247,False
outputs/tables/bridgeport/step_00_gis_unmatched_code_classification.csv,tabular_data,Bridgeport,outputs_tables,derived_other,2280,False
outputs/tables/bridgeport/step_02_phase_2_held_district_summary.csv,tabular_data,Bridgeport,outputs_tables,derived_other,4928,True
outputs/tables/bridgeport/step_07_hierarchy_node_counts.csv,tabular_data,Bridgeport,outputs_tables,derived_other,99,False
outputs/tables/bridgeport/step_07_hierarchy_outline.csv,tabular_data,Bridgeport,outputs_tables,derived_other,12859,False
outputs/tables/bridgeport/step_02_6_recovered_dimensional_standards.csv,tabular_data,Bridgeport,outputs_tables,derived_other,8549,False
outputs/tables/bridgeport/step_03_district_registry.csv,tabular_data,Bridgeport,outputs_tables,derived_other,8028,False
outputs/tables/bridgeport/step_02_table_type_candidates.csv,tabular_data,Bridgeport,outputs_tables,derived_other,24490,False
outputs/tables/bridgeport/step_08_evidence_completeness.csv,tabular_data,Bridgeport,outputs_tables,derived_other,792,False
outputs/tables/bridgeport/step_08_bundle_source_type_contribution.csv,tabular_data,Bridgeport,outputs_tables,derived_other,20920,False
outputs/tables/bridgeport/step_02_table_row_column_diagnostics.csv,tabular_data,Bridgeport,outputs_tables,derived_other,12925,False
outputs/tables/bridgeport/step_02_phase_2_variable_summary.csv,tabular_data,Bridgeport,outputs_tables,derived_other,752,False
outputs/tables/bridgeport/step_01_5_reading_order_comparison.csv,tabular_data,Bridgeport,outputs_tables,derived_other,7722,False
outputs/tables/bridgeport/step_03_raw_district_candidates.csv,tabular_data,Bridgeport,outputs_tables,derived_other,58563,False
outputs/tables/bridgeport/step_04_district_primary_text_coverage.csv,tabular_data,Bridgeport,outputs_tables,derived_other,2305,False
outputs/tables/bridgeport/step_09_collection_quality_report.json,structured_data,Bridgeport,outputs_tables,derived_other,1286,False
outputs/tables/bridgeport/step_05_cross_reference_summary.csv,tabular_data,Bridgeport,outputs_tables,derived_other,105,False
outputs/tables/bridgeport/step_06_explicit_applicability_matrix.csv,tabular_data,Bridgeport,outputs_tables,derived_other,11556,False
outputs/tables/bridgeport/step_04_source_page_coverage.csv,tabular_data,Bridgeport,outputs_tables,derived_other,381,False
outputs/tables/bridgeport/step_01_5_page_layout_detection.csv,tabular_data,Bridgeport,outputs_tables,derived_other,51371,False
outputs/tables/bridgeport/step_08_conflict_candidate_audit.csv,tabular_data,Bridgeport,outputs_tables,derived_other,43230,False
outputs/tables/bridgeport/bridgeport_greenwich_exploratory_comparison.csv,tabular_data,Bridgeport,outputs_tables,derived_other,2713,False
outputs/tables/bridgeport/step_02_table_inventory.csv,tabular_data,Bridgeport,outputs_tables,derived_other,112384,False
outputs/tables/bridgeport/step_02_6_final_validation.csv,tabular_data,Bridgeport,outputs_tables,derived_other,664,False
outputs/tables/bridgeport/step_02_phase_2_conflict_log.csv,tabular_data,Bridgeport,outputs_tables,derived_other,25417,True
outputs/logs/bridgeport/step_05_citations_log.json,structured_data,Bridgeport,outputs_logs,manifest_log,445,False
outputs/logs/bridgeport/step_04_primary_blocks_log.json,structured_data,Bridgeport,outputs_logs,manifest_log,360,False
outputs/logs/bridgeport/step_08_evidence_bundles_log.json,structured_data,Bridgeport,outputs_logs,manifest_log,382,False
outputs/logs/bridgeport/step_01_09_collection_stage_1_log.json,structured_data,Bridgeport,outputs_logs,manifest_log,580,False
outputs/logs/bridgeport/bridgeport_phase_3_integration_manifest.json,structured_data,Bridgeport,outputs_logs,manifest_log,1558,False
outputs/logs/bridgeport/bridgeport_phase_3_pilot_scoring_manifest.json,structured_data,Bridgeport,outputs_logs,manifest_log,1768,False
outputs/logs/bridgeport/step_00_scenario_readiness_report.json,structured_data,Bridgeport,outputs_logs,manifest_log,1288,False
outputs/logs/bridgeport/bridgeport_collection_manifest.json,structured_data,Bridgeport,outputs_logs,manifest_log,2067,False
outputs/logs/bridgeport/bridgeport_phase_2_6_visual_table_recovery_manifest.json,structured_data,Bridgeport,outputs_logs,manifest_log,1842,False
outputs/logs/bridgeport/step_08_conflict_log.json,structured_data,Bridgeport,outputs_logs,manifest_log,304,False
outputs/logs/bridgeport/step_07_gis_crosswalk_log.json,structured_data,Bridgeport,outputs_logs,manifest_log,469,False
outputs/logs/bridgeport/step_02_table_parsing_log.json,structured_data,Bridgeport,outputs_logs,manifest_log,908,False
outputs/logs/bridgeport/step_06_rule_library_log.json,structured_data,Bridgeport,outputs_logs,manifest_log,629,False
outputs/logs/bridgeport/step_01_5_reading_order_repair_log.json,structured_data,Bridgeport,outputs_logs,manifest_log,632,False
outputs/logs/bridgeport/step_03_district_taxonomy_log.json,structured_data,Bridgeport,outputs_logs,manifest_log,878,False
outputs/logs/bridgeport/bridgeport_phase_2_manifest.json,structured_data,Bridgeport,outputs_logs,manifest_log,1600,False
outputs/logs/bridgeport/bridgeport_phase_2_8_manifest.json,structured_data,Bridgeport,outputs_logs,manifest_log,2350,False
outputs/logs/bridgeport/bridgeport_phase_2_5_vlm_manifest.json,structured_data,Bridgeport,outputs_logs,manifest_log,1679,False
outputs/review/greenwich_prototype_final/greenwich_scoring_assumptions_and_limitations.csv,tabular_data,Greenwich,outputs_review,review,1724,False
outputs/review/bridgeport/step_02_8_small_general_registry_gap_finding.csv,tabular_data,Bridgeport,outputs_review,review,1117,False
outputs/review/bridgeport/step_08_high_heading_density_pages.csv,tabular_data,Bridgeport,outputs_review,review,1044,False
outputs/review/bridgeport/step_03_ambiguous_codes.csv,tabular_data,Bridgeport,outputs_review,review,1322,False
outputs/review/bridgeport/step_08_misordered_hierarchy_edges.csv,tabular_data,Bridgeport,outputs_review,review,1,True
outputs/review/bridgeport/step_03_v7_v12_evidence_out_of_scope_this_pass.csv,tabular_data,Bridgeport,outputs_review,review,20305,False
outputs/review/bridgeport/step_03_ordinance_only_codes.csv,tabular_data,Bridgeport,outputs_review,review,2860,False
outputs/review/bridgeport/step_08_orphan_nodes.csv,tabular_data,Bridgeport,outputs_review,review,119,True
outputs/review/bridgeport/step_02_header_uncertainty_queue.csv,tabular_data,Bridgeport,outputs_review,review,4762,False
outputs/review/bridgeport/step_01_5_complex_layout_review_queue.csv,tabular_data,Bridgeport,outputs_review,review,13745,False
outputs/review/bridgeport/step_03_scenario_universe_48.csv,tabular_data,Bridgeport,outputs_review,review,2970,True
outputs/review/bridgeport/step_02_weak_table_candidates.csv,tabular_data,Bridgeport,outputs_review,review,105937,False
outputs/review/bridgeport/step_02_unresolved_conflicts.csv,tabular_data,Bridgeport,outputs_review,review,113,False
outputs/review/bridgeport/step_03_district_manual_inspection_log.csv,tabular_data,Bridgeport,outputs_review,review,941,False
outputs/review/bridgeport/step_07_unmatched_gis_codes.csv,tabular_data,Bridgeport,outputs_review,review,130,False
outputs/review/bridgeport/step_05_circular_or_cutoff_report.csv,tabular_data,Bridgeport,outputs_review,review,53,False
outputs/review/bridgeport/step_04_complex_layout_impact_report.csv,tabular_data,Bridgeport,outputs_review,review,190,False
outputs/review/bridgeport/step_04_districts_without_verified_anchor.csv,tabular_data,Bridgeport,outputs_review,review,22,False
outputs/review/bridgeport/step_02_table_manual_inspection_log.csv,tabular_data,Bridgeport,outputs_review,review,1479,False
outputs/review/bridgeport/step_02_8_master_use_table_raw_cells.csv,tabular_data,Bridgeport,outputs_review,review,15567,False
outputs/review/bridgeport/step_02_6_non_governing_annotation_queue.csv,tabular_data,Bridgeport,outputs_review,review,707,True
outputs/review/bridgeport/step_03_district_and_citywide_variable_broadcast.csv,tabular_data,Bridgeport,outputs_review,review,17530,False
outputs/review/bridgeport/step_02_held_district_review_queue.csv,tabular_data,Bridgeport,outputs_review,review,4928,True
outputs/review/bridgeport/step_03_gis_legacy_label_audit.csv,tabular_data,Bridgeport,outputs_review,review,928,False
outputs/review/bridgeport/step_03_gis_only_codes.csv,tabular_data,Bridgeport,outputs_review,review,263,False
outputs/review/bridgeport/step_02_6_ambiguous_header_or_footnote_queue.csv,tabular_data,Bridgeport,outputs_review,review,2509,True
outputs/review/bridgeport/step_02_complex_layout_rule_candidates.csv,tabular_data,Bridgeport,outputs_review,review,124567,False
outputs/review/bridgeport/step_07_unmatched_ordinance_codes.csv,tabular_data,Bridgeport,outputs_review,review,691,False
outputs/review/bridgeport/step_02_noncomparable_rule_formats.csv,tabular_data,Bridgeport,outputs_review,review,17188,False
outputs/review/bridgeport/step_06_rule_evidence_cards.csv,tabular_data,Bridgeport,outputs_review,review,26020,False
outputs/review/bridgeport/step_08_district_evidence_cards.csv,tabular_data,Bridgeport,outputs_review,review,3073,False
outputs/review/bridgeport/step_02_manual_rule_inspection_log.csv,tabular_data,Bridgeport,outputs_review,review,89233,False
outputs/review/bridgeport/step_02_6_unresolved_legal_review.csv,tabular_data,Bridgeport,outputs_review,review,2509,True
outputs/review/bridgeport/step_05_unresolved_citation_examples.csv,tabular_data,Bridgeport,outputs_review,review,2818,False
outputs/review/bridgeport/step_03_uncertain_taxonomy_entries.csv,tabular_data,Bridgeport,outputs_review,review,2361,False
outputs/review/bridgeport/step_02_8_parking_completion_raw_cells.csv,tabular_data,Bridgeport,outputs_review,review,8030,False
outputs/review/bridgeport/step_02_diagram_context_rule_candidates.csv,tabular_data,Bridgeport,outputs_review,review,2469,False
outputs/review/bridgeport/step_02_low_confidence_rule_candidates.csv,tabular_data,Bridgeport,outputs_review,review,253872,False
outputs/review/bridgeport/step_02_6_unreadable_cell_queue.csv,tabular_data,Bridgeport,outputs_review,review,707,True
outputs/review/bridgeport/step_03_scenario_universe_44.csv,tabular_data,Bridgeport,outputs_review,review,2970,True
outputs/review/bridgeport/step_02_6_visual_table_review_queue.csv,tabular_data,Bridgeport,outputs_review,review,742,False
outputs/review/bridgeport/step_06_ambiguous_scope_queue.csv,tabular_data,Bridgeport,outputs_review,review,30138,False
outputs/review/bridgeport/step_03_v5_parking_evidence_out_of_scope_this_pass.csv,tabular_data,Bridgeport,outputs_review,review,5998,False
outputs/review/bridgeport/step_08_conflict_manual_review_queue.csv,tabular_data,Bridgeport,outputs_review,review,36287,False
outputs/review/bridgeport/step_02_complex_layout_tables.csv,tabular_data,Bridgeport,outputs_review,review,11437,False
outputs/review/bridgeport/step_02_5_pymupdf_table_detection_gap_findings.csv,tabular_data,Bridgeport,outputs_review,review,978,False
outputs/figures/greenwich_prototype_final/greenwich_end_to_end_dashboard.png,figure,Greenwich,outputs_figures,derived_other,276838,False
outputs/figures/greenwich_prototype_final/greenwich_pipeline_status_flow.png,figure,Greenwich,outputs_figures,derived_other,55948,False
outputs/figures/greenwich_prototype_final/greenwich_prototype_component_scores.png,figure,Greenwich,outputs_figures,derived_other,130506,False
outputs/figures/greenwich_prototype_final/greenwich_rule_status_chart.png,figure,Greenwich,outputs_figures,derived_other,38080,False
outputs/figures/greenwich_prototype_final/greenwich_evidence_source_contribution.png,figure,Greenwich,outputs_figures,derived_other,61421,False
outputs/figures/finalization/fig04_provenance_completeness.png,figure,cross_town_or_not_applicable,outputs_figures,derived_other,49710,False
outputs/figures/finalization/fig03_table_family_recovery_progression.png,figure,cross_town_or_not_applicable,outputs_figures,derived_other,43867,False
outputs/figures/finalization/fig01_notebook_execution_lineage.png,figure,cross_town_or_not_applicable,outputs_figures,derived_other,93031,False
outputs/figures/finalization/fig02_variable_score_readiness_baseline.png,figure,cross_town_or_not_applicable,outputs_figures,derived_other,58690,False
outputs/figures/bridgeport/step_02_comparability_heatmap.png,figure,Bridgeport,outputs_figures,derived_other,51652,False
outputs/figures/bridgeport/step_02_5_vlm_calibration_metrics.png,figure,Bridgeport,outputs_figures,derived_other,51061,False
outputs/figures/bridgeport/step_06_rule_library_overview.png,figure,Bridgeport,outputs_figures,derived_other,105016,False
outputs/figures/bridgeport/step_07_gross_area_chart.png,figure,Bridgeport,outputs_figures,derived_other,59612,False
outputs/figures/bridgeport/step_04_pilot_scenario_distribution_vs_greenwich_reference.png,figure,Bridgeport,outputs_figures,derived_other,60853,False
outputs/figures/bridgeport/step_08_hierarchy_depth_histogram.png,figure,Bridgeport,outputs_figures,derived_other,42175,False
outputs/figures/bridgeport/step_01_5_repaired_hierarchy_comparison.png,figure,Bridgeport,outputs_figures,derived_other,62600,False
outputs/figures/bridgeport/step_03_words_per_page.png,figure,Bridgeport,outputs_figures,derived_other,286595,False
outputs/figures/bridgeport/step_02_5_human_verification_results.png,figure,Bridgeport,outputs_figures,derived_other,85385,True
outputs/figures/bridgeport/step_02_confidence_and_review.png,figure,Bridgeport,outputs_figures,derived_other,95299,False
outputs/figures/bridgeport/step_03_bbox_overlay_page_051.png,figure,Bridgeport,outputs_figures,derived_other,2402244,False
outputs/figures/bridgeport/step_07_historic_overlay_summary.png,figure,Bridgeport,outputs_figures,derived_other,35960,False
outputs/figures/bridgeport/step_02_header_diagnostics.png,figure,Bridgeport,outputs_figures,derived_other,58320,False
outputs/figures/bridgeport/step_02_5_comparability_changes.png,figure,Bridgeport,outputs_figures,derived_other,28161,False
outputs/figures/bridgeport/step_02_rule_status_heatmap_by_district.png,figure,Bridgeport,outputs_figures,derived_other,300511,False
outputs/figures/bridgeport/step_02_table_confidence_distribution.png,figure,Bridgeport,outputs_figures,derived_other,43399,False
outputs/figures/bridgeport/step_02_6_before_after_coverage.png,figure,Bridgeport,outputs_figures,derived_other,62818,False
outputs/figures/bridgeport/step_02_table_detection_counts.png,figure,Bridgeport,outputs_figures,derived_other,72094,False
outputs/figures/bridgeport/step_02_rule_format_diagnostics.png,figure,Bridgeport,outputs_figures,derived_other,150225,False
outputs/figures/bridgeport/step_02_6_detector_gap_diagnostics.png,figure,Bridgeport,outputs_figures,derived_other,116270,False
outputs/figures/bridgeport/step_08_conflict_severity.png,figure,Bridgeport,outputs_figures,derived_other,72511,False
outputs/figures/bridgeport/step_02_district_classification.png,figure,Bridgeport,outputs_figures,derived_other,105206,False
outputs/figures/bridgeport/step_04_word_count_by_district.png,figure,Bridgeport,outputs_figures,derived_other,56318,False
outputs/figures/bridgeport/step_02_complex_layout_table_summary.png,figure,Bridgeport,outputs_figures,derived_other,63277,False
outputs/figures/bridgeport/step_02_6_table_family_inventory.png,figure,Bridgeport,outputs_figures,derived_other,73363,False
outputs/figures/bridgeport/step_08_heading_density_by_page.png,figure,Bridgeport,outputs_figures,derived_other,53416,False
outputs/figures/bridgeport/step_08_source_type_contribution.png,figure,Bridgeport,outputs_figures,derived_other,96084,False
outputs/figures/bridgeport/step_02_8_v7_v12_scenario_determinations.png,figure,Bridgeport,outputs_figures,derived_other,68957,False
outputs/figures/bridgeport/step_03_source_evidence_overlap.png,figure,Bridgeport,outputs_figures,derived_other,61031,False
outputs/figures/bridgeport/step_02_row_column_diagnostics.png,figure,Bridgeport,outputs_figures,derived_other,94363,False
outputs/figures/bridgeport/step_03_gis_ordinance_crosswalk_status.png,figure,Bridgeport,outputs_figures,derived_other,36569,False
outputs/figures/bridgeport/step_02_5_vlm_confusion_matrix.png,figure,Bridgeport,outputs_figures,derived_other,33811,False
outputs/figures/bridgeport/step_02_table_type_counts.png,figure,Bridgeport,outputs_figures,derived_other,68272,False
outputs/figures/bridgeport/step_05_citation_resolution_status.png,figure,Bridgeport,outputs_figures,derived_other,50118,False
outputs/figures/bridgeport/step_03_taxonomy_overview.png,figure,Bridgeport,outputs_figures,derived_other,103062,False
outputs/figures/bridgeport/step_02_5_before_after_coverage.png,figure,Bridgeport,outputs_figures,derived_other,60466,False
outputs/figures/bridgeport/step_01_5_layout_type_counts.png,figure,Bridgeport,outputs_figures,derived_other,61537,False
outputs/figures/bridgeport/step_01_5_page_011_before_after_overlay.png,figure,Bridgeport,outputs_figures,derived_other,948685,False
outputs/figures/bridgeport/bridgeport_collection_dashboard.png,figure,Bridgeport,outputs_figures,derived_other,392974,False
outputs/figures/bridgeport/step_03_preliminary_taxonomy_map.png,figure,Bridgeport,outputs_figures,derived_other,341649,False
outputs/figures/bridgeport/step_02_rule_status_heatmap_by_scenario.png,figure,Bridgeport,outputs_figures,derived_other,133441,False
outputs/figures/bridgeport/step_02_6_height_rule_format_diagnostics.png,figure,Bridgeport,outputs_figures,derived_other,45701,False
outputs/figures/bridgeport/step_02_scenario_structure.png,figure,Bridgeport,outputs_figures,derived_other,80251,False
outputs/figures/bridgeport/step_07_hierarchy_subtree.png,figure,Bridgeport,outputs_figures,derived_other,367270,False
outputs/figures/bridgeport/step_01_source_page_001_preview.png,figure,Bridgeport,outputs_figures,derived_other,863958,False
outputs/figures/bridgeport/step_03_scenario_evidence_resolution_coverage.png,figure,Bridgeport,outputs_figures,derived_other,50782,False
outputs/figures/bridgeport/step_02_5_diagram_candidate_status.png,figure,Bridgeport,outputs_figures,derived_other,85385,True
outputs/figures/bridgeport/step_04_page_routing.png,figure,Bridgeport,outputs_figures,derived_other,49609,False
outputs/figures/bridgeport/step_07_join_status_map.png,figure,Bridgeport,outputs_figures,derived_other,324320,False
outputs/figures/bridgeport/step_02_5_targeting_dashboard.png,figure,Bridgeport,outputs_figures,derived_other,57102,False
outputs/figures/bridgeport/step_05_source_target_graph.png,figure,Bridgeport,outputs_figures,derived_other,74478,False
outputs/figures/bridgeport/step_06_applicability_matrix_heatmap.png,figure,Bridgeport,outputs_figures,derived_other,275094,False
outputs/figures/bridgeport/step_01_5_column_confidence_distribution.png,figure,Bridgeport,outputs_figures,derived_other,41324,False
outputs/figures/bridgeport/step_02_greenwich_bridgeport_comparability.png,figure,Bridgeport,outputs_figures,derived_other,98363,False
outputs/figures/bridgeport/tables/step_04_evidence_card_P1.png,figure,Bridgeport,outputs_figures,derived_other,494417,False
outputs/figures/bridgeport/tables/step_02_table_overlay_page_291.png,figure,Bridgeport,outputs_figures,derived_other,378638,False
outputs/figures/bridgeport/tables/step_02_table_overlay_page_078.png,figure,Bridgeport,outputs_figures,derived_other,234696,False
outputs/figures/bridgeport/tables/step_02_table_overlay_page_044.png,figure,Bridgeport,outputs_figures,derived_other,368920,False
outputs/figures/bridgeport/tables/step_02_table_card_084-00.png,figure,Bridgeport,outputs_figures,derived_other,33839,False
outputs/figures/bridgeport/tables/step_02_table_overlay_page_087.png,figure,Bridgeport,outputs_figures,derived_other,239150,False
outputs/figures/bridgeport/tables/step_02_table_overlay_page_118.png,figure,Bridgeport,outputs_figures,derived_other,288774,False
outputs/figures/bridgeport/tables/step_03_anchor_uncertain_DX1.png,figure,Bridgeport,outputs_figures,derived_other,453796,False
outputs/figures/bridgeport/tables/step_02_table_overlay_page_125.png,figure,Bridgeport,outputs_figures,derived_other,188053,False
outputs/figures/bridgeport/tables/step_02_table_overlay_page_131.png,figure,Bridgeport,outputs_figures,derived_other,217716,False
outputs/figures/bridgeport/tables/step_02_table_overlay_page_092.png,figure,Bridgeport,outputs_figures,derived_other,235964,False
outputs/figures/bridgeport/tables/step_02_table_overlay_page_086.png,figure,Bridgeport,outputs_figures,derived_other,219079,False
outputs/figures/bridgeport/tables/step_04_evidence_card_NX1.png,figure,Bridgeport,outputs_figures,derived_other,493800,False
outputs/figures/bridgeport/tables/step_02_table_overlay_page_051.png,figure,Bridgeport,outputs_figures,derived_other,1203969,False
outputs/figures/bridgeport/tables/step_02_table_card_030-01.png,figure,Bridgeport,outputs_figures,derived_other,94478,False
outputs/figures/bridgeport/tables/step_06_rule_card_00066.png,figure,Bridgeport,outputs_figures,derived_other,535977,False
outputs/figures/bridgeport/tables/step_02_table_card_118-00.png,figure,Bridgeport,outputs_figures,derived_other,79081,False
outputs/figures/bridgeport/tables/step_02_table_overlay_page_053.png,figure,Bridgeport,outputs_figures,derived_other,377592,False
outputs/figures/bridgeport/tables/step_02_table_overlay_page_047.png,figure,Bridgeport,outputs_figures,derived_other,385802,False
outputs/figures/bridgeport/tables/step_02_table_card_084-03.png,figure,Bridgeport,outputs_figures,derived_other,102005,False
outputs/figures/bridgeport/tables/step_02_table_overlay_page_084.png,figure,Bridgeport,outputs_figures,derived_other,277530,False
outputs/figures/bridgeport/tables/step_02_table_overlay_page_127.png,figure,Bridgeport,outputs_figures,derived_other,138417,False
outputs/figures/bridgeport/tables/step_02_table_overlay_page_133.png,figure,Bridgeport,outputs_figures,derived_other,141556,False
outputs/figures/bridgeport/tables/step_02_table_card_041-00.png,figure,Bridgeport,outputs_figures,derived_other,65058,False
outputs/figures/bridgeport/tables/step_02_table_overlay_page_046.png,figure,Bridgeport,outputs_figures,derived_other,329510,False
outputs/figures/bridgeport/tables/step_02_table_overlay_page_052.png,figure,Bridgeport,outputs_figures,derived_other,273083,False
outputs/figures/bridgeport/tables/step_02_table_overlay_page_287.png,figure,Bridgeport,outputs_figures,derived_other,608347,False
outputs/figures/bridgeport/tables/step_04_evidence_card_P3.png,figure,Bridgeport,outputs_figures,derived_other,494714,False
outputs/figures/bridgeport/tables/step_02_table_card_030-00.png,figure,Bridgeport,outputs_figures,derived_other,105650,False
outputs/figures/bridgeport/tables/step_02_table_card_287-00.png,figure,Bridgeport,outputs_figures,derived_other,105402,False
outputs/figures/bridgeport/tables/step_06_rule_card_00063.png,figure,Bridgeport,outputs_figures,derived_other,565214,False
outputs/figures/bridgeport/tables/step_02_table_card_116-00.png,figure,Bridgeport,outputs_figures,derived_other,59082,False
outputs/figures/bridgeport/tables/step_02_table_overlay_page_095.png,figure,Bridgeport,outputs_figures,derived_other,220606,False
outputs/figures/bridgeport/tables/step_02_table_overlay_page_081.png,figure,Bridgeport,outputs_figures,derived_other,265415,False
outputs/figures/bridgeport/tables/step_03_anchor_uncertain_CX.png,figure,Bridgeport,outputs_figures,derived_other,453398,False
outputs/figures/bridgeport/tables/step_02_table_overlay_page_123.png,figure,Bridgeport,outputs_figures,derived_other,702550,False
outputs/figures/bridgeport/tables/step_02_table_overlay_page_094.png,figure,Bridgeport,outputs_figures,derived_other,207258,False
outputs/figures/bridgeport/tables/step_02_table_overlay_page_057.png,figure,Bridgeport,outputs_figures,derived_other,139405,False
outputs/figures/bridgeport/tables/step_02_table_card_094-02.png,figure,Bridgeport,outputs_figures,derived_other,26499,False
outputs/figures/bridgeport/tables/step_02_table_card_116-01.png,figure,Bridgeport,outputs_figures,derived_other,90541,False
outputs/figures/bridgeport/tables/step_02_table_overlay_page_241.png,figure,Bridgeport,outputs_figures,derived_other,456525,False
outputs/figures/bridgeport/tables/step_04_evidence_card_P4.png,figure,Bridgeport,outputs_figures,derived_other,494776,False
outputs/figures/bridgeport/tables/step_02_table_overlay_page_041.png,figure,Bridgeport,outputs_figures,derived_other,394088,False
outputs/figures/bridgeport/tables/step_02_table_overlay_page_055.png,figure,Bridgeport,outputs_figures,derived_other,303873,False
outputs/figures/bridgeport/tables/step_02_table_overlay_page_069.png,figure,Bridgeport,outputs_figures,derived_other,319464,False
outputs/figures/bridgeport/tables/step_02_table_overlay_page_121.png,figure,Bridgeport,outputs_figures,derived_other,394524,False
outputs/figures/bridgeport/tables/step_02_table_overlay_page_109.png,figure,Bridgeport,outputs_figures,derived_other,396724,False
outputs/figures/bridgeport/tables/step_02_table_overlay_page_108.png,figure,Bridgeport,outputs_figures,derived_other,324488,False
outputs/figures/bridgeport/tables/step_02_table_overlay_page_097.png,figure,Bridgeport,outputs_figures,derived_other,188044,False
outputs/figures/bridgeport/tables/step_02_table_overlay_page_083.png,figure,Bridgeport,outputs_figures,derived_other,1256167,False
outputs/figures/bridgeport/tables/step_02_table_overlay_page_068.png,figure,Bridgeport,outputs_figures,derived_other,275499,False
outputs/figures/bridgeport/tables/step_02_table_overlay_page_054.png,figure,Bridgeport,outputs_figures,derived_other,193169,False
outputs/figures/bridgeport/tables/step_04_evidence_card_P5.png,figure,Bridgeport,outputs_figures,derived_other,494762,False
outputs/figures/bridgeport/tables/step_02_table_overlay_page_219.png,figure,Bridgeport,outputs_figures,derived_other,386872,False
outputs/figures/bridgeport/tables/step_02_table_overlay_page_231.png,figure,Bridgeport,outputs_figures,derived_other,437943,False
outputs/figures/bridgeport/tables/step_04_evidence_card_N4.png,figure,Bridgeport,outputs_figures,derived_other,493587,False
outputs/figures/bridgeport/tables/step_02_manual_inspection_weak_or_failed_detection.png,figure,Bridgeport,outputs_figures,derived_other,68429,False
outputs/figures/bridgeport/tables/step_02_table_card_012-00.png,figure,Bridgeport,outputs_figures,derived_other,48092,False
outputs/figures/bridgeport/tables/step_02_table_overlay_page_218.png,figure,Bridgeport,outputs_figures,derived_other,433990,False
outputs/figures/bridgeport/tables/step_02_table_overlay_page_030.png,figure,Bridgeport,outputs_figures,derived_other,246347,False
outputs/figures/bridgeport/tables/step_05_citation_unresolved_1.png,figure,Bridgeport,outputs_figures,derived_other,492470,False
outputs/figures/bridgeport/tables/step_05_citation_unresolved_0.png,figure,Bridgeport,outputs_figures,derived_other,452727,False
outputs/figures/bridgeport/tables/step_02_table_overlay_page_031.png,figure,Bridgeport,outputs_figures,derived_other,389965,False
outputs/figures/bridgeport/tables/step_02_table_overlay_page_019.png,figure,Bridgeport,outputs_figures,derived_other,1393680,False
outputs/figures/bridgeport/tables/step_02_table_card_092-00.png,figure,Bridgeport,outputs_figures,derived_other,111221,False
outputs/figures/bridgeport/tables/step_02_table_card_258-00.png,figure,Bridgeport,outputs_figures,derived_other,109514,False
outputs/figures/bridgeport/tables/step_02_table_overlay_page_168.png,figure,Bridgeport,outputs_figures,derived_other,328471,False
outputs/figures/bridgeport/tables/step_03_anchor_representative_high_confidence_IX.png,figure,Bridgeport,outputs_figures,derived_other,496459,False
outputs/figures/bridgeport/tables/step_02_table_overlay_page_020.png,figure,Bridgeport,outputs_figures,derived_other,320056,False
outputs/figures/bridgeport/tables/step_02_table_overlay_page_034.png,figure,Bridgeport,outputs_figures,derived_other,160386,False
outputs/figures/bridgeport/tables/step_06_rule_card_00001.png,figure,Bridgeport,outputs_figures,derived_other,381829,False
outputs/figures/bridgeport/tables/step_02_table_overlay_page_036.png,figure,Bridgeport,outputs_figures,derived_other,308740,False
outputs/figures/bridgeport/tables/step_02_table_card_034-00.png,figure,Bridgeport,outputs_figures,derived_other,29511,False
outputs/figures/bridgeport/tables/step_02_table_card_229-02.png,figure,Bridgeport,outputs_figures,derived_other,172770,False
outputs/figures/bridgeport/tables/step_02_table_card_049-00.png,figure,Bridgeport,outputs_figures,derived_other,72566,False
outputs/figures/bridgeport/tables/step_02_table_card_291-01.png,figure,Bridgeport,outputs_figures,derived_other,103115,False
outputs/figures/bridgeport/tables/step_02_table_overlay_page_037.png,figure,Bridgeport,outputs_figures,derived_other,377034,False
outputs/figures/bridgeport/tables/step_02_table_overlay_page_023.png,figure,Bridgeport,outputs_figures,derived_other,406929,False
outputs/figures/bridgeport/tables/step_02_table_overlay_page_204.png,figure,Bridgeport,outputs_figures,derived_other,432806,False
outputs/figures/bridgeport/tables/step_02_table_card_123-00.png,figure,Bridgeport,outputs_figures,derived_other,121357,False
outputs/figures/bridgeport/tables/step_02_table_overlay_page_012.png,figure,Bridgeport,outputs_figures,derived_other,385707,False
outputs/figures/bridgeport/tables/step_02_table_card_031-00.png,figure,Bridgeport,outputs_figures,derived_other,54055,False
outputs/figures/bridgeport/tables/step_02_table_overlay_page_172.png,figure,Bridgeport,outputs_figures,derived_other,313493,False
outputs/figures/bridgeport/tables/step_02_table_card_019-00.png,figure,Bridgeport,outputs_figures,derived_other,120412,False
outputs/figures/bridgeport/tables/step_02_table_card_031-01.png,figure,Bridgeport,outputs_figures,derived_other,55333,False
outputs/figures/bridgeport/tables/step_02_table_card_023-01.png,figure,Bridgeport,outputs_figures,derived_other,61916,False
outputs/figures/bridgeport/tables/step_02_table_card_076-02.png,figure,Bridgeport,outputs_figures,derived_other,112885,False
outputs/figures/bridgeport/tables/step_06_rule_card_00024.png,figure,Bridgeport,outputs_figures,derived_other,1261992,False
outputs/figures/bridgeport/tables/step_02_table_card_089-01.png,figure,Bridgeport,outputs_figures,derived_other,99379,False
outputs/figures/bridgeport/tables/step_04_evidence_card_CX.png,figure,Bridgeport,outputs_figures,derived_other,453083,False
outputs/figures/bridgeport/tables/step_02_table_overlay_page_038.png,figure,Bridgeport,outputs_figures,derived_other,218173,False
outputs/figures/bridgeport/tables/step_02_table_overlay_page_216.png,figure,Bridgeport,outputs_figures,derived_other,666724,False
outputs/figures/bridgeport/tables/step_02_table_card_087-01.png,figure,Bridgeport,outputs_figures,derived_other,49400,False
outputs/figures/bridgeport/tables/step_02_table_overlay_page_028.png,figure,Bridgeport,outputs_figures,derived_other,334011,False
outputs/figures/bridgeport/tables/step_02_table_card_031-06.png,figure,Bridgeport,outputs_figures,derived_other,77219,False
outputs/figures/bridgeport/tables/step_02_table_card_241-01.png,figure,Bridgeport,outputs_figures,derived_other,68575,False
outputs/figures/bridgeport/tables/step_02_table_card_241-00.png,figure,Bridgeport,outputs_figures,derived_other,48673,False
outputs/figures/bridgeport/tables/step_04_evidence_card_OH.png,figure,Bridgeport,outputs_figures,derived_other,384301,False
outputs/figures/bridgeport/tables/step_02_table_overlay_page_229.png,figure,Bridgeport,outputs_figures,derived_other,593446,False
outputs/figures/bridgeport/tables/step_02_table_card_133-00.png,figure,Bridgeport,outputs_figures,derived_other,65550,False
outputs/figures/bridgeport/tables/step_02_table_overlay_page_177.png,figure,Bridgeport,outputs_figures,derived_other,771170,False
outputs/figures/bridgeport/tables/step_02_table_card_241-02.png,figure,Bridgeport,outputs_figures,derived_other,38314,False
outputs/figures/bridgeport/tables/step_02_table_card_109-01.png,figure,Bridgeport,outputs_figures,derived_other,85072,False
outputs/figures/bridgeport/tables/step_02_table_overlay_page_228.png,figure,Bridgeport,outputs_figures,derived_other,564325,False
outputs/figures/bridgeport/tables/step_02_table_overlay_page_065.png,figure,Bridgeport,outputs_figures,derived_other,378941,False
outputs/figures/bridgeport/tables/step_02_table_overlay_page_105.png,figure,Bridgeport,outputs_figures,derived_other,135081,False
outputs/figures/bridgeport/tables/step_02_table_overlay_page_110.png,figure,Bridgeport,outputs_figures,derived_other,208636,False
outputs/figures/bridgeport/tables/step_02_table_overlay_page_070.png,figure,Bridgeport,outputs_figures,derived_other,223751,False
outputs/figures/bridgeport/tables/step_02_table_overlay_page_258.png,figure,Bridgeport,outputs_figures,derived_other,534227,False
outputs/figures/bridgeport/tables/step_02_table_overlay_page_099.png,figure,Bridgeport,outputs_figures,derived_other,1324485,False
outputs/figures/bridgeport/tables/step_02_table_card_046-00.png,figure,Bridgeport,outputs_figures,derived_other,96417,False
outputs/figures/bridgeport/tables/step_02_table_overlay_page_113.png,figure,Bridgeport,outputs_figures,derived_other,139406,False
outputs/figures/bridgeport/tables/step_02_table_overlay_page_107.png,figure,Bridgeport,outputs_figures,derived_other,1123596,False
outputs/figures/bridgeport/tables/step_02_table_card_054-00.png,figure,Bridgeport,outputs_figures,derived_other,55126,False
outputs/figures/bridgeport/tables/step_02_table_overlay_page_073.png,figure,Bridgeport,outputs_figures,derived_other,357676,False
outputs/figures/bridgeport/tables/step_02_table_card_037-00.png,figure,Bridgeport,outputs_figures,derived_other,46275,False
outputs/figures/bridgeport/tables/step_02_table_overlay_page_077.png,figure,Bridgeport,outputs_figures,derived_other,312888,False
outputs/figures/bridgeport/tables/step_02_table_overlay_page_103.png,figure,Bridgeport,outputs_figures,derived_other,225586,False
outputs/figures/bridgeport/tables/step_04_evidence_card_I.png,figure,Bridgeport,outputs_figures,derived_other,493850,False
outputs/figures/bridgeport/tables/step_02_table_card_103-01.png,figure,Bridgeport,outputs_figures,derived_other,47795,False
outputs/figures/bridgeport/tables/step_02_table_overlay_page_116.png,figure,Bridgeport,outputs_figures,derived_other,299484,False
outputs/figures/bridgeport/tables/step_02_table_overlay_page_102.png,figure,Bridgeport,outputs_figures,derived_other,191306,False
outputs/figures/bridgeport/tables/step_02_table_overlay_page_089.png,figure,Bridgeport,outputs_figures,derived_other,346495,False
outputs/figures/bridgeport/tables/step_02_table_overlay_page_062.png,figure,Bridgeport,outputs_figures,derived_other,235348,False
outputs/figures/bridgeport/tables/step_02_table_overlay_page_076.png,figure,Bridgeport,outputs_figures,derived_other,285211,False
outputs/figures/bridgeport/tables/step_02_table_overlay_page_248.png,figure,Bridgeport,outputs_figures,derived_other,455312,False
outputs/figures/bridgeport/tables/step_06_rule_card_00069.png,figure,Bridgeport,outputs_figures,derived_other,434483,False
outputs/figures/bridgeport/tables/step_02_table_overlay_page_060.png,figure,Bridgeport,outputs_figures,derived_other,384492,False
outputs/figures/bridgeport/tables/step_02_table_overlay_page_100.png,figure,Bridgeport,outputs_figures,derived_other,238602,False
outputs/figures/bridgeport/tables/step_03_anchor_representative_high_confidence_I.png,figure,Bridgeport,outputs_figures,derived_other,496332,False
outputs/figures/bridgeport/tables/step_05_citation_resolved_0.png,figure,Bridgeport,outputs_figures,derived_other,493717,False
outputs/figures/bridgeport/tables/step_05_citation_resolved_1.png,figure,Bridgeport,outputs_figures,derived_other,346002,False
outputs/figures/bridgeport/tables/step_02_table_overlay_page_129.png,figure,Bridgeport,outputs_figures,derived_other,185169,False
outputs/figures/bridgeport/tables/step_02_table_overlay_page_049.png,figure,Bridgeport,outputs_figures,derived_other,281296,False
outputs/figures/bridgeport/tables/step_02_table_overlay_page_075.png,figure,Bridgeport,outputs_figures,derived_other,1283631,False
outputs/figures/bridgeport/tables/step_02_table_overlay_page_061.png,figure,Bridgeport,outputs_figures,derived_other,356926,False
outputs/figures/bridgeport/tables/step_06_rule_card_00068.png,figure,Bridgeport,outputs_figures,derived_other,587935,False
outputs/figures/bridgeport/vlm_crops/step_02_6_page_022_focus.png,figure,Bridgeport,outputs_figures,derived_other,240661,False
outputs/figures/bridgeport/vlm_crops/step_02_6_page_085_focus.png,figure,Bridgeport,outputs_figures,derived_other,236553,False
outputs/figures/bridgeport/vlm_crops/bridgeport-connecticut-afe7c678fa5dfc85-vlm-packet-0002_context.png,figure,Bridgeport,outputs_figures,derived_other,65441,False
outputs/figures/bridgeport/vlm_crops/bridgeport-connecticut-afe7c678fa5dfc85-vlm-packet-0019_focus.png,figure,Bridgeport,outputs_figures,derived_other,312291,False
outputs/figures/bridgeport/vlm_crops/step_02_6_page_070_context.png,figure,Bridgeport,outputs_figures,derived_other,29432,False
outputs/figures/bridgeport/vlm_crops/bridgeport-connecticut-afe7c678fa5dfc85-vlm-packet-0021_focus.png,figure,Bridgeport,outputs_figures,derived_other,1016510,False
outputs/figures/bridgeport/vlm_crops/bridgeport-connecticut-afe7c678fa5dfc85-vlm-packet-0014_focus.png,figure,Bridgeport,outputs_figures,derived_other,318721,False
outputs/figures/bridgeport/vlm_crops/bridgeport-connecticut-afe7c678fa5dfc85-vlm-packet-0017_context.png,figure,Bridgeport,outputs_figures,derived_other,36587,False
outputs/figures/bridgeport/vlm_crops/step_02_6_page_102_context.png,figure,Bridgeport,outputs_figures,derived_other,26249,False
outputs/figures/bridgeport/vlm_crops/bridgeport-connecticut-afe7c678fa5dfc85-vlm-packet-0020_context.png,figure,Bridgeport,outputs_figures,derived_other,364756,False
outputs/figures/bridgeport/vlm_crops/step_02_6_page_118_focus.png,figure,Bridgeport,outputs_figures,derived_other,235019,False
outputs/figures/bridgeport/vlm_crops/step_02_6_page_030_focus.png,figure,Bridgeport,outputs_figures,derived_other,192324,False
outputs/figures/bridgeport/vlm_crops/bridgeport-connecticut-afe7c678fa5dfc85-vlm-packet-0012_context.png,figure,Bridgeport,outputs_figures,derived_other,150109,False
outputs/figures/bridgeport/vlm_crops/step_02_6_page_022_context.png,figure,Bridgeport,outputs_figures,derived_other,28638,False
outputs/figures/bridgeport/vlm_crops/bridgeport-connecticut-afe7c678fa5dfc85-vlm-packet-0007_context.png,figure,Bridgeport,outputs_figures,derived_other,50239,False
outputs/figures/bridgeport/vlm_crops/step_02_6_page_037_context.png,figure,Bridgeport,outputs_figures,derived_other,31716,False
outputs/figures/bridgeport/vlm_crops/bridgeport-connecticut-afe7c678fa5dfc85-vlm-packet-0012_focus.png,figure,Bridgeport,outputs_figures,derived_other,171313,False
outputs/figures/bridgeport/vlm_crops/bridgeport-connecticut-afe7c678fa5dfc85-vlm-packet-0006_focus.png,figure,Bridgeport,outputs_figures,derived_other,135125,False
outputs/figures/bridgeport/vlm_crops/step_02_6_page_069_context.png,figure,Bridgeport,outputs_figures,derived_other,30903,False
outputs/figures/bridgeport/vlm_crops/step_02_6_page_094_context.png,figure,Bridgeport,outputs_figures,derived_other,26019,False
outputs/figures/bridgeport/vlm_crops/step_02_6_page_117_context.png,figure,Bridgeport,outputs_figures,derived_other,27956,False
outputs/figures/bridgeport/vlm_crops/step_02_6_page_053_focus.png,figure,Bridgeport,outputs_figures,derived_other,310058,False
outputs/figures/bridgeport/vlm_crops/step_02_6_page_029_focus.png,figure,Bridgeport,outputs_figures,derived_other,342478,False
outputs/figures/bridgeport/vlm_crops/step_02_6_page_101_focus.png,figure,Bridgeport,outputs_figures,derived_other,235708,False
outputs/figures/bridgeport/vlm_crops/bridgeport-connecticut-afe7c678fa5dfc85-vlm-packet-0018_context.png,figure,Bridgeport,outputs_figures,derived_other,100742,False
outputs/figures/bridgeport/vlm_crops/step_02_6_page_037_focus.png,figure,Bridgeport,outputs_figures,derived_other,311034,False
outputs/figures/bridgeport/vlm_crops/step_02_6_page_078_focus.png,figure,Bridgeport,outputs_figures,derived_other,185013,False
outputs/figures/bridgeport/vlm_crops/bridgeport-connecticut-afe7c678fa5dfc85-vlm-packet-0004_context.png,figure,Bridgeport,outputs_figures,derived_other,54910,False
outputs/figures/bridgeport/vlm_crops/bridgeport-connecticut-afe7c678fa5dfc85-vlm-packet-0018_focus.png,figure,Bridgeport,outputs_figures,derived_other,128329,False
outputs/figures/bridgeport/vlm_crops/step_02_6_page_021_context.png,figure,Bridgeport,outputs_figures,derived_other,30337,False
outputs/figures/bridgeport/vlm_crops/bridgeport-connecticut-afe7c678fa5dfc85-vlm-packet-0011_context.png,figure,Bridgeport,outputs_figures,derived_other,63684,False
outputs/figures/bridgeport/vlm_crops/bridgeport-connecticut-afe7c678fa5dfc85-vlm-packet-0020_focus.png,figure,Bridgeport,outputs_figures,derived_other,1240197,False
outputs/figures/bridgeport/vlm_crops/step_02_6_page_054_focus.png,figure,Bridgeport,outputs_figures,derived_other,143833,False
outputs/figures/bridgeport/vlm_crops/step_02_6_page_101_context.png,figure,Bridgeport,outputs_figures,derived_other,27609,False
outputs/figures/bridgeport/vlm_crops/bridgeport-connecticut-afe7c678fa5dfc85-vlm-packet-0001_focus.png,figure,Bridgeport,outputs_figures,derived_other,235486,False
outputs/figures/bridgeport/vlm_crops/bridgeport-connecticut-afe7c678fa5dfc85-vlm-packet-0023_context.png,figure,Bridgeport,outputs_figures,derived_other,333222,False
outputs/figures/bridgeport/vlm_crops/step_02_6_page_061_focus.png,figure,Bridgeport,outputs_figures,derived_other,292689,False
outputs/figures/bridgeport/vlm_crops/bridgeport-connecticut-afe7c678fa5dfc85-vlm-packet-0015_focus.png,figure,Bridgeport,outputs_figures,derived_other,329047,False
outputs/figures/bridgeport/vlm_crops/step_02_6_page_118_context.png,figure,Bridgeport,outputs_figures,derived_other,26556,False
outputs/figures/bridgeport/vlm_crops/step_02_6_page_054_context.png,figure,Bridgeport,outputs_figures,derived_other,30215,False
outputs/figures/bridgeport/vlm_crops/bridgeport-connecticut-afe7c678fa5dfc85-vlm-packet-0014_context.png,figure,Bridgeport,outputs_figures,derived_other,141233,False
outputs/figures/bridgeport/vlm_crops/bridgeport-connecticut-afe7c678fa5dfc85-vlm-packet-0008_context.png,figure,Bridgeport,outputs_figures,derived_other,52417,False
outputs/figures/bridgeport/vlm_crops/step_02_6_page_038_context.png,figure,Bridgeport,outputs_figures,derived_other,30297,False
outputs/figures/bridgeport/vlm_crops/bridgeport-connecticut-afe7c678fa5dfc85-vlm-packet-0007_focus.png,figure,Bridgeport,outputs_figures,derived_other,163514,False
outputs/figures/bridgeport/vlm_crops/bridgeport-connecticut-afe7c678fa5dfc85-vlm-packet-0013_focus.png,figure,Bridgeport,outputs_figures,derived_other,466384,False
outputs/figures/bridgeport/vlm_crops/step_02_6_page_046_focus.png,figure,Bridgeport,outputs_figures,derived_other,269758,False
outputs/figures/bridgeport/vlm_crops/bridgeport-connecticut-afe7c678fa5dfc85-vlm-packet-0001_context.png,figure,Bridgeport,outputs_figures,derived_other,55833,False
outputs/figures/bridgeport/vlm_crops/step_02_6_page_046_context.png,figure,Bridgeport,outputs_figures,derived_other,29445,False
outputs/figures/bridgeport/vlm_crops/bridgeport-connecticut-afe7c678fa5dfc85-vlm-packet-0006_context.png,figure,Bridgeport,outputs_figures,derived_other,56552,False
outputs/figures/bridgeport/vlm_crops/step_02_6_page_093_focus.png,figure,Bridgeport,outputs_figures,derived_other,237200,False
outputs/figures/bridgeport/vlm_crops/bridgeport-connecticut-afe7c678fa5dfc85-vlm-packet-0016_focus.png,figure,Bridgeport,outputs_figures,derived_other,195161,False
outputs/figures/bridgeport/vlm_crops/step_02_6_page_062_focus.png,figure,Bridgeport,outputs_figures,derived_other,185623,False
outputs/figures/bridgeport/vlm_crops/step_02_6_page_053_context.png,figure,Bridgeport,outputs_figures,derived_other,31442,False
outputs/figures/bridgeport/vlm_crops/bridgeport-connecticut-afe7c678fa5dfc85-vlm-packet-0013_context.png,figure,Bridgeport,outputs_figures,derived_other,127160,False
outputs/figures/bridgeport/vlm_crops/bridgeport-connecticut-afe7c678fa5dfc85-vlm-packet-0002_focus.png,figure,Bridgeport,outputs_figures,derived_other,101298,False
outputs/figures/bridgeport/vlm_crops/bridgeport-connecticut-afe7c678fa5dfc85-vlm-packet-0023_focus.png,figure,Bridgeport,outputs_figures,derived_other,1275081,False
outputs/figures/bridgeport/vlm_crops/bridgeport-connecticut-afe7c678fa5dfc85-vlm-packet-0021_context.png,figure,Bridgeport,outputs_figures,derived_other,327894,False
outputs/figures/bridgeport/vlm_crops/step_02_6_page_061_context.png,figure,Bridgeport,outputs_figures,derived_other,27075,False
outputs/figures/bridgeport/vlm_crops/bridgeport-connecticut-afe7c678fa5dfc85-vlm-packet-0016_context.png,figure,Bridgeport,outputs_figures,derived_other,49413,False
outputs/figures/bridgeport/vlm_crops/step_02_6_page_078_context.png,figure,Bridgeport,outputs_figures,derived_other,26195,False
outputs/figures/bridgeport/vlm_crops/step_02_6_page_085_context.png,figure,Bridgeport,outputs_figures,derived_other,27765,False
outputs/figures/bridgeport/vlm_crops/step_02_6_page_069_focus.png,figure,Bridgeport,outputs_figures,derived_other,259209,False
outputs/figures/bridgeport/vlm_crops/bridgeport-connecticut-afe7c678fa5dfc85-vlm-packet-0024_context.png,figure,Bridgeport,outputs_figures,derived_other,316791,False
outputs/figures/bridgeport/vlm_crops/bridgeport-connecticut-afe7c678fa5dfc85-vlm-packet-0009_focus.png,figure,Bridgeport,outputs_figures,derived_other,50200,False
outputs/figures/bridgeport/vlm_crops/step_02_6_page_117_focus.png,figure,Bridgeport,outputs_figures,derived_other,331747,False
outputs/figures/bridgeport/vlm_crops/step_02_6_page_045_focus.png,figure,Bridgeport,outputs_figures,derived_other,356688,False
outputs/figures/bridgeport/vlm_crops/bridgeport-connecticut-afe7c678fa5dfc85-vlm-packet-0010_focus.png,figure,Bridgeport,outputs_figures,derived_other,79695,False
outputs/figures/bridgeport/vlm_crops/step_02_6_page_070_focus.png,figure,Bridgeport,outputs_figures,derived_other,173583,False
outputs/figures/bridgeport/vlm_crops/bridgeport-connecticut-afe7c678fa5dfc85-vlm-packet-0003_context.png,figure,Bridgeport,outputs_figures,derived_other,68062,False
outputs/figures/bridgeport/vlm_crops/bridgeport-connecticut-afe7c678fa5dfc85-vlm-packet-0004_focus.png,figure,Bridgeport,outputs_figures,derived_other,176314,False
outputs/figures/bridgeport/vlm_crops/step_02_6_page_030_context.png,figure,Bridgeport,outputs_figures,derived_other,31070,False
outputs/figures/bridgeport/vlm_crops/step_02_6_page_093_context.png,figure,Bridgeport,outputs_figures,derived_other,27402,False
outputs/figures/bridgeport/vlm_crops/step_02_6_page_109_focus.png,figure,Bridgeport,outputs_figures,derived_other,322753,False
outputs/figures/bridgeport/vlm_crops/step_02_6_page_086_focus.png,figure,Bridgeport,outputs_figures,derived_other,170653,False
outputs/figures/bridgeport/vlm_crops/step_02_6_page_110_context.png,figure,Bridgeport,outputs_figures,derived_other,29495,False
outputs/figures/bridgeport/vlm_crops/step_02_6_page_021_focus.png,figure,Bridgeport,outputs_figures,derived_other,335163,False
outputs/figures/bridgeport/vlm_crops/step_02_6_page_077_focus.png,figure,Bridgeport,outputs_figures,derived_other,254055,False
outputs/figures/bridgeport/vlm_crops/bridgeport-connecticut-afe7c678fa5dfc85-vlm-packet-0009_context.png,figure,Bridgeport,outputs_figures,derived_other,35081,False
outputs/figures/bridgeport/vlm_crops/bridgeport-connecticut-afe7c678fa5dfc85-vlm-packet-0003_focus.png,figure,Bridgeport,outputs_figures,derived_other,260917,False
outputs/figures/bridgeport/vlm_crops/bridgeport-connecticut-afe7c678fa5dfc85-vlm-packet-0017_focus.png,figure,Bridgeport,outputs_figures,derived_other,311748,False
outputs/figures/bridgeport/vlm_crops/step_02_6_page_086_context.png,figure,Bridgeport,outputs_figures,derived_other,26434,False
outputs/figures/bridgeport/vlm_crops/step_02_6_page_038_focus.png,figure,Bridgeport,outputs_figures,derived_other,165243,False
outputs/figures/bridgeport/vlm_crops/bridgeport-connecticut-afe7c678fa5dfc85-vlm-packet-0015_context.png,figure,Bridgeport,outputs_figures,derived_other,46055,False
outputs/figures/bridgeport/vlm_crops/step_02_6_page_110_focus.png,figure,Bridgeport,outputs_figures,derived_other,158438,False
outputs/figures/bridgeport/vlm_crops/bridgeport-connecticut-afe7c678fa5dfc85-vlm-packet-0022_focus.png,figure,Bridgeport,outputs_figures,derived_other,1121699,False
outputs/figures/bridgeport/vlm_crops/bridgeport-connecticut-afe7c678fa5dfc85-vlm-packet-0022_context.png,figure,Bridgeport,outputs_figures,derived_other,314319,False
outputs/figures/bridgeport/vlm_crops/step_02_6_page_062_context.png,figure,Bridgeport,outputs_figures,derived_other,25841,False
outputs/figures/bridgeport/vlm_crops/step_02_6_page_094_focus.png,figure,Bridgeport,outputs_figures,derived_other,159866,False
outputs/figures/bridgeport/vlm_crops/bridgeport-connecticut-afe7c678fa5dfc85-vlm-packet-0008_focus.png,figure,Bridgeport,outputs_figures,derived_other,78157,False
outputs/figures/bridgeport/vlm_crops/bridgeport-connecticut-afe7c678fa5dfc85-vlm-packet-0010_context.png,figure,Bridgeport,outputs_figures,derived_other,81056,False
outputs/figures/bridgeport/vlm_crops/step_02_6_page_109_context.png,figure,Bridgeport,outputs_figures,derived_other,36321,False
outputs/figures/bridgeport/vlm_crops/step_02_6_page_102_focus.png,figure,Bridgeport,outputs_figures,derived_other,146574,False
outputs/figures/bridgeport/vlm_crops/bridgeport-connecticut-afe7c678fa5dfc85-vlm-packet-0024_focus.png,figure,Bridgeport,outputs_figures,derived_other,1125441,False
outputs/figures/bridgeport/vlm_crops/step_02_6_page_045_context.png,figure,Bridgeport,outputs_figures,derived_other,28993,False
outputs/figures/bridgeport/vlm_crops/bridgeport-connecticut-afe7c678fa5dfc85-vlm-packet-0005_context.png,figure,Bridgeport,outputs_figures,derived_other,62048,False
outputs/figures/bridgeport/vlm_crops/step_02_6_page_029_context.png,figure,Bridgeport,outputs_figures,derived_other,32789,False
outputs/figures/bridgeport/vlm_crops/bridgeport-connecticut-afe7c678fa5dfc85-vlm-packet-0019_context.png,figure,Bridgeport,outputs_figures,derived_other,76568,False
outputs/figures/bridgeport/vlm_crops/bridgeport-connecticut-afe7c678fa5dfc85-vlm-packet-0005_focus.png,figure,Bridgeport,outputs_figures,derived_other,130315,False
outputs/figures/bridgeport/vlm_crops/bridgeport-connecticut-afe7c678fa5dfc85-vlm-packet-0011_focus.png,figure,Bridgeport,outputs_figures,derived_other,229702,False
outputs/figures/bridgeport/vlm_crops/step_02_6_page_077_context.png,figure,Bridgeport,outputs_figures,derived_other,27414,False
outputs/figures/bridgeport/evidence_cards_vlm/card_page_094.png,figure,Bridgeport,outputs_figures,derived_other,116304,False
outputs/figures/bridgeport/evidence_cards_vlm/card_page_019.png,figure,Bridgeport,outputs_figures,derived_other,693525,False
outputs/figures/bridgeport/evidence_cards_vlm/card_page_027.png,figure,Bridgeport,outputs_figures,derived_other,585241,False
outputs/figures/bridgeport/evidence_cards_vlm/card_page_022.png,figure,Bridgeport,outputs_figures,derived_other,165389,False
outputs/figures/bridgeport/evidence_cards_vlm/card_page_037.png,figure,Bridgeport,outputs_figures,derived_other,77132,False
outputs/figures/bridgeport/evidence_cards_vlm/card_page_023.png,figure,Bridgeport,outputs_figures,derived_other,226355,False
outputs/figures/bridgeport/evidence_cards_vlm/card_page_035.png,figure,Bridgeport,outputs_figures,derived_other,636585,False
outputs/figures/bridgeport/evidence_cards_vlm/card_page_012.png,figure,Bridgeport,outputs_figures,derived_other,216250,False
outputs/figures/bridgeport/evidence_cards_vlm/card_page_289.png,figure,Bridgeport,outputs_figures,derived_other,305435,False
outputs/figures/bridgeport/evidence_cards_vlm/card_page_117.png,figure,Bridgeport,outputs_figures,derived_other,219991,False
outputs/figures/bridgeport/evidence_cards_visual_tables/card_page_046.png,figure,Bridgeport,outputs_figures,derived_other,230889,False
outputs/figures/bridgeport/evidence_cards_visual_tables/card_page_054.png,figure,Bridgeport,outputs_figures,derived_other,135406,False
outputs/figures/bridgeport/evidence_cards_visual_tables/card_page_030.png,figure,Bridgeport,outputs_figures,derived_other,174100,False
outputs/figures/bridgeport/evidence_cards_visual_tables/card_page_022.png,figure,Bridgeport,outputs_figures,derived_other,207809,False
outputs/figures/bridgeport/evidence_cards_visual_tables/card_page_038.png,figure,Bridgeport,outputs_figures,derived_other,151815,False
outputs/figures/bridgeport/evidence_cards_visual_tables/card_page_062.png,figure,Bridgeport,outputs_figures,derived_other,164051,False
outputs/figures/bridgeport/notebook05_stage0/step_02_evidence_card_bridgeport-rule-candidate-00057.png,figure,Bridgeport,outputs_figures,derived_other,278984,True
outputs/figures/bridgeport/notebook05_stage0/step_02_evidence_card_bridgeport-rule-candidate-00509.png,figure,Bridgeport,outputs_figures,derived_other,362776,True
outputs/figures/bridgeport/notebook05_stage0/step_02_evidence_card_bridgeport-rule-candidate-00508.png,figure,Bridgeport,outputs_figures,derived_other,408769,True
outputs/figures/bridgeport/notebook05_stage0/step_00_conflict_reclassification_chart.png,figure,Bridgeport,outputs_figures,derived_other,63518,False
outputs/figures/bridgeport/notebook05_stage0/step_00_gis_unmatched_classification.png,figure,Bridgeport,outputs_figures,derived_other,57925,False
outputs/figures/bridgeport/notebook05_stage0/step_00_scenario_model.png,figure,Bridgeport,outputs_figures,derived_other,393285,False
outputs/figures/bridgeport/notebook05_stage0/step_00_example_frontage_or_site_variant.png,figure,Bridgeport,outputs_figures,derived_other,287590,False
outputs/figures/bridgeport/notebook05_stage0/step_00_example_table_or_diagram_uncertainty.png,figure,Bridgeport,outputs_figures,derived_other,278984,True
outputs/figures/bridgeport/notebook05_stage0/step_02_evidence_card_bridgeport-rule-candidate-00510.png,figure,Bridgeport,outputs_figures,derived_other,362776,True
outputs/figures/bridgeport/notebook05_stage0/step_02_evidence_card_bridgeport-rule-candidate-00507.png,figure,Bridgeport,outputs_figures,derived_other,408769,True
outputs/figures/bridgeport/notebook05_stage0/step_00_example_building_form_variant.png,figure,Bridgeport,outputs_figures,derived_other,1032496,False
outputs/figures/bridgeport/notebook05_stage0/step_02_evidence_card_bridgeport-rule-candidate-00059.png,figure,Bridgeport,outputs_figures,derived_other,278984,True
