town,analysis_unit_id,district_code,district_name,variable_id,framework_label,final_determination,categorical_value,raw_value,normalized_value,source_page,section_or_node_path,source_excerpt,rationale,extraction_method,source_confidence,extraction_confidence,missingness_diagnosis,comparability_status,cross_reference_trail,date_version,score_readiness,score_eligibility_rationale
Bridgeport,DX1__Storefront,DX1,,V2,Minimum lot-width threshold,confirmed,,18.0,18.0,20.0,X.X0.4 BUILDING SITING -- Storefront,,directly transcribed from BUILDING SITING table,targeted_visual_table_recovery,0.9,0.9,confirmed_governing_rule,directly_comparable,,2026-10-01,score_ready,confirmed with a direct or documented-transform comparability status
Bridgeport,DX1__Storefront,DX1,,V4,Site-intensity / ground-plane control,confirmed,,95.0,95.0,20.0,X.X0.4 BUILDING SITING -- Storefront,,directly transcribed; corrects Phase 2's flattened-text attribution where they disagree (see Section 2.1),targeted_visual_table_recovery,0.9,0.9,confirmed_governing_rule,comparable_with_documented_transform,see 14.20.7 for measuring site coverage,2026-10-01,score_ready,confirmed with a direct or documented-transform comparability status
Bridgeport,DX1__Storefront,DX1,,V5,Building-placement control,confirmed,,0.0,,20.0,X.X0.4 BUILDING SITING -- Storefront,,rule format = build_to; build-to is never treated as a conventional setback,targeted_visual_table_recovery,0.9,0.9,confirmed_governing_rule,structurally_non_equivalent,,2026-10-01,score_ready_with_caveat,"confirmed but only comparable via a predeclared ordinal/categorical rubric, not a direct metric"
Bridgeport,DX1__Storefront,DX1,,V5,Building-placement control,confirmed,,0.0,0.0,20.0,X.X0.4 BUILDING SITING -- Storefront,,directly transcribed,targeted_visual_table_recovery,0.9,0.9,confirmed_governing_rule,directly_comparable,,2026-10-01,score_ready,confirmed with a direct or documented-transform comparability status
Bridgeport,DX1__Storefront,DX1,,V5,Building-placement control,confirmed,,15.0,15.0,20.0,X.X0.4 BUILDING SITING -- Storefront,,directly transcribed,targeted_visual_table_recovery,0.9,0.9,confirmed_governing_rule,directly_comparable,,2026-10-01,score_ready,confirmed with a direct or documented-transform comparability status
Bridgeport,MX1__Storefront,MX1,,V4,Site-intensity / ground-plane control,confirmed,,95.0,95.0,20.0,X.X0.4 BUILDING SITING -- Storefront,,directly transcribed; corrects Phase 2's flattened-text attribution where they disagree (see Section 2.1),targeted_visual_table_recovery,0.9,0.9,confirmed_governing_rule,comparable_with_documented_transform,see 14.20.7 for measuring site coverage,2026-10-01,score_ready,confirmed with a direct or documented-transform comparability status
Bridgeport,MX1__Storefront,MX1,,V5,Building-placement control,confirmed,,0.0,,20.0,X.X0.4 BUILDING SITING -- Storefront,,rule format = build_to; build-to is never treated as a conventional setback,targeted_visual_table_recovery,0.9,0.9,confirmed_governing_rule,structurally_non_equivalent,,2026-10-01,score_ready_with_caveat,"confirmed but only comparable via a predeclared ordinal/categorical rubric, not a direct metric"
Bridgeport,MX1__Storefront,MX1,,V5,Building-placement control,confirmed,,0.0,0.0,20.0,X.X0.4 BUILDING SITING -- Storefront,,directly transcribed,targeted_visual_table_recovery,0.9,0.9,confirmed_governing_rule,directly_comparable,,2026-10-01,score_ready,confirmed with a direct or documented-transform comparability status
Bridgeport,MX1__Storefront,MX1,,V5,Building-placement control,confirmed,,15.0,15.0,20.0,X.X0.4 BUILDING SITING -- Storefront,,directly transcribed,targeted_visual_table_recovery,0.9,0.9,confirmed_governing_rule,directly_comparable,,2026-10-01,score_ready,confirmed with a direct or documented-transform comparability status
Bridgeport,MX2__Storefront,MX2,,V4,Site-intensity / ground-plane control,confirmed,,95.0,95.0,20.0,X.X0.4 BUILDING SITING -- Storefront,,directly transcribed; corrects Phase 2's flattened-text attribution where they disagree (see Section 2.1),targeted_visual_table_recovery,0.9,0.9,confirmed_governing_rule,comparable_with_documented_transform,see 14.20.7 for measuring site coverage,2026-10-01,score_ready,confirmed with a direct or documented-transform comparability status
Bridgeport,MX2__Storefront,MX2,,V5,Building-placement control,confirmed,,0.0,,20.0,X.X0.4 BUILDING SITING -- Storefront,,rule format = build_to; build-to is never treated as a conventional setback,targeted_visual_table_recovery,0.9,0.9,confirmed_governing_rule,structurally_non_equivalent,,2026-10-01,score_ready_with_caveat,"confirmed but only comparable via a predeclared ordinal/categorical rubric, not a direct metric"
Bridgeport,MX2__Storefront,MX2,,V5,Building-placement control,confirmed,,0.0,0.0,20.0,X.X0.4 BUILDING SITING -- Storefront,,directly transcribed,targeted_visual_table_recovery,0.9,0.9,confirmed_governing_rule,directly_comparable,,2026-10-01,score_ready,confirmed with a direct or documented-transform comparability status
Bridgeport,MX2__Storefront,MX2,,V5,Building-placement control,confirmed,,15.0,15.0,20.0,X.X0.4 BUILDING SITING -- Storefront,,directly transcribed,targeted_visual_table_recovery,0.9,0.9,confirmed_governing_rule,directly_comparable,,2026-10-01,score_ready,confirmed with a direct or documented-transform comparability status
Bridgeport,MXN__Storefront,MXN,,V2,Minimum lot-width threshold,confirmed,,50.0,50.0,20.0,X.X0.4 BUILDING SITING -- Storefront,,directly transcribed from BUILDING SITING table,targeted_visual_table_recovery,0.9,0.9,confirmed_governing_rule,directly_comparable,,2026-10-01,score_ready,confirmed with a direct or documented-transform comparability status
Bridgeport,MXN__Storefront,MXN,,V4,Site-intensity / ground-plane control,confirmed,,85.0,85.0,20.0,X.X0.4 BUILDING SITING -- Storefront,,directly transcribed; corrects Phase 2's flattened-text attribution where they disagree (see Section 2.1),targeted_visual_table_recovery,0.9,0.9,confirmed_governing_rule,comparable_with_documented_transform,see 14.20.7 for measuring site coverage,2026-10-01,score_ready,confirmed with a direct or documented-transform comparability status
Bridgeport,MXN__Storefront,MXN,,V5,Building-placement control,confirmed,,0.0,,20.0,X.X0.4 BUILDING SITING -- Storefront,,rule format = build_to; build-to is never treated as a conventional setback,targeted_visual_table_recovery,0.9,0.9,confirmed_governing_rule,structurally_non_equivalent,,2026-10-01,score_ready_with_caveat,"confirmed but only comparable via a predeclared ordinal/categorical rubric, not a direct metric"
Bridgeport,MXN__Storefront,MXN,,V5,Building-placement control,confirmed,,0.0,0.0,20.0,X.X0.4 BUILDING SITING -- Storefront,,directly transcribed,targeted_visual_table_recovery,0.9,0.9,confirmed_governing_rule,directly_comparable,,2026-10-01,score_ready,confirmed with a direct or documented-transform comparability status
Bridgeport,MXN__Storefront,MXN,,V5,Building-placement control,confirmed,,20.0,20.0,20.0,X.X0.4 BUILDING SITING -- Storefront,,directly transcribed,targeted_visual_table_recovery,0.9,0.9,confirmed_governing_rule,directly_comparable,,2026-10-01,score_ready,confirmed with a direct or documented-transform comparability status
Bridgeport,MX2__Commercial Center,MX2,,V2,Minimum lot-width threshold,confirmed,,60.0,60.0,28.0,X.X0.4 BUILDING SITING -- Commercial Center,,directly transcribed from BUILDING SITING table,targeted_visual_table_recovery,0.9,0.9,confirmed_governing_rule,directly_comparable,,2026-10-01,score_ready,confirmed with a direct or documented-transform comparability status
Bridgeport,MX2__Commercial Center,MX2,,V4,Site-intensity / ground-plane control,confirmed,,80.0,80.0,28.0,X.X0.4 BUILDING SITING -- Commercial Center,,directly transcribed; corrects Phase 2's flattened-text attribution where they disagree (see Section 2.1),targeted_visual_table_recovery,0.9,0.9,confirmed_governing_rule,comparable_with_documented_transform,see 14.20.7 for measuring site coverage,2026-10-01,score_ready,confirmed with a direct or documented-transform comparability status
Bridgeport,MX2__Commercial Center,MX2,,V5,Building-placement control,confirmed,,5.0,,28.0,X.X0.4 BUILDING SITING -- Commercial Center,,rule format = build_to; build-to is never treated as a conventional setback,targeted_visual_table_recovery,0.9,0.9,confirmed_governing_rule,structurally_non_equivalent,,2026-10-01,score_ready_with_caveat,"confirmed but only comparable via a predeclared ordinal/categorical rubric, not a direct metric"
Bridgeport,MX2__Commercial Center,MX2,,V5,Building-placement control,confirmed,,5.0,5.0,28.0,X.X0.4 BUILDING SITING -- Commercial Center,,directly transcribed,targeted_visual_table_recovery,0.9,0.9,confirmed_governing_rule,directly_comparable,,2026-10-01,score_ready,confirmed with a direct or documented-transform comparability status
Bridgeport,MX2__Commercial Center,MX2,,V5,Building-placement control,confirmed,,5.0,5.0,28.0,X.X0.4 BUILDING SITING -- Commercial Center,,directly transcribed,targeted_visual_table_recovery,0.9,0.9,confirmed_governing_rule,directly_comparable,,2026-10-01,score_ready,confirmed with a direct or documented-transform comparability status
Bridgeport,MX1__Commercial House,MX1,,V2,Minimum lot-width threshold,confirmed,,50.0,50.0,36.0,X.X0.4 BUILDING SITING -- Commercial House,,directly transcribed from BUILDING SITING table,targeted_visual_table_recovery,0.9,0.9,confirmed_governing_rule,directly_comparable,,2026-10-01,score_ready,confirmed with a direct or documented-transform comparability status
Bridgeport,MX1__Commercial House,MX1,,V4,Site-intensity / ground-plane control,confirmed,,80.0,80.0,36.0,X.X0.4 BUILDING SITING -- Commercial House,,directly transcribed; corrects Phase 2's flattened-text attribution where they disagree (see Section 2.1),targeted_visual_table_recovery,0.9,0.9,confirmed_governing_rule,comparable_with_documented_transform,see 14.20.7 for measuring site coverage,2026-10-01,score_ready,confirmed with a direct or documented-transform comparability status
Bridgeport,MX1__Commercial House,MX1,,V5,Building-placement control,confirmed,,15.0,15.0,36.0,X.X0.4 BUILDING SITING -- Commercial House,,rule format = setback; build-to is never treated as a conventional setback,targeted_visual_table_recovery,0.9,0.9,confirmed_governing_rule,directly_comparable,,2026-10-01,score_ready,confirmed with a direct or documented-transform comparability status
Bridgeport,MX1__Commercial House,MX1,,V5,Building-placement control,confirmed,,2.0,2.0,36.0,X.X0.4 BUILDING SITING -- Commercial House,,directly transcribed,targeted_visual_table_recovery,0.9,0.9,confirmed_governing_rule,directly_comparable,,2026-10-01,score_ready,confirmed with a direct or documented-transform comparability status
Bridgeport,MX1__Commercial House,MX1,,V5,Building-placement control,confirmed,,20.0,20.0,36.0,X.X0.4 BUILDING SITING -- Commercial House,,directly transcribed,targeted_visual_table_recovery,0.9,0.9,confirmed_governing_rule,directly_comparable,,2026-10-01,score_ready,confirmed with a direct or documented-transform comparability status
Bridgeport,MX1__Commercial House,MX1,,V5,Building-placement control,confirmed,,37.0,37.0,36.0,X.X0.4 BUILDING SITING -- Commercial House,,"front, side, and rear are all explicitly setbacks (not build-to) for this building type/zone, so the sum is scenario-valid",targeted_visual_table_recovery,0.9,0.9,confirmed_governing_rule,directly_comparable,,2026-10-01,score_ready,confirmed with a direct or documented-transform comparability status
Bridgeport,MXN__Commercial House,MXN,,V2,Minimum lot-width threshold,confirmed,,50.0,50.0,36.0,X.X0.4 BUILDING SITING -- Commercial House,,directly transcribed from BUILDING SITING table,targeted_visual_table_recovery,0.9,0.9,confirmed_governing_rule,directly_comparable,,2026-10-01,score_ready,confirmed with a direct or documented-transform comparability status
Bridgeport,MXN__Commercial House,MXN,,V4,Site-intensity / ground-plane control,confirmed,,80.0,80.0,36.0,X.X0.4 BUILDING SITING -- Commercial House,,directly transcribed; corrects Phase 2's flattened-text attribution where they disagree (see Section 2.1),targeted_visual_table_recovery,0.9,0.9,confirmed_governing_rule,comparable_with_documented_transform,see 14.20.7 for measuring site coverage,2026-10-01,score_ready,confirmed with a direct or documented-transform comparability status
Bridgeport,MXN__Commercial House,MXN,,V5,Building-placement control,confirmed,,15.0,15.0,36.0,X.X0.4 BUILDING SITING -- Commercial House,,rule format = setback; build-to is never treated as a conventional setback,targeted_visual_table_recovery,0.9,0.9,confirmed_governing_rule,directly_comparable,,2026-10-01,score_ready,confirmed with a direct or documented-transform comparability status
Bridgeport,MXN__Commercial House,MXN,,V5,Building-placement control,confirmed,,2.0,2.0,36.0,X.X0.4 BUILDING SITING -- Commercial House,,directly transcribed,targeted_visual_table_recovery,0.9,0.9,confirmed_governing_rule,directly_comparable,,2026-10-01,score_ready,confirmed with a direct or documented-transform comparability status
Bridgeport,MXN__Commercial House,MXN,,V5,Building-placement control,confirmed,,20.0,20.0,36.0,X.X0.4 BUILDING SITING -- Commercial House,,directly transcribed,targeted_visual_table_recovery,0.9,0.9,confirmed_governing_rule,directly_comparable,,2026-10-01,score_ready,confirmed with a direct or documented-transform comparability status
Bridgeport,MXN__Commercial House,MXN,,V5,Building-placement control,confirmed,,37.0,37.0,36.0,X.X0.4 BUILDING SITING -- Commercial House,,"front, side, and rear are all explicitly setbacks (not build-to) for this building type/zone, so the sum is scenario-valid",targeted_visual_table_recovery,0.9,0.9,confirmed_governing_rule,directly_comparable,,2026-10-01,score_ready,confirmed with a direct or documented-transform comparability status
Bridgeport,MX2__Commercial House,MX2,,V2,Minimum lot-width threshold,confirmed,,50.0,50.0,36.0,X.X0.4 BUILDING SITING -- Commercial House,,directly transcribed from BUILDING SITING table,targeted_visual_table_recovery,0.9,0.9,confirmed_governing_rule,directly_comparable,,2026-10-01,score_ready,confirmed with a direct or documented-transform comparability status
Bridgeport,MX2__Commercial House,MX2,,V4,Site-intensity / ground-plane control,confirmed,,80.0,80.0,36.0,X.X0.4 BUILDING SITING -- Commercial House,,directly transcribed; corrects Phase 2's flattened-text attribution where they disagree (see Section 2.1),targeted_visual_table_recovery,0.9,0.9,confirmed_governing_rule,comparable_with_documented_transform,see 14.20.7 for measuring site coverage,2026-10-01,score_ready,confirmed with a direct or documented-transform comparability status
Bridgeport,MX2__Commercial House,MX2,,V5,Building-placement control,confirmed,,15.0,15.0,36.0,X.X0.4 BUILDING SITING -- Commercial House,,rule format = setback; build-to is never treated as a conventional setback,targeted_visual_table_recovery,0.9,0.9,confirmed_governing_rule,directly_comparable,,2026-10-01,score_ready,confirmed with a direct or documented-transform comparability status
Bridgeport,MX2__Commercial House,MX2,,V5,Building-placement control,confirmed,,2.0,2.0,36.0,X.X0.4 BUILDING SITING -- Commercial House,,directly transcribed,targeted_visual_table_recovery,0.9,0.9,confirmed_governing_rule,directly_comparable,,2026-10-01,score_ready,confirmed with a direct or documented-transform comparability status
Bridgeport,MX2__Commercial House,MX2,,V5,Building-placement control,confirmed,,20.0,20.0,36.0,X.X0.4 BUILDING SITING -- Commercial House,,directly transcribed,targeted_visual_table_recovery,0.9,0.9,confirmed_governing_rule,directly_comparable,,2026-10-01,score_ready,confirmed with a direct or documented-transform comparability status
Bridgeport,MX2__Commercial House,MX2,,V5,Building-placement control,confirmed,,37.0,37.0,36.0,X.X0.4 BUILDING SITING -- Commercial House,,"front, side, and rear are all explicitly setbacks (not build-to) for this building type/zone, so the sum is scenario-valid",targeted_visual_table_recovery,0.9,0.9,confirmed_governing_rule,directly_comparable,,2026-10-01,score_ready,confirmed with a direct or documented-transform comparability status
Bridgeport,RX1__Commercial House,RX1,,V2,Minimum lot-width threshold,confirmed,,45.0,45.0,36.0,X.X0.4 BUILDING SITING -- Commercial House,,directly transcribed from BUILDING SITING table,targeted_visual_table_recovery,0.9,0.9,confirmed_governing_rule,directly_comparable,,2026-10-01,score_ready,confirmed with a direct or documented-transform comparability status
Bridgeport,RX1__Commercial House,RX1,,V4,Site-intensity / ground-plane control,confirmed,,80.0,80.0,36.0,X.X0.4 BUILDING SITING -- Commercial House,,directly transcribed; corrects Phase 2's flattened-text attribution where they disagree (see Section 2.1),targeted_visual_table_recovery,0.9,0.9,confirmed_governing_rule,comparable_with_documented_transform,see 14.20.7 for measuring site coverage,2026-10-01,score_ready,confirmed with a direct or documented-transform comparability status
Bridgeport,RX1__Commercial House,RX1,,V5,Building-placement control,confirmed,,10.0,10.0,36.0,X.X0.4 BUILDING SITING -- Commercial House,,rule format = setback; build-to is never treated as a conventional setback,targeted_visual_table_recovery,0.9,0.9,confirmed_governing_rule,directly_comparable,,2026-10-01,score_ready,confirmed with a direct or documented-transform comparability status
Bridgeport,RX1__Commercial House,RX1,,V5,Building-placement control,confirmed,,2.0,2.0,36.0,X.X0.4 BUILDING SITING -- Commercial House,,directly transcribed,targeted_visual_table_recovery,0.9,0.9,confirmed_governing_rule,directly_comparable,,2026-10-01,score_ready,confirmed with a direct or documented-transform comparability status
Bridgeport,RX1__Commercial House,RX1,,V5,Building-placement control,confirmed,,15.0,15.0,36.0,X.X0.4 BUILDING SITING -- Commercial House,,directly transcribed,targeted_visual_table_recovery,0.9,0.9,confirmed_governing_rule,directly_comparable,,2026-10-01,score_ready,confirmed with a direct or documented-transform comparability status
Bridgeport,RX1__Commercial House,RX1,,V5,Building-placement control,confirmed,,27.0,27.0,36.0,X.X0.4 BUILDING SITING -- Commercial House,,"front, side, and rear are all explicitly setbacks (not build-to) for this building type/zone, so the sum is scenario-valid",targeted_visual_table_recovery,0.9,0.9,confirmed_governing_rule,directly_comparable,,2026-10-01,score_ready,confirmed with a direct or documented-transform comparability status
Bridgeport,RX2__Commercial House,RX2,,V2,Minimum lot-width threshold,confirmed,,45.0,45.0,36.0,X.X0.4 BUILDING SITING -- Commercial House,,directly transcribed from BUILDING SITING table,targeted_visual_table_recovery,0.9,0.9,confirmed_governing_rule,directly_comparable,,2026-10-01,score_ready,confirmed with a direct or documented-transform comparability status
Bridgeport,RX2__Commercial House,RX2,,V4,Site-intensity / ground-plane control,confirmed,,80.0,80.0,36.0,X.X0.4 BUILDING SITING -- Commercial House,,directly transcribed; corrects Phase 2's flattened-text attribution where they disagree (see Section 2.1),targeted_visual_table_recovery,0.9,0.9,confirmed_governing_rule,comparable_with_documented_transform,see 14.20.7 for measuring site coverage,2026-10-01,score_ready,confirmed with a direct or documented-transform comparability status
Bridgeport,RX2__Commercial House,RX2,,V5,Building-placement control,confirmed,,10.0,10.0,36.0,X.X0.4 BUILDING SITING -- Commercial House,,rule format = setback; build-to is never treated as a conventional setback,targeted_visual_table_recovery,0.9,0.9,confirmed_governing_rule,directly_comparable,,2026-10-01,score_ready,confirmed with a direct or documented-transform comparability status
Bridgeport,RX2__Commercial House,RX2,,V5,Building-placement control,confirmed,,2.0,2.0,36.0,X.X0.4 BUILDING SITING -- Commercial House,,directly transcribed,targeted_visual_table_recovery,0.9,0.9,confirmed_governing_rule,directly_comparable,,2026-10-01,score_ready,confirmed with a direct or documented-transform comparability status
Bridgeport,RX2__Commercial House,RX2,,V5,Building-placement control,confirmed,,15.0,15.0,36.0,X.X0.4 BUILDING SITING -- Commercial House,,directly transcribed,targeted_visual_table_recovery,0.9,0.9,confirmed_governing_rule,directly_comparable,,2026-10-01,score_ready,confirmed with a direct or documented-transform comparability status
Bridgeport,RX2__Commercial House,RX2,,V5,Building-placement control,confirmed,,27.0,27.0,36.0,X.X0.4 BUILDING SITING -- Commercial House,,"front, side, and rear are all explicitly setbacks (not build-to) for this building type/zone, so the sum is scenario-valid",targeted_visual_table_recovery,0.9,0.9,confirmed_governing_rule,directly_comparable,,2026-10-01,score_ready,confirmed with a direct or documented-transform comparability status
Bridgeport,DX2__General,DX2,,V4,Site-intensity / ground-plane control,confirmed,,95.0,95.0,44.0,X.X0.4 BUILDING SITING -- General,,directly transcribed; corrects Phase 2's flattened-text attribution where they disagree (see Section 2.1),targeted_visual_table_recovery,0.9,0.9,confirmed_governing_rule,comparable_with_documented_transform,see 14.20.7 for measuring site coverage,2026-10-01,score_ready,confirmed with a direct or documented-transform comparability status
Bridgeport,DX2__General,DX2,,V5,Building-placement control,confirmed,,0.0,,44.0,X.X0.4 BUILDING SITING -- General,,rule format = build_to; build-to is never treated as a conventional setback,targeted_visual_table_recovery,0.9,0.9,confirmed_governing_rule,structurally_non_equivalent,,2026-10-01,score_ready_with_caveat,"confirmed but only comparable via a predeclared ordinal/categorical rubric, not a direct metric"
Bridgeport,DX2__General,DX2,,V5,Building-placement control,confirmed,,3.0,3.0,44.0,X.X0.4 BUILDING SITING -- General,,directly transcribed,targeted_visual_table_recovery,0.9,0.9,confirmed_governing_rule,directly_comparable,,2026-10-01,score_ready,confirmed with a direct or documented-transform comparability status
Bridgeport,DX2__General,DX2,,V5,Building-placement control,confirmed,,20.0,20.0,44.0,X.X0.4 BUILDING SITING -- General,,directly transcribed,targeted_visual_table_recovery,0.9,0.9,confirmed_governing_rule,directly_comparable,,2026-10-01,score_ready,confirmed with a direct or documented-transform comparability status
Bridgeport,RX2__General,RX2,,V4,Site-intensity / ground-plane control,confirmed,,85.0,85.0,44.0,X.X0.4 BUILDING SITING -- General,,directly transcribed; corrects Phase 2's flattened-text attribution where they disagree (see Section 2.1),targeted_visual_table_recovery,0.9,0.9,confirmed_governing_rule,comparable_with_documented_transform,see 14.20.7 for measuring site coverage,2026-10-01,score_ready,confirmed with a direct or documented-transform comparability status
Bridgeport,RX2__General,RX2,,V5,Building-placement control,confirmed,,0.0,,44.0,X.X0.4 BUILDING SITING -- General,,rule format = build_to; build-to is never treated as a conventional setback,targeted_visual_table_recovery,0.9,0.9,confirmed_governing_rule,structurally_non_equivalent,,2026-10-01,score_ready_with_caveat,"confirmed but only comparable via a predeclared ordinal/categorical rubric, not a direct metric"
Bridgeport,RX2__General,RX2,,V5,Building-placement control,confirmed,,3.0,3.0,44.0,X.X0.4 BUILDING SITING -- General,,directly transcribed,targeted_visual_table_recovery,0.9,0.9,confirmed_governing_rule,directly_comparable,,2026-10-01,score_ready,confirmed with a direct or documented-transform comparability status
Bridgeport,RX2__General,RX2,,V5,Building-placement control,confirmed,,20.0,20.0,44.0,X.X0.4 BUILDING SITING -- General,,directly transcribed,targeted_visual_table_recovery,0.9,0.9,confirmed_governing_rule,directly_comparable,,2026-10-01,score_ready,confirmed with a direct or documented-transform comparability status
Bridgeport,P2__General,P2,,V4,Site-intensity / ground-plane control,confirmed,,85.0,85.0,44.0,X.X0.4 BUILDING SITING -- General,,directly transcribed; corrects Phase 2's flattened-text attribution where they disagree (see Section 2.1),targeted_visual_table_recovery,0.9,0.9,confirmed_governing_rule,comparable_with_documented_transform,see 14.20.7 for measuring site coverage,2026-10-01,score_ready,confirmed with a direct or documented-transform comparability status
Bridgeport,P2__General,P2,,V5,Building-placement control,confirmed,,0.0,,44.0,X.X0.4 BUILDING SITING -- General,,rule format = build_to; build-to is never treated as a conventional setback,targeted_visual_table_recovery,0.9,0.9,confirmed_governing_rule,structurally_non_equivalent,,2026-10-01,score_ready_with_caveat,"confirmed but only comparable via a predeclared ordinal/categorical rubric, not a direct metric"
Bridgeport,P2__General,P2,,V5,Building-placement control,confirmed,,3.0,3.0,44.0,X.X0.4 BUILDING SITING -- General,,directly transcribed,targeted_visual_table_recovery,0.9,0.9,confirmed_governing_rule,directly_comparable,,2026-10-01,score_ready,confirmed with a direct or documented-transform comparability status
Bridgeport,P2__General,P2,,V5,Building-placement control,confirmed,,20.0,20.0,44.0,X.X0.4 BUILDING SITING -- General,,directly transcribed,targeted_visual_table_recovery,0.9,0.9,confirmed_governing_rule,directly_comparable,,2026-10-01,score_ready,confirmed with a direct or documented-transform comparability status
Bridgeport,IX__General,IX,,V4,Site-intensity / ground-plane control,confirmed,,85.0,85.0,44.0,X.X0.4 BUILDING SITING -- General,,directly transcribed; corrects Phase 2's flattened-text attribution where they disagree (see Section 2.1),targeted_visual_table_recovery,0.9,0.9,confirmed_governing_rule,comparable_with_documented_transform,see 14.20.7 for measuring site coverage,2026-10-01,score_ready,confirmed with a direct or documented-transform comparability status
Bridgeport,IX__General,IX,,V5,Building-placement control,confirmed,,0.0,,44.0,X.X0.4 BUILDING SITING -- General,,rule format = build_to; build-to is never treated as a conventional setback,targeted_visual_table_recovery,0.9,0.9,confirmed_governing_rule,structurally_non_equivalent,,2026-10-01,score_ready_with_caveat,"confirmed but only comparable via a predeclared ordinal/categorical rubric, not a direct metric"
Bridgeport,IX__General,IX,,V5,Building-placement control,confirmed,,3.0,3.0,44.0,X.X0.4 BUILDING SITING -- General,,directly transcribed,targeted_visual_table_recovery,0.9,0.9,confirmed_governing_rule,directly_comparable,,2026-10-01,score_ready,confirmed with a direct or documented-transform comparability status
Bridgeport,IX__General,IX,,V5,Building-placement control,confirmed,,20.0,20.0,44.0,X.X0.4 BUILDING SITING -- General,,directly transcribed,targeted_visual_table_recovery,0.9,0.9,confirmed_governing_rule,directly_comparable,,2026-10-01,score_ready,confirmed with a direct or documented-transform comparability status
Bridgeport,NX4__General,NX4,,V4,Site-intensity / ground-plane control,confirmed,,85.0,85.0,44.0,X.X0.4 BUILDING SITING -- General,,directly transcribed; corrects Phase 2's flattened-text attribution where they disagree (see Section 2.1),targeted_visual_table_recovery,0.9,0.9,confirmed_governing_rule,comparable_with_documented_transform,see 14.20.7 for measuring site coverage,2026-10-01,score_ready,confirmed with a direct or documented-transform comparability status
Bridgeport,NX4__General,NX4,,V5,Building-placement control,confirmed,,0.0,,44.0,X.X0.4 BUILDING SITING -- General,,rule format = build_to; build-to is never treated as a conventional setback,targeted_visual_table_recovery,0.9,0.9,confirmed_governing_rule,structurally_non_equivalent,,2026-10-01,score_ready_with_caveat,"confirmed but only comparable via a predeclared ordinal/categorical rubric, not a direct metric"
Bridgeport,NX4__General,NX4,,V5,Building-placement control,confirmed,,3.0,3.0,44.0,X.X0.4 BUILDING SITING -- General,,directly transcribed,targeted_visual_table_recovery,0.9,0.9,confirmed_governing_rule,directly_comparable,,2026-10-01,score_ready,confirmed with a direct or documented-transform comparability status
Bridgeport,NX4__General,NX4,,V5,Building-placement control,confirmed,,20.0,20.0,44.0,X.X0.4 BUILDING SITING -- General,,directly transcribed,targeted_visual_table_recovery,0.9,0.9,confirmed_governing_rule,directly_comparable,,2026-10-01,score_ready,confirmed with a direct or documented-transform comparability status
Bridgeport,NX3__General,NX3,,V4,Site-intensity / ground-plane control,confirmed,,80.0,80.0,44.0,X.X0.4 BUILDING SITING -- General,,directly transcribed; corrects Phase 2's flattened-text attribution where they disagree (see Section 2.1),targeted_visual_table_recovery,0.9,0.9,confirmed_governing_rule,comparable_with_documented_transform,see 14.20.7 for measuring site coverage,2026-10-01,score_ready,confirmed with a direct or documented-transform comparability status
Bridgeport,NX3__General,NX3,,V5,Building-placement control,confirmed,,8.0,,44.0,X.X0.4 BUILDING SITING -- General,,rule format = build_to; build-to is never treated as a conventional setback,targeted_visual_table_recovery,0.9,0.9,confirmed_governing_rule,structurally_non_equivalent,,2026-10-01,score_ready_with_caveat,"confirmed but only comparable via a predeclared ordinal/categorical rubric, not a direct metric"
Bridgeport,NX3__General,NX3,,V5,Building-placement control,confirmed,,2.0,2.0,44.0,X.X0.4 BUILDING SITING -- General,,directly transcribed,targeted_visual_table_recovery,0.9,0.9,confirmed_governing_rule,directly_comparable,,2026-10-01,score_ready,confirmed with a direct or documented-transform comparability status
Bridgeport,NX3__General,NX3,,V5,Building-placement control,confirmed,,20.0,20.0,44.0,X.X0.4 BUILDING SITING -- General,,directly transcribed,targeted_visual_table_recovery,0.9,0.9,confirmed_governing_rule,directly_comparable,,2026-10-01,score_ready,confirmed with a direct or documented-transform comparability status
Bridgeport,CX__General,CX,,V4,Site-intensity / ground-plane control,confirmed,,85.0,85.0,44.0,X.X0.4 BUILDING SITING -- General,,directly transcribed; corrects Phase 2's flattened-text attribution where they disagree (see Section 2.1),targeted_visual_table_recovery,0.9,0.9,confirmed_governing_rule,comparable_with_documented_transform,see 14.20.7 for measuring site coverage,2026-10-01,score_ready,confirmed with a direct or documented-transform comparability status
Bridgeport,CX__General,CX,,V5,Building-placement control,confirmed,,15.0,,44.0,X.X0.4 BUILDING SITING -- General,,rule format = build_to; build-to is never treated as a conventional setback,targeted_visual_table_recovery,0.9,0.9,confirmed_governing_rule,structurally_non_equivalent,,2026-10-01,score_ready_with_caveat,"confirmed but only comparable via a predeclared ordinal/categorical rubric, not a direct metric"
Bridgeport,CX__General,CX,,V5,Building-placement control,confirmed,,3.0,3.0,44.0,X.X0.4 BUILDING SITING -- General,,directly transcribed,targeted_visual_table_recovery,0.9,0.9,confirmed_governing_rule,directly_comparable,,2026-10-01,score_ready,confirmed with a direct or documented-transform comparability status
Bridgeport,CX__General,CX,,V5,Building-placement control,confirmed,,20.0,20.0,44.0,X.X0.4 BUILDING SITING -- General,,directly transcribed,targeted_visual_table_recovery,0.9,0.9,confirmed_governing_rule,directly_comparable,,2026-10-01,score_ready,confirmed with a direct or documented-transform comparability status
Bridgeport,I__General,I,,V4,Site-intensity / ground-plane control,confirmed,,85.0,85.0,44.0,X.X0.4 BUILDING SITING -- General,,directly transcribed; corrects Phase 2's flattened-text attribution where they disagree (see Section 2.1),targeted_visual_table_recovery,0.9,0.9,confirmed_governing_rule,comparable_with_documented_transform,see 14.20.7 for measuring site coverage,2026-10-01,score_ready,confirmed with a direct or documented-transform comparability status
Bridgeport,I__General,I,,V5,Building-placement control,confirmed,,15.0,,44.0,X.X0.4 BUILDING SITING -- General,,rule format = build_to; build-to is never treated as a conventional setback,targeted_visual_table_recovery,0.9,0.9,confirmed_governing_rule,structurally_non_equivalent,,2026-10-01,score_ready_with_caveat,"confirmed but only comparable via a predeclared ordinal/categorical rubric, not a direct metric"
Bridgeport,I__General,I,,V5,Building-placement control,confirmed,,3.0,3.0,44.0,X.X0.4 BUILDING SITING -- General,,directly transcribed,targeted_visual_table_recovery,0.9,0.9,confirmed_governing_rule,directly_comparable,,2026-10-01,score_ready,confirmed with a direct or documented-transform comparability status
Bridgeport,I__General,I,,V5,Building-placement control,confirmed,,20.0,20.0,44.0,X.X0.4 BUILDING SITING -- General,,directly transcribed,targeted_visual_table_recovery,0.9,0.9,confirmed_governing_rule,directly_comparable,,2026-10-01,score_ready,confirmed with a direct or documented-transform comparability status
Bridgeport,NX2__Small General,NX2,,V2,Minimum lot-width threshold,confirmed,,50.0,50.0,52.0,X.X0.4 BUILDING SITING -- Small General,,directly transcribed from BUILDING SITING table,targeted_visual_table_recovery,0.9,0.9,confirmed_governing_rule,directly_comparable,,2026-10-01,score_ready,confirmed with a direct or documented-transform comparability status
Bridgeport,NX2__Small General,NX2,,V4,Site-intensity / ground-plane control,confirmed,,80.0,80.0,52.0,X.X0.4 BUILDING SITING -- Small General,,directly transcribed; corrects Phase 2's flattened-text attribution where they disagree (see Section 2.1),targeted_visual_table_recovery,0.9,0.9,confirmed_governing_rule,comparable_with_documented_transform,see 14.20.7 for measuring site coverage,2026-10-01,score_ready,confirmed with a direct or documented-transform comparability status
Bridgeport,NX2__Small General,NX2,,V5,Building-placement control,confirmed,,14.0,,52.0,X.X0.4 BUILDING SITING -- Small General,,rule format = build_to; build-to is never treated as a conventional setback,targeted_visual_table_recovery,0.9,0.9,confirmed_governing_rule,structurally_non_equivalent,,2026-10-01,score_ready_with_caveat,"confirmed but only comparable via a predeclared ordinal/categorical rubric, not a direct metric"
Bridgeport,NX2__Small General,NX2,,V5,Building-placement control,confirmed,,2.0,2.0,52.0,X.X0.4 BUILDING SITING -- Small General,,directly transcribed,targeted_visual_table_recovery,0.9,0.9,confirmed_governing_rule,directly_comparable,,2026-10-01,score_ready,confirmed with a direct or documented-transform comparability status
Bridgeport,NX2__Small General,NX2,,V5,Building-placement control,confirmed,,20.0,20.0,52.0,X.X0.4 BUILDING SITING -- Small General,,directly transcribed,targeted_visual_table_recovery,0.9,0.9,confirmed_governing_rule,directly_comparable,,2026-10-01,score_ready,confirmed with a direct or documented-transform comparability status
Bridgeport,RX1__Small General,RX1,,V4,Site-intensity / ground-plane control,confirmed,,85.0,85.0,52.0,X.X0.4 BUILDING SITING -- Small General,,directly transcribed; corrects Phase 2's flattened-text attribution where they disagree (see Section 2.1),targeted_visual_table_recovery,0.9,0.9,confirmed_governing_rule,comparable_with_documented_transform,see 14.20.7 for measuring site coverage,2026-10-01,score_ready,confirmed with a direct or documented-transform comparability status
Bridgeport,RX1__Small General,RX1,,V5,Building-placement control,confirmed,,0.0,,52.0,X.X0.4 BUILDING SITING -- Small General,,rule format = build_to; build-to is never treated as a conventional setback,targeted_visual_table_recovery,0.9,0.9,confirmed_governing_rule,structurally_non_equivalent,,2026-10-01,score_ready_with_caveat,"confirmed but only comparable via a predeclared ordinal/categorical rubric, not a direct metric"
Bridgeport,RX1__Small General,RX1,,V5,Building-placement control,confirmed,,2.0,2.0,52.0,X.X0.4 BUILDING SITING -- Small General,,directly transcribed,targeted_visual_table_recovery,0.9,0.9,confirmed_governing_rule,directly_comparable,,2026-10-01,score_ready,confirmed with a direct or documented-transform comparability status
Bridgeport,RX1__Small General,RX1,,V5,Building-placement control,confirmed,,15.0,15.0,52.0,X.X0.4 BUILDING SITING -- Small General,,directly transcribed,targeted_visual_table_recovery,0.9,0.9,confirmed_governing_rule,directly_comparable,,2026-10-01,score_ready,confirmed with a direct or documented-transform comparability status
Bridgeport,NX1__Row,NX1,,V2,Minimum lot-width threshold,confirmed,,60.0,60.0,60.0,X.X0.4 BUILDING SITING -- Row,,directly transcribed from BUILDING SITING table,targeted_visual_table_recovery,0.9,0.9,confirmed_governing_rule,directly_comparable,,2026-10-01,score_ready,confirmed with a direct or documented-transform comparability status
Bridgeport,NX1__Row,NX1,,V4,Site-intensity / ground-plane control,confirmed,,75.0,75.0,60.0,X.X0.4 BUILDING SITING -- Row,,directly transcribed; corrects Phase 2's flattened-text attribution where they disagree (see Section 2.1),targeted_visual_table_recovery,0.9,0.9,confirmed_governing_rule,comparable_with_documented_transform,see 14.20.7 for measuring site coverage,2026-10-01,score_ready,confirmed with a direct or documented-transform comparability status
Bridgeport,NX1__Row,NX1,,V5,Building-placement control,confirmed,,20.0,,60.0,X.X0.4 BUILDING SITING -- Row,,rule format = build_to; build-to is never treated as a conventional setback,targeted_visual_table_recovery,0.9,0.9,confirmed_governing_rule,structurally_non_equivalent,,2026-10-01,score_ready_with_caveat,"confirmed but only comparable via a predeclared ordinal/categorical rubric, not a direct metric"
Bridgeport,NX1__Row,NX1,,V5,Building-placement control,confirmed,,6.0,6.0,60.0,X.X0.4 BUILDING SITING -- Row,,directly transcribed,targeted_visual_table_recovery,0.9,0.9,confirmed_governing_rule,directly_comparable,,2026-10-01,score_ready,confirmed with a direct or documented-transform comparability status
Bridgeport,NX1__Row,NX1,,V5,Building-placement control,confirmed,,30.0,30.0,60.0,X.X0.4 BUILDING SITING -- Row,,directly transcribed,targeted_visual_table_recovery,0.9,0.9,confirmed_governing_rule,directly_comparable,,2026-10-01,score_ready,confirmed with a direct or documented-transform comparability status
Bridgeport,NX2__Row,NX2,,V2,Minimum lot-width threshold,confirmed,,60.0,60.0,60.0,X.X0.4 BUILDING SITING -- Row,,directly transcribed from BUILDING SITING table,targeted_visual_table_recovery,0.9,0.9,confirmed_governing_rule,directly_comparable,,2026-10-01,score_ready,confirmed with a direct or documented-transform comparability status
Bridgeport,NX2__Row,NX2,,V4,Site-intensity / ground-plane control,confirmed,,80.0,80.0,60.0,X.X0.4 BUILDING SITING -- Row,,directly transcribed; corrects Phase 2's flattened-text attribution where they disagree (see Section 2.1),targeted_visual_table_recovery,0.9,0.9,confirmed_governing_rule,comparable_with_documented_transform,see 14.20.7 for measuring site coverage,2026-10-01,score_ready,confirmed with a direct or documented-transform comparability status
Bridgeport,NX2__Row,NX2,,V5,Building-placement control,confirmed,,15.0,,60.0,X.X0.4 BUILDING SITING -- Row,,rule format = build_to; build-to is never treated as a conventional setback,targeted_visual_table_recovery,0.9,0.9,confirmed_governing_rule,structurally_non_equivalent,,2026-10-01,score_ready_with_caveat,"confirmed but only comparable via a predeclared ordinal/categorical rubric, not a direct metric"
Bridgeport,NX2__Row,NX2,,V5,Building-placement control,confirmed,,2.0,2.0,60.0,X.X0.4 BUILDING SITING -- Row,,directly transcribed,targeted_visual_table_recovery,0.9,0.9,confirmed_governing_rule,directly_comparable,,2026-10-01,score_ready,confirmed with a direct or documented-transform comparability status
Bridgeport,NX2__Row,NX2,,V5,Building-placement control,confirmed,,20.0,20.0,60.0,X.X0.4 BUILDING SITING -- Row,,directly transcribed,targeted_visual_table_recovery,0.9,0.9,confirmed_governing_rule,directly_comparable,,2026-10-01,score_ready,confirmed with a direct or documented-transform comparability status
Bridgeport,NX3__Row,NX3,,V2,Minimum lot-width threshold,confirmed,,60.0,60.0,60.0,X.X0.4 BUILDING SITING -- Row,,directly transcribed from BUILDING SITING table,targeted_visual_table_recovery,0.9,0.9,confirmed_governing_rule,directly_comparable,,2026-10-01,score_ready,confirmed with a direct or documented-transform comparability status
Bridgeport,NX3__Row,NX3,,V4,Site-intensity / ground-plane control,confirmed,,80.0,80.0,60.0,X.X0.4 BUILDING SITING -- Row,,directly transcribed; corrects Phase 2's flattened-text attribution where they disagree (see Section 2.1),targeted_visual_table_recovery,0.9,0.9,confirmed_governing_rule,comparable_with_documented_transform,see 14.20.7 for measuring site coverage,2026-10-01,score_ready,confirmed with a direct or documented-transform comparability status
Bridgeport,NX3__Row,NX3,,V5,Building-placement control,confirmed,,10.0,,60.0,X.X0.4 BUILDING SITING -- Row,,rule format = build_to; build-to is never treated as a conventional setback,targeted_visual_table_recovery,0.9,0.9,confirmed_governing_rule,structurally_non_equivalent,,2026-10-01,score_ready_with_caveat,"confirmed but only comparable via a predeclared ordinal/categorical rubric, not a direct metric"
Bridgeport,NX3__Row,NX3,,V5,Building-placement control,confirmed,,2.0,2.0,60.0,X.X0.4 BUILDING SITING -- Row,,directly transcribed,targeted_visual_table_recovery,0.9,0.9,confirmed_governing_rule,directly_comparable,,2026-10-01,score_ready,confirmed with a direct or documented-transform comparability status
Bridgeport,NX3__Row,NX3,,V5,Building-placement control,confirmed,,20.0,20.0,60.0,X.X0.4 BUILDING SITING -- Row,,directly transcribed,targeted_visual_table_recovery,0.9,0.9,confirmed_governing_rule,directly_comparable,,2026-10-01,score_ready,confirmed with a direct or documented-transform comparability status
Bridgeport,NX4__Row,NX4,,V2,Minimum lot-width threshold,confirmed,,60.0,60.0,60.0,X.X0.4 BUILDING SITING -- Row,,directly transcribed from BUILDING SITING table,targeted_visual_table_recovery,0.9,0.9,confirmed_governing_rule,directly_comparable,,2026-10-01,score_ready,confirmed with a direct or documented-transform comparability status
Bridgeport,NX4__Row,NX4,,V4,Site-intensity / ground-plane control,confirmed,,80.0,80.0,60.0,X.X0.4 BUILDING SITING -- Row,,directly transcribed; corrects Phase 2's flattened-text attribution where they disagree (see Section 2.1),targeted_visual_table_recovery,0.9,0.9,confirmed_governing_rule,comparable_with_documented_transform,see 14.20.7 for measuring site coverage,2026-10-01,score_ready,confirmed with a direct or documented-transform comparability status
Bridgeport,NX4__Row,NX4,,V5,Building-placement control,confirmed,,10.0,,60.0,X.X0.4 BUILDING SITING -- Row,,rule format = build_to; build-to is never treated as a conventional setback,targeted_visual_table_recovery,0.9,0.9,confirmed_governing_rule,structurally_non_equivalent,,2026-10-01,score_ready_with_caveat,"confirmed but only comparable via a predeclared ordinal/categorical rubric, not a direct metric"
Bridgeport,NX4__Row,NX4,,V5,Building-placement control,confirmed,,2.0,2.0,60.0,X.X0.4 BUILDING SITING -- Row,,directly transcribed,targeted_visual_table_recovery,0.9,0.9,confirmed_governing_rule,directly_comparable,,2026-10-01,score_ready,confirmed with a direct or documented-transform comparability status
Bridgeport,NX4__Row,NX4,,V5,Building-placement control,confirmed,,20.0,20.0,60.0,X.X0.4 BUILDING SITING -- Row,,directly transcribed,targeted_visual_table_recovery,0.9,0.9,confirmed_governing_rule,directly_comparable,,2026-10-01,score_ready,confirmed with a direct or documented-transform comparability status
Bridgeport,RX1__Row,RX1,,V2,Minimum lot-width threshold,confirmed,,60.0,60.0,60.0,X.X0.4 BUILDING SITING -- Row,,directly transcribed from BUILDING SITING table,targeted_visual_table_recovery,0.9,0.9,confirmed_governing_rule,directly_comparable,,2026-10-01,score_ready,confirmed with a direct or documented-transform comparability status
Bridgeport,RX1__Row,RX1,,V4,Site-intensity / ground-plane control,confirmed,,80.0,80.0,60.0,X.X0.4 BUILDING SITING -- Row,,directly transcribed; corrects Phase 2's flattened-text attribution where they disagree (see Section 2.1),targeted_visual_table_recovery,0.9,0.9,confirmed_governing_rule,comparable_with_documented_transform,see 14.20.7 for measuring site coverage,2026-10-01,score_ready,confirmed with a direct or documented-transform comparability status
Bridgeport,RX1__Row,RX1,,V5,Building-placement control,confirmed,,10.0,,60.0,X.X0.4 BUILDING SITING -- Row,,rule format = build_to; build-to is never treated as a conventional setback,targeted_visual_table_recovery,0.9,0.9,confirmed_governing_rule,structurally_non_equivalent,,2026-10-01,score_ready_with_caveat,"confirmed but only comparable via a predeclared ordinal/categorical rubric, not a direct metric"
Bridgeport,RX1__Row,RX1,,V5,Building-placement control,confirmed,,2.0,2.0,60.0,X.X0.4 BUILDING SITING -- Row,,directly transcribed,targeted_visual_table_recovery,0.9,0.9,confirmed_governing_rule,directly_comparable,,2026-10-01,score_ready,confirmed with a direct or documented-transform comparability status
Bridgeport,RX1__Row,RX1,,V5,Building-placement control,confirmed,,20.0,20.0,60.0,X.X0.4 BUILDING SITING -- Row,,directly transcribed,targeted_visual_table_recovery,0.9,0.9,confirmed_governing_rule,directly_comparable,,2026-10-01,score_ready,confirmed with a direct or documented-transform comparability status
Bridgeport,RX2__Row,RX2,,V2,Minimum lot-width threshold,confirmed,,60.0,60.0,60.0,X.X0.4 BUILDING SITING -- Row,,directly transcribed from BUILDING SITING table,targeted_visual_table_recovery,0.9,0.9,confirmed_governing_rule,directly_comparable,,2026-10-01,score_ready,confirmed with a direct or documented-transform comparability status
Bridgeport,RX2__Row,RX2,,V4,Site-intensity / ground-plane control,confirmed,,80.0,80.0,60.0,X.X0.4 BUILDING SITING -- Row,,directly transcribed; corrects Phase 2's flattened-text attribution where they disagree (see Section 2.1),targeted_visual_table_recovery,0.9,0.9,confirmed_governing_rule,comparable_with_documented_transform,see 14.20.7 for measuring site coverage,2026-10-01,score_ready,confirmed with a direct or documented-transform comparability status
Bridgeport,RX2__Row,RX2,,V5,Building-placement control,confirmed,,10.0,,60.0,X.X0.4 BUILDING SITING -- Row,,rule format = build_to; build-to is never treated as a conventional setback,targeted_visual_table_recovery,0.9,0.9,confirmed_governing_rule,structurally_non_equivalent,,2026-10-01,score_ready_with_caveat,"confirmed but only comparable via a predeclared ordinal/categorical rubric, not a direct metric"
Bridgeport,RX2__Row,RX2,,V5,Building-placement control,confirmed,,2.0,2.0,60.0,X.X0.4 BUILDING SITING -- Row,,directly transcribed,targeted_visual_table_recovery,0.9,0.9,confirmed_governing_rule,directly_comparable,,2026-10-01,score_ready,confirmed with a direct or documented-transform comparability status
Bridgeport,RX2__Row,RX2,,V5,Building-placement control,confirmed,,20.0,20.0,60.0,X.X0.4 BUILDING SITING -- Row,,directly transcribed,targeted_visual_table_recovery,0.9,0.9,confirmed_governing_rule,directly_comparable,,2026-10-01,score_ready,confirmed with a direct or documented-transform comparability status
Bridgeport,NX1__Double House A,NX1,,V2,Minimum lot-width threshold,confirmed,,50.0,50.0,68.0,X.X0.4 BUILDING SITING -- Double House A,,directly transcribed from BUILDING SITING table,targeted_visual_table_recovery,0.9,0.9,confirmed_governing_rule,directly_comparable,,2026-10-01,score_ready,confirmed with a direct or documented-transform comparability status
Bridgeport,NX1__Double House A,NX1,,V4,Site-intensity / ground-plane control,confirmed,,80.0,80.0,68.0,X.X0.4 BUILDING SITING -- Double House A,,directly transcribed; corrects Phase 2's flattened-text attribution where they disagree (see Section 2.1),targeted_visual_table_recovery,0.9,0.9,confirmed_governing_rule,comparable_with_documented_transform,see 14.20.7 for measuring site coverage,2026-10-01,score_ready,confirmed with a direct or documented-transform comparability status
Bridgeport,NX1__Double House A,NX1,,V5,Building-placement control,confirmed,,15.0,,68.0,X.X0.4 BUILDING SITING -- Double House A,,rule format = build_to; build-to is never treated as a conventional setback,targeted_visual_table_recovery,0.9,0.9,confirmed_governing_rule,structurally_non_equivalent,,2026-10-01,score_ready_with_caveat,"confirmed but only comparable via a predeclared ordinal/categorical rubric, not a direct metric"
Bridgeport,NX1__Double House A,NX1,,V5,Building-placement control,confirmed,,2.0,2.0,68.0,X.X0.4 BUILDING SITING -- Double House A,,directly transcribed,targeted_visual_table_recovery,0.9,0.9,confirmed_governing_rule,directly_comparable,,2026-10-01,score_ready,confirmed with a direct or documented-transform comparability status
Bridgeport,NX1__Double House A,NX1,,V5,Building-placement control,confirmed,,20.0,20.0,68.0,X.X0.4 BUILDING SITING -- Double House A,,directly transcribed,targeted_visual_table_recovery,0.9,0.9,confirmed_governing_rule,directly_comparable,,2026-10-01,score_ready,confirmed with a direct or documented-transform comparability status
Bridgeport,NX2__Double House A,NX2,,V2,Minimum lot-width threshold,confirmed,,50.0,50.0,68.0,X.X0.4 BUILDING SITING -- Double House A,,directly transcribed from BUILDING SITING table,targeted_visual_table_recovery,0.9,0.9,confirmed_governing_rule,directly_comparable,,2026-10-01,score_ready,confirmed with a direct or documented-transform comparability status
Bridgeport,NX2__Double House A,NX2,,V4,Site-intensity / ground-plane control,confirmed,,90.0,90.0,68.0,X.X0.4 BUILDING SITING -- Double House A,,directly transcribed; corrects Phase 2's flattened-text attribution where they disagree (see Section 2.1),targeted_visual_table_recovery,0.9,0.9,confirmed_governing_rule,comparable_with_documented_transform,see 14.20.7 for measuring site coverage,2026-10-01,score_ready,confirmed with a direct or documented-transform comparability status
Bridgeport,NX2__Double House A,NX2,,V5,Building-placement control,confirmed,,10.0,,68.0,X.X0.4 BUILDING SITING -- Double House A,,rule format = build_to; build-to is never treated as a conventional setback,targeted_visual_table_recovery,0.9,0.9,confirmed_governing_rule,structurally_non_equivalent,,2026-10-01,score_ready_with_caveat,"confirmed but only comparable via a predeclared ordinal/categorical rubric, not a direct metric"
Bridgeport,NX2__Double House A,NX2,,V5,Building-placement control,confirmed,,2.0,2.0,68.0,X.X0.4 BUILDING SITING -- Double House A,,directly transcribed,targeted_visual_table_recovery,0.9,0.9,confirmed_governing_rule,directly_comparable,,2026-10-01,score_ready,confirmed with a direct or documented-transform comparability status
Bridgeport,NX2__Double House A,NX2,,V5,Building-placement control,confirmed,,15.0,15.0,68.0,X.X0.4 BUILDING SITING -- Double House A,,directly transcribed,targeted_visual_table_recovery,0.9,0.9,confirmed_governing_rule,directly_comparable,,2026-10-01,score_ready,confirmed with a direct or documented-transform comparability status
Bridgeport,N1__House A,N1,,V2,Minimum lot-width threshold,confirmed,,45.0,45.0,76.0,X.X0.4 BUILDING SITING -- House A,,directly transcribed from BUILDING SITING table,targeted_visual_table_recovery,0.9,0.9,confirmed_governing_rule,directly_comparable,,2026-10-01,score_ready,confirmed with a direct or documented-transform comparability status
Bridgeport,N1__House A,N1,,V4,Site-intensity / ground-plane control,confirmed,,75.0,75.0,76.0,X.X0.4 BUILDING SITING -- House A,,directly transcribed; corrects Phase 2's flattened-text attribution where they disagree (see Section 2.1),targeted_visual_table_recovery,0.9,0.9,confirmed_governing_rule,comparable_with_documented_transform,see 14.20.7 for measuring site coverage,2026-10-01,score_ready,confirmed with a direct or documented-transform comparability status
Bridgeport,N1__House A,N1,,V5,Building-placement control,confirmed,,20.0,,76.0,X.X0.4 BUILDING SITING -- House A,,rule format = build_to; build-to is never treated as a conventional setback,targeted_visual_table_recovery,0.9,0.9,confirmed_governing_rule,structurally_non_equivalent,,2026-10-01,score_ready_with_caveat,"confirmed but only comparable via a predeclared ordinal/categorical rubric, not a direct metric"
Bridgeport,N1__House A,N1,,V5,Building-placement control,confirmed,,6.0,6.0,76.0,X.X0.4 BUILDING SITING -- House A,,directly transcribed,targeted_visual_table_recovery,0.9,0.9,confirmed_governing_rule,directly_comparable,,2026-10-01,score_ready,confirmed with a direct or documented-transform comparability status
Bridgeport,N1__House A,N1,,V5,Building-placement control,confirmed,,30.0,30.0,76.0,X.X0.4 BUILDING SITING -- House A,,directly transcribed,targeted_visual_table_recovery,0.9,0.9,confirmed_governing_rule,directly_comparable,,2026-10-01,score_ready,confirmed with a direct or documented-transform comparability status
Bridgeport,NX1__House A,NX1,,V2,Minimum lot-width threshold,confirmed,,45.0,45.0,76.0,X.X0.4 BUILDING SITING -- House A,,directly transcribed from BUILDING SITING table,targeted_visual_table_recovery,0.9,0.9,confirmed_governing_rule,directly_comparable,,2026-10-01,score_ready,confirmed with a direct or documented-transform comparability status
Bridgeport,NX1__House A,NX1,,V4,Site-intensity / ground-plane control,confirmed,,80.0,80.0,76.0,X.X0.4 BUILDING SITING -- House A,,directly transcribed; corrects Phase 2's flattened-text attribution where they disagree (see Section 2.1),targeted_visual_table_recovery,0.9,0.9,confirmed_governing_rule,comparable_with_documented_transform,see 14.20.7 for measuring site coverage,2026-10-01,score_ready,confirmed with a direct or documented-transform comparability status
Bridgeport,NX1__House A,NX1,,V5,Building-placement control,confirmed,,15.0,,76.0,X.X0.4 BUILDING SITING -- House A,,rule format = build_to; build-to is never treated as a conventional setback,targeted_visual_table_recovery,0.9,0.9,confirmed_governing_rule,structurally_non_equivalent,,2026-10-01,score_ready_with_caveat,"confirmed but only comparable via a predeclared ordinal/categorical rubric, not a direct metric"
Bridgeport,NX1__House A,NX1,,V5,Building-placement control,confirmed,,2.0,2.0,76.0,X.X0.4 BUILDING SITING -- House A,,directly transcribed,targeted_visual_table_recovery,0.9,0.9,confirmed_governing_rule,directly_comparable,,2026-10-01,score_ready,confirmed with a direct or documented-transform comparability status
Bridgeport,NX1__House A,NX1,,V5,Building-placement control,confirmed,,20.0,20.0,76.0,X.X0.4 BUILDING SITING -- House A,,directly transcribed,targeted_visual_table_recovery,0.9,0.9,confirmed_governing_rule,directly_comparable,,2026-10-01,score_ready,confirmed with a direct or documented-transform comparability status
Bridgeport,NX2__House A,NX2,,V2,Minimum lot-width threshold,confirmed,,35.0,35.0,76.0,X.X0.4 BUILDING SITING -- House A,,directly transcribed from BUILDING SITING table,targeted_visual_table_recovery,0.9,0.9,confirmed_governing_rule,directly_comparable,,2026-10-01,score_ready,confirmed with a direct or documented-transform comparability status
Bridgeport,NX2__House A,NX2,,V4,Site-intensity / ground-plane control,confirmed,,80.0,80.0,76.0,X.X0.4 BUILDING SITING -- House A,,directly transcribed; corrects Phase 2's flattened-text attribution where they disagree (see Section 2.1),targeted_visual_table_recovery,0.9,0.9,confirmed_governing_rule,comparable_with_documented_transform,see 14.20.7 for measuring site coverage,2026-10-01,score_ready,confirmed with a direct or documented-transform comparability status
Bridgeport,NX2__House A,NX2,,V5,Building-placement control,confirmed,,10.0,,76.0,X.X0.4 BUILDING SITING -- House A,,rule format = build_to; build-to is never treated as a conventional setback,targeted_visual_table_recovery,0.9,0.9,confirmed_governing_rule,structurally_non_equivalent,,2026-10-01,score_ready_with_caveat,"confirmed but only comparable via a predeclared ordinal/categorical rubric, not a direct metric"
Bridgeport,NX2__House A,NX2,,V5,Building-placement control,confirmed,,2.0,2.0,76.0,X.X0.4 BUILDING SITING -- House A,,directly transcribed,targeted_visual_table_recovery,0.9,0.9,confirmed_governing_rule,directly_comparable,,2026-10-01,score_ready,confirmed with a direct or documented-transform comparability status
Bridgeport,NX2__House A,NX2,,V5,Building-placement control,confirmed,,15.0,15.0,76.0,X.X0.4 BUILDING SITING -- House A,,directly transcribed,targeted_visual_table_recovery,0.9,0.9,confirmed_governing_rule,directly_comparable,,2026-10-01,score_ready,confirmed with a direct or documented-transform comparability status
Bridgeport,N2__House B,N2,,V2,Minimum lot-width threshold,confirmed,,45.0,45.0,84.0,X.X0.4 BUILDING SITING -- House B,,directly transcribed from BUILDING SITING table,targeted_visual_table_recovery,0.9,0.9,confirmed_governing_rule,directly_comparable,,2026-10-01,score_ready,confirmed with a direct or documented-transform comparability status
Bridgeport,N2__House B,N2,,V4,Site-intensity / ground-plane control,confirmed,,65.0,65.0,84.0,X.X0.4 BUILDING SITING -- House B,,directly transcribed; corrects Phase 2's flattened-text attribution where they disagree (see Section 2.1),targeted_visual_table_recovery,0.9,0.9,confirmed_governing_rule,comparable_with_documented_transform,see 14.20.7 for measuring site coverage,2026-10-01,score_ready,confirmed with a direct or documented-transform comparability status
Bridgeport,N2__House B,N2,,V5,Building-placement control,confirmed,,20.0,20.0,84.0,X.X0.4 BUILDING SITING -- House B,,rule format = setback; build-to is never treated as a conventional setback,targeted_visual_table_recovery,0.9,0.9,confirmed_governing_rule,directly_comparable,,2026-10-01,score_ready,confirmed with a direct or documented-transform comparability status
Bridgeport,N2__House B,N2,,V5,Building-placement control,confirmed,,6.0,6.0,84.0,X.X0.4 BUILDING SITING -- House B,,directly transcribed,targeted_visual_table_recovery,0.9,0.9,confirmed_governing_rule,directly_comparable,,2026-10-01,score_ready,confirmed with a direct or documented-transform comparability status
Bridgeport,N2__House B,N2,,V5,Building-placement control,confirmed,,20.0,20.0,84.0,X.X0.4 BUILDING SITING -- House B,,directly transcribed,targeted_visual_table_recovery,0.9,0.9,confirmed_governing_rule,directly_comparable,,2026-10-01,score_ready,confirmed with a direct or documented-transform comparability status
Bridgeport,N2__House B,N2,,V5,Building-placement control,confirmed,,46.0,46.0,84.0,X.X0.4 BUILDING SITING -- House B,,"front, side, and rear are all explicitly setbacks (not build-to) for this building type/zone, so the sum is scenario-valid",targeted_visual_table_recovery,0.9,0.9,confirmed_governing_rule,directly_comparable,,2026-10-01,score_ready,confirmed with a direct or documented-transform comparability status
Bridgeport,N3__House C,N3,,V2,Minimum lot-width threshold,confirmed,,75.0,75.0,92.0,X.X0.4 BUILDING SITING -- House C,,directly transcribed from BUILDING SITING table,targeted_visual_table_recovery,0.9,0.9,confirmed_governing_rule,directly_comparable,,2026-10-01,score_ready,confirmed with a direct or documented-transform comparability status
Bridgeport,N3__House C,N3,,V1,Minimum lot-size threshold,confirmed,,9000.0,9000.0,92.0,X.X0.4 BUILDING SITING -- House C,,directly transcribed from BUILDING SITING table,targeted_visual_table_recovery,0.9,0.9,confirmed_governing_rule,directly_comparable,,2026-10-01,score_ready,confirmed with a direct or documented-transform comparability status
Bridgeport,N3__House C,N3,,V4,Site-intensity / ground-plane control,confirmed,,65.0,65.0,92.0,X.X0.4 BUILDING SITING -- House C,,directly transcribed; corrects Phase 2's flattened-text attribution where they disagree (see Section 2.1),targeted_visual_table_recovery,0.9,0.9,confirmed_governing_rule,comparable_with_documented_transform,see 14.20.7 for measuring site coverage,2026-10-01,score_ready,confirmed with a direct or documented-transform comparability status
Bridgeport,N3__House C,N3,,V5,Building-placement control,confirmed,,45.0,45.0,92.0,X.X0.4 BUILDING SITING -- House C,,rule format = setback; build-to is never treated as a conventional setback,targeted_visual_table_recovery,0.9,0.9,confirmed_governing_rule,directly_comparable,,2026-10-01,score_ready,confirmed with a direct or documented-transform comparability status
Bridgeport,N3__House C,N3,,V5,Building-placement control,confirmed,,20.0,20.0,92.0,X.X0.4 BUILDING SITING -- House C,,directly transcribed,targeted_visual_table_recovery,0.9,0.9,confirmed_governing_rule,directly_comparable,,2026-10-01,score_ready,confirmed with a direct or documented-transform comparability status
Bridgeport,N3__House C,N3,,V5,Building-placement control,confirmed,,20.0,20.0,92.0,X.X0.4 BUILDING SITING -- House C,,directly transcribed,targeted_visual_table_recovery,0.9,0.9,confirmed_governing_rule,directly_comparable,,2026-10-01,score_ready,confirmed with a direct or documented-transform comparability status
Bridgeport,N3__House C,N3,,V5,Building-placement control,confirmed,,85.0,85.0,92.0,X.X0.4 BUILDING SITING -- House C,,"front, side, and rear are all explicitly setbacks (not build-to) for this building type/zone, so the sum is scenario-valid",targeted_visual_table_recovery,0.9,0.9,confirmed_governing_rule,directly_comparable,,2026-10-01,score_ready,confirmed with a direct or documented-transform comparability status
Bridgeport,N4__House D,N4,,V2,Minimum lot-width threshold,confirmed,,60.0,60.0,100.0,X.X0.4 BUILDING SITING -- House D,,directly transcribed from BUILDING SITING table,targeted_visual_table_recovery,0.9,0.9,confirmed_governing_rule,directly_comparable,,2026-10-01,score_ready,confirmed with a direct or documented-transform comparability status
Bridgeport,N4__House D,N4,,V1,Minimum lot-size threshold,confirmed,,7500.0,7500.0,100.0,X.X0.4 BUILDING SITING -- House D,,directly transcribed from BUILDING SITING table,targeted_visual_table_recovery,0.9,0.9,confirmed_governing_rule,directly_comparable,,2026-10-01,score_ready,confirmed with a direct or documented-transform comparability status
Bridgeport,N4__House D,N4,,V4,Site-intensity / ground-plane control,confirmed,,65.0,65.0,100.0,X.X0.4 BUILDING SITING -- House D,,directly transcribed; corrects Phase 2's flattened-text attribution where they disagree (see Section 2.1),targeted_visual_table_recovery,0.9,0.9,confirmed_governing_rule,comparable_with_documented_transform,see 14.20.7 for measuring site coverage,2026-10-01,score_ready,confirmed with a direct or documented-transform comparability status
Bridgeport,N4__House D,N4,,V5,Building-placement control,confirmed,,20.0,20.0,100.0,X.X0.4 BUILDING SITING -- House D,,rule format = setback; build-to is never treated as a conventional setback,targeted_visual_table_recovery,0.9,0.9,confirmed_governing_rule,directly_comparable,,2026-10-01,score_ready,confirmed with a direct or documented-transform comparability status
Bridgeport,N4__House D,N4,,V5,Building-placement control,confirmed,,6.0,6.0,100.0,X.X0.4 BUILDING SITING -- House D,,directly transcribed,targeted_visual_table_recovery,0.9,0.9,confirmed_governing_rule,directly_comparable,,2026-10-01,score_ready,confirmed with a direct or documented-transform comparability status
Bridgeport,N4__House D,N4,,V5,Building-placement control,confirmed,,20.0,20.0,100.0,X.X0.4 BUILDING SITING -- House D,,directly transcribed,targeted_visual_table_recovery,0.9,0.9,confirmed_governing_rule,directly_comparable,,2026-10-01,score_ready,confirmed with a direct or documented-transform comparability status
Bridgeport,N4__House D,N4,,V5,Building-placement control,confirmed,,46.0,46.0,100.0,X.X0.4 BUILDING SITING -- House D,,"front, side, and rear are all explicitly setbacks (not build-to) for this building type/zone, so the sum is scenario-valid",targeted_visual_table_recovery,0.9,0.9,confirmed_governing_rule,directly_comparable,,2026-10-01,score_ready,confirmed with a direct or documented-transform comparability status
Bridgeport,CX__Workshop,CX,,V2,Minimum lot-width threshold,confirmed,,25.0,25.0,108.0,X.X0.4 BUILDING SITING -- Workshop,,directly transcribed from BUILDING SITING table,targeted_visual_table_recovery,0.9,0.9,confirmed_governing_rule,directly_comparable,,2026-10-01,score_ready,confirmed with a direct or documented-transform comparability status
Bridgeport,CX__Workshop,CX,,V4,Site-intensity / ground-plane control,confirmed,,90.0,90.0,108.0,X.X0.4 BUILDING SITING -- Workshop,,directly transcribed; corrects Phase 2's flattened-text attribution where they disagree (see Section 2.1),targeted_visual_table_recovery,0.9,0.9,confirmed_governing_rule,comparable_with_documented_transform,see 14.20.7 for measuring site coverage,2026-10-01,score_ready,confirmed with a direct or documented-transform comparability status
Bridgeport,CX__Workshop,CX,,V5,Building-placement control,confirmed,,10.0,,108.0,X.X0.4 BUILDING SITING -- Workshop,,rule format = build_to_or_setback; build-to is never treated as a conventional setback,targeted_visual_table_recovery,0.9,0.9,confirmed_governing_rule,structurally_non_equivalent,,2026-10-01,score_ready_with_caveat,"confirmed but only comparable via a predeclared ordinal/categorical rubric, not a direct metric"
Bridgeport,CX__Workshop,CX,,V5,Building-placement control,confirmed,,5.0,5.0,108.0,X.X0.4 BUILDING SITING -- Workshop,,directly transcribed,targeted_visual_table_recovery,0.9,0.9,confirmed_governing_rule,directly_comparable,,2026-10-01,score_ready,confirmed with a direct or documented-transform comparability status
Bridgeport,CX__Workshop,CX,,V5,Building-placement control,confirmed,,10.0,10.0,108.0,X.X0.4 BUILDING SITING -- Workshop,,directly transcribed,targeted_visual_table_recovery,0.9,0.9,confirmed_governing_rule,directly_comparable,,2026-10-01,score_ready,confirmed with a direct or documented-transform comparability status
Bridgeport,I__Workshop,I,,V2,Minimum lot-width threshold,confirmed,,25.0,25.0,108.0,X.X0.4 BUILDING SITING -- Workshop,,directly transcribed from BUILDING SITING table,targeted_visual_table_recovery,0.9,0.9,confirmed_governing_rule,directly_comparable,,2026-10-01,score_ready,confirmed with a direct or documented-transform comparability status
Bridgeport,I__Workshop,I,,V4,Site-intensity / ground-plane control,confirmed,,85.0,85.0,108.0,X.X0.4 BUILDING SITING -- Workshop,,directly transcribed; corrects Phase 2's flattened-text attribution where they disagree (see Section 2.1),targeted_visual_table_recovery,0.9,0.9,confirmed_governing_rule,comparable_with_documented_transform,see 14.20.7 for measuring site coverage,2026-10-01,score_ready,confirmed with a direct or documented-transform comparability status
Bridgeport,I__Workshop,I,,V5,Building-placement control,confirmed,,15.0,,108.0,X.X0.4 BUILDING SITING -- Workshop,,rule format = build_to_or_setback; build-to is never treated as a conventional setback,targeted_visual_table_recovery,0.9,0.9,confirmed_governing_rule,structurally_non_equivalent,,2026-10-01,score_ready_with_caveat,"confirmed but only comparable via a predeclared ordinal/categorical rubric, not a direct metric"
Bridgeport,I__Workshop,I,,V5,Building-placement control,confirmed,,5.0,5.0,108.0,X.X0.4 BUILDING SITING -- Workshop,,directly transcribed,targeted_visual_table_recovery,0.9,0.9,confirmed_governing_rule,directly_comparable,,2026-10-01,score_ready,confirmed with a direct or documented-transform comparability status
Bridgeport,I__Workshop,I,,V5,Building-placement control,confirmed,,10.0,10.0,108.0,X.X0.4 BUILDING SITING -- Workshop,,directly transcribed,targeted_visual_table_recovery,0.9,0.9,confirmed_governing_rule,directly_comparable,,2026-10-01,score_ready,confirmed with a direct or documented-transform comparability status
Bridgeport,DX1__Civic,DX1,,V2,Minimum lot-width threshold,confirmed,,50.0,50.0,116.0,X.X0.4 BUILDING SITING -- Civic,,directly transcribed from BUILDING SITING table,targeted_visual_table_recovery,0.9,0.9,confirmed_governing_rule,directly_comparable,,2026-10-01,score_ready,confirmed with a direct or documented-transform comparability status
Bridgeport,DX1__Civic,DX1,,V4,Site-intensity / ground-plane control,confirmed,,90.0,90.0,116.0,X.X0.4 BUILDING SITING -- Civic,,directly transcribed; corrects Phase 2's flattened-text attribution where they disagree (see Section 2.1),targeted_visual_table_recovery,0.9,0.9,confirmed_governing_rule,comparable_with_documented_transform,see 14.20.7 for measuring site coverage,2026-10-01,score_ready,confirmed with a direct or documented-transform comparability status
Bridgeport,DX1__Civic,DX1,,V5,Building-placement control,confirmed,,10.0,10.0,116.0,X.X0.4 BUILDING SITING -- Civic,,rule format = setback; build-to is never treated as a conventional setback,targeted_visual_table_recovery,0.9,0.9,confirmed_governing_rule,directly_comparable,,2026-10-01,score_ready,confirmed with a direct or documented-transform comparability status
Bridgeport,DX1__Civic,DX1,,V5,Building-placement control,confirmed,,5.0,5.0,116.0,X.X0.4 BUILDING SITING -- Civic,,directly transcribed,targeted_visual_table_recovery,0.9,0.9,confirmed_governing_rule,directly_comparable,,2026-10-01,score_ready,confirmed with a direct or documented-transform comparability status
Bridgeport,DX1__Civic,DX1,,V5,Building-placement control,confirmed,,10.0,10.0,116.0,X.X0.4 BUILDING SITING -- Civic,,directly transcribed,targeted_visual_table_recovery,0.9,0.9,confirmed_governing_rule,directly_comparable,,2026-10-01,score_ready,confirmed with a direct or documented-transform comparability status
Bridgeport,DX1__Civic,DX1,,V5,Building-placement control,confirmed,,25.0,25.0,116.0,X.X0.4 BUILDING SITING -- Civic,,"front, side, and rear are all explicitly setbacks (not build-to) for this building type/zone, so the sum is scenario-valid",targeted_visual_table_recovery,0.9,0.9,confirmed_governing_rule,directly_comparable,,2026-10-01,score_ready,confirmed with a direct or documented-transform comparability status
Bridgeport,P1__Civic,P1,,V2,Minimum lot-width threshold,confirmed,,50.0,50.0,116.0,X.X0.4 BUILDING SITING -- Civic,,directly transcribed from BUILDING SITING table,targeted_visual_table_recovery,0.9,0.9,confirmed_governing_rule,directly_comparable,,2026-10-01,score_ready,confirmed with a direct or documented-transform comparability status
Bridgeport,P1__Civic,P1,,V4,Site-intensity / ground-plane control,confirmed,,90.0,90.0,116.0,X.X0.4 BUILDING SITING -- Civic,,directly transcribed; corrects Phase 2's flattened-text attribution where they disagree (see Section 2.1),targeted_visual_table_recovery,0.9,0.9,confirmed_governing_rule,comparable_with_documented_transform,see 14.20.7 for measuring site coverage,2026-10-01,score_ready,confirmed with a direct or documented-transform comparability status
Bridgeport,P1__Civic,P1,,V5,Building-placement control,confirmed,,10.0,10.0,116.0,X.X0.4 BUILDING SITING -- Civic,,rule format = setback; build-to is never treated as a conventional setback,targeted_visual_table_recovery,0.9,0.9,confirmed_governing_rule,directly_comparable,,2026-10-01,score_ready,confirmed with a direct or documented-transform comparability status
Bridgeport,P1__Civic,P1,,V5,Building-placement control,confirmed,,5.0,5.0,116.0,X.X0.4 BUILDING SITING -- Civic,,directly transcribed,targeted_visual_table_recovery,0.9,0.9,confirmed_governing_rule,directly_comparable,,2026-10-01,score_ready,confirmed with a direct or documented-transform comparability status
Bridgeport,P1__Civic,P1,,V5,Building-placement control,confirmed,,10.0,10.0,116.0,X.X0.4 BUILDING SITING -- Civic,,directly transcribed,targeted_visual_table_recovery,0.9,0.9,confirmed_governing_rule,directly_comparable,,2026-10-01,score_ready,confirmed with a direct or documented-transform comparability status
Bridgeport,P1__Civic,P1,,V5,Building-placement control,confirmed,,25.0,25.0,116.0,X.X0.4 BUILDING SITING -- Civic,,"front, side, and rear are all explicitly setbacks (not build-to) for this building type/zone, so the sum is scenario-valid",targeted_visual_table_recovery,0.9,0.9,confirmed_governing_rule,directly_comparable,,2026-10-01,score_ready,confirmed with a direct or documented-transform comparability status
Bridgeport,P3__Civic,P3,,V2,Minimum lot-width threshold,confirmed,,120.0,120.0,116.0,X.X0.4 BUILDING SITING -- Civic,,directly transcribed from BUILDING SITING table,targeted_visual_table_recovery,0.9,0.9,confirmed_governing_rule,directly_comparable,,2026-10-01,score_ready,confirmed with a direct or documented-transform comparability status
Bridgeport,P3__Civic,P3,,V4,Site-intensity / ground-plane control,confirmed,,85.0,85.0,116.0,X.X0.4 BUILDING SITING -- Civic,,directly transcribed; corrects Phase 2's flattened-text attribution where they disagree (see Section 2.1),targeted_visual_table_recovery,0.9,0.9,confirmed_governing_rule,comparable_with_documented_transform,see 14.20.7 for measuring site coverage,2026-10-01,score_ready,confirmed with a direct or documented-transform comparability status
Bridgeport,P3__Civic,P3,,V5,Building-placement control,confirmed,,0.0,0.0,116.0,X.X0.4 BUILDING SITING -- Civic,,rule format = setback; build-to is never treated as a conventional setback,targeted_visual_table_recovery,0.9,0.9,confirmed_governing_rule,directly_comparable,,2026-10-01,score_ready,confirmed with a direct or documented-transform comparability status
Bridgeport,P3__Civic,P3,,V5,Building-placement control,confirmed,,5.0,5.0,116.0,X.X0.4 BUILDING SITING -- Civic,,directly transcribed,targeted_visual_table_recovery,0.9,0.9,confirmed_governing_rule,directly_comparable,,2026-10-01,score_ready,confirmed with a direct or documented-transform comparability status
Bridgeport,P3__Civic,P3,,V5,Building-placement control,confirmed,,20.0,20.0,116.0,X.X0.4 BUILDING SITING -- Civic,,directly transcribed,targeted_visual_table_recovery,0.9,0.9,confirmed_governing_rule,directly_comparable,,2026-10-01,score_ready,confirmed with a direct or documented-transform comparability status
Bridgeport,P3__Civic,P3,,V5,Building-placement control,confirmed,,25.0,25.0,116.0,X.X0.4 BUILDING SITING -- Civic,,"front, side, and rear are all explicitly setbacks (not build-to) for this building type/zone, so the sum is scenario-valid",targeted_visual_table_recovery,0.9,0.9,confirmed_governing_rule,directly_comparable,,2026-10-01,score_ready,confirmed with a direct or documented-transform comparability status
Bridgeport,DX1__Storefront,DX1,,V3,Vertical development capacity,confirmed,,10.0,10.0,22.0,X.X0.6 HEIGHT -- Storefront,,stories never converted to feet without explicit legal conversion,targeted_visual_table_recovery,0.9,0.9,confirmed_governing_rule,structurally_non_equivalent,,2026-10-01,score_ready_with_caveat,"confirmed but only comparable via a predeclared ordinal/categorical rubric, not a direct metric"
Bridgeport,MX1__Storefront,MX1,,V3,Vertical development capacity,confirmed,,3.0,3.0,22.0,X.X0.6 HEIGHT -- Storefront,,stories never converted to feet without explicit legal conversion,targeted_visual_table_recovery,0.9,0.9,confirmed_governing_rule,structurally_non_equivalent,,2026-10-01,score_ready_with_caveat,"confirmed but only comparable via a predeclared ordinal/categorical rubric, not a direct metric"
Bridgeport,MX2__Storefront,MX2,,V3,Vertical development capacity,confirmed,,3.0,3.0,22.0,X.X0.6 HEIGHT -- Storefront,,stories never converted to feet without explicit legal conversion,targeted_visual_table_recovery,0.9,0.9,confirmed_governing_rule,structurally_non_equivalent,,2026-10-01,score_ready_with_caveat,"confirmed but only comparable via a predeclared ordinal/categorical rubric, not a direct metric"
Bridgeport,MXN__Storefront,MXN,,V3,Vertical development capacity,confirmed,,3.0,3.0,22.0,X.X0.6 HEIGHT -- Storefront,,stories never converted to feet without explicit legal conversion,targeted_visual_table_recovery,0.9,0.9,confirmed_governing_rule,structurally_non_equivalent,,2026-10-01,score_ready_with_caveat,"confirmed but only comparable via a predeclared ordinal/categorical rubric, not a direct metric"
Bridgeport,MX2__Commercial Center,MX2,,V3,Vertical development capacity,confirmed,,3.0,3.0,30.0,X.X0.6 HEIGHT -- Commercial Center,,stories never converted to feet without explicit legal conversion,targeted_visual_table_recovery,0.9,0.9,confirmed_governing_rule,structurally_non_equivalent,,2026-10-01,score_ready_with_caveat,"confirmed but only comparable via a predeclared ordinal/categorical rubric, not a direct metric"
Bridgeport,MX1__Commercial House,MX1,,V3,Vertical development capacity,confirmed,,2.5,2.5,38.0,X.X0.6 HEIGHT -- Commercial House,,stories never converted to feet without explicit legal conversion,targeted_visual_table_recovery,0.9,0.9,confirmed_governing_rule,structurally_non_equivalent,,2026-10-01,score_ready_with_caveat,"confirmed but only comparable via a predeclared ordinal/categorical rubric, not a direct metric"
Bridgeport,MXN__Commercial House,MXN,,V3,Vertical development capacity,confirmed,,2.5,2.5,38.0,X.X0.6 HEIGHT -- Commercial House,,stories never converted to feet without explicit legal conversion,targeted_visual_table_recovery,0.9,0.9,confirmed_governing_rule,structurally_non_equivalent,,2026-10-01,score_ready_with_caveat,"confirmed but only comparable via a predeclared ordinal/categorical rubric, not a direct metric"
Bridgeport,MX2__Commercial House,MX2,,V3,Vertical development capacity,confirmed,,2.5,2.5,38.0,X.X0.6 HEIGHT -- Commercial House,,stories never converted to feet without explicit legal conversion,targeted_visual_table_recovery,0.9,0.9,confirmed_governing_rule,structurally_non_equivalent,,2026-10-01,score_ready_with_caveat,"confirmed but only comparable via a predeclared ordinal/categorical rubric, not a direct metric"
Bridgeport,RX1__Commercial House,RX1,,V3,Vertical development capacity,confirmed,,2.5,2.5,38.0,X.X0.6 HEIGHT -- Commercial House,,stories never converted to feet without explicit legal conversion,targeted_visual_table_recovery,0.9,0.9,confirmed_governing_rule,structurally_non_equivalent,,2026-10-01,score_ready_with_caveat,"confirmed but only comparable via a predeclared ordinal/categorical rubric, not a direct metric"
Bridgeport,RX2__Commercial House,RX2,,V3,Vertical development capacity,confirmed,,2.5,2.5,38.0,X.X0.6 HEIGHT -- Commercial House,,stories never converted to feet without explicit legal conversion,targeted_visual_table_recovery,0.9,0.9,confirmed_governing_rule,structurally_non_equivalent,,2026-10-01,score_ready_with_caveat,"confirmed but only comparable via a predeclared ordinal/categorical rubric, not a direct metric"
Bridgeport,DX2__General,DX2,,V3,Vertical development capacity,confirmed,,15.0,15.0,46.0,X.X0.6 HEIGHT -- General,,stories never converted to feet without explicit legal conversion,targeted_visual_table_recovery,0.9,0.9,confirmed_governing_rule,structurally_non_equivalent,,2026-10-01,score_ready_with_caveat,"confirmed but only comparable via a predeclared ordinal/categorical rubric, not a direct metric"
Bridgeport,RX2__General,RX2,,V3,Vertical development capacity,confirmed,,5.5,5.5,46.0,X.X0.6 HEIGHT -- General,,stories never converted to feet without explicit legal conversion,targeted_visual_table_recovery,0.9,0.9,confirmed_governing_rule,structurally_non_equivalent,,2026-10-01,score_ready_with_caveat,"confirmed but only comparable via a predeclared ordinal/categorical rubric, not a direct metric"
Bridgeport,P2__General,P2,,V3,Vertical development capacity,confirmed,,5.5,5.5,46.0,X.X0.6 HEIGHT -- General,,stories never converted to feet without explicit legal conversion,targeted_visual_table_recovery,0.9,0.9,confirmed_governing_rule,structurally_non_equivalent,,2026-10-01,score_ready_with_caveat,"confirmed but only comparable via a predeclared ordinal/categorical rubric, not a direct metric"
Bridgeport,IX__General,IX,,V3,Vertical development capacity,confirmed,,5.5,5.5,46.0,X.X0.6 HEIGHT -- General,,stories never converted to feet without explicit legal conversion,targeted_visual_table_recovery,0.9,0.9,confirmed_governing_rule,structurally_non_equivalent,,2026-10-01,score_ready_with_caveat,"confirmed but only comparable via a predeclared ordinal/categorical rubric, not a direct metric"
Bridgeport,NX4__General,NX4,,V3,Vertical development capacity,confirmed,,5.5,5.5,46.0,X.X0.6 HEIGHT -- General,,stories never converted to feet without explicit legal conversion,targeted_visual_table_recovery,0.9,0.9,confirmed_governing_rule,structurally_non_equivalent,,2026-10-01,score_ready_with_caveat,"confirmed but only comparable via a predeclared ordinal/categorical rubric, not a direct metric"
Bridgeport,NX3__General,NX3,,V3,Vertical development capacity,confirmed,,3.5,3.5,46.0,X.X0.6 HEIGHT -- General,,stories never converted to feet without explicit legal conversion,targeted_visual_table_recovery,0.9,0.9,confirmed_governing_rule,structurally_non_equivalent,,2026-10-01,score_ready_with_caveat,"confirmed but only comparable via a predeclared ordinal/categorical rubric, not a direct metric"
Bridgeport,CX__General,CX,,V3,Vertical development capacity,confirmed,,3.0,3.0,46.0,X.X0.6 HEIGHT -- General,,stories never converted to feet without explicit legal conversion,targeted_visual_table_recovery,0.9,0.9,confirmed_governing_rule,structurally_non_equivalent,,2026-10-01,score_ready_with_caveat,"confirmed but only comparable via a predeclared ordinal/categorical rubric, not a direct metric"
Bridgeport,I__General,I,,V3,Vertical development capacity,confirmed,,3.0,3.0,46.0,X.X0.6 HEIGHT -- General,,stories never converted to feet without explicit legal conversion,targeted_visual_table_recovery,0.9,0.9,confirmed_governing_rule,structurally_non_equivalent,,2026-10-01,score_ready_with_caveat,"confirmed but only comparable via a predeclared ordinal/categorical rubric, not a direct metric"
Bridgeport,NX2__Small General,NX2,,V3,Vertical development capacity,confirmed,,3.0,3.0,54.0,X.X0.6 HEIGHT -- Small General,,stories never converted to feet without explicit legal conversion,targeted_visual_table_recovery,0.9,0.9,confirmed_governing_rule,structurally_non_equivalent,,2026-10-01,score_ready_with_caveat,"confirmed but only comparable via a predeclared ordinal/categorical rubric, not a direct metric"
Bridgeport,RX1__Small General,RX1,,V3,Vertical development capacity,confirmed,,3.0,3.0,54.0,X.X0.6 HEIGHT -- Small General,,stories never converted to feet without explicit legal conversion,targeted_visual_table_recovery,0.9,0.9,confirmed_governing_rule,structurally_non_equivalent,,2026-10-01,score_ready_with_caveat,"confirmed but only comparable via a predeclared ordinal/categorical rubric, not a direct metric"
Bridgeport,NX1__Row,NX1,,V3,Vertical development capacity,confirmed,,2.5,2.5,62.0,X.X0.6 HEIGHT -- Row,,stories never converted to feet without explicit legal conversion,targeted_visual_table_recovery,0.9,0.9,confirmed_governing_rule,structurally_non_equivalent,,2026-10-01,score_ready_with_caveat,"confirmed but only comparable via a predeclared ordinal/categorical rubric, not a direct metric"
Bridgeport,NX2__Row,NX2,,V3,Vertical development capacity,confirmed,,2.5,2.5,62.0,X.X0.6 HEIGHT -- Row,,stories never converted to feet without explicit legal conversion,targeted_visual_table_recovery,0.9,0.9,confirmed_governing_rule,structurally_non_equivalent,,2026-10-01,score_ready_with_caveat,"confirmed but only comparable via a predeclared ordinal/categorical rubric, not a direct metric"
Bridgeport,NX3__Row,NX3,,V3,Vertical development capacity,confirmed,,3.5,3.5,62.0,X.X0.6 HEIGHT -- Row,,stories never converted to feet without explicit legal conversion,targeted_visual_table_recovery,0.9,0.9,confirmed_governing_rule,structurally_non_equivalent,,2026-10-01,score_ready_with_caveat,"confirmed but only comparable via a predeclared ordinal/categorical rubric, not a direct metric"
Bridgeport,NX4__Row,NX4,,V3,Vertical development capacity,confirmed,,3.5,3.5,62.0,X.X0.6 HEIGHT -- Row,,stories never converted to feet without explicit legal conversion,targeted_visual_table_recovery,0.9,0.9,confirmed_governing_rule,structurally_non_equivalent,,2026-10-01,score_ready_with_caveat,"confirmed but only comparable via a predeclared ordinal/categorical rubric, not a direct metric"
Bridgeport,RX1__Row,RX1,,V3,Vertical development capacity,confirmed,,3.5,3.5,62.0,X.X0.6 HEIGHT -- Row,,stories never converted to feet without explicit legal conversion,targeted_visual_table_recovery,0.9,0.9,confirmed_governing_rule,structurally_non_equivalent,,2026-10-01,score_ready_with_caveat,"confirmed but only comparable via a predeclared ordinal/categorical rubric, not a direct metric"
Bridgeport,RX2__Row,RX2,,V3,Vertical development capacity,confirmed,,3.5,3.5,62.0,X.X0.6 HEIGHT -- Row,,stories never converted to feet without explicit legal conversion,targeted_visual_table_recovery,0.9,0.9,confirmed_governing_rule,structurally_non_equivalent,,2026-10-01,score_ready_with_caveat,"confirmed but only comparable via a predeclared ordinal/categorical rubric, not a direct metric"
Bridgeport,NX1__Double House A,NX1,,V3,Vertical development capacity,confirmed,,2.5,2.5,70.0,X.X0.6 HEIGHT -- Double House A,,stories never converted to feet without explicit legal conversion,targeted_visual_table_recovery,0.9,0.9,confirmed_governing_rule,structurally_non_equivalent,,2026-10-01,score_ready_with_caveat,"confirmed but only comparable via a predeclared ordinal/categorical rubric, not a direct metric"
Bridgeport,NX2__Double House A,NX2,,V3,Vertical development capacity,confirmed,,2.5,2.5,70.0,X.X0.6 HEIGHT -- Double House A,,stories never converted to feet without explicit legal conversion,targeted_visual_table_recovery,0.9,0.9,confirmed_governing_rule,structurally_non_equivalent,,2026-10-01,score_ready_with_caveat,"confirmed but only comparable via a predeclared ordinal/categorical rubric, not a direct metric"
Bridgeport,N1__House A,N1,,V3,Vertical development capacity,confirmed,,2.5,2.5,78.0,X.X0.6 HEIGHT -- House A,,stories never converted to feet without explicit legal conversion,targeted_visual_table_recovery,0.9,0.9,confirmed_governing_rule,structurally_non_equivalent,,2026-10-01,score_ready_with_caveat,"confirmed but only comparable via a predeclared ordinal/categorical rubric, not a direct metric"
Bridgeport,NX1__House A,NX1,,V3,Vertical development capacity,confirmed,,2.5,2.5,78.0,X.X0.6 HEIGHT -- House A,,stories never converted to feet without explicit legal conversion,targeted_visual_table_recovery,0.9,0.9,confirmed_governing_rule,structurally_non_equivalent,,2026-10-01,score_ready_with_caveat,"confirmed but only comparable via a predeclared ordinal/categorical rubric, not a direct metric"
Bridgeport,NX2__House A,NX2,,V3,Vertical development capacity,confirmed,,2.5,2.5,78.0,X.X0.6 HEIGHT -- House A,,stories never converted to feet without explicit legal conversion,targeted_visual_table_recovery,0.9,0.9,confirmed_governing_rule,structurally_non_equivalent,,2026-10-01,score_ready_with_caveat,"confirmed but only comparable via a predeclared ordinal/categorical rubric, not a direct metric"
Bridgeport,N2__House B,N2,,V3,Vertical development capacity,confirmed,,2.0,2.0,86.0,X.X0.6 HEIGHT -- House B,,stories never converted to feet without explicit legal conversion,targeted_visual_table_recovery,0.9,0.9,confirmed_governing_rule,structurally_non_equivalent,,2026-10-01,score_ready_with_caveat,"confirmed but only comparable via a predeclared ordinal/categorical rubric, not a direct metric"
Bridgeport,N3__House C,N3,,V3,Vertical development capacity,confirmed,,2.5,2.5,94.0,X.X0.6 HEIGHT -- House C,,stories never converted to feet without explicit legal conversion,targeted_visual_table_recovery,0.9,0.9,confirmed_governing_rule,structurally_non_equivalent,,2026-10-01,score_ready_with_caveat,"confirmed but only comparable via a predeclared ordinal/categorical rubric, not a direct metric"
Bridgeport,N4__House D,N4,,V3,Vertical development capacity,confirmed,,2.0,2.0,102.0,X.X0.6 HEIGHT -- House D,,stories never converted to feet without explicit legal conversion,targeted_visual_table_recovery,0.9,0.9,confirmed_governing_rule,structurally_non_equivalent,,2026-10-01,score_ready_with_caveat,"confirmed but only comparable via a predeclared ordinal/categorical rubric, not a direct metric"
Bridgeport,CX__Workshop,CX,,V3,Vertical development capacity,confirmed,,3.0,3.0,110.0,X.X0.6 HEIGHT -- Workshop,,stories never converted to feet without explicit legal conversion,targeted_visual_table_recovery,0.9,0.9,confirmed_governing_rule,structurally_non_equivalent,,2026-10-01,score_ready_with_caveat,"confirmed but only comparable via a predeclared ordinal/categorical rubric, not a direct metric"
Bridgeport,I__Workshop,I,,V3,Vertical development capacity,confirmed,,3.0,3.0,110.0,X.X0.6 HEIGHT -- Workshop,,stories never converted to feet without explicit legal conversion,targeted_visual_table_recovery,0.9,0.9,confirmed_governing_rule,structurally_non_equivalent,,2026-10-01,score_ready_with_caveat,"confirmed but only comparable via a predeclared ordinal/categorical rubric, not a direct metric"
Bridgeport,DX1__Civic,DX1,,V3,Vertical development capacity,confirmed,,3.0,3.0,118.0,X.X0.6 HEIGHT -- Civic,,stories never converted to feet without explicit legal conversion,targeted_visual_table_recovery,0.9,0.9,confirmed_governing_rule,structurally_non_equivalent,,2026-10-01,score_ready_with_caveat,"confirmed but only comparable via a predeclared ordinal/categorical rubric, not a direct metric"
Bridgeport,P3__Civic,P3,,V3,Vertical development capacity,confirmed,,12.0,12.0,118.0,X.X0.6 HEIGHT -- Civic,,stories never converted to feet without explicit legal conversion,targeted_visual_table_recovery,0.9,0.9,confirmed_governing_rule,structurally_non_equivalent,,2026-10-01,score_ready_with_caveat,"confirmed but only comparable via a predeclared ordinal/categorical rubric, not a direct metric"
Bridgeport,P1__Civic,P1,,V3,Vertical development capacity,confirmed,,3.0,3.0,118.0,X.X0.6 HEIGHT -- Civic,,stories never converted to feet without explicit legal conversion,targeted_visual_table_recovery,0.9,0.9,confirmed_governing_rule,structurally_non_equivalent,,2026-10-01,score_ready_with_caveat,"confirmed but only comparable via a predeclared ordinal/categorical rubric, not a direct metric"
Bridgeport,CITYWIDE,ALL,,V6,Vehicle-parking burden,confirmed_qualitative_rule,no_minimum_parking_requirement,,0.0,228.0,8.20.1 MINIMUM RATIOS,This zoning code does not establish minimum off-street parking requirements,"explicit citywide statement, no exceptions found for residential uses",direct_reading,0.95,0.9,confirmed_qualitative_rule,directly_comparable,exceptions checked: 8.20.2 (maximums only); no district-specific supersession found,2026-10-01,score_ready,confirmed with a direct or documented-transform comparability status
Bridgeport,CITYWIDE,ALL,,V8,ADU entitlement pathway,confirmed,allowed_subject_to_objective_conditions,,,155.0,4.70.2 Accessory Apartments,No more than one accessory apartment is allowed per lot...size may not exceed 49% of GFA or 800 sqft...,Bridgeport's own term is 'Accessory Apartment'; conditions documented in Phase 2,direct_reading,0.95,0.9,confirmed_governing_rule,comparable_with_documented_transform,,2026-10-01,score_ready,confirmed with a direct or documented-transform comparability status
Greenwich,RA-4,RA-4,RA-4 (Single Family),V1,Minimum lot-size threshold,confirmed,,,174240.0,233.0,,4 Acres,"Direct MINIMUM LOT SIZE table cell, unambiguous unit.",prior_phase_2_manual_verification,0.9,0.9,confirmed_governing_rule,directly_comparable,prior Greenwich Phase 2 extraction,2026-10-01,score_ready,confirmed with a direct or documented-transform comparability status
Greenwich,RA-4,RA-4,RA-4 (Single Family),V2,Minimum lot-width threshold,confirmed,,,200.0,233.0,,125 ft. Lot width 200 ft. to be measured at house location,Verified visually in the official §6-205 RA-4 dimensional schedule. The phrase explicitly identifies 200 ft. as the lot-width requirement measured at the house location. The separate 125 ft. figure belongs to an adjacent requirement and is not used as lot width.,prior_phase_2_manual_verification,0.9,0.9,confirmed_governing_rule,directly_comparable,prior Greenwich Phase 2 manual review,2026-10-01,score_ready,confirmed with a direct or documented-transform comparability status
Greenwich,RA-4,RA-4,RA-4 (Single Family),V5,Building-placement control,confirmed,,,250.0,233.0,,50 ft.,Symmetric side-yard value with no 'sum of both' qualifier: front(75.0) + 2 x side(50.0) + rear(75.0) = 250.0 ft.,prior_phase_2_manual_verification,0.9,0.9,confirmed_governing_rule,directly_comparable,prior Greenwich Phase 2 extraction,2026-10-01,score_ready,confirmed with a direct or documented-transform comparability status
Greenwich,RA-4,RA-4,RA-4 (Single Family),V6,Vehicle-parking burden,confirmed_qualitative_rule,,,,193.0,,"On lots used for single-family residence purposes, Short-term Residential Rentals, or for boarding or rooming houses sufficient garage space or outdoor parking space shall be provided to accommodate the passenger cars used by the residents of such premises.",§6-154 (Parking and Garages for Residential Purposes) is the controlling single-family residential parking provision for RA-4. It imposes a qualitative sufficiency requirement rather than a numeric minimum expressed as spaces per dwelling unit. Numeric parking schedules found elsewhere (§6-155: 1-1.6 spaces/bedroom for two-family/multi-family; §6-121: BMR units) apply to different uses and are not substituted for the RA-4 principal single-family rule.,prior_phase_2_manual_verification,0.9,0.9,confirmed_qualitative_rule,qualitative_only,prior Greenwich Phase 2 manual review,2026-10-01,score_ready,confirmed with a direct or documented-transform comparability status
Greenwich,RA-4,RA-4,RA-4 (Single Family),V7,3+-unit housing entitlement pathway,confirmed,prohibited,,,77.0,,"The following principal uses are permitted in RA-4, RA-2, RA-1, R-20 and R-12 Zones and all other principal uses are expressly excluded: (1) Detached single family dwellings, one (1) per lot.","Greenwich defines a multi-family dwelling (§6-5(19)) as a building containing three or more dwelling units. Multifamily housing is not among the enumerated RA-4 principal uses, and §6-93 expressly excludes all other principal uses. Therefore multifamily housing with three or more dwelling units is prohibited as a principal use in RA-4.",prior_phase_2_manual_verification,0.9,0.9,confirmed_governing_rule,needs_manual_harmonization,prior Greenwich Phase 2 manual review,2026-10-01,score_ready,confirmed with a direct or documented-transform comparability status
Greenwich,RA-4,RA-4,RA-4 (Single Family),V8,ADU entitlement pathway,confirmed,allowed_subject_to_objective_conditions,,,86.0,,"An ADU shall be constructed within lawful setbacks and on lots conforming with or exceeding the minimum size requirements in the applicable RA-4, RA-2, RA-1, R-20, R-12, R-7, or R-6 zone. ... No conversion or construction contemplated by this Section shall occur ... until the Owner has received appr","§6-99 expressly includes RA-4 among its named eligible zones (also for the 1,200 sq ft external-ADU size cap under RA-2/RA-4). A conforming ADU is allowed subject to objective standards (owner occupancy, size limits, lot/setback conformance, parking, utility/septic documentation) and staff-level Planning and Zoning Office / Town Planner or designee approval -- not Commission discretionary review. Special Permit / Commission review applies only to the exception case (oversized ADU or nonconformin",prior_phase_2_manual_verification,0.9,0.9,confirmed_governing_rule,comparable_with_documented_transform,prior Greenwich Phase 2 manual review,2026-10-01,score_ready,confirmed with a direct or documented-transform comparability status
Bridgeport,CX__V9,CX,Heavy Commercial,V9,Residential density / unit-cap control,confirmed_qualitative_rule,building_type_only_density_control,,,,3.0 Site & Building Types (document-wide),,"zero 'FAR'/'density'/'units per acre' tokens found document-wide; unit count is instead gated entirely by which building type a district permits -- House A/B/C/D are inherently 1-2-unit forms per their own definitions, the other 9 types explicitly allow multiple units/principal buildings",document_wide_term_search_plus_prior_building_siting_recovery,0.8,0.8,confirmed_qualitative_rule,structurally_non_equivalent,"searched: 'density','units per acre','dwelling units per','maximum units' (0 hits document-wide)",2026-10-01,score_ready_with_caveat,"confirmed but only comparable via a predeclared ordinal/categorical rubric, not a direct metric"
Bridgeport,DX1__V9,DX1,Downtown Core,V9,Residential density / unit-cap control,confirmed_qualitative_rule,building_type_only_density_control,,,,3.0 Site & Building Types (document-wide),,"zero 'FAR'/'density'/'units per acre' tokens found document-wide; unit count is instead gated entirely by which building type a district permits -- House A/B/C/D are inherently 1-2-unit forms per their own definitions, the other 9 types explicitly allow multiple units/principal buildings",document_wide_term_search_plus_prior_building_siting_recovery,0.8,0.8,confirmed_qualitative_rule,structurally_non_equivalent,"searched: 'density','units per acre','dwelling units per','maximum units' (0 hits document-wide)",2026-10-01,score_ready_with_caveat,"confirmed but only comparable via a predeclared ordinal/categorical rubric, not a direct metric"
Bridgeport,DX2__V9,DX2,Downtown Support,V9,Residential density / unit-cap control,confirmed_qualitative_rule,building_type_only_density_control,,,,3.0 Site & Building Types (document-wide),,"zero 'FAR'/'density'/'units per acre' tokens found document-wide; unit count is instead gated entirely by which building type a district permits -- House A/B/C/D are inherently 1-2-unit forms per their own definitions, the other 9 types explicitly allow multiple units/principal buildings",document_wide_term_search_plus_prior_building_siting_recovery,0.8,0.8,confirmed_qualitative_rule,structurally_non_equivalent,"searched: 'density','units per acre','dwelling units per','maximum units' (0 hits document-wide)",2026-10-01,score_ready_with_caveat,"confirmed but only comparable via a predeclared ordinal/categorical rubric, not a direct metric"
Bridgeport,I__V9,I,Industrial,V9,Residential density / unit-cap control,confirmed_qualitative_rule,building_type_only_density_control,,,,3.0 Site & Building Types (document-wide),,"zero 'FAR'/'density'/'units per acre' tokens found document-wide; unit count is instead gated entirely by which building type a district permits -- House A/B/C/D are inherently 1-2-unit forms per their own definitions, the other 9 types explicitly allow multiple units/principal buildings",document_wide_term_search_plus_prior_building_siting_recovery,0.8,0.8,confirmed_qualitative_rule,structurally_non_equivalent,"searched: 'density','units per acre','dwelling units per','maximum units' (0 hits document-wide)",2026-10-01,score_ready_with_caveat,"confirmed but only comparable via a predeclared ordinal/categorical rubric, not a direct metric"
Bridgeport,IX__V9,IX,Office-Industrial Centers,V9,Residential density / unit-cap control,confirmed_qualitative_rule,building_type_only_density_control,,,,3.0 Site & Building Types (document-wide),,"zero 'FAR'/'density'/'units per acre' tokens found document-wide; unit count is instead gated entirely by which building type a district permits -- House A/B/C/D are inherently 1-2-unit forms per their own definitions, the other 9 types explicitly allow multiple units/principal buildings",document_wide_term_search_plus_prior_building_siting_recovery,0.8,0.8,confirmed_qualitative_rule,structurally_non_equivalent,"searched: 'density','units per acre','dwelling units per','maximum units' (0 hits document-wide)",2026-10-01,score_ready_with_caveat,"confirmed but only comparable via a predeclared ordinal/categorical rubric, not a direct metric"
Bridgeport,MX1__V9,MX1,Mixed-Use Corridor,V9,Residential density / unit-cap control,confirmed_qualitative_rule,building_type_only_density_control,,,,3.0 Site & Building Types (document-wide),,"zero 'FAR'/'density'/'units per acre' tokens found document-wide; unit count is instead gated entirely by which building type a district permits -- House A/B/C/D are inherently 1-2-unit forms per their own definitions, the other 9 types explicitly allow multiple units/principal buildings",document_wide_term_search_plus_prior_building_siting_recovery,0.8,0.8,confirmed_qualitative_rule,structurally_non_equivalent,"searched: 'density','units per acre','dwelling units per','maximum units' (0 hits document-wide)",2026-10-01,score_ready_with_caveat,"confirmed but only comparable via a predeclared ordinal/categorical rubric, not a direct metric"
Bridgeport,MX2__V9,MX2,Mixed-Use Centers,V9,Residential density / unit-cap control,confirmed_qualitative_rule,building_type_only_density_control,,,,3.0 Site & Building Types (document-wide),,"zero 'FAR'/'density'/'units per acre' tokens found document-wide; unit count is instead gated entirely by which building type a district permits -- House A/B/C/D are inherently 1-2-unit forms per their own definitions, the other 9 types explicitly allow multiple units/principal buildings",document_wide_term_search_plus_prior_building_siting_recovery,0.8,0.8,confirmed_qualitative_rule,structurally_non_equivalent,"searched: 'density','units per acre','dwelling units per','maximum units' (0 hits document-wide)",2026-10-01,score_ready_with_caveat,"confirmed but only comparable via a predeclared ordinal/categorical rubric, not a direct metric"
Bridgeport,MXN__V9,MXN,Mixed-Use Neighborhood Corners,V9,Residential density / unit-cap control,confirmed_qualitative_rule,building_type_only_density_control,,,,3.0 Site & Building Types (document-wide),,"zero 'FAR'/'density'/'units per acre' tokens found document-wide; unit count is instead gated entirely by which building type a district permits -- House A/B/C/D are inherently 1-2-unit forms per their own definitions, the other 9 types explicitly allow multiple units/principal buildings",document_wide_term_search_plus_prior_building_siting_recovery,0.8,0.8,confirmed_qualitative_rule,structurally_non_equivalent,"searched: 'density','units per acre','dwelling units per','maximum units' (0 hits document-wide)",2026-10-01,score_ready_with_caveat,"confirmed but only comparable via a predeclared ordinal/categorical rubric, not a direct metric"
Bridgeport,N1__V9,N1,Neighborhood: Traditional,V9,Residential density / unit-cap control,confirmed_qualitative_rule,building_type_only_density_control,,,,3.0 Site & Building Types (document-wide),,"zero 'FAR'/'density'/'units per acre' tokens found document-wide; unit count is instead gated entirely by which building type a district permits -- House A/B/C/D are inherently 1-2-unit forms per their own definitions, the other 9 types explicitly allow multiple units/principal buildings",document_wide_term_search_plus_prior_building_siting_recovery,0.8,0.8,confirmed_qualitative_rule,structurally_non_equivalent,"searched: 'density','units per acre','dwelling units per','maximum units' (0 hits document-wide)",2026-10-01,score_ready_with_caveat,"confirmed but only comparable via a predeclared ordinal/categorical rubric, not a direct metric"
Bridgeport,N2__V9,N2,Neighborhood: Mid-Century,V9,Residential density / unit-cap control,confirmed_qualitative_rule,building_type_only_density_control,,,,3.0 Site & Building Types (document-wide),,"zero 'FAR'/'density'/'units per acre' tokens found document-wide; unit count is instead gated entirely by which building type a district permits -- House A/B/C/D are inherently 1-2-unit forms per their own definitions, the other 9 types explicitly allow multiple units/principal buildings",document_wide_term_search_plus_prior_building_siting_recovery,0.8,0.8,confirmed_qualitative_rule,structurally_non_equivalent,"searched: 'density','units per acre','dwelling units per','maximum units' (0 hits document-wide)",2026-10-01,score_ready_with_caveat,"confirmed but only comparable via a predeclared ordinal/categorical rubric, not a direct metric"
Bridgeport,N3__V9,N3,Neighborhood: Large Lot,V9,Residential density / unit-cap control,confirmed_qualitative_rule,building_type_only_density_control,,,,3.0 Site & Building Types (document-wide),,"zero 'FAR'/'density'/'units per acre' tokens found document-wide; unit count is instead gated entirely by which building type a district permits -- House A/B/C/D are inherently 1-2-unit forms per their own definitions, the other 9 types explicitly allow multiple units/principal buildings",document_wide_term_search_plus_prior_building_siting_recovery,0.8,0.8,confirmed_qualitative_rule,structurally_non_equivalent,"searched: 'density','units per acre','dwelling units per','maximum units' (0 hits document-wide)",2026-10-01,score_ready_with_caveat,"confirmed but only comparable via a predeclared ordinal/categorical rubric, not a direct metric"
Bridgeport,N4__V9,N4,Neighborhood: Suburban,V9,Residential density / unit-cap control,confirmed_qualitative_rule,building_type_only_density_control,,,,3.0 Site & Building Types (document-wide),,"zero 'FAR'/'density'/'units per acre' tokens found document-wide; unit count is instead gated entirely by which building type a district permits -- House A/B/C/D are inherently 1-2-unit forms per their own definitions, the other 9 types explicitly allow multiple units/principal buildings",document_wide_term_search_plus_prior_building_siting_recovery,0.8,0.8,confirmed_qualitative_rule,structurally_non_equivalent,"searched: 'density','units per acre','dwelling units per','maximum units' (0 hits document-wide)",2026-10-01,score_ready_with_caveat,"confirmed but only comparable via a predeclared ordinal/categorical rubric, not a direct metric"
Bridgeport,NX1__V9,NX1,Neighborhood Mix,V9,Residential density / unit-cap control,confirmed_qualitative_rule,building_type_only_density_control,,,,3.0 Site & Building Types (document-wide),,"zero 'FAR'/'density'/'units per acre' tokens found document-wide; unit count is instead gated entirely by which building type a district permits -- House A/B/C/D are inherently 1-2-unit forms per their own definitions, the other 9 types explicitly allow multiple units/principal buildings",document_wide_term_search_plus_prior_building_siting_recovery,0.8,0.8,confirmed_qualitative_rule,structurally_non_equivalent,"searched: 'density','units per acre','dwelling units per','maximum units' (0 hits document-wide)",2026-10-01,score_ready_with_caveat,"confirmed but only comparable via a predeclared ordinal/categorical rubric, not a direct metric"
Bridgeport,NX2__V9,NX2,,V9,Residential density / unit-cap control,confirmed_qualitative_rule,building_type_only_density_control,,,,3.0 Site & Building Types (document-wide),,"zero 'FAR'/'density'/'units per acre' tokens found document-wide; unit count is instead gated entirely by which building type a district permits -- House A/B/C/D are inherently 1-2-unit forms per their own definitions, the other 9 types explicitly allow multiple units/principal buildings",document_wide_term_search_plus_prior_building_siting_recovery,0.8,0.8,confirmed_qualitative_rule,structurally_non_equivalent,"searched: 'density','units per acre','dwelling units per','maximum units' (0 hits document-wide)",2026-10-01,score_ready_with_caveat,"confirmed but only comparable via a predeclared ordinal/categorical rubric, not a direct metric"
Bridgeport,NX3__V9,NX3,Mixed Residential,V9,Residential density / unit-cap control,confirmed_qualitative_rule,building_type_only_density_control,,,,3.0 Site & Building Types (document-wide),,"zero 'FAR'/'density'/'units per acre' tokens found document-wide; unit count is instead gated entirely by which building type a district permits -- House A/B/C/D are inherently 1-2-unit forms per their own definitions, the other 9 types explicitly allow multiple units/principal buildings",document_wide_term_search_plus_prior_building_siting_recovery,0.8,0.8,confirmed_qualitative_rule,structurally_non_equivalent,"searched: 'density','units per acre','dwelling units per','maximum units' (0 hits document-wide)",2026-10-01,score_ready_with_caveat,"confirmed but only comparable via a predeclared ordinal/categorical rubric, not a direct metric"
Bridgeport,NX4__V9,NX4,Mixed Residential,V9,Residential density / unit-cap control,confirmed_qualitative_rule,building_type_only_density_control,,,,3.0 Site & Building Types (document-wide),,"zero 'FAR'/'density'/'units per acre' tokens found document-wide; unit count is instead gated entirely by which building type a district permits -- House A/B/C/D are inherently 1-2-unit forms per their own definitions, the other 9 types explicitly allow multiple units/principal buildings",document_wide_term_search_plus_prior_building_siting_recovery,0.8,0.8,confirmed_qualitative_rule,structurally_non_equivalent,"searched: 'density','units per acre','dwelling units per','maximum units' (0 hits document-wide)",2026-10-01,score_ready_with_caveat,"confirmed but only comparable via a predeclared ordinal/categorical rubric, not a direct metric"
Bridgeport,OH__V9,OH,Historic Overlay,V9,Residential density / unit-cap control,confirmed_qualitative_rule,building_type_only_density_control,,,,3.0 Site & Building Types (document-wide),,"zero 'FAR'/'density'/'units per acre' tokens found document-wide; unit count is instead gated entirely by which building type a district permits -- House A/B/C/D are inherently 1-2-unit forms per their own definitions, the other 9 types explicitly allow multiple units/principal buildings",document_wide_term_search_plus_prior_building_siting_recovery,0.8,0.8,confirmed_qualitative_rule,structurally_non_equivalent,"searched: 'density','units per acre','dwelling units per','maximum units' (0 hits document-wide)",2026-10-01,score_ready_with_caveat,"confirmed but only comparable via a predeclared ordinal/categorical rubric, not a direct metric"
Bridgeport,P1__V9,P1,Parks and Open Space,V9,Residential density / unit-cap control,confirmed_qualitative_rule,building_type_only_density_control,,,,3.0 Site & Building Types (document-wide),,"zero 'FAR'/'density'/'units per acre' tokens found document-wide; unit count is instead gated entirely by which building type a district permits -- House A/B/C/D are inherently 1-2-unit forms per their own definitions, the other 9 types explicitly allow multiple units/principal buildings",document_wide_term_search_plus_prior_building_siting_recovery,0.8,0.8,confirmed_qualitative_rule,structurally_non_equivalent,"searched: 'density','units per acre','dwelling units per','maximum units' (0 hits document-wide)",2026-10-01,score_ready_with_caveat,"confirmed but only comparable via a predeclared ordinal/categorical rubric, not a direct metric"
Bridgeport,P2__V9,P2,Civic and Institutional Buildings,V9,Residential density / unit-cap control,confirmed_qualitative_rule,building_type_only_density_control,,,,3.0 Site & Building Types (document-wide),,"zero 'FAR'/'density'/'units per acre' tokens found document-wide; unit count is instead gated entirely by which building type a district permits -- House A/B/C/D are inherently 1-2-unit forms per their own definitions, the other 9 types explicitly allow multiple units/principal buildings",document_wide_term_search_plus_prior_building_siting_recovery,0.8,0.8,confirmed_qualitative_rule,structurally_non_equivalent,"searched: 'density','units per acre','dwelling units per','maximum units' (0 hits document-wide)",2026-10-01,score_ready_with_caveat,"confirmed but only comparable via a predeclared ordinal/categorical rubric, not a direct metric"
Bridgeport,P3__V9,P3,Institutional Campuses,V9,Residential density / unit-cap control,confirmed_qualitative_rule,building_type_only_density_control,,,,3.0 Site & Building Types (document-wide),,"zero 'FAR'/'density'/'units per acre' tokens found document-wide; unit count is instead gated entirely by which building type a district permits -- House A/B/C/D are inherently 1-2-unit forms per their own definitions, the other 9 types explicitly allow multiple units/principal buildings",document_wide_term_search_plus_prior_building_siting_recovery,0.8,0.8,confirmed_qualitative_rule,structurally_non_equivalent,"searched: 'density','units per acre','dwelling units per','maximum units' (0 hits document-wide)",2026-10-01,score_ready_with_caveat,"confirmed but only comparable via a predeclared ordinal/categorical rubric, not a direct metric"
Bridgeport,P4__V9,P4,Utility and Energy Infrastructure,V9,Residential density / unit-cap control,confirmed_qualitative_rule,building_type_only_density_control,,,,3.0 Site & Building Types (document-wide),,"zero 'FAR'/'density'/'units per acre' tokens found document-wide; unit count is instead gated entirely by which building type a district permits -- House A/B/C/D are inherently 1-2-unit forms per their own definitions, the other 9 types explicitly allow multiple units/principal buildings",document_wide_term_search_plus_prior_building_siting_recovery,0.8,0.8,confirmed_qualitative_rule,structurally_non_equivalent,"searched: 'density','units per acre','dwelling units per','maximum units' (0 hits document-wide)",2026-10-01,score_ready_with_caveat,"confirmed but only comparable via a predeclared ordinal/categorical rubric, not a direct metric"
Bridgeport,P5__V9,P5,Detention and Correction Facilities,V9,Residential density / unit-cap control,confirmed_qualitative_rule,building_type_only_density_control,,,,3.0 Site & Building Types (document-wide),,"zero 'FAR'/'density'/'units per acre' tokens found document-wide; unit count is instead gated entirely by which building type a district permits -- House A/B/C/D are inherently 1-2-unit forms per their own definitions, the other 9 types explicitly allow multiple units/principal buildings",document_wide_term_search_plus_prior_building_siting_recovery,0.8,0.8,confirmed_qualitative_rule,structurally_non_equivalent,"searched: 'density','units per acre','dwelling units per','maximum units' (0 hits document-wide)",2026-10-01,score_ready_with_caveat,"confirmed but only comparable via a predeclared ordinal/categorical rubric, not a direct metric"
Bridgeport,RX1__V9,RX1,,V9,Residential density / unit-cap control,confirmed_qualitative_rule,building_type_only_density_control,,,,3.0 Site & Building Types (document-wide),,"zero 'FAR'/'density'/'units per acre' tokens found document-wide; unit count is instead gated entirely by which building type a district permits -- House A/B/C/D are inherently 1-2-unit forms per their own definitions, the other 9 types explicitly allow multiple units/principal buildings",document_wide_term_search_plus_prior_building_siting_recovery,0.8,0.8,confirmed_qualitative_rule,structurally_non_equivalent,"searched: 'density','units per acre','dwelling units per','maximum units' (0 hits document-wide)",2026-10-01,score_ready_with_caveat,"confirmed but only comparable via a predeclared ordinal/categorical rubric, not a direct metric"
Bridgeport,RX2__V9,RX2,Residential-Office Centers,V9,Residential density / unit-cap control,confirmed_qualitative_rule,building_type_only_density_control,,,,3.0 Site & Building Types (document-wide),,"zero 'FAR'/'density'/'units per acre' tokens found document-wide; unit count is instead gated entirely by which building type a district permits -- House A/B/C/D are inherently 1-2-unit forms per their own definitions, the other 9 types explicitly allow multiple units/principal buildings",document_wide_term_search_plus_prior_building_siting_recovery,0.8,0.8,confirmed_qualitative_rule,structurally_non_equivalent,"searched: 'density','units per acre','dwelling units per','maximum units' (0 hits document-wide)",2026-10-01,score_ready_with_caveat,"confirmed but only comparable via a predeclared ordinal/categorical rubric, not a direct metric"
Bridgeport,CX__V11,CX,Heavy Commercial,V11,General discretionary-review burden,confirmed_qualitative_rule,administrative_review_with_objective_standards,,,142,4.10.3 PERMITTED USES,"Uses identified with a bullet are permitted as-of-right in the subject zone, subject to compliance with all other applicable regulations of this zoning code.","the baseline representative compliant project (a by-right-symbol use/building type) proceeds under objective zoning-permit review per 4.10.3; special-permit (11.50) or certificate-of-location (11.120) pathways apply only to specifically flagged uses, not the general case",direct_reading_of_already_read_primary_text,0.75,0.7,confirmed_qualitative_rule,needs_manual_harmonization,4.10.3-4.10.7 use-table legend definitions (permitted/upper-stories-only/limited-area/special-permit/certificate-of-location/prohibited),2026-10-01,score_ready,confirmed with a direct or documented-transform comparability status
Bridgeport,DX1__V11,DX1,Downtown Core,V11,General discretionary-review burden,confirmed_qualitative_rule,administrative_review_with_objective_standards,,,142,4.10.3 PERMITTED USES,"Uses identified with a bullet are permitted as-of-right in the subject zone, subject to compliance with all other applicable regulations of this zoning code.","the baseline representative compliant project (a by-right-symbol use/building type) proceeds under objective zoning-permit review per 4.10.3; special-permit (11.50) or certificate-of-location (11.120) pathways apply only to specifically flagged uses, not the general case",direct_reading_of_already_read_primary_text,0.75,0.7,confirmed_qualitative_rule,needs_manual_harmonization,4.10.3-4.10.7 use-table legend definitions (permitted/upper-stories-only/limited-area/special-permit/certificate-of-location/prohibited),2026-10-01,score_ready,confirmed with a direct or documented-transform comparability status
Bridgeport,DX2__V11,DX2,Downtown Support,V11,General discretionary-review burden,confirmed_qualitative_rule,administrative_review_with_objective_standards,,,142,4.10.3 PERMITTED USES,"Uses identified with a bullet are permitted as-of-right in the subject zone, subject to compliance with all other applicable regulations of this zoning code.","the baseline representative compliant project (a by-right-symbol use/building type) proceeds under objective zoning-permit review per 4.10.3; special-permit (11.50) or certificate-of-location (11.120) pathways apply only to specifically flagged uses, not the general case",direct_reading_of_already_read_primary_text,0.75,0.7,confirmed_qualitative_rule,needs_manual_harmonization,4.10.3-4.10.7 use-table legend definitions (permitted/upper-stories-only/limited-area/special-permit/certificate-of-location/prohibited),2026-10-01,score_ready,confirmed with a direct or documented-transform comparability status
Bridgeport,I__V11,I,Industrial,V11,General discretionary-review burden,confirmed_qualitative_rule,administrative_review_with_objective_standards,,,142,4.10.3 PERMITTED USES,"Uses identified with a bullet are permitted as-of-right in the subject zone, subject to compliance with all other applicable regulations of this zoning code.","the baseline representative compliant project (a by-right-symbol use/building type) proceeds under objective zoning-permit review per 4.10.3; special-permit (11.50) or certificate-of-location (11.120) pathways apply only to specifically flagged uses, not the general case",direct_reading_of_already_read_primary_text,0.75,0.7,confirmed_qualitative_rule,needs_manual_harmonization,4.10.3-4.10.7 use-table legend definitions (permitted/upper-stories-only/limited-area/special-permit/certificate-of-location/prohibited),2026-10-01,score_ready,confirmed with a direct or documented-transform comparability status
Bridgeport,IX__V11,IX,Office-Industrial Centers,V11,General discretionary-review burden,confirmed_qualitative_rule,administrative_review_with_objective_standards,,,142,4.10.3 PERMITTED USES,"Uses identified with a bullet are permitted as-of-right in the subject zone, subject to compliance with all other applicable regulations of this zoning code.","the baseline representative compliant project (a by-right-symbol use/building type) proceeds under objective zoning-permit review per 4.10.3; special-permit (11.50) or certificate-of-location (11.120) pathways apply only to specifically flagged uses, not the general case",direct_reading_of_already_read_primary_text,0.75,0.7,confirmed_qualitative_rule,needs_manual_harmonization,4.10.3-4.10.7 use-table legend definitions (permitted/upper-stories-only/limited-area/special-permit/certificate-of-location/prohibited),2026-10-01,score_ready,confirmed with a direct or documented-transform comparability status
Bridgeport,MX1__V11,MX1,Mixed-Use Corridor,V11,General discretionary-review burden,confirmed_qualitative_rule,administrative_review_with_objective_standards,,,142,4.10.3 PERMITTED USES,"Uses identified with a bullet are permitted as-of-right in the subject zone, subject to compliance with all other applicable regulations of this zoning code.","the baseline representative compliant project (a by-right-symbol use/building type) proceeds under objective zoning-permit review per 4.10.3; special-permit (11.50) or certificate-of-location (11.120) pathways apply only to specifically flagged uses, not the general case",direct_reading_of_already_read_primary_text,0.75,0.7,confirmed_qualitative_rule,needs_manual_harmonization,4.10.3-4.10.7 use-table legend definitions (permitted/upper-stories-only/limited-area/special-permit/certificate-of-location/prohibited),2026-10-01,score_ready,confirmed with a direct or documented-transform comparability status
Bridgeport,MX2__V11,MX2,Mixed-Use Centers,V11,General discretionary-review burden,confirmed_qualitative_rule,administrative_review_with_objective_standards,,,142,4.10.3 PERMITTED USES,"Uses identified with a bullet are permitted as-of-right in the subject zone, subject to compliance with all other applicable regulations of this zoning code.","the baseline representative compliant project (a by-right-symbol use/building type) proceeds under objective zoning-permit review per 4.10.3; special-permit (11.50) or certificate-of-location (11.120) pathways apply only to specifically flagged uses, not the general case",direct_reading_of_already_read_primary_text,0.75,0.7,confirmed_qualitative_rule,needs_manual_harmonization,4.10.3-4.10.7 use-table legend definitions (permitted/upper-stories-only/limited-area/special-permit/certificate-of-location/prohibited),2026-10-01,score_ready,confirmed with a direct or documented-transform comparability status
Bridgeport,MXN__V11,MXN,Mixed-Use Neighborhood Corners,V11,General discretionary-review burden,confirmed_qualitative_rule,administrative_review_with_objective_standards,,,142,4.10.3 PERMITTED USES,"Uses identified with a bullet are permitted as-of-right in the subject zone, subject to compliance with all other applicable regulations of this zoning code.","the baseline representative compliant project (a by-right-symbol use/building type) proceeds under objective zoning-permit review per 4.10.3; special-permit (11.50) or certificate-of-location (11.120) pathways apply only to specifically flagged uses, not the general case",direct_reading_of_already_read_primary_text,0.75,0.7,confirmed_qualitative_rule,needs_manual_harmonization,4.10.3-4.10.7 use-table legend definitions (permitted/upper-stories-only/limited-area/special-permit/certificate-of-location/prohibited),2026-10-01,score_ready,confirmed with a direct or documented-transform comparability status
Bridgeport,N1__V11,N1,Neighborhood: Traditional,V11,General discretionary-review burden,confirmed_qualitative_rule,administrative_review_with_objective_standards,,,142,4.10.3 PERMITTED USES,"Uses identified with a bullet are permitted as-of-right in the subject zone, subject to compliance with all other applicable regulations of this zoning code.","the baseline representative compliant project (a by-right-symbol use/building type) proceeds under objective zoning-permit review per 4.10.3; special-permit (11.50) or certificate-of-location (11.120) pathways apply only to specifically flagged uses, not the general case",direct_reading_of_already_read_primary_text,0.75,0.7,confirmed_qualitative_rule,needs_manual_harmonization,4.10.3-4.10.7 use-table legend definitions (permitted/upper-stories-only/limited-area/special-permit/certificate-of-location/prohibited),2026-10-01,score_ready,confirmed with a direct or documented-transform comparability status
Bridgeport,N2__V11,N2,Neighborhood: Mid-Century,V11,General discretionary-review burden,confirmed_qualitative_rule,administrative_review_with_objective_standards,,,142,4.10.3 PERMITTED USES,"Uses identified with a bullet are permitted as-of-right in the subject zone, subject to compliance with all other applicable regulations of this zoning code.","the baseline representative compliant project (a by-right-symbol use/building type) proceeds under objective zoning-permit review per 4.10.3; special-permit (11.50) or certificate-of-location (11.120) pathways apply only to specifically flagged uses, not the general case",direct_reading_of_already_read_primary_text,0.75,0.7,confirmed_qualitative_rule,needs_manual_harmonization,4.10.3-4.10.7 use-table legend definitions (permitted/upper-stories-only/limited-area/special-permit/certificate-of-location/prohibited),2026-10-01,score_ready,confirmed with a direct or documented-transform comparability status
Bridgeport,N3__V11,N3,Neighborhood: Large Lot,V11,General discretionary-review burden,confirmed_qualitative_rule,administrative_review_with_objective_standards,,,142,4.10.3 PERMITTED USES,"Uses identified with a bullet are permitted as-of-right in the subject zone, subject to compliance with all other applicable regulations of this zoning code.","the baseline representative compliant project (a by-right-symbol use/building type) proceeds under objective zoning-permit review per 4.10.3; special-permit (11.50) or certificate-of-location (11.120) pathways apply only to specifically flagged uses, not the general case",direct_reading_of_already_read_primary_text,0.75,0.7,confirmed_qualitative_rule,needs_manual_harmonization,4.10.3-4.10.7 use-table legend definitions (permitted/upper-stories-only/limited-area/special-permit/certificate-of-location/prohibited),2026-10-01,score_ready,confirmed with a direct or documented-transform comparability status
Bridgeport,N4__V11,N4,Neighborhood: Suburban,V11,General discretionary-review burden,confirmed_qualitative_rule,administrative_review_with_objective_standards,,,142,4.10.3 PERMITTED USES,"Uses identified with a bullet are permitted as-of-right in the subject zone, subject to compliance with all other applicable regulations of this zoning code.","the baseline representative compliant project (a by-right-symbol use/building type) proceeds under objective zoning-permit review per 4.10.3; special-permit (11.50) or certificate-of-location (11.120) pathways apply only to specifically flagged uses, not the general case",direct_reading_of_already_read_primary_text,0.75,0.7,confirmed_qualitative_rule,needs_manual_harmonization,4.10.3-4.10.7 use-table legend definitions (permitted/upper-stories-only/limited-area/special-permit/certificate-of-location/prohibited),2026-10-01,score_ready,confirmed with a direct or documented-transform comparability status
Bridgeport,NX1__V11,NX1,Neighborhood Mix,V11,General discretionary-review burden,confirmed_qualitative_rule,administrative_review_with_objective_standards,,,142,4.10.3 PERMITTED USES,"Uses identified with a bullet are permitted as-of-right in the subject zone, subject to compliance with all other applicable regulations of this zoning code.","the baseline representative compliant project (a by-right-symbol use/building type) proceeds under objective zoning-permit review per 4.10.3; special-permit (11.50) or certificate-of-location (11.120) pathways apply only to specifically flagged uses, not the general case",direct_reading_of_already_read_primary_text,0.75,0.7,confirmed_qualitative_rule,needs_manual_harmonization,4.10.3-4.10.7 use-table legend definitions (permitted/upper-stories-only/limited-area/special-permit/certificate-of-location/prohibited),2026-10-01,score_ready,confirmed with a direct or documented-transform comparability status
Bridgeport,NX2__V11,NX2,,V11,General discretionary-review burden,confirmed_qualitative_rule,administrative_review_with_objective_standards,,,142,4.10.3 PERMITTED USES,"Uses identified with a bullet are permitted as-of-right in the subject zone, subject to compliance with all other applicable regulations of this zoning code.","the baseline representative compliant project (a by-right-symbol use/building type) proceeds under objective zoning-permit review per 4.10.3; special-permit (11.50) or certificate-of-location (11.120) pathways apply only to specifically flagged uses, not the general case",direct_reading_of_already_read_primary_text,0.75,0.7,confirmed_qualitative_rule,needs_manual_harmonization,4.10.3-4.10.7 use-table legend definitions (permitted/upper-stories-only/limited-area/special-permit/certificate-of-location/prohibited),2026-10-01,score_ready,confirmed with a direct or documented-transform comparability status
Bridgeport,NX3__V11,NX3,Mixed Residential,V11,General discretionary-review burden,confirmed_qualitative_rule,administrative_review_with_objective_standards,,,142,4.10.3 PERMITTED USES,"Uses identified with a bullet are permitted as-of-right in the subject zone, subject to compliance with all other applicable regulations of this zoning code.","the baseline representative compliant project (a by-right-symbol use/building type) proceeds under objective zoning-permit review per 4.10.3; special-permit (11.50) or certificate-of-location (11.120) pathways apply only to specifically flagged uses, not the general case",direct_reading_of_already_read_primary_text,0.75,0.7,confirmed_qualitative_rule,needs_manual_harmonization,4.10.3-4.10.7 use-table legend definitions (permitted/upper-stories-only/limited-area/special-permit/certificate-of-location/prohibited),2026-10-01,score_ready,confirmed with a direct or documented-transform comparability status
Bridgeport,NX4__V11,NX4,Mixed Residential,V11,General discretionary-review burden,confirmed_qualitative_rule,administrative_review_with_objective_standards,,,142,4.10.3 PERMITTED USES,"Uses identified with a bullet are permitted as-of-right in the subject zone, subject to compliance with all other applicable regulations of this zoning code.","the baseline representative compliant project (a by-right-symbol use/building type) proceeds under objective zoning-permit review per 4.10.3; special-permit (11.50) or certificate-of-location (11.120) pathways apply only to specifically flagged uses, not the general case",direct_reading_of_already_read_primary_text,0.75,0.7,confirmed_qualitative_rule,needs_manual_harmonization,4.10.3-4.10.7 use-table legend definitions (permitted/upper-stories-only/limited-area/special-permit/certificate-of-location/prohibited),2026-10-01,score_ready,confirmed with a direct or documented-transform comparability status
Bridgeport,OH__V11,OH,Historic Overlay,V11,General discretionary-review burden,confirmed_qualitative_rule,administrative_review_with_objective_standards,,,142,4.10.3 PERMITTED USES,"Uses identified with a bullet are permitted as-of-right in the subject zone, subject to compliance with all other applicable regulations of this zoning code.","the baseline representative compliant project (a by-right-symbol use/building type) proceeds under objective zoning-permit review per 4.10.3; special-permit (11.50) or certificate-of-location (11.120) pathways apply only to specifically flagged uses, not the general case",direct_reading_of_already_read_primary_text,0.75,0.7,confirmed_qualitative_rule,needs_manual_harmonization,4.10.3-4.10.7 use-table legend definitions (permitted/upper-stories-only/limited-area/special-permit/certificate-of-location/prohibited),2026-10-01,score_ready,confirmed with a direct or documented-transform comparability status
Bridgeport,P1__V11,P1,Parks and Open Space,V11,General discretionary-review burden,confirmed_qualitative_rule,administrative_review_with_objective_standards,,,142,4.10.3 PERMITTED USES,"Uses identified with a bullet are permitted as-of-right in the subject zone, subject to compliance with all other applicable regulations of this zoning code.","the baseline representative compliant project (a by-right-symbol use/building type) proceeds under objective zoning-permit review per 4.10.3; special-permit (11.50) or certificate-of-location (11.120) pathways apply only to specifically flagged uses, not the general case",direct_reading_of_already_read_primary_text,0.75,0.7,confirmed_qualitative_rule,needs_manual_harmonization,4.10.3-4.10.7 use-table legend definitions (permitted/upper-stories-only/limited-area/special-permit/certificate-of-location/prohibited),2026-10-01,score_ready,confirmed with a direct or documented-transform comparability status
Bridgeport,P2__V11,P2,Civic and Institutional Buildings,V11,General discretionary-review burden,confirmed_qualitative_rule,administrative_review_with_objective_standards,,,142,4.10.3 PERMITTED USES,"Uses identified with a bullet are permitted as-of-right in the subject zone, subject to compliance with all other applicable regulations of this zoning code.","the baseline representative compliant project (a by-right-symbol use/building type) proceeds under objective zoning-permit review per 4.10.3; special-permit (11.50) or certificate-of-location (11.120) pathways apply only to specifically flagged uses, not the general case",direct_reading_of_already_read_primary_text,0.75,0.7,confirmed_qualitative_rule,needs_manual_harmonization,4.10.3-4.10.7 use-table legend definitions (permitted/upper-stories-only/limited-area/special-permit/certificate-of-location/prohibited),2026-10-01,score_ready,confirmed with a direct or documented-transform comparability status
Bridgeport,P3__V11,P3,Institutional Campuses,V11,General discretionary-review burden,confirmed_qualitative_rule,administrative_review_with_objective_standards,,,142,4.10.3 PERMITTED USES,"Uses identified with a bullet are permitted as-of-right in the subject zone, subject to compliance with all other applicable regulations of this zoning code.","the baseline representative compliant project (a by-right-symbol use/building type) proceeds under objective zoning-permit review per 4.10.3; special-permit (11.50) or certificate-of-location (11.120) pathways apply only to specifically flagged uses, not the general case",direct_reading_of_already_read_primary_text,0.75,0.7,confirmed_qualitative_rule,needs_manual_harmonization,4.10.3-4.10.7 use-table legend definitions (permitted/upper-stories-only/limited-area/special-permit/certificate-of-location/prohibited),2026-10-01,score_ready,confirmed with a direct or documented-transform comparability status
Bridgeport,P4__V11,P4,Utility and Energy Infrastructure,V11,General discretionary-review burden,confirmed_qualitative_rule,administrative_review_with_objective_standards,,,142,4.10.3 PERMITTED USES,"Uses identified with a bullet are permitted as-of-right in the subject zone, subject to compliance with all other applicable regulations of this zoning code.","the baseline representative compliant project (a by-right-symbol use/building type) proceeds under objective zoning-permit review per 4.10.3; special-permit (11.50) or certificate-of-location (11.120) pathways apply only to specifically flagged uses, not the general case",direct_reading_of_already_read_primary_text,0.75,0.7,confirmed_qualitative_rule,needs_manual_harmonization,4.10.3-4.10.7 use-table legend definitions (permitted/upper-stories-only/limited-area/special-permit/certificate-of-location/prohibited),2026-10-01,score_ready,confirmed with a direct or documented-transform comparability status
Bridgeport,P5__V11,P5,Detention and Correction Facilities,V11,General discretionary-review burden,confirmed_qualitative_rule,administrative_review_with_objective_standards,,,142,4.10.3 PERMITTED USES,"Uses identified with a bullet are permitted as-of-right in the subject zone, subject to compliance with all other applicable regulations of this zoning code.","the baseline representative compliant project (a by-right-symbol use/building type) proceeds under objective zoning-permit review per 4.10.3; special-permit (11.50) or certificate-of-location (11.120) pathways apply only to specifically flagged uses, not the general case",direct_reading_of_already_read_primary_text,0.75,0.7,confirmed_qualitative_rule,needs_manual_harmonization,4.10.3-4.10.7 use-table legend definitions (permitted/upper-stories-only/limited-area/special-permit/certificate-of-location/prohibited),2026-10-01,score_ready,confirmed with a direct or documented-transform comparability status
Bridgeport,RX1__V11,RX1,,V11,General discretionary-review burden,confirmed_qualitative_rule,administrative_review_with_objective_standards,,,142,4.10.3 PERMITTED USES,"Uses identified with a bullet are permitted as-of-right in the subject zone, subject to compliance with all other applicable regulations of this zoning code.","the baseline representative compliant project (a by-right-symbol use/building type) proceeds under objective zoning-permit review per 4.10.3; special-permit (11.50) or certificate-of-location (11.120) pathways apply only to specifically flagged uses, not the general case",direct_reading_of_already_read_primary_text,0.75,0.7,confirmed_qualitative_rule,needs_manual_harmonization,4.10.3-4.10.7 use-table legend definitions (permitted/upper-stories-only/limited-area/special-permit/certificate-of-location/prohibited),2026-10-01,score_ready,confirmed with a direct or documented-transform comparability status
Bridgeport,RX2__V11,RX2,Residential-Office Centers,V11,General discretionary-review burden,confirmed_qualitative_rule,administrative_review_with_objective_standards,,,142,4.10.3 PERMITTED USES,"Uses identified with a bullet are permitted as-of-right in the subject zone, subject to compliance with all other applicable regulations of this zoning code.","the baseline representative compliant project (a by-right-symbol use/building type) proceeds under objective zoning-permit review per 4.10.3; special-permit (11.50) or certificate-of-location (11.120) pathways apply only to specifically flagged uses, not the general case",direct_reading_of_already_read_primary_text,0.75,0.7,confirmed_qualitative_rule,needs_manual_harmonization,4.10.3-4.10.7 use-table legend definitions (permitted/upper-stories-only/limited-area/special-permit/certificate-of-location/prohibited),2026-10-01,score_ready,confirmed with a direct or documented-transform comparability status
Greenwich,RA-4,,RA-4 (Single Family),V9,Residential density / unit-cap control,confirmed_qualitative_rule,1_unit_per_lot_detached_single_family,,,77,§6-93,"Detached single family dwellings, one (1) per lot.",RA-4's own permitted-use list caps density at exactly one dwelling unit per lot by definition of the sole permitted principal residential use; zero FAR/density tokens exist in RA-4's own §6-205 schedule,prior_phase_2_citation_plus_table_token_search,0.9,0.85,confirmed_qualitative_rule,structurally_non_equivalent,§6-93 (already cited for V7); RA-4 §6-205 table checked directly for FAR/density/unit tokens (0 found),2026-10-01,score_ready_with_caveat,"confirmed but only comparable via a predeclared ordinal/categorical rubric, not a direct metric"
Greenwich,RA-4,,RA-4 (Single Family),V11,General discretionary-review burden,confirmed_qualitative_rule,ministerial_or_zoning_permit_only,,,77,§6-93,"The following principal uses are permitted in RA-4...: Detached single family dwellings, one (1) per lot.","the baseline by-right single-family use is a 'permitted' use under §6-93, not a special-permit use; ordinary compliance proceeds via standard zoning/building permit, not discretionary commission review",prior_phase_2_citation_reused,0.75,0.7,confirmed_qualitative_rule,needs_manual_harmonization,same §6-93 citation already used for V7; distinguishes 'permitted' (ministerial) from 'special permit' uses,2026-10-01,score_ready,confirmed with a direct or documented-transform comparability status
Greenwich,RA-4,,RA-4 (Single Family),V12,Missing-middle housing entitlement (2-4 units),confirmed,prohibited,,,77,§6-93,"...all other principal uses are expressly excluded: (1) Detached single family dwellings, one (1) per lot.","the same exclusion logic already confirmed for V7 (multifamily prohibited) applies identically to 2-4-unit missing-middle forms -- RA-4 permits only detached single-family, so duplex/triplex/fourplex/townhouse forms are also expressly excluded",prior_phase_2_citation_reused,0.9,0.9,confirmed_governing_rule,directly_comparable,same §6-93 citation already used for V7 multifamily_approval_pathway,2026-10-01,score_ready,confirmed with a direct or documented-transform comparability status
