artifact_id,path,filename,file_extension,artifact_type,category,town,size_bytes,content_hash_sha256,modified_time_utc,nonempty,duplicate_content_flag
19359a61ae24,requirements.txt,requirements.txt,.txt,text,other,cross_town_or_not_applicable,2254,8ad6e9d66ff6b73dac4bb74ecb910e4cf953b6490bc369f2c91d1d207156602a,2026-09-29T23:31:29.974831+00:00,True,False
8ec9a00bfd09,README.md,README.md,.md,documentation,other,cross_town_or_not_applicable,1103,479eab3ffc00c33a414369f6476ace5334a6360fcd1a3b96568ad4963eccc6f3,2026-09-29T01:05:37.500948+00:00,True,False
a5cc2925ca82,.gitignore,.gitignore,,other,other,cross_town_or_not_applicable,550,9f38de98a01ebf535784b430e20a040587c0027919937223772165a598abcafb,2026-09-29T01:04:15.629888+00:00,True,False
37db472c93d7,docs/DATA_DICTIONARY.md,DATA_DICTIONARY.md,.md,documentation,documentation,cross_town_or_not_applicable,11046,9ef91eed389de1931bef10ef6c1d9bfa3b8fe59f556ba1c8b71e5635e412dd0e,2026-10-01T21:10:47.948764+00:00,True,False
598f9619ab52,docs/SCENARIO_MODEL.md,SCENARIO_MODEL.md,.md,documentation,documentation,cross_town_or_not_applicable,1251,43b4d00a208a3346516759831888deb72d63b91285432874b6efb7da4ae66bf2,2026-10-01T21:10:47.956791+00:00,True,False
66dfe7ece456,docs/ENVIRONMENT.md,ENVIRONMENT.md,.md,documentation,documentation,cross_town_or_not_applicable,864,4038d599017b71afc70bbd4ede28184ee2578d1c9120a167727201cd5e638229,2026-10-01T21:10:45.465194+00:00,True,False
e8c1f75c58dd,docs/MANUAL_REVIEW_PROTOCOL.md,MANUAL_REVIEW_PROTOCOL.md,.md,documentation,documentation,cross_town_or_not_applicable,848,e19ae2719eb6525de651a3ac7550bbeb3b53cb05e7538ccf9f26ead0d000fba9,2026-10-01T21:10:47.958753+00:00,True,False
5f9fa30c8c73,docs/ADVERSARIAL_REVIEW.md,ADVERSARIAL_REVIEW.md,.md,documentation,documentation,cross_town_or_not_applicable,4764,36568e5a8656780afd368a49da95d0f6f3f554f87f575b4a571fa0581db1d76d,2026-10-01T21:10:47.988043+00:00,True,False
4108b5c26106,docs/COMPARABILITY_FRAMEWORK.md,COMPARABILITY_FRAMEWORK.md,.md,documentation,documentation,cross_town_or_not_applicable,1166,13deaa6308961b6218937729cd0d0525a4fbf03ce3bb98fe04df7d4af20056d7,2026-10-01T21:10:47.956951+00:00,True,False
c3fe97d1dc2a,docs/CHANGELOG.md,CHANGELOG.md,.md,documentation,documentation,cross_town_or_not_applicable,1433,2a1c841426ae6396834296963246ac0559cd2781d7d965b626b6ddc7757ffaaf,2026-10-01T21:10:47.968607+00:00,True,False
4418e8bdb23d,docs/SCHEMA_CONTRACTS.md,SCHEMA_CONTRACTS.md,.md,documentation,documentation,cross_town_or_not_applicable,1232,26934abcf6b58ce2131ebc31b2e0d041aff3958f33d4fe9c669ac65f19a15c63,2026-10-01T21:10:47.949029+00:00,True,False
7e6925d8c50f,docs/VISUAL_TABLE_RECOVERY.md,VISUAL_TABLE_RECOVERY.md,.md,documentation,documentation,cross_town_or_not_applicable,1383,ba7f64e684885d82ecb9904b4ecf3a0c64c5fd9f6492bbd3a8b732e41d4bc282,2026-10-01T21:10:47.958497+00:00,True,False
0c38938617fd,docs/VARIABLE_REGISTRY.md,VARIABLE_REGISTRY.md,.md,documentation,documentation,cross_town_or_not_applicable,6290,033e369af83b36b7a5c421b7f4cca6ad76459d626da7194d828c21d07b6fe5ec,2026-10-01T21:10:43.831715+00:00,True,False
601414036ec9,docs/phase_3_scoring_theoretical_framework.md,phase_3_scoring_theoretical_framework.md,.md,documentation,documentation,cross_town_or_not_applicable,15509,0d043ad5c3980fec0307cc00017cefe4ddb1a7d36712ca92a9384a8f385c36c5,2026-10-01T02:23:53.943629+00:00,True,False
91738b5163ef,docs/METHODOLOGY.md,METHODOLOGY.md,.md,documentation,documentation,cross_town_or_not_applicable,2990,c32d6a8b6e5a9bbda1f287eacdf6b6ea23a914019825be754483527a22b93b8c,2026-10-01T21:10:47.913318+00:00,True,False
8b4527fe73b1,docs/STATUS_TAXONOMY.md,STATUS_TAXONOMY.md,.md,documentation,documentation,cross_town_or_not_applicable,6630,9611e6dc219170ae992295312651017541d7cdf9a2fef2d368aff274eb87e490,2026-10-01T21:10:43.825676+00:00,True,False
0c7864ca18e0,docs/EXECUTION_ORDER.md,EXECUTION_ORDER.md,.md,documentation,documentation,cross_town_or_not_applicable,2720,8b4ebc20d52c6afbf4246348bfe526338c4a04de689589bfa9dedaf171175cf6,2026-10-01T21:10:45.500990+00:00,True,False
9f7cbce127b9,docs/README.md,README.md,.md,documentation,documentation,cross_town_or_not_applicable,2912,15b0b2d48fb2812374f3b4d84a574107e3b29ee313e4209fa29168e2557b25c6,2026-10-01T21:10:47.908870+00:00,True,False
f4d2736d2af4,docs/DEPENDENCY_AND_DOUBLE_COUNTING.md,DEPENDENCY_AND_DOUBLE_COUNTING.md,.md,documentation,documentation,cross_town_or_not_applicable,3721,e0341cbe5c1d1c3af92e026ef0b871d74b081cf1328f499cb6b2262a0ebd74e9,2026-10-01T21:10:43.832629+00:00,True,False
f626f51c8b64,docs/ARTIFACT_MAP.md,ARTIFACT_MAP.md,.md,documentation,documentation,cross_town_or_not_applicable,3046,d7659021061ed7c7f71cdfe18d6eca9e097aab46d5a2c589b5fe1ea1639d2a70,2026-10-01T21:10:42.927971+00:00,True,False
a6e816519242,docs/KNOWN_LIMITATIONS.md,KNOWN_LIMITATIONS.md,.md,documentation,documentation,cross_town_or_not_applicable,2912,b42a3af49dea5ac301eca5bf494b99080b901816d6c4c069491fffd1ba83926e,2026-10-01T21:10:47.965022+00:00,True,False
a33f71a8e488,docs/PROVENANCE_STANDARD.md,PROVENANCE_STANDARD.md,.md,documentation,documentation,cross_town_or_not_applicable,1165,f8ba4a6c8f964f9e230721c090271ec43db5edd250816bc6110c5ad5a55390b8,2026-10-01T21:10:47.954435+00:00,True,False
6f4768bbc6ea,docs/RESEARCH_PROTOCOL.md,RESEARCH_PROTOCOL.md,.md,documentation,documentation,cross_town_or_not_applicable,2188,4ef81fd5b1210ed1a01a5458939f9c70981cb8bd08c06397e1c71e7f4d50a0f1,2026-10-01T21:10:47.917023+00:00,True,False
d39cca43bcf4,docs/RESULTS_STATUS.md,RESULTS_STATUS.md,.md,documentation,documentation,cross_town_or_not_applicable,1973,20ec8a82e28fdc8b9841a4b17dbdabf8d268688e5ef128ac3c6c267e5605d7bb,2026-10-01T21:10:47.979763+00:00,True,False
68da469f8b8c,docs/REPRODUCIBILITY.md,REPRODUCIBILITY.md,.md,documentation,documentation,cross_town_or_not_applicable,1149,955b64e13cd51b9548d01df5c99cafa11cffafda6954ee7064032e694ba1736c,2026-10-01T21:10:45.502414+00:00,True,False
69f63ce7bbd5,docs/GIS_METHODS_AND_LIMITATIONS.md,GIS_METHODS_AND_LIMITATIONS.md,.md,documentation,documentation,cross_town_or_not_applicable,1470,46f69bb3dd61cdd4f636c4f7602b5b9fd31303cbd9536100fc0ea29edf1cb4af,2026-10-01T21:10:46.534530+00:00,True,False
ba65fca723b5,docs/FUTURE_INTERACTIVE_DELIVERABLE_SPEC.md,FUTURE_INTERACTIVE_DELIVERABLE_SPEC.md,.md,documentation,documentation,cross_town_or_not_applicable,3346,7476b196c0f8738432dbee30dccb1c7c7d9e543565de4739e53604b25410062a,2026-10-01T21:10:47.983791+00:00,True,False
ed86d872b143,docs/phase_2_extraction_theoretical_framework.md,phase_2_extraction_theoretical_framework.md,.md,documentation,documentation,cross_town_or_not_applicable,19294,ea4b09f113adf04f503f19821792d6407fc9459039e28fe6202fab81d40b2d7f,2026-10-01T02:23:07.664748+00:00,True,False
cd82d6f738a0,environment/requirements.txt,requirements.txt,.txt,text,other,cross_town_or_not_applicable,2333,4583c5436cf3625fa41b425e02408f54f07d8136392b96136b3e183e62dc74e5,2026-10-01T21:10:45.464560+00:00,True,False
1d0b7826f347,environment/python_version.txt,python_version.txt,.txt,text,other,cross_town_or_not_applicable,14,d158ce130d26adfd848cf3cdc57bd862751698a22af43c25e9f11922b184fbbb,2026-10-01T21:10:45.464755+00:00,True,False
e80fbb84bb25,notebooks/09_expanded_variable_recovery_and_score_readiness.ipynb,09_expanded_variable_recovery_and_score_readiness.ipynb,.ipynb,notebook,notebook,cross_town_or_not_applicable,366155,e0bef9cd46500df1c5c4b533de6aa2f11f5f663bf75c7ef26499cafb9d2d97db,2026-10-01T19:46:58.606893+00:00,True,False
90e342d65294,notebooks/02_phase_2_extraction_and_phase_3_scoring.ipynb,02_phase_2_extraction_and_phase_3_scoring.ipynb,.ipynb,notebook,notebook,cross_town_or_not_applicable,765579,80fc9f8d14d0aeed5355e19643df95d4ff791cff22171ce1e26596afa43d9f6a,2026-10-01T09:09:05.226318+00:00,True,False
b01af327a7f1,notebooks/13_repository_finalization_and_research_validation.ipynb,13_repository_finalization_and_research_validation.ipynb,.ipynb,notebook,notebook,cross_town_or_not_applicable,115558,a8ef4dba38841cdd33253e00d708430a18c4f24bcfbd27ec891ad1630045cde5,2026-10-01T21:11:30.447765+00:00,True,False
923ca3adcc04,notebooks/01_collection_phase.ipynb,01_collection_phase.ipynb,.ipynb,notebook,notebook,cross_town_or_not_applicable,15609816,7898ff5a9ad75641e247caab8c6121f3bb51e3cb8329b5a1c430069109570d3f,2026-10-01T02:48:54.830166+00:00,True,False
c0e41231b181,notebooks/05_bridgeport_all_district_extraction_and_comparability.ipynb,05_bridgeport_all_district_extraction_and_comparability.ipynb,.ipynb,notebook,notebook,Bridgeport,3784974,cb685ba10b7ab25c9d71489d14b275a6a2b8149456615584880ca8e9a56f76ac,2026-10-01T16:59:54.681787+00:00,True,False
82f6b88e289b,notebooks/04_bridgeport_collection_phase.ipynb,04_bridgeport_collection_phase.ipynb,.ipynb,notebook,notebook,Bridgeport,18099761,c91b6ab455c8a6b7a92a82578bda795d40713d5aa8362e43a5cb123bfb00ea70,2026-10-01T16:24:18.461015+00:00,True,False
4f6dab79b20a,notebooks/07_bridgeport_targeted_visual_table_recovery.ipynb,07_bridgeport_targeted_visual_table_recovery.ipynb,.ipynb,notebook,notebook,Bridgeport,943005,b945c24cf3bc3548f86aa4abbd60ff5daa3cb4e0a05752e927607e5e5a21f1ef,2026-10-01T18:20:30.465626+00:00,True,False
0d148d80bc2b,notebooks/12_bridgeport_phase3_pilot_scenario_scoring.ipynb,12_bridgeport_phase3_pilot_scenario_scoring.ipynb,.ipynb,notebook,notebook,Bridgeport,124617,fbf8f4220acff388d2cb4f667acaf621a15c11b591780dabbe627a2c69079fca,2026-10-01T20:44:30.445384+00:00,True,False
e46c9d8124db,notebooks/10_bridgeport_master_use_table_and_parking_completion.ipynb,10_bridgeport_master_use_table_and_parking_completion.ipynb,.ipynb,notebook,notebook,Bridgeport,170088,ded539ddcdef740416c536481ca589ba8ac97378cb0bc48658f34cbe8c97b0f5,2026-10-01T20:28:17.680838+00:00,True,False
32194be6afda,notebooks/06_bridgeport_visual_diagram_recovery_and_validation.ipynb,06_bridgeport_visual_diagram_recovery_and_validation.ipynb,.ipynb,notebook,notebook,Bridgeport,2506365,6e98ed442b2bf4c8101ba51e194d3c37918eaeb53f2da95813d3bb411c99f53f,2026-10-01T17:27:15.403731+00:00,True,False
2506a25f1ad6,notebooks/11_bridgeport_score_readiness_integration.ipynb,11_bridgeport_score_readiness_integration.ipynb,.ipynb,notebook,notebook,Bridgeport,103180,7cb5fc55e969bd512c3b28602be3f0eefeea7d65d8e3d1ea125fc7135b98f6c4,2026-10-01T20:37:46.218386+00:00,True,False
1f15cae7b3cc,notebooks/02_phase.md,02_phase.md,.md,documentation,notebook,cross_town_or_not_applicable,19295,8c296ccdbde435c2f15464176309539784395c358a9545d5304656216118f6af,2026-10-01T09:42:56.715842+00:00,True,False
3df7a0c4d6e6,notebooks/08_fixed_variable_targeted_recovery_bridgeport_greenwich.ipynb,08_fixed_variable_targeted_recovery_bridgeport_greenwich.ipynb,.ipynb,notebook,notebook,Bridgeport,283109,d955addaea506285ed0b97913539d9bb0a832d8a64756fe49da13252425c1d2a,2026-10-01T19:28:11.133291+00:00,True,False
0b83b012b406,notebooks/test.ipynb,test.ipynb,.ipynb,notebook,notebook,cross_town_or_not_applicable,2295,e287b5bd39e1223df7a0d010dfe14430b42c43b268a4b0a13194cd4848f7003e,2026-10-01T09:42:52.956625+00:00,True,False
b141e8a708cf,src/__init__.py,__init__.py,.py,source_code,source_code,cross_town_or_not_applicable,0,e3b0c44298fc1c149afbf4c8996fb92427ae41e4649b934ca495991b7852b855,2026-09-29T00:57:26.134201+00:00,False,True
fd85378f14f1,data/interim/step_05_preprocessed_page_162.png,step_05_preprocessed_page_162.png,.png,figure,data_interim,cross_town_or_not_applicable,156229,71fd13c449f79609bfc993dce710b886446e92a1ba67fe774a33185377001056,2026-10-01T02:45:26.349676+00:00,True,False
086dc86c51e4,data/interim/step_05_preprocessed_page_176.png,step_05_preprocessed_page_176.png,.png,figure,data_interim,cross_town_or_not_applicable,137918,2919a1278bb97de1df1007cb3524392ef528b4348a6ba7d4b09c12ab209a6d94,2026-10-01T02:45:47.116079+00:00,True,False
83e92683fbc5,data/interim/step_05_rendered_page_303.png,step_05_rendered_page_303.png,.png,figure,data_interim,cross_town_or_not_applicable,1132402,14130f07737abaada5e16aee0c1aa6304385d3cbc417fa02a9d8a1064ad4f174,2026-10-01T02:47:40.044300+00:00,True,False
5339f101627f,data/interim/step_05_preprocessed_page_189.png,step_05_preprocessed_page_189.png,.png,figure,data_interim,cross_town_or_not_applicable,53544,5e709cd5501225f068c5442db5ae2ba12034b9455c264c8c4c9fe73a341e4aa2,2026-10-01T02:46:01.637449+00:00,True,False
97e7bdf9ffa0,data/interim/step_05_rendered_page_115.png,step_05_rendered_page_115.png,.png,figure,data_interim,cross_town_or_not_applicable,1502167,e669a3f8ca1fe2f48afd2bf024125bd501925949e61a3f3cbe596d7301a052a8,2026-10-01T02:44:12.294384+00:00,True,False
2a4ac8af8165,data/interim/step_05_rendered_page_101.png,step_05_rendered_page_101.png,.png,figure,data_interim,cross_town_or_not_applicable,1441153,911a392dd438022a58dcb4a584f89d115942419abfdd2b988a88443371615c0c,2026-10-01T02:43:49.598072+00:00,True,False
1020c22add91,data/interim/step_05_rendered_page_129.png,step_05_rendered_page_129.png,.png,figure,data_interim,cross_town_or_not_applicable,1260611,909bc2f0c1fe261c0d195ef06c5f24d50985e638c51ed34430ce063afc4675e3,2026-10-01T02:44:35.996750+00:00,True,False
45f199b0e9e2,data/interim/step_05_preprocessed_page_214.png,step_05_preprocessed_page_214.png,.png,figure,data_interim,cross_town_or_not_applicable,123825,c143725a6a7826da5ca67ae9a8577f2f25b4a2406c58bb666b074dfb4acd3a7d,2026-10-01T02:46:26.618861+00:00,True,False
573ff973767f,data/interim/step_05_preprocessed_page_200.png,step_05_preprocessed_page_200.png,.png,figure,data_interim,cross_town_or_not_applicable,126533,9f6727f6afaf28d1732c4a2d55b5eabe5e5244cbaf267ae380a9299f7c71883c,2026-10-01T02:46:12.731722+00:00,True,False
a6ce03cfe9c5,data/interim/step_05_preprocessed_page_228.png,step_05_preprocessed_page_228.png,.png,figure,data_interim,cross_town_or_not_applicable,33298,0833ab0bf656305fac85a7e0c17451dec600239eb1f537d3b06040c6aaed54ce,2026-10-01T02:46:41.853315+00:00,True,False
a5e5cc4dd70c,data/interim/step_05_rendered_page_061.png,step_05_rendered_page_061.png,.png,figure,data_interim,cross_town_or_not_applicable,780023,21d44cda53cce115472cc558eb308cc389163a4663295bdfc0b2f56b66ccf45e,2026-10-01T02:43:01.430408+00:00,True,False
2689935403b7,data/interim/step_05_rendered_page_075.png,step_05_rendered_page_075.png,.png,figure,data_interim,cross_town_or_not_applicable,411233,d1b235818674006270d84df598ce013b170e1a2bbaf4435e61a79ffaa41764f3,2026-10-01T02:43:13.477687+00:00,True,False
16a3f2e419a3,data/interim/step_05_rendered_page_049.png,step_05_rendered_page_049.png,.png,figure,data_interim,cross_town_or_not_applicable,935268,d57040d960124f07bfa5f42ec903075bf6cf0654b93b6efa36a20f8e500c3121,2026-10-01T02:42:49.461358+00:00,True,False
537013528485,data/interim/step_05_preprocessed_page_016.png,step_05_preprocessed_page_016.png,.png,figure,data_interim,cross_town_or_not_applicable,146385,0a71ab09f9709e982dd5ea0d5aad91d09964ed614dd98b75fac025b3093b542f,2026-10-01T02:41:54.055364+00:00,True,False
9c613dda4f2f,data/interim/step_05_preprocessed_page_002.png,step_05_preprocessed_page_002.png,.png,figure,data_interim,cross_town_or_not_applicable,53821,266b0bc4b4680f7cc753cec1b677a1d1aff6f529623194292608caa7a523755f,2026-10-01T02:41:32.876042+00:00,True,False
440fe181e666,data/interim/step_05_rendered_page_288.png,step_05_rendered_page_288.png,.png,figure,data_interim,cross_town_or_not_applicable,996992,455289a1af2091948a7af6f31a5c4e21b4599c03145640cc4a3379dce840a32a,2026-10-01T02:47:23.573286+00:00,True,False
c227b1439928,data/interim/step_05_rendered_page_263.png,step_05_rendered_page_263.png,.png,figure,data_interim,cross_town_or_not_applicable,564664,b326afd6553a4e98a782fa3ca2f99269df177b2f9b5310a6e63c485c549d300f,2026-10-01T02:47:02.977907+00:00,True,False
c527dff46703,data/interim/step_17_conflict_candidates.parquet,step_17_conflict_candidates.parquet,.parquet,tabular_data,data_interim,cross_town_or_not_applicable,8146,d163849a3de2ed6675db9f2b2d10767fecaaffc4b22a74623854bb57e492cc54,2026-10-01T02:48:51.808287+00:00,True,False
5ab1e36b4b65,data/interim/step_05_rendered_page_277.png,step_05_rendered_page_277.png,.png,figure,data_interim,cross_town_or_not_applicable,1090375,702df0bc5ec1c62a4a505909e58e32497402c303b775ba54960a13e13f2e5c6a,2026-10-01T02:47:13.516854+00:00,True,False
a64017d0cfdf,data/interim/step_05_rendered_page_276.png,step_05_rendered_page_276.png,.png,figure,data_interim,cross_town_or_not_applicable,1060505,cab5d531c5c4c3f1917e615d8d7b5bc04556ba6d3e66ba5c6ca5c5288c0c1d26,2026-10-01T02:47:12.805321+00:00,True,False
3c2b04cdbc89,data/interim/step_05_rendered_page_262.png,step_05_rendered_page_262.png,.png,figure,data_interim,cross_town_or_not_applicable,647325,edbd37dd5054746b2a50df16df9a6b08a972f5907b6c7dfde48188a9cc5d15ce,2026-10-01T02:47:02.220170+00:00,True,False
58ad2acfb4b7,data/interim/step_05_rendered_page_289.png,step_05_rendered_page_289.png,.png,figure,data_interim,cross_town_or_not_applicable,1022334,36f1bccfe3925240fb5284df79956eed50261b583e29a6e2056d272b4010d921,2026-10-01T02:47:23.999935+00:00,True,False
855ba7f9f552,data/interim/step_05_preprocessed_page_003.png,step_05_preprocessed_page_003.png,.png,figure,data_interim,cross_town_or_not_applicable,13559,68dc8d5fcb9f18981e50082152e2a4cf190185c6c2e44d34832be6192ab9224e,2026-10-01T02:41:33.361269+00:00,True,False
08a75879d593,data/interim/step_05_preprocessed_page_017.png,step_05_preprocessed_page_017.png,.png,figure,data_interim,cross_town_or_not_applicable,155911,af6b05a6d74d5b8f40b55516bf868d687cb17b8d93a64758e9eabe93a82a3e3b,2026-10-01T02:41:55.577186+00:00,True,False
d0c94e2c2dcf,data/interim/step_05_rendered_page_048.png,step_05_rendered_page_048.png,.png,figure,data_interim,cross_town_or_not_applicable,920386,e6f18c144c338ab47724743f93a99e8a5e8e99235c1044ff92f60f758db93490,2026-10-01T02:42:48.342420+00:00,True,False
1a72d3731dc9,data/interim/step_12_district_primary_node_links.parquet,step_12_district_primary_node_links.parquet,.parquet,tabular_data,data_interim,cross_town_or_not_applicable,10612,2b6d196a2ced058c5f85e7bfa70d67009ef7d0112026f3c458022fb002877520,2026-10-01T02:48:43.642374+00:00,True,False
918bcaa7907d,data/interim/step_05_rendered_page_074.png,step_05_rendered_page_074.png,.png,figure,data_interim,cross_town_or_not_applicable,889105,77122ed3940fc0a6964b1a154e4b973d11686b8c60cd63ba6780c43c25134c7e,2026-10-01T02:43:12.346171+00:00,True,False
d2f94f1fbf2c,data/interim/step_05_rendered_page_060.png,step_05_rendered_page_060.png,.png,figure,data_interim,cross_town_or_not_applicable,1019907,98bdf2fac82ffdeca40bc6a1fd67b6b114a7a7cbc730790bbb6eb6769fe45082,2026-10-01T02:43:00.025842+00:00,True,False
1d7fec901915,data/interim/step_05_preprocessed_page_229.png,step_05_preprocessed_page_229.png,.png,figure,data_interim,cross_town_or_not_applicable,32615,75cb04b8bae9457be6d9c10ca09504e62b84368cc884d6bb657d58d64b694bdf,2026-10-01T02:46:42.134746+00:00,True,False
3dfa44dd88d1,data/interim/step_05_preprocessed_page_201.png,step_05_preprocessed_page_201.png,.png,figure,data_interim,cross_town_or_not_applicable,54932,d145e9eb7f3ed9d875bca6b6cfc00b67ee07e5d4ddd8bced895576ef3748beb7,2026-10-01T02:46:14.050122+00:00,True,False
12609fc46f75,data/interim/step_05_preprocessed_page_215.png,step_05_preprocessed_page_215.png,.png,figure,data_interim,cross_town_or_not_applicable,132857,7c5c8db4b2d5672c95da05ae571ec7c2a15e15cdd8bca2b9f7628a86dccc1342,2026-10-01T02:46:28.097650+00:00,True,False
151ea70a03f1,data/interim/step_05_rendered_page_128.png,step_05_rendered_page_128.png,.png,figure,data_interim,cross_town_or_not_applicable,1360839,b25270c56391177cdbf400039f0dbfaa8ff09740d7814c72d291b0e468490376,2026-10-01T02:44:34.425942+00:00,True,False
3632ecf73892,data/interim/step_05_rendered_page_100.png,step_05_rendered_page_100.png,.png,figure,data_interim,cross_town_or_not_applicable,1349198,0bfcdef76a251eac477e63dfd4283e37dcdd4537f8f1ddef6b240544ad59e3bd,2026-10-01T02:43:47.376384+00:00,True,False
c9f3eb0b883d,data/interim/step_05_rendered_page_114.png,step_05_rendered_page_114.png,.png,figure,data_interim,cross_town_or_not_applicable,1545471,cd1b80632937d961208a096da13a31c7d2161a67b0f7701115ba532d9d4f2e78,2026-10-01T02:44:10.399892+00:00,True,False
0b895d1f9ef8,data/interim/step_05_preprocessed_page_188.png,step_05_preprocessed_page_188.png,.png,figure,data_interim,cross_town_or_not_applicable,73989,8c9173383405a268d02fabc9b873a5af62448c99f3d639b71dc5080ef6db0449,2026-10-01T02:46:00.887574+00:00,True,False
37f25969c8a1,data/interim/step_05_rendered_page_302.png,step_05_rendered_page_302.png,.png,figure,data_interim,cross_town_or_not_applicable,1076951,7276423f422416b090a2c55335221009f7fbab4eb925b9ee9a4b2881b53a6eff,2026-10-01T02:47:38.798828+00:00,True,False
102a67660c98,data/interim/step_05_preprocessed_page_177.png,step_05_preprocessed_page_177.png,.png,figure,data_interim,cross_town_or_not_applicable,119594,ce4a4c8e70bcfd20e4987409202d090d4d9d94eeb6663ed46b602cdc22c3ff4f,2026-10-01T02:45:48.548513+00:00,True,False
9e13bdbb9da6,data/interim/step_05_preprocessed_page_163.png,step_05_preprocessed_page_163.png,.png,figure,data_interim,cross_town_or_not_applicable,138672,4f5268e5fe3010fc88acf8bde44c84276ebb9dc5388092804358dfc4ef172d40,2026-10-01T02:45:27.964153+00:00,True,False
541950aae2a7,data/interim/step_05_preprocessed_page_175.png,step_05_preprocessed_page_175.png,.png,figure,data_interim,cross_town_or_not_applicable,157859,78e6d0e7826fc2e52adc10742e190149886223f39286c44b7d7c814db20fffc0,2026-10-01T02:45:45.398115+00:00,True,False
319158c1d9da,data/interim/step_05_preprocessed_page_161.png,step_05_preprocessed_page_161.png,.png,figure,data_interim,cross_town_or_not_applicable,515913,91b50146098c8dc28f3c4776af9d383dd2f1cf79d73a8c967ce3b7623696d255,2026-10-01T02:45:24.831131+00:00,True,False
aa2a9fa413df,data/interim/step_05_preprocessed_page_149.png,step_05_preprocessed_page_149.png,.png,figure,data_interim,cross_town_or_not_applicable,118088,22f94d018b3726c0d89294d977230f48b16ab934715dd88af88be4cf7ff33f64,2026-10-01T02:45:05.445846+00:00,True,False
58fe19c75458,data/interim/step_05_rendered_page_300.png,step_05_rendered_page_300.png,.png,figure,data_interim,cross_town_or_not_applicable,1095586,cb8d22a251429d87fd6e6619f2d64e3e7d92ee2de827a0880eaf8ddb5ce1268a,2026-10-01T02:47:36.232646+00:00,True,False
6eaa64b9078e,data/interim/step_05_rendered_page_102.png,step_05_rendered_page_102.png,.png,figure,data_interim,cross_town_or_not_applicable,1316286,c94d8b30666ab3257b36d49eac62ffccbcbf76fca6626e35d8cfbbe38249be0a,2026-10-01T02:43:51.301488+00:00,True,False
be31bed82f74,data/interim/step_05_rendered_page_116.png,step_05_rendered_page_116.png,.png,figure,data_interim,cross_town_or_not_applicable,1315975,7f74d15f4aa42eb163b94dcb2ae8110f01fe39f871ad0359b76bc68be372516c,2026-10-01T02:44:14.100105+00:00,True,False
1fb31956f7e5,data/interim/step_05_preprocessed_page_203.png,step_05_preprocessed_page_203.png,.png,figure,data_interim,cross_town_or_not_applicable,90383,6895826c6a6908b702632ea195c8aa7b6acd50619a24b61e3f6fdbb354632173,2026-10-01T02:46:15.782514+00:00,True,False
985c91ca2f1f,data/interim/step_05_preprocessed_page_217.png,step_05_preprocessed_page_217.png,.png,figure,data_interim,cross_town_or_not_applicable,116676,c76a53de0380c5c559fb799f338ab2b89cba8e15021cf75b719c3176f5a193fd,2026-10-01T02:46:31.090245+00:00,True,False
b98ed0caf9dc,data/interim/step_05_rendered_page_089.png,step_05_rendered_page_089.png,.png,figure,data_interim,cross_town_or_not_applicable,1192901,2ff6beeaf2f351b79df027a5a8febbab2288f9a88766c019f1bf623788599f02,2026-10-01T02:43:31.837967+00:00,True,False
3f434cd6de4e,data/interim/step_05_rendered_page_076.png,step_05_rendered_page_076.png,.png,figure,data_interim,cross_town_or_not_applicable,35874,766fa84ae774b8a1cee7f86f6817159ec1c9a87c6cd6d195f6c6b2654f71198e,2026-10-01T02:43:13.992750+00:00,True,False
0a14e00b2487,data/interim/step_05_rendered_page_062.png,step_05_rendered_page_062.png,.png,figure,data_interim,cross_town_or_not_applicable,978652,08c12bd31a48737e69a8d74d250e864ce3fae678258f1807db88dfbb2a4dd740,2026-10-01T02:43:02.361268+00:00,True,False
742f184319be,data/interim/step_05_preprocessed_page_001.png,step_05_preprocessed_page_001.png,.png,figure,data_interim,cross_town_or_not_applicable,65742,9c3e6f2ea5ad27ad8025e2527e22814fe4dbc5812850a197012bcc51e3c93d68,2026-10-01T02:41:32.550392+00:00,True,False
f27ed67efff1,data/interim/step_05_preprocessed_page_015.png,step_05_preprocessed_page_015.png,.png,figure,data_interim,cross_town_or_not_applicable,37248,5dcf02fc22afbdbdbe61ec02d5a2645dba431d2f67fd95e6581e623b169cfbf9,2026-10-01T02:41:53.843322+00:00,True,False
9dbeeb3ec50e,data/interim/step_05_preprocessed_page_029.png,step_05_preprocessed_page_029.png,.png,figure,data_interim,cross_town_or_not_applicable,168012,d87be5be37869dfcbe4b68ffa00aeaf07a4e81be7d3141b7af781fe2d39c31a6,2026-10-01T02:42:18.186680+00:00,True,False
8661bd5628d0,data/interim/step_05_rendered_page_274.png,step_05_rendered_page_274.png,.png,figure,data_interim,cross_town_or_not_applicable,1074946,707df9ac8067833bf2a097d0a2accb3d47f334dfbf9bf1c73803c3865387489b,2026-10-01T02:47:11.692640+00:00,True,False
c4c0e07a3298,data/interim/step_05_rendered_page_260.png,step_05_rendered_page_260.png,.png,figure,data_interim,cross_town_or_not_applicable,659225,05290f3de15b91c9750c1fcd61f43e3e47beac290fc8d31a8e931d1273dd239a,2026-10-01T02:47:00.630472+00:00,True,False
92ac57dc324a,data/interim/step_05_rendered_page_248.png,step_05_rendered_page_248.png,.png,figure,data_interim,cross_town_or_not_applicable,844941,0d36e9d70c522230128bc66188d2a62ddca76c456157ae400cb337293494177b,2026-10-01T02:46:54.311486+00:00,True,False
93ce0a008b11,data/interim/step_05_rendered_page_249.png,step_05_rendered_page_249.png,.png,figure,data_interim,cross_town_or_not_applicable,685921,cb46d7c685c50f19a5123a6335b220a005750257bc4e2dc17c1d8530cde36547,2026-10-01T02:46:54.711683+00:00,True,False
69224007b27d,data/interim/step_05_rendered_page_261.png,step_05_rendered_page_261.png,.png,figure,data_interim,cross_town_or_not_applicable,661595,b8ac4b94d14fa0169c494803c7d01d61f76d1dbad01487302bebaace732b8620,2026-10-01T02:47:01.421424+00:00,True,False
ec5a8e8ce3d1,data/interim/step_05_rendered_page_275.png,step_05_rendered_page_275.png,.png,figure,data_interim,cross_town_or_not_applicable,1068515,62d715914c8b18099978be8e87b67201b9c2375da6634bfb49642e6e621f555c,2026-10-01T02:47:12.201108+00:00,True,False
dc63309b0bbd,data/interim/step_05_preprocessed_page_028.png,step_05_preprocessed_page_028.png,.png,figure,data_interim,cross_town_or_not_applicable,163575,d34d4e7642aee8915d45d926f6ab4b64512d78bc93f476e0533c563ce962af64,2026-10-01T02:42:16.252746+00:00,True,False
c6bbe841b25c,data/interim/step_05_preprocessed_page_014.png,step_05_preprocessed_page_014.png,.png,figure,data_interim,cross_town_or_not_applicable,39763,8302a0711cddaa0b8069390a1e31bfd7d4f63eaf07d2776592cf733966f86977,2026-10-01T02:41:53.330153+00:00,True,False
d6a648fa6f0c,data/interim/step_05_rendered_page_063.png,step_05_rendered_page_063.png,.png,figure,data_interim,cross_town_or_not_applicable,827435,0f6ddf10de83580b60dde0a70f6fd448b9be0dd8b64d05edfac97b55e8a5650e,2026-10-01T02:43:03.584817+00:00,True,False
81829739d38e,data/interim/step_05_rendered_page_077.png,step_05_rendered_page_077.png,.png,figure,data_interim,cross_town_or_not_applicable,1135262,639e292c6d2b7301da458ed13c2da3aa93c5a33f0d4aca5c0c9c4bfe5eb7ddef,2026-10-01T02:43:14.181842+00:00,True,False
317ab5c2bbcb,data/interim/step_05_rendered_page_088.png,step_05_rendered_page_088.png,.png,figure,data_interim,cross_town_or_not_applicable,527732,5d59e606ef653032f9c27a07ebbc174baefe31607ae62f7d984615bd15a021a4,2026-10-01T02:43:31.172535+00:00,True,False
47f228f5249e,data/interim/step_05_preprocessed_page_216.png,step_05_preprocessed_page_216.png,.png,figure,data_interim,cross_town_or_not_applicable,594435,7e1d8979e64879d765ab0e09cd80839694c8f4aee166889074750265991d9e47,2026-10-01T02:46:29.426160+00:00,True,False
80dbbb9ac315,data/interim/step_05_preprocessed_page_202.png,step_05_preprocessed_page_202.png,.png,figure,data_interim,cross_town_or_not_applicable,113320,aed95492e1f69cde3ebd16f3a80e77223320a81c40489ba440a12ebab19d8e95,2026-10-01T02:46:14.640555+00:00,True,False
659babe34fff,data/interim/step_05_rendered_page_117.png,step_05_rendered_page_117.png,.png,figure,data_interim,cross_town_or_not_applicable,1454191,72d5741c4d37a1c4ca1c6fc9ef54361c8cfae38c9b9c6867fb15dee2b7a0b0ab,2026-10-01T02:44:15.605554+00:00,True,False
e03f71c1f82e,data/interim/step_05_rendered_page_103.png,step_05_rendered_page_103.png,.png,figure,data_interim,cross_town_or_not_applicable,936698,bebc9cb762f4061579759880025260f42a1c2a333eb6cd627c934c60972b324e,2026-10-01T02:43:52.915170+00:00,True,False
f3c805dea466,data/interim/step_05_rendered_page_301.png,step_05_rendered_page_301.png,.png,figure,data_interim,cross_town_or_not_applicable,1119720,ce3dc34d0c806245b330c88c92ea319971194aa7b604a080c1437a2e71dff3e6,2026-10-01T02:47:37.527351+00:00,True,False
5d7ae8ad0b65,data/interim/step_05_preprocessed_page_148.png,step_05_preprocessed_page_148.png,.png,figure,data_interim,cross_town_or_not_applicable,151886,e3e5397cb7b1468c2ed97db405b9d9910781fc8663610b2084a2aabb58388005,2026-10-01T02:45:03.785918+00:00,True,False
6dd6ea692f3c,data/interim/step_05_preprocessed_page_160.png,step_05_preprocessed_page_160.png,.png,figure,data_interim,cross_town_or_not_applicable,160666,a072c822fc4ee1b394f8f275aefc94567cb5f2106e6798ba3aaab10b26056a94,2026-10-01T02:45:22.604866+00:00,True,False
03c824d7d25c,data/interim/step_05_preprocessed_page_174.png,step_05_preprocessed_page_174.png,.png,figure,data_interim,cross_town_or_not_applicable,125788,55afe7f916bc7324efff8611dfaef3378aada3defa07b3117033c6101640e503,2026-10-01T02:45:43.826030+00:00,True,False
80256f1473f8,data/interim/step_05_preprocessed_page_158.png,step_05_preprocessed_page_158.png,.png,figure,data_interim,cross_town_or_not_applicable,140203,05689208ed692ef1c5cd7c9fca3968f0c6f6f047fa291c67aea04d2df349bcab,2026-10-01T02:45:19.569468+00:00,True,False
b6c245583909,data/interim/step_05_preprocessed_page_170.png,step_05_preprocessed_page_170.png,.png,figure,data_interim,cross_town_or_not_applicable,97195,aecce888f330163c31da98b4dd808c3f1a14b32a806cc09e550eb2ce73e30326,2026-10-01T02:45:38.010830+00:00,True,False
af8e85879e7d,data/interim/step_05_preprocessed_page_164.png,step_05_preprocessed_page_164.png,.png,figure,data_interim,cross_town_or_not_applicable,544681,26cc45d1bc7fb99f060a5bc0ec617c5fbe64db9df35e1b95d1e958343dd63da0,2026-10-01T02:45:29.390442+00:00,True,False
8cf12a3feeb8,data/interim/step_07_hierarchy_nodes.parquet,step_07_hierarchy_nodes.parquet,.parquet,tabular_data,data_interim,cross_town_or_not_applicable,114143,528bf74153f446e79db5a3286cddcbdcc4d92a2e3eb5bc204532b1c71a3e1162,2026-10-01T02:48:07.384713+00:00,True,True
55f2a7a7f93d,data/interim/step_05_rendered_page_305.png,step_05_rendered_page_305.png,.png,figure,data_interim,cross_town_or_not_applicable,1118614,4997bbfe37e6b54e5cdd11090c802b4ba479f1695bc45e3b10301a1d8e1bd485,2026-10-01T02:47:43.000905+00:00,True,False
fbfbed89f4c7,data/interim/step_05_rendered_page_311.png,step_05_rendered_page_311.png,.png,figure,data_interim,cross_town_or_not_applicable,1134906,b97a260604e7becffdfaf62c1ae1d3fefed3763901935f8e80e71fd2b24cb5e1,2026-10-01T02:47:51.537245+00:00,True,False
a21282a0b2ab,data/interim/step_05_rendered_page_107.png,step_05_rendered_page_107.png,.png,figure,data_interim,cross_town_or_not_applicable,1250953,4b39af6d2a2b7094ad2ac177ef13c4e5917d9e6e4ab3a655854d9d2dc1626bcc,2026-10-01T02:43:58.667916+00:00,True,False
a32332594b26,data/interim/step_05_rendered_page_113.png,step_05_rendered_page_113.png,.png,figure,data_interim,cross_town_or_not_applicable,1398638,d40b164c0206b21b58534b2768365019561b139194bec39b53a80d9eb65527d6,2026-10-01T02:44:08.401441+00:00,True,False
7022154d2b80,data/interim/step_05_rendered_page_098.png,step_05_rendered_page_098.png,.png,figure,data_interim,cross_town_or_not_applicable,1366126,78743778c2de9d0a1bab845d528e35d9040eb324fb6d594bd491cf86e8568044,2026-10-01T02:43:44.529762+00:00,True,False
c5581d120c15,data/interim/step_05_preprocessed_page_206.png,step_05_preprocessed_page_206.png,.png,figure,data_interim,cross_town_or_not_applicable,57818,cd1e4d925703b387fdcbb49146db6cc8842b194183ce611e29c71d3d2d52035f,2026-10-01T02:46:18.838978+00:00,True,False
aabf069d2b35,data/interim/step_05_preprocessed_page_212.png,step_05_preprocessed_page_212.png,.png,figure,data_interim,cross_town_or_not_applicable,110213,05079adecf7d516d5044b17f539bd20ab99de8e59304d19754463c136d95a2a4,2026-10-01T02:46:23.806126+00:00,True,False
cf0c92a48e8f,data/interim/step_05_rendered_page_073.png,step_05_rendered_page_073.png,.png,figure,data_interim,cross_town_or_not_applicable,840005,b321401ed3af63f381dd896157a67df7548301b0991a8186c30370c13075d933,2026-10-01T02:43:11.323517+00:00,True,False
2d6de3ece3a0,data/interim/step_05_rendered_page_067.png,step_05_rendered_page_067.png,.png,figure,data_interim,cross_town_or_not_applicable,770481,4bdd087b1ce8c0fc7804a2ff7dfae8ac66bc4d69f088a8cd1751092b83e3583a,2026-10-01T02:43:06.876378+00:00,True,False
0cac7c2fa043,data/interim/step_05_preprocessed_page_038.png,step_05_preprocessed_page_038.png,.png,figure,data_interim,cross_town_or_not_applicable,155874,62238b03189115ad73495dab36835b8aa8b2593c086ea3be23d0e21dcd443582,2026-10-01T02:42:33.979665+00:00,True,False
310f42a686c6,data/interim/step_05_preprocessed_page_004.png,step_05_preprocessed_page_004.png,.png,figure,data_interim,cross_town_or_not_applicable,102794,740a8ea4f2e40e62233cb3e24c35fe06f6f781c07e6285d563850d3cecbd22dd,2026-10-01T02:41:33.529285+00:00,True,False
cd121a95b4cf,data/interim/step_05_preprocessed_page_010.png,step_05_preprocessed_page_010.png,.png,figure,data_interim,cross_town_or_not_applicable,396598,bffa13675f0b3239172495b85ffa01d11211884a02370117214267023442c49b,2026-10-01T02:41:49.353844+00:00,True,False
8f197e208389,data/interim/step_05_rendered_page_259.png,step_05_rendered_page_259.png,.png,figure,data_interim,cross_town_or_not_applicable,649813,3738d0595046ef676325b4d515d08720f1af7b5cc69a93e0408a4aaff6210358,2026-10-01T02:46:59.753416+00:00,True,False
78e1cdab8559,data/interim/step_05_rendered_page_271.png,step_05_rendered_page_271.png,.png,figure,data_interim,cross_town_or_not_applicable,829115,5574ca695506e6557c2efb8b0e73ec5c7bb2cd46c586c2e5ce5fba53e18a71d0,2026-10-01T02:47:09.515031+00:00,True,False
a496ad5a3566,data/interim/step_05_rendered_page_265.png,step_05_rendered_page_265.png,.png,figure,data_interim,cross_town_or_not_applicable,725277,6177565b9894d7b09923840b8f07cd250498ee8f9d2fbec768be8ad76ad43e6c,2026-10-01T02:47:04.443605+00:00,True,False
9b9907e131e2,data/interim/step_05_rendered_page_264.png,step_05_rendered_page_264.png,.png,figure,data_interim,cross_town_or_not_applicable,672471,69b67e6cb23a68262714ca2ebc941bdd33b19c794766a94b2a079115f8dc1faf,2026-10-01T02:47:03.658024+00:00,True,False
abeb39ebf061,data/interim/step_05_rendered_page_270.png,step_05_rendered_page_270.png,.png,figure,data_interim,cross_town_or_not_applicable,912128,d49ad8ec81986227ea45a5164a61eb77fa999d7c5f65f20f9f2a7a62a6f11252,2026-10-01T02:47:08.243631+00:00,True,False
65a133a25521,data/interim/step_05_rendered_page_258.png,step_05_rendered_page_258.png,.png,figure,data_interim,cross_town_or_not_applicable,612808,4ac80af1a396c976b84b4dd32487d513745e64902a927b8488592ced27e8cb4b,2026-10-01T02:46:58.887329+00:00,True,False
cc413ca26893,data/interim/step_05_preprocessed_page_011.png,step_05_preprocessed_page_011.png,.png,figure,data_interim,cross_town_or_not_applicable,12929,d25173505e704a2300e034aaec455a8098df703704b59e4c2f0a792aee6d5605,2026-10-01T02:41:51.390603+00:00,True,False
4997de1394cd,data/interim/step_05_preprocessed_page_005.png,step_05_preprocessed_page_005.png,.png,figure,data_interim,cross_town_or_not_applicable,444983,d248b2538593429d826b691f7bcce1059dc7971dc81cec631488ca6874fb36f7,2026-10-01T02:41:36.048297+00:00,True,False
d43a304efe50,data/interim/step_05_preprocessed_page_039.png,step_05_preprocessed_page_039.png,.png,figure,data_interim,cross_town_or_not_applicable,155642,22a28116e8842741917ccfedc3ed398e259f53b758334c3a48576c51974c3a6b,2026-10-01T02:42:35.670617+00:00,True,False
0f35ddcf5bd9,data/interim/step_05_rendered_page_066.png,step_05_rendered_page_066.png,.png,figure,data_interim,cross_town_or_not_applicable,669797,1f000d73bdc75226b27c8bc127ca99ef83b496818a64a9147f46a65716d6941c,2026-10-01T02:43:05.790013+00:00,True,False
07a46b485ab6,data/interim/step_05_rendered_page_072.png,step_05_rendered_page_072.png,.png,figure,data_interim,cross_town_or_not_applicable,35368,4b9b9b9a02a3a95157f7bc2dc34eb234350f8a5274cc70dda0379e3d84f48565,2026-10-01T02:43:11.142332+00:00,True,False
8902ce1e1434,data/interim/step_05_preprocessed_page_213.png,step_05_preprocessed_page_213.png,.png,figure,data_interim,cross_town_or_not_applicable,138738,af2929f39fb55f2eb30737b3f6012906e274d28cd6c76a60b47c5b61aaf8329d,2026-10-01T02:46:24.971279+00:00,True,False
6d3f5c190f94,data/interim/step_05_preprocessed_page_207.png,step_05_preprocessed_page_207.png,.png,figure,data_interim,cross_town_or_not_applicable,202966,70e939206195db9393d9bca49da9fe5738f3ab5ac21b33de93896b03e87a29fd,2026-10-01T02:46:19.401532+00:00,True,False
5c3c0f88383d,data/interim/step_05_rendered_page_099.png,step_05_rendered_page_099.png,.png,figure,data_interim,cross_town_or_not_applicable,1045887,1af46ec6c7bba5c47d4f3dbaa20e70f16fa30a65c38ea803c3d664d5e267b829,2026-10-01T02:43:46.110946+00:00,True,False
27decf66efe2,data/interim/step_05_rendered_page_112.png,step_05_rendered_page_112.png,.png,figure,data_interim,cross_town_or_not_applicable,1319284,3e4413a9bdb03af27710b3fc9cdbfdec99b64fc9080017dc926b8d4f37d150ec,2026-10-01T02:44:06.769126+00:00,True,False
210e38a8c16d,data/interim/step_05_rendered_page_106.png,step_05_rendered_page_106.png,.png,figure,data_interim,cross_town_or_not_applicable,1386811,78e723622f0810120aa006cb639169dca691d4cc0d75c94dd8fb1b76ee2e5e46,2026-10-01T02:43:56.885990+00:00,True,False
da123a41b962,data/interim/step_05_rendered_page_310.png,step_05_rendered_page_310.png,.png,figure,data_interim,cross_town_or_not_applicable,1115488,a247b002b0e648ddbe53e2cbc4f1c1ec66dc04ea22d873d0629f1503e0f82643,2026-10-01T02:47:49.472739+00:00,True,False
141115bc1d50,data/interim/step_05_rendered_page_304.png,step_05_rendered_page_304.png,.png,figure,data_interim,cross_town_or_not_applicable,1114922,b689b206dadadb757af2408401028a38ec98a04de2664a11b16369d47bc2f4d6,2026-10-01T02:47:41.664572+00:00,True,False
05bef14abe56,data/interim/step_05_preprocessed_page_165.png,step_05_preprocessed_page_165.png,.png,figure,data_interim,cross_town_or_not_applicable,134382,3a4f54583bd3a388229dce49222e78c571de391d9396dacc6d91f5778154d7fb,2026-10-01T02:45:30.965034+00:00,True,False
10ccd99cabd6,data/interim/step_05_preprocessed_page_171.png,step_05_preprocessed_page_171.png,.png,figure,data_interim,cross_town_or_not_applicable,138942,1f9f9a81ef38c247a6bf2daab8a2fa3fdcce750632b11903a66eb1da362d8ef5,2026-10-01T02:45:39.020859+00:00,True,False
97f45cc1280b,data/interim/step_05_preprocessed_page_159.png,step_05_preprocessed_page_159.png,.png,figure,data_interim,cross_town_or_not_applicable,149638,ebf2447cb65c3e31b1e159723e2c5a0955399084d0cc7e0c2db580a7eb131d61,2026-10-01T02:45:21.058102+00:00,True,False
29f39b0dcc5f,data/interim/step_05_preprocessed_page_167.png,step_05_preprocessed_page_167.png,.png,figure,data_interim,cross_town_or_not_applicable,135782,dd740716367703663e111da94bd8caf161e686cdfda69388dab78428214e9175,2026-10-01T02:45:33.749870+00:00,True,False
18794a6b9323,data/interim/step_05_preprocessed_page_173.png,step_05_preprocessed_page_173.png,.png,figure,data_interim,cross_town_or_not_applicable,144335,c5f651634adeaf2726b2d47d50ad4642e5aacb317578a9d4da7422fa807a4ec3,2026-10-01T02:45:42.263725+00:00,True,False
f810a86508c8,data/interim/step_05_preprocessed_page_198.png,step_05_preprocessed_page_198.png,.png,figure,data_interim,cross_town_or_not_applicable,93772,b13cdb55e1203b187ad4f3463dc6620a88b4e4896bc783a42844621aa9942d49,2026-10-01T02:46:10.672872+00:00,True,False
400bd391ffa4,data/interim/step_05_rendered_page_312.png,step_05_rendered_page_312.png,.png,figure,data_interim,cross_town_or_not_applicable,1120216,5415b381853455f24cc3b9bcd3243372b506fb7a87ef4256aa6e2a0c267308f1,2026-10-01T02:47:53.705750+00:00,True,False
fcd8695ca006,data/interim/step_05_rendered_page_306.png,step_05_rendered_page_306.png,.png,figure,data_interim,cross_town_or_not_applicable,1101719,3f32c0df0f1591a8484997ad6223909dbb15de015c799ed92ae02e2a3ea33037,2026-10-01T02:47:44.323311+00:00,True,False
54bd71e64932,data/interim/step_05_rendered_page_138.png,step_05_rendered_page_138.png,.png,figure,data_interim,cross_town_or_not_applicable,1283580,b4f36b97259cd445680fd3717db36d45b5c59221b7e0174b541b801f15ac4844,2026-10-01T02:44:51.212238+00:00,True,False
826eea8d24fb,data/interim/step_05_rendered_page_110.png,step_05_rendered_page_110.png,.png,figure,data_interim,cross_town_or_not_applicable,1273260,c02524eeae0f0d9027fc30ead4c5964093773606d2fbb54da527282d04249234,2026-10-01T02:44:03.537571+00:00,True,False
b6451d242a30,data/interim/step_05_rendered_page_104.png,step_05_rendered_page_104.png,.png,figure,data_interim,cross_town_or_not_applicable,1081951,ee9706e74bad14535b8f897186f92d3f5f8865d26f62e12af1547c1cb04e37ac,2026-10-01T02:43:53.991491+00:00,True,False
90ea7ebbe5f1,data/interim/step_05_preprocessed_page_239.png,step_05_preprocessed_page_239.png,.png,figure,data_interim,cross_town_or_not_applicable,12775,133d305beed67a05e8070a895b24a03133e0115eb05bb95de23d5a38493d4b0a,2026-10-01T02:46:50.482734+00:00,True,False
1b0d173c5d28,data/interim/step_05_preprocessed_page_211.png,step_05_preprocessed_page_211.png,.png,figure,data_interim,cross_town_or_not_applicable,50576,d0f3a8da53b3dae5d1d0aa5038536d4b6ef09f0784c086f15252a217c304ae18,2026-10-01T02:46:23.293189+00:00,True,False
d30f27aba767,data/interim/step_05_preprocessed_page_205.png,step_05_preprocessed_page_205.png,.png,figure,data_interim,cross_town_or_not_applicable,79091,6cdec87ec6b92917b97d07c89b340a71b939c96eb6e8e19b0f1d9ad9f53cdab1,2026-10-01T02:46:18.048487+00:00,True,False
e0acc67ad41f,data/interim/step_05_rendered_page_058.png,step_05_rendered_page_058.png,.png,figure,data_interim,cross_town_or_not_applicable,35485,57db4d0de3ce6ea02ed6b2486889df0f91bd6111972a22932e5c0dc5030afd1c,2026-10-01T02:42:58.706095+00:00,True,False
50016758e505,data/interim/step_05_rendered_page_064.png,step_05_rendered_page_064.png,.png,figure,data_interim,cross_town_or_not_applicable,35960,8deb212b020a9b2e2d3811e4f0f122f2acd24307effe83710e41aef02d98af97,2026-10-01T02:43:04.575774+00:00,True,False
f6eae1eb66f5,data/interim/step_05_rendered_page_070.png,step_05_rendered_page_070.png,.png,figure,data_interim,cross_town_or_not_applicable,810656,7be6ba65527589063fc30ac22817793f1189f90bfafbd494837e64e50b4185c9,2026-10-01T02:43:09.713828+00:00,True,False
b481194b2f3b,data/interim/step_05_rendered_page_299.png,step_05_rendered_page_299.png,.png,figure,data_interim,cross_town_or_not_applicable,1091113,70fa61496147a2300a7ec1a934c95064f53ac35fa32b7e7ea8cce6605c5257dd,2026-10-01T02:47:35.002408+00:00,True,False
f7b81042d453,data/interim/step_05_preprocessed_page_013.png,step_05_preprocessed_page_013.png,.png,figure,data_interim,cross_town_or_not_applicable,81721,c36b0b645e5fa2b88dd18845b99bcf6dcc70edfce07d2326f7065f3758910efd,2026-10-01T02:41:52.406770+00:00,True,False
cded815ce5a7,data/interim/step_05_preprocessed_page_007.png,step_05_preprocessed_page_007.png,.png,figure,data_interim,cross_town_or_not_applicable,457177,b8375a09fa4d6e15587d391ec4b644825c723351d500be9ac92d3fec33b718da,2026-10-01T02:41:41.589680+00:00,True,False
f346ef361e53,data/interim/step_05_rendered_page_266.png,step_05_rendered_page_266.png,.png,figure,data_interim,cross_town_or_not_applicable,606885,633b29e829c7a4b55f45ce85fcf54128f0d9039719072e9e334907910a8475a2,2026-10-01T02:47:05.272915+00:00,True,False
1a68c8fcd24b,data/interim/step_05_rendered_page_272.png,step_05_rendered_page_272.png,.png,figure,data_interim,cross_town_or_not_applicable,920955,b7e09dedefa7f5d4f28d7d19c7fc080c6030b60f40576f0c180d5d594975508a,2026-10-01T02:47:10.386831+00:00,True,False
bc2c7a514ddd,data/interim/step_05_rendered_page_273.png,step_05_rendered_page_273.png,.png,figure,data_interim,cross_town_or_not_applicable,1069557,becfb2f52b95587a370612d019eb03fb84ee5d761db7e493c1c2c3c65524ac50,2026-10-01T02:47:10.975644+00:00,True,False
6e5b504b4e54,data/interim/step_05_rendered_page_267.png,step_05_rendered_page_267.png,.png,figure,data_interim,cross_town_or_not_applicable,639902,710dcada45191b50530be81dbbcfdc80da94d8d2b4d20b088a72c76ee7c79c1e,2026-10-01T02:47:06.012268+00:00,True,False
d872146eb09d,data/interim/step_05_preprocessed_page_006.png,step_05_preprocessed_page_006.png,.png,figure,data_interim,cross_town_or_not_applicable,109414,a1daa540fa1f778a79dbddc2ded13beb280d1e66936ba45566095d4132530dd9,2026-10-01T02:41:39.117307+00:00,True,False
00b39d76c477,data/interim/step_05_preprocessed_page_012.png,step_05_preprocessed_page_012.png,.png,figure,data_interim,cross_town_or_not_applicable,85507,ea39f88eb1330e06f12b20e49f536af60231e4c5fa16a1acf50101a658eb042d,2026-10-01T02:41:51.585516+00:00,True,False
e49361821ec9,data/interim/step_05_rendered_page_298.png,step_05_rendered_page_298.png,.png,figure,data_interim,cross_town_or_not_applicable,1082996,462514820247819cc0f5669492cac062112288091bdf2230d99c4587ea58f2fd,2026-10-01T02:47:33.779411+00:00,True,False
ef5227c1f43d,data/interim/step_05_rendered_page_071.png,step_05_rendered_page_071.png,.png,figure,data_interim,cross_town_or_not_applicable,302599,2fbf1128d1be951827bfb3ae5b000a8c4b868318f13bc242ed72f9ddcef2b7a0,2026-10-01T02:43:10.715860+00:00,True,False
a7270a8fc777,data/interim/step_05_rendered_page_065.png,step_05_rendered_page_065.png,.png,figure,data_interim,cross_town_or_not_applicable,845737,0555168254a33f64a30bb1d8c8a21b0aa154c04711ab89b4d501ab319288c800,2026-10-01T02:43:04.756937+00:00,True,False
18b6ff3870cc,data/interim/step_05_rendered_page_059.png,step_05_rendered_page_059.png,.png,figure,data_interim,cross_town_or_not_applicable,935416,f74adf55ffacb55bb1da0285235474949850ee824a3dceaffc7221f9a9af4b87,2026-10-01T02:42:58.889179+00:00,True,False
5e764707c658,data/interim/step_05_preprocessed_page_204.png,step_05_preprocessed_page_204.png,.png,figure,data_interim,cross_town_or_not_applicable,89353,cdb691fcb71640841f07ccd6f485db266d7fbf61755d2f7157eea43793b6cc5a,2026-10-01T02:46:17.002496+00:00,True,False
081633b78ce5,data/interim/step_05_preprocessed_page_210.png,step_05_preprocessed_page_210.png,.png,figure,data_interim,cross_town_or_not_applicable,112450,5c1fa570b5b574c5cafe40c664e8da71f23a9e933e2929e6fb437afed3d097ec,2026-10-01T02:46:22.261062+00:00,True,False
886c5dc82a21,data/interim/step_05_preprocessed_page_238.png,step_05_preprocessed_page_238.png,.png,figure,data_interim,cross_town_or_not_applicable,47844,62f1b02ba9fc3954323dd18e320c6a795b89a749c2d68a1ff4b8111f1ec9def9,2026-10-01T02:46:50.011982+00:00,True,False
a149ec240f23,data/interim/step_05_rendered_page_105.png,step_05_rendered_page_105.png,.png,figure,data_interim,cross_town_or_not_applicable,1359394,7e236d9468c5c2714e73b9fd735b5c3d0ab86e7bbaee597957c41a59ab8ff301,2026-10-01T02:43:55.270681+00:00,True,False
4322dbfe0005,data/interim/step_05_rendered_page_111.png,step_05_rendered_page_111.png,.png,figure,data_interim,cross_town_or_not_applicable,1381836,62f5f438a97ff7bcb43c5145c2edec0563e7a43c73f5ddfeb0a660b8af76dfb8,2026-10-01T02:44:05.090646+00:00,True,False
7a7877079726,data/interim/step_05_rendered_page_139.png,step_05_rendered_page_139.png,.png,figure,data_interim,cross_town_or_not_applicable,1342576,3f32128a0f766dc9b7ef6a042282b9fd74344dd3e4f5e916c8316ab20f7ee59a,2026-10-01T02:44:53.034596+00:00,True,False
5ef35f29d09c,data/interim/step_05_rendered_page_307.png,step_05_rendered_page_307.png,.png,figure,data_interim,cross_town_or_not_applicable,1142156,ec06d507e5319c165081259865eaf1e26fa0026e4740608ecb7f7ef0d9b58413,2026-10-01T02:47:45.564075+00:00,True,False
db00d0fce580,data/interim/step_05_rendered_page_313.png,step_05_rendered_page_313.png,.png,figure,data_interim,cross_town_or_not_applicable,385905,f2262dda0ff726cf2a51afbb6607cf70eabaf2cc9452fd2339d7954376f1b6e8,2026-10-01T02:47:55.280988+00:00,True,False
6b3619a11478,data/interim/step_05_preprocessed_page_199.png,step_05_preprocessed_page_199.png,.png,figure,data_interim,cross_town_or_not_applicable,107893,f235ad88725916a5b3916a7e6ec4349509a2a8d88007e07c2e9c6af7219f4dde,2026-10-01T02:46:11.622799+00:00,True,False
77a1d89f4406,data/interim/step_05_preprocessed_page_172.png,step_05_preprocessed_page_172.png,.png,figure,data_interim,cross_town_or_not_applicable,149943,f5165938bbf6baea795f111b5e38ef96395fe5148941d73d63c13e252a5038ec,2026-10-01T02:45:40.585775+00:00,True,False
0e2b3bd24ee3,data/interim/step_05_preprocessed_page_166.png,step_05_preprocessed_page_166.png,.png,figure,data_interim,cross_town_or_not_applicable,126023,b14320c2db8aa9ea3acc55c593bf558fef58970a188cf98230151b2fb5c070de,2026-10-01T02:45:32.389260+00:00,True,False
2e0c5712fc57,data/interim/step_05_preprocessed_page_101.png,step_05_preprocessed_page_101.png,.png,figure,data_interim,cross_town_or_not_applicable,166427,58279f91503865f199b49c091733aede0fb8667b18b1b72f4ee8275bbd070139,2026-10-01T02:43:49.605855+00:00,True,False
6b761e5d3168,data/interim/step_05_preprocessed_page_115.png,step_05_preprocessed_page_115.png,.png,figure,data_interim,cross_town_or_not_applicable,173340,a1d60ff3812ef0981116da8a947583eca08702159b7e4ff18fff7b3beab9a6cd,2026-10-01T02:44:12.301598+00:00,True,False
68e0365d442f,data/interim/step_05_preprocessed_page_129.png,step_05_preprocessed_page_129.png,.png,figure,data_interim,cross_town_or_not_applicable,148661,2279d614e8e325d88909364501a2c9d9c01b16e7f7a70728c41fc21569e7fc81,2026-10-01T02:44:36.003062+00:00,True,False
bd79d0ea24a9,data/interim/step_05_preprocessed_page_303.png,step_05_preprocessed_page_303.png,.png,figure,data_interim,cross_town_or_not_applicable,140771,f5da782fa9aac880814ce060f206df26efd6c402e2c82ce547fa1e0929eaec25,2026-10-01T02:47:40.050099+00:00,True,False
51a70de8f02f,data/interim/step_05_rendered_page_189.png,step_05_rendered_page_189.png,.png,figure,data_interim,cross_town_or_not_applicable,404714,aa0a22eb4b8c5897d34ec1610827afe252e70782f6a0749cdf59f82d42bfee02,2026-10-01T02:46:01.633797+00:00,True,False
c262cd95d2a3,data/interim/step_05_rendered_page_176.png,step_05_rendered_page_176.png,.png,figure,data_interim,cross_town_or_not_applicable,1182239,1cb712c540e48dbe57fc312a21a565cf544e3664c2156eba1d190c187caf08ef,2026-10-01T02:45:47.110127+00:00,True,False
b0c77b48fc11,data/interim/step_05_rendered_page_162.png,step_05_rendered_page_162.png,.png,figure,data_interim,cross_town_or_not_applicable,1357525,39667de847547622473836510d0e944a56fa8d9ad5943a4e55dedf574f4cfbce,2026-10-01T02:45:26.342829+00:00,True,False
b04f4d82f958,data/interim/step_05_preprocessed_page_277.png,step_05_preprocessed_page_277.png,.png,figure,data_interim,cross_town_or_not_applicable,141008,268a4e9491c6fcd7ff2192613985670839f9da11d9d7619c2ccb5e030a95447e,2026-10-01T02:47:13.522893+00:00,True,False
a5aa5a9cac36,data/interim/step_05_preprocessed_page_263.png,step_05_preprocessed_page_263.png,.png,figure,data_interim,cross_town_or_not_applicable,71764,19b7cf5ab92dd66da5458400ecb0f68a9f22e57215a36ee08b6c0ed5139a613e,2026-10-01T02:47:02.981985+00:00,True,False
73fdc7489794,data/interim/step_05_rendered_page_002.png,step_05_rendered_page_002.png,.png,figure,data_interim,cross_town_or_not_applicable,382909,c0a88a2bf7771b2ea608d7c1411005a7821b2fc9227ec9ead71ce45c205cf5d9,2026-10-01T02:41:32.872246+00:00,True,False
7135d8f48489,data/interim/step_05_rendered_page_016.png,step_05_rendered_page_016.png,.png,figure,data_interim,cross_town_or_not_applicable,1247033,7dbb765f17258c9791c2d3033f7ed28f6ce6754a3a7b4fd3b2315596a09e71b9,2026-10-01T02:41:54.049184+00:00,True,False
8fd50785ff3a,data/interim/step_05_preprocessed_page_288.png,step_05_preprocessed_page_288.png,.png,figure,data_interim,cross_town_or_not_applicable,131198,3e319c5c7b034a03a8c65b690a85484604bea59763c8f130a1fda48ba5114adb,2026-10-01T02:47:23.578866+00:00,True,False
799955e02864,data/interim/step_05_preprocessed_page_075.png,step_05_preprocessed_page_075.png,.png,figure,data_interim,cross_town_or_not_applicable,52044,cf55598dba871691b458ce5e928be14e45fa8ae188de8f946b8203a3c9985d09,2026-10-01T02:43:13.481928+00:00,True,False
6805c4a62488,data/interim/step_05_preprocessed_page_061.png,step_05_preprocessed_page_061.png,.png,figure,data_interim,cross_town_or_not_applicable,96905,66d3e5a4f38cf92d043fefde83093a3498ce5ceabb4a801661daa16a6971b4d2,2026-10-01T02:43:01.435302+00:00,True,False
3b093ff19a25,data/interim/step_05_preprocessed_page_049.png,step_05_preprocessed_page_049.png,.png,figure,data_interim,cross_town_or_not_applicable,113472,3fb4ff2eef577172272b623db75b939ab97a9d1d66b0b878cd6d652079773f88,2026-10-01T02:42:49.466408+00:00,True,False
1624f6efb066,data/interim/step_05_rendered_page_200.png,step_05_rendered_page_200.png,.png,figure,data_interim,cross_town_or_not_applicable,1066397,32b35497da313a5fb0b0bedd2cad04e038a1c4a7937870cdab71d17041c47685,2026-10-01T02:46:12.725784+00:00,True,False
2e537d4d5594,data/interim/step_05_rendered_page_214.png,step_05_rendered_page_214.png,.png,figure,data_interim,cross_town_or_not_applicable,1037154,03e1944f04a75ce6e341d9deff5f664b32dfda76501a842b75929104a5dd5c99,2026-10-01T02:46:26.607320+00:00,True,False
470f0739bd49,data/interim/step_05_rendered_page_228.png,step_05_rendered_page_228.png,.png,figure,data_interim,cross_town_or_not_applicable,33370,0ccfeae55fbb716cbaddcd6e14315e8a7fdbe8aefa6c412c77cd4b28f8942cec,2026-10-01T02:46:41.850464+00:00,True,False
0efc8f93bc67,data/interim/step_05_rendered_page_229.png,step_05_rendered_page_229.png,.png,figure,data_interim,cross_town_or_not_applicable,224915,d6c39511555b801bd1881b55d5961aa70e6bc0411f1c95c7b2e55f711fb3e6b5,2026-10-01T02:46:42.131561+00:00,True,False
3301c8d060ef,data/interim/step_05_rendered_page_215.png,step_05_rendered_page_215.png,.png,figure,data_interim,cross_town_or_not_applicable,1135638,15061fd4f128bb614db06b51e790ab5d8c6d7a1d26e40670de7e435cb8d0ed47,2026-10-01T02:46:28.084210+00:00,True,False
93fed73730e7,data/interim/step_05_rendered_page_201.png,step_05_rendered_page_201.png,.png,figure,data_interim,cross_town_or_not_applicable,433077,617ca9c02cd2f4a029eaacdd17493a303c5b3743919979105d9d8358265df781,2026-10-01T02:46:14.046524+00:00,True,False
5c2fc64a1ec3,data/interim/step_05_preprocessed_page_048.png,step_05_preprocessed_page_048.png,.png,figure,data_interim,cross_town_or_not_applicable,111436,4e48f7577e28f4ba911b011f94a9520904a0c8769ac14df982d1c50c529fb1f8,2026-10-01T02:42:48.347811+00:00,True,False
f0ca097f7f74,data/interim/step_05_preprocessed_page_060.png,step_05_preprocessed_page_060.png,.png,figure,data_interim,cross_town_or_not_applicable,121511,37af15b691d9a8eb0deefa7fa0dbdbf616efea1d5f27a71713865576309a7e31,2026-10-01T02:43:00.032747+00:00,True,False
b99df8357f9e,data/interim/step_05_preprocessed_page_074.png,step_05_preprocessed_page_074.png,.png,figure,data_interim,cross_town_or_not_applicable,108640,2176cd1bc0971764234f5531ea4357b32b7cafbd420744e91054a74e3125cbf4,2026-10-01T02:43:12.351556+00:00,True,False
f8b53edf1672,data/interim/step_05_preprocessed_page_289.png,step_05_preprocessed_page_289.png,.png,figure,data_interim,cross_town_or_not_applicable,134394,e84bb8aaf468caaeea02709cf28d193b80c4a1e713a1590a46452c7dc3cdff0a,2026-10-01T02:47:24.006222+00:00,True,False
a5db10f13964,data/interim/step_05_rendered_page_017.png,step_05_rendered_page_017.png,.png,figure,data_interim,cross_town_or_not_applicable,1340822,07b1919369daefad9d05ed4edccaadcf77b67994dc404861800f76ae85fb365b,2026-10-01T02:41:55.570132+00:00,True,False
b71fa82cf212,data/interim/step_05_rendered_page_003.png,step_05_rendered_page_003.png,.png,figure,data_interim,cross_town_or_not_applicable,46513,ba8f034aa1b4c9c81119f93a79bf1a3be3dbfb71e6e9ee9b8a2b66ba48a147b4,2026-10-01T02:41:33.358895+00:00,True,False
d038cad723d4,data/interim/step_05_preprocessed_page_262.png,step_05_preprocessed_page_262.png,.png,figure,data_interim,cross_town_or_not_applicable,81598,3ab8390c7d21c10730c89d401045709c6a8d0304f8e0da9021a4e0328f5c9bf6,2026-10-01T02:47:02.224296+00:00,True,False
eb726877d40d,data/interim/step_05_preprocessed_page_276.png,step_05_preprocessed_page_276.png,.png,figure,data_interim,cross_town_or_not_applicable,138344,f25d7ec02543daba13f8aa7fbfc1fe1b343d9a0af49ef2d03e0284524609c433,2026-10-01T02:47:12.811147+00:00,True,False
8a6a3cd0d048,data/interim/step_05_rendered_page_163.png,step_05_rendered_page_163.png,.png,figure,data_interim,cross_town_or_not_applicable,1190502,f9022fb05f2079ba57ae2d1a9a89cccb58826291469d16e7141a3032594fc7b7,2026-10-01T02:45:27.958349+00:00,True,False
967a409345d4,data/interim/step_05_rendered_page_177.png,step_05_rendered_page_177.png,.png,figure,data_interim,cross_town_or_not_applicable,1012979,1c6892aa173110705c139efbd6b917e9cead1905aa1ef8b9e92c9973b3d2064b,2026-10-01T02:45:48.542630+00:00,True,False
9d739a602fe1,data/interim/step_05_rendered_page_188.png,step_05_rendered_page_188.png,.png,figure,data_interim,cross_town_or_not_applicable,593535,acc9d6e08f8545414adc80d3b616d53464ef010c3648395eba5a3b5d5c22f31b,2026-10-01T02:46:00.882993+00:00,True,False
517dbe1bbf31,data/interim/step_05_preprocessed_page_302.png,step_05_preprocessed_page_302.png,.png,figure,data_interim,cross_town_or_not_applicable,135148,0192672524304313b644365da1fc7d478e42fd216a33a123ae19d7e9a9a56b37,2026-10-01T02:47:38.804326+00:00,True,False
1d545a81a224,data/interim/step_05_preprocessed_page_128.png,step_05_preprocessed_page_128.png,.png,figure,data_interim,cross_town_or_not_applicable,159179,bacddd6c13aa144261b72b0ea11cbe4f29838a46c69ae11aa33fb85e28e659ef,2026-10-01T02:44:34.432479+00:00,True,False
40fa1cb95df6,data/interim/step_05_preprocessed_page_114.png,step_05_preprocessed_page_114.png,.png,figure,data_interim,cross_town_or_not_applicable,177565,ae6c87738dc40b9f5fadc214d4965da6b6df53d46f4828202150a81b33521d29,2026-10-01T02:44:10.407121+00:00,True,False
7214aca79a84,data/interim/step_05_preprocessed_page_100.png,step_05_preprocessed_page_100.png,.png,figure,data_interim,cross_town_or_not_applicable,156854,923134b3d7b784c8a86ca1617fa437c11626ba3a34d4a288de9861a1dda4a766,2026-10-01T02:43:47.382574+00:00,True,False
c77141659e93,data/interim/step_05_preprocessed_page_116.png,step_05_preprocessed_page_116.png,.png,figure,data_interim,cross_town_or_not_applicable,153707,c442431ec9f79c119474dcc6e493934c9cf5f4429b6c4abfdfcbae11ef6cce05,2026-10-01T02:44:14.106366+00:00,True,False
507528516a3d,data/interim/step_05_preprocessed_page_102.png,step_05_preprocessed_page_102.png,.png,figure,data_interim,cross_town_or_not_applicable,154522,1f1adbe617b0abc2427c3a92c3859e131ab18ca02e0921bee0c8afeaae21ffa1,2026-10-01T02:43:51.307765+00:00,True,False
6d973e544739,data/interim/step_05_preprocessed_page_300.png,step_05_preprocessed_page_300.png,.png,figure,data_interim,cross_town_or_not_applicable,136505,378292357c3402e81657d745382a0b04cbd09cee5bde6cd7877f1467a69977a7,2026-10-01T02:47:36.238298+00:00,True,False
dcd43e772081,data/interim/step_05_rendered_page_161.png,step_05_rendered_page_161.png,.png,figure,data_interim,cross_town_or_not_applicable,1207987,4569ca003d0f26922a786b43c1851ad4cf76a9e40705dd603615f2f6f54bed3a,2026-10-01T02:45:24.819775+00:00,True,False
5520aa779a25,data/interim/step_05_rendered_page_175.png,step_05_rendered_page_175.png,.png,figure,data_interim,cross_town_or_not_applicable,1369703,2178dfe10f7d6436db3d973495dabe4d82188d246b25c46a9a6322ecf6f14d02,2026-10-01T02:45:45.391326+00:00,True,False
def24c848853,data/interim/step_05_rendered_page_149.png,step_05_rendered_page_149.png,.png,figure,data_interim,cross_town_or_not_applicable,991016,3438e7fbce7c365d27c0729cf3c548bdd8620340f94293aa75b76438fdfcc25c,2026-10-01T02:45:05.440600+00:00,True,False
458ef661b719,data/interim/step_05_preprocessed_page_260.png,step_05_preprocessed_page_260.png,.png,figure,data_interim,cross_town_or_not_applicable,82296,c59c119792425d07eecd194ed4d163f8ea4a80e72cfbd88ccb1fb0e99d05443b,2026-10-01T02:47:00.635017+00:00,True,False
009e598d7c2b,data/interim/step_05_preprocessed_page_274.png,step_05_preprocessed_page_274.png,.png,figure,data_interim,cross_town_or_not_applicable,140832,dc131e284b9e14242d6bee03c40512f8b462e6301c619896089d55f13853e969,2026-10-01T02:47:11.698365+00:00,True,False
6de73e7e2088,data/interim/step_15_district_table_cells.parquet,step_15_district_table_cells.parquet,.parquet,tabular_data,data_interim,cross_town_or_not_applicable,14536,c844b62a724a6aa52f5550b5df0c76c0e8b5e5c1fca946337f96b691693f9876,2026-10-01T02:48:51.321716+00:00,True,False
db09d7f1434c,data/interim/step_05_preprocessed_page_248.png,step_05_preprocessed_page_248.png,.png,figure,data_interim,cross_town_or_not_applicable,315899,de2f0c5635f708a28caaef2e0cd660742175d80782dd8213ce50455230da3925,2026-10-01T02:46:54.318955+00:00,True,False
1bfd206f1eda,data/interim/step_05_rendered_page_015.png,step_05_rendered_page_015.png,.png,figure,data_interim,cross_town_or_not_applicable,40966,36c18426b65a6408b7fd50f5c8809b659ae6dc35ef0dba3d743f362aceb47f0c,2026-10-01T02:41:53.840059+00:00,True,False
f19d34eb5b0e,data/interim/step_05_rendered_page_001.png,step_05_rendered_page_001.png,.png,figure,data_interim,cross_town_or_not_applicable,767174,0c0b431d42ade783ef139be918c783f5407d3845896fab6f705341d081627dce,2026-10-01T02:41:32.545927+00:00,True,False
377bea92acbe,data/interim/step_05_rendered_page_029.png,step_05_rendered_page_029.png,.png,figure,data_interim,cross_town_or_not_applicable,1465129,008043d5c1d88e6f4f05d5a7b41919cefbc914a0f1e5c792b9c186c9d7c3f882,2026-10-01T02:42:18.178021+00:00,True,False
6c0410ed9f0d,data/interim/step_06_normalized_document_text.txt,step_06_normalized_document_text.txt,.txt,text,data_interim,cross_town_or_not_applicable,813258,cfe4eb29971325f4c21b29c9afbe17124899e4edc3f05fad079f1d20bc064f20,2026-10-01T02:48:04.608706+00:00,True,False
c0da5f49be2c,data/interim/step_05_preprocessed_page_062.png,step_05_preprocessed_page_062.png,.png,figure,data_interim,cross_town_or_not_applicable,117510,c6188f51a593a678e2b99acf458651bc80c1c8556fe491f10e2886daac4ae268,2026-10-01T02:43:02.366749+00:00,True,False
8a9564a8eae9,data/interim/step_05_preprocessed_page_076.png,step_05_preprocessed_page_076.png,.png,figure,data_interim,cross_town_or_not_applicable,35074,6b500ec53f5342dd27d755987e11bd8e5fbc483e4f1cb71a23bed41f18d5091a,2026-10-01T02:43:13.995584+00:00,True,False
3bda52a50f65,data/interim/step_05_rendered_page_217.png,step_05_rendered_page_217.png,.png,figure,data_interim,cross_town_or_not_applicable,979184,fb5d9fd4259703406153f88b3fc011b63abd31e53b61b69d7e60a5addf44dbfd,2026-10-01T02:46:31.084685+00:00,True,False
9c3f472fbe3c,data/interim/step_05_rendered_page_203.png,step_05_rendered_page_203.png,.png,figure,data_interim,cross_town_or_not_applicable,724672,a46f6a43a1eb81da5b6afba113f59290211e8b80aaf82d2c03b4fa22eab0c0cb,2026-10-01T02:46:15.777366+00:00,True,False
8bab0760334a,data/interim/step_05_preprocessed_page_089.png,step_05_preprocessed_page_089.png,.png,figure,data_interim,cross_town_or_not_applicable,140489,d045d8db3c01bdb363591c85aa8f63af2f004286138d265f7149907fc9062433,2026-10-01T02:43:31.844131+00:00,True,False
386e5351fb17,data/interim/step_05_preprocessed_page_088.png,step_05_preprocessed_page_088.png,.png,figure,data_interim,cross_town_or_not_applicable,66349,5ab9bac2c426b22e366fa5cf3f11b012f279ed7a735bf449e67e91d27b426f48,2026-10-01T02:43:31.176820+00:00,True,False
331b35adc617,data/interim/step_05_rendered_page_202.png,step_05_rendered_page_202.png,.png,figure,data_interim,cross_town_or_not_applicable,939283,7432274f0177ed505d0d0d7cee52a32532441913eb767241d5c20aa7e1c5aac4,2026-10-01T02:46:14.634845+00:00,True,False
73f2a704bb4f,data/interim/step_05_rendered_page_216.png,step_05_rendered_page_216.png,.png,figure,data_interim,cross_town_or_not_applicable,1424817,8599b78b983e7af5b6d5436064ceb09da074a692e03e81d39b72d05dddbbd14a,2026-10-01T02:46:29.412229+00:00,True,False
3450e6695a16,data/interim/step_05_preprocessed_page_077.png,step_05_preprocessed_page_077.png,.png,figure,data_interim,cross_town_or_not_applicable,135396,455ff841c522a30afa50e99320a9722628645073f5421dec3e81052b58d85c39,2026-10-01T02:43:14.187633+00:00,True,False
443278448cd3,data/interim/.gitkeep,.gitkeep,,other,data_interim,cross_town_or_not_applicable,0,e3b0c44298fc1c149afbf4c8996fb92427ae41e4649b934ca495991b7852b855,2026-09-29T00:57:26.122615+00:00,False,True
fdc4c74ad3a1,data/interim/step_05_preprocessed_page_063.png,step_05_preprocessed_page_063.png,.png,figure,data_interim,cross_town_or_not_applicable,100670,511654a4d5f9fdff776c07e75791dc6f3daccd359d9d1756666e92686e39e9ac,2026-10-01T02:43:03.589828+00:00,True,False
53b2852c90c5,data/interim/step_05_rendered_page_028.png,step_05_rendered_page_028.png,.png,figure,data_interim,cross_town_or_not_applicable,1412844,9ba67e89af4f2d8df939bb423f8d4e0f72c59d2b7f70117d21c964ed3da5e4f0,2026-10-01T02:42:16.244678+00:00,True,False
9a593218e8c2,data/interim/step_05_rendered_page_014.png,step_05_rendered_page_014.png,.png,figure,data_interim,cross_town_or_not_applicable,293702,dc71c527d29b8e632498221e70175cd30e26332609bc0ab35dad62ed61d3e503,2026-10-01T02:41:53.323694+00:00,True,False
7c419dcd96af,data/interim/step_05_preprocessed_page_249.png,step_05_preprocessed_page_249.png,.png,figure,data_interim,cross_town_or_not_applicable,255957,81fce9b6b2907e96e8eb79f708ab7c79665d9d1d3d210e0987c45ff02d5c6d9d,2026-10-01T02:46:54.726732+00:00,True,False
011f16b9bed9,data/interim/step_05_preprocessed_page_275.png,step_05_preprocessed_page_275.png,.png,figure,data_interim,cross_town_or_not_applicable,139635,8a3d8d76eae1f90a8a95dbd23730b152d90306f2ddc82bd40995cf132e219a39,2026-10-01T02:47:12.206984+00:00,True,False
c4633ec9814f,data/interim/step_05_preprocessed_page_261.png,step_05_preprocessed_page_261.png,.png,figure,data_interim,cross_town_or_not_applicable,302709,bd702cc02c7cd39bb2caf36f992b2cdec357436955512c45fb66a6a5b4bb9402,2026-10-01T02:47:01.428195+00:00,True,False
38fb91599d3e,data/interim/step_05_rendered_page_148.png,step_05_rendered_page_148.png,.png,figure,data_interim,cross_town_or_not_applicable,1300527,210be2fbd0d2ce1089e0d6c6a4c4bbfdd6cd4773923865011a6a528d4fafaf13,2026-10-01T02:45:03.778733+00:00,True,False
7962091e39ff,data/interim/step_05_rendered_page_174.png,step_05_rendered_page_174.png,.png,figure,data_interim,cross_town_or_not_applicable,1068202,1b710cfa45b540351b53a8e1133c33205a1ec322346657f029aafe063ef60cf2,2026-10-01T02:45:43.820152+00:00,True,False
4d0d1fd9d87e,data/interim/step_05_rendered_page_160.png,step_05_rendered_page_160.png,.png,figure,data_interim,cross_town_or_not_applicable,1386988,f075911810f79297b3dcba603b8f2ea70b40c39e7c4a6e580e3bb1376805cbed,2026-10-01T02:45:22.598297+00:00,True,False
eaf09f4de66e,data/interim/step_05_preprocessed_page_301.png,step_05_preprocessed_page_301.png,.png,figure,data_interim,cross_town_or_not_applicable,139586,ec63ba9f12e68c855912a1509592e9cf072fd6d23df3758bd1da9642911d35c9,2026-10-01T02:47:37.533079+00:00,True,False
733543be8695,data/interim/step_05_preprocessed_page_103.png,step_05_preprocessed_page_103.png,.png,figure,data_interim,cross_town_or_not_applicable,112534,f65a0ee9033cdee94ef038a776e03acefad734c18015a3513307d7f1314ddbea,2026-10-01T02:43:52.920349+00:00,True,False
8947158dc16f,data/interim/step_05_preprocessed_page_117.png,step_05_preprocessed_page_117.png,.png,figure,data_interim,cross_town_or_not_applicable,168540,92cbfd2630a220f6aa85e2790375990263182e252196e38d8a281093a1055e14,2026-10-01T02:44:15.612336+00:00,True,False
86a08d814fd4,data/interim/step_05_preprocessed_page_113.png,step_05_preprocessed_page_113.png,.png,figure,data_interim,cross_town_or_not_applicable,161383,75b61d54b58e5e9a6f1802e7a022f7e68c7bdc4650583041b12395a55a622f6e,2026-10-01T02:44:08.408263+00:00,True,False
d88336ca87ee,data/interim/step_05_preprocessed_page_107.png,step_05_preprocessed_page_107.png,.png,figure,data_interim,cross_town_or_not_applicable,144642,b909bceda20ddcae6c3036e2a7f1921607ed433f1db70822d2c6e42edda30e11,2026-10-01T02:43:58.673961+00:00,True,False
74b3cd7fb2cf,data/interim/step_05_preprocessed_page_311.png,step_05_preprocessed_page_311.png,.png,figure,data_interim,cross_town_or_not_applicable,138338,eba5438217b2e2db8f1f8ee8fb1ed6de4e4d650f7171aa92ebb7ec600a9ec522,2026-10-01T02:47:51.553011+00:00,True,False
3b1e7ee479c9,data/interim/step_05_preprocessed_page_305.png,step_05_preprocessed_page_305.png,.png,figure,data_interim,cross_town_or_not_applicable,139263,c759e0eb6f51de407ae2e0c5100527555b75afaafce4f0206db73641f9d57e9d,2026-10-01T02:47:43.006577+00:00,True,False
4d60848ec1f3,data/interim/step_05_rendered_page_158.png,step_05_rendered_page_158.png,.png,figure,data_interim,cross_town_or_not_applicable,1195259,d09079fa7f6c3b4e2a111ebf417b9c81a287490eb802d6c04cff5be30994e27e,2026-10-01T02:45:19.563578+00:00,True,False
ce6b2b61c2d9,data/interim/step_05_rendered_page_164.png,step_05_rendered_page_164.png,.png,figure,data_interim,cross_town_or_not_applicable,1280316,2a63728028f1c4146fe3f44d39ba82fa76fa01f25d5d516e547ac55fa731d88e,2026-10-01T02:45:29.379656+00:00,True,False
99a3d37c6b7f,data/interim/step_05_rendered_page_170.png,step_05_rendered_page_170.png,.png,figure,data_interim,cross_town_or_not_applicable,801895,cfc483d75bdb8e47c7d132e3e0f6836722049074bd514eb0c2760c6c319b25ea,2026-10-01T02:45:38.005043+00:00,True,False
8eca0b4d817f,data/interim/step_05_preprocessed_page_259.png,step_05_preprocessed_page_259.png,.png,figure,data_interim,cross_town_or_not_applicable,82057,2ac883389f849bc4a2a104b8e8d02de075554d4d9a74bcf4f78935c06472f2ca,2026-10-01T02:46:59.757576+00:00,True,False
50e02dc1b0d5,data/interim/step_05_preprocessed_page_265.png,step_05_preprocessed_page_265.png,.png,figure,data_interim,cross_town_or_not_applicable,90783,c51c69eca2155f023346d733f9af27f88d965a3e6b9ae442c719a2305291144e,2026-10-01T02:47:04.447993+00:00,True,False
908cb4dc60b3,data/interim/step_05_preprocessed_page_271.png,step_05_preprocessed_page_271.png,.png,figure,data_interim,cross_town_or_not_applicable,112343,e1a7a09233118f61275b651d2b508e7e33699a076d97d9b09b9f40a0eb808863,2026-10-01T02:47:09.524867+00:00,True,False
cdd58036e842,data/interim/step_05_rendered_page_038.png,step_05_rendered_page_038.png,.png,figure,data_interim,cross_town_or_not_applicable,1338267,1ab518b15fc8c187fe9360aefbd01a97fc08b8a0a73dd514fd89fcd71928d5b1,2026-10-01T02:42:33.973112+00:00,True,False
de2fc800784e,data/interim/step_09_unified_tokens_with_table_ids.parquet,step_09_unified_tokens_with_table_ids.parquet,.parquet,tabular_data,data_interim,cross_town_or_not_applicable,5553178,4f5592dc70903c553ecd0fd9d0a42c55c0c5b4f9ce8a918d341f501dae8a4b73,2026-10-01T02:48:34.498813+00:00,True,True
3bd9597e477d,data/interim/step_05_rendered_page_010.png,step_05_rendered_page_010.png,.png,figure,data_interim,cross_town_or_not_applicable,811296,23aa1f3768bfa44830a022125408891880d99747156214add3cf2c7be3a8912a,2026-10-01T02:41:49.345231+00:00,True,False
c3fe4bec738d,data/interim/step_05_rendered_page_004.png,step_05_rendered_page_004.png,.png,figure,data_interim,cross_town_or_not_applicable,746381,de1f4e14b5d55a2651469067c8a98aaa2bd4eb96f48e8e8dfd1d21b9bdd53b6b,2026-10-01T02:41:33.524315+00:00,True,False
89c06982ebbb,data/interim/step_16_district_overlay_candidates.parquet,step_16_district_overlay_candidates.parquet,.parquet,tabular_data,data_interim,cross_town_or_not_applicable,6329,3ed89cc0d76e50d738d5e712fb030abab87b5225f6e849d1a27ead20b517b821,2026-10-01T02:48:51.675253+00:00,True,False
18e8ac71e142,data/interim/step_05_preprocessed_page_067.png,step_05_preprocessed_page_067.png,.png,figure,data_interim,cross_town_or_not_applicable,96057,bed830be6e774d92620f6555febc915f544ef1abf40afe891c3bb9a3de093e7b,2026-10-01T02:43:06.881181+00:00,True,False
f4b8cad78507,data/interim/step_05_preprocessed_page_073.png,step_05_preprocessed_page_073.png,.png,figure,data_interim,cross_town_or_not_applicable,103737,f47108336d4d7dc45ba5ef64e77f815a1c3fb6fe683a380ac8f32fd719ce2920,2026-10-01T02:43:11.329211+00:00,True,False
9b349d408e95,data/interim/step_05_preprocessed_page_098.png,step_05_preprocessed_page_098.png,.png,figure,data_interim,cross_town_or_not_applicable,157112,db1f0ce7875d34cd3fe58c6f23ce1c3ccf89e9bd63e9052b6a64079e3d02f071,2026-10-01T02:43:44.536399+00:00,True,False
fcc6200a029f,data/interim/step_05_rendered_page_212.png,step_05_rendered_page_212.png,.png,figure,data_interim,cross_town_or_not_applicable,916241,b1cac7b4434a489aa4c24bf5ebc7acd73a5616d6ec2d81c571f821ceae4c89ab,2026-10-01T02:46:23.800850+00:00,True,False
8d770a46b840,data/interim/step_05_rendered_page_206.png,step_05_rendered_page_206.png,.png,figure,data_interim,cross_town_or_not_applicable,434232,5a5e27109ce9461661dbda04961f91f116db4124c54a9a5879257c404410baa8,2026-10-01T02:46:18.834512+00:00,True,False
e54784ce4523,data/interim/step_05_rendered_page_207.png,step_05_rendered_page_207.png,.png,figure,data_interim,cross_town_or_not_applicable,408232,17b974d71d7a49da0e78f38482cbe4809ac6bf762d2bb8a26d1a06bbae63f944,2026-10-01T02:46:19.396261+00:00,True,False
b6d388914413,data/interim/step_05_rendered_page_213.png,step_05_rendered_page_213.png,.png,figure,data_interim,cross_town_or_not_applicable,1186947,6585c25b4456403489cd017953b4e039ddd4130956358a255c6d20753e3871fc,2026-10-01T02:46:24.964990+00:00,True,False
d2a3c93a854b,data/interim/step_05_preprocessed_page_099.png,step_05_preprocessed_page_099.png,.png,figure,data_interim,cross_town_or_not_applicable,123622,f298aeefdde972bf038776237b4c2bc0ebf2da17b8d8601b20db4c8a1cc8bae3,2026-10-01T02:43:46.116708+00:00,True,False
6cb96753c252,data/interim/step_05_preprocessed_page_072.png,step_05_preprocessed_page_072.png,.png,figure,data_interim,cross_town_or_not_applicable,34969,25f9e394bc12c4f393c3448365589becf31aa03467c5fc2e5b781bac33b342c7,2026-10-01T02:43:11.145210+00:00,True,False
5bd8ddd2c8f1,data/interim/step_05_preprocessed_page_066.png,step_05_preprocessed_page_066.png,.png,figure,data_interim,cross_town_or_not_applicable,84925,6152ce1a453406a979fb7e79809b37d010e17e29ad23aaeb661669069562df33,2026-10-01T02:43:05.794832+00:00,True,False
7f5d5a637601,data/interim/step_05_rendered_page_005.png,step_05_rendered_page_005.png,.png,figure,data_interim,cross_town_or_not_applicable,806500,f87cfd80381a8feefb7af9b23ecbbae38a788401e1ca4c1bdf0f9cdc063b8753,2026-10-01T02:41:36.038714+00:00,True,False
dd69af4e1568,data/interim/step_05_rendered_page_011.png,step_05_rendered_page_011.png,.png,figure,data_interim,cross_town_or_not_applicable,46656,74b1300ad6e2579523c9e9069b96f186323ad92d8473b267144e46b42614f324,2026-10-01T02:41:51.387633+00:00,True,False
c7783408359f,data/interim/step_05_rendered_page_039.png,step_05_rendered_page_039.png,.png,figure,data_interim,cross_town_or_not_applicable,1343131,3bc9f426dd84301d80808bd237da0f21bfc4a778dd59174491fdc6ce8e84a0be,2026-10-01T02:42:35.655081+00:00,True,False
6d908332659f,data/interim/step_05_preprocessed_page_270.png,step_05_preprocessed_page_270.png,.png,figure,data_interim,cross_town_or_not_applicable,121656,2dcaf3b334a64e9186c8624821dcb611ce18718b3279e3d401d0bfc81b4bc8f1,2026-10-01T02:47:08.248740+00:00,True,False
019632758068,data/interim/step_05_preprocessed_page_264.png,step_05_preprocessed_page_264.png,.png,figure,data_interim,cross_town_or_not_applicable,84068,9b5fa68a4c1d1acbe297782cf083202f2f5142232bdcfe02171ffe49ec36a382,2026-10-01T02:47:03.662406+00:00,True,False
0a92dbf00774,data/interim/step_05_preprocessed_page_258.png,step_05_preprocessed_page_258.png,.png,figure,data_interim,cross_town_or_not_applicable,275188,de9813be91ab2d744301f517fdfe4c6149bb5e69c573ab258457a296b8aae31e,2026-10-01T02:46:58.897852+00:00,True,False
25de256712c4,data/interim/step_05_rendered_page_171.png,step_05_rendered_page_171.png,.png,figure,data_interim,cross_town_or_not_applicable,1189766,e811824ea62c4d5e84f62b69fc8250f5f8b8f944a49c3df16f7ba531864274eb,2026-10-01T02:45:39.014703+00:00,True,False
92d2b6c3a998,data/interim/step_05_rendered_page_165.png,step_05_rendered_page_165.png,.png,figure,data_interim,cross_town_or_not_applicable,1150136,90d1dc103bf4fc88d325257a184fd2a0e283bb0223dd1b08934d9a01cf6f719d,2026-10-01T02:45:30.959209+00:00,True,False
c14439f37e64,data/interim/step_05_rendered_page_159.png,step_05_rendered_page_159.png,.png,figure,data_interim,cross_town_or_not_applicable,1288769,e5053c3f88cc2ca541cb27c96fcd4c9d4820eb295419ff5dccf99f518b527db3,2026-10-01T02:45:21.051234+00:00,True,False
fde13deadf14,data/interim/step_05_preprocessed_page_304.png,step_05_preprocessed_page_304.png,.png,figure,data_interim,cross_town_or_not_applicable,139033,6bd7dc0e4f2b5c4c3f4d1631b636c125419a2fa2bdeb156aaa033bc4aa98a8ac,2026-10-01T02:47:41.670150+00:00,True,False
cf6dafffbf87,data/interim/step_05_preprocessed_page_310.png,step_05_preprocessed_page_310.png,.png,figure,data_interim,cross_town_or_not_applicable,139155,8fe88fd88cc1435a2a2d6bb37298ec9859179a2b4522b015691b8db483bb9f2c,2026-10-01T02:47:49.478703+00:00,True,False
78da157f885b,data/interim/step_03_native_text_spans.parquet,step_03_native_text_spans.parquet,.parquet,tabular_data,data_interim,cross_town_or_not_applicable,1304316,9571c32439812d18040c1f7a6bc4d5dd3ecff18f09c1f9ae2d3550a180ab2f2b,2026-10-01T02:41:19.793117+00:00,True,False
4990c8309322,data/interim/step_05_preprocessed_page_106.png,step_05_preprocessed_page_106.png,.png,figure,data_interim,cross_town_or_not_applicable,161281,cac4383efb098fa840020a3cedc1a6b86621067b915b2ab2a11a91611aa95aba,2026-10-01T02:43:56.892408+00:00,True,False
5a601351720c,data/interim/step_05_preprocessed_page_112.png,step_05_preprocessed_page_112.png,.png,figure,data_interim,cross_town_or_not_applicable,550603,d646b574bcb2400dc4d49e28d9ef49d61295a95841143f396ce28a93a42360fa,2026-10-01T02:44:06.779773+00:00,True,False
45e612308b90,data/interim/step_05_preprocessed_page_138.png,step_05_preprocessed_page_138.png,.png,figure,data_interim,cross_town_or_not_applicable,149132,652c73239babb7230288eb1cc9c7d8a2149fb4077d9fc1cf384512f54787324d,2026-10-01T02:44:51.218480+00:00,True,False
fa7d0b99cf4f,data/interim/step_05_preprocessed_page_104.png,step_05_preprocessed_page_104.png,.png,figure,data_interim,cross_town_or_not_applicable,129452,1198248e80bdfcce0b3cb3ec4dc2b9d3bcc9205b7051b399ccca1c26a082f348,2026-10-01T02:43:53.997740+00:00,True,False
81602f7ac4d0,data/interim/step_05_preprocessed_page_110.png,step_05_preprocessed_page_110.png,.png,figure,data_interim,cross_town_or_not_applicable,148421,f782b653a53cd511d94f84bba49e18356ccd360001657950385cdbf1acb3155f,2026-10-01T02:44:03.543844+00:00,True,False
fffd9a6f4a8a,data/interim/step_05_rendered_page_198.png,step_05_rendered_page_198.png,.png,figure,data_interim,cross_town_or_not_applicable,768602,c5f994b5c94162e9aab27134d505af3ce197746fa98af4b7a5f398caef8eeefb,2026-10-01T02:46:10.668190+00:00,True,False
7c3d839a05e2,data/interim/step_05_preprocessed_page_306.png,step_05_preprocessed_page_306.png,.png,figure,data_interim,cross_town_or_not_applicable,138436,16ad2945406e7fc5688112938c9ff74b7afd5f7756a6098577ffa3081eb2cd56,2026-10-01T02:47:44.329108+00:00,True,False
2ee3fbbd0cc0,data/interim/step_05_preprocessed_page_312.png,step_05_preprocessed_page_312.png,.png,figure,data_interim,cross_town_or_not_applicable,140472,7c5248d97e6d14114e133ecd65548ef37bb1caebc9583d11db1ddb8905a15ebd,2026-10-01T02:47:53.716655+00:00,True,False
158665589f29,data/interim/step_05_rendered_page_173.png,step_05_rendered_page_173.png,.png,figure,data_interim,cross_town_or_not_applicable,1245279,ab342218eef5c4e984067b138768e893e72764d3d9386641e8d6f9b4c441a6f3,2026-10-01T02:45:42.257139+00:00,True,False
4899a02010d9,data/interim/step_05_rendered_page_167.png,step_05_rendered_page_167.png,.png,figure,data_interim,cross_town_or_not_applicable,1171614,a160b823a3ab4ba9f9bc6397ab9dc8cf79e1386f9215f46cbaa5241629622e64,2026-10-01T02:45:33.738682+00:00,True,False
611a503ba79e,data/interim/step_05_preprocessed_page_272.png,step_05_preprocessed_page_272.png,.png,figure,data_interim,cross_town_or_not_applicable,122615,290182c8ddd7da65cac1aeab5e496f20e90637764a8eae1a2146503965a37641,2026-10-01T02:47:10.398643+00:00,True,False
a959c62d9953,data/interim/step_05_preprocessed_page_266.png,step_05_preprocessed_page_266.png,.png,figure,data_interim,cross_town_or_not_applicable,277331,22131350433990c446b5b77e049b03c348b66997977749602bc58c855de50786,2026-10-01T02:47:05.279379+00:00,True,False
98873a86460b,data/interim/step_05_preprocessed_page_299.png,step_05_preprocessed_page_299.png,.png,figure,data_interim,cross_town_or_not_applicable,137320,140d4e7a9cf0e5a4b1d8f956584a1cff4259c7b4f2a891d83a5ef03c9021eea1,2026-10-01T02:47:35.007938+00:00,True,False
81e9afd17732,data/interim/step_05_rendered_page_007.png,step_05_rendered_page_007.png,.png,figure,data_interim,cross_town_or_not_applicable,887283,269a125a9f9422a98f0bc8fae22226edf34ab377a14c460e0880aaace53de254,2026-10-01T02:41:41.580295+00:00,True,False
06a32db76506,data/interim/step_05_rendered_page_013.png,step_05_rendered_page_013.png,.png,figure,data_interim,cross_town_or_not_applicable,644997,c9cf72946e727a11dd19299c464ffee3ef4e96c04f55fd3129d260163b826029,2026-10-01T02:41:52.402440+00:00,True,False
0b25fcbcda2a,data/interim/step_05_preprocessed_page_058.png,step_05_preprocessed_page_058.png,.png,figure,data_interim,cross_town_or_not_applicable,35171,d3c79968c5549abcb72c8858e2925f5f2a4700a4edccf85e5cdd6451262a9f51,2026-10-01T02:42:58.708929+00:00,True,False
7c5925c0c587,data/interim/step_05_preprocessed_page_070.png,step_05_preprocessed_page_070.png,.png,figure,data_interim,cross_town_or_not_applicable,100824,f478d490c51acfc1a01b604b9624226a559d6993d284ec59f609b403262eaf9a,2026-10-01T02:43:09.719096+00:00,True,False
139370433b52,data/interim/step_05_preprocessed_page_064.png,step_05_preprocessed_page_064.png,.png,figure,data_interim,cross_town_or_not_applicable,35309,ec953c55e5df6ca4208982accf625f16066bcec47b01c553a08322517a096031,2026-10-01T02:43:04.578820+00:00,True,False
54ac8ceddc51,data/interim/step_05_rendered_page_239.png,step_05_rendered_page_239.png,.png,figure,data_interim,cross_town_or_not_applicable,43538,bb7a35e2e5cdd07c7e69bd6cf848f98756d23772f5c53359ea058a2be8b8e34a,2026-10-01T02:46:50.480311+00:00,True,False
1ae796623ef7,data/interim/step_05_rendered_page_205.png,step_05_rendered_page_205.png,.png,figure,data_interim,cross_town_or_not_applicable,634240,3e320c7baa9bccca10aeef6c5448e02a04509faf45c94f14a13fb8b39dfdcc2e,2026-10-01T02:46:18.044304+00:00,True,False
66c0afec7617,data/interim/step_05_rendered_page_211.png,step_05_rendered_page_211.png,.png,figure,data_interim,cross_town_or_not_applicable,382422,bd2f7bfeea0510bfa182f12e5d1d560b25bdfe1ac914336aa425d075744c2e6a,2026-10-01T02:46:23.289205+00:00,True,False
aa589dcdb758,data/interim/step_06_unified_normalized_tokens.parquet,step_06_unified_normalized_tokens.parquet,.parquet,tabular_data,data_interim,cross_town_or_not_applicable,5552118,2a17feef04213bea47183a540b85086f31915ba533575ec03139bed48bf44e76,2026-10-01T02:48:04.607580+00:00,True,False
2ce8eadc3420,data/interim/step_05_rendered_page_210.png,step_05_rendered_page_210.png,.png,figure,data_interim,cross_town_or_not_applicable,923740,bc2a0c0fe4979eb44572471b6bba77e34528a4a03fd9ad7c0c93e7a74a1444d1,2026-10-01T02:46:22.255847+00:00,True,False
f96a2452add3,data/interim/step_05_rendered_page_204.png,step_05_rendered_page_204.png,.png,figure,data_interim,cross_town_or_not_applicable,721903,6160a01328634385ee654d6559ed313815b468e57b1504b05120228e2d1ef972,2026-10-01T02:46:16.995465+00:00,True,False
49fdc7d912cc,data/interim/step_05_rendered_page_238.png,step_05_rendered_page_238.png,.png,figure,data_interim,cross_town_or_not_applicable,340098,da0f3dea22811b1de2452d64e3150f9aebde4e4efcec1fafe447f478f9ac3bb7,2026-10-01T02:46:50.007676+00:00,True,False
0b5983de5d3b,data/interim/step_05_preprocessed_page_065.png,step_05_preprocessed_page_065.png,.png,figure,data_interim,cross_town_or_not_applicable,104001,d1117410ce382c12edc0dcd2bf795416c4cbf6e8b5e5fcf8d484d9ce6fb2c62d,2026-10-01T02:43:04.762398+00:00,True,False
2360120385ef,data/interim/step_05_preprocessed_page_071.png,step_05_preprocessed_page_071.png,.png,figure,data_interim,cross_town_or_not_applicable,42320,5d9007441d857615d8bcdb0d7699789e03ef67ef5e9cdb98fa3e0788889efbf9,2026-10-01T02:43:10.719071+00:00,True,False
20d11a22d066,data/interim/step_05_preprocessed_page_059.png,step_05_preprocessed_page_059.png,.png,figure,data_interim,cross_town_or_not_applicable,112589,21577b7c2356f30c639a920d0b8134b0ed73fe26e78a523db899b10e83b188bd,2026-10-01T02:42:58.894736+00:00,True,False
26881e2338f8,data/interim/step_05_rendered_page_012.png,step_05_rendered_page_012.png,.png,figure,data_interim,cross_town_or_not_applicable,690691,5d546a079b36b73559bb0dc188d2e3bf17f61ad5e7277e7602c9c1d4d007eec7,2026-10-01T02:41:51.580738+00:00,True,False
2bd3907668b6,data/interim/step_05_rendered_page_006.png,step_05_rendered_page_006.png,.png,figure,data_interim,cross_town_or_not_applicable,806452,4f99c70a9b9336b3572f1913744a7fed7a8c86db358bd89a6a9e0601291d6e1d,2026-10-01T02:41:39.112293+00:00,True,False
bcd6b22e655e,data/interim/step_05_preprocessed_page_298.png,step_05_preprocessed_page_298.png,.png,figure,data_interim,cross_town_or_not_applicable,135624,7b74019e5d90ab4c70c1a0acd1958e2bd2d86c9fabb78d8c91374fbccfb9caf0,2026-10-01T02:47:33.784880+00:00,True,False
da8c0e874190,data/interim/step_05_preprocessed_page_267.png,step_05_preprocessed_page_267.png,.png,figure,data_interim,cross_town_or_not_applicable,304095,6d187194ae2aea607fc6f8f6d5aa50c500a9ce5001891af5e51eb6bffc10828f,2026-10-01T02:47:06.019558+00:00,True,False
a971cbe450cb,data/interim/step_05_preprocessed_page_273.png,step_05_preprocessed_page_273.png,.png,figure,data_interim,cross_town_or_not_applicable,138880,57cb087e9b73eaa9029aadec9bc25a6277325fd9fcdc5165f847c21feb64b51c,2026-10-01T02:47:10.984578+00:00,True,False
8eaf76650e75,data/interim/step_05_rendered_page_166.png,step_05_rendered_page_166.png,.png,figure,data_interim,cross_town_or_not_applicable,1070026,a7acdeaa1ada2bf062cfeedb680d15a03e277817ec1c5749f6f31e53139bdff2,2026-10-01T02:45:32.383491+00:00,True,False
7fa0ef2da8af,data/interim/step_05_rendered_page_172.png,step_05_rendered_page_172.png,.png,figure,data_interim,cross_town_or_not_applicable,1301410,39e1a0caf212304002c2f3f26724c946e53732d47245baff88f97f911a60ffb4,2026-10-01T02:45:40.579267+00:00,True,False
7a721235c513,data/interim/step_05_preprocessed_page_313.png,step_05_preprocessed_page_313.png,.png,figure,data_interim,cross_town_or_not_applicable,53656,79d7b8fba51af6c07ee27dc3c98f34c96d7c371d789ccaec25bd2b44ac3110bd,2026-10-01T02:47:55.285227+00:00,True,False
7a4a05ce0c3a,data/interim/step_05_preprocessed_page_307.png,step_05_preprocessed_page_307.png,.png,figure,data_interim,cross_town_or_not_applicable,139683,d7c7b5387cc0652ee8dc835d680572b9c8d464b529bec1c79016c787743ea0d8,2026-10-01T02:47:45.569757+00:00,True,False
270f3bbcaa19,data/interim/step_05_rendered_page_199.png,step_05_rendered_page_199.png,.png,figure,data_interim,cross_town_or_not_applicable,895647,9e42168994f6a4b4073b84e6d05e55df195d924a0b119ea25983f3da46239867,2026-10-01T02:46:11.617348+00:00,True,False
4e126a213d8f,data/interim/step_05_preprocessed_page_111.png,step_05_preprocessed_page_111.png,.png,figure,data_interim,cross_town_or_not_applicable,160177,4213a268d38a960eb7837eeda793bd2d10337e8cff3ab4e8e77516408b4b41e9,2026-10-01T02:44:05.097058+00:00,True,False
4e997498498e,data/interim/step_05_preprocessed_page_105.png,step_05_preprocessed_page_105.png,.png,figure,data_interim,cross_town_or_not_applicable,158050,241bda976783ea125219edeaafe31db977ab428e781c89149f5fd7e83debc614,2026-10-01T02:43:55.277179+00:00,True,False
0f2f1ed4f977,data/interim/step_05_preprocessed_page_139.png,step_05_preprocessed_page_139.png,.png,figure,data_interim,cross_town_or_not_applicable,155617,8044f7bde507a4ae2edc0ccf2194d1f8ea5b2e79078b31ce2157eb9b21e80a02,2026-10-01T02:44:53.041282+00:00,True,False
8577984e60a5,data/interim/step_05_preprocessed_page_120.png,step_05_preprocessed_page_120.png,.png,figure,data_interim,cross_town_or_not_applicable,152111,d827d46be488b8ad10d129643b5522133e3d4ba95e7098d9687ebd8a6296eff1,2026-10-01T02:44:20.414673+00:00,True,False
ce6e206b5f80,data/interim/step_16_district_linked_references.parquet,step_16_district_linked_references.parquet,.parquet,tabular_data,data_interim,cross_town_or_not_applicable,5895,047e011da44ac4e18232a2c681f379e551abb1a9a16fee4840fe80144f1977b9,2026-10-01T02:48:51.671941+00:00,True,False
4895c60330ad,data/interim/step_05_preprocessed_page_134.png,step_05_preprocessed_page_134.png,.png,figure,data_interim,cross_town_or_not_applicable,175858,aca44043453c4c9e3ff76ec3bc462d23b24e6cdff0281995b0b8f3759801881a,2026-10-01T02:44:44.312250+00:00,True,False
056fd8feb54f,data/interim/step_05_preprocessed_page_108.png,step_05_preprocessed_page_108.png,.png,figure,data_interim,cross_town_or_not_applicable,140692,61357a97fb20072565e5515315248eb7f597a93b95683713b58db18139647de7,2026-10-01T02:44:00.476884+00:00,True,False
2b9d0f456b83,data/interim/step_05_rendered_page_194.png,step_05_rendered_page_194.png,.png,figure,data_interim,cross_town_or_not_applicable,1230158,e39aa07f7147c66ff0ba09c2ddfa68ffd477fc3f693c1cd1b0e1514d0c089738,2026-10-01T02:46:05.779471+00:00,True,False
4c972f09eeb5,data/interim/step_05_rendered_page_180.png,step_05_rendered_page_180.png,.png,figure,data_interim,cross_town_or_not_applicable,1237656,f1b326981066861c00118e770be34de4f99812536d3d15f187142e14ac8c85da,2026-10-01T02:45:53.004180+00:00,True,False
c2551f18b894,data/interim/step_05_rendered_page_157.png,step_05_rendered_page_157.png,.png,figure,data_interim,cross_town_or_not_applicable,1217771,36984ae4fe3325485f09753f239c668a5c55800cd0df16115bfe59b93cf3ab7a,2026-10-01T02:45:18.046438+00:00,True,False
72a76ac78ec7,data/interim/step_05_rendered_page_143.png,step_05_rendered_page_143.png,.png,figure,data_interim,cross_town_or_not_applicable,640793,8aae86dbeb8ca464fd612474a3c5fa59cd9abe7218eba577911dae0208024188,2026-10-01T02:44:56.467963+00:00,True,False
ce821879de61,data/interim/step_05_preprocessed_page_256.png,step_05_preprocessed_page_256.png,.png,figure,data_interim,cross_town_or_not_applicable,12112,748b58efd7a6bd7ed3fa9364da167eb1f9e307fd6476b8de3fb1b57f3af228ac,2026-10-01T02:46:57.788375+00:00,True,False
2612220abcce,data/interim/step_05_preprocessed_page_242.png,step_05_preprocessed_page_242.png,.png,figure,data_interim,cross_town_or_not_applicable,51282,8092735ab8164d2925f08a8e9ee2dc5ab154294606a46b0f70b2ab7371ebc2a9,2026-10-01T02:46:51.389944+00:00,True,False
481f09e4f063,data/interim/step_05_preprocessed_page_295.png,step_05_preprocessed_page_295.png,.png,figure,data_interim,cross_town_or_not_applicable,143267,c06447158b59dae1d226c2a579fde2a1a2c9852e122f9631039b8d1b7af7efd9,2026-10-01T02:47:29.433036+00:00,True,False
b2ac8b5bef20,data/interim/step_05_rendered_page_023.png,step_05_rendered_page_023.png,.png,figure,data_interim,cross_town_or_not_applicable,1470759,dcd6ebd930ee9a3e2dcda3dd11c3ac2d0e269550c78d84ce1ecfec3e6455c5fc,2026-10-01T02:42:06.288088+00:00,True,False
f943c5ba1fba,data/interim/step_05_rendered_page_037.png,step_05_rendered_page_037.png,.png,figure,data_interim,cross_town_or_not_applicable,1474803,d449671b90a9afb51914b399a6372b7bbf2e45324298a4c1215a158ff2a5b5b9,2026-10-01T02:42:32.229121+00:00,True,False
be086989e827,data/interim/step_05_preprocessed_page_281.png,step_05_preprocessed_page_281.png,.png,figure,data_interim,cross_town_or_not_applicable,136452,1d20eab8804885ac736c5920c95d024b1a05e744eb2a85e0775c596020369a4d,2026-10-01T02:47:17.293210+00:00,True,False
5b5c7b3d60c9,data/interim/step_05_preprocessed_page_054.png,step_05_preprocessed_page_054.png,.png,figure,data_interim,cross_town_or_not_applicable,10557,d2202c475d9477babfd131809244c06cfeee235b2d57ae56ee4cbc3f54c293bb,2026-10-01T02:42:55.640762+00:00,True,False
f51f740f5ff0,data/interim/step_05_preprocessed_page_040.png,step_05_preprocessed_page_040.png,.png,figure,data_interim,cross_town_or_not_applicable,137561,cb7397a83ba41f5080be1d31262a767045ae4e49723358bea8486274a46eb94a,2026-10-01T02:42:37.430000+00:00,True,False
46b19fdd5678,data/interim/step_05_preprocessed_page_068.png,step_05_preprocessed_page_068.png,.png,figure,data_interim,cross_town_or_not_applicable,72444,6a51f7f5bbc5ea162c564f047a8010380117d3826ebe2125c3ed1e5c97491745,2026-10-01T02:43:07.803762+00:00,True,False
8d0b9b425ccd,data/interim/step_05_rendered_page_221.png,step_05_rendered_page_221.png,.png,figure,data_interim,cross_town_or_not_applicable,1091410,f3a6660cf50daef3c0df0bf3293f59250a4b184923380924cd7e8c5f9b85b195,2026-10-01T02:46:35.227456+00:00,True,False
805ae2e8e03f,data/interim/step_05_preprocessed_page_097.png,step_05_preprocessed_page_097.png,.png,figure,data_interim,cross_town_or_not_applicable,150910,6dfc8f8f26c7b12d0d82879539da58419c436c884816d5bd0a380133f571b277,2026-10-01T02:43:42.972379+00:00,True,False
52b1ed861713,data/interim/step_05_preprocessed_page_083.png,step_05_preprocessed_page_083.png,.png,figure,data_interim,cross_town_or_not_applicable,47266,1fc410846a0ca2ca682e7ee94a60c2d2c302a80212b365350a93329dfd3eeb0a,2026-10-01T02:43:23.653120+00:00,True,False
09067fcfd56f,data/interim/step_05_rendered_page_235.png,step_05_rendered_page_235.png,.png,figure,data_interim,cross_town_or_not_applicable,1157202,2fbeea9809c621b3780dfe31edfadef86051a55b54599a33a9ce0b376179d014,2026-10-01T02:46:45.803900+00:00,True,False
1b44fd6b42e8,data/interim/step_05_rendered_page_209.png,step_05_rendered_page_209.png,.png,figure,data_interim,cross_town_or_not_applicable,1121849,e1d6e20ccd103ba0fd0460b6c6511444cbf77d495be04735b068417581213c12,2026-10-01T02:46:20.885737+00:00,True,False
73b8eaa0fcd5,data/interim/step_05_rendered_page_208.png,step_05_rendered_page_208.png,.png,figure,data_interim,cross_town_or_not_applicable,775192,a7fdef699b9c569384c28d1074be3e08f585d80299cd5df827b2d7f30b58985c,2026-10-01T02:46:19.949192+00:00,True,False
8f6d11c97939,data/interim/step_05_rendered_page_234.png,step_05_rendered_page_234.png,.png,figure,data_interim,cross_town_or_not_applicable,792150,47dc6aa5c7fa695f9b1a833198a28b27dcff9c5a7bd7c31589fb3a5ff6f56438,2026-10-01T02:46:44.765447+00:00,True,False
325d955080af,data/interim/step_05_preprocessed_page_082.png,step_05_preprocessed_page_082.png,.png,figure,data_interim,cross_town_or_not_applicable,145452,22ca74b79e865b28ca5b0a37093c86f05be09b4cc44e8a113bd406698f0d4e01,2026-10-01T02:43:22.179630+00:00,True,False
c38004064b54,data/interim/step_05_preprocessed_page_096.png,step_05_preprocessed_page_096.png,.png,figure,data_interim,cross_town_or_not_applicable,121614,e86dcf0506a03743675778ed17213b673e6eaf95bc688a5405f7efac1b029416,2026-10-01T02:43:41.792469+00:00,True,False
5f03ee4b4984,data/interim/step_05_rendered_page_220.png,step_05_rendered_page_220.png,.png,figure,data_interim,cross_town_or_not_applicable,1132381,1e1fabb8c0160d32f973ced027c7ffb7d4ddfb7e351ac4e65d902011ebdfa939,2026-10-01T02:46:33.761816+00:00,True,False
dbd3ec9e9137,data/interim/step_05_preprocessed_page_069.png,step_05_preprocessed_page_069.png,.png,figure,data_interim,cross_town_or_not_applicable,119168,3c0f02ae49cb77584541f2cca80bd8669f8cbea81d8f7121279d9582638c1e6c,2026-10-01T02:43:08.517466+00:00,True,False
f65d92bcd46c,data/interim/step_05_preprocessed_page_041.png,step_05_preprocessed_page_041.png,.png,figure,data_interim,cross_town_or_not_applicable,144094,f30304a9d78883247ad37b2d7b7ed4e5d38cf8e166cf0a80aebbdd26eabd4b58,2026-10-01T02:42:38.756919+00:00,True,False
1094e1c55a15,data/interim/step_05_preprocessed_page_055.png,step_05_preprocessed_page_055.png,.png,figure,data_interim,cross_town_or_not_applicable,120557,854cf5b65baef5d61de9bd3a45776ec5c5c041105d727cd69d7c9b7b75f4c286,2026-10-01T02:42:55.953262+00:00,True,False
73db5318c9df,data/interim/step_05_preprocessed_page_280.png,step_05_preprocessed_page_280.png,.png,figure,data_interim,cross_town_or_not_applicable,137932,584d1e7bba4468de7fd081dd428e4ed6d025e13ffe8837c0a8171cbcdb04c3c6,2026-10-01T02:47:16.363696+00:00,True,False
208c0e84f110,data/interim/step_05_rendered_page_036.png,step_05_rendered_page_036.png,.png,figure,data_interim,cross_town_or_not_applicable,1376386,f592f1a06a64d62f12b9a6061123189c131dd237bf633d955ff99b7e3ad4c709,2026-10-01T02:42:30.555151+00:00,True,False
ca623b647953,data/interim/step_05_rendered_page_022.png,step_05_rendered_page_022.png,.png,figure,data_interim,cross_town_or_not_applicable,1424373,c7393dc44e2c1a943201039987701aeebba057e2b423aa71f500e67e8debef6b,2026-10-01T02:42:04.582442+00:00,True,False
7cf39b092533,data/interim/step_05_preprocessed_page_294.png,step_05_preprocessed_page_294.png,.png,figure,data_interim,cross_town_or_not_applicable,142504,93738d709921c937272ccb1705c513e7e78d2768573138a2b9095b3b078fbda1,2026-10-01T02:47:28.209005+00:00,True,False
5e10c2b5e357,data/interim/step_05_preprocessed_page_243.png,step_05_preprocessed_page_243.png,.png,figure,data_interim,cross_town_or_not_applicable,49784,126f37247906b0369f3a7bae50f9ec56c8a3235d9872b891ae38fd1a2db8d009,2026-10-01T02:46:51.847839+00:00,True,False
fece7d809fe7,data/interim/step_05_preprocessed_page_257.png,step_05_preprocessed_page_257.png,.png,figure,data_interim,cross_town_or_not_applicable,295895,0bfa0b14fd16c630f2ff77d33a6143a0fc74cfc99932b59d5329fdda34a2e7fb,2026-10-01T02:46:57.956792+00:00,True,False
437eb9f18223,data/interim/step_05_rendered_page_142.png,step_05_rendered_page_142.png,.png,figure,data_interim,cross_town_or_not_applicable,1035923,a6d8527571ab667713bcdea901e0cb5f3696b1d34f43f0c07a461fced12a08da,2026-10-01T02:44:55.218182+00:00,True,False
f091c6216a92,data/interim/step_05_rendered_page_156.png,step_05_rendered_page_156.png,.png,figure,data_interim,cross_town_or_not_applicable,1301736,3ed52c9dad1be240fd1878cbae72f8fd1a2e353f70f1a60f1a44d22402275753,2026-10-01T02:45:16.511855+00:00,True,False
ad73aa57e2af,data/interim/step_05_rendered_page_181.png,step_05_rendered_page_181.png,.png,figure,data_interim,cross_town_or_not_applicable,807507,def4c45ebdcd6fe8947ee9b7acfd50c17018d07b35295cf16f1da1b70bf80a19,2026-10-01T02:45:54.507915+00:00,True,False
8de0f0e698b5,data/interim/step_05_rendered_page_195.png,step_05_rendered_page_195.png,.png,figure,data_interim,cross_town_or_not_applicable,868506,83700a82bbd0a417f983e2a9d752e78b84dd20b49ad310832ac4d60d8d5bf9e0,2026-10-01T02:46:07.873954+00:00,True,False
0d46f9abf8cb,data/interim/step_05_preprocessed_page_109.png,step_05_preprocessed_page_109.png,.png,figure,data_interim,cross_town_or_not_applicable,125410,aefbe4e023e3838f93b44daa9d33767779dd033370eaa9a05839011163c2627f,2026-10-01T02:44:02.266829+00:00,True,False
c061cd101990,data/interim/step_05_preprocessed_page_135.png,step_05_preprocessed_page_135.png,.png,figure,data_interim,cross_town_or_not_applicable,168611,288ea0b3a0622a5ddb6080f4b0c9941a47a7098bc1aeffc01fffe1da073e8e35,2026-10-01T02:44:46.072644+00:00,True,False
df3f3b6e49c5,data/interim/step_05_preprocessed_page_121.png,step_05_preprocessed_page_121.png,.png,figure,data_interim,cross_town_or_not_applicable,170583,33767e4e685b78d91c97a62b95715f9ed376a14679bb4a21b9cbe72b6dbcf6a1,2026-10-01T02:44:22.052907+00:00,True,False
a71c19cf51e3,data/interim/step_05_preprocessed_page_137.png,step_05_preprocessed_page_137.png,.png,figure,data_interim,cross_town_or_not_applicable,165509,999b83a0321a24fb4511ec6d4d8409376bef42d6bd2e3e15aea48baad281c244,2026-10-01T02:44:49.528710+00:00,True,False
5bce94e93eb2,data/interim/step_05_preprocessed_page_123.png,step_05_preprocessed_page_123.png,.png,figure,data_interim,cross_town_or_not_applicable,181170,3e2747934e6c5f1da91d66d29c3d96ee48e5faced6ba8ffc4a84cc1f65073f2f,2026-10-01T02:44:25.700225+00:00,True,False
726e9ef0fdc5,data/interim/step_05_rendered_page_183.png,step_05_rendered_page_183.png,.png,figure,data_interim,cross_town_or_not_applicable,1245642,ee24cc2ad336157ea0a6e41852bfb823b5824c4ea377d5af12adb07c7641ba6f,2026-10-01T02:45:55.933081+00:00,True,False
7b3c59ed138b,data/interim/step_05_rendered_page_197.png,step_05_rendered_page_197.png,.png,figure,data_interim,cross_town_or_not_applicable,612432,e3357c86aa43610ef54fcc21d327d3e6b27036af444fde9942c08c97b301bb5d,2026-10-01T02:46:09.912582+00:00,True,False
9a331b9ebad4,data/interim/step_05_preprocessed_page_309.png,step_05_preprocessed_page_309.png,.png,figure,data_interim,cross_town_or_not_applicable,141654,d76c59432b75182bdafb7aa4d9ce85e812f86fa2c68e81a6bd0d78aa2b4b1958,2026-10-01T02:47:48.166027+00:00,True,False
30a088ce219a,data/interim/step_05_rendered_page_140.png,step_05_rendered_page_140.png,.png,figure,data_interim,cross_town_or_not_applicable,61833,1258412102297d23c85787c25248bddb7e38a6a0c867ab0f7280274e881ae39e,2026-10-01T02:44:54.647268+00:00,True,False
b67cc242bea7,data/interim/step_05_rendered_page_154.png,step_05_rendered_page_154.png,.png,figure,data_interim,cross_town_or_not_applicable,1384022,769bc115dd209ceb6321881ecd5a35bea18f56c171c17641899608905a1d0aea,2026-10-01T02:45:13.271055+00:00,True,False
054e00912417,data/interim/step_05_rendered_page_168.png,step_05_rendered_page_168.png,.png,figure,data_interim,cross_town_or_not_applicable,967572,e46edba8e142b837f243d25a660f386a03405fe584480dd952acf515e6518b0a,2026-10-01T02:45:35.232832+00:00,True,False
99dcd8fb4777,data/interim/step_05_preprocessed_page_241.png,step_05_preprocessed_page_241.png,.png,figure,data_interim,cross_town_or_not_applicable,40425,75146558b2a7037e679c973ffbe0371b19f119c569a026f3180cbae01c840165,2026-10-01T02:46:51.110233+00:00,True,False
9627ec5c7c55,data/interim/step_05_preprocessed_page_255.png,step_05_preprocessed_page_255.png,.png,figure,data_interim,cross_town_or_not_applicable,60397,357fb13715bc1b25b49ed32da755464490617e470ea399ed90d61cf0b7bcd40d,2026-10-01T02:46:57.116665+00:00,True,False
504a35719edb,data/interim/step_05_preprocessed_page_269.png,step_05_preprocessed_page_269.png,.png,figure,data_interim,cross_town_or_not_applicable,129769,489f601cf688ded706c7b34e0cfb8bd7754a33789a31207a85e909ce7041ea49,2026-10-01T02:47:07.110533+00:00,True,False
44b0ef865008,data/interim/step_05_rendered_page_034.png,step_05_rendered_page_034.png,.png,figure,data_interim,cross_town_or_not_applicable,1375899,9f04c9c7fdcd41444bf8e570efd4f620b2edc25555a45fbd0ecb605a6525ca4f,2026-10-01T02:42:27.213352+00:00,True,False
a7bfa1daf3d7,data/interim/step_05_preprocessed_page_282.png,step_05_preprocessed_page_282.png,.png,figure,data_interim,cross_town_or_not_applicable,129787,dfbc47351d263a9de150db471d05350a574cf09e8149e4953d5176a10e47aa15,2026-10-01T02:47:17.767235+00:00,True,False
81417e68cff9,data/interim/step_05_preprocessed_page_296.png,step_05_preprocessed_page_296.png,.png,figure,data_interim,cross_town_or_not_applicable,139347,56b44a1c15f562a06970dfea104629b29b7ba0a373d124ccd887ad9aa432e938,2026-10-01T02:47:31.082624+00:00,True,False
8ee4f8bef1db,data/interim/step_05_rendered_page_020.png,step_05_rendered_page_020.png,.png,figure,data_interim,cross_town_or_not_applicable,1452713,89517742fc13b5b10121bd474e13a575faddf83acf6e58ea1c2f6b2ef688cbc8,2026-10-01T02:42:00.976292+00:00,True,False
aecc3fc99279,data/interim/step_05_rendered_page_008.png,step_05_rendered_page_008.png,.png,figure,data_interim,cross_town_or_not_applicable,742161,30b397f191bd64d7c88b501c2ef06f66d2017ca5ef5725af605ff2e976717db8,2026-10-01T02:41:44.303551+00:00,True,False
545409f417d0,data/interim/step_05_preprocessed_page_043.png,step_05_preprocessed_page_043.png,.png,figure,data_interim,cross_town_or_not_applicable,159709,0efcb2ca47ce55392ea958e89aa04008fecfa429070a1444fdf7267c29959e45,2026-10-01T02:42:42.135565+00:00,True,False
c689dfdd279f,data/interim/step_05_preprocessed_page_057.png,step_05_preprocessed_page_057.png,.png,figure,data_interim,cross_town_or_not_applicable,45367,1a97767dd9a1c0aba13308cadfee65d65994fa57507b5ad907d11929a4457bf3,2026-10-01T02:42:58.274245+00:00,True,False
0e1aa3271553,data/interim/step_05_preprocessed_page_080.png,step_05_preprocessed_page_080.png,.png,figure,data_interim,cross_town_or_not_applicable,530393,c637b14ae205903ec836ae39ae53a35f41f83275859ed3dfafac767381d1ef01,2026-10-01T02:43:19.154621+00:00,True,False
ca8bd4f40944,data/interim/step_05_rendered_page_236.png,step_05_rendered_page_236.png,.png,figure,data_interim,cross_town_or_not_applicable,1187643,04b03b2b303b0c7959b0efedb0fb14a680cd765b2e991c09e3a6ae64b62254f7,2026-10-01T02:46:47.302900+00:00,True,False
9426a31d2867,data/interim/step_05_rendered_page_222.png,step_05_rendered_page_222.png,.png,figure,data_interim,cross_town_or_not_applicable,347893,5c362e678d4a76694aedea2406578b363a4169da4d7cc3c5e53209e5a27c5fc0,2026-10-01T02:46:36.516435+00:00,True,False
cf06e5cf3833,data/interim/step_05_preprocessed_page_094.png,step_05_preprocessed_page_094.png,.png,figure,data_interim,cross_town_or_not_applicable,128737,3226a97889f19d81747d2ec2a462a13915fa4d7da117d28174be52d915e6572c,2026-10-01T02:43:38.713403+00:00,True,False
293917437609,data/interim/step_05_preprocessed_page_095.png,step_05_preprocessed_page_095.png,.png,figure,data_interim,cross_town_or_not_applicable,156832,832777793b6f1a7450775fe2ed4e3dc5839f1470474f9a476cd3689aa573b622,2026-10-01T02:43:40.023651+00:00,True,False
0b26eaa684a9,data/interim/step_05_rendered_page_223.png,step_05_rendered_page_223.png,.png,figure,data_interim,cross_town_or_not_applicable,1061507,6815e0f7ee446bbe0bd9899ffe305750429b08280aace2c1427cdb3fc587874b,2026-10-01T02:46:37.020269+00:00,True,False
de28ef55abd3,data/interim/step_05_rendered_page_237.png,step_05_rendered_page_237.png,.png,figure,data_interim,cross_town_or_not_applicable,687878,df484170881cec9f6679a94c84f147b741482df323e9c74bc35f4ebcef3925e5,2026-10-01T02:46:49.144324+00:00,True,False
16d2384b9593,data/interim/step_05_preprocessed_page_081.png,step_05_preprocessed_page_081.png,.png,figure,data_interim,cross_town_or_not_applicable,148598,2664efa52d38aaac4bcf5e3f2fb6497a841bdf7f48679cf4775ff86f2e167317,2026-10-01T02:43:20.655361+00:00,True,False
826cf482ad94,data/interim/step_05_ocr_word_tokens.parquet,step_05_ocr_word_tokens.parquet,.parquet,tabular_data,data_interim,cross_town_or_not_applicable,2786145,c3ed8f3ccad9f6b3baee3529052effafa20790979cbef806c4dd0b00abff1d54,2026-10-01T02:48:03.666197+00:00,True,False
24f2e5be1826,data/interim/step_05_preprocessed_page_056.png,step_05_preprocessed_page_056.png,.png,figure,data_interim,cross_town_or_not_applicable,103218,6d95e10ff47697909025822954dd91db01b884f8ec1c12f8edda9f217ef3d56b,2026-10-01T02:42:57.253592+00:00,True,False
2768e131da6f,data/interim/step_05_preprocessed_page_042.png,step_05_preprocessed_page_042.png,.png,figure,data_interim,cross_town_or_not_applicable,152080,48882c054abbd7c8f8a0f73129dfcb5e5d3f5213bc3b99023fb04d3d68ec0e3f,2026-10-01T02:42:40.241769+00:00,True,False
0451b798a7e4,data/interim/step_05_rendered_page_009.png,step_05_rendered_page_009.png,.png,figure,data_interim,cross_town_or_not_applicable,791076,475b8959dfe6aedbade1b8eacb337e1d51dfab37b99dc8545e979ea3b5abd90f,2026-10-01T02:41:46.638203+00:00,True,False
f2a4ebbc24f3,data/interim/step_05_rendered_page_021.png,step_05_rendered_page_021.png,.png,figure,data_interim,cross_town_or_not_applicable,1331235,0ba59f4ae59f770c06148335de97f6cac57eaea2880699dfbe58c6fb1e4a2f5b,2026-10-01T02:42:02.749985+00:00,True,False
6662aa78b0c0,data/interim/step_05_preprocessed_page_297.png,step_05_preprocessed_page_297.png,.png,figure,data_interim,cross_town_or_not_applicable,141395,c556023d816903ccbb635ddc8bb6f9abe586269f24a697f96cc98cac916d5107,2026-10-01T02:47:32.403148+00:00,True,False
da17ce65e2a6,data/interim/step_05_preprocessed_page_283.png,step_05_preprocessed_page_283.png,.png,figure,data_interim,cross_town_or_not_applicable,136632,58c90358cadbd32faaa28302f6f9faba9b0799054debf0fb959a5e960ff782ba,2026-10-01T02:47:18.706510+00:00,True,False
32c81b6499b1,data/interim/step_05_rendered_page_035.png,step_05_rendered_page_035.png,.png,figure,data_interim,cross_town_or_not_applicable,1342924,3a06c749ad80c050bb914afe11b8c8a3fc042a5d914dd77dffb6e3f7853c453e,2026-10-01T02:42:28.900540+00:00,True,False
3b0108654e0f,data/interim/step_05_preprocessed_page_268.png,step_05_preprocessed_page_268.png,.png,figure,data_interim,cross_town_or_not_applicable,29291,1ba28ef63ee73c9422b2aa4b41591f76341b3c3f4ed0f0603b64433154926969,2026-10-01T02:47:06.774964+00:00,True,False
fddb40acf12f,data/interim/step_05_preprocessed_page_254.png,step_05_preprocessed_page_254.png,.png,figure,data_interim,cross_town_or_not_applicable,66694,fb73677ffd47d5c821989092a3bde6ac7be29d012022bfc7f1dfbe0ecb0c8661,2026-10-01T02:46:56.534047+00:00,True,False
a8bd4ed6a534,data/interim/step_05_preprocessed_page_240.png,step_05_preprocessed_page_240.png,.png,figure,data_interim,cross_town_or_not_applicable,167746,f5cde0138dd27c01781ff7f27377ade4bef9de66b4bcc2831a3a6a8b9882f00b,2026-10-01T02:46:50.653160+00:00,True,False
b015b96e6174,data/interim/step_05_rendered_page_169.png,step_05_rendered_page_169.png,.png,figure,data_interim,cross_town_or_not_applicable,1174518,eb983e8a56e7250383d162dfecd8d62078055bcebb828ce6ec9557f1216ff1fc,2026-10-01T02:45:36.651276+00:00,True,False
8c9e2fa12515,data/interim/step_05_rendered_page_155.png,step_05_rendered_page_155.png,.png,figure,data_interim,cross_town_or_not_applicable,1378740,a32a8878577cdd3ce1dd390d479a195c0a790a3c3771fa3b11c02e6bf7ead63f,2026-10-01T02:45:14.943076+00:00,True,False
f288ded9c021,data/interim/step_05_rendered_page_141.png,step_05_rendered_page_141.png,.png,figure,data_interim,cross_town_or_not_applicable,248759,971079c8ffc66ee6ffa1e2072ee095d6da70c8c5faee9aa76a924dfc9be4fcc2,2026-10-01T02:44:54.836646+00:00,True,False
eb28d5bcd42d,data/interim/step_05_preprocessed_page_308.png,step_05_preprocessed_page_308.png,.png,figure,data_interim,cross_town_or_not_applicable,136335,daad1ea6d01dfa7f558a850431e0e144c45e844a99eec1630a90bd41ee884af3,2026-10-01T02:47:46.949095+00:00,True,False
c03f572e7f85,data/interim/step_05_rendered_page_196.png,step_05_rendered_page_196.png,.png,figure,data_interim,cross_town_or_not_applicable,659848,83f64301b964e4cde9cd1cfeb894e59e4d2eefd03f122e2270daf881ad9c58aa,2026-10-01T02:46:09.114174+00:00,True,False
b6ae689ebe9b,data/interim/step_05_rendered_page_182.png,step_05_rendered_page_182.png,.png,figure,data_interim,cross_town_or_not_applicable,44418,705235b73301f7773cc3d3524b162a33307e69538f263b8c2d4df9f3efa66d86,2026-10-01T02:45:55.734675+00:00,True,False
308757819b42,data/interim/step_03_native_word_tokens.parquet,step_03_native_word_tokens.parquet,.parquet,tabular_data,data_interim,cross_town_or_not_applicable,3451735,6fda91b975beeee0130f6b3ec7518a4441d4b5e4d1bd7c152edc3eab2bdb118a,2026-10-01T02:41:19.766692+00:00,True,False
c1a27889d794,data/interim/step_18_district_metadata_geometry.geojson,step_18_district_metadata_geometry.geojson,.geojson,geospatial_data,data_interim,cross_town_or_not_applicable,2711910,ba6e30047cae8c8bcaa0748b54af1b46bc649e1e113c4378ce171ee12256e116,2026-10-01T02:48:52.759262+00:00,True,False
6384a3fb0bba,data/interim/step_05_preprocessed_page_122.png,step_05_preprocessed_page_122.png,.png,figure,data_interim,cross_town_or_not_applicable,171685,26b92f7bbbddf3072a8ec6a49df2bff50e43ac2ee6706a9dbab04bea21ba74f7,2026-10-01T02:44:23.824741+00:00,True,False
401b3f54f1fa,data/interim/step_05_preprocessed_page_136.png,step_05_preprocessed_page_136.png,.png,figure,data_interim,cross_town_or_not_applicable,158623,066da4e1866d13121646e502fd15a95325eff8acbf267c39159cdaff504f5d41,2026-10-01T02:44:47.844191+00:00,True,False
3c3df015f5dc,data/interim/step_05_preprocessed_page_132.png,step_05_preprocessed_page_132.png,.png,figure,data_interim,cross_town_or_not_applicable,144096,dac5f122e37c35e1bb06f1a9acce542bdbbb479a07f479499b51c6a13090270e,2026-10-01T02:44:40.802576+00:00,True,False
771d9a7ffe0c,data/interim/step_05_preprocessed_page_126.png,step_05_preprocessed_page_126.png,.png,figure,data_interim,cross_town_or_not_applicable,535353,81f790b15ac0d32d8a9445588d5d18784dd8aa71306f5d5c9b5821cbbb2528ec,2026-10-01T02:44:31.336776+00:00,True,False
044f911272da,data/interim/step_05_rendered_page_186.png,step_05_rendered_page_186.png,.png,figure,data_interim,cross_town_or_not_applicable,35631,754601720e5f3c8eeadc83e8e0dd2fa38a486ad4e5fbc745c90496f519f9f700,2026-10-01T02:45:59.344347+00:00,True,False
384c252aa849,data/interim/step_05_rendered_page_192.png,step_05_rendered_page_192.png,.png,figure,data_interim,cross_town_or_not_applicable,195022,40f6c3633e098ecc3110f02d42bf5406a52309fbb0d5e15f0bb05c294f762332,2026-10-01T02:46:03.550717+00:00,True,False
f1a6616f3cfe,data/interim/step_05_rendered_page_179.png,step_05_rendered_page_179.png,.png,figure,data_interim,cross_town_or_not_applicable,1269846,7f63ecb4369437526e0cdf1137b7cc60984e3adec00ee26283d320e1975f711d,2026-10-01T02:45:51.387577+00:00,True,False
eb3696b24123,data/interim/step_05_rendered_page_145.png,step_05_rendered_page_145.png,.png,figure,data_interim,cross_town_or_not_applicable,1248731,7bc2d6caf9a7d24244272322e889bd06097d2e11797c4a346f6ad09c992fd355,2026-10-01T02:44:58.830199+00:00,True,False
2739e5e11c06,data/interim/step_05_rendered_page_151.png,step_05_rendered_page_151.png,.png,figure,data_interim,cross_town_or_not_applicable,1333905,a8af8d8d7d63402c2962d962801f5a6bc2e2ef4bb36c4c9f70b28b1a1595d859,2026-10-01T02:45:07.905804+00:00,True,False
693a6b9f65f7,data/interim/step_05_preprocessed_page_278.png,step_05_preprocessed_page_278.png,.png,figure,data_interim,cross_town_or_not_applicable,138703,f2e599125cf4f6413e053d20a8d5d8ad167b7691bf12146b769d1714918133a0,2026-10-01T02:47:14.415711+00:00,True,False
6f267e6edfa2,data/interim/step_05_preprocessed_page_244.png,step_05_preprocessed_page_244.png,.png,figure,data_interim,cross_town_or_not_applicable,122411,0a043c00836fda9a96f345b4f8d2e2ce2531f678d9057bc518ffd7bc09a999e2,2026-10-01T02:46:52.315215+00:00,True,False
6cb1ee1802b0,data/interim/step_05_preprocessed_page_250.png,step_05_preprocessed_page_250.png,.png,figure,data_interim,cross_town_or_not_applicable,43432,1003ce99c926c55bcf620becf2d7f3dab356d4ee78d0836c0be30b8e2eed3725,2026-10-01T02:46:55.055455+00:00,True,False
d4ee41a42b35,data/interim/step_05_rendered_page_019.png,step_05_rendered_page_019.png,.png,figure,data_interim,cross_town_or_not_applicable,1327862,45f71642559642be9af13eee5a19eeccdaffa133cd814aebe40ed75e25c353cb,2026-10-01T02:41:59.237936+00:00,True,False
25b79dae9ee3,data/interim/step_05_rendered_page_031.png,step_05_rendered_page_031.png,.png,figure,data_interim,cross_town_or_not_applicable,1432746,10837f2848e5f6dfd7a11e2fcb92aea46638e468b51e5a562380d8d7f3f25005,2026-10-01T02:42:21.639011+00:00,True,False
519440c4d9bb,data/interim/step_05_preprocessed_page_287.png,step_05_preprocessed_page_287.png,.png,figure,data_interim,cross_town_or_not_applicable,128367,9448a01916feddbaaa61da7590ab7fd14a094b95cc5b9514dea331f37109da64,2026-10-01T02:47:23.077719+00:00,True,False
6a3eab641734,data/interim/step_05_preprocessed_page_293.png,step_05_preprocessed_page_293.png,.png,figure,data_interim,cross_town_or_not_applicable,133398,892ab5f8f4d876c5fa1198c9e6a6bc4de9da748a269b1574d8fd020a0c4b89f1,2026-10-01T02:47:26.905630+00:00,True,False
f133a3be0a91,data/interim/step_05_rendered_page_025.png,step_05_rendered_page_025.png,.png,figure,data_interim,cross_town_or_not_applicable,1477026,2326643201fbd24231c36c168d5c7ae5582bd777371b2c3d6be1825c98469a16,2026-10-01T02:42:09.928812+00:00,True,False
5e156d3dd479,data/interim/step_05_preprocessed_page_046.png,step_05_preprocessed_page_046.png,.png,figure,data_interim,cross_town_or_not_applicable,145045,ee3e1a8e004502541b68ae2aa2e7e3d94d0314fa568ab8166d08d1fb17743d41,2026-10-01T02:42:45.370823+00:00,True,False
93d40d53edc3,data/interim/step_05_preprocessed_page_052.png,step_05_preprocessed_page_052.png,.png,figure,data_interim,cross_town_or_not_applicable,153641,ec9560e7d84f156b9243b8732e4ce988d1733f61fc50937570169152bba8ce5e,2026-10-01T02:42:53.746068+00:00,True,False
d0eaa6799e20,data/interim/step_05_preprocessed_page_085.png,step_05_preprocessed_page_085.png,.png,figure,data_interim,cross_town_or_not_applicable,148949,85dba194157c4e440a950b5e98d3394932ce76c09e2ba68088f2cca121331dac,2026-10-01T02:43:25.779778+00:00,True,False
aa9166e6259e,data/interim/step_05_rendered_page_233.png,step_05_rendered_page_233.png,.png,figure,data_interim,cross_town_or_not_applicable,775833,99b55b5cad6e9b78d2a49eab5fc9f5a332958fc2f30e67f1754b0653b132e662,2026-10-01T02:46:43.556509+00:00,True,False
f2851453c2a4,data/interim/step_05_rendered_page_227.png,step_05_rendered_page_227.png,.png,figure,data_interim,cross_town_or_not_applicable,546780,e0efa34046a21808cb225a4c6947bb190bad07571acaacc15ee478995fdb1cd9,2026-10-01T02:46:41.175626+00:00,True,False
30d115dc5fd8,data/interim/step_05_preprocessed_page_091.png,step_05_preprocessed_page_091.png,.png,figure,data_interim,cross_town_or_not_applicable,162224,5f34ca5c1f497578193c2c7f5e29a0964cde79ddbb385c71065a685a5fab267a,2026-10-01T02:43:34.954655+00:00,True,False
498dff4cfa00,data/interim/step_05_preprocessed_page_090.png,step_05_preprocessed_page_090.png,.png,figure,data_interim,cross_town_or_not_applicable,169541,66ebd1c8725c2197b012c581802a49cb34ff91d3081f055433010cc72bd6b2d0,2026-10-01T02:43:33.188230+00:00,True,False
03128240cd6f,data/interim/step_05_rendered_page_226.png,step_05_rendered_page_226.png,.png,figure,data_interim,cross_town_or_not_applicable,33845,526c2c6267d2d725efa33889f4b96c7d481d07c396b0e6ab6ba71dc977756e78,2026-10-01T02:46:40.984987+00:00,True,False
37b5dc65e29b,data/interim/step_05_rendered_page_232.png,step_05_rendered_page_232.png,.png,figure,data_interim,cross_town_or_not_applicable,34429,165a072b83d29e4bb537e87bb185f8eca98fe15e17b95db8349f6ac34a4965d4,2026-10-01T02:46:43.360620+00:00,True,False
5cac08051d88,data/interim/step_05_preprocessed_page_084.png,step_05_preprocessed_page_084.png,.png,figure,data_interim,cross_town_or_not_applicable,138780,f4da5f3b3c4270d93525a934ac74f0c6ae80fcc79dd3db62bba55125fa9d9da6,2026-10-01T02:43:24.172373+00:00,True,False
356ac7d7ba8d,data/interim/step_05_preprocessed_page_053.png,step_05_preprocessed_page_053.png,.png,figure,data_interim,cross_town_or_not_applicable,20998,fd77e8f01b7750e260e7ccacefbab45661cb4192969e9281e69db67b1b1a30e5,2026-10-01T02:42:55.334187+00:00,True,False
de77ec0e56dd,data/interim/step_05_preprocessed_page_047.png,step_05_preprocessed_page_047.png,.png,figure,data_interim,cross_town_or_not_applicable,127950,c4d549293979ccc8dff8d118fd3dcf53f4108ab2d541e1a5cf7c68f17f8a0db0,2026-10-01T02:42:46.989767+00:00,True,False
285b00f685bf,data/interim/step_05_rendered_page_024.png,step_05_rendered_page_024.png,.png,figure,data_interim,cross_town_or_not_applicable,1422497,ea5b69bbb994c1dd463e3c7034e12ae380deeaebc0e0ffeca865f233f672b8e5,2026-10-01T02:42:08.131565+00:00,True,False
00eacdcbeab7,data/interim/step_05_preprocessed_page_292.png,step_05_preprocessed_page_292.png,.png,figure,data_interim,cross_town_or_not_applicable,143263,519532ddb1698ce5e59233a313d4647b39c628d8975e1258d9972e418a31812a,2026-10-01T02:47:25.670589+00:00,True,False
07a6da64cc16,data/interim/step_05_preprocessed_page_286.png,step_05_preprocessed_page_286.png,.png,figure,data_interim,cross_town_or_not_applicable,138438,6c6503db7cdce2a81172e4c1a3e470f2fb3f24c01cee285790b03d4ef4c6672f,2026-10-01T02:47:22.020987+00:00,True,False
d6c3c2394903,data/interim/step_05_rendered_page_030.png,step_05_rendered_page_030.png,.png,figure,data_interim,cross_town_or_not_applicable,1208735,76ad6cf42ad45b45796100ba75c4a83144cd6f36a9a236b86c7a76075017191e,2026-10-01T02:42:20.061576+00:00,True,False
56a1e44e7e0a,data/interim/step_05_rendered_page_018.png,step_05_rendered_page_018.png,.png,figure,data_interim,cross_town_or_not_applicable,1449065,279da4f547cc1ae2bb26b5185d9bbf9c0b43ecae54df47b303f0308afd79d462,2026-10-01T02:41:57.574664+00:00,True,False
9008c2b2c46e,data/interim/step_05_preprocessed_page_251.png,step_05_preprocessed_page_251.png,.png,figure,data_interim,cross_town_or_not_applicable,118076,21931463fcdbb6a8876da1f2df458b8e826d60c10fb5afe34de049d093d0377f,2026-10-01T02:46:55.305995+00:00,True,False
50162e7803f9,data/interim/step_05_preprocessed_page_245.png,step_05_preprocessed_page_245.png,.png,figure,data_interim,cross_town_or_not_applicable,248882,62fb521213217dba028c9b8c8bd3d28a3a0a0bec95d7a3b3b60ecb21cff56063,2026-10-01T02:46:52.652303+00:00,True,False
43a0731f5bce,data/interim/step_05_preprocessed_page_279.png,step_05_preprocessed_page_279.png,.png,figure,data_interim,cross_town_or_not_applicable,141091,458650c05d9dec0941ed143704338d5c1ac7f7eb28409073a3caeb6ab50fd77b,2026-10-01T02:47:15.610399+00:00,True,False
5b76ea9295fc,data/interim/step_05_rendered_page_150.png,step_05_rendered_page_150.png,.png,figure,data_interim,cross_town_or_not_applicable,1093212,4b1c3abd119906b8bf70b325991821a7034865f8c1915a93e26fb05c4fc9bb4f,2026-10-01T02:45:06.603983+00:00,True,False
2cb34dc2dbdb,data/interim/step_05_rendered_page_144.png,step_05_rendered_page_144.png,.png,figure,data_interim,cross_town_or_not_applicable,1310207,610f5aace7dd62bf10fa2461739aac7b360d3f641081bbc1acb404f59423e403,2026-10-01T02:44:57.206639+00:00,True,False
e6197988db25,data/interim/step_05_rendered_page_178.png,step_05_rendered_page_178.png,.png,figure,data_interim,cross_town_or_not_applicable,1292432,185a6ae076b9ca329262c5721b676f7a9c7e011361c8985f388c9a4ca6b10143,2026-10-01T02:45:49.761734+00:00,True,False
95e27781dd87,data/interim/step_05_rendered_page_193.png,step_05_rendered_page_193.png,.png,figure,data_interim,cross_town_or_not_applicable,1205788,658a2ecd6082a94bf4c93e207f7380f5dab54b7ef8a29aa9d0783aab85bb1bc1,2026-10-01T02:46:04.060787+00:00,True,False
5f63a08ad6c1,data/interim/step_05_rendered_page_187.png,step_05_rendered_page_187.png,.png,figure,data_interim,cross_town_or_not_applicable,1077035,a598d586d2abc5334a9fd600a1e06e5216c943fe73e3819ec79be826c96fcb4b,2026-10-01T02:45:59.535553+00:00,True,False
c0f1dc56beeb,data/interim/step_05_preprocessed_page_127.png,step_05_preprocessed_page_127.png,.png,figure,data_interim,cross_town_or_not_applicable,144759,17d6f0d426f7c29f52a4d2a07800b43c33c928e2be919f9c29cfdab2a24272ff,2026-10-01T02:44:32.939923+00:00,True,False
ae007307d156,data/interim/step_05_preprocessed_page_133.png,step_05_preprocessed_page_133.png,.png,figure,data_interim,cross_town_or_not_applicable,153578,43532354520dcf62ec91857afb461c435c0c2ee064f769e61ea4348e5176ad11,2026-10-01T02:44:42.600113+00:00,True,False
37b43c17827c,data/interim/step_05_preprocessed_page_119.png,step_05_preprocessed_page_119.png,.png,figure,data_interim,cross_town_or_not_applicable,136044,5375146bbb1d5c0d7663cb922ac4e4bcf926f322c7fcf5c644311b402c640acd,2026-10-01T02:44:18.810097+00:00,True,False
212791580b09,data/interim/step_05_preprocessed_page_125.png,step_05_preprocessed_page_125.png,.png,figure,data_interim,cross_town_or_not_applicable,147118,a08e32d60db6983299c5249f006176c46edc6bdb33f25de54da3b2ea013528ac,2026-10-01T02:44:29.499958+00:00,True,False
019f1fbf98e5,data/interim/step_05_preprocessed_page_131.png,step_05_preprocessed_page_131.png,.png,figure,data_interim,cross_town_or_not_applicable,162982,aef901ef82dd8d96783ca5ce3dfd91438a98f13679419032205f23472d95a5e8,2026-10-01T02:44:38.991785+00:00,True,False
a0463a8fa8e5,data/interim/step_09_table_cells.parquet,step_09_table_cells.parquet,.parquet,tabular_data,data_interim,cross_town_or_not_applicable,93034,276d2eea29f64223c72635d7ee44505e50481ba70d5596f22fceb07f0e4980ac,2026-10-01T02:48:34.245344+00:00,True,True
0a3fc34bceb8,data/interim/step_05_rendered_page_191.png,step_05_rendered_page_191.png,.png,figure,data_interim,cross_town_or_not_applicable,999827,f81f6394837c18c3b6e6af1a0b85e6f7c4be0eca7425d586bd6a14e04703b5e9,2026-10-01T02:46:02.333385+00:00,True,False
3ed8bb047e21,data/interim/step_05_rendered_page_185.png,step_05_rendered_page_185.png,.png,figure,data_interim,cross_town_or_not_applicable,279298,d573b892bcca795eefb89238ee0354e649d37fff730bc555675721e5f1a2bd9b,2026-10-01T02:45:58.955086+00:00,True,False
75a49a381e89,data/interim/step_05_rendered_page_152.png,step_05_rendered_page_152.png,.png,figure,data_interim,cross_town_or_not_applicable,1427015,530035a462677311ca28085c576df5775ed031195eb67750829d13669b5db5b0,2026-10-01T02:45:09.585460+00:00,True,False
8500d8ed7f83,data/interim/step_05_rendered_page_146.png,step_05_rendered_page_146.png,.png,figure,data_interim,cross_town_or_not_applicable,1290585,1cc6a92de6da118cf78f29cfc0fba41042fcc58720dd5ff8d0a54d98617e402a,2026-10-01T02:45:00.442305+00:00,True,False
71c767f75bf3,data/interim/step_05_preprocessed_page_253.png,step_05_preprocessed_page_253.png,.png,figure,data_interim,cross_town_or_not_applicable,60239,3fde38a8591cb372951c7ece247b71e7926d12cc8bc80b01d82ccff97b058b88,2026-10-01T02:46:55.949910+00:00,True,False
02e8f250f17b,data/interim/step_05_preprocessed_page_247.png,step_05_preprocessed_page_247.png,.png,figure,data_interim,cross_town_or_not_applicable,464333,d0df0fb06a360859513bde7f712ced34aa9825d4df9a949dc56ead6dfe212b18,2026-10-01T02:46:53.634877+00:00,True,False
0ca5a90ce7c8,data/interim/step_05_preprocessed_page_290.png,step_05_preprocessed_page_290.png,.png,figure,data_interim,cross_town_or_not_applicable,106787,27e5dc0c003f4abdc19f55210f6f95917742112befff112128d6fe49dbda4f41,2026-10-01T02:47:24.490185+00:00,True,False
1acdb6f27b1d,data/interim/step_05_rendered_page_026.png,step_05_rendered_page_026.png,.png,figure,data_interim,cross_town_or_not_applicable,1390444,f94ec450f3c19e14cc028596cade8b9bd4fd1e35f07998916ad492ab5cac509f,2026-10-01T02:42:11.744285+00:00,True,False
555058f4300e,data/interim/step_05_rendered_page_032.png,step_05_rendered_page_032.png,.png,figure,data_interim,cross_town_or_not_applicable,1208449,8d7b4528851a20e6516edbfcc2fd0588ac0db75946d36f3940c0daa1ed735f44,2026-10-01T02:42:23.355386+00:00,True,False
a7e17f43cc5f,data/interim/step_05_preprocessed_page_284.png,step_05_preprocessed_page_284.png,.png,figure,data_interim,cross_town_or_not_applicable,138950,090df675f9d2fdbcfa808dad0581b66317770f8dbcf4d09bc2f7c1caa3a55cfc,2026-10-01T02:47:20.077619+00:00,True,False
434733fe1715,data/interim/step_05_preprocessed_page_079.png,step_05_preprocessed_page_079.png,.png,figure,data_interim,cross_town_or_not_applicable,154628,ef5378ab665f3b090e91c703a313c2f8fc24341ae27bc1b214f7f73d9429a0d6,2026-10-01T02:43:17.448468+00:00,True,False
4cf8f77fb5b6,data/interim/step_05_preprocessed_page_051.png,step_05_preprocessed_page_051.png,.png,figure,data_interim,cross_town_or_not_applicable,133467,5dde9ba13c947851d0358feb2a75079f23814fd70e7a14dca78e067e77a461eb,2026-10-01T02:42:52.279279+00:00,True,False
6bdc741b488a,data/interim/step_05_preprocessed_page_045.png,step_05_preprocessed_page_045.png,.png,figure,data_interim,cross_town_or_not_applicable,34194,42080f2fb6be7adf2b5e7fb862eebf93155dd5fc372b2289764d589388e33dcc,2026-10-01T02:42:44.987843+00:00,True,False
858e9bbd64ff,data/interim/step_05_rendered_page_218.png,step_05_rendered_page_218.png,.png,figure,data_interim,cross_town_or_not_applicable,35383,e7e2f2791a10d6f677f8322ad8de60e690f2d001aee8bb71f85d6f4dc8eb70a0,2026-10-01T02:46:32.255778+00:00,True,False
47fdad6c51db,data/interim/step_05_rendered_page_224.png,step_05_rendered_page_224.png,.png,figure,data_interim,cross_town_or_not_applicable,861674,bb14ef7b6fcefda7f1038c721da911196433375e363116fe5e95a0a242274b48,2026-10-01T02:46:38.671421+00:00,True,False
59a674e29286,data/interim/step_05_preprocessed_page_092.png,step_05_preprocessed_page_092.png,.png,figure,data_interim,cross_town_or_not_applicable,92702,74fc9c4650957e9730dbcea83e664968ee9cf90cab65cb501d7b5ad093753356,2026-10-01T02:43:36.638479+00:00,True,False
a16405079192,data/interim/step_05_preprocessed_page_086.png,step_05_preprocessed_page_086.png,.png,figure,data_interim,cross_town_or_not_applicable,153981,c58d31b870df43fff6af184513ce7a3db51588bcddfbe06dc0e1a77e84808694,2026-10-01T02:43:27.606831+00:00,True,False
2d30bffa1edd,data/interim/step_05_rendered_page_230.png,step_05_rendered_page_230.png,.png,figure,data_interim,cross_town_or_not_applicable,36537,b1fe17ebc01bac9d8627857bf158e89bbdeb428ff491b29bf9e67a662d297a55,2026-10-01T02:46:42.481200+00:00,True,False
4231d1dd295f,data/interim/step_05_rendered_page_231.png,step_05_rendered_page_231.png,.png,figure,data_interim,cross_town_or_not_applicable,557058,8d191d2952fc3704ec72a5ffe64159979cbe9f5a77a97e9ed5d8debf017b9ed8,2026-10-01T02:46:42.670288+00:00,True,False
89244f8f73a7,data/interim/step_05_preprocessed_page_087.png,step_05_preprocessed_page_087.png,.png,figure,data_interim,cross_town_or_not_applicable,578902,ef39650f0ff5cedf69f21f9b5b4005f69d56806bfd77e60d7e1ebf59f11e14d6,2026-10-01T02:43:29.307141+00:00,True,False
f58d0f3186b1,data/interim/step_05_preprocessed_page_093.png,step_05_preprocessed_page_093.png,.png,figure,data_interim,cross_town_or_not_applicable,101793,c9e73d58577f3207e416ab568e25a81f0972eaf491349aec73e29e0839509af3,2026-10-01T02:43:37.534668+00:00,True,False
0ab4c00ab851,data/interim/step_05_rendered_page_225.png,step_05_rendered_page_225.png,.png,figure,data_interim,cross_town_or_not_applicable,975774,7a9742c54adce2b7324bbdc2c7602165a3dcdccb61ae7f25d4bf354721a15b50,2026-10-01T02:46:39.638963+00:00,True,False
0aaa92a1edda,data/interim/step_05_rendered_page_219.png,step_05_rendered_page_219.png,.png,figure,data_interim,cross_town_or_not_applicable,1073674,6c0a02abd6057dc4c65e145d3b6f4e78917d6001ee037a3416740015dee8df4b,2026-10-01T02:46:32.455019+00:00,True,False
51c6ae379fa6,data/interim/step_05_preprocessed_page_044.png,step_05_preprocessed_page_044.png,.png,figure,data_interim,cross_town_or_not_applicable,114391,9b07eac647172651f3b3255040bc7ec37b89c4d1962ba28ac108daf27707fcf0,2026-10-01T02:42:43.788586+00:00,True,False
b691a1cecb28,data/interim/step_05_preprocessed_page_050.png,step_05_preprocessed_page_050.png,.png,figure,data_interim,cross_town_or_not_applicable,153639,06b822700d2739269adf8c8ca665f3027dc85f403bb18e44223ed190ed305328,2026-10-01T02:42:50.615513+00:00,True,False
6cf4fb12fef3,data/interim/step_05_preprocessed_page_078.png,step_05_preprocessed_page_078.png,.png,figure,data_interim,cross_town_or_not_applicable,163709,8252ff6c9e26c64ebb1c4e44881c67f3691cf4fbb774bdd13e38d380710d5ef2,2026-10-01T02:43:15.596133+00:00,True,False
d02b12fdaa41,data/interim/step_05_preprocessed_page_285.png,step_05_preprocessed_page_285.png,.png,figure,data_interim,cross_town_or_not_applicable,133078,267bece96f7fdec8290b897038e24c742eaefaeaa50dd898e306ab61a673f2dc,2026-10-01T02:47:21.010478+00:00,True,False
d2783ffb1fa2,data/interim/step_05_rendered_page_033.png,step_05_rendered_page_033.png,.png,figure,data_interim,cross_town_or_not_applicable,1377357,cb9c83b8b9ab92aa00aa6cd246f6f75b373ec20ba7230b71251152dba3827e98,2026-10-01T02:42:25.074609+00:00,True,False
64947dea2c1a,data/interim/step_05_rendered_page_027.png,step_05_rendered_page_027.png,.png,figure,data_interim,cross_town_or_not_applicable,1412444,a0265d981f50ba3a3bf11e3a372a2eee4c3a39efa88d666b03ca35e1954f3cc7,2026-10-01T02:42:13.742189+00:00,True,False
55e6cc30c488,data/interim/step_05_preprocessed_page_291.png,step_05_preprocessed_page_291.png,.png,figure,data_interim,cross_town_or_not_applicable,120425,5afc074ec54f1469f80768e86d7b07c4058d23d3b594b7819ea606406412539f,2026-10-01T02:47:24.877385+00:00,True,False
b348c2859ea0,data/interim/step_05_preprocessed_page_246.png,step_05_preprocessed_page_246.png,.png,figure,data_interim,cross_town_or_not_applicable,407495,e02e6afca204f4607836f6b87164dbc95b84963daa2009702cad2b62094b4412,2026-10-01T02:46:53.048573+00:00,True,False
ac7dcee3b911,data/interim/step_05_preprocessed_page_252.png,step_05_preprocessed_page_252.png,.png,figure,data_interim,cross_town_or_not_applicable,128916,576b8da281c29ca0a6613b4ba6f708020ebe4cdb02774bb7d87f218475ca44f3,2026-10-01T02:46:55.642355+00:00,True,False
65bb106d4d46,data/interim/step_05_rendered_page_147.png,step_05_rendered_page_147.png,.png,figure,data_interim,cross_town_or_not_applicable,1220492,0d89a0d7871b299576c79d22f8e0498dd97988326f8d925b4ca194af1e4f3c13,2026-10-01T02:45:02.074296+00:00,True,False
bf2cabc270bb,data/interim/step_05_rendered_page_153.png,step_05_rendered_page_153.png,.png,figure,data_interim,cross_town_or_not_applicable,1467291,4163bab28f1cb81e1ea5db8da93f19d740f40d8a81a68056ee85cb814c23317f,2026-10-01T02:45:11.376804+00:00,True,False
e1050f056e92,data/interim/step_05_rendered_page_184.png,step_05_rendered_page_184.png,.png,figure,data_interim,cross_town_or_not_applicable,1255177,e2182a009649612200a72921ebf739c90ffc65d139445f913cbb7e1334b38ea4,2026-10-01T02:45:57.476362+00:00,True,False
5c10ead327e9,data/interim/step_05_rendered_page_190.png,step_05_rendered_page_190.png,.png,figure,data_interim,cross_town_or_not_applicable,36190,de4f047cdf3b18f662172471fadef081bc44613ad4d2fdd6d3fd20d02f8504dd,2026-10-01T02:46:02.143912+00:00,True,False
71b05af662ab,data/interim/step_05_preprocessed_page_130.png,step_05_preprocessed_page_130.png,.png,figure,data_interim,cross_town_or_not_applicable,149168,5fa8d2ad803dc8364693e30786c810ee00fbb8ae01a420873ea06f66f7b6db05,2026-10-01T02:44:37.445006+00:00,True,False
c2014fa19d99,data/interim/step_05_preprocessed_page_124.png,step_05_preprocessed_page_124.png,.png,figure,data_interim,cross_town_or_not_applicable,181999,94ca00644b3c207965b75ba648a95364e28e5774299e3f725e29d368215cd9fc,2026-10-01T02:44:27.543043+00:00,True,False
94d152781ad0,data/interim/step_05_preprocessed_page_118.png,step_05_preprocessed_page_118.png,.png,figure,data_interim,cross_town_or_not_applicable,147784,8934f5c0a4a9179eb059bc1f91d217bd562b0fb2e849f874173e3f50a11ae269,2026-10-01T02:44:17.303505+00:00,True,False
288d8f6714e3,data/interim/step_05_preprocessed_page_143.png,step_05_preprocessed_page_143.png,.png,figure,data_interim,cross_town_or_not_applicable,74701,82f84b095577375da05ee976a310b9a7701ab53317c6c8b59cb7380da552c7a5,2026-10-01T02:44:56.472172+00:00,True,False
b3baa4750a18,data/interim/step_05_preprocessed_page_157.png,step_05_preprocessed_page_157.png,.png,figure,data_interim,cross_town_or_not_applicable,145060,d6901bb42f77925a3bc1af91f78d7c06f2037eb77bc5da4dedcc756916797d5b,2026-10-01T02:45:18.053287+00:00,True,False
4c3bb8abc583,data/interim/step_05_preprocessed_page_180.png,step_05_preprocessed_page_180.png,.png,figure,data_interim,cross_town_or_not_applicable,144317,34ed8d59fc54773bf6b21cc850b55bfb4e9b8ceaec8a93beb1efaeb897dbb37f,2026-10-01T02:45:53.013054+00:00,True,False
802d69c5a98a,data/interim/step_05_preprocessed_page_194.png,step_05_preprocessed_page_194.png,.png,figure,data_interim,cross_town_or_not_applicable,144595,2a8f7cf4729af14cd683a8f4c5695abdf40a12f4aebfbd84bec3a1265a02315d,2026-10-01T02:46:05.792252+00:00,True,False
a5a808806f0d,data/interim/step_05_rendered_page_134.png,step_05_rendered_page_134.png,.png,figure,data_interim,cross_town_or_not_applicable,1539500,241df03379d8dc575059734ff134dc77981d06978f6bbb19bb040a697ae35313,2026-10-01T02:44:44.304973+00:00,True,False
1a0f36ec19e1,data/interim/step_05_rendered_page_120.png,step_05_rendered_page_120.png,.png,figure,data_interim,cross_town_or_not_applicable,1267873,1f0916ad649580e448943ad8d03b7799bc37d3a23981c7de89abe5550b9357d1,2026-10-01T02:44:20.408147+00:00,True,False
556152f8cd14,data/interim/step_05_rendered_page_108.png,step_05_rendered_page_108.png,.png,figure,data_interim,cross_town_or_not_applicable,1206416,54d84b268aceef2825f33f6a21f30d1f419541195b833ab4b4bddf2a17734b82,2026-10-01T02:44:00.470342+00:00,True,False
129560cd57de,data/interim/step_05_preprocessed_page_235.png,step_05_preprocessed_page_235.png,.png,figure,data_interim,cross_town_or_not_applicable,137150,b731d68bd87d6d8b31c8cee1f27f98c7ac25e96d6ec7266b543564b903e9e634,2026-10-01T02:46:45.810664+00:00,True,False
3f57a1e1d832,data/interim/step_05_rendered_page_083.png,step_05_rendered_page_083.png,.png,figure,data_interim,cross_town_or_not_applicable,351878,a372deea60bf44c8b51a6ad656fb52fff1dade6072c752f39ea0dbe64e5b8dae,2026-10-01T02:43:23.649526+00:00,True,False
6d645348fbcb,data/interim/step_05_rendered_page_097.png,step_05_rendered_page_097.png,.png,figure,data_interim,cross_town_or_not_applicable,1298975,951448ddb9b2064459190d60b0a2ae01a9af36a1508ed4f46a4b237adc435ec9,2026-10-01T02:43:42.966068+00:00,True,False
9446a1345bf7,data/interim/step_05_preprocessed_page_221.png,step_05_preprocessed_page_221.png,.png,figure,data_interim,cross_town_or_not_applicable,129622,5982f478d1816bc800d3a255418d4ae02589c44854e83c3bf16acfd3f7813453,2026-10-01T02:46:35.233627+00:00,True,False
07e255695f9c,data/interim/step_05_preprocessed_page_209.png,step_05_preprocessed_page_209.png,.png,figure,data_interim,cross_town_or_not_applicable,133917,90984c7db24bb7366f01c2b2cadfc0423c9a7f7f427fbb1d02353465f6ee06a9,2026-10-01T02:46:20.892142+00:00,True,False
10a77bf3aa80,data/interim/step_05_rendered_page_040.png,step_05_rendered_page_040.png,.png,figure,data_interim,cross_town_or_not_applicable,1155721,40d84a9a40af49f0448aac96d4d4fca7d1404f1eb0be18afe0571ce129278240,2026-10-01T02:42:37.424063+00:00,True,False
d8cfd5e0eb54,data/interim/step_05_rendered_page_054.png,step_05_rendered_page_054.png,.png,figure,data_interim,cross_town_or_not_applicable,33558,10f520a2b85375bae54dd20acb68ba7abe718bb3d5ac0fde1287d0b2d2d7b8ea,2026-10-01T02:42:55.636439+00:00,True,False
5ab89a80e733,data/interim/step_05_rendered_page_068.png,step_05_rendered_page_068.png,.png,figure,data_interim,cross_town_or_not_applicable,566939,04985b99e76373d5a25bc200cc69c8ee4ff715a6a9d45fc36eaa3a4319a1f570,2026-10-01T02:43:07.799788+00:00,True,False
a4570687965b,data/interim/step_05_rendered_page_281.png,step_05_rendered_page_281.png,.png,figure,data_interim,cross_town_or_not_applicable,1046798,2b263ae4a2ec671c61ece38b66d5b1b693f51ea400dc92e91400d65ec7c56b8e,2026-10-01T02:47:17.287216+00:00,True,False
b64ba05350fc,data/interim/step_05_preprocessed_page_037.png,step_05_preprocessed_page_037.png,.png,figure,data_interim,cross_town_or_not_applicable,169730,84714cf3033d90fe68d3f7ae9500b3f59e7945ba4915b4934728131544fe1d7f,2026-10-01T02:42:32.236116+00:00,True,False
372b207234e5,data/interim/step_05_preprocessed_page_023.png,step_05_preprocessed_page_023.png,.png,figure,data_interim,cross_town_or_not_applicable,168641,43fd1a1b76a5822346e98e31b71766f2b4fe4b6ee9416e19efff60c10efb2502,2026-10-01T02:42:06.294885+00:00,True,False
c57d5afa7154,data/interim/step_05_rendered_page_295.png,step_05_rendered_page_295.png,.png,figure,data_interim,cross_town_or_not_applicable,1131134,88daa9f9294fc2f747d35c5ac7ccdbfea68477b7f5c9c7bcfc11114471210eb4,2026-10-01T02:47:29.426128+00:00,True,False
366bd8b6d880,data/interim/step_05_rendered_page_242.png,step_05_rendered_page_242.png,.png,figure,data_interim,cross_town_or_not_applicable,321776,b7db51e67a6f8f7b5df4c99c2ed63d4773aae3bb5edb66a5abf1a73e81911627,2026-10-01T02:46:51.386591+00:00,True,False
5c88b02174bc,data/interim/step_05_rendered_page_256.png,step_05_rendered_page_256.png,.png,figure,data_interim,cross_town_or_not_applicable,40427,d2b76cd54e33f43dfc7b77e17d23109f21b130722c831615bb185b461faf86dc,2026-10-01T02:46:57.785785+00:00,True,False
b30448ef33fb,data/interim/step_16_district_general_rules.parquet,step_16_district_general_rules.parquet,.parquet,tabular_data,data_interim,cross_town_or_not_applicable,27893,97954f9e9e0293e107acaaec59ef9e2ad5ce37973c800d756a6d7af68853cf5f,2026-10-01T02:48:51.674455+00:00,True,False
bd9d7335137d,data/interim/step_05_rendered_page_257.png,step_05_rendered_page_257.png,.png,figure,data_interim,cross_town_or_not_applicable,614911,c4b8626736515a57e8b9d62a043627c9dcd36b64310ca0b98133785f93c5beae,2026-10-01T02:46:57.950415+00:00,True,False
fe2c04a012ba,data/interim/step_05_rendered_page_243.png,step_05_rendered_page_243.png,.png,figure,data_interim,cross_town_or_not_applicable,291206,59fb1ec141e128561f985a8d8579232176f135720f2e59196b9a42fceabc588b,2026-10-01T02:46:51.844205+00:00,True,False
2472c700371a,data/interim/step_05_rendered_page_294.png,step_05_rendered_page_294.png,.png,figure,data_interim,cross_town_or_not_applicable,1116753,8fb1bbe58a705aa90bda8ca91b8356fde7625b0c6d0fe08ce510e2465478fb58,2026-10-01T02:47:28.201247+00:00,True,False
74597f10a7b3,data/interim/step_05_preprocessed_page_022.png,step_05_preprocessed_page_022.png,.png,figure,data_interim,cross_town_or_not_applicable,164155,48be207af182a86426410b764e0fb3ea2b8dee6ead24468ecacb16a707a9a589,2026-10-01T02:42:04.589000+00:00,True,False
8cce3f3edc5c,data/interim/step_05_preprocessed_page_036.png,step_05_preprocessed_page_036.png,.png,figure,data_interim,cross_town_or_not_applicable,159489,b0162a4a24cf56dbd9630c0cb0c2608f1f84cc3f4f7077dbc7595d6fbc034515,2026-10-01T02:42:30.561816+00:00,True,False
be83f6a53351,data/interim/step_05_rendered_page_280.png,step_05_rendered_page_280.png,.png,figure,data_interim,cross_town_or_not_applicable,1072623,329e3ba5d7388ceca1a9e6437d7cd46e62c3838a102a28dba95f88df700762cd,2026-10-01T02:47:16.356928+00:00,True,False
548f3339017d,data/interim/step_05_rendered_page_069.png,step_05_rendered_page_069.png,.png,figure,data_interim,cross_town_or_not_applicable,971001,b0c8757354c20049f99ba0c2810ad42d4c3f809dadb92f01c15158abf45500f3,2026-10-01T02:43:08.511909+00:00,True,False
e297cfd0a553,data/interim/step_05_rendered_page_055.png,step_05_rendered_page_055.png,.png,figure,data_interim,cross_town_or_not_applicable,994439,3beb8e8f901256a927effb0cab58fe7ae10fc7827b91daca9920432b41bb5811,2026-10-01T02:42:55.941871+00:00,True,False
63bc599f8710,data/interim/step_05_rendered_page_041.png,step_05_rendered_page_041.png,.png,figure,data_interim,cross_town_or_not_applicable,1226549,3df6112b13087282d23f25ba1d0e0e11606167b92325d3e1e0be70df94f88b41,2026-10-01T02:42:38.750446+00:00,True,False
30e11791ab65,data/interim/step_05_preprocessed_page_208.png,step_05_preprocessed_page_208.png,.png,figure,data_interim,cross_town_or_not_applicable,95363,b41b15bf22bb9b32a214c73d7001f71833cb1bd434e68fadf168660a71e17dfb,2026-10-01T02:46:19.954028+00:00,True,False
51ed62d66526,data/interim/step_05_preprocessed_page_220.png,step_05_preprocessed_page_220.png,.png,figure,data_interim,cross_town_or_not_applicable,132355,5f7bc512c06edf93f8134b039309d8062084e4cc01ac28ecc14ad2205eadeb06,2026-10-01T02:46:33.767688+00:00,True,False
7def47db3bc1,data/interim/step_05_rendered_page_096.png,step_05_rendered_page_096.png,.png,figure,data_interim,cross_town_or_not_applicable,1021674,be6eb804094e97ec9a6c72ae42f390ed7cecf308a5768bba4501a81c7f35e326,2026-10-01T02:43:41.786285+00:00,True,False
04a790bc6fa4,data/interim/step_05_rendered_page_082.png,step_05_rendered_page_082.png,.png,figure,data_interim,cross_town_or_not_applicable,1235200,6f8ae5b14042c6c1480434350ed2ecd3ff0f6b048da30e176e84d527723dfc31,2026-10-01T02:43:22.173348+00:00,True,False
4c66c661d769,data/interim/step_05_preprocessed_page_234.png,step_05_preprocessed_page_234.png,.png,figure,data_interim,cross_town_or_not_applicable,107665,341124dd43694076e438d83ee5b8b095f568fe1c4b67f6932f1eb0700fa512fa,2026-10-01T02:46:44.771345+00:00,True,False
604b0aedbe1e,data/interim/step_05_rendered_page_109.png,step_05_rendered_page_109.png,.png,figure,data_interim,cross_town_or_not_applicable,1062467,074acbb12759a7e38151737bfb61902f154ed8fbe394f69685bf07820b0b3ec4,2026-10-01T02:44:02.261074+00:00,True,False
2b91ad400d3c,data/interim/step_05_rendered_page_121.png,step_05_rendered_page_121.png,.png,figure,data_interim,cross_town_or_not_applicable,1470789,0c685160badf8750cf1196a1719ecb3f4d6c7950d37eb97db658708ce051be9c,2026-10-01T02:44:22.046001+00:00,True,False
a6546da6fbee,data/interim/step_05_rendered_page_135.png,step_05_rendered_page_135.png,.png,figure,data_interim,cross_town_or_not_applicable,1445408,baf7d3f24904f761f5cc48ac41d36946fffbb1b08e6b3096770da73792c94ced,2026-10-01T02:44:46.065173+00:00,True,False
bd959fb9fdd7,data/interim/step_05_preprocessed_page_195.png,step_05_preprocessed_page_195.png,.png,figure,data_interim,cross_town_or_not_applicable,391809,2c890093001740a4d47971cd2e495085c8f3a4f24da40b4e4e41b2765f57a20a,2026-10-01T02:46:07.882178+00:00,True,False
7b2157b9a9de,data/interim/step_05_preprocessed_page_181.png,step_05_preprocessed_page_181.png,.png,figure,data_interim,cross_town_or_not_applicable,96907,a9bcce7888d1a8388ca756a4adf3e084ac03f7cb70ccbcba9ffd29d805036c8d,2026-10-01T02:45:54.512558+00:00,True,False
988045b54079,data/interim/step_05_preprocessed_page_156.png,step_05_preprocessed_page_156.png,.png,figure,data_interim,cross_town_or_not_applicable,558471,de1a390ebd77d31d3cde9f455e4ce2bec48bf84bb3909cf21f2602b4c7ae8b98,2026-10-01T02:45:16.523318+00:00,True,False
1d52f3d4f912,data/interim/step_05_preprocessed_page_142.png,step_05_preprocessed_page_142.png,.png,figure,data_interim,cross_town_or_not_applicable,124883,b3cc1729a32e3930e341aa3fa6fef8e02ee2bc96f9b989fca96a6ce00f7c1689,2026-10-01T02:44:55.223568+00:00,True,False
9d16b425c1e3,data/interim/step_05_preprocessed_page_154.png,step_05_preprocessed_page_154.png,.png,figure,data_interim,cross_town_or_not_applicable,159301,d987b9226c1d7f2175be5ad8d1cfa5bdfade2c5ef019cfb4a489f49270e50eb0,2026-10-01T02:45:13.277385+00:00,True,False
d6e58c265c4f,data/interim/step_05_preprocessed_page_140.png,step_05_preprocessed_page_140.png,.png,figure,data_interim,cross_town_or_not_applicable,14204,e8e7fd85a520024a57bbafc895b276c633772b66f61b51bd47f9f2d8ae4f5c16,2026-10-01T02:44:54.650016+00:00,True,False
572874869db0,data/interim/step_05_preprocessed_page_168.png,step_05_preprocessed_page_168.png,.png,figure,data_interim,cross_town_or_not_applicable,115354,74f233600dc84bdaaf679ec35d48c6568b68bc529171feb49d0e55eb20a65be9,2026-10-01T02:45:35.239429+00:00,True,False
4e788e64a55c,data/interim/step_05_preprocessed_page_197.png,step_05_preprocessed_page_197.png,.png,figure,data_interim,cross_town_or_not_applicable,76763,6418bfd66ec70772550c953157fc989bd072ab3d77c005255b8647e73d619b89,2026-10-01T02:46:09.917087+00:00,True,False
9c3636773f7d,data/interim/step_05_preprocessed_page_183.png,step_05_preprocessed_page_183.png,.png,figure,data_interim,cross_town_or_not_applicable,147337,d410a135d6fc6f9a9ca3cd12b4c4ce44110adbf113551322b55682c635a8d79b,2026-10-01T02:45:55.940229+00:00,True,False
da2dbd0a65ad,data/interim/step_05_rendered_page_309.png,step_05_rendered_page_309.png,.png,figure,data_interim,cross_town_or_not_applicable,1140760,77d37cb792e62cd6e806642ec6eb1579dbd39ac20306d7ceb065cca88725d3a7,2026-10-01T02:47:48.160142+00:00,True,False
7dcc015f1728,data/interim/step_05_rendered_page_123.png,step_05_rendered_page_123.png,.png,figure,data_interim,cross_town_or_not_applicable,1573399,cb6f66909a0cc92bb740090df95fc404927638a796f267491bc0851fca27d90c,2026-10-01T02:44:25.693053+00:00,True,False
73b488f858ad,data/interim/step_05_rendered_page_137.png,step_05_rendered_page_137.png,.png,figure,data_interim,cross_town_or_not_applicable,1437950,6a0675edc0bc98e1e5ab8cdc3b68421d244d92f67f06a4308558efc00d87edb7,2026-10-01T02:44:49.521228+00:00,True,False
ae7d382c64f2,data/interim/step_05_rendered_page_094.png,step_05_rendered_page_094.png,.png,figure,data_interim,cross_town_or_not_applicable,1089295,2e62d4a74c763e98c6844e59fb8be6ee58238d318c62b43e9b08cabf094804b3,2026-10-01T02:43:38.707489+00:00,True,False
dcf08aeff28a,data/interim/step_05_preprocessed_page_222.png,step_05_preprocessed_page_222.png,.png,figure,data_interim,cross_town_or_not_applicable,46849,728641767030a707fe7c66d9e949e37e738c3886968d79182e9b55401aa9d102,2026-10-01T02:46:36.519739+00:00,True,False
e06e987dd3af,data/interim/step_05_preprocessed_page_236.png,step_05_preprocessed_page_236.png,.png,figure,data_interim,cross_town_or_not_applicable,141223,3a2cf6b909b93e682bb41df999dfaaec7138cc2c833ee523f87e7f98596c03a5,2026-10-01T02:46:47.314825+00:00,True,False
53f5f85c6be3,data/interim/step_05_rendered_page_080.png,step_05_rendered_page_080.png,.png,figure,data_interim,cross_town_or_not_applicable,1239751,21f55b7a645ecb4ea1054be90bc2913f24ac907cb64284ff1d5d6b9a57be533b,2026-10-01T02:43:19.144142+00:00,True,False
32bc59d4c180,data/interim/step_05_rendered_page_057.png,step_05_rendered_page_057.png,.png,figure,data_interim,cross_town_or_not_applicable,336688,9466c90224e6711f481d5df8bfbc94a25a885ac18b63e71debd6a750b8ed6e70,2026-10-01T02:42:58.270695+00:00,True,False
6fa56dfe4e8a,data/interim/step_05_rendered_page_043.png,step_05_rendered_page_043.png,.png,figure,data_interim,cross_town_or_not_applicable,1370227,c8c37f7c994100cf4cc1cfe51946c8542ca3194b4457b8573721dc41299e3c93,2026-10-01T02:42:42.128879+00:00,True,False
bf1cfd124e0a,data/interim/step_05_preprocessed_page_020.png,step_05_preprocessed_page_020.png,.png,figure,data_interim,cross_town_or_not_applicable,167813,5385080ac5cabca1bf6c997b632c1a6a50ce1476a5c5705f5bcb471626036582,2026-10-01T02:42:00.983028+00:00,True,False
f4ad9d3554ce,data/interim/step_05_rendered_page_296.png,step_05_rendered_page_296.png,.png,figure,data_interim,cross_town_or_not_applicable,1100020,ea16a95f93999d08bd0f4503e7f4cb197d3b2ecb761ba99387eb13417d23461d,2026-10-01T02:47:31.076561+00:00,True,False
0c17b29d38e6,data/interim/step_05_rendered_page_282.png,step_05_rendered_page_282.png,.png,figure,data_interim,cross_town_or_not_applicable,1007218,4d5d4e19ec9e05a199f912a6c2c77089dbb6a5016f3a4de4d4013e4f2e2198fe,2026-10-01T02:47:17.761170+00:00,True,False
cdcef1a16133,data/interim/step_05_preprocessed_page_034.png,step_05_preprocessed_page_034.png,.png,figure,data_interim,cross_town_or_not_applicable,160346,6c4ba28d1b58b36a799e09062161180e19c1d03d52d33c81faf048648dce96fa,2026-10-01T02:42:27.220372+00:00,True,False
0883009d32c5,data/interim/step_05_preprocessed_page_008.png,step_05_preprocessed_page_008.png,.png,figure,data_interim,cross_town_or_not_applicable,100079,5a637c34c55eddbaebb232db94a16406943dcbfc3e166f7f81f772b0d83efdcb,2026-10-01T02:41:44.309787+00:00,True,False
fc83eafca9e4,data/interim/step_05_rendered_page_255.png,step_05_rendered_page_255.png,.png,figure,data_interim,cross_town_or_not_applicable,758932,639a2c2fd4e6fd1e0e5010b2939997a9bd408c9ec7688bce7b6568280b5b99c3,2026-10-01T02:46:57.112614+00:00,True,False
f075b7f79063,data/interim/step_05_rendered_page_241.png,step_05_rendered_page_241.png,.png,figure,data_interim,cross_town_or_not_applicable,214299,8670c4c9ea9fd15dd1b0db0d134a5a3d955c03ec3234c25744e672b2efed4965,2026-10-01T02:46:51.107041+00:00,True,False
8ba54633dc75,data/interim/step_05_rendered_page_269.png,step_05_rendered_page_269.png,.png,figure,data_interim,cross_town_or_not_applicable,999865,a1b01e0e5a15b4f07abe2decd575198e658e85745c06540f6c4d7133729e6888,2026-10-01T02:47:07.104828+00:00,True,False
4455dd5a395d,data/interim/step_05_rendered_page_268.png,step_05_rendered_page_268.png,.png,figure,data_interim,cross_town_or_not_applicable,200295,8a77521b6dcbd8a07969030af668d93dda1bd334c1d05e99c583ec7ca8c41acd,2026-10-01T02:47:06.772130+00:00,True,False
bee91db50c1d,data/interim/step_05_rendered_page_240.png,step_05_rendered_page_240.png,.png,figure,data_interim,cross_town_or_not_applicable,274435,d4992c90596f20f8763596ee039c3be6be74fb69f42a809c747c79412c0fff24,2026-10-01T02:46:50.647897+00:00,True,False
2a9d5208d7a3,data/interim/step_05_rendered_page_254.png,step_05_rendered_page_254.png,.png,figure,data_interim,cross_town_or_not_applicable,884207,c9eb275ec24899a67d6528a32fd2281db9ea0da447c2833ecd14fe55ed8fcdda,2026-10-01T02:46:56.529686+00:00,True,False
61f29a11b4b5,data/interim/step_05_preprocessed_page_009.png,step_05_preprocessed_page_009.png,.png,figure,data_interim,cross_town_or_not_applicable,109086,07c648188776ba6188994c3e7cc44148ca151cd47e2d2478d7b20b9bf24eba57,2026-10-01T02:41:46.648177+00:00,True,False
c62efbd57e86,data/interim/step_05_preprocessed_page_035.png,step_05_preprocessed_page_035.png,.png,figure,data_interim,cross_town_or_not_applicable,155879,9cc47239ed40089e28d0a3228fdf0face8902cf349175f742296cfd4350038b8,2026-10-01T02:42:28.908036+00:00,True,False
a46c7fb98cb7,data/interim/step_05_rendered_page_283.png,step_05_rendered_page_283.png,.png,figure,data_interim,cross_town_or_not_applicable,1065139,424000ac2c300bd682fb9fce8f8bdeeb555491ff90e55e23c26a03c7f5c2ff13,2026-10-01T02:47:18.700584+00:00,True,False
4273104775ce,data/interim/step_05_rendered_page_297.png,step_05_rendered_page_297.png,.png,figure,data_interim,cross_town_or_not_applicable,1130984,e54ca69985a5c1c6684a1d5a96337f870d696b07685323d9fc3cd707c13a0eb5,2026-10-01T02:47:32.397324+00:00,True,False
bcc54ae505d6,data/interim/step_05_preprocessed_page_021.png,step_05_preprocessed_page_021.png,.png,figure,data_interim,cross_town_or_not_applicable,154774,a63eff79deb9fd641a889593c3b9294964b1749a8382b94aa8c1f7f3ebbf7a47,2026-10-01T02:42:02.756634+00:00,True,False
f89d0f95e465,data/interim/step_05_rendered_page_042.png,step_05_rendered_page_042.png,.png,figure,data_interim,cross_town_or_not_applicable,1309980,88a95b5a5e8c83a79bdf71ecb49def0b1abdb667fc1994d2426a9c330843170a,2026-10-01T02:42:40.234560+00:00,True,False
c02c32fbec31,data/interim/step_05_rendered_page_056.png,step_05_rendered_page_056.png,.png,figure,data_interim,cross_town_or_not_applicable,838905,d1300bb53e8a78b9c70124aced98da0b48daf9b890370076c4754504603cd4b1,2026-10-01T02:42:57.248494+00:00,True,False
a1e7a5c03fe7,data/interim/step_05_rendered_page_081.png,step_05_rendered_page_081.png,.png,figure,data_interim,cross_town_or_not_applicable,1262314,3731704c677014070521c7d3d5eb90265a5e565c02248069e70985d7451bdd71,2026-10-01T02:43:20.649029+00:00,True,False
9f4d1b4d3797,data/interim/step_05_preprocessed_page_237.png,step_05_preprocessed_page_237.png,.png,figure,data_interim,cross_town_or_not_applicable,87615,caa4fd3cea14d52a99ce09b7d75049184ccef6d8a932ef8719bea93272993c35,2026-10-01T02:46:49.149345+00:00,True,False
b4da0a854d72,data/interim/step_05_preprocessed_page_223.png,step_05_preprocessed_page_223.png,.png,figure,data_interim,cross_town_or_not_applicable,128351,b00229c84392fa6b5df1e0b62ddc5045afcf402b380acf5dd01e1606f475399c,2026-10-01T02:46:37.027448+00:00,True,False
995f16403300,data/interim/step_05_rendered_page_095.png,step_05_rendered_page_095.png,.png,figure,data_interim,cross_town_or_not_applicable,1356329,faaa0845bb13e1f6ee7983dac6c95eb920871ef15865b276b61c8aab778f3b1c,2026-10-01T02:43:40.017100+00:00,True,False
d60a1bedc600,data/interim/step_05_rendered_page_136.png,step_05_rendered_page_136.png,.png,figure,data_interim,cross_town_or_not_applicable,1373780,c08502976d48a3fa7dd65beb942727a80cb75c002c5b4599e773abdeb5db3f3b,2026-10-01T02:44:47.837248+00:00,True,False
3c89746a14ad,data/interim/step_05_rendered_page_122.png,step_05_rendered_page_122.png,.png,figure,data_interim,cross_town_or_not_applicable,1490797,793306da1854128cbaa6ed6ef8e249f05170d83c7ca9fcb11123feea4b118f42,2026-10-01T02:44:23.817761+00:00,True,False
78b7bd12810b,data/interim/step_05_rendered_page_308.png,step_05_rendered_page_308.png,.png,figure,data_interim,cross_town_or_not_applicable,1071876,bbee3dea43aa5148519bd5836da5c94d10ca0c10c4ea34eaf0bb3427acc5dc29,2026-10-01T02:47:46.943137+00:00,True,False
ceac62eaa4fe,data/interim/step_05_preprocessed_page_182.png,step_05_preprocessed_page_182.png,.png,figure,data_interim,cross_town_or_not_applicable,12107,ae0ecca26f7375578df244c7aa98f355266f6e1a872c105e38603e664ca5d501,2026-10-01T02:45:55.737117+00:00,True,False
c4107d213091,data/interim/step_05_preprocessed_page_196.png,step_05_preprocessed_page_196.png,.png,figure,data_interim,cross_town_or_not_applicable,81759,8b9625e9b14b4b7914be7a1804b80dea43d147f46360b3f17fc551bab94cd94b,2026-10-01T02:46:09.118820+00:00,True,False
b68c453a55b0,data/interim/step_05_preprocessed_page_169.png,step_05_preprocessed_page_169.png,.png,figure,data_interim,cross_town_or_not_applicable,136516,45cd7d99cfe9fd6e13f8a7c22e4d2a89488a4b3af2f34a425181dfdb26589c15,2026-10-01T02:45:36.657019+00:00,True,False
8803aa7f2d38,data/interim/step_05_preprocessed_page_141.png,step_05_preprocessed_page_141.png,.png,figure,data_interim,cross_town_or_not_applicable,35115,92ead624e84f0dc532b81f9b44e99ca2cd2fd4d88c442c39d04afdcd5034fdbd,2026-10-01T02:44:54.839725+00:00,True,False
573e1a680daf,data/interim/step_05_preprocessed_page_155.png,step_05_preprocessed_page_155.png,.png,figure,data_interim,cross_town_or_not_applicable,595176,2064c1becdd1acdeb4d08242de349654b40782920bd5c84594fa1abc21bfd3e1,2026-10-01T02:45:14.955077+00:00,True,False
ccbe925df2b5,data/interim/step_05_preprocessed_page_179.png,step_05_preprocessed_page_179.png,.png,figure,data_interim,cross_town_or_not_applicable,147751,2385f18464484c1519e8e2601b3590f952a543911cb6d6d3a1b5736ff2630164,2026-10-01T02:45:51.394049+00:00,True,False
783037f8d6bd,data/interim/step_05_preprocessed_page_151.png,step_05_preprocessed_page_151.png,.png,figure,data_interim,cross_town_or_not_applicable,154602,27171760dc9350ca7a30271b2a34a6eb845cb49f1c3d40b68b67e9d3694f032c,2026-10-01T02:45:07.912326+00:00,True,False
876c5f79fb2a,data/interim/step_05_preprocessed_page_145.png,step_05_preprocessed_page_145.png,.png,figure,data_interim,cross_town_or_not_applicable,146808,1093f8c9592c45cf700716af3bca6a8ecd43fecbfbf0136f7fd86d1b5b25b53b,2026-10-01T02:44:58.836569+00:00,True,False
3388e8ee40fd,data/interim/step_05_preprocessed_page_192.png,step_05_preprocessed_page_192.png,.png,figure,data_interim,cross_town_or_not_applicable,28288,8b5151bd909a1ee12202c5a22f8bc0050b09c9391cc206a2f46e2a18615bfd55,2026-10-01T02:46:03.553872+00:00,True,False
8fd82254362c,data/interim/step_05_preprocessed_page_186.png,step_05_preprocessed_page_186.png,.png,figure,data_interim,cross_town_or_not_applicable,35178,ccf6d5b3a857b176b1e92e1d9ac2c81a312df1783e46014f6bef36d3e99f7941,2026-10-01T02:45:59.347163+00:00,True,False
b74ef55f40d4,data/interim/step_05_rendered_page_126.png,step_05_rendered_page_126.png,.png,figure,data_interim,cross_town_or_not_applicable,1279835,43614e891277653093f4a1e79b7e52e687aecf6e86956ef8945ede09f5fc0bf5,2026-10-01T02:44:31.326376+00:00,True,False
ab7006af6e55,data/interim/step_05_rendered_page_132.png,step_05_rendered_page_132.png,.png,figure,data_interim,cross_town_or_not_applicable,1226595,938a9c64fd170bee0b281e7a274cbbe4a1a03e1e3f7c21f0cf6b4bedcbb69d71,2026-10-01T02:44:40.796411+00:00,True,False
1166f1ebbb39,data/interim/step_05_rendered_page_091.png,step_05_rendered_page_091.png,.png,figure,data_interim,cross_town_or_not_applicable,1407262,06a4e6eaeec870ca6a4ba44667c9f21223381c8d363a8f8e88293401b2608677,2026-10-01T02:43:34.948284+00:00,True,False
591efba38058,data/interim/step_05_preprocessed_page_227.png,step_05_preprocessed_page_227.png,.png,figure,data_interim,cross_town_or_not_applicable,70274,117aa74af754ac56f9f0478d594cfd047f3337806c5c49c66e7f53ab543fab22,2026-10-01T02:46:41.180175+00:00,True,False
455150e398c9,data/interim/step_05_preprocessed_page_233.png,step_05_preprocessed_page_233.png,.png,figure,data_interim,cross_town_or_not_applicable,107897,ae181629edff9d59d3491c6660d501fa528ad9e01975bdac1e9d8a2a0cf1530d,2026-10-01T02:46:43.562176+00:00,True,False
6aabcd02455c,data/interim/step_05_rendered_page_085.png,step_05_rendered_page_085.png,.png,figure,data_interim,cross_town_or_not_applicable,1273152,535c16feb418bd2d279d1c4b168d9569527405acfb32c86f4762561e059825de,2026-10-01T02:43:25.773169+00:00,True,False
4972e2eadbaa,data/interim/step_05_rendered_page_052.png,step_05_rendered_page_052.png,.png,figure,data_interim,cross_town_or_not_applicable,1317943,55a254fc0e8acfdf2e10dad21bf7fc5db76f2d102cee4c04640e25da01e400c8,2026-10-01T02:42:53.738107+00:00,True,False
eb7cb8007ac4,data/interim/step_05_rendered_page_046.png,step_05_rendered_page_046.png,.png,figure,data_interim,cross_town_or_not_applicable,1244501,55903d8ac233664fbe785ec35bb72b71380846b12196c4cde4703c805361b846,2026-10-01T02:42:45.361048+00:00,True,False
5df0b14af7fc,data/interim/step_05_preprocessed_page_019.png,step_05_preprocessed_page_019.png,.png,figure,data_interim,cross_town_or_not_applicable,155720,3af70705155fa23c50548e6b8a7679fa74f81dcc6bfd2a29dce35f5c01a457d0,2026-10-01T02:41:59.244855+00:00,True,False
dde10b6036b6,data/interim/step_05_preprocessed_page_025.png,step_05_preprocessed_page_025.png,.png,figure,data_interim,cross_town_or_not_applicable,168563,69740d20f4cc25e75ab692e55d42eab7eb8a074d7b2a7d9f71be16347abf5a13,2026-10-01T02:42:09.935859+00:00,True,False
f35599f3212a,data/interim/step_05_rendered_page_293.png,step_05_rendered_page_293.png,.png,figure,data_interim,cross_town_or_not_applicable,1055680,78df86e4bd2ec0f86a1c6aa724f1d15a4f84bebe0f1fa01b37d5a4887efc4d88,2026-10-01T02:47:26.900118+00:00,True,False
81386cdf5865,data/interim/step_05_rendered_page_287.png,step_05_rendered_page_287.png,.png,figure,data_interim,cross_town_or_not_applicable,969149,595c90abd9374e8a8cf6da380e0b8a6eced93a616965c39fe4ccf2114e1a167e,2026-10-01T02:47:23.072490+00:00,True,False
255b8e059013,data/interim/step_05_preprocessed_page_031.png,step_05_preprocessed_page_031.png,.png,figure,data_interim,cross_town_or_not_applicable,167145,683a36a7f3580b50ccb7ecf2036f7ec25386b39eae1f89ad64c22c26548556a0,2026-10-01T02:42:21.645903+00:00,True,False
b2d532d8a60b,data/interim/step_05_rendered_page_278.png,step_05_rendered_page_278.png,.png,figure,data_interim,cross_town_or_not_applicable,1082130,dda62d614c95ddb753e7234d835d42e1ca4dc3943b1127266ef05f17792dba9a,2026-10-01T02:47:14.409796+00:00,True,False
facca48d7cb4,data/interim/step_05_rendered_page_250.png,step_05_rendered_page_250.png,.png,figure,data_interim,cross_town_or_not_applicable,184977,8b25d3f088ebbdcbaac0988bbd4b140961d452a112cb3d9b41d76e6360aca5d1,2026-10-01T02:46:55.052636+00:00,True,False
989ebd0b373d,data/interim/step_05_rendered_page_244.png,step_05_rendered_page_244.png,.png,figure,data_interim,cross_town_or_not_applicable,188880,ae4217975929b44a3605f27aa0ae14ea3f318f047f7d411e553e9273dda227a0,2026-10-01T02:46:52.309057+00:00,True,False
de86cb7ae1eb,data/interim/step_05_rendered_page_245.png,step_05_rendered_page_245.png,.png,figure,data_interim,cross_town_or_not_applicable,656853,7fa708e20ff3afdd2f8879c702c6506a1a413519f8c01b195a96259ed286cf21,2026-10-01T02:46:52.646043+00:00,True,False
987946eca7d4,data/interim/step_05_rendered_page_251.png,step_05_rendered_page_251.png,.png,figure,data_interim,cross_town_or_not_applicable,185969,06fc8c311a6ed263020c6f5e89669c64cf63f59ee758857d21264fe4fee9d583,2026-10-01T02:46:55.301746+00:00,True,False
49294df92154,data/interim/step_05_rendered_page_279.png,step_05_rendered_page_279.png,.png,figure,data_interim,cross_town_or_not_applicable,1085334,bdd391a4ff8228d2366330bc2253a4ee1798fbe2b2f5dce80996b6657ab5d2d3,2026-10-01T02:47:15.604149+00:00,True,False
166dc2b91a99,data/interim/step_05_preprocessed_page_030.png,step_05_preprocessed_page_030.png,.png,figure,data_interim,cross_town_or_not_applicable,142770,1f201f388555bec49b0a5c2214567535add9686ce23af408495555627a614f21,2026-10-01T02:42:20.068076+00:00,True,False
155413f8c4b5,data/interim/step_05_rendered_page_286.png,step_05_rendered_page_286.png,.png,figure,data_interim,cross_town_or_not_applicable,1083050,90d3df116e2e4cfb6b4054008fb8fef396ed67be7cb05850b0b69242a5dbf058,2026-10-01T02:47:22.014862+00:00,True,False
96692ba78db0,data/interim/step_05_rendered_page_292.png,step_05_rendered_page_292.png,.png,figure,data_interim,cross_town_or_not_applicable,1111343,1622ed5340c0d8ec3bf79c5303b04c34dd3bc91baf9b0e2b777e36e2c4354ad8,2026-10-01T02:47:25.664867+00:00,True,False
4bc6fb05c35b,data/interim/step_05_preprocessed_page_024.png,step_05_preprocessed_page_024.png,.png,figure,data_interim,cross_town_or_not_applicable,163993,8c6f370c9327ad5914e6c549de293220d5dc0cbc90039f0cee021784b2f726af,2026-10-01T02:42:08.138058+00:00,True,False
bfdf37c5db52,data/interim/step_05_preprocessed_page_018.png,step_05_preprocessed_page_018.png,.png,figure,data_interim,cross_town_or_not_applicable,167486,3c2fd991784706537271dc98f62a563668c0fe1d9af618d2a66571cd442aadd3,2026-10-01T02:41:57.585887+00:00,True,False
6075a950d4e0,data/interim/step_05_rendered_page_047.png,step_05_rendered_page_047.png,.png,figure,data_interim,cross_town_or_not_applicable,1084575,bbb2de794ea5d532f6e4f91b41afdc283bd1c95dca2f410bfcdd64a78a8d5f11,2026-10-01T02:42:46.984211+00:00,True,False
d75c9e617693,data/interim/step_05_rendered_page_053.png,step_05_rendered_page_053.png,.png,figure,data_interim,cross_town_or_not_applicable,124831,8e3e89caab9fa0e10147c48a8408673f81cf711a29d4d4ac57d620a7e32d7eb3,2026-10-01T02:42:55.331511+00:00,True,False
c3aee8d63858,data/interim/step_05_rendered_page_084.png,step_05_rendered_page_084.png,.png,figure,data_interim,cross_town_or_not_applicable,1177944,c43f45f68795e3bedc6f850cd11e511bff48a235ec58173851001a05a262f417,2026-10-01T02:43:24.162591+00:00,True,False
c50ae94b5e22,data/interim/step_05_preprocessed_page_232.png,step_05_preprocessed_page_232.png,.png,figure,data_interim,cross_town_or_not_applicable,33221,aab31967042b03580e86043f94619ca100be676bbb27d269ea2ec81506b60882,2026-10-01T02:46:43.363583+00:00,True,False
e8966874cdae,data/interim/step_05_preprocessed_page_226.png,step_05_preprocessed_page_226.png,.png,figure,data_interim,cross_town_or_not_applicable,33302,760678c7eb1be56f6838271a57283ca4a55e318ffc2b49dea5bb20f9d09aaa12,2026-10-01T02:46:40.988142+00:00,True,False
f58b4c3e5851,data/interim/step_05_rendered_page_090.png,step_05_rendered_page_090.png,.png,figure,data_interim,cross_town_or_not_applicable,1481537,854a14da72b0a5b3035374b819739c229caf69c07c4ea53b7b8b4a05db8d8bbc,2026-10-01T02:43:33.181059+00:00,True,False
eb5e0e857188,data/interim/step_05_rendered_page_133.png,step_05_rendered_page_133.png,.png,figure,data_interim,cross_town_or_not_applicable,1317886,a13b4af053097eb1f8a37bcbb803d23451e97a063ee111d993bd25ec91ff615e,2026-10-01T02:44:42.593719+00:00,True,False
4b40af7a4d68,data/interim/step_05_rendered_page_127.png,step_05_rendered_page_127.png,.png,figure,data_interim,cross_town_or_not_applicable,1241133,f21f2f7b01722a3437aaea6bfbefb99e2474a8a7f0801da4fb3f373d71272e0c,2026-10-01T02:44:32.933784+00:00,True,False
d2b1c33c7f6e,data/interim/step_05_preprocessed_page_187.png,step_05_preprocessed_page_187.png,.png,figure,data_interim,cross_town_or_not_applicable,130675,c86ede7237301fe6d88113bd4171b34d438a0c9f04080ff8b9f5094ac9409321,2026-10-01T02:45:59.541313+00:00,True,False
e7ab82d042f2,data/interim/step_05_preprocessed_page_193.png,step_05_preprocessed_page_193.png,.png,figure,data_interim,cross_town_or_not_applicable,142413,307674e8bf4fb930460fc2393e2c1a5f3f9cc37284f857d4d1ee0364bfffb30a,2026-10-01T02:46:04.067886+00:00,True,False
2fc2c23ea3bc,data/interim/step_05_preprocessed_page_144.png,step_05_preprocessed_page_144.png,.png,figure,data_interim,cross_town_or_not_applicable,154250,336a0ee3c04523814708dd0768a83f5cb18847c00f0cdd0c21e243633e67ce89,2026-10-01T02:44:57.214119+00:00,True,False
ef7da0d9b972,data/interim/step_05_preprocessed_page_150.png,step_05_preprocessed_page_150.png,.png,figure,data_interim,cross_town_or_not_applicable,129076,ff2a55f16eaa935e9ac54727c3559c603da8eb0acc61d0e471c20a87aafff448,2026-10-01T02:45:06.609572+00:00,True,False
cac906884f9a,data/interim/step_05_preprocessed_page_178.png,step_05_preprocessed_page_178.png,.png,figure,data_interim,cross_town_or_not_applicable,548799,485e1cf7d57a322b134f9a7d046d91268310d1c4c948fc3c79db74f85c41ecfc,2026-10-01T02:45:49.772134+00:00,True,False
fe524229ddf3,data/interim/step_05_preprocessed_page_146.png,step_05_preprocessed_page_146.png,.png,figure,data_interim,cross_town_or_not_applicable,150293,08c02eb29d045a5649e6354e15466eca7d7116e2aa9d0f360cdb2ef7667c47ef,2026-10-01T02:45:00.448883+00:00,True,False
e60b4034d537,data/interim/step_05_preprocessed_page_152.png,step_05_preprocessed_page_152.png,.png,figure,data_interim,cross_town_or_not_applicable,597869,64427b50d71aec85ac38587330bca5ebe189b521784b995fa46bb545b73b4545,2026-10-01T02:45:09.596587+00:00,True,False
499cad2555f5,data/interim/step_05_preprocessed_page_185.png,step_05_preprocessed_page_185.png,.png,figure,data_interim,cross_town_or_not_applicable,38217,dcab3c93157d545da3b8a9c450f92abcedeb4eb257f39650ecc756ff75d8bf06,2026-10-01T02:45:58.958441+00:00,True,False
6995b71ef5fa,data/interim/step_05_preprocessed_page_191.png,step_05_preprocessed_page_191.png,.png,figure,data_interim,cross_town_or_not_applicable,121266,9cf32842afda15c28efc24dccb4cf5c208a2bde7a1a1622e6254e21a6df9573d,2026-10-01T02:46:02.339208+00:00,True,False
bb3f570464b9,data/interim/step_05_rendered_page_119.png,step_05_rendered_page_119.png,.png,figure,data_interim,cross_town_or_not_applicable,1103633,8f47833f2fba1a7175e3fdf139ce962b9e41032aa5ce27d144104c4fdc79d9ea,2026-10-01T02:44:18.804203+00:00,True,False
6e5c53cb7d55,data/interim/step_05_rendered_page_131.png,step_05_rendered_page_131.png,.png,figure,data_interim,cross_town_or_not_applicable,1411723,e9151603b30bac1daa221edcf0fed12f33c9592af4c850a7754a97a624175410,2026-10-01T02:44:38.984831+00:00,True,False
779f3a4cb7cf,data/interim/step_05_rendered_page_125.png,step_05_rendered_page_125.png,.png,figure,data_interim,cross_town_or_not_applicable,1261017,34c8c14a9212045251f64d9f7f522c5974d3663c0299cf828a10aa9f5d11c8fb,2026-10-01T02:44:29.493855+00:00,True,False
cd9411fddce1,data/interim/step_05_preprocessed_page_218.png,step_05_preprocessed_page_218.png,.png,figure,data_interim,cross_town_or_not_applicable,35188,a5acaab503a32e3ebc8aae7a9f4b91768dde6f0f1ac58a78136dcab53747c322,2026-10-01T02:46:32.258928+00:00,True,False
f47f3ec16d9c,data/interim/step_05_preprocessed_page_230.png,step_05_preprocessed_page_230.png,.png,figure,data_interim,cross_town_or_not_applicable,35310,d0173f21cf83c78254d1574a2219b47043901575509e17afa1c0ace8a37b1bba,2026-10-01T02:46:42.484191+00:00,True,False
dbe1fb58a10f,data/interim/step_05_rendered_page_086.png,step_05_rendered_page_086.png,.png,figure,data_interim,cross_town_or_not_applicable,1321688,5ab8f0ed6808cb6ae4e21b6ed132b2e7dc47a50e06d6d63559f4d4c75af877b9,2026-10-01T02:43:27.597416+00:00,True,False
93ab2d5f1103,data/interim/step_05_rendered_page_092.png,step_05_rendered_page_092.png,.png,figure,data_interim,cross_town_or_not_applicable,758440,ce8fc393080bd33ae4d3a37a497119acea51133ddf0b2a1cd59d3171e1cc3f37,2026-10-01T02:43:36.633713+00:00,True,False
b5c61adb3edf,data/interim/step_05_preprocessed_page_224.png,step_05_preprocessed_page_224.png,.png,figure,data_interim,cross_town_or_not_applicable,102832,92c88c19e8ef69be2d956e18ea7543f22d4651be743a3d14e77a119423a0ac41,2026-10-01T02:46:38.676936+00:00,True,False
9ca083985758,data/interim/step_05_rendered_page_079.png,step_05_rendered_page_079.png,.png,figure,data_interim,cross_town_or_not_applicable,1328778,aa8f1ddc38ad0b62acda0531c247f6a8b641e203a146ce256cb69a6b676c441b,2026-10-01T02:43:17.442191+00:00,True,False
4199cb9b9e61,data/interim/step_05_rendered_page_045.png,step_05_rendered_page_045.png,.png,figure,data_interim,cross_town_or_not_applicable,37197,c49bed382e6f99505be17cdfb4e202db5af143f79b09e6e4d8a0b3ec06cf086d,2026-10-01T02:42:44.984331+00:00,True,False
419e5691fcc3,data/interim/step_05_rendered_page_051.png,step_05_rendered_page_051.png,.png,figure,data_interim,cross_town_or_not_applicable,1136217,055d428481393ea5514e2936bf441abe44c76ee21fbd9f28f5187b7edcbe1a17,2026-10-01T02:42:52.272859+00:00,True,False
c3cf4c7e9bac,data/interim/step_05_rendered_page_284.png,step_05_rendered_page_284.png,.png,figure,data_interim,cross_town_or_not_applicable,1088966,342f33a35068c442afe58db39002c92eb58eaae7cab5024619830524f855da6a,2026-10-01T02:47:20.069927+00:00,True,False
566a41bd0ea4,data/interim/step_05_preprocessed_page_032.png,step_05_preprocessed_page_032.png,.png,figure,data_interim,cross_town_or_not_applicable,142937,e42d433bba994d3c706fab17fa8a6c27e9ddc2e5ffb7da580ecdfb08d388d7fd,2026-10-01T02:42:23.361427+00:00,True,False
90b80fd79c90,data/interim/step_05_preprocessed_page_026.png,step_05_preprocessed_page_026.png,.png,figure,data_interim,cross_town_or_not_applicable,160061,878db299c17253d355f097d915797f2ddaa72e46fa76010b366552365c65aa09,2026-10-01T02:42:11.751242+00:00,True,False
a28e7f1a83b5,data/interim/step_05_rendered_page_290.png,step_05_rendered_page_290.png,.png,figure,data_interim,cross_town_or_not_applicable,767159,155d6051a39130be5753047ce97c7bb417fe3e15581164753b0b20bbf00cae82,2026-10-01T02:47:24.485082+00:00,True,False
76ec47a568ec,data/interim/step_05_rendered_page_247.png,step_05_rendered_page_247.png,.png,figure,data_interim,cross_town_or_not_applicable,1325651,3445a8e2eb07184d04cfac9cdcabd600b425e9f8f6b74d777468c8d067bbd79d,2026-10-01T02:46:53.626062+00:00,True,False
5d5796f8b457,data/interim/step_05_rendered_page_253.png,step_05_rendered_page_253.png,.png,figure,data_interim,cross_town_or_not_applicable,722511,d0f3a16555e7728c8b32d50540175eefa6ce28d5d9efacbaec25e2ad678c0d90,2026-10-01T02:46:55.945994+00:00,True,False
b4eccbcac71a,data/interim/step_05_rendered_page_252.png,step_05_rendered_page_252.png,.png,figure,data_interim,cross_town_or_not_applicable,186469,f3fb93b935e0fdad038a46b68a815274b0604d7e6dd2e90d25a097f5f0e856cf,2026-10-01T02:46:55.638173+00:00,True,False
cc841bcd4a96,data/interim/step_05_rendered_page_246.png,step_05_rendered_page_246.png,.png,figure,data_interim,cross_town_or_not_applicable,1102213,93a3232f96df9f782f484af26503340346ea2743919178e6f0dc28c9b93554d5,2026-10-01T02:46:53.040375+00:00,True,False
f3c7f14cea74,data/interim/step_05_rendered_page_291.png,step_05_rendered_page_291.png,.png,figure,data_interim,cross_town_or_not_applicable,907173,1215446af4b9cad108135bd572d414cbfd408c1119b91d4a7fc882ffe2936471,2026-10-01T02:47:24.872019+00:00,True,False
8e219c52a527,data/interim/step_05_preprocessed_page_027.png,step_05_preprocessed_page_027.png,.png,figure,data_interim,cross_town_or_not_applicable,163037,7024a3c8175a99f50be0cf433b96ea062da7fdca99419bd9269c106f58165230,2026-10-01T02:42:13.753850+00:00,True,False
0ebc5105e255,data/interim/step_05_preprocessed_page_033.png,step_05_preprocessed_page_033.png,.png,figure,data_interim,cross_town_or_not_applicable,160306,e5ed0fd1bbc39b8c86ef8d1fb0396fd438a8696e285bdbfb1b9f845a695ba391,2026-10-01T02:42:25.085945+00:00,True,False
2132a73b76a0,data/interim/step_05_rendered_page_285.png,step_05_rendered_page_285.png,.png,figure,data_interim,cross_town_or_not_applicable,1038564,23c7c952c983e44d4eedc344759cf07237a1f120b14dfcc0ba51cf9c27f82658,2026-10-01T02:47:21.004541+00:00,True,False
3be26d1cfb04,data/interim/step_05_rendered_page_050.png,step_05_rendered_page_050.png,.png,figure,data_interim,cross_town_or_not_applicable,1315855,e28cdb5d9282f4c678e9f7ff0a4e10a6508cc71300e7f04f22a3174fb26caa8e,2026-10-01T02:42:50.609129+00:00,True,False
a12915469ad3,data/interim/step_05_rendered_page_044.png,step_05_rendered_page_044.png,.png,figure,data_interim,cross_town_or_not_applicable,964265,59f22d43afa420b26fe729730c6de62633ac7cc5f0d5882e558e77047bcfe0ef,2026-10-01T02:42:43.783023+00:00,True,False
70d2e312c03d,data/interim/step_05_rendered_page_078.png,step_05_rendered_page_078.png,.png,figure,data_interim,cross_town_or_not_applicable,1411282,90fe2e00ba6c76784e6506c7a30aa1bbf1f302e2825e00b9e96cb1cb78b632b8,2026-10-01T02:43:15.589586+00:00,True,False
267df31ad475,data/interim/step_05_preprocessed_page_225.png,step_05_preprocessed_page_225.png,.png,figure,data_interim,cross_town_or_not_applicable,116875,392c47bcc5868e84f3ae65b8441228cbe31a0a87fcf28c8e65020470bc8aad5a,2026-10-01T02:46:39.648317+00:00,True,False
cd7257263cd9,data/interim/step_05_rendered_page_093.png,step_05_rendered_page_093.png,.png,figure,data_interim,cross_town_or_not_applicable,847907,857b33453654a92404ce0129124f20b8f8b16c70d187ecdc2eb70863aa229a38,2026-10-01T02:43:37.529883+00:00,True,False
e21e48d54238,data/interim/step_05_rendered_page_087.png,step_05_rendered_page_087.png,.png,figure,data_interim,cross_town_or_not_applicable,1363125,cfef33198bb53164af406261de160f2c5fc24fa9ae48d53a5dbed14fe59f6c3d,2026-10-01T02:43:29.295981+00:00,True,False
63563a326960,data/interim/step_05_preprocessed_page_231.png,step_05_preprocessed_page_231.png,.png,figure,data_interim,cross_town_or_not_applicable,71847,baa31be246ccb1b4754406d01c53be59e9ff88bc99f499930b7af7199f12d3fa,2026-10-01T02:46:42.674916+00:00,True,False
93e7bb717196,data/interim/step_05_preprocessed_page_219.png,step_05_preprocessed_page_219.png,.png,figure,data_interim,cross_town_or_not_applicable,128496,775dad133a6a7901c565d23bee51f5cc172101ba3f6d6fdee37bd8720d549d95,2026-10-01T02:46:32.462952+00:00,True,False
dfd7e2363d71,data/interim/step_05_rendered_page_124.png,step_05_rendered_page_124.png,.png,figure,data_interim,cross_town_or_not_applicable,1582562,f55b7aa68f5b1e2296b65710fd8f64444e0a4c70a121bdbbc90efa56182202c3,2026-10-01T02:44:27.535705+00:00,True,False
62629f6db359,data/interim/step_05_rendered_page_130.png,step_05_rendered_page_130.png,.png,figure,data_interim,cross_town_or_not_applicable,1286796,6b7a0f84124e99dd0c626b3164f51d3300fe1d69aeaefd23f41d4958f00a9346,2026-10-01T02:44:37.438779+00:00,True,False
05f8b9804900,data/interim/step_05_rendered_page_118.png,step_05_rendered_page_118.png,.png,figure,data_interim,cross_town_or_not_applicable,1265956,b8683c67658b3a37b81811b19d23f77ba7069f6823224389676a05ac13a1d040,2026-10-01T02:44:17.297200+00:00,True,False
55a9a9a81a51,data/interim/step_05_preprocessed_page_190.png,step_05_preprocessed_page_190.png,.png,figure,data_interim,cross_town_or_not_applicable,35200,04ce3b6116d8da39bd7f5cf2ab8494ff764dbe132a4468f2513b1f2dbf040ae7,2026-10-01T02:46:02.146672+00:00,True,False
5df3b1214a6f,data/interim/step_05_preprocessed_page_184.png,step_05_preprocessed_page_184.png,.png,figure,data_interim,cross_town_or_not_applicable,147689,2a31f8170f87feb0d7ce33589f0f230c08494399c8ba3f9c17e95d9f11cff08a,2026-10-01T02:45:57.482921+00:00,True,False
78c18caa417f,data/interim/step_05_preprocessed_page_153.png,step_05_preprocessed_page_153.png,.png,figure,data_interim,cross_town_or_not_applicable,169351,f7b0314375c4e99d6d518455f435fb4b6a24447bd403a3587496418634b0cb34,2026-10-01T02:45:11.384160+00:00,True,False
33e623a4208f,data/interim/step_05_preprocessed_page_147.png,step_05_preprocessed_page_147.png,.png,figure,data_interim,cross_town_or_not_applicable,144379,c5837f0f1ce4bef92e0057152966265b090281895669658d5d7e3b6096a401ca,2026-10-01T02:45:02.083374+00:00,True,False
18bc20565ef5,data/processed/bridgeport_parking_full_13_building_type_recovery.csv,bridgeport_parking_full_13_building_type_recovery.csv,.csv,tabular_data,data_processed,Bridgeport,10739,823bb79b7a056a64b1e621a2b6a52cbe3367276d16918ab26b5b128553c7b280,2026-10-01T20:28:15.453860+00:00,True,False
9ac5d0e251d9,data/processed/bridgeport_v7_v12_master_use_table_addendum.parquet,bridgeport_v7_v12_master_use_table_addendum.parquet,.parquet,tabular_data,data_processed,Bridgeport,17231,9260b30b0d43f6d537379566263ff7ad201ffcda31de7e73367f3ac6fd4637fa,2026-10-01T20:28:15.417351+00:00,True,False
247d1c96ccdc,data/processed/bridgeport_scenario_registry_addendum.csv,bridgeport_scenario_registry_addendum.csv,.csv,tabular_data,data_processed,Bridgeport,563,2fcaf1d203ea1138b79ed542fcf69e6a0649d26db6432285936a0ace8467684b,2026-10-01T20:37:44.843004+00:00,True,False
48e8b31993a5,data/processed/expanded_variable_final_evidence_profile_bridgeport_greenwich.csv,expanded_variable_final_evidence_profile_bridgeport_greenwich.csv,.csv,tabular_data,data_processed,Bridgeport,237671,2d96a18194fcce129d20a7fb80c4b1431f09af7d612daf8212d7ad7cf1de9787,2026-10-01T19:46:56.825271+00:00,True,True
26d55ddfde0c,data/processed/bridgeport_pilot_scenario_index_all_variants.csv,bridgeport_pilot_scenario_index_all_variants.csv,.csv,tabular_data,data_processed,Bridgeport,8368,881b6b78deb2cd27d6840886cfdd61ef9ff91025e93dec4dfa0d09607e21d71e,2026-10-01T20:44:28.640413+00:00,True,False
f144e1722ee2,data/processed/expanded_variable_recovery_matrix_bridgeport_greenwich.csv,expanded_variable_recovery_matrix_bridgeport_greenwich.csv,.csv,tabular_data,data_processed,Bridgeport,237671,2d96a18194fcce129d20a7fb80c4b1431f09af7d612daf8212d7ad7cf1de9787,2026-10-01T19:46:56.810920+00:00,True,True
7263823b9a49,data/processed/bridgeport_scenario_score_eligibility_universe.csv,bridgeport_scenario_score_eligibility_universe.csv,.csv,tabular_data,data_processed,Bridgeport,17329,9f308b4e3cfa567bbcd821b8e4381d5198e587afebad99cf789b166d03ad2634,2026-10-01T20:37:45.506831+00:00,True,True
2240f6cb2cd5,data/processed/bridgeport_scenario_score_readiness_addendum.csv,bridgeport_scenario_score_readiness_addendum.csv,.csv,tabular_data,data_processed,Bridgeport,14025,ba49b37a2f3b2bf1ed374f7f5415c37303140c63a7452d58f131c3dfc9c3633e,2026-10-01T20:37:45.495891+00:00,True,False
d62a01bb2545,data/processed/greenwich_residential_district_area_lookup.csv,greenwich_residential_district_area_lookup.csv,.csv,tabular_data,data_processed,Greenwich,6226,8efeca4c686defb5b110ed9772dd64b98798f1ce5a13b381bbcbf5c276cbb64a,2026-10-01T08:44:11.206552+00:00,True,False
6e42a8ca439e,data/processed/expanded_variable_cross_reference_trail.csv,expanded_variable_cross_reference_trail.csv,.csv,tabular_data,data_processed,cross_town_or_not_applicable,30855,9832793d96a9cd00f83858562e6cbdd96326477e5dcc6beb6e67889a569c88bf,2026-10-01T19:46:56.832714+00:00,True,False
e73afe1d8abc,data/processed/canonical_variable_registry.csv,canonical_variable_registry.csv,.csv,tabular_data,data_processed,cross_town_or_not_applicable,5997,a316f81ad4a5b6f6bcb3a1daa61daada907b16f51d8cf8893438b3b206fa3196,2026-10-01T21:10:43.207481+00:00,True,True
6fa7e94dfb33,data/processed/fixed_variable_recovery_matrix_bridgeport_greenwich.csv,fixed_variable_recovery_matrix_bridgeport_greenwich.csv,.csv,tabular_data,data_processed,Bridgeport,176415,f89d53fff67db97488ccf97584eab3228ff265c1fa49ab1b9d9e2a126c96b52f,2026-10-01T19:28:09.359194+00:00,True,True
156019e32b47,data/processed/expanded_variable_dependency_map.csv,expanded_variable_dependency_map.csv,.csv,tabular_data,data_processed,cross_town_or_not_applicable,1759,7e5671fdade53c7a881b71c3a3622fb29d1e382f4538daa8a244bd106ee062ed,2026-10-01T19:46:56.246249+00:00,True,True
0a06a173d9ca,data/processed/repository_artifact_catalog.csv,repository_artifact_catalog.csv,.csv,tabular_data,data_processed,cross_town_or_not_applicable,382317,d5db1192278331d7a20421d6aa3881c4b0abe3eb20007fe1d8af978833b368c0,2026-10-01T21:10:42.850901+00:00,True,False
a35a9229a1f7,data/processed/bridgeport_pilot_scenario_variable_scores.csv,bridgeport_pilot_scenario_variable_scores.csv,.csv,tabular_data,data_processed,Bridgeport,5865,cbf79426750a1a1e9bf7ce2a29222be8916732e0ce21f9a311811ced3c282d42,2026-10-01T20:44:28.587289+00:00,True,False
0fa8adc0e417,data/processed/.gitkeep,.gitkeep,,other,data_processed,cross_town_or_not_applicable,0,e3b0c44298fc1c149afbf4c8996fb92427ae41e4649b934ca495991b7852b855,2026-09-29T00:57:26.124604+00:00,False,True
fae87dd2da51,data/processed/bridgeport_v5_scenario_resolved_addendum.csv,bridgeport_v5_scenario_resolved_addendum.csv,.csv,tabular_data,data_processed,Bridgeport,9814,c0c47b01bb8496195c020580f38e8d0633f1a068f8176d2f2975c397fa189c87,2026-10-01T20:37:44.894087+00:00,True,False
6b86d64c9e6b,data/processed/bridgeport_v7_v12_scenario_matched_for_scoring.csv,bridgeport_v7_v12_scenario_matched_for_scoring.csv,.csv,tabular_data,data_processed,Bridgeport,40150,990119c22e4b953c1ba6a7ba1c9aadce8de0897a913accd8036176579ef6b5eb,2026-10-01T20:37:44.879954+00:00,True,False
9ed66d8f9655,data/processed/expanded_variable_score_readiness.csv,expanded_variable_score_readiness.csv,.csv,tabular_data,data_processed,cross_town_or_not_applicable,328,b320535210574b7dd90552e9ec492d61dd0f8168ee5192bed2c2edf2c8349297,2026-10-01T19:46:56.795340+00:00,True,False
12b6e7b5afa8,data/processed/expanded_variable_registry_v1.json,expanded_variable_registry_v1.json,.json,structured_data,data_processed,cross_town_or_not_applicable,8097,b4c51b561ed938dea9958b0a6b93b1df4b5cc8719a672cc6de48c88dbef3b0c0,2026-10-01T19:46:56.241108+00:00,True,False
dbf83fe073c4,data/processed/bridgeport_pilot_scenario_domain_scores.csv,bridgeport_pilot_scenario_domain_scores.csv,.csv,tabular_data,data_processed,Bridgeport,2511,63b0f3fe2182463a22adf2f3ff643a7a296bcc0711ec980b540a2d87156ce2da,2026-10-01T20:44:28.600590+00:00,True,False
3345de8c1f94,data/processed/fixed_variable_override_audit.csv,fixed_variable_override_audit.csv,.csv,tabular_data,data_processed,cross_town_or_not_applicable,176415,f89d53fff67db97488ccf97584eab3228ff265c1fa49ab1b9d9e2a126c96b52f,2026-10-01T19:28:09.375656+00:00,True,True
06313504167c,data/processed/canonical_status_taxonomy.csv,canonical_status_taxonomy.csv,.csv,tabular_data,data_processed,cross_town_or_not_applicable,38419,3b4d7ccf898079fdda71051a40f18598218648b5867f717e1ed4ae5a52ca90e1,2026-10-01T21:10:43.193556+00:00,True,False
e9483fd35614,data/processed/fixed_variable_cross_reference_trail.csv,fixed_variable_cross_reference_trail.csv,.csv,tabular_data,data_processed,cross_town_or_not_applicable,7854,1857db01d0d240b2a7685ef6c29f1db388c573613299ffb9b6b3ba7da3730992,2026-10-01T19:28:09.377087+00:00,True,False
a8001e881ace,data/processed/expanded_variable_manual_verification_log.csv,expanded_variable_manual_verification_log.csv,.csv,tabular_data,data_processed,cross_town_or_not_applicable,141644,bd5ec23200e6a4c76fdaf2c3355aa0d8a6cc2aaa382022e606449a31f4c56a82,2026-10-01T19:46:56.827937+00:00,True,False
f52eb83ce824,data/processed/bridgeport_parking_full_13_building_type_recovery.parquet,bridgeport_parking_full_13_building_type_recovery.parquet,.parquet,tabular_data,data_processed,Bridgeport,8034,cdca00e863f53816267ee37c1f793c0bd84e2678a5f3c830e3d873cbc7eade91,2026-10-01T20:28:15.455644+00:00,True,False
c589681a971d,data/processed/expanded_variable_unresolved_investigation_trail.csv,expanded_variable_unresolved_investigation_trail.csv,.csv,tabular_data,data_processed,cross_town_or_not_applicable,96408,aa634814e78cbf1376eb81df1967188908db9605e9655dff803ecf8d5c7afdf4,2026-10-01T19:46:56.835338+00:00,True,False
40a77c527085,data/processed/expanded_variable_registry_v1.csv,expanded_variable_registry_v1.csv,.csv,tabular_data,data_processed,cross_town_or_not_applicable,5997,a316f81ad4a5b6f6bcb3a1daa61daada907b16f51d8cf8893438b3b206fa3196,2026-10-01T19:46:56.240550+00:00,True,True
58764fd420f3,data/processed/fixed_variable_recovery_matrix_bridgeport_greenwich.parquet,fixed_variable_recovery_matrix_bridgeport_greenwich.parquet,.parquet,tabular_data,data_processed,Bridgeport,34289,8567cebbe43ffcac4c340d2e2e82532f3c11f064ddcf16954a29481059c2ec60,2026-10-01T19:28:09.361850+00:00,True,False
9b8353660938,data/processed/fixed_variable_manual_verification_log.csv,fixed_variable_manual_verification_log.csv,.csv,tabular_data,data_processed,cross_town_or_not_applicable,164566,97ad2bcb1615b8354895121c3ce5b86ee4c0a2d98e72356fe016bc0d287d3e81,2026-10-01T19:28:09.369431+00:00,True,False
68af4de91655,data/processed/expanded_variable_scenario_aggregation_spec_draft.md,expanded_variable_scenario_aggregation_spec_draft.md,.md,documentation,data_processed,cross_town_or_not_applicable,1241,39de9aaf9d3f7469e955a14402090a448d381654e1f88296105cdf820b7d1782,2026-10-01T19:46:56.803559+00:00,True,False
77fdb0f883dd,data/processed/greenwich_phase_2_manual_rule_review.csv,greenwich_phase_2_manual_rule_review.csv,.csv,tabular_data,data_processed,Greenwich,4476,970726c6c93e4fad615550b1292924c01ef80e161583820eaca3c8bc39cc28da,2026-10-01T09:00:40.193372+00:00,True,True
d9c888aabfc0,data/processed/expanded_variable_override_audit.csv,expanded_variable_override_audit.csv,.csv,tabular_data,data_processed,cross_town_or_not_applicable,237671,2d96a18194fcce129d20a7fb80c4b1431f09af7d612daf8212d7ad7cf1de9787,2026-10-01T19:46:56.830876+00:00,True,True
537b83c1cd7d,data/processed/expanded_variable_recovery_matrix_bridgeport_greenwich.parquet,expanded_variable_recovery_matrix_bridgeport_greenwich.parquet,.parquet,tabular_data,data_processed,Bridgeport,30162,e12e3fa01d66ef4935021d9e670dfce3ae2615bfc1688f135d0858ca5cfb6ad8,2026-10-01T19:46:56.821699+00:00,True,False
e86c51560568,data/processed/bridgeport_v7_v12_master_use_table_addendum.csv,bridgeport_v7_v12_master_use_table_addendum.csv,.csv,tabular_data,data_processed,Bridgeport,51514,636addfb62ddacafca8a377e45dd01177fd32b666d1715776666bbd48e34e1a7,2026-10-01T20:28:15.414577+00:00,True,False
7f83dbc9aaf8,data/processed/expanded_variable_scoring_rubrics_draft.csv,expanded_variable_scoring_rubrics_draft.csv,.csv,tabular_data,data_processed,cross_town_or_not_applicable,4368,8a151560ad560503559c3e28a162822d30f2c9ff7300ae349162a44e2400a48e,2026-10-01T19:46:56.803228+00:00,True,False
7ec1249de106,data/processed/repository_artifact_catalog.parquet,repository_artifact_catalog.parquet,.parquet,tabular_data,data_processed,cross_town_or_not_applicable,182030,51ab4df2a7bab1ed87da6e6c4f98e1973595d900418748a878c01ba0f59dad03,2026-10-01T21:10:42.920373+00:00,True,False
72a04439b711,data/processed/expanded_variable_uncertainty_and_coverage_spec_draft.md,expanded_variable_uncertainty_and_coverage_spec_draft.md,.md,documentation,data_processed,cross_town_or_not_applicable,894,3d4e5b785b62b770ecf58aebdf77ef6f5200f54433ab45081dd93a1a7fff0602,2026-10-01T19:46:56.803708+00:00,True,False
2f262c45c159,data/processed/fixed_variable_final_evidence_profile_bridgeport_greenwich.csv,fixed_variable_final_evidence_profile_bridgeport_greenwich.csv,.csv,tabular_data,data_processed,Bridgeport,176415,f89d53fff67db97488ccf97584eab3228ff265c1fa49ab1b9d9e2a126c96b52f,2026-10-01T19:28:09.365277+00:00,True,True
750bb140ac86,data/interim/bridgeport/step_02_6_visual_table_raw_cells.parquet,step_02_6_visual_table_raw_cells.parquet,.parquet,tabular_data,data_interim,Bridgeport,11812,f91fca495ff3e78a9c1b544a33e169113ceaff43d34649260a19d844a8aad769,2026-10-01T18:20:22.904252+00:00,True,False
4bb5ef8bee1f,data/interim/bridgeport/step_02_8_parking_completion_raw_cells.parquet,step_02_8_parking_completion_raw_cells.parquet,.parquet,tabular_data,data_interim,Bridgeport,7471,3e15c4414f0c5b8609599e6fb808734f13c48ae67423a904805d320306392807,2026-10-01T20:28:15.442182+00:00,True,False
add7e00f9fc7,data/interim/bridgeport/step_02_6_visual_table_crop_inventory.csv,step_02_6_visual_table_crop_inventory.csv,.csv,tabular_data,data_interim,Bridgeport,8109,6def73f72886f7730ebc1d9bc27ece6c93ca72c5925147459a55c3c35f3d4257,2026-10-01T18:20:22.808817+00:00,True,False
d9440fb0ea2e,data/interim/bridgeport/step_07_hierarchy_nodes.parquet,step_07_hierarchy_nodes.parquet,.parquet,tabular_data,data_interim,Bridgeport,111442,3841aff127dc562361e858d1dda59a7bc7030203e03a97209f86ee8d5aeea4d7,2026-10-01T16:21:11.786446+00:00,True,False
42e3df139b2d,data/interim/bridgeport/step_02_table_context.parquet,step_02_table_context.parquet,.parquet,tabular_data,data_interim,Bridgeport,77395,555d7446ebfbe113ac7d1ffdd7a63cdd872e7e6c00bf29a93fbbc90b209a314b,2026-10-01T16:22:50.801337+00:00,True,False
8b0cb9f66f26,data/interim/bridgeport/step_05_unified_native_tokens.parquet,step_05_unified_native_tokens.parquet,.parquet,tabular_data,data_interim,Bridgeport,5099189,9f052b4e0d20e93b86c8ac7008ef9769487f09da7778227a516cf458ceab9417,2026-10-01T16:21:08.116193+00:00,True,False
978b65101f92,data/interim/bridgeport/step_02_5_vlm_rule_candidates.parquet,step_02_5_vlm_rule_candidates.parquet,.parquet,tabular_data,data_interim,Bridgeport,11026,e4280bd99e5122302db1c18585b6d4d7c57f9a2da3b02edc25f941f91fda7ffb,2026-10-01T17:27:12.297142+00:00,True,False
8629e67f0dee,data/interim/bridgeport/step_02_8_master_use_table_raw_cells.parquet,step_02_8_master_use_table_raw_cells.parquet,.parquet,tabular_data,data_interim,Bridgeport,15487,790e9e066513412f17c4e5793c6d6c2fc75e350448fd1f5fd36c6d12dfdbbd87,2026-10-01T20:28:15.357354+00:00,True,False
c6116fb10115,data/interim/bridgeport/step_05_normalized_document_text.txt,step_05_normalized_document_text.txt,.txt,text,data_interim,Bridgeport,735383,d7fa4799491e64569261f6bb111bf564b7646d5978c1c91372c9722f35ebc629,2026-10-01T16:21:08.146892+00:00,True,False
375363816c7a,data/interim/bridgeport/step_02_5_vlm_crop_inventory.csv,step_02_5_vlm_crop_inventory.csv,.csv,tabular_data,data_interim,Bridgeport,12158,9addce0c8a521a6f94abcb5a7e74356ad3be72139104c2afa715f6f22f9341a8,2026-10-01T17:27:12.245754+00:00,True,False
8156c6ab1adb,data/interim/bridgeport/step_02_5_vlm_visual_packets.parquet,step_02_5_vlm_visual_packets.parquet,.parquet,tabular_data,data_interim,Bridgeport,11718,ab75055d5782dccfb9e0373c819e877a99f740df6c1a637e44e28c911a70db46,2026-10-01T17:27:12.243150+00:00,True,False
10267fd1a6c9,data/interim/bridgeport/step_02_7_building_siting_raw_cells.parquet,step_02_7_building_siting_raw_cells.parquet,.parquet,tabular_data,data_interim,Bridgeport,10435,6b4ac0007f82ff59ecbe2bc0b3ce1c0b5b23575e8c29a9224a93af9ead0cdc2c,2026-10-01T19:28:09.275075+00:00,True,False
eae1c54052cc,data/interim/bridgeport/step_01_5_repaired_hierarchy_nodes.parquet,step_01_5_repaired_hierarchy_nodes.parquet,.parquet,tabular_data,data_interim,Bridgeport,74545,eabcbbda5d12cd81d9156f53dbf88db2432a051fa03985d17ef10e819f47f3d3,2026-10-01T16:21:44.005997+00:00,True,False
e097624858f8,data/interim/bridgeport/step_02_5_vlm_calibration_predictions.csv,step_02_5_vlm_calibration_predictions.csv,.csv,tabular_data,data_interim,Bridgeport,68,0ac7b64776b4963d23830d11f8b3e7a4c5291a5b2e5e10159bb0398af8251dcf,2026-10-01T17:27:12.284537+00:00,True,False
030e13a8ccba,data/interim/bridgeport/step_02_5_vlm_calibration_reference_labels.csv,step_02_5_vlm_calibration_reference_labels.csv,.csv,tabular_data,data_interim,Bridgeport,1694,bd09cdd2f7d8a0516aaf0b3fbb970b82fafad810ae1ffd55fe1f7962299ee3d4,2026-10-01T17:27:12.283071+00:00,True,False
21a16ba99d71,data/interim/bridgeport/step_02_raw_table_candidates.parquet,step_02_raw_table_candidates.parquet,.parquet,tabular_data,data_interim,Bridgeport,484733,d481cc505d3366f76d7cf2c61254eefd9310fd29fabfd41b4bd168aeebf859a6,2026-10-01T16:22:50.426528+00:00,True,False
9d27e573c0c0,data/interim/bridgeport/step_02_table_cells.parquet,step_02_table_cells.parquet,.parquet,tabular_data,data_interim,Bridgeport,64887,b1be9e91f4a5070e59562a922693bff764aa97eb1e7d6366098f2ef48e223b22,2026-10-01T16:22:50.682811+00:00,True,False
8f2011c34c3d,data/interim/bridgeport/step_02_6_visual_table_candidate_pages.csv,step_02_6_visual_table_candidate_pages.csv,.csv,tabular_data,data_interim,Bridgeport,1428,2353c5a43683be33ba9ed00c45c57a9b4c30988760b121e6ac49dda195250693,2026-10-01T18:19:10.967946+00:00,True,False
e7866d57f901,data/interim/bridgeport/step_05_text_spans.parquet,step_05_text_spans.parquet,.parquet,tabular_data,data_interim,Bridgeport,1532054,893fc70895e99b4332a9715c0f1037082151e19e941b80438c32173a9a3cbc5f,2026-10-01T16:21:08.141848+00:00,True,False
6d5aa678067b,data/interim/bridgeport/step_02_5_vlm_raw_responses.jsonl,step_02_5_vlm_raw_responses.jsonl,.jsonl,structured_data,data_interim,Bridgeport,0,e3b0c44298fc1c149afbf4c8996fb92427ae41e4649b934ca495991b7852b855,2026-10-01T17:27:12.294341+00:00,False,True
3ff41cafaafb,data/interim/bridgeport/step_01_5_layout_ordered_tokens.parquet,step_01_5_layout_ordered_tokens.parquet,.parquet,tabular_data,data_interim,Bridgeport,1229101,7f354084920496bf68e92d6e326e19c611705110b72f168928a6c4ccb4e52abe,2026-10-01T16:21:44.003377+00:00,True,False
53b9d0c5c413,data/processed/pilot_scoring_input_v1/scoring_rubrics_draft_subset.csv,scoring_rubrics_draft_subset.csv,.csv,tabular_data,data_processed,cross_town_or_not_applicable,3330,710734184b14bff68a2606b991eece1f3cdfaeb97efa1b5ac4d76a8d4fcbbd01,2026-10-01T20:37:45.977067+00:00,True,False
87ebf438cd1e,data/processed/pilot_scoring_input_v1/scenario_eligibility_universe.csv,scenario_eligibility_universe.csv,.csv,tabular_data,data_processed,cross_town_or_not_applicable,17329,9f308b4e3cfa567bbcd821b8e4381d5198e587afebad99cf789b166d03ad2634,2026-10-01T20:37:45.977668+00:00,True,True
d4488276fe98,data/processed/pilot_scoring_input_v1/dependency_map_subset.csv,dependency_map_subset.csv,.csv,tabular_data,data_processed,cross_town_or_not_applicable,1759,7e5671fdade53c7a881b71c3a3622fb29d1e382f4538daa8a244bd106ee062ed,2026-10-01T20:37:45.976737+00:00,True,True
a332f50cf676,data/processed/pilot_scoring_input_v1/manifest.json,manifest.json,.json,structured_data,data_processed,cross_town_or_not_applicable,1355,01b51276b09f616de3ef35a1aa7a0a26a3ae283da880c4183058515efaca31ae,2026-10-01T20:37:45.978133+00:00,True,False
f3a058ecab3d,data/processed/pilot_scoring_input_v1/variable_registry_subset.csv,variable_registry_subset.csv,.csv,tabular_data,data_processed,cross_town_or_not_applicable,4688,f2b004c93a12b10415a8a8785804846aa5d2bf93f09d6e0b1e18163442903406,2026-10-01T20:37:45.976403+00:00,True,False
63129eaa6fbe,data/processed/greenwich/greenwich_phase_2_7_fixed_variable_recovery_addendum.csv,greenwich_phase_2_7_fixed_variable_recovery_addendum.csv,.csv,tabular_data,data_processed,Greenwich,7319,2706eef12513aac95cbf5837481d2a72e0fcace61b297cef4a6745325d555301,2026-10-01T19:28:09.382715+00:00,True,False
99dc51b15cd4,data/processed/greenwich/greenwich_phase_2_8_expanded_variable_recovery_addendum.csv,greenwich_phase_2_8_expanded_variable_recovery_addendum.csv,.csv,tabular_data,data_processed,Greenwich,9595,46ca4940e66ba9a99e10645276ca13dedb922273f04aebc26435d9413210adbb,2026-10-01T19:46:56.843422+00:00,True,True
36895837084e,data/processed/greenwich/greenwich_phase_2_8_expanded_variable_override_audit.csv,greenwich_phase_2_8_expanded_variable_override_audit.csv,.csv,tabular_data,data_processed,Greenwich,9595,46ca4940e66ba9a99e10645276ca13dedb922273f04aebc26435d9413210adbb,2026-10-01T19:46:56.844568+00:00,True,True
9f32cea87e47,data/processed/bridgeport/bridgeport_all_district_classification.csv,bridgeport_all_district_classification.csv,.csv,tabular_data,data_processed,Bridgeport,10022,b87505147d82dd07a717bd7fb98d4725e50ea442129e25ca08013d9f771c273b,2026-10-01T16:59:47.751199+00:00,True,False
e5ac11ebc7ac,data/processed/bridgeport/bridgeport_candidate_evidence_labels.csv,bridgeport_candidate_evidence_labels.csv,.csv,tabular_data,data_processed,Bridgeport,112008,64654d095a496c0468fa81941a565479cf43f29229efa24f8c46b67a37c9c0ec,2026-10-01T16:59:48.481853+00:00,True,False
15ac506aca6e,data/processed/bridgeport/step_09_diagram_or_unverified_table_candidates.csv,step_09_diagram_or_unverified_table_candidates.csv,.csv,tabular_data,data_processed,Bridgeport,105543,2a40ffab30a347927f739b0ed95cd6240e94e1dc3ae5176aef75d78b5ca98b52,2026-10-01T16:24:16.837710+00:00,True,False
bcf42c017ba4,data/processed/bridgeport/bridgeport_all_district_rule_extractions.csv,bridgeport_all_district_rule_extractions.csv,.csv,tabular_data,data_processed,Bridgeport,562839,4b9ae6641e8b643b5ce5b6be0f5c05d83b57a1941e31c9fc29c5715e99a91369,2026-10-01T16:59:48.518966+00:00,True,False
2f780bf8e30b,data/processed/bridgeport/bridgeport_phase_2_manual_rule_review.csv,bridgeport_phase_2_manual_rule_review.csv,.csv,tabular_data,data_processed,Bridgeport,287,177c1703ede769ce3a7cc3d67fccb23acff1f7313cfdf760b1baa136d1e293d3,2026-10-01T16:59:48.449994+00:00,True,False
d3264bf3f144,data/processed/bridgeport/step_06_general_rule_library.parquet,step_06_general_rule_library.parquet,.parquet,tabular_data,data_processed,Bridgeport,105735,f5471813d01df885a2741bf828da05115515acc07a3dcbfcd56a5cea1e619522,2026-10-01T16:24:08.826968+00:00,True,False
2e687595ad3e,data/processed/bridgeport/bridgeport_phase_2_6_evidence_profile_addendum.csv,bridgeport_phase_2_6_evidence_profile_addendum.csv,.csv,tabular_data,data_processed,Bridgeport,23469,942b3d11107435ba4d76595c6d2bfbec8eb3925ebee69a1c880afd0ba75bf8d2,2026-10-01T18:20:22.962873+00:00,True,False
6cd7c9569961,data/processed/bridgeport/bridgeport_phase_2_6_visual_table_overrides.csv,bridgeport_phase_2_6_visual_table_overrides.csv,.csv,tabular_data,data_processed,Bridgeport,58948,fa13111df101adefd81bfe06ee1de1ab76e220f590926bc825d09f4d33184166,2026-10-01T18:20:22.955264+00:00,True,False
dbc185199bda,data/processed/bridgeport/bridgeport_phase_2_6_visual_table_manual_verification.csv,bridgeport_phase_2_6_visual_table_manual_verification.csv,.csv,tabular_data,data_processed,Bridgeport,129224,ed0ac51d2b64176cd3ea02d21130906f1c95bd0f058013ba4d6d2b1f394e9156,2026-10-01T18:20:22.939361+00:00,True,False
ea1619df80e2,data/processed/bridgeport/bridgeport_vlm_manual_verification.csv,bridgeport_vlm_manual_verification.csv,.csv,tabular_data,data_processed,Bridgeport,8247,0e395fde7c948cea6216ec37fd774fce14b201d84dd4226188722a61d6a7a21b,2026-10-01T17:27:12.307846+00:00,True,False
fd155d67d6f8,data/processed/bridgeport/bridgeport_vlm_diagram_candidates.csv,bridgeport_vlm_diagram_candidates.csv,.csv,tabular_data,data_processed,Bridgeport,394,6eceaa04e264e06e210a862af398ccb745cd139eee84f710ad5247b6547204f5,2026-10-01T17:27:12.294184+00:00,True,False
592109cf20cc,data/processed/bridgeport/bridgeport_all_district_rule_candidates.parquet,bridgeport_all_district_rule_candidates.parquet,.parquet,tabular_data,data_processed,Bridgeport,27671,02e8d180d85791d39482dd7c4dbeef9f74277798c318de7e9e1962d60067db39,2026-10-01T16:59:48.388702+00:00,True,False
9e4dcaaf592c,data/processed/bridgeport/bridgeport_phase_2_5_override_audit.csv,bridgeport_phase_2_5_override_audit.csv,.csv,tabular_data,data_processed,Bridgeport,243,4db6ca367110666e703db94c9f7b3ed76925b7df85fe3d03a9b65fd0b9981606,2026-10-01T17:27:12.313385+00:00,True,False
c282ebc2ca9d,data/processed/bridgeport/bridgeport_phase_2_6_comparability_addendum.csv,bridgeport_phase_2_6_comparability_addendum.csv,.csv,tabular_data,data_processed,Bridgeport,29049,4443dc8f58ca1845d7e8b22eed690f7830be80466c07ee4e0ced447096c971fa,2026-10-01T18:20:22.964477+00:00,True,False
5ce6f09a3bb0,data/processed/bridgeport/bridgeport_phase_2_7_fixed_variable_recovery_addendum.csv,bridgeport_phase_2_7_fixed_variable_recovery_addendum.csv,.csv,tabular_data,data_processed,Bridgeport,169652,a40050fe7c3f4f2a1df42b63a1feca34a884f760d3f903044e39b66ec6a98f9e,2026-10-01T19:28:09.381145+00:00,True,False
eb1359f4600f,data/processed/bridgeport/bridgeport_phase_2_manual_override_audit.csv,bridgeport_phase_2_manual_override_audit.csv,.csv,tabular_data,data_processed,Bridgeport,348,985353d4d38ddf5eaa0acf95112f190bcef9cae79f557da5c51fccbdd176f7e6,2026-10-01T16:59:48.450616+00:00,True,False
b72558200edb,data/processed/bridgeport/bridgeport_gis_zone_crosswalk.csv,bridgeport_gis_zone_crosswalk.csv,.csv,tabular_data,data_processed,Bridgeport,1917,79882823177b37cef648050a2253f371950ca7209f9e59603a6cccdd3615e1d3,2026-10-01T16:24:13.758892+00:00,True,False
4022221fd8bf,data/processed/bridgeport/bridgeport_all_district_comparability.csv,bridgeport_all_district_comparability.csv,.csv,tabular_data,data_processed,Bridgeport,178212,96d6caf4614fb3b9dda53bf8f388a4f967e0c96ded8bd13a5dd416e779c81c64,2026-10-01T16:59:48.522173+00:00,True,False
3375f9a523d4,data/processed/bridgeport/step_07_dissolved_gross_area.csv,step_07_dissolved_gross_area.csv,.csv,tabular_data,data_processed,Bridgeport,388,27546a06071d1df238daf41c9c50dad7aeba9b075781b593568ccf1be85733ea,2026-10-01T16:24:13.750109+00:00,True,False
b1aa9bf17005,data/processed/bridgeport/step_04_primary_district_blocks.parquet,step_04_primary_district_blocks.parquet,.parquet,tabular_data,data_processed,Bridgeport,14214,391755c81622becdbba7a36a911ad9717456181d465136c5da46acc47fee4267,2026-10-01T16:23:44.091733+00:00,True,False
54cc0ea84cb9,data/processed/bridgeport/bridgeport_phase_2_evidence_profile.csv,bridgeport_phase_2_evidence_profile.csv,.csv,tabular_data,data_processed,Bridgeport,592857,454f9728a4b6d602960fdbf4f50641f6f6a25de35a0c89abc7744081bf7dac32,2026-10-01T16:59:53.894212+00:00,True,False
2fe382729b5b,data/processed/bridgeport/bridgeport_phase_2_8_expanded_variable_override_audit.csv,bridgeport_phase_2_8_expanded_variable_override_audit.csv,.csv,tabular_data,data_processed,Bridgeport,228457,ff2730b74c3e5ebbff77434659f8b4a8098c1eb41e142ea9c44c04e038a7e4a7,2026-10-01T19:46:56.842314+00:00,True,True
4c994e83052f,data/processed/bridgeport/bridgeport_phase_2_6_visual_table_override_audit.csv,bridgeport_phase_2_6_visual_table_override_audit.csv,.csv,tabular_data,data_processed,Bridgeport,133674,c66bae4cc74d6967881d28f488c648bce70a3b6bffbdbc972480457034f839e9,2026-10-01T18:20:22.960363+00:00,True,False
38f73ebc703c,data/processed/bridgeport/bridgeport_all_district_scenarios.parquet,bridgeport_all_district_scenarios.parquet,.parquet,tabular_data,data_processed,Bridgeport,7823,337408571e4cf428493983d2c94cdb42d01bedecec144444ef692762c919e1f5,2026-10-01T16:59:47.996952+00:00,True,False
cabebee51a54,data/processed/bridgeport/bridgeport_phase_2_5_verified_overrides.csv,bridgeport_phase_2_5_verified_overrides.csv,.csv,tabular_data,data_processed,Bridgeport,226,a7255ba2fa060495508c1ae82d601ad6c9b8e99bd0283dcd8caddbb804bf3690,2026-10-01T17:27:12.312752+00:00,True,False
515c091a4e42,data/processed/bridgeport/bridgeport_final_evidence_bundles.parquet,bridgeport_final_evidence_bundles.parquet,.parquet,tabular_data,data_processed,Bridgeport,21251,b0fef9179aa1a984dfd0ac6aaa4d50dbbebaf5b1ad0f251af858c86a7dffa74f,2026-10-01T16:24:16.826081+00:00,True,False
e78ee5570509,data/processed/bridgeport/bridgeport_phase_2_5_evidence_profile_addendum.csv,bridgeport_phase_2_5_evidence_profile_addendum.csv,.csv,tabular_data,data_processed,Bridgeport,53,2083e64d941adf475b3f4eb56b58185ecba16393c94a3b92359d24fbb43bee15,2026-10-01T17:27:12.313810+00:00,True,False
7c38cb2a1568,data/processed/bridgeport/bridgeport_all_district_rule_extractions.parquet,bridgeport_all_district_rule_extractions.parquet,.parquet,tabular_data,data_processed,Bridgeport,33614,ae9ea192b312b943d1aa06368cc7e68022428bb8842924a0763942053ee1ddfd,2026-10-01T16:59:48.513255+00:00,True,False
7b56a92dc090,data/processed/bridgeport/bridgeport_phase_2_8_expanded_variable_recovery_addendum.csv,bridgeport_phase_2_8_expanded_variable_recovery_addendum.csv,.csv,tabular_data,data_processed,Bridgeport,228457,ff2730b74c3e5ebbff77434659f8b4a8098c1eb41e142ea9c44c04e038a7e4a7,2026-10-01T19:46:56.838801+00:00,True,True
022aa2ff3ee9,data/processed/bridgeport/bridgeport_final_evidence_bundles.csv,bridgeport_final_evidence_bundles.csv,.csv,tabular_data,data_processed,Bridgeport,28982,b23f6910c9746ec07bee2d288f2335771b99c5998f77bdd15b22f8597b8cba5d,2026-10-01T16:24:16.827102+00:00,True,False
64dbfa34d31f,data/processed/bridgeport/step_00_scenario_aware_rule_schema.parquet,step_00_scenario_aware_rule_schema.parquet,.parquet,tabular_data,data_processed,Bridgeport,26597,72320f6d048ebcd9173b7b5e6a844b5508f5686528e25435315b8f567a1e453b,2026-10-01T16:59:45.037061+00:00,True,False
e836cd616d45,data/processed/bridgeport/bridgeport_phase_2_5_comparability_addendum.csv,bridgeport_phase_2_5_comparability_addendum.csv,.csv,tabular_data,data_processed,Bridgeport,69,e43a5d130754f2904e8632a0725c0038afbb3a32d04b029586eb6124fda9f3a5,2026-10-01T17:27:12.314197+00:00,True,False
2ebc949e3a31,data/processed/bridgeport/bridgeport_district_metadata.csv,bridgeport_district_metadata.csv,.csv,tabular_data,data_processed,Bridgeport,12381,a2e9b93faf969a3cbdf497895667a97eceee2144973b74b02d06fe144920d6b7,2026-10-01T16:24:14.168657+00:00,True,False
286d4e0626b1,data/raw/greenwich/greenwich_building_zone_regulations_full_2023-08.pdf,greenwich_building_zone_regulations_full_2023-08.pdf,.pdf,source_document,data_raw,Greenwich,4314528,18417c5e9074d765ab4483571b9ac3d6aeb162b37b1b302f7a8ce1f13e963dcb,2026-09-29T01:10:09.926646+00:00,True,False
f7cbfde5125c,data/raw/greenwich/README.md,README.md,.md,documentation,data_raw,Greenwich,934,b715e42bd4d2b774aff3e7b35b9550c8a593b07a2df80d0b07b11e5f12064393,2026-09-29T01:10:54.148987+00:00,True,False
7b5f0e9a23eb,data/raw/greenwich/source_metadata.json,source_metadata.json,.json,structured_data,data_raw,Greenwich,2466,462dd20fb7d4caaa0d948238c633c50f54cb534fa8c6385d29704d5a694fea3a,2026-10-01T02:41:02.663672+00:00,True,False
1c074d02a14d,data/raw/bridgeport/README.md,README.md,.md,documentation,data_raw,Bridgeport,3033,7575647530c3fb3b0c69a1ed0bdfb68c5ee6ff5866363ca3153158aba5bb5d40,2026-10-01T09:55:15.227780+00:00,True,False
b6f8e3be376e,data/raw/bridgeport/bridgeport_zoning_code_full_2022-01.pdf.pdf,bridgeport_zoning_code_full_2022-01.pdf.pdf,.pdf,source_document,data_raw,Bridgeport,8703558,afe7c678fa5dfc8581cca968c59eac168aa3b69b0807d26272e274fe88a21d90,2026-10-01T09:21:46.068072+00:00,True,False
ca0463a75eb8,data/raw/bridgeport/source_metadata.json,source_metadata.json,.json,structured_data,data_raw,Bridgeport,3461,5a51c30b50ec077535c89b8f3fce53429e2e5ab84abf664b45bdd70f2234f3c7,2026-10-01T09:55:32.874588+00:00,True,False
2ad5c4179c4c,data/raw/reference/connecticut_zoning_atlas_harmonized.csv,connecticut_zoning_atlas_harmonized.csv,.csv,tabular_data,data_raw,cross_town_or_not_applicable,304,004355ac19086cc718430d0b34bd6aa55e0b519b4011b76f3fed9247894d9ad4,2026-10-01T03:04:10.779168+00:00,True,False
83393ebdaf06,data/raw/greenwich_gis/greenwich_zone_boundaries.geojson,greenwich_zone_boundaries.geojson,.geojson,geospatial_data,data_raw,Greenwich,2947159,9d069caf06047ff73437e312d464cecc2dde0c1c2aca7d55bc488e763edb7fba,2026-10-01T02:30:07.003279+00:00,True,False
d4c717da4181,data/raw/bridgeport/gis/bridgeport_zoning_districts_2021.geojson,bridgeport_zoning_districts_2021.geojson,.geojson,geospatial_data,data_raw,Bridgeport,2860866,31f0a2bebb60914a11b4a5b168c291b82af2968c5eff922a24e404878d949ff9,2026-10-01T09:39:20.597200+00:00,True,False
8998adc688c4,outputs/tables/step_05_reconciliation_results.csv,step_05_reconciliation_results.csv,.csv,tabular_data,outputs_tables,cross_town_or_not_applicable,2607331,fe18706b2ddf12e63d640b5c8c00df79196b440d8efc0a9201e7d7e88b2020cd,2026-10-01T02:48:03.524924+00:00,True,False
17d28a2b7ced,outputs/tables/step_18_district_registry_preview.csv,step_18_district_registry_preview.csv,.csv,tabular_data,outputs_tables,cross_town_or_not_applicable,8036,114c82679e0546a4357c6e163d026d089a73b135fe83003dafb76ab27b856ba0,2026-10-01T02:48:52.671179+00:00,True,False
875e3a4b68dd,outputs/tables/step_15_district_table_row_matches.csv,step_15_district_table_row_matches.csv,.csv,tabular_data,outputs_tables,cross_town_or_not_applicable,3784,751a76b4637f71d244bc34fce9093e7976e6905975cdf2d8f63c1349490b6af3,2026-10-01T02:48:51.298989+00:00,True,True
c081fff622c4,outputs/tables/greenwich_legal_bert_diagnostic.csv,greenwich_legal_bert_diagnostic.csv,.csv,tabular_data,outputs_tables,Greenwich,106,963f5e2b6e018e3bbc6b9bf5c1e0483e1b08c6375958af358e271e6d5d176305,2026-10-01T09:09:03.516220+00:00,True,False
8d073a5b9468,outputs/tables/greenwich_sensitivity_analysis.csv,greenwich_sensitivity_analysis.csv,.csv,tabular_data,outputs_tables,Greenwich,47,823f93853ebc007d9d0b10a633cf7119b36a7c84946d43abf9eef4e2ecf4f11c,2026-10-01T09:09:04.114133+00:00,True,False
3d56e826516d,outputs/tables/greenwich_rule_candidate_evidence.csv,greenwich_rule_candidate_evidence.csv,.csv,tabular_data,outputs_tables,Greenwich,18372,d03fda6d792d71ef5dd9176264b935b238d20db0576f9fbdcd6b0dafeec8d67b,2026-10-01T09:09:03.387998+00:00,True,False
2e7ab718b203,outputs/tables/step_15_dimensional_parameter_preview.csv,step_15_dimensional_parameter_preview.csv,.csv,tabular_data,outputs_tables,cross_town_or_not_applicable,2910,a65588a762a22406c45ef53c6825515751e05ce5ec0d7579b4c4ec51554e66e3,2026-10-01T02:48:51.323120+00:00,True,False
e1d68e697a75,outputs/tables/bridgeport_pilot_sensitivity_correlation.csv,bridgeport_pilot_sensitivity_correlation.csv,.csv,tabular_data,outputs_tables,Bridgeport,212,9fbc3f6a8cd07b50576c3b81da89b1add9e89ca80cf70fbf08679aeb093bd07c,2026-10-01T20:44:29.492617+00:00,True,False
e032f4754f46,outputs/tables/fixed_variable_comparability_matrix.csv,fixed_variable_comparability_matrix.csv,.csv,tabular_data,outputs_tables,cross_town_or_not_applicable,309,16287f0f45acd34675ed53d18b82208dfaa8d28c4fdcdb9e0f027d18a5db03b5,2026-10-01T19:28:09.410512+00:00,True,False
fc2a3c56e5ac,outputs/tables/greenwich_town_rule_extractions.csv,greenwich_town_rule_extractions.csv,.csv,tabular_data,outputs_tables,Greenwich,8200,134154cd65dba3061de2cc9218b55d9387737d7c6b7d66a1723eabbc90cd275d,2026-10-01T09:09:04.058100+00:00,True,False
69563315e7bd,outputs/tables/expanded_variable_availability_diagnosis.csv,expanded_variable_availability_diagnosis.csv,.csv,tabular_data,outputs_tables,cross_town_or_not_applicable,311,f39830a9039306ec4630a1d4715210626d39f724947ba33df8e9a4fdd1dc3824,2026-10-01T19:46:56.867702+00:00,True,False
aa17958f014f,outputs/tables/step_03_native_text_samples.csv,step_03_native_text_samples.csv,.csv,tabular_data,outputs_tables,cross_town_or_not_applicable,1256,06a3e6116e98564a0c0765814f2bfc75839f870d6f5ddca2422b9914453939fe,2026-10-01T02:41:19.797299+00:00,True,False
6eb2277b6ee6,outputs/tables/step_05_ocr_target_pages.csv,step_05_ocr_target_pages.csv,.csv,tabular_data,outputs_tables,cross_town_or_not_applicable,294954,da7b8456685ba83d0cfb655668b7d1f84501e96d7bdbff9dc4978cc2b69d34b9,2026-10-01T02:48:03.502795+00:00,True,True
f831d47c0a14,outputs/tables/fixed_variable_missingness_diagnosis.csv,fixed_variable_missingness_diagnosis.csv,.csv,tabular_data,outputs_tables,cross_town_or_not_applicable,271,d256ad29bf636bf1c660b9ec56dea638a3bc6fd3f73ad702df8e284acbbc3d35,2026-10-01T19:28:09.408522+00:00,True,False
1d24e1c5aa9c,outputs/tables/variable_score_readiness_validation_matrix.csv,variable_score_readiness_validation_matrix.csv,.csv,tabular_data,outputs_tables,cross_town_or_not_applicable,782,9ec6d9a4d7dad76a02d018d3cea10df9e61caac6a3afce68b6078fcd03c02a3e,2026-10-01T21:10:46.560517+00:00,True,False
83b700278e57,outputs/tables/step_14_matched_townwide_rules.csv,step_14_matched_townwide_rules.csv,.csv,tabular_data,outputs_tables,cross_town_or_not_applicable,6161965,760e9d283967dc2e01d796df8cb7d11c30c601fc03f9e75aa82d546eae7507d1,2026-10-01T02:48:50.965496+00:00,True,False
776abadd477c,outputs/tables/step_09_token_table_assignment_summary.csv,step_09_token_table_assignment_summary.csv,.csv,tabular_data,outputs_tables,cross_town_or_not_applicable,104,a52cb1f751130fb076a07260630533f4ba9075b8c668423d8fe8adc0e77858aa,2026-10-01T02:48:34.247168+00:00,True,False
867cf278a2a0,outputs/tables/bridgeport_phase_2_8_final_validation.csv,bridgeport_phase_2_8_final_validation.csv,.csv,tabular_data,outputs_tables,Bridgeport,963,da1879564ab9d535886b671eb1d12c098543caa98ecf5da577bd7f4ec3ea25dc,2026-10-01T20:28:17.129916+00:00,True,False
e81614d5b34b,outputs/tables/step_06_token_counts_by_page.csv,step_06_token_counts_by_page.csv,.csv,tabular_data,outputs_tables,cross_town_or_not_applicable,7460,18ea29be30e044ee75b9eb8e505acccd3ecf1ac16856a05cc5fd334b2dc44fe3,2026-10-01T02:48:04.613662+00:00,True,False
11ed1bf84d24,outputs/tables/step_18_district_metadata.csv,step_18_district_metadata.csv,.csv,tabular_data,outputs_tables,cross_town_or_not_applicable,20199,3624ed44ea9767410cd13642e47120915a946c931f8c87df76ec50ecc1e3e0ea,2026-10-01T02:48:52.670185+00:00,True,True
3f703308ac53,outputs/tables/bridgeport_pilot_scenario_coverage_disclosure.csv,bridgeport_pilot_scenario_coverage_disclosure.csv,.csv,tabular_data,outputs_tables,Bridgeport,2865,2cb0811a775c82f2bd6de9cdb698aea73c9e0d94b1b92614696fb586f343f5f7,2026-10-01T20:44:30.070388+00:00,True,False
66e50a96499a,outputs/tables/step_06_token_counts_by_engine.csv,step_06_token_counts_by_engine.csv,.csv,tabular_data,outputs_tables,cross_town_or_not_applicable,117,3135b2f7d554669b886ca35cb46aec94821e99173200e04e6919d193568be05f,2026-10-01T02:48:04.615119+00:00,True,False
76e6102ad54d,outputs/tables/step_08_hierarchy_validation_results.csv,step_08_hierarchy_validation_results.csv,.csv,tabular_data,outputs_tables,cross_town_or_not_applicable,483,8de095f00b60b365425b350f8f1b61ed082430c941942e6be85d4d0e4fa6f4c6,2026-10-01T02:48:07.895462+00:00,True,False
254c449fa84e,outputs/tables/bridgeport_pilot_excluded_variables_panel.csv,bridgeport_pilot_excluded_variables_panel.csv,.csv,tabular_data,outputs_tables,Bridgeport,724,e9a07401e946f1c156f62c0aa3b8c1ce637009cea444c33248f38fb7f6f0b495,2026-10-01T20:44:30.063919+00:00,True,False
a9c75dce214b,outputs/tables/fixed_variable_final_validation.csv,fixed_variable_final_validation.csv,.csv,tabular_data,outputs_tables,cross_town_or_not_applicable,673,e6b90613d55c7d16b5ab7b6ad45beee70d891fa1e99420f3831f1012a1e32612,2026-10-01T19:28:10.890426+00:00,True,False
b78562773f7a,outputs/tables/step_06_token_counts_by_table_status.csv,step_06_token_counts_by_table_status.csv,.csv,tabular_data,outputs_tables,cross_town_or_not_applicable,90,7d74c73d4ce3601abf1324ea3933e3f66e0ca03dc8d735dc9c32ab4f4fd23fd7,2026-10-01T02:48:04.615308+00:00,True,False
78faf6b06c56,outputs/tables/step_08_heading_density_by_page.csv,step_08_heading_density_by_page.csv,.csv,tabular_data,outputs_tables,cross_town_or_not_applicable,7223,488efc72ae03eb019addbe2d7f9bc1b07e3598065c366ffde2154b968bdd12b5,2026-10-01T02:48:07.896412+00:00,True,False
3974ac6aaded,outputs/tables/expanded_variable_bridgeport_greenwich_evidence_comparison.md,expanded_variable_bridgeport_greenwich_evidence_comparison.md,.md,documentation,outputs_tables,Bridgeport,983,f1e09a6bb63184382f1acf6ac2784aaeb86c0c23d1fac670786d86693a24082f,2026-10-01T19:46:58.302461+00:00,True,False
f8de8025c099,outputs/tables/fixed_variable_coverage_by_variable.csv,fixed_variable_coverage_by_variable.csv,.csv,tabular_data,outputs_tables,cross_town_or_not_applicable,380,d0e617aa45a98ceaf95b6c04e018be8e8b2b943423b1645d93af1d367b20e1d8,2026-10-01T19:28:09.407095+00:00,True,False
c0b57b21f5fd,outputs/tables/.gitkeep,.gitkeep,,other,outputs_tables,cross_town_or_not_applicable,0,e3b0c44298fc1c149afbf4c8996fb92427ae41e4649b934ca495991b7852b855,2026-09-29T00:57:26.128687+00:00,False,True
fac85f139961,outputs/tables/step_04_lowest_quality_pages.csv,step_04_lowest_quality_pages.csv,.csv,tabular_data,outputs_tables,cross_town_or_not_applicable,8890,49b48b8f0a7ab2a6cada551ec4e606ef1cc23fb7ea45f898d73b8a105db195d3,2026-10-01T02:41:31.910317+00:00,True,False
329b6d7ea08d,outputs/tables/step_10_district_registry.csv,step_10_district_registry.csv,.csv,tabular_data,outputs_tables,cross_town_or_not_applicable,89904,dda80088085c5a1555dd82423be6903433763fb3379e49488b3fa329e37baec9,2026-10-01T02:48:43.035681+00:00,True,False
b62e839a7bad,outputs/tables/step_07_heading_candidates.csv,step_07_heading_candidates.csv,.csv,tabular_data,outputs_tables,cross_town_or_not_applicable,1101839,8df68b143be97b200ca7d3a17cc3bd8aec5afdaed6ff938814f70a48a38dda53,2026-10-01T02:48:07.379401+00:00,True,False
4d330c17ef66,outputs/tables/step_11_base_overlay_summary.csv,step_11_base_overlay_summary.csv,.csv,tabular_data,outputs_tables,cross_town_or_not_applicable,91,d03eb98e65083876f29eaea4820eca6be0aab579747c473fc08928347adcbf3f,2026-10-01T02:48:43.142718+00:00,True,False
0ec33a08ca55,outputs/tables/step_04_route_summary.csv,step_04_route_summary.csv,.csv,tabular_data,outputs_tables,cross_town_or_not_applicable,317,08f9fed7e1806b91a89a03681d139788ed3639a9266aec612adbf297fb4b211e,2026-10-01T02:41:31.909143+00:00,True,False
5f2a9d7076eb,outputs/tables/step_13_citation_normalization.csv,step_13_citation_normalization.csv,.csv,tabular_data,outputs_tables,cross_town_or_not_applicable,228209,c29e1aff3f0e68a315873a29317043f6115572f0c06ba0b6abf558054875023b,2026-10-01T02:48:47.121785+00:00,True,True
bd7d3de8f752,outputs/tables/greenwich_phase_2_conflict_audit.csv,greenwich_phase_2_conflict_audit.csv,.csv,tabular_data,outputs_tables,Greenwich,12390,d2f25828f2eea0aed8f77713dc1b4f76660df24f17d0794c30d11c4beb4c5f55,2026-10-01T09:09:03.551945+00:00,True,False
3a058732304f,outputs/tables/expanded_variable_final_validation.csv,expanded_variable_final_validation.csv,.csv,tabular_data,outputs_tables,cross_town_or_not_applicable,921,f2e4358a5ca0a0e6783a0c6dc39e2537e71f75463c96f6b1447e480d51abb2c1,2026-10-01T19:46:58.370971+00:00,True,False
7bbcf7e5201c,outputs/tables/step_18_metadata_completeness.csv,step_18_metadata_completeness.csv,.csv,tabular_data,outputs_tables,cross_town_or_not_applicable,903,2b07356934b8fc2519d5ac288bf1a92f342ce474daa9c880cd1c38ddfaecb598,2026-10-01T02:48:52.670734+00:00,True,False
452deedb864e,outputs/tables/step_06_unified_token_schema_check.csv,step_06_unified_token_schema_check.csv,.csv,tabular_data,outputs_tables,cross_town_or_not_applicable,891,9fc7fa210d45aa57e3bb7587ac309663656fc9e279e3e96be098609768a3bbe1,2026-10-01T02:48:04.610405+00:00,True,False
00bae19968d6,outputs/tables/step_15_district_row_label_comparison.csv,step_15_district_row_label_comparison.csv,.csv,tabular_data,outputs_tables,cross_town_or_not_applicable,1568,c3dd9b125f5f647f08bdcd81c2382da6fd8292f4dcf435ef4ef55650a7daea44,2026-10-01T02:48:51.322259+00:00,True,False
77cd08eba45b,outputs/tables/step_14_rule_applicability_matrix.csv,step_14_rule_applicability_matrix.csv,.csv,tabular_data,outputs_tables,cross_town_or_not_applicable,38266,632cccdb37b16b3b59038246269561b52901797035eb37802d3ce2a16831b771,2026-10-01T02:48:50.906775+00:00,True,False
223bf946975e,outputs/tables/expanded_variable_coverage_by_town.csv,expanded_variable_coverage_by_town.csv,.csv,tabular_data,outputs_tables,cross_town_or_not_applicable,325,5d3ec0ae8a6703f41c7110f3863ef3aa0e0698933e50645a115859ceda88ff75,2026-10-01T19:46:56.866098+00:00,True,False
fdd5ca684367,outputs/tables/step_10_district_anchor_frequency.csv,step_10_district_anchor_frequency.csv,.csv,tabular_data,outputs_tables,cross_town_or_not_applicable,422,f643b14ede606a43d3cf79f56d7803e0e79e5054fda0d72b73a8f32517f9040f,2026-10-01T02:48:43.036152+00:00,True,False
c6d3a1ac61da,outputs/tables/expanded_variable_score_readiness_summary.csv,expanded_variable_score_readiness_summary.csv,.csv,tabular_data,outputs_tables,cross_town_or_not_applicable,320,9a830b6739d74502ba14e0f9ed6e78ac21833f5b2103c5fe4601125407dc1f71,2026-10-01T19:46:56.868137+00:00,True,False
e954817f6b26,outputs/tables/fixed_variable_bridgeport_greenwich_evidence_comparison.md,fixed_variable_bridgeport_greenwich_evidence_comparison.md,.md,documentation,outputs_tables,Bridgeport,839,7a13ee46077956570f2333c2466b3a1b4317bd8d5e85502cd884725d1ec49f92,2026-10-01T19:28:10.858728+00:00,True,False
4b771c1ccb33,outputs/tables/greenwich_phase_2_auxiliary_evidence.csv,greenwich_phase_2_auxiliary_evidence.csv,.csv,tabular_data,outputs_tables,Greenwich,2207,175213a18675f490b64cbe9a2fdd4ed902c17f043b36900b29eff78dcdd46c34,2026-10-01T09:09:03.506854+00:00,True,False
1f41cfce11ed,outputs/tables/step_16_source_type_contributions.csv,step_16_source_type_contributions.csv,.csv,tabular_data,outputs_tables,cross_town_or_not_applicable,144,be8acf1cdcb3f02c637dbf9d2b923863e9eb8094cbb404ca3a9c7ad741871f7d,2026-10-01T02:48:51.675766+00:00,True,False
1c3f75729cd1,outputs/tables/step_16_district_evidence_bundles.csv,step_16_district_evidence_bundles.csv,.csv,tabular_data,outputs_tables,cross_town_or_not_applicable,158950,544b51e08f54a448477af6eab16fad8f86ffac9085c2c6b1599368a3a58b0d62,2026-10-01T02:48:51.671036+00:00,True,False
765bc65e8c4a,outputs/tables/step_04_page_quality_scores.csv,step_04_page_quality_scores.csv,.csv,tabular_data,outputs_tables,cross_town_or_not_applicable,294954,da7b8456685ba83d0cfb655668b7d1f84501e96d7bdbff9dc4978cc2b69d34b9,2026-10-01T02:41:31.908309+00:00,True,True
184cee302473,outputs/tables/step_07_hierarchy_node_counts.csv,step_07_hierarchy_node_counts.csv,.csv,tabular_data,outputs_tables,cross_town_or_not_applicable,97,1710a4e1d12f4736f03e350ffdc4b695e0d8c7b089c35a3064009e674abf8ed5,2026-10-01T02:48:07.385240+00:00,True,False
b352b9028d5b,outputs/tables/greenwich_phase_2_manual_override_audit.csv,greenwich_phase_2_manual_override_audit.csv,.csv,tabular_data,outputs_tables,Greenwich,3126,cf6faac8318850155630783a08f559d36073a7116430243624b4073ec0aafdbb,2026-10-01T09:09:03.533725+00:00,True,False
20ffbf3529ca,outputs/tables/step_07_hierarchy_outline.csv,step_07_hierarchy_outline.csv,.csv,tabular_data,outputs_tables,cross_town_or_not_applicable,6346,a9a0a3013b05da25a5b52d778c4ceeb781ac18c4c9f7dd7c67d55660128e5d6e,2026-10-01T02:48:07.385890+00:00,True,False
1befc31dc076,outputs/tables/step_11_district_registry_base_overlay.csv,step_11_district_registry_base_overlay.csv,.csv,tabular_data,outputs_tables,cross_town_or_not_applicable,94699,e3f18f37e3edf21600fcdd18d55c22383bc931343195bed42e5d529d33a2367a,2026-10-01T02:48:43.142424+00:00,True,False
54b75cb55569,outputs/tables/step_17_conflict_log.csv,step_17_conflict_log.csv,.csv,tabular_data,outputs_tables,cross_town_or_not_applicable,44302,93c28048ffa90a688d2d823201f3293b0a20a7587c1db087c5c77d0e553a1cac,2026-10-01T02:48:51.809249+00:00,True,True
de2d00e9cd27,outputs/tables/bridgeport_phase_3_pilot_scoring_final_validation.csv,bridgeport_phase_3_pilot_scoring_final_validation.csv,.csv,tabular_data,outputs_tables,Bridgeport,969,8439c1939582094952d25883eeea08764935859133a974c7fab9e520da38fd8d,2026-10-01T20:44:30.087417+00:00,True,False
bedd8eb09a49,outputs/tables/step_09_table_inventory.csv,step_09_table_inventory.csv,.csv,tabular_data,outputs_tables,cross_town_or_not_applicable,19410,29b271ebecb27c5057a66774ebddcd44869f542ed4a88d122d37946c0d9e4d78,2026-10-01T02:48:34.215782+00:00,True,False
87d0b7da65bd,outputs/tables/expanded_variable_coverage_by_variable.csv,expanded_variable_coverage_by_variable.csv,.csv,tabular_data,outputs_tables,cross_town_or_not_applicable,515,091c193277aa14c97f89fd612107fe5455c0ca27851950edf887b60a2e7db031,2026-10-01T19:46:56.867111+00:00,True,False
b54a960ff615,outputs/tables/step_12_primary_text_coverage.csv,step_12_primary_text_coverage.csv,.csv,tabular_data,outputs_tables,cross_town_or_not_applicable,9207,3a2d0913e54a15035f74b52be2cfa32807b330c376cbf5b44aed96aedb5805f8,2026-10-01T02:48:43.642907+00:00,True,False
a88529319d02,outputs/tables/expanded_variable_recovery_method_summary.csv,expanded_variable_recovery_method_summary.csv,.csv,tabular_data,outputs_tables,cross_town_or_not_applicable,1024,d77a44337afd3dfa12ea1a5112f2847511cb184d71fa4a11a5122a5f565cb2b9,2026-10-01T19:46:56.869733+00:00,True,False
1230e06e7d93,outputs/tables/step_01_configuration_summary.csv,step_01_configuration_summary.csv,.csv,tabular_data,outputs_tables,cross_town_or_not_applicable,1358,a49b6081d94d70eaf6b05110ed507ab83654f78a062c931811f727f1b6b555b8,2026-10-01T02:41:02.665092+00:00,True,False
623241b123b5,outputs/tables/step_13_district_reference_summary.csv,step_13_district_reference_summary.csv,.csv,tabular_data,outputs_tables,cross_town_or_not_applicable,11929,ec89e75cfe23a8b4664fd94a854ca4c58c372b7435aae671741014bdf22401e8,2026-10-01T02:48:47.125210+00:00,True,False
141562a5708e,outputs/tables/fixed_variable_coverage_by_town.csv,fixed_variable_coverage_by_town.csv,.csv,tabular_data,outputs_tables,cross_town_or_not_applicable,283,66ce1cc021f09311d26e7ca191cb854f9de3a7d39d2f9aabc5a37ffb5729e997,2026-10-01T19:28:09.405505+00:00,True,False
fc9e62e650b3,outputs/tables/fixed_variable_recovery_method_summary.csv,fixed_variable_recovery_method_summary.csv,.csv,tabular_data,outputs_tables,cross_town_or_not_applicable,696,8e774ec9c597f8f4062ddf251719391a92bb7a43c8275b130cfb29cec301f368,2026-10-01T19:28:09.409677+00:00,True,False
c63f3eb7b455,outputs/tables/step_09_table_validation.csv,step_09_table_validation.csv,.csv,tabular_data,outputs_tables,cross_town_or_not_applicable,7941,a44288c5d2ff33533c6524cbe42a7671e69903bae52365eb78fd230af5928d7a,2026-10-01T02:48:34.246742+00:00,True,False
12d8327bef3f,outputs/tables/expanded_variable_comparability_matrix.csv,expanded_variable_comparability_matrix.csv,.csv,tabular_data,outputs_tables,cross_town_or_not_applicable,384,b63fa9465a8a671866f6489858cb2404873592a1fa6f108bfac56b39955d262f,2026-10-01T19:46:56.870494+00:00,True,False
46eac67adf9d,outputs/tables/greenwich_town_rule_extractions.parquet,greenwich_town_rule_extractions.parquet,.parquet,tabular_data,outputs_tables,Greenwich,25416,365f1e17f10bff3eba99b9954dc65dfb71326873b6d941a278ec52d6ca831872,2026-10-01T09:09:04.075309+00:00,True,False
916c04bc3b31,outputs/tables/greenwich_phase_2_validation_summary.csv,greenwich_phase_2_validation_summary.csv,.csv,tabular_data,outputs_tables,Greenwich,174,854a3e1078b3a6767cf280873a73c444f391e764213fe98422ea33df5cd9a22a,2026-10-01T09:09:04.077341+00:00,True,False
da5f7be0004f,outputs/tables/greenwich_scoring_blockers.csv,greenwich_scoring_blockers.csv,.csv,tabular_data,outputs_tables,Greenwich,193,710bee9b1ea1e659feb5544e50801db017e9fefe68fa46620f9599f8e453f964,2026-10-01T09:09:04.099036+00:00,True,False
7f3fecaa9d34,outputs/tables/step_14_townwide_rule_library.csv,step_14_townwide_rule_library.csv,.csv,tabular_data,outputs_tables,cross_town_or_not_applicable,121412,724f0e9f40e76e3ade29198af25c0a6068623309aa3bda0f4d35833e8987b830,2026-10-01T02:48:50.905919+00:00,True,False
56a4b1ac8dff,outputs/tables/expanded_variable_dependency_summary.csv,expanded_variable_dependency_summary.csv,.csv,tabular_data,outputs_tables,cross_town_or_not_applicable,144,678f794920e1aa2be0858341a166a78051736c7fd2ed6a4d7dc47da522cbad3c,2026-10-01T19:46:56.870892+00:00,True,False
511b160dc3df,outputs/tables/step_17_bundle_conflict_summary.csv,step_17_bundle_conflict_summary.csv,.csv,tabular_data,outputs_tables,cross_town_or_not_applicable,1954,4b70ec00445c14ec83b0100549e2e081407b734a872eceff347690da6714116d,2026-10-01T02:48:51.810052+00:00,True,False
613becf14a72,outputs/tables/step_12_district_primary_blocks.csv,step_12_district_primary_blocks.csv,.csv,tabular_data,outputs_tables,cross_town_or_not_applicable,28161,1115672222ec3bf8b0443d9cf9d929602cbec085fff9897e2615d21573d93e9d,2026-10-01T02:48:43.620245+00:00,True,False
6f019a593667,outputs/tables/bridgeport_phase_3_integration_final_validation.csv,bridgeport_phase_3_integration_final_validation.csv,.csv,tabular_data,outputs_tables,Bridgeport,1192,da78ef1f395e04f106fb3e0080014b75b2332625d5c01bd8b4feb208f7a8b155,2026-10-01T20:37:45.990443+00:00,True,False
993f3a2bca2e,outputs/tables/step_03_native_extraction_diagnostics.csv,step_03_native_extraction_diagnostics.csv,.csv,tabular_data,outputs_tables,cross_town_or_not_applicable,486,f6e31f2134dc5cbcf45cc3ae06614cf42a69b479b944656372be12ed21cb391b,2026-10-01T02:41:19.797044+00:00,True,False
76604dc04cf4,outputs/tables/greenwich_dominant_district_decision.csv,greenwich_dominant_district_decision.csv,.csv,tabular_data,outputs_tables,Greenwich,426,8faccf64960d85a907e3769954936c12b59c6a0510b643c265f34d221d4febd2,2026-10-01T09:09:03.347098+00:00,True,False
de419c6d4f52,outputs/tables/step_03_native_page_summary.csv,step_03_native_page_summary.csv,.csv,tabular_data,outputs_tables,cross_town_or_not_applicable,181445,32e6fb5fec075f786b11257c1edf705e2cb65fa75ac9604e1d09c15994bcd1eb,2026-10-01T02:41:19.796453+00:00,True,False
ebee6e858631,outputs/tables/variable_registry_validation_matrix.csv,variable_registry_validation_matrix.csv,.csv,tabular_data,outputs_tables,cross_town_or_not_applicable,597,138ca3124a4680c4fe6eebfe58eefde974e8fa6da653d3fb89acb45cf9b1b7cf,2026-10-01T21:10:46.555570+00:00,True,False
174b9ea56ae6,outputs/tables/notebook_13_completion_checklist.csv,notebook_13_completion_checklist.csv,.csv,tabular_data,outputs_tables,cross_town_or_not_applicable,2622,c016efdf5702e214b94d26689036bfb9764cc2d3ba5e97941cf50c544b9466e9,2026-10-01T21:10:48.028504+00:00,True,False
218fc0f43503,outputs/tables/step_17_conflict_counts_by_district.csv,step_17_conflict_counts_by_district.csv,.csv,tabular_data,outputs_tables,cross_town_or_not_applicable,841,7bca6b40ad8503d7007934e175a581e8882d541b6c651491a2e7a162e50b43d7,2026-10-01T02:48:51.809559+00:00,True,False
8ef7acfd70d0,outputs/logs/repository_finalization_manifest.json,repository_finalization_manifest.json,.json,structured_data,outputs_logs,cross_town_or_not_applicable,7839,dd68836dace48211af2097066a52210ee1bedef3004e8fd28b92717da9bcada8,2026-10-01T21:10:48.018715+00:00,True,False
12f59fdaab76,outputs/logs/phase_2_run_log.json,phase_2_run_log.json,.json,structured_data,outputs_logs,cross_town_or_not_applicable,296,19e991cc76049c40ee51094e6c2bdc045a3419870b2ce6ce8e263e89d40890d2,2026-10-01T09:09:04.122356+00:00,True,False
7a7016d963e8,outputs/logs/step_18_metadata_gis_log.json,step_18_metadata_gis_log.json,.json,structured_data,outputs_logs,cross_town_or_not_applicable,216,14468efe6f20ff64745f25aa270545af7b5a82f94dd7de4d1adf1db94e442aa3,2026-10-01T02:48:52.761773+00:00,True,False
e30f2dbfe040,outputs/logs/step_14_townwide_rule_log.json,step_14_townwide_rule_log.json,.json,structured_data,outputs_logs,cross_town_or_not_applicable,184,58729d41a88e8a767738335a74ebacc47a91f669611cd522108b8eada0b136fa,2026-10-01T02:48:50.967959+00:00,True,False
ef97ed7c241c,outputs/logs/step_17_conflict_resolution_log.json,step_17_conflict_resolution_log.json,.json,structured_data,outputs_logs,cross_town_or_not_applicable,157,2040b3c1f017851d67d2ea38193a6f2192f2c3bcfc82795f1c88b48a5b5bd57f,2026-10-01T02:48:51.810224+00:00,True,False
c7968b845cc7,outputs/logs/phase_2_input_validation_log.json,phase_2_input_validation_log.json,.json,structured_data,outputs_logs,cross_town_or_not_applicable,5692,c02f6fb6c56dd24031d4c07d806dbcb2e17ef853672757476d5d3774713db5c6,2026-10-01T09:09:03.186742+00:00,True,False
c6c9edb3cff9,outputs/logs/phase_3_run_log.json,phase_3_run_log.json,.json,structured_data,outputs_logs,cross_town_or_not_applicable,207,4fad1976e7e9540d08536f1625bff3df61ee47449b8478e6c6a5942dccff24bc,2026-10-01T09:09:04.122566+00:00,True,False
9ea41c2ab0b5,outputs/logs/.gitkeep,.gitkeep,,other,outputs_logs,cross_town_or_not_applicable,0,e3b0c44298fc1c149afbf4c8996fb92427ae41e4649b934ca495991b7852b855,2026-09-29T00:57:26.130412+00:00,False,True
56c6fe30aac6,outputs/logs/step_04_page_quality_routing_log.json,step_04_page_quality_routing_log.json,.json,structured_data,outputs_logs,cross_town_or_not_applicable,2743,2b1abded9de8bd065b2c9189402be84b20a358c6601bc0a108246b27ffacb39b,2026-10-01T02:41:31.912218+00:00,True,False
be4afd7f51e4,outputs/logs/phase_2_dominant_district_log.json,phase_2_dominant_district_log.json,.json,structured_data,outputs_logs,cross_town_or_not_applicable,524,40a5f13b3f3e7f961b34b669492ba3c2573ba2a1edf82d90a60d7371aa374a4d,2026-10-01T09:09:03.347267+00:00,True,False
ea5692bf59de,outputs/logs/expanded_variable_recovery_and_score_readiness_manifest.json,expanded_variable_recovery_and_score_readiness_manifest.json,.json,structured_data,outputs_logs,cross_town_or_not_applicable,3097,dc9ea7e4031ed7948de8f7f4a206b1dfb1e3e16b5ea47efda8b1a4db40c6279b,2026-10-01T19:46:58.342491+00:00,True,False
de14a5e28f26,outputs/logs/step_05_ocr_reconciliation_log.json,step_05_ocr_reconciliation_log.json,.json,structured_data,outputs_logs,cross_town_or_not_applicable,2036,59845cbc62034eab26e999c211ff05f40a42e9a9f8c2058529e8eeab8c19ac10,2026-10-01T02:48:03.679472+00:00,True,False
a1e0d41e75f0,outputs/logs/step_03_native_extraction_log.json,step_03_native_extraction_log.json,.json,structured_data,outputs_logs,cross_town_or_not_applicable,1246,f298b9d9e8fa87d31400be5168c575779e68998ea972e2a5bcdccae478e79a47,2026-10-01T02:41:19.798052+00:00,True,False
726d1d83b74e,outputs/logs/combined_phase_2_phase_3_manifest.json,combined_phase_2_phase_3_manifest.json,.json,structured_data,outputs_logs,cross_town_or_not_applicable,1690,441c4a7ecdf032a749c36d3f6916caf489f9f755c9eebcef1b36d15757f5a555,2026-10-01T09:09:04.128065+00:00,True,False
10abcc96d188,outputs/logs/fixed_variable_targeted_recovery_manifest.json,fixed_variable_targeted_recovery_manifest.json,.json,structured_data,outputs_logs,cross_town_or_not_applicable,1862,b23f41b394ee6fa1b613e4790f407524507390b0f8d839d3d2e5764fe6939ce6,2026-10-01T19:28:10.867142+00:00,True,False
0758c28de913,outputs/logs/step_06_unified_token_log.json,step_06_unified_token_log.json,.json,structured_data,outputs_logs,cross_town_or_not_applicable,660,5a34a1fd62ce06e3cb3bba636bbae38a7ef887261548da8bf8190a20535affd4,2026-10-01T02:48:04.620222+00:00,True,False
0605f6129550,outputs/logs/greenwich_prototype_final_run_log.json,greenwich_prototype_final_run_log.json,.json,structured_data,outputs_logs,Greenwich,2078,6ac6cfc507b4e11d41a0253bebbde42a3119d238932f477378979503e426ab8e,2026-10-01T09:09:04.986758+00:00,True,False
ed9f88a8ffd7,outputs/logs/step_07_hierarchy_log.json,step_07_hierarchy_log.json,.json,structured_data,outputs_logs,cross_town_or_not_applicable,315,3ac337459b096609b3c978acea20ab75901f14ed02f7c78b5def4628970e59f7,2026-10-01T02:48:07.386937+00:00,True,False
5f7d7f52ae7e,outputs/logs/step_09_table_parsing_log.json,step_09_table_parsing_log.json,.json,structured_data,outputs_logs,cross_town_or_not_applicable,529,7987a79607f25601775e66505f0362111d81a529b477b76591c293536c9303f9,2026-10-01T02:48:34.501662+00:00,True,False
d9e54e6602ab,outputs/review/step_08_misordered_hierarchy_edges.csv,step_08_misordered_hierarchy_edges.csv,.csv,tabular_data,outputs_review,cross_town_or_not_applicable,1,01ba4719c80b6fe911b091a7c05124b64eeece964e09c058ef8f9805daca546b,2026-10-01T02:48:07.895899+00:00,True,True
3acf5a2e6c07,outputs/review/step_08_orphan_nodes.csv,step_08_orphan_nodes.csv,.csv,tabular_data,outputs_review,cross_town_or_not_applicable,119,00fb694f9671810649fd14089ebf3f8f9a1417c22ae0b092d0f6bdb4d216ec2f,2026-10-01T02:48:07.895731+00:00,True,True
b3456fa9fed6,outputs/review/step_13_reference_cycles.csv,step_13_reference_cycles.csv,.csv,tabular_data,outputs_review,cross_town_or_not_applicable,9328,b7f2987ffd2925777ee1fb524b2785ee7d840b74b2892c02e92cb0f40112691a,2026-10-01T02:48:47.125855+00:00,True,False
bac46aac1a75,outputs/review/reproducibility_gaps.csv,reproducibility_gaps.csv,.csv,tabular_data,outputs_review,cross_town_or_not_applicable,2142,1a799c7119e3d1d7c3751f10e9c787ae3176e07dae654a5ad22de32ceed255d9,2026-10-01T21:10:45.487344+00:00,True,False
43a39070c05c,outputs/review/fixed_variable_noncomparable_formats.csv,fixed_variable_noncomparable_formats.csv,.csv,tabular_data,outputs_review,cross_town_or_not_applicable,47912,6338fcc1e54deed8ab431900a0edb83da4cd2e6ec5644dc7d1f517449b164926,2026-10-01T19:28:09.396899+00:00,True,False
9a3af001b0c1,outputs/review/fixed_variable_manual_legal_review.csv,fixed_variable_manual_legal_review.csv,.csv,tabular_data,outputs_review,cross_town_or_not_applicable,1226,7c979082864b101c156b7e639996b533aab4fd746547147e61a3a4c4a140124b,2026-10-01T19:28:09.389891+00:00,True,True
d5d900d7a4d5,outputs/review/expanded_variable_shared_rule_dependencies.csv,expanded_variable_shared_rule_dependencies.csv,.csv,tabular_data,outputs_review,cross_town_or_not_applicable,293,fa5bf1954eeaf77f8c953f3152df2a188d83d69c369ab53eae7b70cb01894c9c,2026-10-01T19:46:56.860605+00:00,True,False
be5c504c5d0a,outputs/review/step_13_unresolved_references.csv,step_13_unresolved_references.csv,.csv,tabular_data,outputs_review,cross_town_or_not_applicable,226760,6c3e3b4af4b724f12f41a7635024f6fbcb55f68eb65e1e5036d21df86dab0337,2026-10-01T02:48:47.124712+00:00,True,False
54fc7b249c33,outputs/review/greenwich_phase_2_missing_uncertain_evidence.csv,greenwich_phase_2_missing_uncertain_evidence.csv,.csv,tabular_data,outputs_review,Greenwich,1584,cd7696205243f5c3ce9472af3518960d6f1cdf351dae8e50b588c0d1cc90a529,2026-10-01T09:09:03.568177+00:00,True,False
34c754f265bc,outputs/review/integrity_test_results.csv,integrity_test_results.csv,.csv,tabular_data,outputs_review,cross_town_or_not_applicable,990,cea5220998edab3f063d9e8d32204f9c0318a8a4b7a1ae1576c3c74da6d003c1,2026-10-01T21:10:46.611108+00:00,True,False
1e80abaf52ba,outputs/review/fixed_variable_pending_visual_recovery.csv,fixed_variable_pending_visual_recovery.csv,.csv,tabular_data,outputs_review,cross_town_or_not_applicable,12405,e0b85539bd717ef8aa2982a79f94e1fb659e6516683c8c037d3f669adc49a8b7,2026-10-01T19:28:09.388510+00:00,True,False
9c112b7b4266,outputs/review/expanded_variable_v9_v12_evidence_records.csv,expanded_variable_v9_v12_evidence_records.csv,.csv,tabular_data,outputs_review,cross_town_or_not_applicable,5456,fea851701b390fb73e9391310615a06933e38a7eabe9d848962309bca3895190,2026-10-01T19:46:56.607899+00:00,True,False
3e4b6224d89b,outputs/review/expanded_variable_pending_visual_recovery.csv,expanded_variable_pending_visual_recovery.csv,.csv,tabular_data,outputs_review,cross_town_or_not_applicable,13596,81f5f30ee0024d703fe46754bfe9c0825b417036c03fbd70191204a54ca37bce,2026-10-01T19:46:56.851270+00:00,True,False
3ad3d1e80608,outputs/review/expanded_variable_manual_legal_review.csv,expanded_variable_manual_legal_review.csv,.csv,tabular_data,outputs_review,cross_town_or_not_applicable,24977,161ceecad4c29440bc6b046b68f5b22cfe321d647ea166b85723aa50e4c4d980,2026-10-01T19:46:56.853194+00:00,True,False
9b1de7a0836f,outputs/review/.gitkeep,.gitkeep,,other,outputs_review,cross_town_or_not_applicable,0,e3b0c44298fc1c149afbf4c8996fb92427ae41e4649b934ca495991b7852b855,2026-09-29T00:57:26.132123+00:00,False,True
5cb56c885880,outputs/review/expanded_variable_genuine_absence_justifications.csv,expanded_variable_genuine_absence_justifications.csv,.csv,tabular_data,outputs_review,cross_town_or_not_applicable,39243,dc0e6787369abf7b1ec40255d9a7a352e987f7743547553e5068336203436b12,2026-10-01T19:46:56.854824+00:00,True,False
14f4007e1065,outputs/review/fixed_variable_bridgeport_v7_structural_finding.csv,fixed_variable_bridgeport_v7_structural_finding.csv,.csv,tabular_data,outputs_review,Bridgeport,786,71a567a1e9796c714a6d515adb726241c2cf77ba117a07ee6d1e2b95e91ff662,2026-10-01T19:28:09.318380+00:00,True,False
e8b5470fbe2f,outputs/review/fixed_variable_phase2_coverage_corrections.csv,fixed_variable_phase2_coverage_corrections.csv,.csv,tabular_data,outputs_review,cross_town_or_not_applicable,476,dc65514af8fcf69ccb6c05d510636e0599f5c4b862e5a6a7cf5185ba9bce6e50,2026-10-01T19:28:09.306883+00:00,True,False
dcedd76fb669,outputs/review/bridgeport_visual_table_recovery_audit.csv,bridgeport_visual_table_recovery_audit.csv,.csv,tabular_data,outputs_review,Bridgeport,1225,0145ee38652311e455d0a4af16daae1a276011ff9154c265fe79aafbc4646872,2026-10-01T21:10:45.982188+00:00,True,False
e8c37288b652,outputs/review/provenance_completeness_audit.csv,provenance_completeness_audit.csv,.csv,tabular_data,outputs_review,cross_town_or_not_applicable,531,69ff52bbe43a6691aeacd71c6d8b70a0ecddb31dac3ad60b0305b849c9c33107,2026-10-01T21:10:45.549667+00:00,True,False
2767838414c8,outputs/review/fixed_variable_unresolved_cross_references.csv,fixed_variable_unresolved_cross_references.csv,.csv,tabular_data,outputs_review,cross_town_or_not_applicable,1226,7c979082864b101c156b7e639996b533aab4fd746547147e61a3a4c4a140124b,2026-10-01T19:28:09.395039+00:00,True,True
68ae0eac46d1,outputs/review/step_14_townwide_rule_scope_ambiguity.csv,step_14_townwide_rule_scope_ambiguity.csv,.csv,tabular_data,outputs_review,cross_town_or_not_applicable,19471,f973222eb3c54dceef5d91e41390798f098201bf0b916ab532ff100053bbef0d,2026-10-01T02:48:50.966459+00:00,True,False
f2735a7fe464,outputs/review/step_05_changed_or_uncertain_reconciliation_pages.csv,step_05_changed_or_uncertain_reconciliation_pages.csv,.csv,tabular_data,outputs_review,cross_town_or_not_applicable,316490,05cba51826089e8c662a644e6f6c12fa98c02e82fd938629de3c7efffda672e4,2026-10-01T02:48:03.529675+00:00,True,False
9db989199235,outputs/review/expanded_variable_v9_v12_term_search.csv,expanded_variable_v9_v12_term_search.csv,.csv,tabular_data,outputs_review,cross_town_or_not_applicable,1360,e61ed51ff936f5e7ebe97b07f99c7c1a51dfd25e0ba59d6f90a65482cd51d084,2026-10-01T19:46:56.588789+00:00,True,False
312d5499e7f0,outputs/review/step_17_manual_conflict_review_queue.csv,step_17_manual_conflict_review_queue.csv,.csv,tabular_data,outputs_review,cross_town_or_not_applicable,217,74363484ae8bb2e611005a37ec9ab176dd804664ffe907bab0e1ecd3d833a99b,2026-10-01T02:48:51.809727+00:00,True,True
befc4be8b9e5,outputs/review/notebook_execution_audit.csv,notebook_execution_audit.csv,.csv,tabular_data,outputs_review,cross_town_or_not_applicable,1000,a07ec7c28ba2a4fee93d32e783850df3111bfba3c5046401f328354e5366c5fd,2026-10-01T21:10:44.826420+00:00,True,False
a570b0665320,outputs/review/fixed_variable_genuine_absence_justifications.csv,fixed_variable_genuine_absence_justifications.csv,.csv,tabular_data,outputs_review,cross_town_or_not_applicable,26841,f4b258ac265a00439913e086bab6d1d751e3485f1b9ed9d406608e884a873d51,2026-10-01T19:28:09.391551+00:00,True,False
aa0dd00bdf1d,outputs/review/expanded_variable_noncomparable_formats.csv,expanded_variable_noncomparable_formats.csv,.csv,tabular_data,outputs_review,cross_town_or_not_applicable,62974,e8107f8166afc649d3e29635cdc9108cf6d549e37bba604ec2e47888990b993c,2026-10-01T19:46:56.857377+00:00,True,False
04966a365aaf,outputs/review/gis_crosswalk_reconciliation.csv,gis_crosswalk_reconciliation.csv,.csv,tabular_data,outputs_review,cross_town_or_not_applicable,1291,a3297cadb50246714883e0d71804071a9686ddb42aa17d344065e8281ca0eafb,2026-10-01T21:10:46.534233+00:00,True,False
12b8b45d7c20,outputs/review/expanded_variable_rejected_candidates.csv,expanded_variable_rejected_candidates.csv,.csv,tabular_data,outputs_review,cross_town_or_not_applicable,337,246e8a5425bf18c52b8fd68f70a4acbb0c7993a2fa57de359e0456bbe831a1aa,2026-10-01T19:46:56.860059+00:00,True,False
ca509e02e194,outputs/review/greenwich_phase_2_review_queue.csv,greenwich_phase_2_review_queue.csv,.csv,tabular_data,outputs_review,Greenwich,3501,9fb2a53588c0af89cee502c26e8355f3800b903def27b46b744e9f3e458de018,2026-10-01T09:09:03.552755+00:00,True,False
9be252785f13,outputs/review/step_11_uncertain_district_classifications.csv,step_11_uncertain_district_classifications.csv,.csv,tabular_data,outputs_review,cross_town_or_not_applicable,30109,1d7a578fef01d5a7d8e928c9afdecc9c6f5287a2fd4c23d038804925463befbd,2026-10-01T02:48:43.143449+00:00,True,False
8975a8fb1845,outputs/review/step_15_district_table_match_exceptions.csv,step_15_district_table_match_exceptions.csv,.csv,tabular_data,outputs_review,cross_town_or_not_applicable,553,5f2d8e62b3716f4ff79f7bcabab12a0115f34171d9b30ccc077c3806db65b5b5,2026-10-01T02:48:51.323392+00:00,True,False
384694f6ae09,outputs/review/expanded_variable_not_score_ready.csv,expanded_variable_not_score_ready.csv,.csv,tabular_data,outputs_review,cross_town_or_not_applicable,82372,2d5c3dd44f740cc7b287cc5a0d1a1dfb1f26abc756f42511f3d6330853f0f7f0,2026-10-01T19:46:56.859252+00:00,True,False
98966ac59928,outputs/review/genuine_absence_audit.csv,genuine_absence_audit.csv,.csv,tabular_data,outputs_review,cross_town_or_not_applicable,152,d118933e04c763253743f6870787d5f2c178bc6365ca50f14d0582102f18d58e,2026-10-01T21:10:45.558676+00:00,True,False
0fd0a1cd8ff5,outputs/review/legal_semantic_validation_findings.csv,legal_semantic_validation_findings.csv,.csv,tabular_data,outputs_review,cross_town_or_not_applicable,597,311b437a08332ad2b199cf9fb3022e46d79b98db177b2338c928b43a90db7867,2026-10-01T21:10:45.819362+00:00,True,False
a74be667db38,outputs/review/fixed_variable_rejected_candidates.csv,fixed_variable_rejected_candidates.csv,.csv,tabular_data,outputs_review,cross_town_or_not_applicable,556,45f3178c23de1698be49f4028d1557b4d6ba85aed8dd2ec41b67f3c21258aaec,2026-10-01T19:28:09.397985+00:00,True,False
7851f10cf580,outputs/review/expanded_variable_unresolved_cross_references.csv,expanded_variable_unresolved_cross_references.csv,.csv,tabular_data,outputs_review,cross_town_or_not_applicable,1010,82935120ec6b775ab16f2ea87ec556330bdcc2cb0d17701d978a2b412e935b79,2026-10-01T19:46:56.855818+00:00,True,False
2ad07a45a385,outputs/figures/step_09_table_overlay_page_242.png,step_09_table_overlay_page_242.png,.png,figure,outputs_figures,cross_town_or_not_applicable,219557,61dc70590d0196efd1e1dc157b95f7fa1b855556c065fc358760dbe73e42b798,2026-10-01T02:48:33.775718+00:00,True,False
9abe5f477bae,outputs/figures/expanded_variable_comparability_heatmap.png,expanded_variable_comparability_heatmap.png,.png,figure,outputs_figures,cross_town_or_not_applicable,85234,38830c90c9a6b6e9f159fc0e65d4cea5725710c9007a131a616dceda440b3c91,2026-10-01T19:46:57.909772+00:00,True,False
faadbfaccb1c,outputs/figures/expanded_variable_coverage_heatmap.png,expanded_variable_coverage_heatmap.png,.png,figure,outputs_figures,cross_town_or_not_applicable,59059,7bb453f557cd2e7ad6592fb335f006f1a8c8597d0a3e8f086e83b4f3ecae6798,2026-10-01T19:46:57.136737+00:00,True,False
8ebf39efa21a,outputs/figures/step_09_table_overlay_page_120.png,step_09_table_overlay_page_120.png,.png,figure,outputs_figures,cross_town_or_not_applicable,451301,ca98aac4a4bc10e9eff900cc118ccd640014fa6dad86cb37b9b6218689f3d9b4,2026-10-01T02:48:30.043740+00:00,True,False
8b089f26d36b,outputs/figures/expanded_variable_evidence_confidence.png,expanded_variable_evidence_confidence.png,.png,figure,outputs_figures,cross_town_or_not_applicable,31548,75cfc400ac41c2851402497af2953b5fd246bbfc7113e7232b94e3373317ee11,2026-10-01T19:46:58.201765+00:00,True,False
cd3b732198e9,outputs/figures/step_04_quality_score_distribution.png,step_04_quality_score_distribution.png,.png,figure,outputs_figures,cross_town_or_not_applicable,87312,52bfa27d39c8bcf096742e9fff1a0f3df50656a1b224759a2583bf5b18b6a70d,2026-10-01T02:41:25.707972+00:00,True,False
79edd4bef4bf,outputs/figures/step_03_native_word_bbox_overlay_page_313.png,step_03_native_word_bbox_overlay_page_313.png,.png,figure,outputs_figures,cross_town_or_not_applicable,585105,5030d64f3fa51990b26c85c102978aed244a1d35643d83e485ffa60501ddabb8,2026-10-01T02:41:19.389491+00:00,True,False
78827d783410,outputs/figures/step_09_table_overlay_page_241.png,step_09_table_overlay_page_241.png,.png,figure,outputs_figures,cross_town_or_not_applicable,160271,dd773496ead3eba3474ca2f76776a5decedc07a469b6bb50e0db309930df7d40,2026-10-01T02:48:32.456886+00:00,True,False
7509ec8042b5,outputs/figures/expanded_variable_recovery_method_by_variable.png,expanded_variable_recovery_method_by_variable.png,.png,figure,outputs_figures,cross_town_or_not_applicable,42708,973a86efbcca964a03f2ee8cb222fd6188256cd71e48bce76680e875e6d1a260,2026-10-01T19:46:57.693446+00:00,True,False
fef8aea68a56,outputs/figures/step_10_anchor_RA_4_page_077.png,step_10_anchor_RA_4_page_077.png,.png,figure,outputs_figures,cross_town_or_not_applicable,1792424,2a5df8cf2afb85de593f75a5a98335330f7ddecdb998edcfc6f09bf426c14af3,2026-10-01T02:48:41.259876+00:00,True,False
3d95013603ee,outputs/figures/step_10_anchor_R_12_page_077.png,step_10_anchor_R_12_page_077.png,.png,figure,outputs_figures,cross_town_or_not_applicable,1792340,6bb58e6788e78ef2fa4db4b96680b1b318ebeccfbaa737969ae4b14804f1321f,2026-10-01T02:48:36.166233+00:00,True,False
b98d69e51f1a,outputs/figures/step_10_anchor_RA_2_page_077.png,step_10_anchor_RA_2_page_077.png,.png,figure,outputs_figures,cross_town_or_not_applicable,1792621,fe9c3dcc47521ab06e231b350d0b6a6b8b25c2c6813d7c91b9acf0971a8e2af6,2026-10-01T02:48:39.848468+00:00,True,False
1f2064dd924c,outputs/figures/step_09_table_overlay_page_119.png,step_09_table_overlay_page_119.png,.png,figure,outputs_figures,cross_town_or_not_applicable,419827,1965bd68d57999adb984f411a7a5586147e330d7070437491ba801b072b0b934,2026-10-01T02:48:28.808562+00:00,True,False
543d04f09de7,outputs/figures/step_08_hierarchy_depth_histogram.png,step_08_hierarchy_depth_histogram.png,.png,figure,outputs_figures,cross_town_or_not_applicable,49070,4979aa182dcac2072f9ef430dc6dacc446f1af6f46a9ec9c832ff9c93036f013,2026-10-01T02:48:07.497788+00:00,True,False
4bb27d926d02,outputs/figures/fixed_variable_coverage_heatmap.png,fixed_variable_coverage_heatmap.png,.png,figure,outputs_figures,cross_town_or_not_applicable,48401,0bb200b9a608f28c3791194a1026d58d243b49db086e913cb1b335a6c8d2e679,2026-10-01T19:28:09.920625+00:00,True,False
997045cfca23,outputs/figures/step_05_ocr_word_bbox_overlay_page_246.png,step_05_ocr_word_bbox_overlay_page_246.png,.png,figure,outputs_figures,cross_town_or_not_applicable,1015671,2b037c42eab299c3ba29a361cc87c203c287437dc5da691f615f2c3fcd729b50,2026-10-01T02:47:57.664302+00:00,True,False
6a139aa4b383,outputs/figures/step_04_risk_page_preview_240.png,step_04_risk_page_preview_240.png,.png,figure,outputs_figures,cross_town_or_not_applicable,628214,fcf63cc34ddd70e0d7cf8182e04731d6b7818212be428f9130e215808f2e50df,2026-10-01T02:41:26.969920+00:00,True,False
29aafb5d05d6,outputs/figures/step_12_primary_text_word_counts.png,step_12_primary_text_word_counts.png,.png,figure,outputs_figures,cross_town_or_not_applicable,78691,6f16c2fba7caf5004ca2f3a44c0a1feb0ced01fb3f2d3557452a325c4034af69,2026-10-01T02:48:43.546989+00:00,True,False
ce07feb3064a,outputs/figures/step_19_evidence_composition_by_district.png,step_19_evidence_composition_by_district.png,.png,figure,outputs_figures,cross_town_or_not_applicable,86525,186d66df8834862f2ef93004e40357c27ca74693b97f044518fda5f69c04802b,2026-10-01T02:48:53.531160+00:00,True,False
43ff9bc9a123,outputs/figures/step_05_ocr_word_bbox_overlay_page_045.png,step_05_ocr_word_bbox_overlay_page_045.png,.png,figure,outputs_figures,cross_town_or_not_applicable,100568,b65fcd92601a91355d8c9d6d36d26d0436cfbe9cec979e2dcc84eeebdac2f177,2026-10-01T02:48:01.571814+00:00,True,False
1d1721e939ad,outputs/figures/step_09_table_overlay_page_234.png,step_09_table_overlay_page_234.png,.png,figure,outputs_figures,cross_town_or_not_applicable,612149,090a395edb960ec48d62f106d2b70d719702cce10b091e2fb80e1d4d6078dfe6,2026-10-01T02:48:31.384528+00:00,True,False
57c4ee126cea,outputs/figures/fixed_variable_evidence_confidence.png,fixed_variable_evidence_confidence.png,.png,figure,outputs_figures,cross_town_or_not_applicable,24742,7956faf728da53ecbca36948537bbc5232210a55dcc80bf8b78f51b34314a884,2026-10-01T19:28:10.777207+00:00,True,False
6cb11f7a884f,outputs/figures/.gitkeep,.gitkeep,,other,outputs_figures,cross_town_or_not_applicable,0,e3b0c44298fc1c149afbf4c8996fb92427ae41e4649b934ca495991b7852b855,2026-09-29T00:57:26.126653+00:00,False,True
0935822db0fc,outputs/figures/step_10_district_anchor_frequency.png,step_10_district_anchor_frequency.png,.png,figure,outputs_figures,cross_town_or_not_applicable,68944,e9395011c8627ef4e17f1899858bccd11c9cc5c5a50a6eca1dab1b99ac930451,2026-10-01T02:48:34.956147+00:00,True,False
ffb20afcc979,outputs/figures/step_16_evidence_bundle_summary.png,step_16_evidence_bundle_summary.png,.png,figure,outputs_figures,cross_town_or_not_applicable,120012,050885c37b9b90871084b97693bb3ca341e4ca59354d31919c92f966c465e2b7,2026-10-01T02:48:51.582232+00:00,True,False
3e55fc497c9a,outputs/figures/step_18_district_gis_review_map.png,step_18_district_gis_review_map.png,.png,figure,outputs_figures,cross_town_or_not_applicable,523229,bc2a4b323de1eadd64cbac1f2112d3e215048c6c15ec2de5e3ae69f1f7532c3e,2026-10-01T02:48:52.598791+00:00,True,False
c0418b69bc3b,outputs/figures/step_05_ocr_confidence_distribution.png,step_05_ocr_confidence_distribution.png,.png,figure,outputs_figures,cross_town_or_not_applicable,83519,d573f8e963549fc70fc5a5ff11a1f51463a930cb520b2547e67b6b709cb47579,2026-10-01T02:47:56.441666+00:00,True,False
a7b989b58429,outputs/figures/step_09_table_overlay_page_233.png,step_09_table_overlay_page_233.png,.png,figure,outputs_figures,cross_town_or_not_applicable,572719,a5e4cc3ed16c30836391e2ec07639178ef8d66d83d1f9ba1b86b53e6e96bf367,2026-10-01T02:48:30.763436+00:00,True,False
fd9fb49c8b3a,outputs/figures/step_04_risk_page_preview_246.png,step_04_risk_page_preview_246.png,.png,figure,outputs_figures,cross_town_or_not_applicable,1277794,bf1407841c015feb883ae73d9441a712afc9ceb52a6ab24b60f2cbbeb9cdd74c,2026-10-01T02:41:29.395320+00:00,True,False
0747242d0342,outputs/figures/step_03_native_word_bbox_overlay_page_001.png,step_03_native_word_bbox_overlay_page_001.png,.png,figure,outputs_figures,cross_town_or_not_applicable,942996,4c8bdb3137d7fa58c6dc5250c43367833e70a05cb48fc346a0d47b4ad6592c53,2026-10-01T02:41:17.246053+00:00,True,False
79e16133bd8b,outputs/figures/phase2_section03_dominant_district_area.png,phase2_section03_dominant_district_area.png,.png,figure,outputs_figures,cross_town_or_not_applicable,65817,c56d4649159fbd28ec9de4a7ca40d517fc97b4633512269c3f491e3c82ac6034,2026-10-01T09:09:03.307431+00:00,True,False
b6ffd209f0cc,outputs/figures/step_04_risk_page_preview_244.png,step_04_risk_page_preview_244.png,.png,figure,outputs_figures,cross_town_or_not_applicable,430593,e5ea0a70979a3194872671a65906918480cc29d82f932788bf79eaeba01c4901,2026-10-01T02:41:30.499303+00:00,True,False
2e04c4ea9fc6,outputs/figures/step_04_risk_page_preview_249.png,step_04_risk_page_preview_249.png,.png,figure,outputs_figures,cross_town_or_not_applicable,902399,096c76f43bad968f53ae566f9bc89797c7c01df235e0596e5ea82de195b7e5cb,2026-10-01T02:41:28.254098+00:00,True,False
9810c954ff33,outputs/figures/phase2_section08_review_status_breakdown.png,phase2_section08_review_status_breakdown.png,.png,figure,outputs_figures,cross_town_or_not_applicable,74270,3a52b6b982770ac82e5cae5cbdaa2154fa785be0038163a71d39faf4982488ae,2026-10-01T09:09:04.031824+00:00,True,False
cc02a918a8f3,outputs/figures/expanded_variable_dependency_map.png,expanded_variable_dependency_map.png,.png,figure,outputs_figures,cross_town_or_not_applicable,65519,9ea15e3ea3bf35b167d7b8d9f5f01f0223b97e7b82dd10ee726ba037ed3ac568,2026-10-01T19:46:58.048014+00:00,True,False
73fa5ad2b219,outputs/figures/step_04_risk_page_preview_248.png,step_04_risk_page_preview_248.png,.png,figure,outputs_figures,cross_town_or_not_applicable,1013688,9ffffbaac9e218085a0b33a1691c4d48e897b3091502c62ca3ecf1b6436beefe,2026-10-01T02:41:31.701869+00:00,True,False
484edca2bdb6,outputs/figures/fixed_variable_recovery_method_by_variable.png,fixed_variable_recovery_method_by_variable.png,.png,figure,outputs_figures,cross_town_or_not_applicable,61684,7d49b01e68abc41b2f8e51756e8b83f166f8c7996e60a7ad992b809a89ac01ec,2026-10-01T19:28:10.289086+00:00,True,False
192c0dddb52c,outputs/figures/step_08_heading_density_by_page.png,step_08_heading_density_by_page.png,.png,figure,outputs_figures,cross_town_or_not_applicable,69686,ddfc32fa93418ad4520a7fba7336ec6d1d4811e6281e26cc0033aa6d611f1e34,2026-10-01T02:48:07.809205+00:00,True,False
6ba81a4553c3,outputs/figures/phase2_section08_candidate_evidence_counts.png,phase2_section08_candidate_evidence_counts.png,.png,figure,outputs_figures,cross_town_or_not_applicable,157004,66641ab606475c47b4c3da9964a5e08265caa88314f127fd53c5e5853f7f1ea8,2026-10-01T09:09:03.719554+00:00,True,False
0679f9e6488b,outputs/figures/step_03_native_words_per_page.png,step_03_native_words_per_page.png,.png,figure,outputs_figures,cross_town_or_not_applicable,89381,a120c0bdaf19b14810636f399ff60da57f1afb030d6c54d4d150765bcee091c5,2026-10-01T02:41:16.433030+00:00,True,False
c321ff4317e4,outputs/figures/step_05_ocr_word_bbox_overlay_page_248.png,step_05_ocr_word_bbox_overlay_page_248.png,.png,figure,outputs_figures,cross_town_or_not_applicable,898728,d555457da702f1970bdd095c66bba0ba62845ca53bd5f1a15c04c6889dd35043,2026-10-01T02:48:03.169916+00:00,True,False
c6ac855e1874,outputs/figures/expanded_variable_score_readiness.png,expanded_variable_score_readiness.png,.png,figure,outputs_figures,cross_town_or_not_applicable,56239,6831d1a73f43fae6aa7b8de723a342ef33d7aec67f145cfc5c386dbad3cbfdd0,2026-10-01T19:46:57.340208+00:00,True,False
7cc5f27d31bb,outputs/figures/phase2_section08_extraction_confidence.png,phase2_section08_extraction_confidence.png,.png,figure,outputs_figures,cross_town_or_not_applicable,98526,a0be04a45905de7b9a2c4e43d1fca7e5d9fc11d0039cec8ef8debe1efa3d3bfc,2026-10-01T09:09:03.922992+00:00,True,False
4abc6a6dfb41,outputs/figures/fixed_variable_comparability_heatmap.png,fixed_variable_comparability_heatmap.png,.png,figure,outputs_figures,cross_town_or_not_applicable,78566,9e36c295ed5e666a7babee524894e37dea2efdd7e3bb76f6c25882ba746a8a19,2026-10-01T19:28:10.585036+00:00,True,False
caa249c71502,outputs/figures/step_05_ocr_word_bbox_overlay_page_288.png,step_05_ocr_word_bbox_overlay_page_288.png,.png,figure,outputs_figures,cross_town_or_not_applicable,1296411,ef7d53f10c8bfbab072e07174226a573cdb5b3a834c6ae03a6dce1cf9d3117d0,2026-10-01T02:47:59.716101+00:00,True,False
8342035efed3,outputs/figures/step_03_native_word_bbox_overlay_page_156.png,step_03_native_word_bbox_overlay_page_156.png,.png,figure,outputs_figures,cross_town_or_not_applicable,1683877,83ac2d7842c8b326cdb96e43aba144b06aa556929acca8248180f85c79894505,2026-10-01T02:41:18.302959+00:00,True,False
bb98603bab1b,outputs/figures/step_04_page_quality_routing.png,step_04_page_quality_routing.png,.png,figure,outputs_figures,cross_town_or_not_applicable,173590,d4f1b5553e5bd179fbe748838e7c415507b1b217197a364a217b744e15195f46,2026-10-01T02:41:25.885140+00:00,True,False
6965aaf54a12,outputs/figures/step_19_citation_resolution_breakdown.png,step_19_citation_resolution_breakdown.png,.png,figure,outputs_figures,cross_town_or_not_applicable,94927,f22eda7eddf1dc02115590d4fb9ad4f5537275a9c6ccf8773a8a1628218cc4e2,2026-10-01T02:48:53.303730+00:00,True,False
fbee07b48a54,outputs/figures/step_02_document_fingerprint_page_001.png,step_02_document_fingerprint_page_001.png,.png,figure,outputs_figures,cross_town_or_not_applicable,1643419,43fb44241db47f84332943821b21c6a15ee55af936dfc002364bd48ec4f3788a,2026-10-01T02:41:06.195516+00:00,True,False
4cf85db70e56,outputs/figures/fixed_variable_missingness_before_after.png,fixed_variable_missingness_before_after.png,.png,figure,outputs_figures,cross_town_or_not_applicable,63544,581e983513ae7961f0308b7b21968034302595b19730cec495b8831e34011187,2026-10-01T19:28:10.113929+00:00,True,False
2e97df36aaeb,outputs/figures/step_07_hierarchy_subtree.png,step_07_hierarchy_subtree.png,.png,figure,outputs_figures,cross_town_or_not_applicable,290171,6844abead91f22ec2b12e796ac589ef74da424aafc1f8de1650f3052c28b4c91,2026-10-01T02:48:07.267319+00:00,True,False
135c8843e18a,outputs/figures/step_01_source_page_001_preview.png,step_01_source_page_001_preview.png,.png,figure,outputs_figures,cross_town_or_not_applicable,984896,e1de3602d6f3670f3392d7544663cb8f4f7c6cd9730ac3d4d2ec060187392b7d,2026-10-01T02:41:03.571361+00:00,True,False
e943b66dc5ae,outputs/figures/step_13_cross_reference_graph.png,step_13_cross_reference_graph.png,.png,figure,outputs_figures,cross_town_or_not_applicable,113620,5d7a4527b8d7c556c20cdcc68ba550cea3fe654b89f7709b9a1809c4f54b8ceb,2026-10-01T02:48:47.081202+00:00,True,False
b74cbd96216d,outputs/figures/step_10_anchor_R_6_page_084.png,step_10_anchor_R_6_page_084.png,.png,figure,outputs_figures,cross_town_or_not_applicable,1867200,07bdc7e743bda9b69706be6a1bdeb5e439e016224d02dce09a9c70ba7eb49a75,2026-10-01T02:48:42.801421+00:00,True,False
6765f05fff35,outputs/figures/step_05_ocr_word_bbox_overlay_page_015.png,step_05_ocr_word_bbox_overlay_page_015.png,.png,figure,outputs_figures,cross_town_or_not_applicable,102204,1898a3a64f7dc0a9d72a0916f893f586050cd2ed3b3a2baf2c0fca62ee64d58e,2026-10-01T02:47:58.641224+00:00,True,False
ba94eb50f235,outputs/figures/step_10_anchor_R_20_page_077.png,step_10_anchor_R_20_page_077.png,.png,figure,outputs_figures,cross_town_or_not_applicable,1792755,93c70e6b209950c876da85dc80d51aec44dc67b9b82ea6d6847361e4a692fb87,2026-10-01T02:48:37.376697+00:00,True,False
b6d5fae94899,outputs/figures/expanded_variable_availability_diagnosis.png,expanded_variable_availability_diagnosis.png,.png,figure,outputs_figures,cross_town_or_not_applicable,68643,a2b07c30416a4be6afdc55faecda3608d654b512c3b52f7c3c76835f90f868bf,2026-10-01T19:46:57.473081+00:00,True,False
1b22692cde39,outputs/figures/step_10_anchor_RA_1_page_077.png,step_10_anchor_RA_1_page_077.png,.png,figure,outputs_figures,cross_town_or_not_applicable,1792344,006661c9272eb947253a6ffca896e8d2b0c89191caa4649176d1efaac1214bd3,2026-10-01T02:48:38.572503+00:00,True,False
25b1b251278a,outputs/figures/step_19_collection_quality_dashboard.png,step_19_collection_quality_dashboard.png,.png,figure,outputs_figures,cross_town_or_not_applicable,221399,3ee4fc977e0e7cb73b6b5b3fe85377f6750be1106e49bd6d49309acbf639d1ef,2026-10-01T02:48:53.067111+00:00,True,False
9352836fc10b,outputs/tables/final_collection_deliverables/audit_unified_tokens.parquet,audit_unified_tokens.parquet,.parquet,tabular_data,outputs_tables,cross_town_or_not_applicable,5553178,4f5592dc70903c553ecd0fd9d0a42c55c0c5b4f9ce8a918d341f501dae8a4b73,2026-10-01T02:48:53.805613+00:00,True,True
ebfe6ae09444,outputs/tables/final_collection_deliverables/audit_citations.csv,audit_citations.csv,.csv,tabular_data,outputs_tables,cross_town_or_not_applicable,228209,c29e1aff3f0e68a315873a29317043f6115572f0c06ba0b6abf558054875023b,2026-10-01T02:48:53.826838+00:00,True,True
7be895f207ac,outputs/tables/final_collection_deliverables/audit_conflict_log.csv,audit_conflict_log.csv,.csv,tabular_data,outputs_tables,cross_town_or_not_applicable,44302,93c28048ffa90a688d2d823201f3293b0a20a7587c1db087c5c77d0e553a1cac,2026-10-01T02:48:53.830739+00:00,True,True
ee9a526a78af,outputs/tables/final_collection_deliverables/greenwich_collection_audit_manifest.json,greenwich_collection_audit_manifest.json,.json,structured_data,outputs_tables,Greenwich,2838,d6f00be0671bf70796e54f0edf80b5301d20b75632b13bc7fc2510c96bee16ee,2026-10-01T02:48:53.832115+00:00,True,False
1d1750551e0f,outputs/tables/final_collection_deliverables/greenwich_district_evidence_bundles.json,greenwich_district_evidence_bundles.json,.json,structured_data,outputs_tables,Greenwich,177562,7817f1e225a05e20bb8c46cce7385cceca23a7c68d9c2e563f88301baf652e7f,2026-10-01T02:48:53.628609+00:00,True,False
0f2629d4b93a,outputs/tables/final_collection_deliverables/greenwich_district_evidence_bundles.csv,greenwich_district_evidence_bundles.csv,.csv,tabular_data,outputs_tables,Greenwich,165212,4f4a72db0883871f2bf93e08c6f1b9c75bf23a0bf425dc28bc67b16720525aaa,2026-10-01T02:48:53.627681+00:00,True,False
fa02c4f2314e,outputs/tables/final_collection_deliverables/audit_table_cells.parquet,audit_table_cells.parquet,.parquet,tabular_data,outputs_tables,cross_town_or_not_applicable,93034,276d2eea29f64223c72635d7ee44505e50481ba70d5596f22fceb07f0e4980ac,2026-10-01T02:48:53.821660+00:00,True,True
d02480351bd9,outputs/tables/final_collection_deliverables/audit_table_inventory.csv,audit_table_inventory.csv,.csv,tabular_data,outputs_tables,cross_town_or_not_applicable,19768,21dd32d961bcf2d8267fb9498bde52357ccaf2dc7b146f9340528a222eefd4d1,2026-10-01T02:48:53.818276+00:00,True,False
ff9381e8eef8,outputs/tables/final_collection_deliverables/greenwich_district_metadata.csv,greenwich_district_metadata.csv,.csv,tabular_data,outputs_tables,Greenwich,20199,3624ed44ea9767410cd13642e47120915a946c931f8c87df76ec50ecc1e3e0ea,2026-10-01T02:48:53.633575+00:00,True,True
fc6c27766852,outputs/tables/final_collection_deliverables/audit_manual_conflict_review_queue.csv,audit_manual_conflict_review_queue.csv,.csv,tabular_data,outputs_tables,cross_town_or_not_applicable,217,74363484ae8bb2e611005a37ec9ab176dd804664ffe907bab0e1ecd3d833a99b,2026-10-01T02:48:53.830937+00:00,True,True
f5b2996bf2ab,outputs/tables/final_collection_deliverables/greenwich_collection_quality_report.csv,greenwich_collection_quality_report.csv,.csv,tabular_data,outputs_tables,Greenwich,667,1a1ceae2d8c6fa2e8fd8fd6f8db5c7680e21bb986c77b8ef1771abffe994a6d1,2026-10-01T02:48:53.633971+00:00,True,False
5d46d1f1e8ba,outputs/tables/final_collection_deliverables/greenwich_district_evidence_bundles.parquet,greenwich_district_evidence_bundles.parquet,.parquet,tabular_data,outputs_tables,Greenwich,38210,7ac7c2cce7a4d5700e238dcd587fe8ac91e347c1e1273e090ea9ee3598dec48c,2026-10-01T02:48:53.632060+00:00,True,False
50a72ee7a7cc,outputs/tables/final_collection_deliverables/audit_hierarchy_nodes.parquet,audit_hierarchy_nodes.parquet,.parquet,tabular_data,outputs_tables,cross_town_or_not_applicable,114143,528bf74153f446e79db5a3286cddcbdcc4d92a2e3eb5bc204532b1c71a3e1162,2026-10-01T02:48:53.816547+00:00,True,True
1e2f9adb0307,outputs/tables/final_collection_deliverables/audit_district_table_matches.csv,audit_district_table_matches.csv,.csv,tabular_data,outputs_tables,cross_town_or_not_applicable,3784,751a76b4637f71d244bc34fce9093e7976e6905975cdf2d8f63c1349490b6af3,2026-10-01T02:48:53.828721+00:00,True,True
29775b2ececa,outputs/tables/greenwich_prototype_final/greenwich_prototype_scoring_rubric.csv,greenwich_prototype_scoring_rubric.csv,.csv,tabular_data,outputs_tables,Greenwich,1766,892f42a3c4500da39cdfd58bbbc8de0e32060dfdd85089bc152aa82f90dfb760,2026-10-01T09:09:04.139808+00:00,True,False
b7ee78cabadd,outputs/tables/greenwich_prototype_final/greenwich_rule_extraction_audit.csv,greenwich_rule_extraction_audit.csv,.csv,tabular_data,outputs_tables,Greenwich,17492,fa668d53fa46bc20ae0c5185ddbdf639fc450f30311898e89a58c0f483542184,2026-10-01T09:09:04.167759+00:00,True,False
b6b3926b4f26,outputs/tables/greenwich_prototype_final/greenwich_prototype_score_summary.csv,greenwich_prototype_score_summary.csv,.csv,tabular_data,outputs_tables,Greenwich,326,e981e4e3aff58a6841d204244e2ce4dcfeba98fbf0b85f498991cea3c515f1fc,2026-10-01T09:09:04.159714+00:00,True,False
466d4def0174,outputs/tables/greenwich_prototype_final/greenwich_prototype_score_components.csv,greenwich_prototype_score_components.csv,.csv,tabular_data,outputs_tables,Greenwich,1087,aa2e1b8d7a7e68522defa0197888becd0b68925a9fe97ad9be3fd34ba46af526,2026-10-01T09:09:04.152503+00:00,True,False
58b77d50a053,outputs/tables/greenwich_prototype_final/greenwich_manual_review_history.csv,greenwich_manual_review_history.csv,.csv,tabular_data,outputs_tables,Greenwich,4476,970726c6c93e4fad615550b1292924c01ef80e161583820eaca3c8bc39cc28da,2026-10-01T09:09:04.168355+00:00,True,True
1767eff54917,outputs/tables/greenwich_prototype_final/greenwich_evidence_profile.csv,greenwich_evidence_profile.csv,.csv,tabular_data,outputs_tables,Greenwich,4636,6641094841d58af43d0ec36ba192b09afec81be697e02ea534987fcb015e0a18,2026-10-01T09:09:04.165540+00:00,True,False
2152bcd5feb7,outputs/tables/bridgeport/step_02_5_final_validation.csv,step_02_5_final_validation.csv,.csv,tabular_data,outputs_tables,Bridgeport,862,d72f346674a172c52a0500d63d325a9679bb6989c0a73066dd67e4fb56dee088,2026-10-01T17:27:15.054157+00:00,True,False
574d4b746327,outputs/tables/bridgeport/step_10_final_validation_results.csv,step_10_final_validation_results.csv,.csv,tabular_data,outputs_tables,Bridgeport,452,c832c3dfd3da98dd315d0f7cd43b016ebbb70a6314a1f25c92178ce298e6e217,2026-10-01T16:24:17.794140+00:00,True,False
a97eef83c76f,outputs/tables/bridgeport/step_06_heading_candidates.csv,step_06_heading_candidates.csv,.csv,tabular_data,outputs_tables,Bridgeport,787279,ba0b45fd91d8e8ff0ff8b7068e604c9f0373e932f85e62c7517cdbcedac2462c,2026-10-01T16:21:11.782914+00:00,True,False
0c8cc141f282,outputs/tables/bridgeport/step_07_gis_inventory.csv,step_07_gis_inventory.csv,.csv,tabular_data,outputs_tables,Bridgeport,133,c4012e67b00d1f8308ce60d4fe986bd5b937bc23d5196343e8893065c7035e03,2026-10-01T16:24:13.646553+00:00,True,False
cc6857d75709,outputs/tables/bridgeport/step_00_conflict_reclassification.csv,step_00_conflict_reclassification.csv,.csv,tabular_data,outputs_tables,Bridgeport,25417,195aee52a53c24e935fe4c266b072b45e69da552b93b2c303056e2aed3df7c26,2026-10-01T16:59:45.032336+00:00,True,True
76dcd6650afe,outputs/tables/bridgeport/step_02_phase_2_comparability_summary.csv,step_02_phase_2_comparability_summary.csv,.csv,tabular_data,outputs_tables,Bridgeport,1593,59720c883afdca115ff58e73d31c1259879bda76382a85b3c118cb5ac631bdad,2026-10-01T16:59:48.524085+00:00,True,False
1f80d0f9fc29,outputs/tables/bridgeport/step_02_phase_2_final_validation.csv,step_02_phase_2_final_validation.csv,.csv,tabular_data,outputs_tables,Bridgeport,585,ec7cc63011ef3481ba11a5edbfa06fafcce320c13224e983d0424c5271199883,2026-10-01T16:59:54.307835+00:00,True,False
3ba3774a1f4e,outputs/tables/bridgeport/step_02_6_detector_gap_summary.csv,step_02_6_detector_gap_summary.csv,.csv,tabular_data,outputs_tables,Bridgeport,263,f0d12f72adfc13fe699478eca9f2a6f82d6e5e6e666d7e470ff435ae0069cfb8,2026-10-01T18:20:22.992787+00:00,True,False
9bf27df7ee0b,outputs/tables/bridgeport/step_02_6_greenwich_bridgeport_addendum.md,step_02_6_greenwich_bridgeport_addendum.md,.md,documentation,outputs_tables,Bridgeport,2070,d5de90c12e1a01829fd943e3946699206a5efff293f0086063cbbbcf1f8b3dd4,2026-10-01T18:20:23.008705+00:00,True,False
739c8faefd0a,outputs/tables/bridgeport/step_02_5_targeted_page_inventory.csv,step_02_5_targeted_page_inventory.csv,.csv,tabular_data,outputs_tables,Bridgeport,1123,ead1189bc908004846817e4de516f8418124cf900bf1fbf60f0f4208dd40c791,2026-10-01T17:24:40.073293+00:00,True,False
371b8b2f570a,outputs/tables/bridgeport/step_02_phase_2_status_summary.csv,step_02_phase_2_status_summary.csv,.csv,tabular_data,outputs_tables,Bridgeport,1323,e5bafb4b86ec3c28dab6cedaf6f96cb81c3cf74b40139edcc5d126f8e46d1095,2026-10-01T16:59:48.434927+00:00,True,False
d897b87601a1,outputs/tables/bridgeport/step_08_hierarchy_validation_results.csv,step_08_hierarchy_validation_results.csv,.csv,tabular_data,outputs_tables,Bridgeport,428,68e70423952722f8b8eee06240ea89f4a4efa2204644036066b6340474ad7eba,2026-10-01T16:21:11.788010+00:00,True,False
bdf30db44c13,outputs/tables/bridgeport/step_02_6_table_family_inventory.csv,step_02_6_table_family_inventory.csv,.csv,tabular_data,outputs_tables,Bridgeport,2674,39479dae05c05fad11615ed8fc73c6aec1b6f4d27c7d318287553ef18274fca6,2026-10-01T18:20:22.994070+00:00,True,False
6c20c344d738,outputs/tables/bridgeport/step_02_table_title_associations.csv,step_02_table_title_associations.csv,.csv,tabular_data,outputs_tables,Bridgeport,31220,7f0f3da294a05f8106edf95099123788f8a73570f60f5e461036076362a749e5,2026-10-01T16:22:50.677294+00:00,True,False
52f8f77ae57b,outputs/tables/bridgeport/step_05_citations.csv,step_05_citations.csv,.csv,tabular_data,outputs_tables,Bridgeport,106282,2e920916d61cacec8f05abe579b72364190878e6281d42f7252fe7325d2ea812,2026-10-01T16:24:05.890884+00:00,True,False
df39b2ebd3d7,outputs/tables/bridgeport/step_08_page_coverage.csv,step_08_page_coverage.csv,.csv,tabular_data,outputs_tables,Bridgeport,445,e6a6ab0903571c9395295810157781a1b88a5bf73c70e9be41b2f627ba49ee96,2026-10-01T16:24:14.635301+00:00,True,False
0ae3e77bb9f9,outputs/tables/bridgeport/step_02_phase_2_scenario_summary.csv,step_02_phase_2_scenario_summary.csv,.csv,tabular_data,outputs_tables,Bridgeport,2034,54b43c00240ffe00931919f842c4f8fe977f8ca887a281c931fbbfacb1265420,2026-10-01T16:59:53.909425+00:00,True,False
27f18463ac07,outputs/tables/bridgeport/step_01_5_hierarchy_change_summary.csv,step_01_5_hierarchy_change_summary.csv,.csv,tabular_data,outputs_tables,Bridgeport,126,6dc0cc2cdaa37e39cbc59e6337731626da494cc9bf83c28d146b723e860c266b,2026-10-01T16:21:43.783663+00:00,True,False
a7c45221bf12,outputs/tables/bridgeport/step_04_long_block_outlier_report.csv,step_04_long_block_outlier_report.csv,.csv,tabular_data,outputs_tables,Bridgeport,564,e9725d4319c6282fb75158b6a77beaf6d5cc49925c9740c9abed31305ae3b907,2026-10-01T16:23:44.103169+00:00,True,False
30a0d077a60c,outputs/tables/bridgeport/step_04_page_quality_and_routing.csv,step_04_page_quality_and_routing.csv,.csv,tabular_data,outputs_tables,Bridgeport,189006,4d876a11ccd5c95651acc3e8c9e24a7e77c99b13a8048c55e761a41cefc85489,2026-10-01T16:21:08.146129+00:00,True,False
93d072481233,outputs/tables/bridgeport/step_02_table_detection_by_page.csv,step_02_table_detection_by_page.csv,.csv,tabular_data,outputs_tables,Bridgeport,7243,6d004740aedca201c39c9b7cc8e13230af5ff9aff99ca1ee00f60760db54ea30,2026-10-01T16:22:50.397291+00:00,True,False
4746470de20e,outputs/tables/bridgeport/step_02_table_header_diagnostics.csv,step_02_table_header_diagnostics.csv,.csv,tabular_data,outputs_tables,Bridgeport,12320,ca12535d6517df4f0571311daf95d0ea96b120ac2400e03d60dca71eb46d8d72,2026-10-01T16:22:50.708414+00:00,True,False
f424cd4cacb5,outputs/tables/bridgeport/step_02_6_variable_coverage_reassessment.csv,step_02_6_variable_coverage_reassessment.csv,.csv,tabular_data,outputs_tables,Bridgeport,602,72e19f1b9c85824afb23005d8696a14205fb0be0eaf3deb03c2b56975e6801f3,2026-10-01T18:20:22.977030+00:00,True,False
7c072bbdf193,outputs/tables/bridgeport/step_07_historic_overlay_summary.csv,step_07_historic_overlay_summary.csv,.csv,tabular_data,outputs_tables,Bridgeport,62,9f9fcfa60c849262aab4811ba845a1b0ae6783fc43a6cd6fe9fb4f7355cc7064,2026-10-01T16:24:13.765576+00:00,True,False
fa0bf6cdd894,outputs/tables/bridgeport/step_01_5_parent_change_detail.csv,step_01_5_parent_change_detail.csv,.csv,tabular_data,outputs_tables,Bridgeport,531,81693f13588d1055d0b1d243da338540cdd6603ab4557602771f308ce9f30ddc,2026-10-01T16:21:43.784210+00:00,True,False
aeb63cb835fd,outputs/tables/bridgeport/bridgeport_greenwich_exploratory_comparison.md,bridgeport_greenwich_exploratory_comparison.md,.md,documentation,outputs_tables,Bridgeport,3247,6cc74a3f68bce51bd3e6782b9ceca17501483609fcbadc05a14d4257b7fe5507,2026-10-01T16:59:53.968571+00:00,True,False
77ae3323ef81,outputs/tables/bridgeport/step_00_gis_unmatched_code_classification.csv,step_00_gis_unmatched_code_classification.csv,.csv,tabular_data,outputs_tables,Bridgeport,2280,8748b8927cebabf3045aaf6e1b49950c9799ebcf7c3d9d40d89023c2a5c6a7c3,2026-10-01T16:59:47.618359+00:00,True,False
a4a05bcb0eb5,outputs/tables/bridgeport/step_02_phase_2_held_district_summary.csv,step_02_phase_2_held_district_summary.csv,.csv,tabular_data,outputs_tables,Bridgeport,4928,0aae6a57dc972339a5147c481517b54f1566661aec353ecf4480bdee5336e3ad,2026-10-01T16:59:48.225441+00:00,True,True
51f2d81468ce,outputs/tables/bridgeport/step_07_hierarchy_node_counts.csv,step_07_hierarchy_node_counts.csv,.csv,tabular_data,outputs_tables,Bridgeport,99,974675acec8348a0415d091c1545a8ccc0f68dff673882cdaa3beb6e5eca9e5f,2026-10-01T16:21:11.787205+00:00,True,False
5200c94c264a,outputs/tables/bridgeport/step_07_hierarchy_outline.csv,step_07_hierarchy_outline.csv,.csv,tabular_data,outputs_tables,Bridgeport,12859,aea4210669579ab7bed7363a8511bfd0746ba55216564d30e772b0380c2306f0,2026-10-01T16:21:11.787725+00:00,True,False
856eeff92483,outputs/tables/bridgeport/step_02_6_recovered_dimensional_standards.csv,step_02_6_recovered_dimensional_standards.csv,.csv,tabular_data,outputs_tables,Bridgeport,8549,27eb6794efa073adefadea547bdb2d188340a398e6259f0510c0b29d81c5396d,2026-10-01T18:20:22.995560+00:00,True,False
ed50db37dd8c,outputs/tables/bridgeport/step_03_district_registry.csv,step_03_district_registry.csv,.csv,tabular_data,outputs_tables,Bridgeport,8028,eaeafca2862c345933cc1deb0c861b0fc5eb8adf4ed207cdd58593baf3c3e78d,2026-10-01T16:23:40.717434+00:00,True,False
75346657892d,outputs/tables/bridgeport/step_02_table_type_candidates.csv,step_02_table_type_candidates.csv,.csv,tabular_data,outputs_tables,Bridgeport,24490,e4429d229f7446826475484c1ce112d913f6b7d898dd2c17f38b0985c783825c,2026-10-01T16:22:50.695012+00:00,True,False
260e3a510f3d,outputs/tables/bridgeport/step_08_evidence_completeness.csv,step_08_evidence_completeness.csv,.csv,tabular_data,outputs_tables,Bridgeport,792,24dfc78c24845d66e2bbe2a4bfb4c9d1e913d9659b77c5bd2038ea27a569a3ec,2026-10-01T16:24:14.636192+00:00,True,False
058905339020,outputs/tables/bridgeport/step_08_bundle_source_type_contribution.csv,step_08_bundle_source_type_contribution.csv,.csv,tabular_data,outputs_tables,Bridgeport,20920,18a0219c7e7ff8a346f2261c27092d5377b69fa484d819e9f37a7bcc0f38873d,2026-10-01T16:24:14.629355+00:00,True,False
632dc37aa663,outputs/tables/bridgeport/step_02_table_row_column_diagnostics.csv,step_02_table_row_column_diagnostics.csv,.csv,tabular_data,outputs_tables,Bridgeport,12925,6d9ed364829ea013465f1dfae3bcb6af614db3bc19c0d32d1dcfea1c9bc0e9eb,2026-10-01T16:22:50.791611+00:00,True,False
04d99d0f4106,outputs/tables/bridgeport/step_02_phase_2_variable_summary.csv,step_02_phase_2_variable_summary.csv,.csv,tabular_data,outputs_tables,Bridgeport,752,c60716ee9bb014627b578711f130caf3bc0047fdfdaf07738506d19aa80d1670,2026-10-01T16:59:48.443950+00:00,True,False
cc9a42bf5ae0,outputs/tables/bridgeport/step_01_5_reading_order_comparison.csv,step_01_5_reading_order_comparison.csv,.csv,tabular_data,outputs_tables,Bridgeport,7722,90c413d36480e6bf475a3a68e1739e9ac69dc516d1bf808fbd9a06a08e2a8ce0,2026-10-01T16:21:43.783037+00:00,True,False
62b73c151b74,outputs/tables/bridgeport/step_03_raw_district_candidates.csv,step_03_raw_district_candidates.csv,.csv,tabular_data,outputs_tables,Bridgeport,58563,c40aeebfe5177b72c66c293c7cc3dd442a87369bb80102ea1135926d01b2fa95,2026-10-01T16:23:40.678793+00:00,True,False
b9316bf999a6,outputs/tables/bridgeport/step_04_district_primary_text_coverage.csv,step_04_district_primary_text_coverage.csv,.csv,tabular_data,outputs_tables,Bridgeport,2305,73341e2d7dd04f744c035b1ca89cb1e49a24c65ccbcc65a4e572677d40a7e04f,2026-10-01T16:23:44.100283+00:00,True,False
6e4c2fdc30cf,outputs/tables/bridgeport/step_09_collection_quality_report.json,step_09_collection_quality_report.json,.json,structured_data,outputs_tables,Bridgeport,1286,1fb712a6d4b70c61ee92dfccda871985501e175e2c39c21a32e30ab55faeecdf,2026-10-01T16:24:16.843278+00:00,True,False
158e1b26e32c,outputs/tables/bridgeport/step_05_cross_reference_summary.csv,step_05_cross_reference_summary.csv,.csv,tabular_data,outputs_tables,Bridgeport,105,67084af910d871546f1e1b1d123d5910d4a2c7e68e485f9c64326b06b8aa9a4c,2026-10-01T16:24:06.120568+00:00,True,False
36f2f97e3961,outputs/tables/bridgeport/step_06_explicit_applicability_matrix.csv,step_06_explicit_applicability_matrix.csv,.csv,tabular_data,outputs_tables,Bridgeport,11556,223bb1c8bce0cc6f428b83f3becdf42756c7a002e32db728c542290bff167397,2026-10-01T16:24:08.840389+00:00,True,False
4f23f873bbbe,outputs/tables/bridgeport/step_04_source_page_coverage.csv,step_04_source_page_coverage.csv,.csv,tabular_data,outputs_tables,Bridgeport,381,e00bdd2af7b8a262468dada84ebece6c9f5025b1a5db49aa4c1045ab264f8dff,2026-10-01T16:23:44.101074+00:00,True,False
cda30cdf7d90,outputs/tables/bridgeport/step_01_5_page_layout_detection.csv,step_01_5_page_layout_detection.csv,.csv,tabular_data,outputs_tables,Bridgeport,51371,b0cb702c56419323f810b68d73a39c6fe41781358fbcae200c9c92f3618a217d,2026-10-01T16:21:39.357486+00:00,True,False
d90210f0f385,outputs/tables/bridgeport/step_08_conflict_candidate_audit.csv,step_08_conflict_candidate_audit.csv,.csv,tabular_data,outputs_tables,Bridgeport,43230,3dfde38ede864b80aec5f90e80e7338daef46af7b41dfcc96a1b5962375fcbe0,2026-10-01T16:24:14.252328+00:00,True,False
811280d9e4ec,outputs/tables/bridgeport/bridgeport_greenwich_exploratory_comparison.csv,bridgeport_greenwich_exploratory_comparison.csv,.csv,tabular_data,outputs_tables,Bridgeport,2713,436563bcf669c90996c36d765c55a75b5b2bf0cd0de56e002208bd0eb45a7c6e,2026-10-01T16:59:53.963375+00:00,True,False
fee95bfd626b,outputs/tables/bridgeport/step_02_table_inventory.csv,step_02_table_inventory.csv,.csv,tabular_data,outputs_tables,Bridgeport,112384,4fdbeacffed52fddcf4d6768d80b94507631c4d21cadbcf0de069c6b9d1f171d,2026-10-01T16:22:50.400451+00:00,True,False
bbe5ab664769,outputs/tables/bridgeport/step_02_6_final_validation.csv,step_02_6_final_validation.csv,.csv,tabular_data,outputs_tables,Bridgeport,664,b171baa13214c8caad8e7e13e5fe5b6ebfeef80517ed807e42652eefad279677,2026-10-01T18:20:30.092816+00:00,True,False
a6574fbb5c87,outputs/tables/bridgeport/step_02_phase_2_conflict_log.csv,step_02_phase_2_conflict_log.csv,.csv,tabular_data,outputs_tables,Bridgeport,25417,195aee52a53c24e935fe4c266b072b45e69da552b93b2c303056e2aed3df7c26,2026-10-01T16:59:53.910974+00:00,True,True
664592ec924e,outputs/logs/bridgeport/step_05_citations_log.json,step_05_citations_log.json,.json,structured_data,outputs_logs,Bridgeport,445,85569213b5548860ebeb44441816ec04725a433903186db5e05d65c804e82b7d,2026-10-01T16:24:08.490872+00:00,True,False
1f533f37396b,outputs/logs/bridgeport/step_04_primary_blocks_log.json,step_04_primary_blocks_log.json,.json,structured_data,outputs_logs,Bridgeport,360,64ae2d3374f85625e8ad98731ff7e5406d31020432fadb41ee47e4953c55259a,2026-10-01T16:23:48.048426+00:00,True,False
a200fe1d3940,outputs/logs/bridgeport/step_08_evidence_bundles_log.json,step_08_evidence_bundles_log.json,.json,structured_data,outputs_logs,Bridgeport,382,3d43e33e0f6910396145c6d6d9fa72f29ea5eafa3079e50246fbb873b4598008,2026-10-01T16:24:16.813475+00:00,True,False
17ba301dcb21,outputs/logs/bridgeport/step_01_09_collection_stage_1_log.json,step_01_09_collection_stage_1_log.json,.json,structured_data,outputs_logs,Bridgeport,580,1a8600fe96a3e4a986ba24eef93595f5c0f9cb952538550baaa219863314668c,2026-10-01T16:21:11.789763+00:00,True,False
2b0cfb8a91fd,outputs/logs/bridgeport/bridgeport_phase_3_integration_manifest.json,bridgeport_phase_3_integration_manifest.json,.json,structured_data,outputs_logs,Bridgeport,1558,5a52258a4d27cf98c9f442ac0a9edf6979abb1c26dafbcf9bf96fe05d125edce,2026-10-01T20:37:45.981939+00:00,True,False
e3dea2365a45,outputs/logs/bridgeport/bridgeport_phase_3_pilot_scoring_manifest.json,bridgeport_phase_3_pilot_scoring_manifest.json,.json,structured_data,outputs_logs,Bridgeport,1768,641f380e4f533e4bda84c752ef7d2bd9579659df155fb697f0a2cc3bd82c7fe3,2026-10-01T20:44:30.077273+00:00,True,False
6ae54ab97729,outputs/logs/bridgeport/step_00_scenario_readiness_report.json,step_00_scenario_readiness_report.json,.json,structured_data,outputs_logs,Bridgeport,1288,99389a1d8d871b53845241d31b014ed87778461af4cb67f4d096e04c38ebac76,2026-10-01T16:59:47.729898+00:00,True,False
018f830912f2,outputs/logs/bridgeport/bridgeport_collection_manifest.json,bridgeport_collection_manifest.json,.json,structured_data,outputs_logs,Bridgeport,2067,bece91ac03124e0210d95678714e4345774c0d5f0f434a53b05c67441f0e9ae6,2026-10-01T16:24:17.787572+00:00,True,False
8daa7917408e,outputs/logs/bridgeport/bridgeport_phase_2_6_visual_table_recovery_manifest.json,bridgeport_phase_2_6_visual_table_recovery_manifest.json,.json,structured_data,outputs_logs,Bridgeport,1842,b8bc6b178fa28c6e5194932d24b2311660bb487157632c392b4837eab8e13a24,2026-10-01T18:20:30.046077+00:00,True,False
fe1f9764df22,outputs/logs/bridgeport/step_08_conflict_log.json,step_08_conflict_log.json,.json,structured_data,outputs_logs,Bridgeport,304,234f492448c67406c9b84c645815558d5e2153a8ab841598bf2b876ca72fbbfc,2026-10-01T16:24:14.252843+00:00,True,False
b90028090f77,outputs/logs/bridgeport/step_07_gis_crosswalk_log.json,step_07_gis_crosswalk_log.json,.json,structured_data,outputs_logs,Bridgeport,469,d8b206bfdfd1ec38fe319dc6ba55e76e74bc59b46419863e58a611224ca191c2,2026-10-01T16:24:14.173529+00:00,True,False
48d5b883fe65,outputs/logs/bridgeport/step_02_table_parsing_log.json,step_02_table_parsing_log.json,.json,structured_data,outputs_logs,Bridgeport,908,422133a9b91731f39b72599415a7767e65243e86941410142097f49c5108b721,2026-10-01T16:23:40.087448+00:00,True,False
e51825d7116a,outputs/logs/bridgeport/step_06_rule_library_log.json,step_06_rule_library_log.json,.json,structured_data,outputs_logs,Bridgeport,629,279363c57f1d1d17b1c1ffb9181cd057877a5a2e9330db610dd8e11c5a446d6a,2026-10-01T16:24:13.638350+00:00,True,False
a340296a598f,outputs/logs/bridgeport/step_01_5_reading_order_repair_log.json,step_01_5_reading_order_repair_log.json,.json,structured_data,outputs_logs,Bridgeport,632,f06f9f3cd0e4f1d6889ab67f15e5d8324f9f6c4a76c49a22f2d7379ba8ab29fe,2026-10-01T16:21:44.013770+00:00,True,False
1dc9a5f95c63,outputs/logs/bridgeport/step_03_district_taxonomy_log.json,step_03_district_taxonomy_log.json,.json,structured_data,outputs_logs,Bridgeport,878,b4c2afe277c41e3a678021230a8cde0efc5a30febb8b9c5cf3e36e0b67958d32,2026-10-01T16:23:43.983156+00:00,True,False
74ad312d8409,outputs/logs/bridgeport/bridgeport_phase_2_manifest.json,bridgeport_phase_2_manifest.json,.json,structured_data,outputs_logs,Bridgeport,1600,70a5430d50218762c219cb1fda516b249477dfb2fe9e8811cd37d096d21895fc,2026-10-01T16:59:54.318942+00:00,True,False
1da30a9f269c,outputs/logs/bridgeport/bridgeport_phase_2_8_manifest.json,bridgeport_phase_2_8_manifest.json,.json,structured_data,outputs_logs,Bridgeport,2350,a23ad1aad5c54b2f11794cf332a6b6d39ec87aa6a1bb741c7af55dc20f454029,2026-10-01T20:28:17.092435+00:00,True,False
f99e1edc76c9,outputs/logs/bridgeport/bridgeport_phase_2_5_vlm_manifest.json,bridgeport_phase_2_5_vlm_manifest.json,.json,structured_data,outputs_logs,Bridgeport,1679,96eaa61242b59bb4a9e0be725f421244ccd249cca7bea059b7b6c4ccb584deef,2026-10-01T17:27:15.036883+00:00,True,False
6b97d605e913,outputs/review/greenwich_prototype_final/greenwich_scoring_assumptions_and_limitations.csv,greenwich_scoring_assumptions_and_limitations.csv,.csv,tabular_data,outputs_review,Greenwich,1724,d6435401ad581fbf2d6e054505a3c888cafc20d787fc6ec1150e151bccaf31fd,2026-10-01T09:09:04.172535+00:00,True,False
88528ffa5183,outputs/review/bridgeport/step_02_8_small_general_registry_gap_finding.csv,step_02_8_small_general_registry_gap_finding.csv,.csv,tabular_data,outputs_review,Bridgeport,1117,fae5b3aaf8d6bb142163603330266040b0e18702453e651f747cf91fd9af2d03,2026-10-01T20:28:15.364666+00:00,True,False
ce5ca57641fc,outputs/review/bridgeport/step_08_high_heading_density_pages.csv,step_08_high_heading_density_pages.csv,.csv,tabular_data,outputs_review,Bridgeport,1044,ad14a8d66d105d258acf13a0e02bda435b72db29b9862b2904da39e8353cbd0e,2026-10-01T16:21:11.789064+00:00,True,False
84a98c8029aa,outputs/review/bridgeport/step_03_ambiguous_codes.csv,step_03_ambiguous_codes.csv,.csv,tabular_data,outputs_review,Bridgeport,1322,462f6d3c7242c1261f99c8bc7ab6a0a166e6236b3ebc9589c6e9dc52705db740,2026-10-01T16:23:40.725264+00:00,True,False
25cbf8b42216,outputs/review/bridgeport/step_08_misordered_hierarchy_edges.csv,step_08_misordered_hierarchy_edges.csv,.csv,tabular_data,outputs_review,Bridgeport,1,01ba4719c80b6fe911b091a7c05124b64eeece964e09c058ef8f9805daca546b,2026-10-01T16:21:11.788846+00:00,True,True
0a6c65604f67,outputs/review/bridgeport/step_03_v7_v12_evidence_out_of_scope_this_pass.csv,step_03_v7_v12_evidence_out_of_scope_this_pass.csv,.csv,tabular_data,outputs_review,Bridgeport,20305,49baa84c6a185fde311db4846b7af3532f7d7256e696db15b0fdb7eaf9656ff4,2026-10-01T20:37:44.878021+00:00,True,False
ba9199eb7586,outputs/review/bridgeport/step_03_ordinance_only_codes.csv,step_03_ordinance_only_codes.csv,.csv,tabular_data,outputs_review,Bridgeport,2860,f25910e80f39683fb23573498b3c968d3bb7b12437f7c99c1720bfb07db744c4,2026-10-01T16:23:40.724721+00:00,True,False
6c42b2db42f7,outputs/review/bridgeport/step_08_orphan_nodes.csv,step_08_orphan_nodes.csv,.csv,tabular_data,outputs_review,Bridgeport,119,00fb694f9671810649fd14089ebf3f8f9a1417c22ae0b092d0f6bdb4d216ec2f,2026-10-01T16:21:11.788570+00:00,True,True
1e7b43228597,outputs/review/bridgeport/step_02_header_uncertainty_queue.csv,step_02_header_uncertainty_queue.csv,.csv,tabular_data,outputs_review,Bridgeport,4762,2772e694c2f182376c5d421a7ce161974965703948ab2827e635b82b7fd89b90,2026-10-01T16:22:50.710200+00:00,True,False
bcc6ffd9fe2d,outputs/review/bridgeport/step_01_5_complex_layout_review_queue.csv,step_01_5_complex_layout_review_queue.csv,.csv,tabular_data,outputs_review,Bridgeport,13745,db8046bbd6b1008777f23dbcb3d488bc62d082c736747568d8142235be61723f,2026-10-01T16:21:44.007443+00:00,True,False
9ee874899a1c,outputs/review/bridgeport/step_03_scenario_universe_48.csv,step_03_scenario_universe_48.csv,.csv,tabular_data,outputs_review,Bridgeport,2970,45f43cb9af7dfb509bc5185b9062dd6719bb2f6657fb2847b3a792be570c1080,2026-10-01T20:36:08.999539+00:00,True,True
f5f2301fe702,outputs/review/bridgeport/step_02_weak_table_candidates.csv,step_02_weak_table_candidates.csv,.csv,tabular_data,outputs_review,Bridgeport,105937,dd2776682a33cfae8a82e1517dbec059c7cb3581467c657bcfbee93d4b5162f4,2026-10-01T16:22:50.431818+00:00,True,False
d80e1e5f15ab,outputs/review/bridgeport/step_02_unresolved_conflicts.csv,step_02_unresolved_conflicts.csv,.csv,tabular_data,outputs_review,Bridgeport,113,1a4fff156f007b314f36298d8883a04c8f7ded78ae0483f5a306917e7adf9306,2026-10-01T16:59:53.929023+00:00,True,False
36d88f0353b0,outputs/review/bridgeport/step_03_district_manual_inspection_log.csv,step_03_district_manual_inspection_log.csv,.csv,tabular_data,outputs_review,Bridgeport,941,ab72e47d3da207eb03a3f2c613528347882a350fdc32cefbf1cd5799242dbdba,2026-10-01T16:23:43.977625+00:00,True,False
bb3559c94ad5,outputs/review/bridgeport/step_07_unmatched_gis_codes.csv,step_07_unmatched_gis_codes.csv,.csv,tabular_data,outputs_review,Bridgeport,130,bcddd39f5a0666a73b4593573cc182780506e02382f455fe7a5237248590cd27,2026-10-01T16:24:13.759530+00:00,True,False
df778b65dd3b,outputs/review/bridgeport/step_05_circular_or_cutoff_report.csv,step_05_circular_or_cutoff_report.csv,.csv,tabular_data,outputs_review,Bridgeport,53,2545c1c4e27dec10c0bf52e9280107cc0646fb8b3968ae443f04141475021b97,2026-10-01T16:24:06.318447+00:00,True,False
6d32a7e952ae,outputs/review/bridgeport/step_04_complex_layout_impact_report.csv,step_04_complex_layout_impact_report.csv,.csv,tabular_data,outputs_review,Bridgeport,190,631b2bdf81eabd793ccf19e083f065fcc4ea3e7f1cb74c543ee7ee558989ace9,2026-10-01T16:23:44.103778+00:00,True,False
39cfc6ec1eae,outputs/review/bridgeport/step_04_districts_without_verified_anchor.csv,step_04_districts_without_verified_anchor.csv,.csv,tabular_data,outputs_review,Bridgeport,22,50006a64c7a50deffc019779b7e23110ad2b7cf51b6090ca034012c37ce779c0,2026-10-01T16:23:44.092480+00:00,True,False
854356045c93,outputs/review/bridgeport/step_02_table_manual_inspection_log.csv,step_02_table_manual_inspection_log.csv,.csv,tabular_data,outputs_review,Bridgeport,1479,c21c28b1dc05b7be13f253a7385bda72e1f32bf3129cc0c829511fabe2b4eac5,2026-10-01T16:23:40.080782+00:00,True,False
541d332d2b5f,outputs/review/bridgeport/step_02_8_master_use_table_raw_cells.csv,step_02_8_master_use_table_raw_cells.csv,.csv,tabular_data,outputs_review,Bridgeport,15567,18ba8046592ae8a6d5940ed2ac0c31198c8462902142a6d4d7a3329b6b49a433,2026-10-01T20:28:15.347406+00:00,True,False
494d31ba5810,outputs/review/bridgeport/step_02_6_non_governing_annotation_queue.csv,step_02_6_non_governing_annotation_queue.csv,.csv,tabular_data,outputs_review,Bridgeport,707,809edafbdd4b3ba6900ed74e5a792745cb3192f26d29fa144160be75a3bd89cc,2026-10-01T18:20:30.030729+00:00,True,True
7700bdd32e39,outputs/review/bridgeport/step_03_district_and_citywide_variable_broadcast.csv,step_03_district_and_citywide_variable_broadcast.csv,.csv,tabular_data,outputs_review,Bridgeport,17530,1a199f6f4d5c2df03924476a8be6cbd9966afc9f813ab74e7ee0211f1c21f6e7,2026-10-01T20:37:45.233106+00:00,True,False
bfd89fa8468c,outputs/review/bridgeport/step_02_held_district_review_queue.csv,step_02_held_district_review_queue.csv,.csv,tabular_data,outputs_review,Bridgeport,4928,0aae6a57dc972339a5147c481517b54f1566661aec353ecf4480bdee5336e3ad,2026-10-01T16:59:53.930493+00:00,True,True
1f328588f632,outputs/review/bridgeport/step_03_gis_legacy_label_audit.csv,step_03_gis_legacy_label_audit.csv,.csv,tabular_data,outputs_review,Bridgeport,928,29443e33239013b0f34a2660629055eb9ae595e7fc81d0de852661adc3776ef7,2026-10-01T16:23:40.560624+00:00,True,False
b9e28807bfd2,outputs/review/bridgeport/step_03_gis_only_codes.csv,step_03_gis_only_codes.csv,.csv,tabular_data,outputs_review,Bridgeport,263,2767f9f0ed57c510ef7b11442916a23ef9055d22751fb8a852384a59f2eb92ac,2026-10-01T16:23:40.724124+00:00,True,False
824ebd14864e,outputs/review/bridgeport/step_02_6_ambiguous_header_or_footnote_queue.csv,step_02_6_ambiguous_header_or_footnote_queue.csv,.csv,tabular_data,outputs_review,Bridgeport,2509,5aa92cc4983cfdb91aaaed29477f6dc84223f36eb91e7edda4dbdef8cd8b34d3,2026-10-01T18:20:30.028288+00:00,True,True
07e08a366378,outputs/review/bridgeport/step_02_complex_layout_rule_candidates.csv,step_02_complex_layout_rule_candidates.csv,.csv,tabular_data,outputs_review,Bridgeport,124567,ae4683fee99bc954dc3b473144767ce4c96117ddfd7730c4178331f28677f8c3,2026-10-01T16:59:53.927435+00:00,True,False
b7f2bb907849,outputs/review/bridgeport/step_07_unmatched_ordinance_codes.csv,step_07_unmatched_ordinance_codes.csv,.csv,tabular_data,outputs_review,Bridgeport,691,a120d548c984602b22a781d15683ed6123030202553e6d25fe855d942c47ac15,2026-10-01T16:24:13.760030+00:00,True,False
247e084d8920,outputs/review/bridgeport/step_02_noncomparable_rule_formats.csv,step_02_noncomparable_rule_formats.csv,.csv,tabular_data,outputs_review,Bridgeport,17188,1531e1d974ef1e474c0607b6feb7804524d90bcd45f96cbfb8a1d76d92e81d8c,2026-10-01T16:59:48.525515+00:00,True,False
03cb0b6f4e80,outputs/review/bridgeport/step_06_rule_evidence_cards.csv,step_06_rule_evidence_cards.csv,.csv,tabular_data,outputs_review,Bridgeport,26020,5619add9909b02fccc15c8bebf18c94cfa6d3602b103defd50b8fcb4d63c2065,2026-10-01T16:24:13.632170+00:00,True,False
c1c7bf96d92d,outputs/review/bridgeport/step_08_district_evidence_cards.csv,step_08_district_evidence_cards.csv,.csv,tabular_data,outputs_review,Bridgeport,3073,7396a014ef7fdaa7424605cf04f7b44bd61ec608c01c807b36e06abd3ab68bde,2026-10-01T16:24:16.805699+00:00,True,False
0405c5b6eef1,outputs/review/bridgeport/step_02_manual_rule_inspection_log.csv,step_02_manual_rule_inspection_log.csv,.csv,tabular_data,outputs_review,Bridgeport,89233,8bdca136fb42c8e5b19b65d8da0b37f98f86dfa049eaf4972189c14ab4792334,2026-10-01T16:59:48.452803+00:00,True,False
4e793d4af7cc,outputs/review/bridgeport/step_02_6_unresolved_legal_review.csv,step_02_6_unresolved_legal_review.csv,.csv,tabular_data,outputs_review,Bridgeport,2509,5aa92cc4983cfdb91aaaed29477f6dc84223f36eb91e7edda4dbdef8cd8b34d3,2026-10-01T18:20:30.032577+00:00,True,True
11214534377f,outputs/review/bridgeport/step_05_unresolved_citation_examples.csv,step_05_unresolved_citation_examples.csv,.csv,tabular_data,outputs_review,Bridgeport,2818,9005cbaf6993c054d25016a05604a0ca79ee457a0051ae0e980739ab2cb3d085,2026-10-01T16:24:06.316835+00:00,True,False
b07109dfd876,outputs/review/bridgeport/step_03_uncertain_taxonomy_entries.csv,step_03_uncertain_taxonomy_entries.csv,.csv,tabular_data,outputs_review,Bridgeport,2361,36c2f734feed76710cc79274eed552fa8aadb0625edffb2773775100b38d9c10,2026-10-01T16:23:40.725634+00:00,True,False
bd4283342d05,outputs/review/bridgeport/step_02_8_parking_completion_raw_cells.csv,step_02_8_parking_completion_raw_cells.csv,.csv,tabular_data,outputs_review,Bridgeport,8030,449dd850cd3b8e6a0134f7c10dc6d69775c86e27d3ec2f466eb32b707131275b,2026-10-01T20:28:15.440577+00:00,True,False
cff4f302269d,outputs/review/bridgeport/step_02_diagram_context_rule_candidates.csv,step_02_diagram_context_rule_candidates.csv,.csv,tabular_data,outputs_review,Bridgeport,2469,10bd05cc903ed464116670ffc55f488f1dab317466dc18cfe361b8ac4f7a1ca7,2026-10-01T16:59:53.923666+00:00,True,False
5e79b3fbd7a4,outputs/review/bridgeport/step_02_low_confidence_rule_candidates.csv,step_02_low_confidence_rule_candidates.csv,.csv,tabular_data,outputs_review,Bridgeport,253872,e39d00f443b61f315184676ee6579741eff860c925c868556a2507122057d2f3,2026-10-01T16:59:53.921699+00:00,True,False
29025da1fefe,outputs/review/bridgeport/step_02_6_unreadable_cell_queue.csv,step_02_6_unreadable_cell_queue.csv,.csv,tabular_data,outputs_review,Bridgeport,707,809edafbdd4b3ba6900ed74e5a792745cb3192f26d29fa144160be75a3bd89cc,2026-10-01T18:20:30.029711+00:00,True,True
27cd5701c7c1,outputs/review/bridgeport/step_03_scenario_universe_44.csv,step_03_scenario_universe_44.csv,.csv,tabular_data,outputs_review,Bridgeport,2970,45f43cb9af7dfb509bc5185b9062dd6719bb2f6657fb2847b3a792be570c1080,2026-10-01T20:37:44.851737+00:00,True,True
90d6cde9492f,outputs/review/bridgeport/step_02_6_visual_table_review_queue.csv,step_02_6_visual_table_review_queue.csv,.csv,tabular_data,outputs_review,Bridgeport,742,d9b29297796f500319d2f1ad0bd1cd9139eca61c7b151f779a8afa0ab3826011,2026-10-01T18:20:30.040510+00:00,True,False
c21f729a3d9d,outputs/review/bridgeport/step_06_ambiguous_scope_queue.csv,step_06_ambiguous_scope_queue.csv,.csv,tabular_data,outputs_review,Bridgeport,30138,efb385930edcf3d30c76b5914f933fa3d4d46e1b1c52dc9676f7881e41328b99,2026-10-01T16:24:08.828729+00:00,True,False
040374165388,outputs/review/bridgeport/step_03_v5_parking_evidence_out_of_scope_this_pass.csv,step_03_v5_parking_evidence_out_of_scope_this_pass.csv,.csv,tabular_data,outputs_review,Bridgeport,5998,f50b7d7998cb477b01525b3b1c74d3ee9d952c7e062fe96c2fd281f717ea99a9,2026-10-01T20:37:44.893508+00:00,True,False
a3912cb501ec,outputs/review/bridgeport/step_08_conflict_manual_review_queue.csv,step_08_conflict_manual_review_queue.csv,.csv,tabular_data,outputs_review,Bridgeport,36287,3f5ce0a9b2cc1ff9359276743da8cc5c546eb42fd76f6829c8121ea9f0eb5c4c,2026-10-01T16:24:14.254264+00:00,True,False
40a9a102bb4e,outputs/review/bridgeport/step_02_complex_layout_tables.csv,step_02_complex_layout_tables.csv,.csv,tabular_data,outputs_review,Bridgeport,11437,bf08d677a2d4ab11d5aa5e9a8c3e0d34b26bab558fcc25d1edc0f6d3b37ec428,2026-10-01T16:22:50.703044+00:00,True,False
56d09ca4c97a,outputs/review/bridgeport/step_02_5_pymupdf_table_detection_gap_findings.csv,step_02_5_pymupdf_table_detection_gap_findings.csv,.csv,tabular_data,outputs_review,Bridgeport,978,7b4d01966e7451ad719c0daa7398661f77220fe6c534dfd80d2ba9bc96f51549,2026-10-01T17:27:12.289889+00:00,True,False
11fdf575bc05,outputs/figures/greenwich_prototype_final/greenwich_end_to_end_dashboard.png,greenwich_end_to_end_dashboard.png,.png,figure,outputs_figures,Greenwich,276838,05c86f88872a3adc4565d8965734da8f53d38fcb1a2226a897f84034cf2efac6,2026-10-01T09:09:04.859679+00:00,True,False
47a4749d8f7b,outputs/figures/greenwich_prototype_final/greenwich_pipeline_status_flow.png,greenwich_pipeline_status_flow.png,.png,figure,outputs_figures,Greenwich,55948,087a87e3b30cd4d9866b7938cbfeb4b0accbf2bcfb53ed369003e9aaffb622ff,2026-10-01T09:09:04.235114+00:00,True,False
3c99db4225f3,outputs/figures/greenwich_prototype_final/greenwich_prototype_component_scores.png,greenwich_prototype_component_scores.png,.png,figure,outputs_figures,Greenwich,130506,fa64f506e992319b6a3effe42fb86e76d7889e3ac4b99f288a1f0e076f2de9a5,2026-10-01T09:09:04.558388+00:00,True,False
e836cdbf7a19,outputs/figures/greenwich_prototype_final/greenwich_rule_status_chart.png,greenwich_rule_status_chart.png,.png,figure,outputs_figures,Greenwich,38080,b69508c3e23e5f916637ca5e0b96e92c58fe08d3120d1a7ff1c6e6ad52f4bba3,2026-10-01T09:09:04.424749+00:00,True,False
21f75ea2341c,outputs/figures/greenwich_prototype_final/greenwich_evidence_source_contribution.png,greenwich_evidence_source_contribution.png,.png,figure,outputs_figures,Greenwich,61421,a5384ff61362581fae2f44df43a112b0607df5263076d5a990c9ac207eadefea,2026-10-01T09:09:04.329603+00:00,True,False
f7fbff7061be,outputs/figures/finalization/fig04_provenance_completeness.png,fig04_provenance_completeness.png,.png,figure,outputs_figures,cross_town_or_not_applicable,49710,cb4aceca8259a193a01efd9a00455b590c76d637ff56a893460278dbad2f3e58,2026-10-01T21:10:47.872960+00:00,True,False
5d0e5333422e,outputs/figures/finalization/fig03_table_family_recovery_progression.png,fig03_table_family_recovery_progression.png,.png,figure,outputs_figures,cross_town_or_not_applicable,43867,5a35d7896d1e33cec222a5a4c1dce8555e1c16fe2bb16d58c5be6e6cb8d9d217,2026-10-01T21:10:47.738812+00:00,True,False
6ca8f51fb0ba,outputs/figures/finalization/fig01_notebook_execution_lineage.png,fig01_notebook_execution_lineage.png,.png,figure,outputs_figures,cross_town_or_not_applicable,93031,82ac44ab5a1dc459a61395b8796c9981c7cb887ae36afde1b0f71fd7b641051e,2026-10-01T21:10:47.348258+00:00,True,False
5cef72b3bd02,outputs/figures/finalization/fig02_variable_score_readiness_baseline.png,fig02_variable_score_readiness_baseline.png,.png,figure,outputs_figures,cross_town_or_not_applicable,58690,fcd9343fce83a17f1327704fdf345f5dd06c0309bb366f08b92146b710d67c44,2026-10-01T21:10:47.518266+00:00,True,False
8c8a34081400,outputs/figures/bridgeport/step_02_comparability_heatmap.png,step_02_comparability_heatmap.png,.png,figure,outputs_figures,Bridgeport,51652,9877d84631fa6e1eaac6775b8022f6d46c3f15937d486863a88b763279f83698,2026-10-01T16:59:54.260247+00:00,True,False
ab92766d964d,outputs/figures/bridgeport/step_02_5_vlm_calibration_metrics.png,step_02_5_vlm_calibration_metrics.png,.png,figure,outputs_figures,Bridgeport,51061,4557178424e011eed61e0bb0f633b0b682f1160e9febdb11f502cf91a6858c55,2026-10-01T17:27:12.539229+00:00,True,False
7cf8811cf02e,outputs/figures/bridgeport/step_06_rule_library_overview.png,step_06_rule_library_overview.png,.png,figure,outputs_figures,Bridgeport,105016,cbb6157d9418f0e12d4b8a5f21a6858814505dd14ce57922fab3d351e2190413,2026-10-01T16:24:08.970244+00:00,True,False
955b41d16583,outputs/figures/bridgeport/step_07_gross_area_chart.png,step_07_gross_area_chart.png,.png,figure,outputs_figures,Bridgeport,59612,0bbe2e9ae210ea3df1d0d2e27870cd755bb47b0dd6a39cc37708f31485f02b22,2026-10-01T16:24:13.847780+00:00,True,False
4c51aa165ce7,outputs/figures/bridgeport/step_04_pilot_scenario_distribution_vs_greenwich_reference.png,step_04_pilot_scenario_distribution_vs_greenwich_reference.png,.png,figure,outputs_figures,Bridgeport,60853,70875069023d1f74b8d000bd3af2a855cc726d6174447f87f915ff7d2fb15f26,2026-10-01T20:44:29.975644+00:00,True,False
2fcf1b8f4238,outputs/figures/bridgeport/step_08_hierarchy_depth_histogram.png,step_08_hierarchy_depth_histogram.png,.png,figure,outputs_figures,Bridgeport,42175,97526d545eb67f299253d36f4c0f5b35a8a35e3edf8217c9c4f9c5e4fa4fee3a,2026-10-01T16:21:11.515590+00:00,True,False
b26955d257ed,outputs/figures/bridgeport/step_01_5_repaired_hierarchy_comparison.png,step_01_5_repaired_hierarchy_comparison.png,.png,figure,outputs_figures,Bridgeport,62600,9124b92cbd77dca67c726c712cce632cdc7971d5cce50540e7b513ecdb07fe38,2026-10-01T16:21:43.896218+00:00,True,False
20d3db999bfd,outputs/figures/bridgeport/step_03_words_per_page.png,step_03_words_per_page.png,.png,figure,outputs_figures,Bridgeport,286595,b81bae9eca41d66a2db1a1749f7bb2a3d5f9335052a487906552ba52088818e2,2026-10-01T16:21:06.279106+00:00,True,False
c865217aa769,outputs/figures/bridgeport/step_02_5_human_verification_results.png,step_02_5_human_verification_results.png,.png,figure,outputs_figures,Bridgeport,85385,3b0ec0323fe6e657d7edde05a52a74e622b3d53508f8a1b4b18d872ed47fe9a6,2026-10-01T17:27:12.885386+00:00,True,True
e53a906d1403,outputs/figures/bridgeport/step_02_confidence_and_review.png,step_02_confidence_and_review.png,.png,figure,outputs_figures,Bridgeport,95299,56a743f42613cc769d666b096dd6a431556d8bfd2ead17b99419f8aa5c94fea4,2026-10-01T16:59:50.919902+00:00,True,False
1da4e9b811e0,outputs/figures/bridgeport/step_03_bbox_overlay_page_051.png,step_03_bbox_overlay_page_051.png,.png,figure,outputs_figures,Bridgeport,2402244,b5994531be9009c8b327d77688a7eac96f05ecf02ec11558e15b1efd87f3f20a,2026-10-01T16:21:07.468466+00:00,True,False
f57a98dd220f,outputs/figures/bridgeport/step_07_historic_overlay_summary.png,step_07_historic_overlay_summary.png,.png,figure,outputs_figures,Bridgeport,35960,b102021a19039c7dab10becd18289ade2ca847f28d726d1a1bcc4c22ba877f3e,2026-10-01T16:24:14.141039+00:00,True,False
c6c673dd4c18,outputs/figures/bridgeport/step_02_header_diagnostics.png,step_02_header_diagnostics.png,.png,figure,outputs_figures,Bridgeport,58320,00d1f3b54ec4eabef82543d504d8d8f31e5b1bc23414ff16ac73ad8d6a3feda2,2026-10-01T16:23:29.875669+00:00,True,False
64e54338766e,outputs/figures/bridgeport/step_02_5_comparability_changes.png,step_02_5_comparability_changes.png,.png,figure,outputs_figures,Bridgeport,28161,7c4e93921c994a5db0df5e81d9beb1b2ac7041f50b34aba7d94dc8c665beece3,2026-10-01T17:27:13.034713+00:00,True,False
784d9f724542,outputs/figures/bridgeport/step_02_rule_status_heatmap_by_district.png,step_02_rule_status_heatmap_by_district.png,.png,figure,outputs_figures,Bridgeport,300511,f472040ab16d82f490478d2e756d67d8aac6648dc577387f604781b2c35a7f0d,2026-10-01T16:59:49.182050+00:00,True,False
aa2703fb1fe5,outputs/figures/bridgeport/step_02_table_confidence_distribution.png,step_02_table_confidence_distribution.png,.png,figure,outputs_figures,Bridgeport,43399,db337a6a19de2ffd4673dd8ecba6a4762a1328e50240c8d17a52582c4d1e8f4e,2026-10-01T16:22:51.410644+00:00,True,False
babc53d6b4ae,outputs/figures/bridgeport/step_02_6_before_after_coverage.png,step_02_6_before_after_coverage.png,.png,figure,outputs_figures,Bridgeport,62818,9232b6695f6259b4a23fa98bf9e086026c9d73a3efaf2316d637689e52e3b935,2026-10-01T18:20:24.213754+00:00,True,False
99a472e2e814,outputs/figures/bridgeport/step_02_table_detection_counts.png,step_02_table_detection_counts.png,.png,figure,outputs_figures,Bridgeport,72094,d7bd0490c6640a476fb6e053d7035d472e0c78727b35af6d3b484b329fd4c4ac,2026-10-01T16:22:51.185127+00:00,True,False
a6801a356c43,outputs/figures/bridgeport/step_02_rule_format_diagnostics.png,step_02_rule_format_diagnostics.png,.png,figure,outputs_figures,Bridgeport,150225,47b80e70036c05623c8a21ba2aac6ccfcd280b7988cb5102bd361d40b9a4f753,2026-10-01T16:59:50.534564+00:00,True,False
38ab7d061f55,outputs/figures/bridgeport/step_02_6_detector_gap_diagnostics.png,step_02_6_detector_gap_diagnostics.png,.png,figure,outputs_figures,Bridgeport,116270,7aa018c9ea6df175ee2bbfca34fc8572f937a3131c884ecb5e3d12ce974b4d5d,2026-10-01T18:20:23.657292+00:00,True,False
ae123b849390,outputs/figures/bridgeport/step_08_conflict_severity.png,step_08_conflict_severity.png,.png,figure,outputs_figures,Bridgeport,72511,11000c712e8de6f8c4ca3011efa4976c1de043af75a8522dd0e800fa034d607f,2026-10-01T16:24:14.370732+00:00,True,False
9f3ba549ad8d,outputs/figures/bridgeport/step_02_district_classification.png,step_02_district_classification.png,.png,figure,outputs_figures,Bridgeport,105206,89c5798d014ef28e3cee360a3120b3ea9ed9c9cc372e98a393dc0bffdf80707b,2026-10-01T16:59:47.893221+00:00,True,False
7a3288735643,outputs/figures/bridgeport/step_04_word_count_by_district.png,step_04_word_count_by_district.png,.png,figure,outputs_figures,Bridgeport,56318,207c82d9c71af914b98ce4bf467137caf3fd852c1a468344098c79a419b3717b,2026-10-01T16:23:44.192188+00:00,True,False
709440a56378,outputs/figures/bridgeport/step_02_complex_layout_table_summary.png,step_02_complex_layout_table_summary.png,.png,figure,outputs_figures,Bridgeport,63277,868226d5fe125d9d3e8d9186660d86b9af3daf297a7a3754c0ca52c316869d0d,2026-10-01T16:23:36.835407+00:00,True,False
0ea873c9585f,outputs/figures/bridgeport/step_02_6_table_family_inventory.png,step_02_6_table_family_inventory.png,.png,figure,outputs_figures,Bridgeport,73363,c03e24c6133fdefb9f7950f2dd160356fb9bac756c1716bf1c3fc8fbe8fd7712,2026-10-01T18:20:23.198774+00:00,True,False
cb81ad993cae,outputs/figures/bridgeport/step_08_heading_density_by_page.png,step_08_heading_density_by_page.png,.png,figure,outputs_figures,Bridgeport,53416,083f9c2d3693342b02a638d2ed8dbc515160aa72257f88c58438c7e61ca0c334,2026-10-01T16:21:11.702676+00:00,True,False
255bc6f39278,outputs/figures/bridgeport/step_08_source_type_contribution.png,step_08_source_type_contribution.png,.png,figure,outputs_figures,Bridgeport,96084,5e8e150137aff504760e68acfa638bec184f600fbe05dac10d8ae2501c696f4e,2026-10-01T16:24:14.559549+00:00,True,False
4ea236aca55a,outputs/figures/bridgeport/step_02_8_v7_v12_scenario_determinations.png,step_02_8_v7_v12_scenario_determinations.png,.png,figure,outputs_figures,Bridgeport,68957,a0fe63bb88ae4a58f19f64d4defa4fc11021077aad9f18c4a99c55d7e434a6e7,2026-10-01T20:28:16.755911+00:00,True,False
1ff0cf6809a4,outputs/figures/bridgeport/step_03_source_evidence_overlap.png,step_03_source_evidence_overlap.png,.png,figure,outputs_figures,Bridgeport,61031,651f3ce3f63c8d385a3fac05939c2dd578fd937228b89e6d3b0d0acc396fffc1,2026-10-01T16:23:40.853698+00:00,True,False
99d0db41e987,outputs/figures/bridgeport/step_02_row_column_diagnostics.png,step_02_row_column_diagnostics.png,.png,figure,outputs_figures,Bridgeport,94363,22ab73f357a8c4fcf4e30e9a16c7891d6858a085bd4e9101b54143fd96e351ac,2026-10-01T16:23:36.673807+00:00,True,False
da77c0fdf619,outputs/figures/bridgeport/step_03_gis_ordinance_crosswalk_status.png,step_03_gis_ordinance_crosswalk_status.png,.png,figure,outputs_figures,Bridgeport,36569,ed6f4db09f932fb18eef54d5fc5d63a4ea87b8d33aeba3c441d99c4c306ef3c8,2026-10-01T16:23:41.528372+00:00,True,False
d029f540c938,outputs/figures/bridgeport/step_02_5_vlm_confusion_matrix.png,step_02_5_vlm_confusion_matrix.png,.png,figure,outputs_figures,Bridgeport,33811,d9f9e084c2de7a9aa0836806e06f1a47c36e5c1ed15444a96e467e0fb4aee944,2026-10-01T17:27:12.607469+00:00,True,False
a196af79aef7,outputs/figures/bridgeport/step_02_table_type_counts.png,step_02_table_type_counts.png,.png,figure,outputs_figures,Bridgeport,68272,76d22661d84e9d87c21ac23e230f992db48b58cd1b8222daffd306b5964fe556,2026-10-01T16:22:51.538785+00:00,True,False
1446005785c4,outputs/figures/bridgeport/step_05_citation_resolution_status.png,step_05_citation_resolution_status.png,.png,figure,outputs_figures,Bridgeport,50118,4e91507c81bc2f0292e5086fdb930d1fe3a3e1050980018ab68273ba42664bfc,2026-10-01T16:24:06.178221+00:00,True,False
bd8827332a0f,outputs/figures/bridgeport/step_03_taxonomy_overview.png,step_03_taxonomy_overview.png,.png,figure,outputs_figures,Bridgeport,103062,3e08265f45e561d7512712e51944f714fd4900d931b14f9614b08326d16aaf65,2026-10-01T16:23:41.232436+00:00,True,False
370c339d4243,outputs/figures/bridgeport/step_02_5_before_after_coverage.png,step_02_5_before_after_coverage.png,.png,figure,outputs_figures,Bridgeport,60466,4562382cc17af53ab926d4f47ca495ed6271406f7bafac7faf3f5646e94cfd78,2026-10-01T17:27:12.966889+00:00,True,False
fd2f99ac6ca1,outputs/figures/bridgeport/step_01_5_layout_type_counts.png,step_01_5_layout_type_counts.png,.png,figure,outputs_figures,Bridgeport,61537,7fb99de84c0622c747be471acc91c807a8a17b1f4b41a9cb172cc2594826c993,2026-10-01T16:21:39.425082+00:00,True,False
7664be848e49,outputs/figures/bridgeport/step_01_5_page_011_before_after_overlay.png,step_01_5_page_011_before_after_overlay.png,.png,figure,outputs_figures,Bridgeport,948685,56dd8e4fd42f9ccc330a3efe95823aec2732b96fde20793d5a162fcbaab5bb3b,2026-10-01T16:21:41.016004+00:00,True,False
9f2551ce2d35,outputs/figures/bridgeport/bridgeport_collection_dashboard.png,bridgeport_collection_dashboard.png,.png,figure,outputs_figures,Bridgeport,392974,ed7e170dd160df6b8898f469b2ed565ecab4dfeeb41483378fb12824de44ca17,2026-10-01T16:24:17.391952+00:00,True,False
1a4955a17337,outputs/figures/bridgeport/step_03_preliminary_taxonomy_map.png,step_03_preliminary_taxonomy_map.png,.png,figure,outputs_figures,Bridgeport,341649,96b1917da95060371af34fa83461e1fb873f6c2c196259cc7e1381c9b9a60666,2026-10-01T16:23:43.928352+00:00,True,False
173a49af372e,outputs/figures/bridgeport/step_02_rule_status_heatmap_by_scenario.png,step_02_rule_status_heatmap_by_scenario.png,.png,figure,outputs_figures,Bridgeport,133441,05a70ea1571394df37472bbe0fddb4efac5c6ede844aee681a3cef9530050157,2026-10-01T16:59:49.783972+00:00,True,False
c957bd38ad39,outputs/figures/bridgeport/step_02_6_height_rule_format_diagnostics.png,step_02_6_height_rule_format_diagnostics.png,.png,figure,outputs_figures,Bridgeport,45701,21f58678dc348d1b0389e8a0b524c9e53f4d3e76c08abb9c90ffa2322abc13a1,2026-10-01T18:20:24.708613+00:00,True,False
c354055074c9,outputs/figures/bridgeport/step_02_scenario_structure.png,step_02_scenario_structure.png,.png,figure,outputs_figures,Bridgeport,80251,073d76af490246c864def39ae132364c2667be75529cadfa4f087093eda89635,2026-10-01T16:59:48.143615+00:00,True,False
649e0ba804ea,outputs/figures/bridgeport/step_07_hierarchy_subtree.png,step_07_hierarchy_subtree.png,.png,figure,outputs_figures,Bridgeport,367270,b3d2b1fcdcb796897f055b26463effcc632fbf9d1e9e6444cb3ce314190c056a,2026-10-01T16:21:11.338924+00:00,True,False
9b98dd9d290f,outputs/figures/bridgeport/step_01_source_page_001_preview.png,step_01_source_page_001_preview.png,.png,figure,outputs_figures,Bridgeport,863958,12e36d4c22ffb744693695e4b4c3d045fd5caf9be171a2d267bdcb7243895968,2026-10-01T16:20:56.574938+00:00,True,False
e29b85ef176f,outputs/figures/bridgeport/step_03_scenario_evidence_resolution_coverage.png,step_03_scenario_evidence_resolution_coverage.png,.png,figure,outputs_figures,Bridgeport,50782,664148cde3d4243925e98a0b0906da9683b30318a20b767ce6b8ad89742c08cd,2026-10-01T20:37:45.894849+00:00,True,False
7082dedc3f05,outputs/figures/bridgeport/step_02_5_diagram_candidate_status.png,step_02_5_diagram_candidate_status.png,.png,figure,outputs_figures,Bridgeport,85385,3b0ec0323fe6e657d7edde05a52a74e622b3d53508f8a1b4b18d872ed47fe9a6,2026-10-01T17:27:12.741372+00:00,True,True
25e8177c00a6,outputs/figures/bridgeport/step_04_page_routing.png,step_04_page_routing.png,.png,figure,outputs_figures,Bridgeport,49609,6ff736b4125b01be7aea34a0c12fb6bf4d39685305573b09eeb0e9ce417e3e48,2026-10-01T16:21:07.722390+00:00,True,False
fb7dbece8a0e,outputs/figures/bridgeport/step_07_join_status_map.png,step_07_join_status_map.png,.png,figure,outputs_figures,Bridgeport,324320,c2e5185836878c799378fd51ef702b1687c9f01a2585054c9372b616d40ab9c2,2026-10-01T16:24:14.061936+00:00,True,False
eb4dccfc4899,outputs/figures/bridgeport/step_02_5_targeting_dashboard.png,step_02_5_targeting_dashboard.png,.png,figure,outputs_figures,Bridgeport,57102,14b6720a815df010e9576abab7b010281134beffd68bc895ccdfeb595f9943ab,2026-10-01T17:27:12.423305+00:00,True,False
569cfaf8a1bd,outputs/figures/bridgeport/step_05_source_target_graph.png,step_05_source_target_graph.png,.png,figure,outputs_figures,Bridgeport,74478,2198a9464c1e48a69bcc64c4e4f661480ab5e30010e0363425e2a2b00f7404d4,2026-10-01T16:24:06.287748+00:00,True,False
9e45feb96357,outputs/figures/bridgeport/step_06_applicability_matrix_heatmap.png,step_06_applicability_matrix_heatmap.png,.png,figure,outputs_figures,Bridgeport,275094,33c31282647f51a462f8ea04aff556ed55840a7e9d72f910ba83edbdd641e1c9,2026-10-01T16:24:09.887155+00:00,True,False
668f4c53beda,outputs/figures/bridgeport/step_01_5_column_confidence_distribution.png,step_01_5_column_confidence_distribution.png,.png,figure,outputs_figures,Bridgeport,41324,c916bf00ea668be6395fa467358c518afcb71319d3354ef1eed7a29c91e13e3d,2026-10-01T16:21:39.550541+00:00,True,False
c7ce39cebfe4,outputs/figures/bridgeport/step_02_greenwich_bridgeport_comparability.png,step_02_greenwich_bridgeport_comparability.png,.png,figure,outputs_figures,Bridgeport,98363,c8b9b0b2fda04df7d4a3a2ba7f90e2d9e1227d74d1426eed58fbd26c7671dfe3,2026-10-01T16:59:54.123294+00:00,True,False
a35be70bd777,outputs/figures/bridgeport/tables/step_04_evidence_card_P1.png,step_04_evidence_card_P1.png,.png,figure,outputs_figures,Bridgeport,494417,9f306d17c3176a439b3f11c281ff10e465745b18f19c2e95dcb26db6ba0e2a8c,2026-10-01T16:23:47.860464+00:00,True,False
adc4d4a5b4fe,outputs/figures/bridgeport/tables/step_02_table_overlay_page_291.png,step_02_table_overlay_page_291.png,.png,figure,outputs_figures,Bridgeport,378638,fde315c4cf9b141918e798a1af80e22f5cd8a71448c3aa99804058be2dfa8924,2026-10-01T16:23:24.408796+00:00,True,False
245b500a9115,outputs/figures/bridgeport/tables/step_02_table_overlay_page_078.png,step_02_table_overlay_page_078.png,.png,figure,outputs_figures,Bridgeport,234696,27bc4515b620dd1c019852a428881568e869ba5f37b9ac5163645ead249d368a,2026-10-01T16:23:05.556912+00:00,True,False
db22940996a8,outputs/figures/bridgeport/tables/step_02_table_overlay_page_044.png,step_02_table_overlay_page_044.png,.png,figure,outputs_figures,Bridgeport,368920,1196f3218cc60bfc8117456228ac92e3965d3ede5627bc7b745234cbc40ffb15,2026-10-01T16:22:57.110869+00:00,True,False
b99e2f5838d6,outputs/figures/bridgeport/tables/step_02_table_card_084-00.png,step_02_table_card_084-00.png,.png,figure,outputs_figures,Bridgeport,33839,64483f3d03c9b4635998d9a32551020bf58f2de5cce9e710c32d13addbb72bb3,2026-10-01T16:23:37.849610+00:00,True,False
dc5b15102a0e,outputs/figures/bridgeport/tables/step_02_table_overlay_page_087.png,step_02_table_overlay_page_087.png,.png,figure,outputs_figures,Bridgeport,239150,98074ce5bd621d0b816db45857b537a08413b15316b58163749634b0e9396bc1,2026-10-01T16:23:07.888374+00:00,True,False
a1083e137461,outputs/figures/bridgeport/tables/step_02_table_overlay_page_118.png,step_02_table_overlay_page_118.png,.png,figure,outputs_figures,Bridgeport,288774,b56e45dc11446e6617ff709e99d9a46b9eff97440c0aa420da843c420c56b62b,2026-10-01T16:23:14.591354+00:00,True,False
8effa14130f1,outputs/figures/bridgeport/tables/step_03_anchor_uncertain_DX1.png,step_03_anchor_uncertain_DX1.png,.png,figure,outputs_figures,Bridgeport,453796,ee5c864923bbf3f204256a7bc03f1245b873e787d4d8f1d25e50fb685841040c,2026-10-01T16:23:43.557195+00:00,True,False
d17f7bf7f0bd,outputs/figures/bridgeport/tables/step_02_table_overlay_page_125.png,step_02_table_overlay_page_125.png,.png,figure,outputs_figures,Bridgeport,188053,4856d5fa310adeac829781420ddc787d7a78c67b4a55d62270223d36993eaa58,2026-10-01T16:23:15.974584+00:00,True,False
c71923854513,outputs/figures/bridgeport/tables/step_02_table_overlay_page_131.png,step_02_table_overlay_page_131.png,.png,figure,outputs_figures,Bridgeport,217716,6763659305571e98bb858222ef51b0ab8e5fb3005197e201ee2a2af65dd03fea,2026-10-01T16:23:17.125068+00:00,True,False
1f495cbffc99,outputs/figures/bridgeport/tables/step_02_table_overlay_page_092.png,step_02_table_overlay_page_092.png,.png,figure,outputs_figures,Bridgeport,235964,9679b31dba967493597642edc40dec82cc1489e695040f22b124fa4e65e3ddb2,2026-10-01T16:23:08.677593+00:00,True,False
d230a625021c,outputs/figures/bridgeport/tables/step_02_table_overlay_page_086.png,step_02_table_overlay_page_086.png,.png,figure,outputs_figures,Bridgeport,219079,30b95cceff45b4e58ba65445b1a2a42326065a7d4afa2d07301c9857e6ec0284,2026-10-01T16:23:07.370168+00:00,True,False
14d233d4cd4f,outputs/figures/bridgeport/tables/step_04_evidence_card_NX1.png,step_04_evidence_card_NX1.png,.png,figure,outputs_figures,Bridgeport,493800,240217be95a240aa71b955387adcf73a5d07c929dc395dc4f6bd0876bc1a5a30,2026-10-01T16:23:45.675230+00:00,True,False
270e1f08069e,outputs/figures/bridgeport/tables/step_02_table_overlay_page_051.png,step_02_table_overlay_page_051.png,.png,figure,outputs_figures,Bridgeport,1203969,51bb0e754f156b068f8f7e9591c59a019112f174e497d7f85622818283490a18,2026-10-01T16:22:58.753862+00:00,True,False
d0548ef4ef88,outputs/figures/bridgeport/tables/step_02_table_card_030-01.png,step_02_table_card_030-01.png,.png,figure,outputs_figures,Bridgeport,94478,f39bd0202dc3d1469e379559be805aa997ee2f9a50c6a15b865e528cb9bd5f73,2026-10-01T16:23:30.718364+00:00,True,False
cbcf53d46338,outputs/figures/bridgeport/tables/step_06_rule_card_00066.png,step_06_rule_card_00066.png,.png,figure,outputs_figures,Bridgeport,535977,5d88593a2aff6ed371b0002c3ca57d4c8c9711f8124cfa75d00fa7653d19a9c1,2026-10-01T16:24:13.416362+00:00,True,False
65d173255a50,outputs/figures/bridgeport/tables/step_02_table_card_118-00.png,step_02_table_card_118-00.png,.png,figure,outputs_figures,Bridgeport,79081,0d5765e4509113f25e6684a0327f94b67467b274e2025e3be552bef102134d84,2026-10-01T16:23:34.895021+00:00,True,False
a44f74b35df1,outputs/figures/bridgeport/tables/step_02_table_overlay_page_053.png,step_02_table_overlay_page_053.png,.png,figure,outputs_figures,Bridgeport,377592,04b4bc52ff7631524c6950766fd80df3e1342c0ebee8ce98bebd5cb5484e0d53,2026-10-01T16:22:59.494056+00:00,True,False
7b6fe2c9331e,outputs/figures/bridgeport/tables/step_02_table_overlay_page_047.png,step_02_table_overlay_page_047.png,.png,figure,outputs_figures,Bridgeport,385802,037e537d4c6545b94bb46f96b0bfddfe33ee54f3ca5ef2eba0b94ddf7790544a,2026-10-01T16:22:57.894701+00:00,True,False
0f1243be16fb,outputs/figures/bridgeport/tables/step_02_table_card_084-03.png,step_02_table_card_084-03.png,.png,figure,outputs_figures,Bridgeport,102005,8b540ed3217c3fa727adf2053132c84e5132692838f5fdc7e2a4094da554c590,2026-10-01T16:23:32.789195+00:00,True,False
5526d2163697,outputs/figures/bridgeport/tables/step_02_table_overlay_page_084.png,step_02_table_overlay_page_084.png,.png,figure,outputs_figures,Bridgeport,277530,97ae1fe2e32eb2ad9a53fd7f994d9a73caa08ff9e13afe9721faffaa55a5c884,2026-10-01T16:23:06.798882+00:00,True,False
012c7b5feb45,outputs/figures/bridgeport/tables/step_02_table_overlay_page_127.png,step_02_table_overlay_page_127.png,.png,figure,outputs_figures,Bridgeport,138417,d5a52b051a3cf3efcfeb2942a0f227d723585654a52bd6c1f46ffcc19ccd9a0e,2026-10-01T16:23:16.392428+00:00,True,False
30e7232dd09e,outputs/figures/bridgeport/tables/step_02_table_overlay_page_133.png,step_02_table_overlay_page_133.png,.png,figure,outputs_figures,Bridgeport,141556,c3dac77ad266736da4a89c30126036501893ea1384a7c4d3b834b35b6ac02fcc,2026-10-01T16:23:17.474797+00:00,True,False
623caaa24572,outputs/figures/bridgeport/tables/step_02_table_card_041-00.png,step_02_table_card_041-00.png,.png,figure,outputs_figures,Bridgeport,65058,990a6931b95a109469a8830ee65f63495fa901b0974b6211ba80008dcd2f063c,2026-10-01T16:23:28.280541+00:00,True,False
ec040d489380,outputs/figures/bridgeport/tables/step_02_table_overlay_page_046.png,step_02_table_overlay_page_046.png,.png,figure,outputs_figures,Bridgeport,329510,07270b04d287964b5328af7db968edf42485f34fd0d5acb26e423c4af6614427,2026-10-01T16:22:57.498186+00:00,True,False
e0b59eaa6b70,outputs/figures/bridgeport/tables/step_02_table_overlay_page_052.png,step_02_table_overlay_page_052.png,.png,figure,outputs_figures,Bridgeport,273083,ac731047eddadeeb5f0c5c9af3d23f443ba25e6089b9407d5d7ed7a0ff7137e5,2026-10-01T16:22:59.124273+00:00,True,False
2e10efe94272,outputs/figures/bridgeport/tables/step_02_table_overlay_page_287.png,step_02_table_overlay_page_287.png,.png,figure,outputs_figures,Bridgeport,608347,8fa61423e267fcfb8863f1a58b101a1fd3d937e31320e80300dc29c5e3b77016,2026-10-01T16:23:23.813411+00:00,True,False
52e1b248e62b,outputs/figures/bridgeport/tables/step_04_evidence_card_P3.png,step_04_evidence_card_P3.png,.png,figure,outputs_figures,Bridgeport,494714,ebfc6eaf280541f10f020ba7476dec56cba9ca9a3d45227ae7ae321bc91cb0c7,2026-10-01T16:23:46.699583+00:00,True,False
3b384a81646d,outputs/figures/bridgeport/tables/step_02_table_card_030-00.png,step_02_table_card_030-00.png,.png,figure,outputs_figures,Bridgeport,105650,52f638caa8aa63e15faf7f98b87c677e4606ed3ce32dc71d64a56983fc2e45f3,2026-10-01T16:23:39.090864+00:00,True,False
8587d5be6788,outputs/figures/bridgeport/tables/step_02_table_card_287-00.png,step_02_table_card_287-00.png,.png,figure,outputs_figures,Bridgeport,105402,f40fe000ae9e4be5867a45af3305c14fa72f5d22f19c3a4248ce0b6d36eea160,2026-10-01T16:23:35.877087+00:00,True,False
68eb7ddbd6e1,outputs/figures/bridgeport/tables/step_06_rule_card_00063.png,step_06_rule_card_00063.png,.png,figure,outputs_figures,Bridgeport,565214,b7942ffd130ddf71150d2b0e081bf111428d8a9269e6901c900dccc8db81339a,2026-10-01T16:24:11.202560+00:00,True,False
6d5be808b404,outputs/figures/bridgeport/tables/step_02_table_card_116-00.png,step_02_table_card_116-00.png,.png,figure,outputs_figures,Bridgeport,59082,334dadefdc265f89ac858833ce344fb732e01c1c1121ed7f3c0885ff858114a3,2026-10-01T16:23:38.216270+00:00,True,False
3a8e77f7fe28,outputs/figures/bridgeport/tables/step_02_table_overlay_page_095.png,step_02_table_overlay_page_095.png,.png,figure,outputs_figures,Bridgeport,220606,23c95de4e3b3dcffee725eb0cb3ff84169dda1a767ce55c6bd6b8e8748b239fc,2026-10-01T16:23:09.442007+00:00,True,False
5146fdee9254,outputs/figures/bridgeport/tables/step_02_table_overlay_page_081.png,step_02_table_overlay_page_081.png,.png,figure,outputs_figures,Bridgeport,265415,60855a9b7d9925f152baf18a50dfc6f1a1b5f3ea23df365d0dff189b8979bf0e,2026-10-01T16:23:05.948435+00:00,True,False
bf51150c57dc,outputs/figures/bridgeport/tables/step_03_anchor_uncertain_CX.png,step_03_anchor_uncertain_CX.png,.png,figure,outputs_figures,Bridgeport,453398,6f46d1dd7b51dfe8ee10799d290adbbf03e83a985765749514542ee4562dc844,2026-10-01T16:23:43.057396+00:00,True,False
306def34af28,outputs/figures/bridgeport/tables/step_02_table_overlay_page_123.png,step_02_table_overlay_page_123.png,.png,figure,outputs_figures,Bridgeport,702550,8726138050c6705828c92e701e17ee5a809b473fdd288f8de813f1e3762dad33,2026-10-01T16:23:15.392695+00:00,True,False
0a4a7ffc3abf,outputs/figures/bridgeport/tables/step_02_table_overlay_page_094.png,step_02_table_overlay_page_094.png,.png,figure,outputs_figures,Bridgeport,207258,91528fd182d60fcd823dfaa10379374361bf2cd9eea0e8979807947347c20713,2026-10-01T16:23:09.066556+00:00,True,False
e1e0fb777740,outputs/figures/bridgeport/tables/step_02_table_overlay_page_057.png,step_02_table_overlay_page_057.png,.png,figure,outputs_figures,Bridgeport,139405,76fe9fbc28d944d3d8e673a0e0894d09f5a68715bd425cdfb4a85a053d1df3df,2026-10-01T16:23:00.684155+00:00,True,False
7e2961cf4ace,outputs/figures/bridgeport/tables/step_02_table_card_094-02.png,step_02_table_card_094-02.png,.png,figure,outputs_figures,Bridgeport,26499,dcbf5f44a0938ffe671554e8dd6aa8ae8ae1b2e7c15630fd2c715c824a63e5af,2026-10-01T16:23:33.835674+00:00,True,False
3dcb7924ed1f,outputs/figures/bridgeport/tables/step_02_table_card_116-01.png,step_02_table_card_116-01.png,.png,figure,outputs_figures,Bridgeport,90541,c4702bbd626db60fbede573998dc6621cf4b7165d75a536bcaf04fcea67e7ae7,2026-10-01T16:23:34.620908+00:00,True,False
015de6f06337,outputs/figures/bridgeport/tables/step_02_table_overlay_page_241.png,step_02_table_overlay_page_241.png,.png,figure,outputs_figures,Bridgeport,456525,fe888b2d27bdedbd789258d7c6b7cdf70ecba5d7bfff33c6039bfc5f47234861,2026-10-01T16:23:22.329933+00:00,True,False
54d5644b908c,outputs/figures/bridgeport/tables/step_04_evidence_card_P4.png,step_04_evidence_card_P4.png,.png,figure,outputs_figures,Bridgeport,494776,b252c4d704d19c2a27fa9f543e260251c87d2c90cc7dfab538eb0fde6e5e52ee,2026-10-01T16:24:16.702023+00:00,True,False
f2d7cbc03cdb,outputs/figures/bridgeport/tables/step_02_table_overlay_page_041.png,step_02_table_overlay_page_041.png,.png,figure,outputs_figures,Bridgeport,394088,656189fd33d1e0ca5643fc7de6ccce76b5a4156afbc0a6922bab9b7b68c983f1,2026-10-01T16:22:56.701091+00:00,True,False
fe039e54dbc3,outputs/figures/bridgeport/tables/step_02_table_overlay_page_055.png,step_02_table_overlay_page_055.png,.png,figure,outputs_figures,Bridgeport,303873,d899a71aa91e603307891f5a111fcc212c95a53b7c7afc9a56eccaec2d228b3a,2026-10-01T16:23:00.313033+00:00,True,False
9d0a241c18d8,outputs/figures/bridgeport/tables/step_02_table_overlay_page_069.png,step_02_table_overlay_page_069.png,.png,figure,outputs_figures,Bridgeport,319464,f835edd10bf0728455c28b6c69343bdea6091bd485b7ba813657f005c63e47fa,2026-10-01T16:23:03.026876+00:00,True,False
55a2d8d4abbd,outputs/figures/bridgeport/tables/step_02_table_overlay_page_121.png,step_02_table_overlay_page_121.png,.png,figure,outputs_figures,Bridgeport,394524,54fbe7ab52e27777043d91217bad0fc06e7bc7d1da82c69817e901c4fdc69e17,2026-10-01T16:23:14.955037+00:00,True,False
3e136c4aea0f,outputs/figures/bridgeport/tables/step_02_table_overlay_page_109.png,step_02_table_overlay_page_109.png,.png,figure,outputs_figures,Bridgeport,396724,dd2b025fea5aa41e5ab6cfc4559fb4ca3d6efd8d7d7b1c6c9af65914580cc396,2026-10-01T16:23:13.129446+00:00,True,False
130e5367cc44,outputs/figures/bridgeport/tables/step_02_table_overlay_page_108.png,step_02_table_overlay_page_108.png,.png,figure,outputs_figures,Bridgeport,324488,ebe10e98f17064e162e6537372ba292ef77a5764fc24c43aceb5533a5776d24f,2026-10-01T16:23:12.728685+00:00,True,False
02f5b4e73f79,outputs/figures/bridgeport/tables/step_02_table_overlay_page_097.png,step_02_table_overlay_page_097.png,.png,figure,outputs_figures,Bridgeport,188044,ba11777546d1022cdad660783c6edd05efe7f11b5e5bf8b2474145d9989768f3,2026-10-01T16:23:09.813757+00:00,True,False
9045f246a1c3,outputs/figures/bridgeport/tables/step_02_table_overlay_page_083.png,step_02_table_overlay_page_083.png,.png,figure,outputs_figures,Bridgeport,1256167,dbd3af8de5733ed02d1dc19c08ecc2a45cdf0ef338fbc12a5cf4b02a0d3accc7,2026-10-01T16:23:06.381531+00:00,True,False
ed5d1ccf715b,outputs/figures/bridgeport/tables/step_02_table_overlay_page_068.png,step_02_table_overlay_page_068.png,.png,figure,outputs_figures,Bridgeport,275499,0307bacbbe84096efad0a63049a719379f49c4fe82d97fd6e9d299f81d336e41,2026-10-01T16:23:02.642329+00:00,True,False
78f509e112c3,outputs/figures/bridgeport/tables/step_02_table_overlay_page_054.png,step_02_table_overlay_page_054.png,.png,figure,outputs_figures,Bridgeport,193169,5d922185051b188203fea72ec2b8da5f6fc66d30bb3ba359bd0bde911465657b,2026-10-01T16:22:59.869670+00:00,True,False
c3cf6fb4adcb,outputs/figures/bridgeport/tables/step_04_evidence_card_P5.png,step_04_evidence_card_P5.png,.png,figure,outputs_figures,Bridgeport,494762,92da163a1128ad4799787da9296b73218015df73c7f893fdf79cbec4a04155d3,2026-10-01T16:24:16.147739+00:00,True,False
5a34025296a3,outputs/figures/bridgeport/tables/step_02_table_overlay_page_219.png,step_02_table_overlay_page_219.png,.png,figure,outputs_figures,Bridgeport,386872,679d5bf71f823583ddfa6a9a2a3e3ff11e218e832477535fe822e04be82a6ad0,2026-10-01T16:23:20.684910+00:00,True,False
800269b68185,outputs/figures/bridgeport/tables/step_02_table_overlay_page_231.png,step_02_table_overlay_page_231.png,.png,figure,outputs_figures,Bridgeport,437943,5944e5f9fe084a817465f1815ca0dc73b3bbf444dfddfc960615ec2fb8efa673,2026-10-01T16:23:21.825541+00:00,True,False
196e6076d19f,outputs/figures/bridgeport/tables/step_04_evidence_card_N4.png,step_04_evidence_card_N4.png,.png,figure,outputs_figures,Bridgeport,493587,b6e519ba1d3ca5f9306e97da85915087430d83d61e2a01264cf07b812bd9f2db,2026-10-01T16:24:15.582327+00:00,True,False
348158ef0418,outputs/figures/bridgeport/tables/step_02_manual_inspection_weak_or_failed_detection.png,step_02_manual_inspection_weak_or_failed_detection.png,.png,figure,outputs_figures,Bridgeport,68429,fb841206cd0d5ada04e0534af59b03d75905dd62fbbfa3f6720dc0db1ebfd314,2026-10-01T16:23:40.043835+00:00,True,False
16da661a0c3b,outputs/figures/bridgeport/tables/step_02_table_card_012-00.png,step_02_table_card_012-00.png,.png,figure,outputs_figures,Bridgeport,48092,a812f723eda67ffcdc476d60a4a888136c51a51f23ec33fbd8967c91907bbf3b,2026-10-01T16:23:26.506238+00:00,True,False
dc3341f3c3ad,outputs/figures/bridgeport/tables/step_02_table_overlay_page_218.png,step_02_table_overlay_page_218.png,.png,figure,outputs_figures,Bridgeport,433990,e1acb9ea665d8250eeb17f7407f24bd984dc1136c4c95e17e8e21c39e866428f,2026-10-01T16:23:20.296247+00:00,True,False
a3e9f41f755f,outputs/figures/bridgeport/tables/step_02_table_overlay_page_030.png,step_02_table_overlay_page_030.png,.png,figure,outputs_figures,Bridgeport,246347,ee279abb83477a1158bffdd2c7a5aa814d1a28a7130fb8a8751794a242eace5a,2026-10-01T16:22:54.241935+00:00,True,False
f4a7c11a7dda,outputs/figures/bridgeport/tables/step_05_citation_unresolved_1.png,step_05_citation_unresolved_1.png,.png,figure,outputs_figures,Bridgeport,492470,562d348140ce91075d5ba8c49719162a4906abd037aa69173203a0302e4e4910,2026-10-01T16:24:08.381097+00:00,True,False
c80c15390e1d,outputs/figures/bridgeport/tables/step_05_citation_unresolved_0.png,step_05_citation_unresolved_0.png,.png,figure,outputs_figures,Bridgeport,452727,8f593bb2582e446c39e3c92b5a556eca9db39a33829bcc60c62affe9d3e4acec,2026-10-01T16:24:07.835375+00:00,True,False
d01608d1138e,outputs/figures/bridgeport/tables/step_02_table_overlay_page_031.png,step_02_table_overlay_page_031.png,.png,figure,outputs_figures,Bridgeport,389965,d9d1d99d01e41593544dda568264a5031b3aed3b10ae28edf59f9252c5a3c26f,2026-10-01T16:22:54.704382+00:00,True,False
a8242bed97c3,outputs/figures/bridgeport/tables/step_02_table_overlay_page_019.png,step_02_table_overlay_page_019.png,.png,figure,outputs_figures,Bridgeport,1393680,1651f60ff3d7f2ca2f646eb362a2beb4f278ac8e38874b880f16129dfc812360,2026-10-01T16:22:52.505547+00:00,True,False
0c55458878da,outputs/figures/bridgeport/tables/step_02_table_card_092-00.png,step_02_table_card_092-00.png,.png,figure,outputs_figures,Bridgeport,111221,ba102256c89851697e827d0ea4b64dfbc4bd4a516ea168d1512fbfafbe5f12b9,2026-10-01T16:23:33.600071+00:00,True,False
81cc375c9ed3,outputs/figures/bridgeport/tables/step_02_table_card_258-00.png,step_02_table_card_258-00.png,.png,figure,outputs_figures,Bridgeport,109514,bee292eb4ad2dc39c0d380cb417b09af4575f809f9e45ef748b0b5030b305297,2026-10-01T16:23:28.866844+00:00,True,False
0a265691a307,outputs/figures/bridgeport/tables/step_02_table_overlay_page_168.png,step_02_table_overlay_page_168.png,.png,figure,outputs_figures,Bridgeport,328471,c88f9c45b470cbb10ba2566d42280e82c0a5fe38115e1c5d2f5b410849c040da,2026-10-01T16:23:18.056270+00:00,True,False
76859a751d7b,outputs/figures/bridgeport/tables/step_03_anchor_representative_high_confidence_IX.png,step_03_anchor_representative_high_confidence_IX.png,.png,figure,outputs_figures,Bridgeport,496459,7ad4a4542e725b5437d22fc36e54aaf1ea112821087cccda1c70345b4cb59ffd,2026-10-01T16:23:42.533005+00:00,True,False
74d47c234d7b,outputs/figures/bridgeport/tables/step_02_table_overlay_page_020.png,step_02_table_overlay_page_020.png,.png,figure,outputs_figures,Bridgeport,320056,fde626f0fb28f41576cef3b2cbd3ceaa807c12b0076fe32aa8dc7ab859c579e7,2026-10-01T16:22:52.898509+00:00,True,False
584ec19a73ac,outputs/figures/bridgeport/tables/step_02_table_overlay_page_034.png,step_02_table_overlay_page_034.png,.png,figure,outputs_figures,Bridgeport,160386,b3eb9f9548147bd3c7c16284310ebda22c1f6e61fb8734b361064b3efe3abfd8,2026-10-01T16:22:55.081551+00:00,True,False
e8554c6b8685,outputs/figures/bridgeport/tables/step_06_rule_card_00001.png,step_06_rule_card_00001.png,.png,figure,outputs_figures,Bridgeport,381829,018ee56ecfc406e14b4dba8da0d1dd0599533da531531118df4f9a79c02a3ed3,2026-10-01T16:24:10.685707+00:00,True,False
5fd8d8ba9372,outputs/figures/bridgeport/tables/step_02_table_overlay_page_036.png,step_02_table_overlay_page_036.png,.png,figure,outputs_figures,Bridgeport,308740,2bff64c273aff89a0bca31492206d15fb4953138ad170e95aa1d2cde76204601,2026-10-01T16:22:55.488409+00:00,True,False
b62b78d3cd18,outputs/figures/bridgeport/tables/step_02_table_card_034-00.png,step_02_table_card_034-00.png,.png,figure,outputs_figures,Bridgeport,29511,95174015974bac33de24405d36927ac4cc5d05a74c99722f726486fac8cca025,2026-10-01T16:23:31.724288+00:00,True,False
26f5a1e7afc2,outputs/figures/bridgeport/tables/step_02_table_card_229-02.png,step_02_table_card_229-02.png,.png,figure,outputs_figures,Bridgeport,172770,593644505ada67fa2189b6943f5621586efa849c4c47f289c7f46a99e65b3bad,2026-10-01T16:23:35.143922+00:00,True,False
171d9b162242,outputs/figures/bridgeport/tables/step_02_table_card_049-00.png,step_02_table_card_049-00.png,.png,figure,outputs_figures,Bridgeport,72566,c21207cbbee18dd0890a7f3af041fcb9afe44ecb50f866fe332a4878b5ab4348,2026-10-01T16:23:32.230041+00:00,True,False
fc188f31b9a4,outputs/figures/bridgeport/tables/step_02_table_card_291-01.png,step_02_table_card_291-01.png,.png,figure,outputs_figures,Bridgeport,103115,1dd0d40c754a6f0ddff9db6c1102831545f78caf38ff70b68c3ac50ba37aa899,2026-10-01T16:23:36.326763+00:00,True,False
79f3c27bb596,outputs/figures/bridgeport/tables/step_02_table_overlay_page_037.png,step_02_table_overlay_page_037.png,.png,figure,outputs_figures,Bridgeport,377034,4eae286c9cb51b4c30b6dcd519f9b0962b4951d06382d5c768554f4e0e2d4eed,2026-10-01T16:22:55.881222+00:00,True,False
10977fd9b230,outputs/figures/bridgeport/tables/step_02_table_overlay_page_023.png,step_02_table_overlay_page_023.png,.png,figure,outputs_figures,Bridgeport,406929,ad7ee772d97a0281d6cb2e490334aedc7de7ee5988a9c03c2745eb3c3acf013f,2026-10-01T16:22:53.279613+00:00,True,False
829e9aaba569,outputs/figures/bridgeport/tables/step_02_table_overlay_page_204.png,step_02_table_overlay_page_204.png,.png,figure,outputs_figures,Bridgeport,432806,e626160034d00930dbeec1695caeaa6be269b05a0fa719d59d0bc660604967f0,2026-10-01T16:23:19.311986+00:00,True,False
da032481893b,outputs/figures/bridgeport/tables/step_02_table_card_123-00.png,step_02_table_card_123-00.png,.png,figure,outputs_figures,Bridgeport,121357,db20782f73c5794aa6db11f61c00af03a8658c449b54d437e521ec1e5c6b500f,2026-10-01T16:23:39.413772+00:00,True,False
8f7f04c49541,outputs/figures/bridgeport/tables/step_02_table_overlay_page_012.png,step_02_table_overlay_page_012.png,.png,figure,outputs_figures,Bridgeport,385707,11bb01dd70a98d7e2a645c0572b3c7a18767df925b7b62bc391c18b8b9df1801,2026-10-01T16:22:52.028625+00:00,True,False
f6561edcc19f,outputs/figures/bridgeport/tables/step_02_table_card_031-00.png,step_02_table_card_031-00.png,.png,figure,outputs_figures,Bridgeport,54055,62c248ed45d08a2651e7aa334691021d468a3eff2baee0cdbccf7bf0c81c0e42,2026-10-01T16:23:39.756776+00:00,True,False
7090a4ce1f0f,outputs/figures/bridgeport/tables/step_02_table_overlay_page_172.png,step_02_table_overlay_page_172.png,.png,figure,outputs_figures,Bridgeport,313493,7bb80709dfc8d425962c0146f485dd05d6cd32ae26cdce8412f418b163527732,2026-10-01T16:23:18.426188+00:00,True,False
0c0083893fca,outputs/figures/bridgeport/tables/step_02_table_card_019-00.png,step_02_table_card_019-00.png,.png,figure,outputs_figures,Bridgeport,120412,1f32de7fc385e91d31f7cb822f2bc574a90968b135724c290386adee22f268f3,2026-10-01T16:23:29.415594+00:00,True,False
c386b8c87240,outputs/figures/bridgeport/tables/step_02_table_card_031-01.png,step_02_table_card_031-01.png,.png,figure,outputs_figures,Bridgeport,55333,69532dd0a2abbdf4ffeb26ebf2a0de1b127b1ec2cc11c9a59adea63fbc2b758c,2026-10-01T16:23:31.237354+00:00,True,False
58ea81da4ed1,outputs/figures/bridgeport/tables/step_02_table_card_023-01.png,step_02_table_card_023-01.png,.png,figure,outputs_figures,Bridgeport,61916,236834d26084baf00809e9f3cd134640f6d34d85f0b098ea0feab7d57cb273ef,2026-10-01T16:23:30.173754+00:00,True,False
9c24ff51276c,outputs/figures/bridgeport/tables/step_02_table_card_076-02.png,step_02_table_card_076-02.png,.png,figure,outputs_figures,Bridgeport,112885,5609f808a965aca5a2ab9de1649d66d47ad4abfe54346dffc0456d6687396bfd,2026-10-01T16:23:26.981545+00:00,True,False
f35751c20289,outputs/figures/bridgeport/tables/step_06_rule_card_00024.png,step_06_rule_card_00024.png,.png,figure,outputs_figures,Bridgeport,1261992,538723107a73523d4b7da422a2e7aa2c65e782b5677ca1bd048094765007661e,2026-10-01T16:24:12.907412+00:00,True,False
5f0914b7380b,outputs/figures/bridgeport/tables/step_02_table_card_089-01.png,step_02_table_card_089-01.png,.png,figure,outputs_figures,Bridgeport,99379,15973e63e81a487c9e6933c316830f5c57949975c24112e49d7bb822d0ca3bd9,2026-10-01T16:23:33.287502+00:00,True,False
76a5161c357f,outputs/figures/bridgeport/tables/step_04_evidence_card_CX.png,step_04_evidence_card_CX.png,.png,figure,outputs_figures,Bridgeport,453083,914a13ea5d7284282ccf4328bd15d5c14c4f088c3ac04661c7810d96741da9df,2026-10-01T16:24:15.070597+00:00,True,False
a7368ef2ed13,outputs/figures/bridgeport/tables/step_02_table_overlay_page_038.png,step_02_table_overlay_page_038.png,.png,figure,outputs_figures,Bridgeport,218173,c3ddd99ded5a2a30c7ee313cae1d5b043984174da4e53872df0af8689dba7394,2026-10-01T16:22:56.253573+00:00,True,False
24eda1267236,outputs/figures/bridgeport/tables/step_02_table_overlay_page_216.png,step_02_table_overlay_page_216.png,.png,figure,outputs_figures,Bridgeport,666724,d3527dd332b63de6be2fd0ce534c9f9441165ca037ae68985eb035c33280807e,2026-10-01T16:23:19.719450+00:00,True,False
81673bbc2af0,outputs/figures/bridgeport/tables/step_02_table_card_087-01.png,step_02_table_card_087-01.png,.png,figure,outputs_figures,Bridgeport,49400,6af4f3d599d513ce1eefd9570aa7fff7db3a17860dcf5525af5d923b8e1c3abb,2026-10-01T16:23:33.022167+00:00,True,False
655103046e22,outputs/figures/bridgeport/tables/step_02_table_overlay_page_028.png,step_02_table_overlay_page_028.png,.png,figure,outputs_figures,Bridgeport,334011,6071503b6b315e8c0f28a12840e592e439392c473c01b2676c3c056cb8835292,2026-10-01T16:22:53.703706+00:00,True,False
cfbcc7837398,outputs/figures/bridgeport/tables/step_02_table_card_031-06.png,step_02_table_card_031-06.png,.png,figure,outputs_figures,Bridgeport,77219,9d9ca7bcd32693541dad3a7007d1124500287e131119793dabee1c48a7fb82ed,2026-10-01T16:23:31.480248+00:00,True,False
746af8b3a662,outputs/figures/bridgeport/tables/step_02_table_card_241-01.png,step_02_table_card_241-01.png,.png,figure,outputs_figures,Bridgeport,68575,d07c52c21a8a4b2bf66057579087a5fc5fce01697ecd36d7093db7cf732b9d58,2026-10-01T16:23:35.369478+00:00,True,False
982c62136757,outputs/figures/bridgeport/tables/step_02_table_card_241-00.png,step_02_table_card_241-00.png,.png,figure,outputs_figures,Bridgeport,48673,607373a9556808eddc1184d0346df912afbfefdcea2bf697b691b0ed2f76b216,2026-10-01T16:23:38.791340+00:00,True,False
4f8352a85238,outputs/figures/bridgeport/tables/step_04_evidence_card_OH.png,step_04_evidence_card_OH.png,.png,figure,outputs_figures,Bridgeport,384301,d4c34ce24a378a7b999a130f87b2e8566377a0d9bf5fe31925ccd3e17f3e203c,2026-10-01T16:23:47.338610+00:00,True,False
7c7cd8cefc33,outputs/figures/bridgeport/tables/step_02_table_overlay_page_229.png,step_02_table_overlay_page_229.png,.png,figure,outputs_figures,Bridgeport,593446,05c2f29d25d3f6493690a76bd39d65fa8972b80e44afc2875e8875695fdf938e,2026-10-01T16:23:21.443983+00:00,True,False
b9a54f1fd673,outputs/figures/bridgeport/tables/step_02_table_card_133-00.png,step_02_table_card_133-00.png,.png,figure,outputs_figures,Bridgeport,65550,5ab6e09086e1c3fac079938ed4f1924254ded73a649e4f90fc26a9f226fc531a,2026-10-01T16:23:29.732957+00:00,True,False
d71aed6f4b7f,outputs/figures/bridgeport/tables/step_02_table_overlay_page_177.png,step_02_table_overlay_page_177.png,.png,figure,outputs_figures,Bridgeport,771170,3ffe9d084d54f278de9d5058247fee4affa07ce452bc163117892ca9c482126c,2026-10-01T16:23:18.920579+00:00,True,False
a200cf6c32fd,outputs/figures/bridgeport/tables/step_02_table_card_241-02.png,step_02_table_card_241-02.png,.png,figure,outputs_figures,Bridgeport,38314,10dccbb0c93b1a20f14ebe770e6afd17fd4a6591921c2c3bc01ef32d00182832,2026-10-01T16:23:38.514279+00:00,True,False
60e09dffc9a2,outputs/figures/bridgeport/tables/step_02_table_card_109-01.png,step_02_table_card_109-01.png,.png,figure,outputs_figures,Bridgeport,85072,53bfceb0f5a6369ad8d6348c8b722bce38b9adfd5eb9458a4aa406bd298c7568,2026-10-01T16:23:34.328541+00:00,True,False
367957ab70fb,outputs/figures/bridgeport/tables/step_02_table_overlay_page_228.png,step_02_table_overlay_page_228.png,.png,figure,outputs_figures,Bridgeport,564325,c8abfd2627675800df3ae494810ebfedeae513d13235c4dc5696bfe86169dbfc,2026-10-01T16:23:21.057363+00:00,True,False
23c310e84cc8,outputs/figures/bridgeport/tables/step_02_table_overlay_page_065.png,step_02_table_overlay_page_065.png,.png,figure,outputs_figures,Bridgeport,378941,1ca422239bfd36eb61337d2eb320ea4383e3afdfc301227f65ed816c897a9f01,2026-10-01T16:23:02.235730+00:00,True,False
3c96b4700ee7,outputs/figures/bridgeport/tables/step_02_table_overlay_page_105.png,step_02_table_overlay_page_105.png,.png,figure,outputs_figures,Bridgeport,135081,f49ea34c1b573bebbf5ca2facff8aae32088cdca360911fbd3ec70434e459c10,2026-10-01T16:23:11.917120+00:00,True,False
bd64a7d69a96,outputs/figures/bridgeport/tables/step_02_table_overlay_page_110.png,step_02_table_overlay_page_110.png,.png,figure,outputs_figures,Bridgeport,208636,9d81f46c3af00c718033e6b7d4089eb59b56746731ef6e8d14185fd99695e837,2026-10-01T16:23:13.488249+00:00,True,False
72d3c58955b4,outputs/figures/bridgeport/tables/step_02_table_overlay_page_070.png,step_02_table_overlay_page_070.png,.png,figure,outputs_figures,Bridgeport,223751,469fb8a1cbd51406d6c351ec5fb834ffe125b2187e3f3fb1bcc16e459347ebea,2026-10-01T16:23:03.375746+00:00,True,False
8ae9436f09f4,outputs/figures/bridgeport/tables/step_02_table_overlay_page_258.png,step_02_table_overlay_page_258.png,.png,figure,outputs_figures,Bridgeport,534227,eb8e2874b0c95c7325efeb7c298cf8f5f01f771b0711b9f47b9718ffaf09cd29,2026-10-01T16:23:23.349372+00:00,True,False
3413e6d9a2b4,outputs/figures/bridgeport/tables/step_02_table_overlay_page_099.png,step_02_table_overlay_page_099.png,.png,figure,outputs_figures,Bridgeport,1324485,595bea932786a743296358e04e9636791f8992d1b03f4385ea68e7357bc9c3a9,2026-10-01T16:23:10.241523+00:00,True,False
04bd3c442440,outputs/figures/bridgeport/tables/step_02_table_card_046-00.png,step_02_table_card_046-00.png,.png,figure,outputs_figures,Bridgeport,96417,f368a59d250dbec825846e25112835f3598ecaf956e7e053d465e2922f47deb0,2026-10-01T16:23:31.988073+00:00,True,False
fac724cfd52a,outputs/figures/bridgeport/tables/step_02_table_overlay_page_113.png,step_02_table_overlay_page_113.png,.png,figure,outputs_figures,Bridgeport,139406,3e2fc625951e9404feab4a35dbfaa07011ebf917be8a9f9012ca86724adbf25e,2026-10-01T16:23:13.836645+00:00,True,False
4a762fde3e9f,outputs/figures/bridgeport/tables/step_02_table_overlay_page_107.png,step_02_table_overlay_page_107.png,.png,figure,outputs_figures,Bridgeport,1123596,8901253e0743e19ae8207599d46aed79543d94674e01fe3fd3e52fb6dcaa5cff,2026-10-01T16:23:12.334562+00:00,True,False
d16f9faaf30a,outputs/figures/bridgeport/tables/step_02_table_card_054-00.png,step_02_table_card_054-00.png,.png,figure,outputs_figures,Bridgeport,55126,3d0587fd4ce1d8764307e2d693ca76ac08545fcbd8ff816368e5d7b6cc2df6ca,2026-10-01T16:23:32.495052+00:00,True,False
1602e6538a4b,outputs/figures/bridgeport/tables/step_02_table_overlay_page_073.png,step_02_table_overlay_page_073.png,.png,figure,outputs_figures,Bridgeport,357676,a488be3b81541fc18319a202bee943ec37f01a8f33cabbb93dedde1b2b12a7a7,2026-10-01T16:23:03.765743+00:00,True,False
077c2d79e2f5,outputs/figures/bridgeport/tables/step_02_table_card_037-00.png,step_02_table_card_037-00.png,.png,figure,outputs_figures,Bridgeport,46275,c3047cf819bcde548aaae73ee260bfaed24bad1a04dbcf58bb0bc41b5dd35c35,2026-10-01T16:23:27.942120+00:00,True,False
13e4c0a702d6,outputs/figures/bridgeport/tables/step_02_table_overlay_page_077.png,step_02_table_overlay_page_077.png,.png,figure,outputs_figures,Bridgeport,312888,73285345b73db4eacd5e0620603f810a048b745527e2a4bc80047c60189f866c,2026-10-01T16:23:05.134286+00:00,True,False
2d21cd3e5e98,outputs/figures/bridgeport/tables/step_02_table_overlay_page_103.png,step_02_table_overlay_page_103.png,.png,figure,outputs_figures,Bridgeport,225586,17ce64ceb9eb8055628ce16949b9004f13f15bb2e0f097d877ab10b0fa2639e3,2026-10-01T16:23:11.562008+00:00,True,False
a5221b03148d,outputs/figures/bridgeport/tables/step_04_evidence_card_I.png,step_04_evidence_card_I.png,.png,figure,outputs_figures,Bridgeport,493850,1e08086f65da17b29b4c47d5bfe9a671887b83805864ecc267e9d6176eef053f,2026-10-01T16:23:45.168739+00:00,True,False
9645d08d88c6,outputs/figures/bridgeport/tables/step_02_table_card_103-01.png,step_02_table_card_103-01.png,.png,figure,outputs_figures,Bridgeport,47795,581f65e9be2b171fdb08bd6e9371a59835b646bc3693f6a93d4c9beb9c8a89f0,2026-10-01T16:23:34.082792+00:00,True,False
10ba9c779562,outputs/figures/bridgeport/tables/step_02_table_overlay_page_116.png,step_02_table_overlay_page_116.png,.png,figure,outputs_figures,Bridgeport,299484,c66bb738355f377a1e9d52f9049f89a03a137e08fb8a0a60b3b1bb7fde451c8d,2026-10-01T16:23:14.213181+00:00,True,False
1f611fd82526,outputs/figures/bridgeport/tables/step_02_table_overlay_page_102.png,step_02_table_overlay_page_102.png,.png,figure,outputs_figures,Bridgeport,191306,9b03fa73ab5e53f60d72a1f1b321403a2020341490323d4676b87a7684f640d0,2026-10-01T16:23:11.194108+00:00,True,False
6ac4ae8b1b8a,outputs/figures/bridgeport/tables/step_02_table_overlay_page_089.png,step_02_table_overlay_page_089.png,.png,figure,outputs_figures,Bridgeport,346495,6cb1583ed032a49d51bd3d0760af43c54d09631619fc4ece7b738a203de4ad57,2026-10-01T16:23:08.282427+00:00,True,False
5bc586ee3aff,outputs/figures/bridgeport/tables/step_02_table_overlay_page_062.png,step_02_table_overlay_page_062.png,.png,figure,outputs_figures,Bridgeport,235348,0296bcdc221cdbb298309e09ad0e1ab3abc12481fa142369ddaf49f57c68dcd7,2026-10-01T16:23:01.819886+00:00,True,False
53a3c15e5772,outputs/figures/bridgeport/tables/step_02_table_overlay_page_076.png,step_02_table_overlay_page_076.png,.png,figure,outputs_figures,Bridgeport,285211,33803ed9a5af64ec9c428dc7232b34b318f5c65b11504d8fa3f530e09ce4fb92,2026-10-01T16:23:04.597708+00:00,True,False
59e730b30e26,outputs/figures/bridgeport/tables/step_02_table_overlay_page_248.png,step_02_table_overlay_page_248.png,.png,figure,outputs_figures,Bridgeport,455312,ae616e9b5a056a4159669badce359e054d971eea0e179a05d40fefffd71fb0bb,2026-10-01T16:23:22.747518+00:00,True,False
564ce3408b34,outputs/figures/bridgeport/tables/step_06_rule_card_00069.png,step_06_rule_card_00069.png,.png,figure,outputs_figures,Bridgeport,434483,35100339413c4c7659a0ff22345214b3a745d95e8bcbaf255453b5bcb779c14e,2026-10-01T16:24:11.741783+00:00,True,False
d0e4cc30adf1,outputs/figures/bridgeport/tables/step_02_table_overlay_page_060.png,step_02_table_overlay_page_060.png,.png,figure,outputs_figures,Bridgeport,384492,968d307cd0022c0e311e1e90b7d78d577ddd516dfec6ef50af3e6da9dcecb87e,2026-10-01T16:23:01.059865+00:00,True,False
725b849f1600,outputs/figures/bridgeport/tables/step_02_table_overlay_page_100.png,step_02_table_overlay_page_100.png,.png,figure,outputs_figures,Bridgeport,238602,be9ba73bcd90df3b247df7bb96e8d25d99e43e842b41da82ae81b3fc66affbbe,2026-10-01T16:23:10.629418+00:00,True,False
7f6fbd6fdd58,outputs/figures/bridgeport/tables/step_03_anchor_representative_high_confidence_I.png,step_03_anchor_representative_high_confidence_I.png,.png,figure,outputs_figures,Bridgeport,496332,03b9455258238e1fe2ba745fea94bf4f597b454bfdfc4532d9e0be48ff01d0ba,2026-10-01T16:23:42.016670+00:00,True,False
a209a152705a,outputs/figures/bridgeport/tables/step_05_citation_resolved_0.png,step_05_citation_resolved_0.png,.png,figure,outputs_figures,Bridgeport,493717,ebb94ac9dd228dab5c6bcaa988eba2812a815d45ff07b874970aec140627e6ea,2026-10-01T16:24:06.777822+00:00,True,False
13163e54fe8e,outputs/figures/bridgeport/tables/step_05_citation_resolved_1.png,step_05_citation_resolved_1.png,.png,figure,outputs_figures,Bridgeport,346002,ab2b0a7fbf9e886af5e0191272423179f2226ca58ec6680c9bc07375e5dbe250,2026-10-01T16:24:07.300190+00:00,True,False
f09fd2c5a356,outputs/figures/bridgeport/tables/step_02_table_overlay_page_129.png,step_02_table_overlay_page_129.png,.png,figure,outputs_figures,Bridgeport,185169,f84b4d516535109fd39eee274efa822e1acaa9c296a5dbde01e5aebdbddc9e24,2026-10-01T16:23:16.769018+00:00,True,False
ba4edb5bc5ad,outputs/figures/bridgeport/tables/step_02_table_overlay_page_049.png,step_02_table_overlay_page_049.png,.png,figure,outputs_figures,Bridgeport,281296,b1b93bbe892d4612180462e8fb9a0e85ea450ce35785555910ba1717ae29add5,2026-10-01T16:22:58.294872+00:00,True,False
8f48f1945a8d,outputs/figures/bridgeport/tables/step_02_table_overlay_page_075.png,step_02_table_overlay_page_075.png,.png,figure,outputs_figures,Bridgeport,1283631,001a33ce2b1d8700489332de33a4ecfc353568271dcf91850703ab206e09e381,2026-10-01T16:23:04.211547+00:00,True,False
7b3f48355adc,outputs/figures/bridgeport/tables/step_02_table_overlay_page_061.png,step_02_table_overlay_page_061.png,.png,figure,outputs_figures,Bridgeport,356926,163f29acc16d8a072754abd313619ce70f0755c4b93f1f5dca9bb0bb0463ac24,2026-10-01T16:23:01.441274+00:00,True,False
04ad0593e5e1,outputs/figures/bridgeport/tables/step_06_rule_card_00068.png,step_06_rule_card_00068.png,.png,figure,outputs_figures,Bridgeport,587935,ce4134b2ed4f641de3a8c3b7f203c15567a3a50c593ff78c1f736d55b4b2567d,2026-10-01T16:24:12.314404+00:00,True,False
f233a7b837df,outputs/figures/bridgeport/vlm_crops/step_02_6_page_022_focus.png,step_02_6_page_022_focus.png,.png,figure,outputs_figures,Bridgeport,240661,86e02355baadf61a1c0e169d8c12360266cf7ed868fff2ab4d165e6151b97a6d,2026-10-01T18:19:15.086584+00:00,True,False
5849999df46b,outputs/figures/bridgeport/vlm_crops/step_02_6_page_085_focus.png,step_02_6_page_085_focus.png,.png,figure,outputs_figures,Bridgeport,236553,7c3ca9de5f43b80777f614677b9ea254f7991d3204d943c9d138a2fc367ce09b,2026-10-01T18:20:11.005668+00:00,True,False
10a69b6dfbf1,outputs/figures/bridgeport/vlm_crops/bridgeport-connecticut-afe7c678fa5dfc85-vlm-packet-0002_context.png,bridgeport-connecticut-afe7c678fa5dfc85-vlm-packet-0002_context.png,.png,figure,outputs_figures,Bridgeport,65441,a850164d88c9b7fa46f7ec289dd8969bdad42b2f2bb1881c784566d7d3252790,2026-10-01T17:26:39.925695+00:00,True,False
f772aa1442bb,outputs/figures/bridgeport/vlm_crops/bridgeport-connecticut-afe7c678fa5dfc85-vlm-packet-0019_focus.png,bridgeport-connecticut-afe7c678fa5dfc85-vlm-packet-0019_focus.png,.png,figure,outputs_figures,Bridgeport,312291,43d444998a1d3c7a595642a62674bd9aefae35795474c845b873583dc81244fd,2026-10-01T17:27:05.525264+00:00,True,False
f93de93ba07a,outputs/figures/bridgeport/vlm_crops/step_02_6_page_070_context.png,step_02_6_page_070_context.png,.png,figure,outputs_figures,Bridgeport,29432,36af98eac1a9076929b652c1625125c73d29b636daaa6211fb04c2101017931d,2026-10-01T18:19:26.774484+00:00,True,False
9a2859776d43,outputs/figures/bridgeport/vlm_crops/bridgeport-connecticut-afe7c678fa5dfc85-vlm-packet-0021_focus.png,bridgeport-connecticut-afe7c678fa5dfc85-vlm-packet-0021_focus.png,.png,figure,outputs_figures,Bridgeport,1016510,b6daef6acade4ef1bba8c9e99612f523c1cd09dafe08682c1196df8247fc1a9d,2026-10-01T17:27:08.105599+00:00,True,False
189c83d11f6e,outputs/figures/bridgeport/vlm_crops/bridgeport-connecticut-afe7c678fa5dfc85-vlm-packet-0014_focus.png,bridgeport-connecticut-afe7c678fa5dfc85-vlm-packet-0014_focus.png,.png,figure,outputs_figures,Bridgeport,318721,9290c40c03da4d964652621c74f2933e476f4f4ece13695aa6f84fbd95da0d5b,2026-10-01T17:26:59.419847+00:00,True,False
a414cf664514,outputs/figures/bridgeport/vlm_crops/bridgeport-connecticut-afe7c678fa5dfc85-vlm-packet-0017_context.png,bridgeport-connecticut-afe7c678fa5dfc85-vlm-packet-0017_context.png,.png,figure,outputs_figures,Bridgeport,36587,1e10176c359eb83fd4b0343e8f3a58ad971de3fa28ad63e2f9a94674c4c7fd17,2026-10-01T17:27:02.176048+00:00,True,False
53d172ad99f2,outputs/figures/bridgeport/vlm_crops/step_02_6_page_102_context.png,step_02_6_page_102_context.png,.png,figure,outputs_figures,Bridgeport,26249,9548995239455b1efb7242ce5e90b26e02c5dbe929935be7a358e7ce52710d4c,2026-10-01T18:19:35.253458+00:00,True,False
a1ee446e2f26,outputs/figures/bridgeport/vlm_crops/bridgeport-connecticut-afe7c678fa5dfc85-vlm-packet-0020_context.png,bridgeport-connecticut-afe7c678fa5dfc85-vlm-packet-0020_context.png,.png,figure,outputs_figures,Bridgeport,364756,55a35cece208ce07ba2c5c1e356a815bfb69c3b14ad8b6fc94720c9d5ad03b47,2026-10-01T17:27:06.042591+00:00,True,False
ac031b206f51,outputs/figures/bridgeport/vlm_crops/step_02_6_page_118_focus.png,step_02_6_page_118_focus.png,.png,figure,outputs_figures,Bridgeport,235019,862082963dd6ec1cd5b733422ab97938a83a44e007df5c91613fd86ed758529e,2026-10-01T18:19:48.210382+00:00,True,False
f176b71fe77f,outputs/figures/bridgeport/vlm_crops/step_02_6_page_030_focus.png,step_02_6_page_030_focus.png,.png,figure,outputs_figures,Bridgeport,192324,c4ab73b55111474d5858c8ff07725a0f8928f7a53fee3781eea0debab635a5ea,2026-10-01T18:19:17.598061+00:00,True,False
f14bff9c0233,outputs/figures/bridgeport/vlm_crops/bridgeport-connecticut-afe7c678fa5dfc85-vlm-packet-0012_context.png,bridgeport-connecticut-afe7c678fa5dfc85-vlm-packet-0012_context.png,.png,figure,outputs_figures,Bridgeport,150109,11b5d1ecbdef15fb2125dec42a26d661d6c64f3634bc32ba26a9400eba45fb7b,2026-10-01T17:26:56.231125+00:00,True,False
efc7663c5aea,outputs/figures/bridgeport/vlm_crops/step_02_6_page_022_context.png,step_02_6_page_022_context.png,.png,figure,outputs_figures,Bridgeport,28638,7d5b81e18d9aee3fdeb4eddeabe2fec10efb3510d31f60aab360f6dbd000bdf0,2026-10-01T18:19:12.318692+00:00,True,False
822a1e87d3a4,outputs/figures/bridgeport/vlm_crops/bridgeport-connecticut-afe7c678fa5dfc85-vlm-packet-0007_context.png,bridgeport-connecticut-afe7c678fa5dfc85-vlm-packet-0007_context.png,.png,figure,outputs_figures,Bridgeport,50239,a37ee7723e4a8738d27cb280a9174d7ead422f91230dc478be59543b23978f71,2026-10-01T17:26:48.190972+00:00,True,False
e8be9c3219c8,outputs/figures/bridgeport/vlm_crops/step_02_6_page_037_context.png,step_02_6_page_037_context.png,.png,figure,outputs_figures,Bridgeport,31716,2e80af43c20cc3b0fe7768251534cbf0c3ef8426330ac974721cb80facd45ab1,2026-10-01T18:19:56.518542+00:00,True,False
fad56603906f,outputs/figures/bridgeport/vlm_crops/bridgeport-connecticut-afe7c678fa5dfc85-vlm-packet-0012_focus.png,bridgeport-connecticut-afe7c678fa5dfc85-vlm-packet-0012_focus.png,.png,figure,outputs_figures,Bridgeport,171313,db2cfaa1ff664e26f3da278dd58978fcc5b531fddacd26cd1d5840e87b4500ae,2026-10-01T17:26:56.414608+00:00,True,False
3d6aa8fdf303,outputs/figures/bridgeport/vlm_crops/bridgeport-connecticut-afe7c678fa5dfc85-vlm-packet-0006_focus.png,bridgeport-connecticut-afe7c678fa5dfc85-vlm-packet-0006_focus.png,.png,figure,outputs_figures,Bridgeport,135125,647d0ea3c7c4580e178d3fb44ee94434ff5cc67a14920edf1b1b8f1973f17db4,2026-10-01T17:26:44.980140+00:00,True,False
74a3a4c3c5e5,outputs/figures/bridgeport/vlm_crops/step_02_6_page_069_context.png,step_02_6_page_069_context.png,.png,figure,outputs_figures,Bridgeport,30903,5dc1af51991ec85379ac83afcac82449fe893228e86b8be70c713887e0b8b339,2026-10-01T18:20:05.566412+00:00,True,False
494a5db4cc19,outputs/figures/bridgeport/vlm_crops/step_02_6_page_094_context.png,step_02_6_page_094_context.png,.png,figure,outputs_figures,Bridgeport,26019,18c501b043fb5b4b132ffd0ea3f7a26e6e8be823492a8df32d411d3fb9654b05,2026-10-01T18:19:32.877853+00:00,True,False
03f97a007d45,outputs/figures/bridgeport/vlm_crops/step_02_6_page_117_context.png,step_02_6_page_117_context.png,.png,figure,outputs_figures,Bridgeport,27956,b4566ff3a53aeddca700d37d02c31d31a1443f9c3ccae238f54c9147cf51be67,2026-10-01T18:20:21.040130+00:00,True,False
d2f2061d7dd2,outputs/figures/bridgeport/vlm_crops/step_02_6_page_053_focus.png,step_02_6_page_053_focus.png,.png,figure,outputs_figures,Bridgeport,310058,16d168f714552ddd2aa683593c9ba4a1d0bcffeaa5f6261971659271c37df0d0,2026-10-01T18:20:02.774149+00:00,True,False
a43f8ebc470d,outputs/figures/bridgeport/vlm_crops/step_02_6_page_029_focus.png,step_02_6_page_029_focus.png,.png,figure,outputs_figures,Bridgeport,342478,1b8cab02b8e90e04e3c1291039eae6d48cee17437c46261b0cc69f28376054c4,2026-10-01T18:19:55.906349+00:00,True,False
54886ca4226f,outputs/figures/bridgeport/vlm_crops/step_02_6_page_101_focus.png,step_02_6_page_101_focus.png,.png,figure,outputs_figures,Bridgeport,235708,f3a519ab8b9f02b65cf991fe8e33bea790198ed618e11f72ace008b2af781d70,2026-10-01T18:20:18.280405+00:00,True,False
6696beb03fbc,outputs/figures/bridgeport/vlm_crops/bridgeport-connecticut-afe7c678fa5dfc85-vlm-packet-0018_context.png,bridgeport-connecticut-afe7c678fa5dfc85-vlm-packet-0018_context.png,.png,figure,outputs_figures,Bridgeport,100742,451edf38f7cf7c6b38aaaab9ba2b0b13ec9f390ad00eb024b3e661154b596b2d,2026-10-01T17:27:03.483662+00:00,True,False
a30ea50e2d86,outputs/figures/bridgeport/vlm_crops/step_02_6_page_037_focus.png,step_02_6_page_037_focus.png,.png,figure,outputs_figures,Bridgeport,311034,dda260c982aa2450734d7116e3daedaecf2158cf53ba582aefe1919a3b82796f,2026-10-01T18:19:58.286741+00:00,True,False
d769780b16eb,outputs/figures/bridgeport/vlm_crops/step_02_6_page_078_focus.png,step_02_6_page_078_focus.png,.png,figure,outputs_figures,Bridgeport,185013,5b81dbfcf55d5edf66be86363cc515ece91091fdca82bc40353fff1592ffca34,2026-10-01T18:19:29.743783+00:00,True,False
8fedd36b9b92,outputs/figures/bridgeport/vlm_crops/bridgeport-connecticut-afe7c678fa5dfc85-vlm-packet-0004_context.png,bridgeport-connecticut-afe7c678fa5dfc85-vlm-packet-0004_context.png,.png,figure,outputs_figures,Bridgeport,54910,a8aa87a326c1a6d2a38b24ee511a72d436cd54cb8b314f52195775aa29e39fda,2026-10-01T17:26:42.564961+00:00,True,False
d47e2b5f383b,outputs/figures/bridgeport/vlm_crops/bridgeport-connecticut-afe7c678fa5dfc85-vlm-packet-0018_focus.png,bridgeport-connecticut-afe7c678fa5dfc85-vlm-packet-0018_focus.png,.png,figure,outputs_figures,Bridgeport,128329,f359b2a3a6d7d34860e06e3ce8da184291381f9e1807381c24916b934d5700f4,2026-10-01T17:27:04.232069+00:00,True,False
d25f2cc30a7e,outputs/figures/bridgeport/vlm_crops/step_02_6_page_021_context.png,step_02_6_page_021_context.png,.png,figure,outputs_figures,Bridgeport,30337,2bb74cac3065911576f4f1eb97f6006e0f1a895211183135f6e968617c6f8ca1,2026-10-01T18:19:50.263967+00:00,True,False
c80b28f94600,outputs/figures/bridgeport/vlm_crops/bridgeport-connecticut-afe7c678fa5dfc85-vlm-packet-0011_context.png,bridgeport-connecticut-afe7c678fa5dfc85-vlm-packet-0011_context.png,.png,figure,outputs_figures,Bridgeport,63684,473c29e71515b9dae29324450e92c08f91faabda58c1c2663eec2c80e62e24ab,2026-10-01T17:26:54.826489+00:00,True,False
80605a32f0db,outputs/figures/bridgeport/vlm_crops/bridgeport-connecticut-afe7c678fa5dfc85-vlm-packet-0020_focus.png,bridgeport-connecticut-afe7c678fa5dfc85-vlm-packet-0020_focus.png,.png,figure,outputs_figures,Bridgeport,1240197,08f56e9ef7ca00bf1169b1f24aee3009c70ee795a5f72060c6a53943ed813267,2026-10-01T17:27:06.772383+00:00,True,False
57456e072a86,outputs/figures/bridgeport/vlm_crops/step_02_6_page_054_focus.png,step_02_6_page_054_focus.png,.png,figure,outputs_figures,Bridgeport,143833,2395b3caf71de884e86ca784845b5f6e548b5a2f0ed5ea6d129b244099a853ec,2026-10-01T18:19:24.621241+00:00,True,False
374b8d3d352c,outputs/figures/bridgeport/vlm_crops/step_02_6_page_101_context.png,step_02_6_page_101_context.png,.png,figure,outputs_figures,Bridgeport,27609,c46af3e284f534a0d9c7454b8605cf6d6b05842c98c4a3f0c2989b376d6644d0,2026-10-01T18:20:16.560815+00:00,True,False
50153a453e67,outputs/figures/bridgeport/vlm_crops/bridgeport-connecticut-afe7c678fa5dfc85-vlm-packet-0001_focus.png,bridgeport-connecticut-afe7c678fa5dfc85-vlm-packet-0001_focus.png,.png,figure,outputs_figures,Bridgeport,235486,230080184a9ee300b34474156fd94c9c6487689a21b1eef9277af3e707123bb3,2026-10-01T17:26:39.026385+00:00,True,False
227a411157e0,outputs/figures/bridgeport/vlm_crops/bridgeport-connecticut-afe7c678fa5dfc85-vlm-packet-0023_context.png,bridgeport-connecticut-afe7c678fa5dfc85-vlm-packet-0023_context.png,.png,figure,outputs_figures,Bridgeport,333222,e48c0192d0b57e71a09004bfdf4386a078cc354e81d5db7ebd38cb5566bcafaa,2026-10-01T17:27:10.360527+00:00,True,False
2fd7c63c3504,outputs/figures/bridgeport/vlm_crops/step_02_6_page_061_focus.png,step_02_6_page_061_focus.png,.png,figure,outputs_figures,Bridgeport,292689,cedec01c3320f23a2be4187f1f8b0f9146289e453c695f508b31bcf69af3896a,2026-10-01T18:20:04.945711+00:00,True,False
931e1da09d74,outputs/figures/bridgeport/vlm_crops/bridgeport-connecticut-afe7c678fa5dfc85-vlm-packet-0015_focus.png,bridgeport-connecticut-afe7c678fa5dfc85-vlm-packet-0015_focus.png,.png,figure,outputs_figures,Bridgeport,329047,5c6edc0616a249240a4ef1a17fe7696e760a51547faf60cb37e779a0d5b98ee6,2026-10-01T17:27:00.659174+00:00,True,False
1df9b4d7fc60,outputs/figures/bridgeport/vlm_crops/step_02_6_page_118_context.png,step_02_6_page_118_context.png,.png,figure,outputs_figures,Bridgeport,26556,8ea7b8c5f1ec707943f2666506c747cb77c80756e629c02f407100665e7b3e22,2026-10-01T18:19:44.159117+00:00,True,False
46c682a69dfc,outputs/figures/bridgeport/vlm_crops/step_02_6_page_054_context.png,step_02_6_page_054_context.png,.png,figure,outputs_figures,Bridgeport,30215,784ff67a55c21aab2f246c93da228773b6587a5e0e5e84c10f73a9874337d2e3,2026-10-01T18:19:22.026613+00:00,True,False
dbd34ed04c07,outputs/figures/bridgeport/vlm_crops/bridgeport-connecticut-afe7c678fa5dfc85-vlm-packet-0014_context.png,bridgeport-connecticut-afe7c678fa5dfc85-vlm-packet-0014_context.png,.png,figure,outputs_figures,Bridgeport,141233,4a4fa99ab64bd0195c4de242f66be6b783db5b5d3310932d7e91da4fcfa5d10b,2026-10-01T17:26:58.702488+00:00,True,False
12008a8249be,outputs/figures/bridgeport/vlm_crops/bridgeport-connecticut-afe7c678fa5dfc85-vlm-packet-0008_context.png,bridgeport-connecticut-afe7c678fa5dfc85-vlm-packet-0008_context.png,.png,figure,outputs_figures,Bridgeport,52417,dbeda334b8892b2eff8aa229060d396dac1ead50e4d059dbd80d7bfe7992f0bd,2026-10-01T17:26:52.371304+00:00,True,False
8427e4808856,outputs/figures/bridgeport/vlm_crops/step_02_6_page_038_context.png,step_02_6_page_038_context.png,.png,figure,outputs_figures,Bridgeport,30297,49f3cb9e663f92b7a70665839c90c7371dc1a1c0b91f7f3db3db0f4b82a350ba,2026-10-01T18:19:18.101750+00:00,True,False
96ff1e938a24,outputs/figures/bridgeport/vlm_crops/bridgeport-connecticut-afe7c678fa5dfc85-vlm-packet-0007_focus.png,bridgeport-connecticut-afe7c678fa5dfc85-vlm-packet-0007_focus.png,.png,figure,outputs_figures,Bridgeport,163514,420c072c2df149e0821faf41a5813a68217e48755ad3b3eaf93239061ac0082d,2026-10-01T17:26:51.375411+00:00,True,False
ad5694e8b84f,outputs/figures/bridgeport/vlm_crops/bridgeport-connecticut-afe7c678fa5dfc85-vlm-packet-0013_focus.png,bridgeport-connecticut-afe7c678fa5dfc85-vlm-packet-0013_focus.png,.png,figure,outputs_figures,Bridgeport,466384,45a013d502d41870970f9b9123d8d46961adb672ca0f6fbb98e9fa2ab0dcbf5c,2026-10-01T17:26:58.092687+00:00,True,False
4143516aa188,outputs/figures/bridgeport/vlm_crops/step_02_6_page_046_focus.png,step_02_6_page_046_focus.png,.png,figure,outputs_figures,Bridgeport,269758,13e9f336a13d1ee7a241898c15f1e4031ddfc8792cf49916c98bec53c544d91a,2026-10-01T18:19:21.351373+00:00,True,False
ef084f29f981,outputs/figures/bridgeport/vlm_crops/bridgeport-connecticut-afe7c678fa5dfc85-vlm-packet-0001_context.png,bridgeport-connecticut-afe7c678fa5dfc85-vlm-packet-0001_context.png,.png,figure,outputs_figures,Bridgeport,55833,52cc418b52df40ac4c120cf91c1ced8735893aaf17333eeb8c07eb9b901763fd,2026-10-01T17:26:35.825759+00:00,True,False
ba3cd5c55ccd,outputs/figures/bridgeport/vlm_crops/step_02_6_page_046_context.png,step_02_6_page_046_context.png,.png,figure,outputs_figures,Bridgeport,29445,ae6a44073ee7c584d137de12a55e0e0ac110288cd10c78729b4bbac2456c9b29,2026-10-01T18:19:19.761182+00:00,True,False
42134c243350,outputs/figures/bridgeport/vlm_crops/bridgeport-connecticut-afe7c678fa5dfc85-vlm-packet-0006_context.png,bridgeport-connecticut-afe7c678fa5dfc85-vlm-packet-0006_context.png,.png,figure,outputs_figures,Bridgeport,56552,02669be5925cc2d28393fceeae3264784aca84203dea6d3a228a64bb9ad95f4b,2026-10-01T17:26:44.611316+00:00,True,False
5e001a38c042,outputs/figures/bridgeport/vlm_crops/step_02_6_page_093_focus.png,step_02_6_page_093_focus.png,.png,figure,outputs_figures,Bridgeport,237200,851cce28e1df97448a4a15174295f68e14b877472f7c706ca086bdcccc005730,2026-10-01T18:20:14.804656+00:00,True,False
6001124a2e75,outputs/figures/bridgeport/vlm_crops/bridgeport-connecticut-afe7c678fa5dfc85-vlm-packet-0016_focus.png,bridgeport-connecticut-afe7c678fa5dfc85-vlm-packet-0016_focus.png,.png,figure,outputs_figures,Bridgeport,195161,9d27fdce1a248e3afb3c14311c652c507a67b75400db9040092be8dc1448f731,2026-10-01T17:27:01.771757+00:00,True,False
ba7f9ded5f01,outputs/figures/bridgeport/vlm_crops/step_02_6_page_062_focus.png,step_02_6_page_062_focus.png,.png,figure,outputs_figures,Bridgeport,185623,d5b9c71d1bba455e539a92fc2c5244aaf19e3888c1058d84971dcf690bf4a642,2026-10-01T18:19:26.319508+00:00,True,False
94b4a3c15c8e,outputs/figures/bridgeport/vlm_crops/step_02_6_page_053_context.png,step_02_6_page_053_context.png,.png,figure,outputs_figures,Bridgeport,31442,c7cac92c1fa94873aad674f0c7055e8959f36078815c183e5395558241e6d234,2026-10-01T18:20:01.048760+00:00,True,False
00dbfda0123b,outputs/figures/bridgeport/vlm_crops/bridgeport-connecticut-afe7c678fa5dfc85-vlm-packet-0013_context.png,bridgeport-connecticut-afe7c678fa5dfc85-vlm-packet-0013_context.png,.png,figure,outputs_figures,Bridgeport,127160,c77d28f43d88bae38c43b859146caf835cdb67c82421e40af7a513424480c5f3,2026-10-01T17:26:56.948330+00:00,True,False
2b21757ab84d,outputs/figures/bridgeport/vlm_crops/bridgeport-connecticut-afe7c678fa5dfc85-vlm-packet-0002_focus.png,bridgeport-connecticut-afe7c678fa5dfc85-vlm-packet-0002_focus.png,.png,figure,outputs_figures,Bridgeport,101298,18dbddd0dde73e7682f970866108694bdeb972f648273abd550480ce8df42062,2026-10-01T17:26:40.349594+00:00,True,False
4ff5f6451277,outputs/figures/bridgeport/vlm_crops/bridgeport-connecticut-afe7c678fa5dfc85-vlm-packet-0023_focus.png,bridgeport-connecticut-afe7c678fa5dfc85-vlm-packet-0023_focus.png,.png,figure,outputs_figures,Bridgeport,1275081,0bd4085922ad7c9401dee1521d15c9ea106b0c6985c285499efb8993fcfedef4,2026-10-01T17:27:11.034779+00:00,True,False
7e591d32e248,outputs/figures/bridgeport/vlm_crops/bridgeport-connecticut-afe7c678fa5dfc85-vlm-packet-0021_context.png,bridgeport-connecticut-afe7c678fa5dfc85-vlm-packet-0021_context.png,.png,figure,outputs_figures,Bridgeport,327894,0479cd1ad4f97d1a1b48a57a37a26a1b4bb04469d1ec0fb57a71c852c0a64e08,2026-10-01T17:27:07.234333+00:00,True,False
16a84775ceb2,outputs/figures/bridgeport/vlm_crops/step_02_6_page_061_context.png,step_02_6_page_061_context.png,.png,figure,outputs_figures,Bridgeport,27075,683c72d7973462135d41e6e51639a625f193b71c0674ea24e168917f1d211b35,2026-10-01T18:20:03.601232+00:00,True,False
3447139a2f0d,outputs/figures/bridgeport/vlm_crops/bridgeport-connecticut-afe7c678fa5dfc85-vlm-packet-0016_context.png,bridgeport-connecticut-afe7c678fa5dfc85-vlm-packet-0016_context.png,.png,figure,outputs_figures,Bridgeport,49413,754d21656987f5e8a1ce2133f9318d9a554c606421a9fc0bcabebfbb75952962,2026-10-01T17:27:01.067905+00:00,True,False
579885355510,outputs/figures/bridgeport/vlm_crops/step_02_6_page_078_context.png,step_02_6_page_078_context.png,.png,figure,outputs_figures,Bridgeport,26195,922f172f93398d1b46e5fa45d33ad0255f3e29a825b6c21c77cb94617c4357c7,2026-10-01T18:19:28.505744+00:00,True,False
f5e7cefd319f,outputs/figures/bridgeport/vlm_crops/step_02_6_page_085_context.png,step_02_6_page_085_context.png,.png,figure,outputs_figures,Bridgeport,27765,eb2855af9c88445183c43a28b0f9d0735140e48baad327418770effdd59cb52d,2026-10-01T18:20:09.633796+00:00,True,False
bd12c7c75798,outputs/figures/bridgeport/vlm_crops/step_02_6_page_069_focus.png,step_02_6_page_069_focus.png,.png,figure,outputs_figures,Bridgeport,259209,165768e0f8b4613c93469e0fffd8a9b70c72050e07402dd86230d775f26247d2,2026-10-01T18:20:06.968132+00:00,True,False
6bde462f1487,outputs/figures/bridgeport/vlm_crops/bridgeport-connecticut-afe7c678fa5dfc85-vlm-packet-0024_context.png,bridgeport-connecticut-afe7c678fa5dfc85-vlm-packet-0024_context.png,.png,figure,outputs_figures,Bridgeport,316791,938dda40a4dad84c50c8bfd93fe35bed3fccda53c38bc0383204007704a575e2,2026-10-01T17:27:11.483019+00:00,True,False
6906c4a9bd17,outputs/figures/bridgeport/vlm_crops/bridgeport-connecticut-afe7c678fa5dfc85-vlm-packet-0009_focus.png,bridgeport-connecticut-afe7c678fa5dfc85-vlm-packet-0009_focus.png,.png,figure,outputs_figures,Bridgeport,50200,2583a88bf53f329cb9e79c12117b7e1a949a87c00bfe0c7af05ddf807ae53177,2026-10-01T17:26:53.500757+00:00,True,False
e14b5f0d1b7f,outputs/figures/bridgeport/vlm_crops/step_02_6_page_117_focus.png,step_02_6_page_117_focus.png,.png,figure,outputs_figures,Bridgeport,331747,eaa6d088bc2f8b63e717dca0cb9aada7d48ec9a1f2d614f9aa66646ae86b1c90,2026-10-01T18:20:22.775230+00:00,True,False
c256bb14e32d,outputs/figures/bridgeport/vlm_crops/step_02_6_page_045_focus.png,step_02_6_page_045_focus.png,.png,figure,outputs_figures,Bridgeport,356688,1867e6371181f871253c4617b3ee4c5cee8f2ec657cf3a5708c63a4fe0fc5332,2026-10-01T18:20:00.484036+00:00,True,False
7644f07224f0,outputs/figures/bridgeport/vlm_crops/bridgeport-connecticut-afe7c678fa5dfc85-vlm-packet-0010_focus.png,bridgeport-connecticut-afe7c678fa5dfc85-vlm-packet-0010_focus.png,.png,figure,outputs_figures,Bridgeport,79695,e842483d4fadeaa51a99cfd3b62c7cf77b567dc4f6cf24a0da804c644d384e61,2026-10-01T17:26:54.190311+00:00,True,False
473112d2c28f,outputs/figures/bridgeport/vlm_crops/step_02_6_page_070_focus.png,step_02_6_page_070_focus.png,.png,figure,outputs_figures,Bridgeport,173583,d1aa8ad84cde27940fc4207693587ab25b89418e4fcfef608a508b7d82cb6a27,2026-10-01T18:19:28.068661+00:00,True,False
cbc0fb132698,outputs/figures/bridgeport/vlm_crops/bridgeport-connecticut-afe7c678fa5dfc85-vlm-packet-0003_context.png,bridgeport-connecticut-afe7c678fa5dfc85-vlm-packet-0003_context.png,.png,figure,outputs_figures,Bridgeport,68062,1ae203ee0088c80f611214c7ae447602e40e72f6667a026126396c138387668d,2026-10-01T17:26:40.926579+00:00,True,False
8168b26eb553,outputs/figures/bridgeport/vlm_crops/bridgeport-connecticut-afe7c678fa5dfc85-vlm-packet-0004_focus.png,bridgeport-connecticut-afe7c678fa5dfc85-vlm-packet-0004_focus.png,.png,figure,outputs_figures,Bridgeport,176314,350db15459ae968219c5e1bca3a0bbe6c893bace10fc8f417ae4debc9170d4e9,2026-10-01T17:26:43.478203+00:00,True,False
aaab2d1ab8cd,outputs/figures/bridgeport/vlm_crops/step_02_6_page_030_context.png,step_02_6_page_030_context.png,.png,figure,outputs_figures,Bridgeport,31070,1848ea8046380f5b686c9b65b56eab3cf36fa28143f9f3d2e9777deef6e1b570,2026-10-01T18:19:15.712006+00:00,True,False
8bc4b67078bd,outputs/figures/bridgeport/vlm_crops/step_02_6_page_093_context.png,step_02_6_page_093_context.png,.png,figure,outputs_figures,Bridgeport,27402,6fb6e6a6ce2d7ea7b1622a9706978e8e91963f81217746e7e7e56e2381b274e5,2026-10-01T18:20:11.816481+00:00,True,False
90e7d2ddcf15,outputs/figures/bridgeport/vlm_crops/step_02_6_page_109_focus.png,step_02_6_page_109_focus.png,.png,figure,outputs_figures,Bridgeport,322753,414359354cca4cc81b73c67f57f362472212de9b58f39ba10dd1b0a9249eaf79,2026-10-01T18:20:20.539714+00:00,True,False
2b1f250209a1,outputs/figures/bridgeport/vlm_crops/step_02_6_page_086_focus.png,step_02_6_page_086_focus.png,.png,figure,outputs_figures,Bridgeport,170653,796bc4f2167d935eadf8ef881901a93836a1db3e6c009e3378ede6a9113b8554,2026-10-01T18:19:32.228474+00:00,True,False
663b06b0673b,outputs/figures/bridgeport/vlm_crops/step_02_6_page_110_context.png,step_02_6_page_110_context.png,.png,figure,outputs_figures,Bridgeport,29495,f79d54b9be01a64c69573a9e263efabf1970aead8e6c8339c9d3b595900d9308,2026-10-01T18:19:39.199910+00:00,True,False
ade13637a9fa,outputs/figures/bridgeport/vlm_crops/step_02_6_page_021_focus.png,step_02_6_page_021_focus.png,.png,figure,outputs_figures,Bridgeport,335163,34ee453885052bba8d42110cfab5397b6b9c6bb704c446045afb5fd4f67e7fb5,2026-10-01T18:19:53.058506+00:00,True,False
68e3d79c6513,outputs/figures/bridgeport/vlm_crops/step_02_6_page_077_focus.png,step_02_6_page_077_focus.png,.png,figure,outputs_figures,Bridgeport,254055,29a16ee3df9750340f797d4540c41baf9348f84e3b581a74eb9bf6b0e114a32b,2026-10-01T18:20:09.137595+00:00,True,False
ffcdb5e288fc,outputs/figures/bridgeport/vlm_crops/bridgeport-connecticut-afe7c678fa5dfc85-vlm-packet-0009_context.png,bridgeport-connecticut-afe7c678fa5dfc85-vlm-packet-0009_context.png,.png,figure,outputs_figures,Bridgeport,35081,c8a767e87425c0974a0a043c7464aea8b5d01f638d60e7934206871487a73edc,2026-10-01T17:26:53.436152+00:00,True,False
6c272dae468d,outputs/figures/bridgeport/vlm_crops/bridgeport-connecticut-afe7c678fa5dfc85-vlm-packet-0003_focus.png,bridgeport-connecticut-afe7c678fa5dfc85-vlm-packet-0003_focus.png,.png,figure,outputs_figures,Bridgeport,260917,488acdf1ef12afc780c5fb5b4c3fcbf062edde7dc080bab12f8f368587bde6c7,2026-10-01T17:26:41.998912+00:00,True,False
323b07597118,outputs/figures/bridgeport/vlm_crops/bridgeport-connecticut-afe7c678fa5dfc85-vlm-packet-0017_focus.png,bridgeport-connecticut-afe7c678fa5dfc85-vlm-packet-0017_focus.png,.png,figure,outputs_figures,Bridgeport,311748,9ca1aff7c2403fa201883ea317d948523391d166a85c3fc457775c738d5fd148,2026-10-01T17:27:02.950711+00:00,True,False
e0cd5327898d,outputs/figures/bridgeport/vlm_crops/step_02_6_page_086_context.png,step_02_6_page_086_context.png,.png,figure,outputs_figures,Bridgeport,26434,f1c6937c2fabbd208c5379b91d8ab8f7fc6591174c8288b7ed38a023bcc50f47,2026-10-01T18:19:30.461421+00:00,True,False
633418e49233,outputs/figures/bridgeport/vlm_crops/step_02_6_page_038_focus.png,step_02_6_page_038_focus.png,.png,figure,outputs_figures,Bridgeport,165243,c200f3e6f2eb758286d3078682a2169320b75b8d02b9251f92a09625eaa54ca6,2026-10-01T18:19:19.336485+00:00,True,False
31cbbf1e851d,outputs/figures/bridgeport/vlm_crops/bridgeport-connecticut-afe7c678fa5dfc85-vlm-packet-0015_context.png,bridgeport-connecticut-afe7c678fa5dfc85-vlm-packet-0015_context.png,.png,figure,outputs_figures,Bridgeport,46055,2083747d3b1a35ee65ed605305ee56c727e7125c0a8f6fdd1ac2a00ab0dbe174,2026-10-01T17:26:59.914613+00:00,True,False
10217184211d,outputs/figures/bridgeport/vlm_crops/step_02_6_page_110_focus.png,step_02_6_page_110_focus.png,.png,figure,outputs_figures,Bridgeport,158438,636b44c54f84db34fd2f1005f144a48efbc08fb5831e4f2a8c25126f1495a6de,2026-10-01T18:19:43.179909+00:00,True,False
954201df5b47,outputs/figures/bridgeport/vlm_crops/bridgeport-connecticut-afe7c678fa5dfc85-vlm-packet-0022_focus.png,bridgeport-connecticut-afe7c678fa5dfc85-vlm-packet-0022_focus.png,.png,figure,outputs_figures,Bridgeport,1121699,82e41a0d80d47cfc1012b14528a5a0d4278cb054baedd1c0f2453c13ec777f26,2026-10-01T17:27:09.909168+00:00,True,False
b91975a56c74,outputs/figures/bridgeport/vlm_crops/bridgeport-connecticut-afe7c678fa5dfc85-vlm-packet-0022_context.png,bridgeport-connecticut-afe7c678fa5dfc85-vlm-packet-0022_context.png,.png,figure,outputs_figures,Bridgeport,314319,1a1fdcd03342df6ae7882c3a0cb227666648d689c6ccacfaeccbbe6ab3d2db41,2026-10-01T17:27:09.033004+00:00,True,False
7096ebe05ca4,outputs/figures/bridgeport/vlm_crops/step_02_6_page_062_context.png,step_02_6_page_062_context.png,.png,figure,outputs_figures,Bridgeport,25841,9739656ac69bed155422179b58af9e29ff10430d7294add8ff52241ea10e3682,2026-10-01T18:19:25.159013+00:00,True,False
8855efe1317d,outputs/figures/bridgeport/vlm_crops/step_02_6_page_094_focus.png,step_02_6_page_094_focus.png,.png,figure,outputs_figures,Bridgeport,159866,a13bbb981e662dc97fb602798738684a60123ab0faaa239bfded99391c86cb90,2026-10-01T18:19:34.481082+00:00,True,False
51718f7e25bc,outputs/figures/bridgeport/vlm_crops/bridgeport-connecticut-afe7c678fa5dfc85-vlm-packet-0008_focus.png,bridgeport-connecticut-afe7c678fa5dfc85-vlm-packet-0008_focus.png,.png,figure,outputs_figures,Bridgeport,78157,eab92589e69c3d6dd9a453320b4d4e769a3a2edaeb54e633374d6f762def2b9f,2026-10-01T17:26:52.718264+00:00,True,False
34a02073d1f6,outputs/figures/bridgeport/vlm_crops/bridgeport-connecticut-afe7c678fa5dfc85-vlm-packet-0010_context.png,bridgeport-connecticut-afe7c678fa5dfc85-vlm-packet-0010_context.png,.png,figure,outputs_figures,Bridgeport,81056,af6fcb622fa0fb7146f45c42d511a6856c55d47d5a7ef57c3c55d0caa3df30c0,2026-10-01T17:26:54.097424+00:00,True,False
7f3666517767,outputs/figures/bridgeport/vlm_crops/step_02_6_page_109_context.png,step_02_6_page_109_context.png,.png,figure,outputs_figures,Bridgeport,36321,945cd9c6f743a3e4b6bf5e2865ee798c3688acf0f8ed33144bc94519c4d07cc8,2026-10-01T18:20:18.910771+00:00,True,False
1552b6f70282,outputs/figures/bridgeport/vlm_crops/step_02_6_page_102_focus.png,step_02_6_page_102_focus.png,.png,figure,outputs_figures,Bridgeport,146574,4c762df75c164d70c486ce4682734f5131854ddd36f02227732c85efefd6e077,2026-10-01T18:19:38.471725+00:00,True,False
ce23fa584edf,outputs/figures/bridgeport/vlm_crops/bridgeport-connecticut-afe7c678fa5dfc85-vlm-packet-0024_focus.png,bridgeport-connecticut-afe7c678fa5dfc85-vlm-packet-0024_focus.png,.png,figure,outputs_figures,Bridgeport,1125441,67ee7044cde8b8c506f55adb691c68f40e40c3e1f5b9eda5204f4125913d841d,2026-10-01T17:27:12.185066+00:00,True,False
d9bd3d318313,outputs/figures/bridgeport/vlm_crops/step_02_6_page_045_context.png,step_02_6_page_045_context.png,.png,figure,outputs_figures,Bridgeport,28993,c8dd69a95d452a817d0af80da1c5c45b28b4771d828de0c7fd0c4f2498dd3933,2026-10-01T18:19:58.771064+00:00,True,False
b38b88df20c8,outputs/figures/bridgeport/vlm_crops/bridgeport-connecticut-afe7c678fa5dfc85-vlm-packet-0005_context.png,bridgeport-connecticut-afe7c678fa5dfc85-vlm-packet-0005_context.png,.png,figure,outputs_figures,Bridgeport,62048,fb7dd53a61fc36fb3e870adb19e942b25d5da835bdb7e654a06fbf5ff535ae6b,2026-10-01T17:26:43.918072+00:00,True,False
dfcadf45eec8,outputs/figures/bridgeport/vlm_crops/step_02_6_page_029_context.png,step_02_6_page_029_context.png,.png,figure,outputs_figures,Bridgeport,32789,fa4c8a990ea9e28ac117cb20cf46635f7d289544436807148dbcaad0d07461c8,2026-10-01T18:19:53.946971+00:00,True,False
bf84e3dc4343,outputs/figures/bridgeport/vlm_crops/bridgeport-connecticut-afe7c678fa5dfc85-vlm-packet-0019_context.png,bridgeport-connecticut-afe7c678fa5dfc85-vlm-packet-0019_context.png,.png,figure,outputs_figures,Bridgeport,76568,ab62d1f260f209e419d6cbdbc68af1a91f7aedb6b59f7866fe75f5315bf015f8,2026-10-01T17:27:04.660217+00:00,True,False
5377b2ebfd26,outputs/figures/bridgeport/vlm_crops/bridgeport-connecticut-afe7c678fa5dfc85-vlm-packet-0005_focus.png,bridgeport-connecticut-afe7c678fa5dfc85-vlm-packet-0005_focus.png,.png,figure,outputs_figures,Bridgeport,130315,2ec6e5e41eecf3208b967552891676be67f767f08a098a25674fce7e3cc52e64,2026-10-01T17:26:44.150712+00:00,True,False
68ec51971222,outputs/figures/bridgeport/vlm_crops/bridgeport-connecticut-afe7c678fa5dfc85-vlm-packet-0011_focus.png,bridgeport-connecticut-afe7c678fa5dfc85-vlm-packet-0011_focus.png,.png,figure,outputs_figures,Bridgeport,229702,66c2ab57502c8fceb1a029550043cbf66936e9c8304d00b3b5dbdd4646980187,2026-10-01T17:26:55.772526+00:00,True,False
941b69046bc6,outputs/figures/bridgeport/vlm_crops/step_02_6_page_077_context.png,step_02_6_page_077_context.png,.png,figure,outputs_figures,Bridgeport,27414,f6b9a79e13a68277778e0cb6f886cf07ab96124c459533c9e4a035fc013266fd,2026-10-01T18:20:07.504917+00:00,True,False
e185d9406b83,outputs/figures/bridgeport/evidence_cards_vlm/card_page_094.png,card_page_094.png,.png,figure,outputs_figures,Bridgeport,116304,631725d167cba2558d4e3ae2824de2c998b198d258b7d383e727d9728f37fdcc,2026-10-01T17:27:13.303957+00:00,True,False
ae145b3a5cd7,outputs/figures/bridgeport/evidence_cards_vlm/card_page_019.png,card_page_019.png,.png,figure,outputs_figures,Bridgeport,693525,0d0a78d129a4031eb93f85330d21d2d4c446834f5cae2b84117825971e15e25d,2026-10-01T17:27:13.606808+00:00,True,False
ddf5dc883847,outputs/figures/bridgeport/evidence_cards_vlm/card_page_027.png,card_page_027.png,.png,figure,outputs_figures,Bridgeport,585241,b044c8ebe032e87021e2f7d0783a2e2b5f282b3f2ee25a5e744a1b7260e64057,2026-10-01T17:27:13.780099+00:00,True,False
c63e58140619,outputs/figures/bridgeport/evidence_cards_vlm/card_page_022.png,card_page_022.png,.png,figure,outputs_figures,Bridgeport,165389,7712a74827043b5c4fb9ce3fb43143a449e56bab981f4c9bc235b16e92c2f3b1,2026-10-01T17:27:13.157823+00:00,True,False
43729239cd61,outputs/figures/bridgeport/evidence_cards_vlm/card_page_037.png,card_page_037.png,.png,figure,outputs_figures,Bridgeport,77132,11ad3d3b5f82a08fc856010e2956c858010cea03386fedb0c48791ec042d6fe3,2026-10-01T17:27:14.081633+00:00,True,False
bf04055b371c,outputs/figures/bridgeport/evidence_cards_vlm/card_page_023.png,card_page_023.png,.png,figure,outputs_figures,Bridgeport,226355,45dd2732c9e4c51cd7f47f72527b81703dceb531fd3c08665f769c7530c50f3b,2026-10-01T17:27:14.978904+00:00,True,False
2d1cc4d36403,outputs/figures/bridgeport/evidence_cards_vlm/card_page_035.png,card_page_035.png,.png,figure,outputs_figures,Bridgeport,636585,2c12cfda29998ed33dd1cc5403ced06bdefacd47331277694a3e0f9b280b0b1a,2026-10-01T17:27:13.950642+00:00,True,False
e9fac2fd0d4d,outputs/figures/bridgeport/evidence_cards_vlm/card_page_012.png,card_page_012.png,.png,figure,outputs_figures,Bridgeport,216250,12faa75c5a60da8c2c6f592708479fab324e92670f95d38785c2f58addebb660,2026-10-01T17:27:13.441258+00:00,True,False
49f8169ca796,outputs/figures/bridgeport/evidence_cards_vlm/card_page_289.png,card_page_289.png,.png,figure,outputs_figures,Bridgeport,305435,5a1658787d6c9cdbe99ce02f18b116ea303f717eec64d46f650c9b06f9c2bc82,2026-10-01T17:27:14.483348+00:00,True,False
fb481074b3c5,outputs/figures/bridgeport/evidence_cards_vlm/card_page_117.png,card_page_117.png,.png,figure,outputs_figures,Bridgeport,219991,dd71649dac6b3e45f4e73358bd4dfea39e88ff45a069af27d55f8b0fdad55e6a,2026-10-01T17:27:14.790765+00:00,True,False
7b1d155a9585,outputs/figures/bridgeport/evidence_cards_visual_tables/card_page_046.png,card_page_046.png,.png,figure,outputs_figures,Bridgeport,230889,260482d64b33ce80f3c7f9f15aa203b6d3c51a2d5c621b777f6ef16c1ba2abe4,2026-10-01T18:20:28.314958+00:00,True,False
91e6313596f7,outputs/figures/bridgeport/evidence_cards_visual_tables/card_page_054.png,card_page_054.png,.png,figure,outputs_figures,Bridgeport,135406,aec3386a8bdc2ab7c16e0329355177ecf049a6e23c031bfb1f910d13da2142ce,2026-10-01T18:20:29.124293+00:00,True,False
28f2a18d18aa,outputs/figures/bridgeport/evidence_cards_visual_tables/card_page_030.png,card_page_030.png,.png,figure,outputs_figures,Bridgeport,174100,ef6a744cdbf7b91ae54cf4680d070b9080a63bbcf5e29a27904c9eea880b0622,2026-10-01T18:20:26.764258+00:00,True,False
906be30b4da0,outputs/figures/bridgeport/evidence_cards_visual_tables/card_page_022.png,card_page_022.png,.png,figure,outputs_figures,Bridgeport,207809,5a44f1f70aa8434493a25199ecf38461aa84c886079323e1456f8efc7a9e086d,2026-10-01T18:20:25.914186+00:00,True,False
0558bb2b3562,outputs/figures/bridgeport/evidence_cards_visual_tables/card_page_038.png,card_page_038.png,.png,figure,outputs_figures,Bridgeport,151815,1c3801d0c4d1b778feb0e0b0a9bf4e0f77fa6abd9a6e6056af98cb960a19e2bc,2026-10-01T18:20:27.519351+00:00,True,False
af31518d6771,outputs/figures/bridgeport/evidence_cards_visual_tables/card_page_062.png,card_page_062.png,.png,figure,outputs_figures,Bridgeport,164051,cfe70afc378e5622ee1ff905ec645a322d5426221e99d6aad9c01b5f768cf8b8,2026-10-01T18:20:29.908572+00:00,True,False
80ab65bf4be0,outputs/figures/bridgeport/notebook05_stage0/step_02_evidence_card_bridgeport-rule-candidate-00057.png,step_02_evidence_card_bridgeport-rule-candidate-00057.png,.png,figure,outputs_figures,Bridgeport,278984,31919621232785cf233c47c87c0366c6adfbf77663dbec84e178e6250bc090f1,2026-10-01T16:59:51.437676+00:00,True,True
25982388dafa,outputs/figures/bridgeport/notebook05_stage0/step_02_evidence_card_bridgeport-rule-candidate-00509.png,step_02_evidence_card_bridgeport-rule-candidate-00509.png,.png,figure,outputs_figures,Bridgeport,362776,aeeb4ac3e38d1cd208fb1559da4228cc483a9c3fe1e6ccd5b23db40003c4749e,2026-10-01T16:59:53.282411+00:00,True,True
1cc9e7ed8fb6,outputs/figures/bridgeport/notebook05_stage0/step_02_evidence_card_bridgeport-rule-candidate-00508.png,step_02_evidence_card_bridgeport-rule-candidate-00508.png,.png,figure,outputs_figures,Bridgeport,408769,f89df33b9942c57f481ce26a182523e96800fa328566b2fb3aff3fca3233d22f,2026-10-01T16:59:52.775830+00:00,True,True
947bbe95e8e6,outputs/figures/bridgeport/notebook05_stage0/step_00_conflict_reclassification_chart.png,step_00_conflict_reclassification_chart.png,.png,figure,outputs_figures,Bridgeport,63518,5d841a9a3604c5f5dc3da15575f0631b08530576caa24bab3bfbf8296c3c732d,2026-10-01T16:59:45.138725+00:00,True,False
04ffef2d702b,outputs/figures/bridgeport/notebook05_stage0/step_00_gis_unmatched_classification.png,step_00_gis_unmatched_classification.png,.png,figure,outputs_figures,Bridgeport,57925,3337403f4a25de4999b4aeffe850fa2fb19b47270a1facfad5cfb24e9604350c,2026-10-01T16:59:47.684232+00:00,True,False
73ba6e2d70bc,outputs/figures/bridgeport/notebook05_stage0/step_00_scenario_model.png,step_00_scenario_model.png,.png,figure,outputs_figures,Bridgeport,393285,6b13a76cce84851fa875ad9b5bab5767e9faa3f1be25f70e3ea3214c7f43da5d,2026-10-01T16:59:47.535034+00:00,True,False
92c2a9c2c310,outputs/figures/bridgeport/notebook05_stage0/step_00_example_frontage_or_site_variant.png,step_00_example_frontage_or_site_variant.png,.png,figure,outputs_figures,Bridgeport,287590,ff03c99a5eb4481b1f7779604b20465553c264b4c16547fd539e1d310c5e7b87,2026-10-01T16:59:46.451764+00:00,True,False
b0e3d773c8f4,outputs/figures/bridgeport/notebook05_stage0/step_00_example_table_or_diagram_uncertainty.png,step_00_example_table_or_diagram_uncertainty.png,.png,figure,outputs_figures,Bridgeport,278984,31919621232785cf233c47c87c0366c6adfbf77663dbec84e178e6250bc090f1,2026-10-01T16:59:47.029137+00:00,True,True
fc18fcd8db62,outputs/figures/bridgeport/notebook05_stage0/step_02_evidence_card_bridgeport-rule-candidate-00510.png,step_02_evidence_card_bridgeport-rule-candidate-00510.png,.png,figure,outputs_figures,Bridgeport,362776,aeeb4ac3e38d1cd208fb1559da4228cc483a9c3fe1e6ccd5b23db40003c4749e,2026-10-01T16:59:53.726245+00:00,True,True
567db26aad69,outputs/figures/bridgeport/notebook05_stage0/step_02_evidence_card_bridgeport-rule-candidate-00507.png,step_02_evidence_card_bridgeport-rule-candidate-00507.png,.png,figure,outputs_figures,Bridgeport,408769,f89df33b9942c57f481ce26a182523e96800fa328566b2fb3aff3fca3233d22f,2026-10-01T16:59:52.337889+00:00,True,True
d38537da13e5,outputs/figures/bridgeport/notebook05_stage0/step_00_example_building_form_variant.png,step_00_example_building_form_variant.png,.png,figure,outputs_figures,Bridgeport,1032496,9a0d80758c2b170cbc3a193e4adb027471dafdcd6c06e535866affc9431fdca3,2026-10-01T16:59:45.664857+00:00,True,False
41fdf3270808,outputs/figures/bridgeport/notebook05_stage0/step_02_evidence_card_bridgeport-rule-candidate-00059.png,step_02_evidence_card_bridgeport-rule-candidate-00059.png,.png,figure,outputs_figures,Bridgeport,278984,31919621232785cf233c47c87c0366c6adfbf77663dbec84e178e6250bc090f1,2026-10-01T16:59:51.881587+00:00,True,True
